partition,group,resource_type,resource_id,task,start,release,next_task,handoff_slack_seconds,physical_id,inventory_status
P12345_6,G1,A_aircraft,G1-A_aircraft-01,T005,0.0,1312.470877312685,T014_1,2456.60332265658,U01,existing
P12345_6,G1,A_aircraft,G1-A_aircraft-01,T014_1,3769.074199969265,5464.83230463773,T016,5.000099999999293,U01,existing
P12345_6,G1,A_aircraft,G1-A_aircraft-01,T016,5469.832404637729,7165.590509306194,,,U01,existing
P12345_6,G1,A_aircraft,G1-A_aircraft-02,T007_HARD,0.0,1712.4416357195464,T007,1954.6325642497204,U02,existing
P12345_6,G1,A_aircraft,G1-A_aircraft-02,T007,3667.074199969267,6275.115097078189,,,U02,existing
P12345_6,G1,A_aircraft,G1-A_aircraft-03,T007_SOFT,0.0,1712.4416357195464,T004,291.6700045683433,U03,existing
P12345_6,G1,A_aircraft,G1-A_aircraft-03,T004,2004.1116402878897,4285.571599124281,T022,5.000100000000202,U03,existing
P12345_6,G1,A_aircraft,G1-A_aircraft-03,T022,4290.571699124282,5982.106185363231,,,U03,existing
P12345_6,G1,A_aircraft,G1-A_aircraft-04,T009,0.0,1316.0142144169886,T020,2371.059985552276,U04,existing
P12345_6,G1,A_aircraft,G1-A_aircraft-04,T020,3687.0741999692646,5657.284046946083,,,U04,existing
P12345_6,G1,B_aircraft,G1-B_aircraft-01,T002_2,0.0,1500.9693925601796,T008,5.000099999999975,U05,existing
P12345_6,G1,B_aircraft,G1-B_aircraft-01,T008,1505.9694925601796,3350.508382715747,T013,5.0000999999997475,U05,existing
P12345_6,G1,B_aircraft,G1-B_aircraft-01,T013,3355.5084827157466,5313.549754202741,T019_1,59.153126692053775,U05,existing
P12345_6,G1,B_aircraft,G1-B_aircraft-01,T019_1,5372.702880894794,6891.727225306649,,,U05,existing
P12345_6,G1,B_aircraft,G1-B_aircraft-02,T015,0.0,1554.5713591276817,T011,5.000100000000202,U06,existing
P12345_6,G1,B_aircraft,G1-B_aircraft-02,T011,1559.571459127682,3503.5959031496714,T021,1809.9539510530703,U06,existing
P12345_6,G1,B_aircraft,G1-B_aircraft-02,T021,5313.549854202742,7211.591125689736,,,U06,existing
P12345_6,G1,C_aircraft,G1-C_aircraft-01,T001,0.0,1561.4261775174655,T012,392.685462770424,U07,existing
P12345_6,G1,C_aircraft,G1-C_aircraft-01,T012,1954.1116402878895,4069.193281566342,T018,5.000100000000202,U07,existing
P12345_6,G1,C_aircraft,G1-C_aircraft-01,T018,4074.1933815663424,6761.824258936959,,,U07,existing
P12345_6,G1,C_aircraft,G1-C_aircraft-02,T010_2,0.0,1433.035082877992,T003,5.000099999999975,U08,existing
P12345_6,G1,C_aircraft,G1-C_aircraft-02,T003,1438.035182877992,2867.4613603954576,T014_2,287.63159336749413,U08,existing
P12345_6,G1,C_aircraft,G1-C_aircraft-02,T014_2,3155.0929537629518,5460.277018730793,,,U08,existing
P12345_6,G1,A_batteries,G1-A_batteries-01,T005,0.0,2178.7887122874713,T020,1508.2854876817933,A01,existing
P12345_6,G1,A_batteries,G1-A_batteries-01,T020,3687.0741999692646,6897.284697633159,,,A01,existing
P12345_6,G1,A_batteries,G1-A_batteries-02,T007_HARD,0.0,2761.062337358848,T016,2708.7700672788815,A02,existing
P12345_6,G1,A_batteries,G1-A_batteries-02,T016,5469.832404637729,8301.566821462397,,,A02,existing
P12345_6,G1,A_batteries,G1-A_batteries-03,T007_SOFT,0.0,2779.9496716386757,T022,1510.622027485606,A03,existing
P12345_6,G1,A_batteries,G1-A_batteries-03,T022,4290.571699124282,7157.600692042686,,,A03,existing
P12345_6,G1,A_batteries,G1-A_batteries-04,T009,0.0,2207.8690163260853,T014_1,1561.2051836431797,A04,existing
P12345_6,G1,A_batteries,G1-A_batteries-04,T014_1,3769.074199969265,6580.0266291174285,,,A04,existing
P12345_6,G1,A_batteries,G1-A_batteries-05,T004,2004.1116402878897,5653.515220902664,,,A05,existing
P12345_6,G1,A_batteries,G1-A_batteries-06,T007,3667.074199969267,7728.37856016178,,,A06,existing
P12345_6,G1,B_batteries,G1-B_batteries-01,T002_2,0.0,2956.647180248775,T013,398.86130246697167,B01,existing
P12345_6,G1,B_batteries,G1-B_batteries-01,T013,3355.5084827157466,7272.795381688331,,,B01,existing
P12345_6,G1,B_batteries,G1-B_batteries-02,T015,0.0,3010.3575010505742,T021,2303.1923531521675,B02,existing
P12345_6,G1,B_batteries,G1-B_batteries-02,T021,5313.549854202742,9078.773277607346,,,B02,existing
P12345_6,G1,B_batteries,G1-B_batteries-03,T008,1505.9694925601796,4939.170345795129,T019_1,433.53253509966544,B03,existing
P12345_6,G1,B_batteries,G1-B_batteries-03,T019_1,5372.702880894794,8356.40930924514,,,B03,existing
P12345_6,G1,B_batteries,G1-B_batteries-04,T011,1559.571459127682,5367.702780894794,,,B04,existing
P12345_6,G1,C_batteries,G1-C_batteries-01,T001,0.0,3150.0928537629516,T018,924.1005278033908,C01,existing
P12345_6,G1,C_batteries,G1-C_batteries-01,T018,4074.1933815663424,9324.985226007513,,,C01,existing
P12345_6,G1,C_batteries,G1-C_batteries-02,T010_2,0.0,2880.8082760764496,T014_2,274.28467768650216,C02,existing
P12345_6,G1,C_batteries,G1-C_batteries-02,T014_2,3155.0929537629518,7966.52367812528,,,C02,existing
P12345_6,G1,C_batteries,G1-C_batteries-03,T003,1438.035182877992,4385.641813543676,,,C03,existing
P12345_6,G1,C_batteries,G1-C_batteries-04,T012,1954.1116402878895,6561.858999018011,,,C04,existing
P12345_6,G1,relay_aircraft,G1-relay_aircraft-01,R004,96.18236555369045,3902.2114189986755,R002,5.000099999998838,R01,existing
P12345_6,G1,relay_aircraft,G1-relay_aircraft-01,R002,3907.2115189986744,7516.130043494062,,,R01,existing
P12345_6,G1,relay_aircraft,G1-relay_aircraft-02,R001,190.137319029409,1999.297638856333,R003,5.000100052633343,R02,existing
P12345_6,G1,relay_aircraft,G1-relay_aircraft-02,R003,2004.2977389089663,7744.455885352581,,,R02,existing
P12345_6,G1,relay_components,G1-relay_components-01,R004,96.18236555369045,4498.791383917484,,,RE01,existing
P12345_6,G1,relay_components,G1-relay_components-02,R001,190.137319029409,2344.3073253046314,R002,1562.904193694043,RE02,existing
P12345_6,G1,relay_components,G1-relay_components-02,R002,3907.2115189986744,8084.5472154177,,,RE02,existing
P12345_6,G1,relay_components,G1-relay_components-03,R003,2004.2977389089663,8588.743789022035,,,RE03,existing
P12345_6,G2,B_aircraft,G2-B_aircraft-01,T006,3508.596003149672,4698.226288886111,,,NEW-B_aircraft-01,procurement_required
P12345_6,G2,B_batteries,G2-B_batteries-01,T006,3508.596003149672,5831.667165848992,,,NEW-B_batteries-01,procurement_required
P12346_5,G1,A_aircraft,G1-A_aircraft-01,T005,0.0,1312.470877312685,T014_1,2456.60332265658,U01,existing
P12346_5,G1,A_aircraft,G1-A_aircraft-01,T014_1,3769.074199969265,5464.83230463773,T016,5.000099999999293,U01,existing
P12346_5,G1,A_aircraft,G1-A_aircraft-01,T016,5469.832404637729,7165.590509306194,,,U01,existing
P12346_5,G1,A_aircraft,G1-A_aircraft-02,T007_HARD,0.0,1712.4416357195464,T007,1954.6325642497204,U02,existing
P12346_5,G1,A_aircraft,G1-A_aircraft-02,T007,3667.074199969267,6275.115097078189,,,U02,existing
P12346_5,G1,A_aircraft,G1-A_aircraft-03,T007_SOFT,0.0,1712.4416357195464,T004,291.6700045683433,U03,existing
P12346_5,G1,A_aircraft,G1-A_aircraft-03,T004,2004.1116402878897,4285.571599124281,T022,5.000100000000202,U03,existing
P12346_5,G1,A_aircraft,G1-A_aircraft-03,T022,4290.571699124282,5982.106185363231,,,U03,existing
P12346_5,G1,A_aircraft,G1-A_aircraft-04,T009,0.0,1316.0142144169886,T020,2371.059985552276,U04,existing
P12346_5,G1,A_aircraft,G1-A_aircraft-04,T020,3687.0741999692646,5657.284046946083,,,U04,existing
P12346_5,G1,B_aircraft,G1-B_aircraft-01,T013,3355.5084827157466,5313.549754202741,T019_1,59.153126692053775,U05,existing
P12346_5,G1,B_aircraft,G1-B_aircraft-01,T019_1,5372.702880894794,6891.727225306649,,,U05,existing
P12346_5,G1,B_aircraft,G1-B_aircraft-02,T006,3508.596003149672,4698.226288886111,T021,615.3235653166303,U06,existing
P12346_5,G1,B_aircraft,G1-B_aircraft-02,T021,5313.549854202742,7211.591125689736,,,U06,existing
P12346_5,G1,C_aircraft,G1-C_aircraft-01,T001,0.0,1561.4261775174655,T012,392.685462770424,U07,existing
P12346_5,G1,C_aircraft,G1-C_aircraft-01,T012,1954.1116402878895,4069.193281566342,T018,5.000100000000202,U07,existing
P12346_5,G1,C_aircraft,G1-C_aircraft-01,T018,4074.1933815663424,6761.824258936959,,,U07,existing
P12346_5,G1,C_aircraft,G1-C_aircraft-02,T010_2,0.0,1433.035082877992,T003,5.000099999999975,U08,existing
P12346_5,G1,C_aircraft,G1-C_aircraft-02,T003,1438.035182877992,2867.4613603954576,T014_2,287.63159336749413,U08,existing
P12346_5,G1,C_aircraft,G1-C_aircraft-02,T014_2,3155.0929537629518,5460.277018730793,,,U08,existing
P12346_5,G1,A_batteries,G1-A_batteries-01,T005,0.0,2178.7887122874713,T020,1508.2854876817933,A01,existing
P12346_5,G1,A_batteries,G1-A_batteries-01,T020,3687.0741999692646,6897.284697633159,,,A01,existing
P12346_5,G1,A_batteries,G1-A_batteries-02,T007_HARD,0.0,2761.062337358848,T016,2708.7700672788815,A02,existing
P12346_5,G1,A_batteries,G1-A_batteries-02,T016,5469.832404637729,8301.566821462397,,,A02,existing
P12346_5,G1,A_batteries,G1-A_batteries-03,T007_SOFT,0.0,2779.9496716386757,T022,1510.622027485606,A03,existing
P12346_5,G1,A_batteries,G1-A_batteries-03,T022,4290.571699124282,7157.600692042686,,,A03,existing
P12346_5,G1,A_batteries,G1-A_batteries-04,T009,0.0,2207.8690163260853,T014_1,1561.2051836431797,A04,existing
P12346_5,G1,A_batteries,G1-A_batteries-04,T014_1,3769.074199969265,6580.0266291174285,,,A04,existing
P12346_5,G1,A_batteries,G1-A_batteries-05,T004,2004.1116402878897,5653.515220902664,,,A05,existing
P12346_5,G1,A_batteries,G1-A_batteries-06,T007,3667.074199969267,7728.37856016178,,,A06,existing
P12346_5,G1,B_batteries,G1-B_batteries-01,T013,3355.5084827157466,7272.795381688331,,,B01,existing
P12346_5,G1,B_batteries,G1-B_batteries-02,T006,3508.596003149672,5831.667165848992,,,B02,existing
P12346_5,G1,B_batteries,G1-B_batteries-03,T021,5313.549854202742,9078.773277607346,,,B03,existing
P12346_5,G1,B_batteries,G1-B_batteries-04,T019_1,5372.702880894794,8356.40930924514,,,B04,existing
P12346_5,G1,C_batteries,G1-C_batteries-01,T001,0.0,3150.0928537629516,T018,924.1005278033908,C01,existing
P12346_5,G1,C_batteries,G1-C_batteries-01,T018,4074.1933815663424,9324.985226007513,,,C01,existing
P12346_5,G1,C_batteries,G1-C_batteries-02,T010_2,0.0,2880.8082760764496,T014_2,274.28467768650216,C02,existing
P12346_5,G1,C_batteries,G1-C_batteries-02,T014_2,3155.0929537629518,7966.52367812528,,,C02,existing
P12346_5,G1,C_batteries,G1-C_batteries-03,T003,1438.035182877992,4385.641813543676,,,C03,existing
P12346_5,G1,C_batteries,G1-C_batteries-04,T012,1954.1116402878895,6561.858999018011,,,C04,existing
P12346_5,G1,relay_aircraft,G1-relay_aircraft-01,R001,190.137319029409,1999.297638856333,R002,1907.9138801423414,R01,existing
P12346_5,G1,relay_aircraft,G1-relay_aircraft-01,R002,3907.2115189986744,7516.130043494062,,,R01,existing
P12346_5,G1,relay_aircraft,G1-relay_aircraft-02,R003,2004.2977389089663,7744.455885352581,,,R02,existing
P12346_5,G1,relay_components,G1-relay_components-01,R001,190.137319029409,2344.3073253046314,R002,1562.904193694043,RE01,existing
P12346_5,G1,relay_components,G1-relay_components-01,R002,3907.2115189986744,8084.5472154177,,,RE01,existing
P12346_5,G1,relay_components,G1-relay_components-02,R003,2004.2977389089663,8588.743789022035,,,RE02,existing
P12346_5,G2,B_aircraft,G2-B_aircraft-01,T002_2,0.0,1500.9693925601796,T008,5.000099999999975,NEW-B_aircraft-01,procurement_required
P12346_5,G2,B_aircraft,G2-B_aircraft-01,T008,1505.9694925601796,3350.508382715747,,,NEW-B_aircraft-01,procurement_required
P12346_5,G2,B_aircraft,G2-B_aircraft-02,T015,0.0,1554.5713591276817,T011,5.000100000000202,NEW-B_aircraft-02,procurement_required
P12346_5,G2,B_aircraft,G2-B_aircraft-02,T011,1559.571459127682,3503.5959031496714,,,NEW-B_aircraft-02,procurement_required
P12346_5,G2,B_batteries,G2-B_batteries-01,T002_2,0.0,2956.647180248775,,,NEW-B_batteries-01,procurement_required
P12346_5,G2,B_batteries,G2-B_batteries-02,T015,0.0,3010.3575010505742,,,NEW-B_batteries-02,procurement_required
P12346_5,G2,B_batteries,G2-B_batteries-03,T008,1505.9694925601796,4939.170345795129,,,NEW-B_batteries-03,procurement_required
P12346_5,G2,B_batteries,G2-B_batteries-04,T011,1559.571459127682,5367.702780894794,,,NEW-B_batteries-04,procurement_required
P12346_5,G2,relay_aircraft,G2-relay_aircraft-01,R004,96.18236555369045,3902.2114189986755,,,NEW-relay_aircraft-01,procurement_required
P12346_5,G2,relay_components,G2-relay_components-01,R004,96.18236555369045,4498.791383917484,,,RE03,existing
P1234_56,G1,A_aircraft,G1-A_aircraft-01,T005,0.0,1312.470877312685,T014_1,2456.60332265658,U01,existing
P1234_56,G1,A_aircraft,G1-A_aircraft-01,T014_1,3769.074199969265,5464.83230463773,T016,5.000099999999293,U01,existing
P1234_56,G1,A_aircraft,G1-A_aircraft-01,T016,5469.832404637729,7165.590509306194,,,U01,existing
P1234_56,G1,A_aircraft,G1-A_aircraft-02,T007_HARD,0.0,1712.4416357195464,T007,1954.6325642497204,U02,existing
P1234_56,G1,A_aircraft,G1-A_aircraft-02,T007,3667.074199969267,6275.115097078189,,,U02,existing
P1234_56,G1,A_aircraft,G1-A_aircraft-03,T007_SOFT,0.0,1712.4416357195464,T004,291.6700045683433,U03,existing
P1234_56,G1,A_aircraft,G1-A_aircraft-03,T004,2004.1116402878897,4285.571599124281,T022,5.000100000000202,U03,existing
P1234_56,G1,A_aircraft,G1-A_aircraft-03,T022,4290.571699124282,5982.106185363231,,,U03,existing
P1234_56,G1,A_aircraft,G1-A_aircraft-04,T009,0.0,1316.0142144169886,T020,2371.059985552276,U04,existing
P1234_56,G1,A_aircraft,G1-A_aircraft-04,T020,3687.0741999692646,5657.284046946083,,,U04,existing
P1234_56,G1,B_aircraft,G1-B_aircraft-01,T013,3355.5084827157466,5313.549754202741,T019_1,59.153126692053775,U05,existing
P1234_56,G1,B_aircraft,G1-B_aircraft-01,T019_1,5372.702880894794,6891.727225306649,,,U05,existing
P1234_56,G1,B_aircraft,G1-B_aircraft-02,T021,5313.549854202742,7211.591125689736,,,U06,existing
P1234_56,G1,C_aircraft,G1-C_aircraft-01,T001,0.0,1561.4261775174655,T012,392.685462770424,U07,existing
P1234_56,G1,C_aircraft,G1-C_aircraft-01,T012,1954.1116402878895,4069.193281566342,T018,5.000100000000202,U07,existing
P1234_56,G1,C_aircraft,G1-C_aircraft-01,T018,4074.1933815663424,6761.824258936959,,,U07,existing
P1234_56,G1,C_aircraft,G1-C_aircraft-02,T010_2,0.0,1433.035082877992,T003,5.000099999999975,U08,existing
P1234_56,G1,C_aircraft,G1-C_aircraft-02,T003,1438.035182877992,2867.4613603954576,T014_2,287.63159336749413,U08,existing
P1234_56,G1,C_aircraft,G1-C_aircraft-02,T014_2,3155.0929537629518,5460.277018730793,,,U08,existing
P1234_56,G1,A_batteries,G1-A_batteries-01,T005,0.0,2178.7887122874713,T020,1508.2854876817933,A01,existing
P1234_56,G1,A_batteries,G1-A_batteries-01,T020,3687.0741999692646,6897.284697633159,,,A01,existing
P1234_56,G1,A_batteries,G1-A_batteries-02,T007_HARD,0.0,2761.062337358848,T016,2708.7700672788815,A02,existing
P1234_56,G1,A_batteries,G1-A_batteries-02,T016,5469.832404637729,8301.566821462397,,,A02,existing
P1234_56,G1,A_batteries,G1-A_batteries-03,T007_SOFT,0.0,2779.9496716386757,T022,1510.622027485606,A03,existing
P1234_56,G1,A_batteries,G1-A_batteries-03,T022,4290.571699124282,7157.600692042686,,,A03,existing
P1234_56,G1,A_batteries,G1-A_batteries-04,T009,0.0,2207.8690163260853,T014_1,1561.2051836431797,A04,existing
P1234_56,G1,A_batteries,G1-A_batteries-04,T014_1,3769.074199969265,6580.0266291174285,,,A04,existing
P1234_56,G1,A_batteries,G1-A_batteries-05,T004,2004.1116402878897,5653.515220902664,,,A05,existing
P1234_56,G1,A_batteries,G1-A_batteries-06,T007,3667.074199969267,7728.37856016178,,,A06,existing
P1234_56,G1,B_batteries,G1-B_batteries-01,T013,3355.5084827157466,7272.795381688331,,,B01,existing
P1234_56,G1,B_batteries,G1-B_batteries-02,T021,5313.549854202742,9078.773277607346,,,B02,existing
P1234_56,G1,B_batteries,G1-B_batteries-03,T019_1,5372.702880894794,8356.40930924514,,,B03,existing
P1234_56,G1,C_batteries,G1-C_batteries-01,T001,0.0,3150.0928537629516,T018,924.1005278033908,C01,existing
P1234_56,G1,C_batteries,G1-C_batteries-01,T018,4074.1933815663424,9324.985226007513,,,C01,existing
P1234_56,G1,C_batteries,G1-C_batteries-02,T010_2,0.0,2880.8082760764496,T014_2,274.28467768650216,C02,existing
P1234_56,G1,C_batteries,G1-C_batteries-02,T014_2,3155.0929537629518,7966.52367812528,,,C02,existing
P1234_56,G1,C_batteries,G1-C_batteries-03,T003,1438.035182877992,4385.641813543676,,,C03,existing
P1234_56,G1,C_batteries,G1-C_batteries-04,T012,1954.1116402878895,6561.858999018011,,,C04,existing
P1234_56,G1,relay_aircraft,G1-relay_aircraft-01,R001,190.137319029409,1999.297638856333,R002,1907.9138801423414,R01,existing
P1234_56,G1,relay_aircraft,G1-relay_aircraft-01,R002,3907.2115189986744,7516.130043494062,,,R01,existing
P1234_56,G1,relay_aircraft,G1-relay_aircraft-02,R003,2004.2977389089663,7744.455885352581,,,R02,existing
P1234_56,G1,relay_components,G1-relay_components-01,R001,190.137319029409,2344.3073253046314,R002,1562.904193694043,RE01,existing
P1234_56,G1,relay_components,G1-relay_components-01,R002,3907.2115189986744,8084.5472154177,,,RE01,existing
P1234_56,G1,relay_components,G1-relay_components-02,R003,2004.2977389089663,8588.743789022035,,,RE02,existing
P1234_56,G2,B_aircraft,G2-B_aircraft-01,T002_2,0.0,1500.9693925601796,T008,5.000099999999975,NEW-B_aircraft-01,procurement_required
P1234_56,G2,B_aircraft,G2-B_aircraft-01,T008,1505.9694925601796,3350.508382715747,T006,158.08762043392517,NEW-B_aircraft-01,procurement_required
P1234_56,G2,B_aircraft,G2-B_aircraft-01,T006,3508.596003149672,4698.226288886111,,,NEW-B_aircraft-01,procurement_required
P1234_56,G2,B_aircraft,G2-B_aircraft-02,T015,0.0,1554.5713591276817,T011,5.000100000000202,NEW-B_aircraft-02,procurement_required
P1234_56,G2,B_aircraft,G2-B_aircraft-02,T011,1559.571459127682,3503.5959031496714,,,NEW-B_aircraft-02,procurement_required
P1234_56,G2,B_batteries,G2-B_batteries-01,T002_2,0.0,2956.647180248775,T006,551.9488229008971,B04,existing
P1234_56,G2,B_batteries,G2-B_batteries-01,T006,3508.596003149672,5831.667165848992,,,B04,existing
P1234_56,G2,B_batteries,G2-B_batteries-02,T015,0.0,3010.3575010505742,,,NEW-B_batteries-01,procurement_required
P1234_56,G2,B_batteries,G2-B_batteries-03,T008,1505.9694925601796,4939.170345795129,,,NEW-B_batteries-02,procurement_required
P1234_56,G2,B_batteries,G2-B_batteries-04,T011,1559.571459127682,5367.702780894794,,,NEW-B_batteries-03,procurement_required
P1234_56,G2,relay_aircraft,G2-relay_aircraft-01,R004,96.18236555369045,3902.2114189986755,,,NEW-relay_aircraft-01,procurement_required
P1234_56,G2,relay_components,G2-relay_components-01,R004,96.18236555369045,4498.791383917484,,,RE03,existing
P12356_4,G1,A_aircraft,G1-A_aircraft-01,T005,0.0,1312.470877312685,T020,2374.6033226565796,U01,existing
P12356_4,G1,A_aircraft,G1-A_aircraft-01,T020,3687.0741999692646,5657.284046946083,,,U01,existing
P12356_4,G1,A_aircraft,G1-A_aircraft-02,T007_HARD,0.0,1712.4416357195464,T007,1954.6325642497204,U02,existing
P12356_4,G1,A_aircraft,G1-A_aircraft-02,T007,3667.074199969267,6275.115097078189,,,U02,existing
P12356_4,G1,A_aircraft,G1-A_aircraft-03,T007_SOFT,0.0,1712.4416357195464,T004,291.6700045683433,U03,existing
P12356_4,G1,A_aircraft,G1-A_aircraft-03,T004,2004.1116402878897,4285.571599124281,T022,5.000100000000202,U03,existing
P12356_4,G1,A_aircraft,G1-A_aircraft-03,T022,4290.571699124282,5982.106185363231,,,U03,existing
P12356_4,G1,A_aircraft,G1-A_aircraft-04,T014_1,3769.074199969265,5464.83230463773,T016,5.000099999999293,U04,existing
P12356_4,G1,A_aircraft,G1-A_aircraft-04,T016,5469.832404637729,7165.590509306194,,,U04,existing
P12356_4,G1,B_aircraft,G1-B_aircraft-01,T002_2,0.0,1500.9693925601796,T008,5.000099999999975,U05,existing
P12356_4,G1,B_aircraft,G1-B_aircraft-01,T008,1505.9694925601796,3350.508382715747,T013,5.0000999999997475,U05,existing
P12356_4,G1,B_aircraft,G1-B_aircraft-01,T013,3355.5084827157466,5313.549754202741,T019_1,59.153126692053775,U05,existing
P12356_4,G1,B_aircraft,G1-B_aircraft-01,T019_1,5372.702880894794,6891.727225306649,,,U05,existing
P12356_4,G1,B_aircraft,G1-B_aircraft-02,T015,0.0,1554.5713591276817,T011,5.000100000000202,U06,existing
P12356_4,G1,B_aircraft,G1-B_aircraft-02,T011,1559.571459127682,3503.5959031496714,T006,5.000100000000657,U06,existing
P12356_4,G1,B_aircraft,G1-B_aircraft-02,T006,3508.596003149672,4698.226288886111,T021,615.3235653166303,U06,existing
P12356_4,G1,B_aircraft,G1-B_aircraft-02,T021,5313.549854202742,7211.591125689736,,,U06,existing
P12356_4,G1,C_aircraft,G1-C_aircraft-01,T001,0.0,1561.4261775174655,T012,392.685462770424,U07,existing
P12356_4,G1,C_aircraft,G1-C_aircraft-01,T012,1954.1116402878895,4069.193281566342,T018,5.000100000000202,U07,existing
P12356_4,G1,C_aircraft,G1-C_aircraft-01,T018,4074.1933815663424,6761.824258936959,,,U07,existing
P12356_4,G1,C_aircraft,G1-C_aircraft-02,T003,1438.035182877992,2867.4613603954576,T014_2,287.63159336749413,U08,existing
P12356_4,G1,C_aircraft,G1-C_aircraft-02,T014_2,3155.0929537629518,5460.277018730793,,,U08,existing
P12356_4,G1,A_batteries,G1-A_batteries-01,T005,0.0,2178.7887122874713,T014_1,1590.2854876817937,A01,existing
P12356_4,G1,A_batteries,G1-A_batteries-01,T014_1,3769.074199969265,6580.0266291174285,,,A01,existing
P12356_4,G1,A_batteries,G1-A_batteries-02,T007_HARD,0.0,2761.062337358848,T022,1529.5093617654338,A02,existing
P12356_4,G1,A_batteries,G1-A_batteries-02,T022,4290.571699124282,7157.600692042686,,,A02,existing
P12356_4,G1,A_batteries,G1-A_batteries-03,T007_SOFT,0.0,2779.9496716386757,T016,2689.8827329990536,A03,existing
P12356_4,G1,A_batteries,G1-A_batteries-03,T016,5469.832404637729,8301.566821462397,,,A03,existing
P12356_4,G1,A_batteries,G1-A_batteries-04,T004,2004.1116402878897,5653.515220902664,,,A04,existing
P12356_4,G1,A_batteries,G1-A_batteries-05,T007,3667.074199969267,7728.37856016178,,,A05,existing
P12356_4,G1,A_batteries,G1-A_batteries-06,T020,3687.0741999692646,6897.284697633159,,,A06,existing
P12356_4,G1,B_batteries,G1-B_batteries-01,T002_2,0.0,2956.647180248775,T006,551.9488229008971,B01,existing
P12356_4,G1,B_batteries,G1-B_batteries-01,T006,3508.596003149672,5831.667165848992,,,B01,existing
P12356_4,G1,B_batteries,G1-B_batteries-02,T015,0.0,3010.3575010505742,T013,345.15098166517237,B02,existing
P12356_4,G1,B_batteries,G1-B_batteries-02,T013,3355.5084827157466,7272.795381688331,,,B02,existing
P12356_4,G1,B_batteries,G1-B_batteries-03,T008,1505.9694925601796,4939.170345795129,T021,374.3795084076128,B03,existing
P12356_4,G1,B_batteries,G1-B_batteries-03,T021,5313.549854202742,9078.773277607346,,,B03,existing
P12356_4,G1,B_batteries,G1-B_batteries-04,T011,1559.571459127682,5367.702780894794,T019_1,5.000100000000202,B04,existing
P12356_4,G1,B_batteries,G1-B_batteries-04,T019_1,5372.702880894794,8356.40930924514,,,B04,existing
P12356_4,G1,C_batteries,G1-C_batteries-01,T001,0.0,3150.0928537629516,T018,924.1005278033908,C01,existing
P12356_4,G1,C_batteries,G1-C_batteries-01,T018,4074.1933815663424,9324.985226007513,,,C01,existing
P12356_4,G1,C_batteries,G1-C_batteries-02,T003,1438.035182877992,4385.641813543676,,,C02,existing
P12356_4,G1,C_batteries,G1-C_batteries-03,T012,1954.1116402878895,6561.858999018011,,,C03,existing
P12356_4,G1,C_batteries,G1-C_batteries-04,T014_2,3155.0929537629518,7966.52367812528,,,C04,existing
P12356_4,G1,relay_aircraft,G1-relay_aircraft-01,R004,96.18236555369045,3902.2114189986755,R002,5.000099999998838,R01,existing
P12356_4,G1,relay_aircraft,G1-relay_aircraft-01,R002,3907.2115189986744,7516.130043494062,,,R01,existing
P12356_4,G1,relay_aircraft,G1-relay_aircraft-02,R001,190.137319029409,1999.297638856333,R003,5.000100052633343,R02,existing
P12356_4,G1,relay_aircraft,G1-relay_aircraft-02,R003,2004.2977389089663,7744.455885352581,,,R02,existing
P12356_4,G1,relay_components,G1-relay_components-01,R004,96.18236555369045,4498.791383917484,,,RE01,existing
P12356_4,G1,relay_components,G1-relay_components-02,R001,190.137319029409,2344.3073253046314,R002,1562.904193694043,RE02,existing
P12356_4,G1,relay_components,G1-relay_components-02,R002,3907.2115189986744,8084.5472154177,,,RE02,existing
P12356_4,G1,relay_components,G1-relay_components-03,R003,2004.2977389089663,8588.743789022035,,,RE03,existing
P12356_4,G2,A_aircraft,G2-A_aircraft-01,T009,0.0,1316.0142144169886,,,NEW-A_aircraft-01,procurement_required
P12356_4,G2,C_aircraft,G2-C_aircraft-01,T010_2,0.0,1433.035082877992,,,NEW-C_aircraft-01,procurement_required
P12356_4,G2,A_batteries,G2-A_batteries-01,T009,0.0,2207.8690163260853,,,NEW-A_batteries-01,procurement_required
P12356_4,G2,C_batteries,G2-C_batteries-01,T010_2,0.0,2880.8082760764496,,,NEW-C_batteries-01,procurement_required
P1235_46,G1,A_aircraft,G1-A_aircraft-01,T005,0.0,1312.470877312685,T020,2374.6033226565796,U01,existing
P1235_46,G1,A_aircraft,G1-A_aircraft-01,T020,3687.0741999692646,5657.284046946083,,,U01,existing
P1235_46,G1,A_aircraft,G1-A_aircraft-02,T007_HARD,0.0,1712.4416357195464,T007,1954.6325642497204,U02,existing
P1235_46,G1,A_aircraft,G1-A_aircraft-02,T007,3667.074199969267,6275.115097078189,,,U02,existing
P1235_46,G1,A_aircraft,G1-A_aircraft-03,T007_SOFT,0.0,1712.4416357195464,T004,291.6700045683433,U03,existing
P1235_46,G1,A_aircraft,G1-A_aircraft-03,T004,2004.1116402878897,4285.571599124281,T022,5.000100000000202,U03,existing
P1235_46,G1,A_aircraft,G1-A_aircraft-03,T022,4290.571699124282,5982.106185363231,,,U03,existing
P1235_46,G1,A_aircraft,G1-A_aircraft-04,T014_1,3769.074199969265,5464.83230463773,T016,5.000099999999293,U04,existing
P1235_46,G1,A_aircraft,G1-A_aircraft-04,T016,5469.832404637729,7165.590509306194,,,U04,existing
P1235_46,G1,B_aircraft,G1-B_aircraft-01,T002_2,0.0,1500.9693925601796,T008,5.000099999999975,U05,existing
P1235_46,G1,B_aircraft,G1-B_aircraft-01,T008,1505.9694925601796,3350.508382715747,T013,5.0000999999997475,U05,existing
P1235_46,G1,B_aircraft,G1-B_aircraft-01,T013,3355.5084827157466,5313.549754202741,T019_1,59.153126692053775,U05,existing
P1235_46,G1,B_aircraft,G1-B_aircraft-01,T019_1,5372.702880894794,6891.727225306649,,,U05,existing
P1235_46,G1,B_aircraft,G1-B_aircraft-02,T015,0.0,1554.5713591276817,T011,5.000100000000202,U06,existing
P1235_46,G1,B_aircraft,G1-B_aircraft-02,T011,1559.571459127682,3503.5959031496714,T021,1809.9539510530703,U06,existing
P1235_46,G1,B_aircraft,G1-B_aircraft-02,T021,5313.549854202742,7211.591125689736,,,U06,existing
P1235_46,G1,C_aircraft,G1-C_aircraft-01,T001,0.0,1561.4261775174655,T012,392.685462770424,U07,existing
P1235_46,G1,C_aircraft,G1-C_aircraft-01,T012,1954.1116402878895,4069.193281566342,T018,5.000100000000202,U07,existing
P1235_46,G1,C_aircraft,G1-C_aircraft-01,T018,4074.1933815663424,6761.824258936959,,,U07,existing
P1235_46,G1,C_aircraft,G1-C_aircraft-02,T003,1438.035182877992,2867.4613603954576,T014_2,287.63159336749413,U08,existing
P1235_46,G1,C_aircraft,G1-C_aircraft-02,T014_2,3155.0929537629518,5460.277018730793,,,U08,existing
P1235_46,G1,A_batteries,G1-A_batteries-01,T005,0.0,2178.7887122874713,T014_1,1590.2854876817937,A01,existing
P1235_46,G1,A_batteries,G1-A_batteries-01,T014_1,3769.074199969265,6580.0266291174285,,,A01,existing
P1235_46,G1,A_batteries,G1-A_batteries-02,T007_HARD,0.0,2761.062337358848,T022,1529.5093617654338,A02,existing
P1235_46,G1,A_batteries,G1-A_batteries-02,T022,4290.571699124282,7157.600692042686,,,A02,existing
P1235_46,G1,A_batteries,G1-A_batteries-03,T007_SOFT,0.0,2779.9496716386757,T016,2689.8827329990536,A03,existing
P1235_46,G1,A_batteries,G1-A_batteries-03,T016,5469.832404637729,8301.566821462397,,,A03,existing
P1235_46,G1,A_batteries,G1-A_batteries-04,T004,2004.1116402878897,5653.515220902664,,,A04,existing
P1235_46,G1,A_batteries,G1-A_batteries-05,T007,3667.074199969267,7728.37856016178,,,A05,existing
P1235_46,G1,A_batteries,G1-A_batteries-06,T020,3687.0741999692646,6897.284697633159,,,A06,existing
P1235_46,G1,B_batteries,G1-B_batteries-01,T002_2,0.0,2956.647180248775,T013,398.86130246697167,B01,existing
P1235_46,G1,B_batteries,G1-B_batteries-01,T013,3355.5084827157466,7272.795381688331,,,B01,existing
P1235_46,G1,B_batteries,G1-B_batteries-02,T015,0.0,3010.3575010505742,T021,2303.1923531521675,B02,existing
P1235_46,G1,B_batteries,G1-B_batteries-02,T021,5313.549854202742,9078.773277607346,,,B02,existing
P1235_46,G1,B_batteries,G1-B_batteries-03,T008,1505.9694925601796,4939.170345795129,T019_1,433.53253509966544,B03,existing
P1235_46,G1,B_batteries,G1-B_batteries-03,T019_1,5372.702880894794,8356.40930924514,,,B03,existing
P1235_46,G1,B_batteries,G1-B_batteries-04,T011,1559.571459127682,5367.702780894794,,,B04,existing
P1235_46,G1,C_batteries,G1-C_batteries-01,T001,0.0,3150.0928537629516,T018,924.1005278033908,C01,existing
P1235_46,G1,C_batteries,G1-C_batteries-01,T018,4074.1933815663424,9324.985226007513,,,C01,existing
P1235_46,G1,C_batteries,G1-C_batteries-02,T003,1438.035182877992,4385.641813543676,,,C02,existing
P1235_46,G1,C_batteries,G1-C_batteries-03,T012,1954.1116402878895,6561.858999018011,,,C03,existing
P1235_46,G1,C_batteries,G1-C_batteries-04,T014_2,3155.0929537629518,7966.52367812528,,,C04,existing
P1235_46,G1,relay_aircraft,G1-relay_aircraft-01,R004,96.18236555369045,3902.2114189986755,R002,5.000099999998838,R01,existing
P1235_46,G1,relay_aircraft,G1-relay_aircraft-01,R002,3907.2115189986744,7516.130043494062,,,R01,existing
P1235_46,G1,relay_aircraft,G1-relay_aircraft-02,R001,190.137319029409,1999.297638856333,R003,5.000100052633343,R02,existing
P1235_46,G1,relay_aircraft,G1-relay_aircraft-02,R003,2004.2977389089663,7744.455885352581,,,R02,existing
P1235_46,G1,relay_components,G1-relay_components-01,R004,96.18236555369045,4498.791383917484,,,RE01,existing
P1235_46,G1,relay_components,G1-relay_components-02,R001,190.137319029409,2344.3073253046314,R002,1562.904193694043,RE02,existing
P1235_46,G1,relay_components,G1-relay_components-02,R002,3907.2115189986744,8084.5472154177,,,RE02,existing
P1235_46,G1,relay_components,G1-relay_components-03,R003,2004.2977389089663,8588.743789022035,,,RE03,existing
P1235_46,G2,A_aircraft,G2-A_aircraft-01,T009,0.0,1316.0142144169886,,,NEW-A_aircraft-01,procurement_required
P1235_46,G2,B_aircraft,G2-B_aircraft-01,T006,3508.596003149672,4698.226288886111,,,NEW-B_aircraft-01,procurement_required
P1235_46,G2,C_aircraft,G2-C_aircraft-01,T010_2,0.0,1433.035082877992,,,NEW-C_aircraft-01,procurement_required
P1235_46,G2,A_batteries,G2-A_batteries-01,T009,0.0,2207.8690163260853,,,NEW-A_batteries-01,procurement_required
P1235_46,G2,B_batteries,G2-B_batteries-01,T006,3508.596003149672,5831.667165848992,,,NEW-B_batteries-01,procurement_required
P1235_46,G2,C_batteries,G2-C_batteries-01,T010_2,0.0,2880.8082760764496,,,NEW-C_batteries-01,procurement_required
P1236_45,G1,A_aircraft,G1-A_aircraft-01,T005,0.0,1312.470877312685,T020,2374.6033226565796,U01,existing
P1236_45,G1,A_aircraft,G1-A_aircraft-01,T020,3687.0741999692646,5657.284046946083,,,U01,existing
P1236_45,G1,A_aircraft,G1-A_aircraft-02,T007_HARD,0.0,1712.4416357195464,T007,1954.6325642497204,U02,existing
P1236_45,G1,A_aircraft,G1-A_aircraft-02,T007,3667.074199969267,6275.115097078189,,,U02,existing
P1236_45,G1,A_aircraft,G1-A_aircraft-03,T007_SOFT,0.0,1712.4416357195464,T004,291.6700045683433,U03,existing
P1236_45,G1,A_aircraft,G1-A_aircraft-03,T004,2004.1116402878897,4285.571599124281,T022,5.000100000000202,U03,existing
P1236_45,G1,A_aircraft,G1-A_aircraft-03,T022,4290.571699124282,5982.106185363231,,,U03,existing
P1236_45,G1,A_aircraft,G1-A_aircraft-04,T014_1,3769.074199969265,5464.83230463773,T016,5.000099999999293,U04,existing
P1236_45,G1,A_aircraft,G1-A_aircraft-04,T016,5469.832404637729,7165.590509306194,,,U04,existing
P1236_45,G1,B_aircraft,G1-B_aircraft-01,T013,3355.5084827157466,5313.549754202741,T019_1,59.153126692053775,U05,existing
P1236_45,G1,B_aircraft,G1-B_aircraft-01,T019_1,5372.702880894794,6891.727225306649,,,U05,existing
P1236_45,G1,B_aircraft,G1-B_aircraft-02,T006,3508.596003149672,4698.226288886111,T021,615.3235653166303,U06,existing
P1236_45,G1,B_aircraft,G1-B_aircraft-02,T021,5313.549854202742,7211.591125689736,,,U06,existing
P1236_45,G1,C_aircraft,G1-C_aircraft-01,T001,0.0,1561.4261775174655,T012,392.685462770424,U07,existing
P1236_45,G1,C_aircraft,G1-C_aircraft-01,T012,1954.1116402878895,4069.193281566342,T018,5.000100000000202,U07,existing
P1236_45,G1,C_aircraft,G1-C_aircraft-01,T018,4074.1933815663424,6761.824258936959,,,U07,existing
P1236_45,G1,C_aircraft,G1-C_aircraft-02,T003,1438.035182877992,2867.4613603954576,T014_2,287.63159336749413,U08,existing
P1236_45,G1,C_aircraft,G1-C_aircraft-02,T014_2,3155.0929537629518,5460.277018730793,,,U08,existing
P1236_45,G1,A_batteries,G1-A_batteries-01,T005,0.0,2178.7887122874713,T014_1,1590.2854876817937,A01,existing
P1236_45,G1,A_batteries,G1-A_batteries-01,T014_1,3769.074199969265,6580.0266291174285,,,A01,existing
P1236_45,G1,A_batteries,G1-A_batteries-02,T007_HARD,0.0,2761.062337358848,T022,1529.5093617654338,A02,existing
P1236_45,G1,A_batteries,G1-A_batteries-02,T022,4290.571699124282,7157.600692042686,,,A02,existing
P1236_45,G1,A_batteries,G1-A_batteries-03,T007_SOFT,0.0,2779.9496716386757,T016,2689.8827329990536,A03,existing
P1236_45,G1,A_batteries,G1-A_batteries-03,T016,5469.832404637729,8301.566821462397,,,A03,existing
P1236_45,G1,A_batteries,G1-A_batteries-04,T004,2004.1116402878897,5653.515220902664,,,A04,existing
P1236_45,G1,A_batteries,G1-A_batteries-05,T007,3667.074199969267,7728.37856016178,,,A05,existing
P1236_45,G1,A_batteries,G1-A_batteries-06,T020,3687.0741999692646,6897.284697633159,,,A06,existing
P1236_45,G1,B_batteries,G1-B_batteries-01,T013,3355.5084827157466,7272.795381688331,,,B01,existing
P1236_45,G1,B_batteries,G1-B_batteries-02,T006,3508.596003149672,5831.667165848992,,,B02,existing
P1236_45,G1,B_batteries,G1-B_batteries-03,T021,5313.549854202742,9078.773277607346,,,B03,existing
P1236_45,G1,B_batteries,G1-B_batteries-04,T019_1,5372.702880894794,8356.40930924514,,,B04,existing
P1236_45,G1,C_batteries,G1-C_batteries-01,T001,0.0,3150.0928537629516,T018,924.1005278033908,C01,existing
P1236_45,G1,C_batteries,G1-C_batteries-01,T018,4074.1933815663424,9324.985226007513,,,C01,existing
P1236_45,G1,C_batteries,G1-C_batteries-02,T003,1438.035182877992,4385.641813543676,,,C02,existing
P1236_45,G1,C_batteries,G1-C_batteries-03,T012,1954.1116402878895,6561.858999018011,,,C03,existing
P1236_45,G1,C_batteries,G1-C_batteries-04,T014_2,3155.0929537629518,7966.52367812528,,,C04,existing
P1236_45,G1,relay_aircraft,G1-relay_aircraft-01,R001,190.137319029409,1999.297638856333,R002,1907.9138801423414,R01,existing
P1236_45,G1,relay_aircraft,G1-relay_aircraft-01,R002,3907.2115189986744,7516.130043494062,,,R01,existing
P1236_45,G1,relay_aircraft,G1-relay_aircraft-02,R003,2004.2977389089663,7744.455885352581,,,R02,existing
P1236_45,G1,relay_components,G1-relay_components-01,R001,190.137319029409,2344.3073253046314,R002,1562.904193694043,RE01,existing
P1236_45,G1,relay_components,G1-relay_components-01,R002,3907.2115189986744,8084.5472154177,,,RE01,existing
P1236_45,G1,relay_components,G1-relay_components-02,R003,2004.2977389089663,8588.743789022035,,,RE02,existing
P1236_45,G2,A_aircraft,G2-A_aircraft-01,T009,0.0,1316.0142144169886,,,NEW-A_aircraft-01,procurement_required
P1236_45,G2,B_aircraft,G2-B_aircraft-01,T002_2,0.0,1500.9693925601796,T008,5.000099999999975,NEW-B_aircraft-01,procurement_required
P1236_45,G2,B_aircraft,G2-B_aircraft-01,T008,1505.9694925601796,3350.508382715747,,,NEW-B_aircraft-01,procurement_required
P1236_45,G2,B_aircraft,G2-B_aircraft-02,T015,0.0,1554.5713591276817,T011,5.000100000000202,NEW-B_aircraft-02,procurement_required
P1236_45,G2,B_aircraft,G2-B_aircraft-02,T011,1559.571459127682,3503.5959031496714,,,NEW-B_aircraft-02,procurement_required
P1236_45,G2,C_aircraft,G2-C_aircraft-01,T010_2,0.0,1433.035082877992,,,NEW-C_aircraft-01,procurement_required
P1236_45,G2,A_batteries,G2-A_batteries-01,T009,0.0,2207.8690163260853,,,NEW-A_batteries-01,procurement_required
P1236_45,G2,B_batteries,G2-B_batteries-01,T002_2,0.0,2956.647180248775,,,NEW-B_batteries-01,procurement_required
P1236_45,G2,B_batteries,G2-B_batteries-02,T015,0.0,3010.3575010505742,,,NEW-B_batteries-02,procurement_required
P1236_45,G2,B_batteries,G2-B_batteries-03,T008,1505.9694925601796,4939.170345795129,,,NEW-B_batteries-03,procurement_required
P1236_45,G2,B_batteries,G2-B_batteries-04,T011,1559.571459127682,5367.702780894794,,,NEW-B_batteries-04,procurement_required
P1236_45,G2,C_batteries,G2-C_batteries-01,T010_2,0.0,2880.8082760764496,,,NEW-C_batteries-01,procurement_required
P1236_45,G2,relay_aircraft,G2-relay_aircraft-01,R004,96.18236555369045,3902.2114189986755,,,NEW-relay_aircraft-01,procurement_required
P1236_45,G2,relay_components,G2-relay_components-01,R004,96.18236555369045,4498.791383917484,,,RE03,existing
P123_456,G1,A_aircraft,G1-A_aircraft-01,T005,0.0,1312.470877312685,T020,2374.6033226565796,U01,existing
P123_456,G1,A_aircraft,G1-A_aircraft-01,T020,3687.0741999692646,5657.284046946083,,,U01,existing
P123_456,G1,A_aircraft,G1-A_aircraft-02,T007_HARD,0.0,1712.4416357195464,T007,1954.6325642497204,U02,existing
P123_456,G1,A_aircraft,G1-A_aircraft-02,T007,3667.074199969267,6275.115097078189,,,U02,existing
P123_456,G1,A_aircraft,G1-A_aircraft-03,T007_SOFT,0.0,1712.4416357195464,T004,291.6700045683433,U03,existing
P123_456,G1,A_aircraft,G1-A_aircraft-03,T004,2004.1116402878897,4285.571599124281,T022,5.000100000000202,U03,existing
P123_456,G1,A_aircraft,G1-A_aircraft-03,T022,4290.571699124282,5982.106185363231,,,U03,existing
P123_456,G1,A_aircraft,G1-A_aircraft-04,T014_1,3769.074199969265,5464.83230463773,T016,5.000099999999293,U04,existing
P123_456,G1,A_aircraft,G1-A_aircraft-04,T016,5469.832404637729,7165.590509306194,,,U04,existing
P123_456,G1,B_aircraft,G1-B_aircraft-01,T013,3355.5084827157466,5313.549754202741,T019_1,59.153126692053775,U05,existing
P123_456,G1,B_aircraft,G1-B_aircraft-01,T019_1,5372.702880894794,6891.727225306649,,,U05,existing
P123_456,G1,B_aircraft,G1-B_aircraft-02,T021,5313.549854202742,7211.591125689736,,,U06,existing
P123_456,G1,C_aircraft,G1-C_aircraft-01,T001,0.0,1561.4261775174655,T012,392.685462770424,U07,existing
P123_456,G1,C_aircraft,G1-C_aircraft-01,T012,1954.1116402878895,4069.193281566342,T018,5.000100000000202,U07,existing
P123_456,G1,C_aircraft,G1-C_aircraft-01,T018,4074.1933815663424,6761.824258936959,,,U07,existing
P123_456,G1,C_aircraft,G1-C_aircraft-02,T003,1438.035182877992,2867.4613603954576,T014_2,287.63159336749413,U08,existing
P123_456,G1,C_aircraft,G1-C_aircraft-02,T014_2,3155.0929537629518,5460.277018730793,,,U08,existing
P123_456,G1,A_batteries,G1-A_batteries-01,T005,0.0,2178.7887122874713,T014_1,1590.2854876817937,A01,existing
P123_456,G1,A_batteries,G1-A_batteries-01,T014_1,3769.074199969265,6580.0266291174285,,,A01,existing
P123_456,G1,A_batteries,G1-A_batteries-02,T007_HARD,0.0,2761.062337358848,T022,1529.5093617654338,A02,existing
P123_456,G1,A_batteries,G1-A_batteries-02,T022,4290.571699124282,7157.600692042686,,,A02,existing
P123_456,G1,A_batteries,G1-A_batteries-03,T007_SOFT,0.0,2779.9496716386757,T016,2689.8827329990536,A03,existing
P123_456,G1,A_batteries,G1-A_batteries-03,T016,5469.832404637729,8301.566821462397,,,A03,existing
P123_456,G1,A_batteries,G1-A_batteries-04,T004,2004.1116402878897,5653.515220902664,,,A04,existing
P123_456,G1,A_batteries,G1-A_batteries-05,T007,3667.074199969267,7728.37856016178,,,A05,existing
P123_456,G1,A_batteries,G1-A_batteries-06,T020,3687.0741999692646,6897.284697633159,,,A06,existing
P123_456,G1,B_batteries,G1-B_batteries-01,T013,3355.5084827157466,7272.795381688331,,,B01,existing
P123_456,G1,B_batteries,G1-B_batteries-02,T021,5313.549854202742,9078.773277607346,,,B02,existing
P123_456,G1,B_batteries,G1-B_batteries-03,T019_1,5372.702880894794,8356.40930924514,,,B03,existing
P123_456,G1,C_batteries,G1-C_batteries-01,T001,0.0,3150.0928537629516,T018,924.1005278033908,C01,existing
P123_456,G1,C_batteries,G1-C_batteries-01,T018,4074.1933815663424,9324.985226007513,,,C01,existing
P123_456,G1,C_batteries,G1-C_batteries-02,T003,1438.035182877992,4385.641813543676,,,C02,existing
P123_456,G1,C_batteries,G1-C_batteries-03,T012,1954.1116402878895,6561.858999018011,,,C03,existing
P123_456,G1,C_batteries,G1-C_batteries-04,T014_2,3155.0929537629518,7966.52367812528,,,C04,existing
P123_456,G1,relay_aircraft,G1-relay_aircraft-01,R001,190.137319029409,1999.297638856333,R002,1907.9138801423414,R01,existing
P123_456,G1,relay_aircraft,G1-relay_aircraft-01,R002,3907.2115189986744,7516.130043494062,,,R01,existing
P123_456,G1,relay_aircraft,G1-relay_aircraft-02,R003,2004.2977389089663,7744.455885352581,,,R02,existing
P123_456,G1,relay_components,G1-relay_components-01,R001,190.137319029409,2344.3073253046314,R002,1562.904193694043,RE01,existing
P123_456,G1,relay_components,G1-relay_components-01,R002,3907.2115189986744,8084.5472154177,,,RE01,existing
P123_456,G1,relay_components,G1-relay_components-02,R003,2004.2977389089663,8588.743789022035,,,RE02,existing
P123_456,G2,A_aircraft,G2-A_aircraft-01,T009,0.0,1316.0142144169886,,,NEW-A_aircraft-01,procurement_required
P123_456,G2,B_aircraft,G2-B_aircraft-01,T002_2,0.0,1500.9693925601796,T008,5.000099999999975,NEW-B_aircraft-01,procurement_required
P123_456,G2,B_aircraft,G2-B_aircraft-01,T008,1505.9694925601796,3350.508382715747,T006,158.08762043392517,NEW-B_aircraft-01,procurement_required
P123_456,G2,B_aircraft,G2-B_aircraft-01,T006,3508.596003149672,4698.226288886111,,,NEW-B_aircraft-01,procurement_required
P123_456,G2,B_aircraft,G2-B_aircraft-02,T015,0.0,1554.5713591276817,T011,5.000100000000202,NEW-B_aircraft-02,procurement_required
P123_456,G2,B_aircraft,G2-B_aircraft-02,T011,1559.571459127682,3503.5959031496714,,,NEW-B_aircraft-02,procurement_required
P123_456,G2,C_aircraft,G2-C_aircraft-01,T010_2,0.0,1433.035082877992,,,NEW-C_aircraft-01,procurement_required
P123_456,G2,A_batteries,G2-A_batteries-01,T009,0.0,2207.8690163260853,,,NEW-A_batteries-01,procurement_required
P123_456,G2,B_batteries,G2-B_batteries-01,T002_2,0.0,2956.647180248775,T006,551.9488229008971,B04,existing
P123_456,G2,B_batteries,G2-B_batteries-01,T006,3508.596003149672,5831.667165848992,,,B04,existing
P123_456,G2,B_batteries,G2-B_batteries-02,T015,0.0,3010.3575010505742,,,NEW-B_batteries-01,procurement_required
P123_456,G2,B_batteries,G2-B_batteries-03,T008,1505.9694925601796,4939.170345795129,,,NEW-B_batteries-02,procurement_required
P123_456,G2,B_batteries,G2-B_batteries-04,T011,1559.571459127682,5367.702780894794,,,NEW-B_batteries-03,procurement_required
P123_456,G2,C_batteries,G2-C_batteries-01,T010_2,0.0,2880.8082760764496,,,NEW-C_batteries-01,procurement_required
P123_456,G2,relay_aircraft,G2-relay_aircraft-01,R004,96.18236555369045,3902.2114189986755,,,NEW-relay_aircraft-01,procurement_required
P123_456,G2,relay_components,G2-relay_components-01,R004,96.18236555369045,4498.791383917484,,,RE03,existing
P12456_3,G1,A_aircraft,G1-A_aircraft-01,T005,0.0,1312.470877312685,T004,691.6407629752048,U01,existing
P12456_3,G1,A_aircraft,G1-A_aircraft-01,T004,2004.1116402878897,4285.571599124281,,,U01,existing
P12456_3,G1,A_aircraft,G1-A_aircraft-02,T009,0.0,1316.0142144169886,T022,2974.557484707293,U02,existing
P12456_3,G1,A_aircraft,G1-A_aircraft-02,T022,4290.571699124282,5982.106185363231,,,U02,existing
P12456_3,G1,B_aircraft,G1-B_aircraft-01,T002_2,0.0,1500.9693925601796,T008,5.000099999999975,U05,existing
P12456_3,G1,B_aircraft,G1-B_aircraft-01,T008,1505.9694925601796,3350.508382715747,T013,5.0000999999997475,U05,existing
P12456_3,G1,B_aircraft,G1-B_aircraft-01,T013,3355.5084827157466,5313.549754202741,,,U05,existing
P12456_3,G1,B_aircraft,G1-B_aircraft-02,T015,0.0,1554.5713591276817,T011,5.000100000000202,U06,existing
P12456_3,G1,B_aircraft,G1-B_aircraft-02,T011,1559.571459127682,3503.5959031496714,T006,5.000100000000657,U06,existing
P12456_3,G1,B_aircraft,G1-B_aircraft-02,T006,3508.596003149672,4698.226288886111,T021,615.3235653166303,U06,existing
P12456_3,G1,B_aircraft,G1-B_aircraft-02,T021,5313.549854202742,7211.591125689736,,,U06,existing
P12456_3,G1,C_aircraft,G1-C_aircraft-01,T001,0.0,1561.4261775174655,T012,392.685462770424,U07,existing
P12456_3,G1,C_aircraft,G1-C_aircraft-01,T012,1954.1116402878895,4069.193281566342,,,U07,existing
P12456_3,G1,C_aircraft,G1-C_aircraft-02,T010_2,0.0,1433.035082877992,T003,5.000099999999975,U08,existing
P12456_3,G1,C_aircraft,G1-C_aircraft-02,T003,1438.035182877992,2867.4613603954576,T014_2,287.63159336749413,U08,existing
P12456_3,G1,C_aircraft,G1-C_aircraft-02,T014_2,3155.0929537629518,5460.277018730793,,,U08,existing
P12456_3,G1,A_batteries,G1-A_batteries-01,T005,0.0,2178.7887122874713,T022,2111.7829868368103,A01,existing
P12456_3,G1,A_batteries,G1-A_batteries-01,T022,4290.571699124282,7157.600692042686,,,A01,existing
P12456_3,G1,A_batteries,G1-A_batteries-02,T009,0.0,2207.8690163260853,,,A02,existing
P12456_3,G1,A_batteries,G1-A_batteries-03,T004,2004.1116402878897,5653.515220902664,,,A03,existing
P12456_3,G1,B_batteries,G1-B_batteries-01,T002_2,0.0,2956.647180248775,T013,398.86130246697167,B01,existing
P12456_3,G1,B_batteries,G1-B_batteries-01,T013,3355.5084827157466,7272.795381688331,,,B01,existing
P12456_3,G1,B_batteries,G1-B_batteries-02,T015,0.0,3010.3575010505742,T006,498.2385020990978,B02,existing
P12456_3,G1,B_batteries,G1-B_batteries-02,T006,3508.596003149672,5831.667165848992,,,B02,existing
P12456_3,G1,B_batteries,G1-B_batteries-03,T008,1505.9694925601796,4939.170345795129,T021,374.3795084076128,B03,existing
P12456_3,G1,B_batteries,G1-B_batteries-03,T021,5313.549854202742,9078.773277607346,,,B03,existing
P12456_3,G1,B_batteries,G1-B_batteries-04,T011,1559.571459127682,5367.702780894794,,,B04,existing
P12456_3,G1,C_batteries,G1-C_batteries-01,T001,0.0,3150.0928537629516,,,C01,existing
P12456_3,G1,C_batteries,G1-C_batteries-02,T010_2,0.0,2880.8082760764496,T014_2,274.28467768650216,C02,existing
P12456_3,G1,C_batteries,G1-C_batteries-02,T014_2,3155.0929537629518,7966.52367812528,,,C02,existing
P12456_3,G1,C_batteries,G1-C_batteries-03,T003,1438.035182877992,4385.641813543676,,,C03,existing
P12456_3,G1,C_batteries,G1-C_batteries-04,T012,1954.1116402878895,6561.858999018011,,,C04,existing
P12456_3,G1,relay_aircraft,G1-relay_aircraft-01,R004,96.18236555369045,3902.2114189986755,,,R01,existing
P12456_3,G1,relay_aircraft,G1-relay_aircraft-02,R003,2004.2977389089663,7744.455885352581,,,R02,existing
P12456_3,G1,relay_components,G1-relay_components-01,R004,96.18236555369045,4498.791383917484,,,RE01,existing
P12456_3,G1,relay_components,G1-relay_components-02,R003,2004.2977389089663,8588.743789022035,,,RE02,existing
P12456_3,G2,A_aircraft,G2-A_aircraft-01,T007_HARD,0.0,1712.4416357195464,T020,1974.6325642497181,U03,existing
P12456_3,G2,A_aircraft,G2-A_aircraft-01,T020,3687.0741999692646,5657.284046946083,,,U03,existing
P12456_3,G2,A_aircraft,G2-A_aircraft-02,T007_SOFT,0.0,1712.4416357195464,T007,1954.6325642497204,U04,existing
P12456_3,G2,A_aircraft,G2-A_aircraft-02,T007,3667.074199969267,6275.115097078189,,,U04,existing
P12456_3,G2,A_aircraft,G2-A_aircraft-03,T014_1,3769.074199969265,5464.83230463773,T016,5.000099999999293,NEW-A_aircraft-01,procurement_required
P12456_3,G2,A_aircraft,G2-A_aircraft-03,T016,5469.832404637729,7165.590509306194,,,NEW-A_aircraft-01,procurement_required
P12456_3,G2,B_aircraft,G2-B_aircraft-01,T019_1,5372.702880894794,6891.727225306649,,,NEW-B_aircraft-01,procurement_required
P12456_3,G2,C_aircraft,G2-C_aircraft-01,T018,4074.1933815663424,6761.824258936959,,,NEW-C_aircraft-01,procurement_required
P12456_3,G2,A_batteries,G2-A_batteries-01,T007_HARD,0.0,2761.062337358848,T014_1,1008.0118626104172,A04,existing
P12456_3,G2,A_batteries,G2-A_batteries-01,T014_1,3769.074199969265,6580.0266291174285,,,A04,existing
P12456_3,G2,A_batteries,G2-A_batteries-02,T007_SOFT,0.0,2779.9496716386757,T016,2689.8827329990536,A05,existing
P12456_3,G2,A_batteries,G2-A_batteries-02,T016,5469.832404637729,8301.566821462397,,,A05,existing
P12456_3,G2,A_batteries,G2-A_batteries-03,T007,3667.074199969267,7728.37856016178,,,A06,existing
P12456_3,G2,A_batteries,G2-A_batteries-04,T020,3687.0741999692646,6897.284697633159,,,NEW-A_batteries-01,procurement_required
P12456_3,G2,B_batteries,G2-B_batteries-01,T019_1,5372.702880894794,8356.40930924514,,,NEW-B_batteries-01,procurement_required
P12456_3,G2,C_batteries,G2-C_batteries-01,T018,4074.1933815663424,9324.985226007513,,,NEW-C_batteries-01,procurement_required
P12456_3,G2,relay_aircraft,G2-relay_aircraft-01,R001,190.137319029409,1999.297638856333,R002,1907.9138801423414,NEW-relay_aircraft-01,procurement_required
P12456_3,G2,relay_aircraft,G2-relay_aircraft-01,R002,3907.2115189986744,7516.130043494062,,,NEW-relay_aircraft-01,procurement_required
P12456_3,G2,relay_components,G2-relay_components-01,R001,190.137319029409,2344.3073253046314,R002,1562.904193694043,RE03,existing
P12456_3,G2,relay_components,G2-relay_components-01,R002,3907.2115189986744,8084.5472154177,,,RE03,existing
P1245_36,G1,A_aircraft,G1-A_aircraft-01,T005,0.0,1312.470877312685,T004,691.6407629752048,U01,existing
P1245_36,G1,A_aircraft,G1-A_aircraft-01,T004,2004.1116402878897,4285.571599124281,,,U01,existing
P1245_36,G1,A_aircraft,G1-A_aircraft-02,T009,0.0,1316.0142144169886,T022,2974.557484707293,U02,existing
P1245_36,G1,A_aircraft,G1-A_aircraft-02,T022,4290.571699124282,5982.106185363231,,,U02,existing
P1245_36,G1,B_aircraft,G1-B_aircraft-01,T002_2,0.0,1500.9693925601796,T008,5.000099999999975,U05,existing
P1245_36,G1,B_aircraft,G1-B_aircraft-01,T008,1505.9694925601796,3350.508382715747,T013,5.0000999999997475,U05,existing
P1245_36,G1,B_aircraft,G1-B_aircraft-01,T013,3355.5084827157466,5313.549754202741,,,U05,existing
P1245_36,G1,B_aircraft,G1-B_aircraft-02,T015,0.0,1554.5713591276817,T011,5.000100000000202,U06,existing
P1245_36,G1,B_aircraft,G1-B_aircraft-02,T011,1559.571459127682,3503.5959031496714,T021,1809.9539510530703,U06,existing
P1245_36,G1,B_aircraft,G1-B_aircraft-02,T021,5313.549854202742,7211.591125689736,,,U06,existing
P1245_36,G1,C_aircraft,G1-C_aircraft-01,T001,0.0,1561.4261775174655,T012,392.685462770424,U07,existing
P1245_36,G1,C_aircraft,G1-C_aircraft-01,T012,1954.1116402878895,4069.193281566342,,,U07,existing
P1245_36,G1,C_aircraft,G1-C_aircraft-02,T010_2,0.0,1433.035082877992,T003,5.000099999999975,U08,existing
P1245_36,G1,C_aircraft,G1-C_aircraft-02,T003,1438.035182877992,2867.4613603954576,T014_2,287.63159336749413,U08,existing
P1245_36,G1,C_aircraft,G1-C_aircraft-02,T014_2,3155.0929537629518,5460.277018730793,,,U08,existing
P1245_36,G1,A_batteries,G1-A_batteries-01,T005,0.0,2178.7887122874713,T022,2111.7829868368103,A01,existing
P1245_36,G1,A_batteries,G1-A_batteries-01,T022,4290.571699124282,7157.600692042686,,,A01,existing
P1245_36,G1,A_batteries,G1-A_batteries-02,T009,0.0,2207.8690163260853,,,A02,existing
P1245_36,G1,A_batteries,G1-A_batteries-03,T004,2004.1116402878897,5653.515220902664,,,A03,existing
P1245_36,G1,B_batteries,G1-B_batteries-01,T002_2,0.0,2956.647180248775,T013,398.86130246697167,B01,existing
P1245_36,G1,B_batteries,G1-B_batteries-01,T013,3355.5084827157466,7272.795381688331,,,B01,existing
P1245_36,G1,B_batteries,G1-B_batteries-02,T015,0.0,3010.3575010505742,T021,2303.1923531521675,B02,existing
P1245_36,G1,B_batteries,G1-B_batteries-02,T021,5313.549854202742,9078.773277607346,,,B02,existing
P1245_36,G1,B_batteries,G1-B_batteries-03,T008,1505.9694925601796,4939.170345795129,,,B03,existing
P1245_36,G1,B_batteries,G1-B_batteries-04,T011,1559.571459127682,5367.702780894794,,,B04,existing
P1245_36,G1,C_batteries,G1-C_batteries-01,T001,0.0,3150.0928537629516,,,C01,existing
P1245_36,G1,C_batteries,G1-C_batteries-02,T010_2,0.0,2880.8082760764496,T014_2,274.28467768650216,C02,existing
P1245_36,G1,C_batteries,G1-C_batteries-02,T014_2,3155.0929537629518,7966.52367812528,,,C02,existing
P1245_36,G1,C_batteries,G1-C_batteries-03,T003,1438.035182877992,4385.641813543676,,,C03,existing
P1245_36,G1,C_batteries,G1-C_batteries-04,T012,1954.1116402878895,6561.858999018011,,,C04,existing
P1245_36,G1,relay_aircraft,G1-relay_aircraft-01,R004,96.18236555369045,3902.2114189986755,,,R01,existing
P1245_36,G1,relay_aircraft,G1-relay_aircraft-02,R003,2004.2977389089663,7744.455885352581,,,R02,existing
P1245_36,G1,relay_components,G1-relay_components-01,R004,96.18236555369045,4498.791383917484,,,RE01,existing
P1245_36,G1,relay_components,G1-relay_components-02,R003,2004.2977389089663,8588.743789022035,,,RE02,existing
P1245_36,G2,A_aircraft,G2-A_aircraft-01,T007_HARD,0.0,1712.4416357195464,T020,1974.6325642497181,U03,existing
P1245_36,G2,A_aircraft,G2-A_aircraft-01,T020,3687.0741999692646,5657.284046946083,,,U03,existing
P1245_36,G2,A_aircraft,G2-A_aircraft-02,T007_SOFT,0.0,1712.4416357195464,T007,1954.6325642497204,U04,existing
P1245_36,G2,A_aircraft,G2-A_aircraft-02,T007,3667.074199969267,6275.115097078189,,,U04,existing
P1245_36,G2,A_aircraft,G2-A_aircraft-03,T014_1,3769.074199969265,5464.83230463773,T016,5.000099999999293,NEW-A_aircraft-01,procurement_required
P1245_36,G2,A_aircraft,G2-A_aircraft-03,T016,5469.832404637729,7165.590509306194,,,NEW-A_aircraft-01,procurement_required
P1245_36,G2,B_aircraft,G2-B_aircraft-01,T006,3508.596003149672,4698.226288886111,T019_1,674.4765920086829,NEW-B_aircraft-01,procurement_required
P1245_36,G2,B_aircraft,G2-B_aircraft-01,T019_1,5372.702880894794,6891.727225306649,,,NEW-B_aircraft-01,procurement_required
P1245_36,G2,C_aircraft,G2-C_aircraft-01,T018,4074.1933815663424,6761.824258936959,,,NEW-C_aircraft-01,procurement_required
P1245_36,G2,A_batteries,G2-A_batteries-01,T007_HARD,0.0,2761.062337358848,T014_1,1008.0118626104172,A04,existing
P1245_36,G2,A_batteries,G2-A_batteries-01,T014_1,3769.074199969265,6580.0266291174285,,,A04,existing
P1245_36,G2,A_batteries,G2-A_batteries-02,T007_SOFT,0.0,2779.9496716386757,T016,2689.8827329990536,A05,existing
P1245_36,G2,A_batteries,G2-A_batteries-02,T016,5469.832404637729,8301.566821462397,,,A05,existing
P1245_36,G2,A_batteries,G2-A_batteries-03,T007,3667.074199969267,7728.37856016178,,,A06,existing
P1245_36,G2,A_batteries,G2-A_batteries-04,T020,3687.0741999692646,6897.284697633159,,,NEW-A_batteries-01,procurement_required
P1245_36,G2,B_batteries,G2-B_batteries-01,T006,3508.596003149672,5831.667165848992,,,NEW-B_batteries-01,procurement_required
P1245_36,G2,B_batteries,G2-B_batteries-02,T019_1,5372.702880894794,8356.40930924514,,,NEW-B_batteries-02,procurement_required
P1245_36,G2,C_batteries,G2-C_batteries-01,T018,4074.1933815663424,9324.985226007513,,,NEW-C_batteries-01,procurement_required
P1245_36,G2,relay_aircraft,G2-relay_aircraft-01,R001,190.137319029409,1999.297638856333,R002,1907.9138801423414,NEW-relay_aircraft-01,procurement_required
P1245_36,G2,relay_aircraft,G2-relay_aircraft-01,R002,3907.2115189986744,7516.130043494062,,,NEW-relay_aircraft-01,procurement_required
P1245_36,G2,relay_components,G2-relay_components-01,R001,190.137319029409,2344.3073253046314,R002,1562.904193694043,RE03,existing
P1245_36,G2,relay_components,G2-relay_components-01,R002,3907.2115189986744,8084.5472154177,,,RE03,existing
P1246_35,G1,A_aircraft,G1-A_aircraft-01,T005,0.0,1312.470877312685,T004,691.6407629752048,U01,existing
P1246_35,G1,A_aircraft,G1-A_aircraft-01,T004,2004.1116402878897,4285.571599124281,,,U01,existing
P1246_35,G1,A_aircraft,G1-A_aircraft-02,T009,0.0,1316.0142144169886,T022,2974.557484707293,U02,existing
P1246_35,G1,A_aircraft,G1-A_aircraft-02,T022,4290.571699124282,5982.106185363231,,,U02,existing
P1246_35,G1,B_aircraft,G1-B_aircraft-01,T013,3355.5084827157466,5313.549754202741,,,U05,existing
P1246_35,G1,B_aircraft,G1-B_aircraft-02,T006,3508.596003149672,4698.226288886111,T021,615.3235653166303,U06,existing
P1246_35,G1,B_aircraft,G1-B_aircraft-02,T021,5313.549854202742,7211.591125689736,,,U06,existing
P1246_35,G1,C_aircraft,G1-C_aircraft-01,T001,0.0,1561.4261775174655,T012,392.685462770424,U07,existing
P1246_35,G1,C_aircraft,G1-C_aircraft-01,T012,1954.1116402878895,4069.193281566342,,,U07,existing
P1246_35,G1,C_aircraft,G1-C_aircraft-02,T010_2,0.0,1433.035082877992,T003,5.000099999999975,U08,existing
P1246_35,G1,C_aircraft,G1-C_aircraft-02,T003,1438.035182877992,2867.4613603954576,T014_2,287.63159336749413,U08,existing
P1246_35,G1,C_aircraft,G1-C_aircraft-02,T014_2,3155.0929537629518,5460.277018730793,,,U08,existing
P1246_35,G1,A_batteries,G1-A_batteries-01,T005,0.0,2178.7887122874713,T022,2111.7829868368103,A01,existing
P1246_35,G1,A_batteries,G1-A_batteries-01,T022,4290.571699124282,7157.600692042686,,,A01,existing
P1246_35,G1,A_batteries,G1-A_batteries-02,T009,0.0,2207.8690163260853,,,A02,existing
P1246_35,G1,A_batteries,G1-A_batteries-03,T004,2004.1116402878897,5653.515220902664,,,A03,existing
P1246_35,G1,B_batteries,G1-B_batteries-01,T013,3355.5084827157466,7272.795381688331,,,B01,existing
P1246_35,G1,B_batteries,G1-B_batteries-02,T006,3508.596003149672,5831.667165848992,,,B02,existing
P1246_35,G1,B_batteries,G1-B_batteries-03,T021,5313.549854202742,9078.773277607346,,,B03,existing
P1246_35,G1,C_batteries,G1-C_batteries-01,T001,0.0,3150.0928537629516,,,C01,existing
P1246_35,G1,C_batteries,G1-C_batteries-02,T010_2,0.0,2880.8082760764496,T014_2,274.28467768650216,C02,existing
P1246_35,G1,C_batteries,G1-C_batteries-02,T014_2,3155.0929537629518,7966.52367812528,,,C02,existing
P1246_35,G1,C_batteries,G1-C_batteries-03,T003,1438.035182877992,4385.641813543676,,,C03,existing
P1246_35,G1,C_batteries,G1-C_batteries-04,T012,1954.1116402878895,6561.858999018011,,,C04,existing
P1246_35,G1,relay_aircraft,G1-relay_aircraft-01,R003,2004.2977389089663,7744.455885352581,,,R01,existing
P1246_35,G1,relay_components,G1-relay_components-01,R003,2004.2977389089663,8588.743789022035,,,RE01,existing
P1246_35,G2,A_aircraft,G2-A_aircraft-01,T007_HARD,0.0,1712.4416357195464,T020,1974.6325642497181,U03,existing
P1246_35,G2,A_aircraft,G2-A_aircraft-01,T020,3687.0741999692646,5657.284046946083,,,U03,existing
P1246_35,G2,A_aircraft,G2-A_aircraft-02,T007_SOFT,0.0,1712.4416357195464,T007,1954.6325642497204,U04,existing
P1246_35,G2,A_aircraft,G2-A_aircraft-02,T007,3667.074199969267,6275.115097078189,,,U04,existing
P1246_35,G2,A_aircraft,G2-A_aircraft-03,T014_1,3769.074199969265,5464.83230463773,T016,5.000099999999293,NEW-A_aircraft-01,procurement_required
P1246_35,G2,A_aircraft,G2-A_aircraft-03,T016,5469.832404637729,7165.590509306194,,,NEW-A_aircraft-01,procurement_required
P1246_35,G2,B_aircraft,G2-B_aircraft-01,T002_2,0.0,1500.9693925601796,T008,5.000099999999975,NEW-B_aircraft-01,procurement_required
P1246_35,G2,B_aircraft,G2-B_aircraft-01,T008,1505.9694925601796,3350.508382715747,T019_1,2022.1944981790475,NEW-B_aircraft-01,procurement_required
P1246_35,G2,B_aircraft,G2-B_aircraft-01,T019_1,5372.702880894794,6891.727225306649,,,NEW-B_aircraft-01,procurement_required
P1246_35,G2,B_aircraft,G2-B_aircraft-02,T015,0.0,1554.5713591276817,T011,5.000100000000202,NEW-B_aircraft-02,procurement_required
P1246_35,G2,B_aircraft,G2-B_aircraft-02,T011,1559.571459127682,3503.5959031496714,,,NEW-B_aircraft-02,procurement_required
P1246_35,G2,C_aircraft,G2-C_aircraft-01,T018,4074.1933815663424,6761.824258936959,,,NEW-C_aircraft-01,procurement_required
P1246_35,G2,A_batteries,G2-A_batteries-01,T007_HARD,0.0,2761.062337358848,T014_1,1008.0118626104172,A04,existing
P1246_35,G2,A_batteries,G2-A_batteries-01,T014_1,3769.074199969265,6580.0266291174285,,,A04,existing
P1246_35,G2,A_batteries,G2-A_batteries-02,T007_SOFT,0.0,2779.9496716386757,T016,2689.8827329990536,A05,existing
P1246_35,G2,A_batteries,G2-A_batteries-02,T016,5469.832404637729,8301.566821462397,,,A05,existing
P1246_35,G2,A_batteries,G2-A_batteries-03,T007,3667.074199969267,7728.37856016178,,,A06,existing
P1246_35,G2,A_batteries,G2-A_batteries-04,T020,3687.0741999692646,6897.284697633159,,,NEW-A_batteries-01,procurement_required
P1246_35,G2,B_batteries,G2-B_batteries-01,T002_2,0.0,2956.647180248775,T019_1,2416.0557006460194,B04,existing
P1246_35,G2,B_batteries,G2-B_batteries-01,T019_1,5372.702880894794,8356.40930924514,,,B04,existing
P1246_35,G2,B_batteries,G2-B_batteries-02,T015,0.0,3010.3575010505742,,,NEW-B_batteries-01,procurement_required
P1246_35,G2,B_batteries,G2-B_batteries-03,T008,1505.9694925601796,4939.170345795129,,,NEW-B_batteries-02,procurement_required
P1246_35,G2,B_batteries,G2-B_batteries-04,T011,1559.571459127682,5367.702780894794,,,NEW-B_batteries-03,procurement_required
P1246_35,G2,C_batteries,G2-C_batteries-01,T018,4074.1933815663424,9324.985226007513,,,NEW-C_batteries-01,procurement_required
P1246_35,G2,relay_aircraft,G2-relay_aircraft-01,R004,96.18236555369045,3902.2114189986755,,,R02,existing
P1246_35,G2,relay_aircraft,G2-relay_aircraft-02,R001,190.137319029409,1999.297638856333,R002,1907.9138801423414,NEW-relay_aircraft-01,procurement_required
P1246_35,G2,relay_aircraft,G2-relay_aircraft-02,R002,3907.2115189986744,7516.130043494062,,,NEW-relay_aircraft-01,procurement_required
P1246_35,G2,relay_components,G2-relay_components-01,R004,96.18236555369045,4498.791383917484,,,RE02,existing
P1246_35,G2,relay_components,G2-relay_components-02,R001,190.137319029409,2344.3073253046314,R002,1562.904193694043,RE03,existing
P1246_35,G2,relay_components,G2-relay_components-02,R002,3907.2115189986744,8084.5472154177,,,RE03,existing
P124_356,G1,A_aircraft,G1-A_aircraft-01,T005,0.0,1312.470877312685,T004,691.6407629752048,U01,existing
P124_356,G1,A_aircraft,G1-A_aircraft-01,T004,2004.1116402878897,4285.571599124281,,,U01,existing
P124_356,G1,A_aircraft,G1-A_aircraft-02,T009,0.0,1316.0142144169886,T022,2974.557484707293,U02,existing
P124_356,G1,A_aircraft,G1-A_aircraft-02,T022,4290.571699124282,5982.106185363231,,,U02,existing
P124_356,G1,B_aircraft,G1-B_aircraft-01,T013,3355.5084827157466,5313.549754202741,T021,0.00010000000111176632,U05,existing
P124_356,G1,B_aircraft,G1-B_aircraft-01,T021,5313.549854202742,7211.591125689736,,,U05,existing
P124_356,G1,C_aircraft,G1-C_aircraft-01,T001,0.0,1561.4261775174655,T012,392.685462770424,U07,existing
P124_356,G1,C_aircraft,G1-C_aircraft-01,T012,1954.1116402878895,4069.193281566342,,,U07,existing
P124_356,G1,C_aircraft,G1-C_aircraft-02,T010_2,0.0,1433.035082877992,T003,5.000099999999975,U08,existing
P124_356,G1,C_aircraft,G1-C_aircraft-02,T003,1438.035182877992,2867.4613603954576,T014_2,287.63159336749413,U08,existing
P124_356,G1,C_aircraft,G1-C_aircraft-02,T014_2,3155.0929537629518,5460.277018730793,,,U08,existing
P124_356,G1,A_batteries,G1-A_batteries-01,T005,0.0,2178.7887122874713,T022,2111.7829868368103,A01,existing
P124_356,G1,A_batteries,G1-A_batteries-01,T022,4290.571699124282,7157.600692042686,,,A01,existing
P124_356,G1,A_batteries,G1-A_batteries-02,T009,0.0,2207.8690163260853,,,A02,existing
P124_356,G1,A_batteries,G1-A_batteries-03,T004,2004.1116402878897,5653.515220902664,,,A03,existing
P124_356,G1,B_batteries,G1-B_batteries-01,T013,3355.5084827157466,7272.795381688331,,,B01,existing
P124_356,G1,B_batteries,G1-B_batteries-02,T021,5313.549854202742,9078.773277607346,,,B02,existing
P124_356,G1,C_batteries,G1-C_batteries-01,T001,0.0,3150.0928537629516,,,C01,existing
P124_356,G1,C_batteries,G1-C_batteries-02,T010_2,0.0,2880.8082760764496,T014_2,274.28467768650216,C02,existing
P124_356,G1,C_batteries,G1-C_batteries-02,T014_2,3155.0929537629518,7966.52367812528,,,C02,existing
P124_356,G1,C_batteries,G1-C_batteries-03,T003,1438.035182877992,4385.641813543676,,,C03,existing
P124_356,G1,C_batteries,G1-C_batteries-04,T012,1954.1116402878895,6561.858999018011,,,C04,existing
P124_356,G1,relay_aircraft,G1-relay_aircraft-01,R003,2004.2977389089663,7744.455885352581,,,R01,existing
P124_356,G1,relay_components,G1-relay_components-01,R003,2004.2977389089663,8588.743789022035,,,RE01,existing
P124_356,G2,A_aircraft,G2-A_aircraft-01,T007_HARD,0.0,1712.4416357195464,T020,1974.6325642497181,U03,existing
P124_356,G2,A_aircraft,G2-A_aircraft-01,T020,3687.0741999692646,5657.284046946083,,,U03,existing
P124_356,G2,A_aircraft,G2-A_aircraft-02,T007_SOFT,0.0,1712.4416357195464,T007,1954.6325642497204,U04,existing
P124_356,G2,A_aircraft,G2-A_aircraft-02,T007,3667.074199969267,6275.115097078189,,,U04,existing
P124_356,G2,A_aircraft,G2-A_aircraft-03,T014_1,3769.074199969265,5464.83230463773,T016,5.000099999999293,NEW-A_aircraft-01,procurement_required
P124_356,G2,A_aircraft,G2-A_aircraft-03,T016,5469.832404637729,7165.590509306194,,,NEW-A_aircraft-01,procurement_required
P124_356,G2,B_aircraft,G2-B_aircraft-01,T002_2,0.0,1500.9693925601796,T008,5.000099999999975,U06,existing
P124_356,G2,B_aircraft,G2-B_aircraft-01,T008,1505.9694925601796,3350.508382715747,T019_1,2022.1944981790475,U06,existing
P124_356,G2,B_aircraft,G2-B_aircraft-01,T019_1,5372.702880894794,6891.727225306649,,,U06,existing
P124_356,G2,B_aircraft,G2-B_aircraft-02,T015,0.0,1554.5713591276817,T011,5.000100000000202,NEW-B_aircraft-01,procurement_required
P124_356,G2,B_aircraft,G2-B_aircraft-02,T011,1559.571459127682,3503.5959031496714,T006,5.000100000000657,NEW-B_aircraft-01,procurement_required
P124_356,G2,B_aircraft,G2-B_aircraft-02,T006,3508.596003149672,4698.226288886111,,,NEW-B_aircraft-01,procurement_required
P124_356,G2,C_aircraft,G2-C_aircraft-01,T018,4074.1933815663424,6761.824258936959,,,NEW-C_aircraft-01,procurement_required
P124_356,G2,A_batteries,G2-A_batteries-01,T007_HARD,0.0,2761.062337358848,T014_1,1008.0118626104172,A04,existing
P124_356,G2,A_batteries,G2-A_batteries-01,T014_1,3769.074199969265,6580.0266291174285,,,A04,existing
P124_356,G2,A_batteries,G2-A_batteries-02,T007_SOFT,0.0,2779.9496716386757,T016,2689.8827329990536,A05,existing
P124_356,G2,A_batteries,G2-A_batteries-02,T016,5469.832404637729,8301.566821462397,,,A05,existing
P124_356,G2,A_batteries,G2-A_batteries-03,T007,3667.074199969267,7728.37856016178,,,A06,existing
P124_356,G2,A_batteries,G2-A_batteries-04,T020,3687.0741999692646,6897.284697633159,,,NEW-A_batteries-01,procurement_required
P124_356,G2,B_batteries,G2-B_batteries-01,T002_2,0.0,2956.647180248775,T006,551.9488229008971,B03,existing
P124_356,G2,B_batteries,G2-B_batteries-01,T006,3508.596003149672,5831.667165848992,,,B03,existing
P124_356,G2,B_batteries,G2-B_batteries-02,T015,0.0,3010.3575010505742,T019_1,2362.34537984422,B04,existing
P124_356,G2,B_batteries,G2-B_batteries-02,T019_1,5372.702880894794,8356.40930924514,,,B04,existing
P124_356,G2,B_batteries,G2-B_batteries-03,T008,1505.9694925601796,4939.170345795129,,,NEW-B_batteries-01,procurement_required
P124_356,G2,B_batteries,G2-B_batteries-04,T011,1559.571459127682,5367.702780894794,,,NEW-B_batteries-02,procurement_required
P124_356,G2,C_batteries,G2-C_batteries-01,T018,4074.1933815663424,9324.985226007513,,,NEW-C_batteries-01,procurement_required
P124_356,G2,relay_aircraft,G2-relay_aircraft-01,R004,96.18236555369045,3902.2114189986755,,,R02,existing
P124_356,G2,relay_aircraft,G2-relay_aircraft-02,R001,190.137319029409,1999.297638856333,R002,1907.9138801423414,NEW-relay_aircraft-01,procurement_required
P124_356,G2,relay_aircraft,G2-relay_aircraft-02,R002,3907.2115189986744,7516.130043494062,,,NEW-relay_aircraft-01,procurement_required
P124_356,G2,relay_components,G2-relay_components-01,R004,96.18236555369045,4498.791383917484,,,RE02,existing
P124_356,G2,relay_components,G2-relay_components-02,R001,190.137319029409,2344.3073253046314,R002,1562.904193694043,RE03,existing
P124_356,G2,relay_components,G2-relay_components-02,R002,3907.2115189986744,8084.5472154177,,,RE03,existing
P1256_34,G1,A_aircraft,G1-A_aircraft-01,T005,0.0,1312.470877312685,T004,691.6407629752048,U01,existing
P1256_34,G1,A_aircraft,G1-A_aircraft-01,T004,2004.1116402878897,4285.571599124281,T022,5.000100000000202,U01,existing
P1256_34,G1,A_aircraft,G1-A_aircraft-01,T022,4290.571699124282,5982.106185363231,,,U01,existing
P1256_34,G1,B_aircraft,G1-B_aircraft-01,T002_2,0.0,1500.9693925601796,T008,5.000099999999975,U05,existing
P1256_34,G1,B_aircraft,G1-B_aircraft-01,T008,1505.9694925601796,3350.508382715747,T013,5.0000999999997475,U05,existing
P1256_34,G1,B_aircraft,G1-B_aircraft-01,T013,3355.5084827157466,5313.549754202741,,,U05,existing
P1256_34,G1,B_aircraft,G1-B_aircraft-02,T015,0.0,1554.5713591276817,T011,5.000100000000202,U06,existing
P1256_34,G1,B_aircraft,G1-B_aircraft-02,T011,1559.571459127682,3503.5959031496714,T006,5.000100000000657,U06,existing
P1256_34,G1,B_aircraft,G1-B_aircraft-02,T006,3508.596003149672,4698.226288886111,T021,615.3235653166303,U06,existing
P1256_34,G1,B_aircraft,G1-B_aircraft-02,T021,5313.549854202742,7211.591125689736,,,U06,existing
P1256_34,G1,C_aircraft,G1-C_aircraft-01,T001,0.0,1561.4261775174655,T012,392.685462770424,U07,existing
P1256_34,G1,C_aircraft,G1-C_aircraft-01,T012,1954.1116402878895,4069.193281566342,,,U07,existing
P1256_34,G1,C_aircraft,G1-C_aircraft-02,T003,1438.035182877992,2867.4613603954576,T014_2,287.63159336749413,U08,existing
P1256_34,G1,C_aircraft,G1-C_aircraft-02,T014_2,3155.0929537629518,5460.277018730793,,,U08,existing
P1256_34,G1,A_batteries,G1-A_batteries-01,T005,0.0,2178.7887122874713,T022,2111.7829868368103,A01,existing
P1256_34,G1,A_batteries,G1-A_batteries-01,T022,4290.571699124282,7157.600692042686,,,A01,existing
P1256_34,G1,A_batteries,G1-A_batteries-02,T004,2004.1116402878897,5653.515220902664,,,A02,existing
P1256_34,G1,B_batteries,G1-B_batteries-01,T002_2,0.0,2956.647180248775,T013,398.86130246697167,B01,existing
P1256_34,G1,B_batteries,G1-B_batteries-01,T013,3355.5084827157466,7272.795381688331,,,B01,existing
P1256_34,G1,B_batteries,G1-B_batteries-02,T015,0.0,3010.3575010505742,T006,498.2385020990978,B02,existing
P1256_34,G1,B_batteries,G1-B_batteries-02,T006,3508.596003149672,5831.667165848992,,,B02,existing
P1256_34,G1,B_batteries,G1-B_batteries-03,T008,1505.9694925601796,4939.170345795129,T021,374.3795084076128,B03,existing
P1256_34,G1,B_batteries,G1-B_batteries-03,T021,5313.549854202742,9078.773277607346,,,B03,existing
P1256_34,G1,B_batteries,G1-B_batteries-04,T011,1559.571459127682,5367.702780894794,,,B04,existing
P1256_34,G1,C_batteries,G1-C_batteries-01,T001,0.0,3150.0928537629516,T014_2,5.000100000000202,C01,existing
P1256_34,G1,C_batteries,G1-C_batteries-01,T014_2,3155.0929537629518,7966.52367812528,,,C01,existing
P1256_34,G1,C_batteries,G1-C_batteries-02,T003,1438.035182877992,4385.641813543676,,,C02,existing
P1256_34,G1,C_batteries,G1-C_batteries-03,T012,1954.1116402878895,6561.858999018011,,,C03,existing
P1256_34,G1,relay_aircraft,G1-relay_aircraft-01,R004,96.18236555369045,3902.2114189986755,,,R01,existing
P1256_34,G1,relay_aircraft,G1-relay_aircraft-02,R003,2004.2977389089663,7744.455885352581,,,R02,existing
P1256_34,G1,relay_components,G1-relay_components-01,R004,96.18236555369045,4498.791383917484,,,RE01,existing
P1256_34,G1,relay_components,G1-relay_components-02,R003,2004.2977389089663,8588.743789022035,,,RE02,existing
P1256_34,G2,A_aircraft,G2-A_aircraft-01,T007_HARD,0.0,1712.4416357195464,T020,1974.6325642497181,U02,existing
P1256_34,G2,A_aircraft,G2-A_aircraft-01,T020,3687.0741999692646,5657.284046946083,,,U02,existing
P1256_34,G2,A_aircraft,G2-A_aircraft-02,T007_SOFT,0.0,1712.4416357195464,T007,1954.6325642497204,U03,existing
P1256_34,G2,A_aircraft,G2-A_aircraft-02,T007,3667.074199969267,6275.115097078189,,,U03,existing
P1256_34,G2,A_aircraft,G2-A_aircraft-03,T009,0.0,1316.0142144169886,T014_1,2453.0599855522764,U04,existing
P1256_34,G2,A_aircraft,G2-A_aircraft-03,T014_1,3769.074199969265,5464.83230463773,T016,5.000099999999293,U04,existing
P1256_34,G2,A_aircraft,G2-A_aircraft-03,T016,5469.832404637729,7165.590509306194,,,U04,existing
P1256_34,G2,B_aircraft,G2-B_aircraft-01,T019_1,5372.702880894794,6891.727225306649,,,NEW-B_aircraft-01,procurement_required
P1256_34,G2,C_aircraft,G2-C_aircraft-01,T010_2,0.0,1433.035082877992,T018,2641.1582986883504,NEW-C_aircraft-01,procurement_required
P1256_34,G2,C_aircraft,G2-C_aircraft-01,T018,4074.1933815663424,6761.824258936959,,,NEW-C_aircraft-01,procurement_required
P1256_34,G2,A_batteries,G2-A_batteries-01,T007_HARD,0.0,2761.062337358848,T014_1,1008.0118626104172,A03,existing
P1256_34,G2,A_batteries,G2-A_batteries-01,T014_1,3769.074199969265,6580.0266291174285,,,A03,existing
P1256_34,G2,A_batteries,G2-A_batteries-02,T007_SOFT,0.0,2779.9496716386757,T016,2689.8827329990536,A04,existing
P1256_34,G2,A_batteries,G2-A_batteries-02,T016,5469.832404637729,8301.566821462397,,,A04,existing
P1256_34,G2,A_batteries,G2-A_batteries-03,T009,0.0,2207.8690163260853,T007,1459.2051836431815,A05,existing
P1256_34,G2,A_batteries,G2-A_batteries-03,T007,3667.074199969267,7728.37856016178,,,A05,existing
P1256_34,G2,A_batteries,G2-A_batteries-04,T020,3687.0741999692646,6897.284697633159,,,A06,existing
P1256_34,G2,B_batteries,G2-B_batteries-01,T019_1,5372.702880894794,8356.40930924514,,,NEW-B_batteries-01,procurement_required
P1256_34,G2,C_batteries,G2-C_batteries-01,T010_2,0.0,2880.8082760764496,T018,1193.3851054898928,C04,existing
P1256_34,G2,C_batteries,G2-C_batteries-01,T018,4074.1933815663424,9324.985226007513,,,C04,existing
P1256_34,G2,relay_aircraft,G2-relay_aircraft-01,R001,190.137319029409,1999.297638856333,R002,1907.9138801423414,NEW-relay_aircraft-01,procurement_required
P1256_34,G2,relay_aircraft,G2-relay_aircraft-01,R002,3907.2115189986744,7516.130043494062,,,NEW-relay_aircraft-01,procurement_required
P1256_34,G2,relay_components,G2-relay_components-01,R001,190.137319029409,2344.3073253046314,R002,1562.904193694043,RE03,existing
P1256_34,G2,relay_components,G2-relay_components-01,R002,3907.2115189986744,8084.5472154177,,,RE03,existing
P125_346,G1,A_aircraft,G1-A_aircraft-01,T005,0.0,1312.470877312685,T004,691.6407629752048,U01,existing
P125_346,G1,A_aircraft,G1-A_aircraft-01,T004,2004.1116402878897,4285.571599124281,T022,5.000100000000202,U01,existing
P125_346,G1,A_aircraft,G1-A_aircraft-01,T022,4290.571699124282,5982.106185363231,,,U01,existing
P125_346,G1,B_aircraft,G1-B_aircraft-01,T002_2,0.0,1500.9693925601796,T008,5.000099999999975,U05,existing
P125_346,G1,B_aircraft,G1-B_aircraft-01,T008,1505.9694925601796,3350.508382715747,T013,5.0000999999997475,U05,existing
P125_346,G1,B_aircraft,G1-B_aircraft-01,T013,3355.5084827157466,5313.549754202741,,,U05,existing
P125_346,G1,B_aircraft,G1-B_aircraft-02,T015,0.0,1554.5713591276817,T011,5.000100000000202,U06,existing
P125_346,G1,B_aircraft,G1-B_aircraft-02,T011,1559.571459127682,3503.5959031496714,T021,1809.9539510530703,U06,existing
P125_346,G1,B_aircraft,G1-B_aircraft-02,T021,5313.549854202742,7211.591125689736,,,U06,existing
P125_346,G1,C_aircraft,G1-C_aircraft-01,T001,0.0,1561.4261775174655,T012,392.685462770424,U07,existing
P125_346,G1,C_aircraft,G1-C_aircraft-01,T012,1954.1116402878895,4069.193281566342,,,U07,existing
P125_346,G1,C_aircraft,G1-C_aircraft-02,T003,1438.035182877992,2867.4613603954576,T014_2,287.63159336749413,U08,existing
P125_346,G1,C_aircraft,G1-C_aircraft-02,T014_2,3155.0929537629518,5460.277018730793,,,U08,existing
P125_346,G1,A_batteries,G1-A_batteries-01,T005,0.0,2178.7887122874713,T022,2111.7829868368103,A01,existing
P125_346,G1,A_batteries,G1-A_batteries-01,T022,4290.571699124282,7157.600692042686,,,A01,existing
P125_346,G1,A_batteries,G1-A_batteries-02,T004,2004.1116402878897,5653.515220902664,,,A02,existing
P125_346,G1,B_batteries,G1-B_batteries-01,T002_2,0.0,2956.647180248775,T013,398.86130246697167,B01,existing
P125_346,G1,B_batteries,G1-B_batteries-01,T013,3355.5084827157466,7272.795381688331,,,B01,existing
P125_346,G1,B_batteries,G1-B_batteries-02,T015,0.0,3010.3575010505742,T021,2303.1923531521675,B02,existing
P125_346,G1,B_batteries,G1-B_batteries-02,T021,5313.549854202742,9078.773277607346,,,B02,existing
P125_346,G1,B_batteries,G1-B_batteries-03,T008,1505.9694925601796,4939.170345795129,,,B03,existing
P125_346,G1,B_batteries,G1-B_batteries-04,T011,1559.571459127682,5367.702780894794,,,B04,existing
P125_346,G1,C_batteries,G1-C_batteries-01,T001,0.0,3150.0928537629516,T014_2,5.000100000000202,C01,existing
P125_346,G1,C_batteries,G1-C_batteries-01,T014_2,3155.0929537629518,7966.52367812528,,,C01,existing
P125_346,G1,C_batteries,G1-C_batteries-02,T003,1438.035182877992,4385.641813543676,,,C02,existing
P125_346,G1,C_batteries,G1-C_batteries-03,T012,1954.1116402878895,6561.858999018011,,,C03,existing
P125_346,G1,relay_aircraft,G1-relay_aircraft-01,R004,96.18236555369045,3902.2114189986755,,,R01,existing
P125_346,G1,relay_aircraft,G1-relay_aircraft-02,R003,2004.2977389089663,7744.455885352581,,,R02,existing
P125_346,G1,relay_components,G1-relay_components-01,R004,96.18236555369045,4498.791383917484,,,RE01,existing
P125_346,G1,relay_components,G1-relay_components-02,R003,2004.2977389089663,8588.743789022035,,,RE02,existing
P125_346,G2,A_aircraft,G2-A_aircraft-01,T007_HARD,0.0,1712.4416357195464,T020,1974.6325642497181,U02,existing
P125_346,G2,A_aircraft,G2-A_aircraft-01,T020,3687.0741999692646,5657.284046946083,,,U02,existing
P125_346,G2,A_aircraft,G2-A_aircraft-02,T007_SOFT,0.0,1712.4416357195464,T007,1954.6325642497204,U03,existing
P125_346,G2,A_aircraft,G2-A_aircraft-02,T007,3667.074199969267,6275.115097078189,,,U03,existing
P125_346,G2,A_aircraft,G2-A_aircraft-03,T009,0.0,1316.0142144169886,T014_1,2453.0599855522764,U04,existing
P125_346,G2,A_aircraft,G2-A_aircraft-03,T014_1,3769.074199969265,5464.83230463773,T016,5.000099999999293,U04,existing
P125_346,G2,A_aircraft,G2-A_aircraft-03,T016,5469.832404637729,7165.590509306194,,,U04,existing
P125_346,G2,B_aircraft,G2-B_aircraft-01,T006,3508.596003149672,4698.226288886111,T019_1,674.4765920086829,NEW-B_aircraft-01,procurement_required
P125_346,G2,B_aircraft,G2-B_aircraft-01,T019_1,5372.702880894794,6891.727225306649,,,NEW-B_aircraft-01,procurement_required
P125_346,G2,C_aircraft,G2-C_aircraft-01,T010_2,0.0,1433.035082877992,T018,2641.1582986883504,NEW-C_aircraft-01,procurement_required
P125_346,G2,C_aircraft,G2-C_aircraft-01,T018,4074.1933815663424,6761.824258936959,,,NEW-C_aircraft-01,procurement_required
P125_346,G2,A_batteries,G2-A_batteries-01,T007_HARD,0.0,2761.062337358848,T014_1,1008.0118626104172,A03,existing
P125_346,G2,A_batteries,G2-A_batteries-01,T014_1,3769.074199969265,6580.0266291174285,,,A03,existing
P125_346,G2,A_batteries,G2-A_batteries-02,T007_SOFT,0.0,2779.9496716386757,T016,2689.8827329990536,A04,existing
P125_346,G2,A_batteries,G2-A_batteries-02,T016,5469.832404637729,8301.566821462397,,,A04,existing
P125_346,G2,A_batteries,G2-A_batteries-03,T009,0.0,2207.8690163260853,T007,1459.2051836431815,A05,existing
P125_346,G2,A_batteries,G2-A_batteries-03,T007,3667.074199969267,7728.37856016178,,,A05,existing
P125_346,G2,A_batteries,G2-A_batteries-04,T020,3687.0741999692646,6897.284697633159,,,A06,existing
P125_346,G2,B_batteries,G2-B_batteries-01,T006,3508.596003149672,5831.667165848992,,,NEW-B_batteries-01,procurement_required
P125_346,G2,B_batteries,G2-B_batteries-02,T019_1,5372.702880894794,8356.40930924514,,,NEW-B_batteries-02,procurement_required
P125_346,G2,C_batteries,G2-C_batteries-01,T010_2,0.0,2880.8082760764496,T018,1193.3851054898928,C04,existing
P125_346,G2,C_batteries,G2-C_batteries-01,T018,4074.1933815663424,9324.985226007513,,,C04,existing
P125_346,G2,relay_aircraft,G2-relay_aircraft-01,R001,190.137319029409,1999.297638856333,R002,1907.9138801423414,NEW-relay_aircraft-01,procurement_required
P125_346,G2,relay_aircraft,G2-relay_aircraft-01,R002,3907.2115189986744,7516.130043494062,,,NEW-relay_aircraft-01,procurement_required
P125_346,G2,relay_components,G2-relay_components-01,R001,190.137319029409,2344.3073253046314,R002,1562.904193694043,RE03,existing
P125_346,G2,relay_components,G2-relay_components-01,R002,3907.2115189986744,8084.5472154177,,,RE03,existing
P126_345,G1,A_aircraft,G1-A_aircraft-01,T005,0.0,1312.470877312685,T004,691.6407629752048,U01,existing
P126_345,G1,A_aircraft,G1-A_aircraft-01,T004,2004.1116402878897,4285.571599124281,T022,5.000100000000202,U01,existing
P126_345,G1,A_aircraft,G1-A_aircraft-01,T022,4290.571699124282,5982.106185363231,,,U01,existing
P126_345,G1,B_aircraft,G1-B_aircraft-01,T013,3355.5084827157466,5313.549754202741,,,U05,existing
P126_345,G1,B_aircraft,G1-B_aircraft-02,T006,3508.596003149672,4698.226288886111,T021,615.3235653166303,U06,existing
P126_345,G1,B_aircraft,G1-B_aircraft-02,T021,5313.549854202742,7211.591125689736,,,U06,existing
P126_345,G1,C_aircraft,G1-C_aircraft-01,T001,0.0,1561.4261775174655,T012,392.685462770424,U07,existing
P126_345,G1,C_aircraft,G1-C_aircraft-01,T012,1954.1116402878895,4069.193281566342,,,U07,existing
P126_345,G1,C_aircraft,G1-C_aircraft-02,T003,1438.035182877992,2867.4613603954576,T014_2,287.63159336749413,U08,existing
P126_345,G1,C_aircraft,G1-C_aircraft-02,T014_2,3155.0929537629518,5460.277018730793,,,U08,existing
P126_345,G1,A_batteries,G1-A_batteries-01,T005,0.0,2178.7887122874713,T022,2111.7829868368103,A01,existing
P126_345,G1,A_batteries,G1-A_batteries-01,T022,4290.571699124282,7157.600692042686,,,A01,existing
P126_345,G1,A_batteries,G1-A_batteries-02,T004,2004.1116402878897,5653.515220902664,,,A02,existing
P126_345,G1,B_batteries,G1-B_batteries-01,T013,3355.5084827157466,7272.795381688331,,,B01,existing
P126_345,G1,B_batteries,G1-B_batteries-02,T006,3508.596003149672,5831.667165848992,,,B02,existing
P126_345,G1,B_batteries,G1-B_batteries-03,T021,5313.549854202742,9078.773277607346,,,B03,existing
P126_345,G1,C_batteries,G1-C_batteries-01,T001,0.0,3150.0928537629516,T014_2,5.000100000000202,C01,existing
P126_345,G1,C_batteries,G1-C_batteries-01,T014_2,3155.0929537629518,7966.52367812528,,,C01,existing
P126_345,G1,C_batteries,G1-C_batteries-02,T003,1438.035182877992,4385.641813543676,,,C02,existing
P126_345,G1,C_batteries,G1-C_batteries-03,T012,1954.1116402878895,6561.858999018011,,,C03,existing
P126_345,G1,relay_aircraft,G1-relay_aircraft-01,R003,2004.2977389089663,7744.455885352581,,,R01,existing
P126_345,G1,relay_components,G1-relay_components-01,R003,2004.2977389089663,8588.743789022035,,,RE01,existing
P126_345,G2,A_aircraft,G2-A_aircraft-01,T007_HARD,0.0,1712.4416357195464,T020,1974.6325642497181,U02,existing
P126_345,G2,A_aircraft,G2-A_aircraft-01,T020,3687.0741999692646,5657.284046946083,,,U02,existing
P126_345,G2,A_aircraft,G2-A_aircraft-02,T007_SOFT,0.0,1712.4416357195464,T007,1954.6325642497204,U03,existing
P126_345,G2,A_aircraft,G2-A_aircraft-02,T007,3667.074199969267,6275.115097078189,,,U03,existing
P126_345,G2,A_aircraft,G2-A_aircraft-03,T009,0.0,1316.0142144169886,T014_1,2453.0599855522764,U04,existing
P126_345,G2,A_aircraft,G2-A_aircraft-03,T014_1,3769.074199969265,5464.83230463773,T016,5.000099999999293,U04,existing
P126_345,G2,A_aircraft,G2-A_aircraft-03,T016,5469.832404637729,7165.590509306194,,,U04,existing
P126_345,G2,B_aircraft,G2-B_aircraft-01,T002_2,0.0,1500.9693925601796,T008,5.000099999999975,NEW-B_aircraft-01,procurement_required
P126_345,G2,B_aircraft,G2-B_aircraft-01,T008,1505.9694925601796,3350.508382715747,T019_1,2022.1944981790475,NEW-B_aircraft-01,procurement_required
P126_345,G2,B_aircraft,G2-B_aircraft-01,T019_1,5372.702880894794,6891.727225306649,,,NEW-B_aircraft-01,procurement_required
P126_345,G2,B_aircraft,G2-B_aircraft-02,T015,0.0,1554.5713591276817,T011,5.000100000000202,NEW-B_aircraft-02,procurement_required
P126_345,G2,B_aircraft,G2-B_aircraft-02,T011,1559.571459127682,3503.5959031496714,,,NEW-B_aircraft-02,procurement_required
P126_345,G2,C_aircraft,G2-C_aircraft-01,T010_2,0.0,1433.035082877992,T018,2641.1582986883504,NEW-C_aircraft-01,procurement_required
P126_345,G2,C_aircraft,G2-C_aircraft-01,T018,4074.1933815663424,6761.824258936959,,,NEW-C_aircraft-01,procurement_required
P126_345,G2,A_batteries,G2-A_batteries-01,T007_HARD,0.0,2761.062337358848,T014_1,1008.0118626104172,A03,existing
P126_345,G2,A_batteries,G2-A_batteries-01,T014_1,3769.074199969265,6580.0266291174285,,,A03,existing
P126_345,G2,A_batteries,G2-A_batteries-02,T007_SOFT,0.0,2779.9496716386757,T016,2689.8827329990536,A04,existing
P126_345,G2,A_batteries,G2-A_batteries-02,T016,5469.832404637729,8301.566821462397,,,A04,existing
P126_345,G2,A_batteries,G2-A_batteries-03,T009,0.0,2207.8690163260853,T007,1459.2051836431815,A05,existing
P126_345,G2,A_batteries,G2-A_batteries-03,T007,3667.074199969267,7728.37856016178,,,A05,existing
P126_345,G2,A_batteries,G2-A_batteries-04,T020,3687.0741999692646,6897.284697633159,,,A06,existing
P126_345,G2,B_batteries,G2-B_batteries-01,T002_2,0.0,2956.647180248775,T019_1,2416.0557006460194,B04,existing
P126_345,G2,B_batteries,G2-B_batteries-01,T019_1,5372.702880894794,8356.40930924514,,,B04,existing
P126_345,G2,B_batteries,G2-B_batteries-02,T015,0.0,3010.3575010505742,,,NEW-B_batteries-01,procurement_required
P126_345,G2,B_batteries,G2-B_batteries-03,T008,1505.9694925601796,4939.170345795129,,,NEW-B_batteries-02,procurement_required
P126_345,G2,B_batteries,G2-B_batteries-04,T011,1559.571459127682,5367.702780894794,,,NEW-B_batteries-03,procurement_required
P126_345,G2,C_batteries,G2-C_batteries-01,T010_2,0.0,2880.8082760764496,T018,1193.3851054898928,C04,existing
P126_345,G2,C_batteries,G2-C_batteries-01,T018,4074.1933815663424,9324.985226007513,,,C04,existing
P126_345,G2,relay_aircraft,G2-relay_aircraft-01,R004,96.18236555369045,3902.2114189986755,,,R02,existing
P126_345,G2,relay_aircraft,G2-relay_aircraft-02,R001,190.137319029409,1999.297638856333,R002,1907.9138801423414,NEW-relay_aircraft-01,procurement_required
P126_345,G2,relay_aircraft,G2-relay_aircraft-02,R002,3907.2115189986744,7516.130043494062,,,NEW-relay_aircraft-01,procurement_required
P126_345,G2,relay_components,G2-relay_components-01,R004,96.18236555369045,4498.791383917484,,,RE02,existing
P126_345,G2,relay_components,G2-relay_components-02,R001,190.137319029409,2344.3073253046314,R002,1562.904193694043,RE03,existing
P126_345,G2,relay_components,G2-relay_components-02,R002,3907.2115189986744,8084.5472154177,,,RE03,existing
P12_3456,G1,A_aircraft,G1-A_aircraft-01,T005,0.0,1312.470877312685,T004,691.6407629752048,U01,existing
P12_3456,G1,A_aircraft,G1-A_aircraft-01,T004,2004.1116402878897,4285.571599124281,T022,5.000100000000202,U01,existing
P12_3456,G1,A_aircraft,G1-A_aircraft-01,T022,4290.571699124282,5982.106185363231,,,U01,existing
P12_3456,G1,B_aircraft,G1-B_aircraft-01,T013,3355.5084827157466,5313.549754202741,T021,0.00010000000111176632,U05,existing
P12_3456,G1,B_aircraft,G1-B_aircraft-01,T021,5313.549854202742,7211.591125689736,,,U05,existing
P12_3456,G1,C_aircraft,G1-C_aircraft-01,T001,0.0,1561.4261775174655,T012,392.685462770424,U07,existing
P12_3456,G1,C_aircraft,G1-C_aircraft-01,T012,1954.1116402878895,4069.193281566342,,,U07,existing
P12_3456,G1,C_aircraft,G1-C_aircraft-02,T003,1438.035182877992,2867.4613603954576,T014_2,287.63159336749413,U08,existing
P12_3456,G1,C_aircraft,G1-C_aircraft-02,T014_2,3155.0929537629518,5460.277018730793,,,U08,existing
P12_3456,G1,A_batteries,G1-A_batteries-01,T005,0.0,2178.7887122874713,T022,2111.7829868368103,A01,existing
P12_3456,G1,A_batteries,G1-A_batteries-01,T022,4290.571699124282,7157.600692042686,,,A01,existing
P12_3456,G1,A_batteries,G1-A_batteries-02,T004,2004.1116402878897,5653.515220902664,,,A02,existing
P12_3456,G1,B_batteries,G1-B_batteries-01,T013,3355.5084827157466,7272.795381688331,,,B01,existing
P12_3456,G1,B_batteries,G1-B_batteries-02,T021,5313.549854202742,9078.773277607346,,,B02,existing
P12_3456,G1,C_batteries,G1-C_batteries-01,T001,0.0,3150.0928537629516,T014_2,5.000100000000202,C01,existing
P12_3456,G1,C_batteries,G1-C_batteries-01,T014_2,3155.0929537629518,7966.52367812528,,,C01,existing
P12_3456,G1,C_batteries,G1-C_batteries-02,T003,1438.035182877992,4385.641813543676,,,C02,existing
P12_3456,G1,C_batteries,G1-C_batteries-03,T012,1954.1116402878895,6561.858999018011,,,C03,existing
P12_3456,G1,relay_aircraft,G1-relay_aircraft-01,R003,2004.2977389089663,7744.455885352581,,,R01,existing
P12_3456,G1,relay_components,G1-relay_components-01,R003,2004.2977389089663,8588.743789022035,,,RE01,existing
P12_3456,G2,A_aircraft,G2-A_aircraft-01,T007_HARD,0.0,1712.4416357195464,T020,1974.6325642497181,U02,existing
P12_3456,G2,A_aircraft,G2-A_aircraft-01,T020,3687.0741999692646,5657.284046946083,,,U02,existing
P12_3456,G2,A_aircraft,G2-A_aircraft-02,T007_SOFT,0.0,1712.4416357195464,T007,1954.6325642497204,U03,existing
P12_3456,G2,A_aircraft,G2-A_aircraft-02,T007,3667.074199969267,6275.115097078189,,,U03,existing
P12_3456,G2,A_aircraft,G2-A_aircraft-03,T009,0.0,1316.0142144169886,T014_1,2453.0599855522764,U04,existing
P12_3456,G2,A_aircraft,G2-A_aircraft-03,T014_1,3769.074199969265,5464.83230463773,T016,5.000099999999293,U04,existing
P12_3456,G2,A_aircraft,G2-A_aircraft-03,T016,5469.832404637729,7165.590509306194,,,U04,existing
P12_3456,G2,B_aircraft,G2-B_aircraft-01,T002_2,0.0,1500.9693925601796,T008,5.000099999999975,U06,existing
P12_3456,G2,B_aircraft,G2-B_aircraft-01,T008,1505.9694925601796,3350.508382715747,T019_1,2022.1944981790475,U06,existing
P12_3456,G2,B_aircraft,G2-B_aircraft-01,T019_1,5372.702880894794,6891.727225306649,,,U06,existing
P12_3456,G2,B_aircraft,G2-B_aircraft-02,T015,0.0,1554.5713591276817,T011,5.000100000000202,NEW-B_aircraft-01,procurement_required
P12_3456,G2,B_aircraft,G2-B_aircraft-02,T011,1559.571459127682,3503.5959031496714,T006,5.000100000000657,NEW-B_aircraft-01,procurement_required
P12_3456,G2,B_aircraft,G2-B_aircraft-02,T006,3508.596003149672,4698.226288886111,,,NEW-B_aircraft-01,procurement_required
P12_3456,G2,C_aircraft,G2-C_aircraft-01,T010_2,0.0,1433.035082877992,T018,2641.1582986883504,NEW-C_aircraft-01,procurement_required
P12_3456,G2,C_aircraft,G2-C_aircraft-01,T018,4074.1933815663424,6761.824258936959,,,NEW-C_aircraft-01,procurement_required
P12_3456,G2,A_batteries,G2-A_batteries-01,T007_HARD,0.0,2761.062337358848,T014_1,1008.0118626104172,A03,existing
P12_3456,G2,A_batteries,G2-A_batteries-01,T014_1,3769.074199969265,6580.0266291174285,,,A03,existing
P12_3456,G2,A_batteries,G2-A_batteries-02,T007_SOFT,0.0,2779.9496716386757,T016,2689.8827329990536,A04,existing
P12_3456,G2,A_batteries,G2-A_batteries-02,T016,5469.832404637729,8301.566821462397,,,A04,existing
P12_3456,G2,A_batteries,G2-A_batteries-03,T009,0.0,2207.8690163260853,T007,1459.2051836431815,A05,existing
P12_3456,G2,A_batteries,G2-A_batteries-03,T007,3667.074199969267,7728.37856016178,,,A05,existing
P12_3456,G2,A_batteries,G2-A_batteries-04,T020,3687.0741999692646,6897.284697633159,,,A06,existing
P12_3456,G2,B_batteries,G2-B_batteries-01,T002_2,0.0,2956.647180248775,T006,551.9488229008971,B03,existing
P12_3456,G2,B_batteries,G2-B_batteries-01,T006,3508.596003149672,5831.667165848992,,,B03,existing
P12_3456,G2,B_batteries,G2-B_batteries-02,T015,0.0,3010.3575010505742,T019_1,2362.34537984422,B04,existing
P12_3456,G2,B_batteries,G2-B_batteries-02,T019_1,5372.702880894794,8356.40930924514,,,B04,existing
P12_3456,G2,B_batteries,G2-B_batteries-03,T008,1505.9694925601796,4939.170345795129,,,NEW-B_batteries-01,procurement_required
P12_3456,G2,B_batteries,G2-B_batteries-04,T011,1559.571459127682,5367.702780894794,,,NEW-B_batteries-02,procurement_required
P12_3456,G2,C_batteries,G2-C_batteries-01,T010_2,0.0,2880.8082760764496,T018,1193.3851054898928,C04,existing
P12_3456,G2,C_batteries,G2-C_batteries-01,T018,4074.1933815663424,9324.985226007513,,,C04,existing
P12_3456,G2,relay_aircraft,G2-relay_aircraft-01,R004,96.18236555369045,3902.2114189986755,,,R02,existing
P12_3456,G2,relay_aircraft,G2-relay_aircraft-02,R001,190.137319029409,1999.297638856333,R002,1907.9138801423414,NEW-relay_aircraft-01,procurement_required
P12_3456,G2,relay_aircraft,G2-relay_aircraft-02,R002,3907.2115189986744,7516.130043494062,,,NEW-relay_aircraft-01,procurement_required
P12_3456,G2,relay_components,G2-relay_components-01,R004,96.18236555369045,4498.791383917484,,,RE02,existing
P12_3456,G2,relay_components,G2-relay_components-02,R001,190.137319029409,2344.3073253046314,R002,1562.904193694043,RE03,existing
P12_3456,G2,relay_components,G2-relay_components-02,R002,3907.2115189986744,8084.5472154177,,,RE03,existing
P13456_2,G1,A_aircraft,G1-A_aircraft-01,T005,0.0,1312.470877312685,T020,2374.6033226565796,U01,existing
P13456_2,G1,A_aircraft,G1-A_aircraft-01,T020,3687.0741999692646,5657.284046946083,,,U01,existing
P13456_2,G1,A_aircraft,G1-A_aircraft-02,T007_HARD,0.0,1712.4416357195464,T016,3757.390768918183,U02,existing
P13456_2,G1,A_aircraft,G1-A_aircraft-02,T016,5469.832404637729,7165.590509306194,,,U02,existing
P13456_2,G1,A_aircraft,G1-A_aircraft-03,T007_SOFT,0.0,1712.4416357195464,T014_1,2056.6325642497186,U03,existing
P13456_2,G1,A_aircraft,G1-A_aircraft-03,T014_1,3769.074199969265,5464.83230463773,,,U03,existing
P13456_2,G1,A_aircraft,G1-A_aircraft-04,T009,0.0,1316.0142144169886,T007,2351.0599855522782,U04,existing
P13456_2,G1,A_aircraft,G1-A_aircraft-04,T007,3667.074199969267,6275.115097078189,,,U04,existing
P13456_2,G1,B_aircraft,G1-B_aircraft-01,T002_2,0.0,1500.9693925601796,T008,5.000099999999975,U05,existing
P13456_2,G1,B_aircraft,G1-B_aircraft-01,T008,1505.9694925601796,3350.508382715747,T019_1,2022.1944981790475,U05,existing
P13456_2,G1,B_aircraft,G1-B_aircraft-01,T019_1,5372.702880894794,6891.727225306649,,,U05,existing
P13456_2,G1,B_aircraft,G1-B_aircraft-02,T015,0.0,1554.5713591276817,T011,5.000100000000202,U06,existing
P13456_2,G1,B_aircraft,G1-B_aircraft-02,T011,1559.571459127682,3503.5959031496714,T006,5.000100000000657,U06,existing
P13456_2,G1,B_aircraft,G1-B_aircraft-02,T006,3508.596003149672,4698.226288886111,,,U06,existing
P13456_2,G1,C_aircraft,G1-C_aircraft-01,T001,0.0,1561.4261775174655,T018,2512.767204048877,U07,existing
P13456_2,G1,C_aircraft,G1-C_aircraft-01,T018,4074.1933815663424,6761.824258936959,,,U07,existing
P13456_2,G1,C_aircraft,G1-C_aircraft-02,T010_2,0.0,1433.035082877992,T003,5.000099999999975,U08,existing
P13456_2,G1,C_aircraft,G1-C_aircraft-02,T003,1438.035182877992,2867.4613603954576,,,U08,existing
P13456_2,G1,A_batteries,G1-A_batteries-01,T005,0.0,2178.7887122874713,T020,1508.2854876817933,A01,existing
P13456_2,G1,A_batteries,G1-A_batteries-01,T020,3687.0741999692646,6897.284697633159,,,A01,existing
P13456_2,G1,A_batteries,G1-A_batteries-02,T007_HARD,0.0,2761.062337358848,T014_1,1008.0118626104172,A02,existing
P13456_2,G1,A_batteries,G1-A_batteries-02,T014_1,3769.074199969265,6580.0266291174285,,,A02,existing
P13456_2,G1,A_batteries,G1-A_batteries-03,T007_SOFT,0.0,2779.9496716386757,T016,2689.8827329990536,A03,existing
P13456_2,G1,A_batteries,G1-A_batteries-03,T016,5469.832404637729,8301.566821462397,,,A03,existing
P13456_2,G1,A_batteries,G1-A_batteries-04,T009,0.0,2207.8690163260853,T007,1459.2051836431815,A04,existing
P13456_2,G1,A_batteries,G1-A_batteries-04,T007,3667.074199969267,7728.37856016178,,,A04,existing
P13456_2,G1,B_batteries,G1-B_batteries-01,T002_2,0.0,2956.647180248775,T006,551.9488229008971,B01,existing
P13456_2,G1,B_batteries,G1-B_batteries-01,T006,3508.596003149672,5831.667165848992,,,B01,existing
P13456_2,G1,B_batteries,G1-B_batteries-02,T015,0.0,3010.3575010505742,T019_1,2362.34537984422,B02,existing
P13456_2,G1,B_batteries,G1-B_batteries-02,T019_1,5372.702880894794,8356.40930924514,,,B02,existing
P13456_2,G1,B_batteries,G1-B_batteries-03,T008,1505.9694925601796,4939.170345795129,,,B03,existing
P13456_2,G1,B_batteries,G1-B_batteries-04,T011,1559.571459127682,5367.702780894794,,,B04,existing
P13456_2,G1,C_batteries,G1-C_batteries-01,T001,0.0,3150.0928537629516,,,C01,existing
P13456_2,G1,C_batteries,G1-C_batteries-02,T010_2,0.0,2880.8082760764496,T018,1193.3851054898928,C02,existing
P13456_2,G1,C_batteries,G1-C_batteries-02,T018,4074.1933815663424,9324.985226007513,,,C02,existing
P13456_2,G1,C_batteries,G1-C_batteries-03,T003,1438.035182877992,4385.641813543676,,,C03,existing
P13456_2,G1,relay_aircraft,G1-relay_aircraft-01,R004,96.18236555369045,3902.2114189986755,,,R01,existing
P13456_2,G1,relay_aircraft,G1-relay_aircraft-02,R001,190.137319029409,1999.297638856333,R002,1907.9138801423414,R02,existing
P13456_2,G1,relay_aircraft,G1-relay_aircraft-02,R002,3907.2115189986744,7516.130043494062,,,R02,existing
P13456_2,G1,relay_components,G1-relay_components-01,R004,96.18236555369045,4498.791383917484,,,RE01,existing
P13456_2,G1,relay_components,G1-relay_components-02,R001,190.137319029409,2344.3073253046314,R002,1562.904193694043,RE02,existing
P13456_2,G1,relay_components,G1-relay_components-02,R002,3907.2115189986744,8084.5472154177,,,RE02,existing
P13456_2,G2,A_aircraft,G2-A_aircraft-01,T004,2004.1116402878897,4285.571599124281,T022,5.000100000000202,NEW-A_aircraft-01,procurement_required
P13456_2,G2,A_aircraft,G2-A_aircraft-01,T022,4290.571699124282,5982.106185363231,,,NEW-A_aircraft-01,procurement_required
P13456_2,G2,B_aircraft,G2-B_aircraft-01,T013,3355.5084827157466,5313.549754202741,T021,0.00010000000111176632,NEW-B_aircraft-01,procurement_required
P13456_2,G2,B_aircraft,G2-B_aircraft-01,T021,5313.549854202742,7211.591125689736,,,NEW-B_aircraft-01,procurement_required
P13456_2,G2,C_aircraft,G2-C_aircraft-01,T012,1954.1116402878895,4069.193281566342,,,NEW-C_aircraft-01,procurement_required
P13456_2,G2,C_aircraft,G2-C_aircraft-02,T014_2,3155.0929537629518,5460.277018730793,,,NEW-C_aircraft-02,procurement_required
P13456_2,G2,A_batteries,G2-A_batteries-01,T004,2004.1116402878897,5653.515220902664,,,A05,existing
P13456_2,G2,A_batteries,G2-A_batteries-02,T022,4290.571699124282,7157.600692042686,,,A06,existing
P13456_2,G2,B_batteries,G2-B_batteries-01,T013,3355.5084827157466,7272.795381688331,,,NEW-B_batteries-01,procurement_required
P13456_2,G2,B_batteries,G2-B_batteries-02,T021,5313.549854202742,9078.773277607346,,,NEW-B_batteries-02,procurement_required
P13456_2,G2,C_batteries,G2-C_batteries-01,T012,1954.1116402878895,6561.858999018011,,,C04,existing
P13456_2,G2,C_batteries,G2-C_batteries-02,T014_2,3155.0929537629518,7966.52367812528,,,NEW-C_batteries-01,procurement_required
P13456_2,G2,relay_aircraft,G2-relay_aircraft-01,R003,2004.2977389089663,7744.455885352581,,,NEW-relay_aircraft-01,procurement_required
P13456_2,G2,relay_components,G2-relay_components-01,R003,2004.2977389089663,8588.743789022035,,,RE03,existing
P1345_26,G1,A_aircraft,G1-A_aircraft-01,T005,0.0,1312.470877312685,T020,2374.6033226565796,U01,existing
P1345_26,G1,A_aircraft,G1-A_aircraft-01,T020,3687.0741999692646,5657.284046946083,,,U01,existing
P1345_26,G1,A_aircraft,G1-A_aircraft-02,T007_HARD,0.0,1712.4416357195464,T016,3757.390768918183,U02,existing
P1345_26,G1,A_aircraft,G1-A_aircraft-02,T016,5469.832404637729,7165.590509306194,,,U02,existing
P1345_26,G1,A_aircraft,G1-A_aircraft-03,T007_SOFT,0.0,1712.4416357195464,T014_1,2056.6325642497186,U03,existing
P1345_26,G1,A_aircraft,G1-A_aircraft-03,T014_1,3769.074199969265,5464.83230463773,,,U03,existing
P1345_26,G1,A_aircraft,G1-A_aircraft-04,T009,0.0,1316.0142144169886,T007,2351.0599855522782,U04,existing
P1345_26,G1,A_aircraft,G1-A_aircraft-04,T007,3667.074199969267,6275.115097078189,,,U04,existing
P1345_26,G1,B_aircraft,G1-B_aircraft-01,T002_2,0.0,1500.9693925601796,T008,5.000099999999975,U05,existing
P1345_26,G1,B_aircraft,G1-B_aircraft-01,T008,1505.9694925601796,3350.508382715747,T019_1,2022.1944981790475,U05,existing
P1345_26,G1,B_aircraft,G1-B_aircraft-01,T019_1,5372.702880894794,6891.727225306649,,,U05,existing
P1345_26,G1,B_aircraft,G1-B_aircraft-02,T015,0.0,1554.5713591276817,T011,5.000100000000202,U06,existing
P1345_26,G1,B_aircraft,G1-B_aircraft-02,T011,1559.571459127682,3503.5959031496714,,,U06,existing
P1345_26,G1,C_aircraft,G1-C_aircraft-01,T001,0.0,1561.4261775174655,T018,2512.767204048877,U07,existing
P1345_26,G1,C_aircraft,G1-C_aircraft-01,T018,4074.1933815663424,6761.824258936959,,,U07,existing
P1345_26,G1,C_aircraft,G1-C_aircraft-02,T010_2,0.0,1433.035082877992,T003,5.000099999999975,U08,existing
P1345_26,G1,C_aircraft,G1-C_aircraft-02,T003,1438.035182877992,2867.4613603954576,,,U08,existing
P1345_26,G1,A_batteries,G1-A_batteries-01,T005,0.0,2178.7887122874713,T020,1508.2854876817933,A01,existing
P1345_26,G1,A_batteries,G1-A_batteries-01,T020,3687.0741999692646,6897.284697633159,,,A01,existing
P1345_26,G1,A_batteries,G1-A_batteries-02,T007_HARD,0.0,2761.062337358848,T014_1,1008.0118626104172,A02,existing
P1345_26,G1,A_batteries,G1-A_batteries-02,T014_1,3769.074199969265,6580.0266291174285,,,A02,existing
P1345_26,G1,A_batteries,G1-A_batteries-03,T007_SOFT,0.0,2779.9496716386757,T016,2689.8827329990536,A03,existing
P1345_26,G1,A_batteries,G1-A_batteries-03,T016,5469.832404637729,8301.566821462397,,,A03,existing
P1345_26,G1,A_batteries,G1-A_batteries-04,T009,0.0,2207.8690163260853,T007,1459.2051836431815,A04,existing
P1345_26,G1,A_batteries,G1-A_batteries-04,T007,3667.074199969267,7728.37856016178,,,A04,existing
P1345_26,G1,B_batteries,G1-B_batteries-01,T002_2,0.0,2956.647180248775,T019_1,2416.0557006460194,B01,existing
P1345_26,G1,B_batteries,G1-B_batteries-01,T019_1,5372.702880894794,8356.40930924514,,,B01,existing
P1345_26,G1,B_batteries,G1-B_batteries-02,T015,0.0,3010.3575010505742,,,B02,existing
P1345_26,G1,B_batteries,G1-B_batteries-03,T008,1505.9694925601796,4939.170345795129,,,B03,existing
P1345_26,G1,B_batteries,G1-B_batteries-04,T011,1559.571459127682,5367.702780894794,,,B04,existing
P1345_26,G1,C_batteries,G1-C_batteries-01,T001,0.0,3150.0928537629516,,,C01,existing
P1345_26,G1,C_batteries,G1-C_batteries-02,T010_2,0.0,2880.8082760764496,T018,1193.3851054898928,C02,existing
P1345_26,G1,C_batteries,G1-C_batteries-02,T018,4074.1933815663424,9324.985226007513,,,C02,existing
P1345_26,G1,C_batteries,G1-C_batteries-03,T003,1438.035182877992,4385.641813543676,,,C03,existing
P1345_26,G1,relay_aircraft,G1-relay_aircraft-01,R004,96.18236555369045,3902.2114189986755,,,R01,existing
P1345_26,G1,relay_aircraft,G1-relay_aircraft-02,R001,190.137319029409,1999.297638856333,R002,1907.9138801423414,R02,existing
P1345_26,G1,relay_aircraft,G1-relay_aircraft-02,R002,3907.2115189986744,7516.130043494062,,,R02,existing
P1345_26,G1,relay_components,G1-relay_components-01,R004,96.18236555369045,4498.791383917484,,,RE01,existing
P1345_26,G1,relay_components,G1-relay_components-02,R001,190.137319029409,2344.3073253046314,R002,1562.904193694043,RE02,existing
P1345_26,G1,relay_components,G1-relay_components-02,R002,3907.2115189986744,8084.5472154177,,,RE02,existing
P1345_26,G2,A_aircraft,G2-A_aircraft-01,T004,2004.1116402878897,4285.571599124281,T022,5.000100000000202,NEW-A_aircraft-01,procurement_required
P1345_26,G2,A_aircraft,G2-A_aircraft-01,T022,4290.571699124282,5982.106185363231,,,NEW-A_aircraft-01,procurement_required
P1345_26,G2,B_aircraft,G2-B_aircraft-01,T013,3355.5084827157466,5313.549754202741,,,NEW-B_aircraft-01,procurement_required
P1345_26,G2,B_aircraft,G2-B_aircraft-02,T006,3508.596003149672,4698.226288886111,T021,615.3235653166303,NEW-B_aircraft-02,procurement_required
P1345_26,G2,B_aircraft,G2-B_aircraft-02,T021,5313.549854202742,7211.591125689736,,,NEW-B_aircraft-02,procurement_required
P1345_26,G2,C_aircraft,G2-C_aircraft-01,T012,1954.1116402878895,4069.193281566342,,,NEW-C_aircraft-01,procurement_required
P1345_26,G2,C_aircraft,G2-C_aircraft-02,T014_2,3155.0929537629518,5460.277018730793,,,NEW-C_aircraft-02,procurement_required
P1345_26,G2,A_batteries,G2-A_batteries-01,T004,2004.1116402878897,5653.515220902664,,,A05,existing
P1345_26,G2,A_batteries,G2-A_batteries-02,T022,4290.571699124282,7157.600692042686,,,A06,existing
P1345_26,G2,B_batteries,G2-B_batteries-01,T013,3355.5084827157466,7272.795381688331,,,NEW-B_batteries-01,procurement_required
P1345_26,G2,B_batteries,G2-B_batteries-02,T006,3508.596003149672,5831.667165848992,,,NEW-B_batteries-02,procurement_required
P1345_26,G2,B_batteries,G2-B_batteries-03,T021,5313.549854202742,9078.773277607346,,,NEW-B_batteries-03,procurement_required
P1345_26,G2,C_batteries,G2-C_batteries-01,T012,1954.1116402878895,6561.858999018011,,,C04,existing
P1345_26,G2,C_batteries,G2-C_batteries-02,T014_2,3155.0929537629518,7966.52367812528,,,NEW-C_batteries-01,procurement_required
P1345_26,G2,relay_aircraft,G2-relay_aircraft-01,R003,2004.2977389089663,7744.455885352581,,,NEW-relay_aircraft-01,procurement_required
P1345_26,G2,relay_components,G2-relay_components-01,R003,2004.2977389089663,8588.743789022035,,,RE03,existing
P1346_25,G1,A_aircraft,G1-A_aircraft-01,T005,0.0,1312.470877312685,T020,2374.6033226565796,U01,existing
P1346_25,G1,A_aircraft,G1-A_aircraft-01,T020,3687.0741999692646,5657.284046946083,,,U01,existing
P1346_25,G1,A_aircraft,G1-A_aircraft-02,T007_HARD,0.0,1712.4416357195464,T016,3757.390768918183,U02,existing
P1346_25,G1,A_aircraft,G1-A_aircraft-02,T016,5469.832404637729,7165.590509306194,,,U02,existing
P1346_25,G1,A_aircraft,G1-A_aircraft-03,T007_SOFT,0.0,1712.4416357195464,T014_1,2056.6325642497186,U03,existing
P1346_25,G1,A_aircraft,G1-A_aircraft-03,T014_1,3769.074199969265,5464.83230463773,,,U03,existing
P1346_25,G1,A_aircraft,G1-A_aircraft-04,T009,0.0,1316.0142144169886,T007,2351.0599855522782,U04,existing
P1346_25,G1,A_aircraft,G1-A_aircraft-04,T007,3667.074199969267,6275.115097078189,,,U04,existing
P1346_25,G1,B_aircraft,G1-B_aircraft-01,T006,3508.596003149672,4698.226288886111,T019_1,674.4765920086829,U05,existing
P1346_25,G1,B_aircraft,G1-B_aircraft-01,T019_1,5372.702880894794,6891.727225306649,,,U05,existing
P1346_25,G1,C_aircraft,G1-C_aircraft-01,T001,0.0,1561.4261775174655,T018,2512.767204048877,U07,existing
P1346_25,G1,C_aircraft,G1-C_aircraft-01,T018,4074.1933815663424,6761.824258936959,,,U07,existing
P1346_25,G1,C_aircraft,G1-C_aircraft-02,T010_2,0.0,1433.035082877992,T003,5.000099999999975,U08,existing
P1346_25,G1,C_aircraft,G1-C_aircraft-02,T003,1438.035182877992,2867.4613603954576,,,U08,existing
P1346_25,G1,A_batteries,G1-A_batteries-01,T005,0.0,2178.7887122874713,T020,1508.2854876817933,A01,existing
P1346_25,G1,A_batteries,G1-A_batteries-01,T020,3687.0741999692646,6897.284697633159,,,A01,existing
P1346_25,G1,A_batteries,G1-A_batteries-02,T007_HARD,0.0,2761.062337358848,T014_1,1008.0118626104172,A02,existing
P1346_25,G1,A_batteries,G1-A_batteries-02,T014_1,3769.074199969265,6580.0266291174285,,,A02,existing
P1346_25,G1,A_batteries,G1-A_batteries-03,T007_SOFT,0.0,2779.9496716386757,T016,2689.8827329990536,A03,existing
P1346_25,G1,A_batteries,G1-A_batteries-03,T016,5469.832404637729,8301.566821462397,,,A03,existing
P1346_25,G1,A_batteries,G1-A_batteries-04,T009,0.0,2207.8690163260853,T007,1459.2051836431815,A04,existing
P1346_25,G1,A_batteries,G1-A_batteries-04,T007,3667.074199969267,7728.37856016178,,,A04,existing
P1346_25,G1,B_batteries,G1-B_batteries-01,T006,3508.596003149672,5831.667165848992,,,B01,existing
P1346_25,G1,B_batteries,G1-B_batteries-02,T019_1,5372.702880894794,8356.40930924514,,,B02,existing
P1346_25,G1,C_batteries,G1-C_batteries-01,T001,0.0,3150.0928537629516,,,C01,existing
P1346_25,G1,C_batteries,G1-C_batteries-02,T010_2,0.0,2880.8082760764496,T018,1193.3851054898928,C02,existing
P1346_25,G1,C_batteries,G1-C_batteries-02,T018,4074.1933815663424,9324.985226007513,,,C02,existing
P1346_25,G1,C_batteries,G1-C_batteries-03,T003,1438.035182877992,4385.641813543676,,,C03,existing
P1346_25,G1,relay_aircraft,G1-relay_aircraft-01,R001,190.137319029409,1999.297638856333,R002,1907.9138801423414,R01,existing
P1346_25,G1,relay_aircraft,G1-relay_aircraft-01,R002,3907.2115189986744,7516.130043494062,,,R01,existing
P1346_25,G1,relay_components,G1-relay_components-01,R001,190.137319029409,2344.3073253046314,R002,1562.904193694043,RE01,existing
P1346_25,G1,relay_components,G1-relay_components-01,R002,3907.2115189986744,8084.5472154177,,,RE01,existing
P1346_25,G2,A_aircraft,G2-A_aircraft-01,T004,2004.1116402878897,4285.571599124281,T022,5.000100000000202,NEW-A_aircraft-01,procurement_required
P1346_25,G2,A_aircraft,G2-A_aircraft-01,T022,4290.571699124282,5982.106185363231,,,NEW-A_aircraft-01,procurement_required
P1346_25,G2,B_aircraft,G2-B_aircraft-01,T002_2,0.0,1500.9693925601796,T008,5.000099999999975,U06,existing
P1346_25,G2,B_aircraft,G2-B_aircraft-01,T008,1505.9694925601796,3350.508382715747,T013,5.0000999999997475,U06,existing
P1346_25,G2,B_aircraft,G2-B_aircraft-01,T013,3355.5084827157466,5313.549754202741,,,U06,existing
P1346_25,G2,B_aircraft,G2-B_aircraft-02,T015,0.0,1554.5713591276817,T011,5.000100000000202,NEW-B_aircraft-01,procurement_required
P1346_25,G2,B_aircraft,G2-B_aircraft-02,T011,1559.571459127682,3503.5959031496714,T021,1809.9539510530703,NEW-B_aircraft-01,procurement_required
P1346_25,G2,B_aircraft,G2-B_aircraft-02,T021,5313.549854202742,7211.591125689736,,,NEW-B_aircraft-01,procurement_required
P1346_25,G2,C_aircraft,G2-C_aircraft-01,T012,1954.1116402878895,4069.193281566342,,,NEW-C_aircraft-01,procurement_required
P1346_25,G2,C_aircraft,G2-C_aircraft-02,T014_2,3155.0929537629518,5460.277018730793,,,NEW-C_aircraft-02,procurement_required
P1346_25,G2,A_batteries,G2-A_batteries-01,T004,2004.1116402878897,5653.515220902664,,,A05,existing
P1346_25,G2,A_batteries,G2-A_batteries-02,T022,4290.571699124282,7157.600692042686,,,A06,existing
P1346_25,G2,B_batteries,G2-B_batteries-01,T002_2,0.0,2956.647180248775,T013,398.86130246697167,B03,existing
P1346_25,G2,B_batteries,G2-B_batteries-01,T013,3355.5084827157466,7272.795381688331,,,B03,existing
P1346_25,G2,B_batteries,G2-B_batteries-02,T015,0.0,3010.3575010505742,T021,2303.1923531521675,B04,existing
P1346_25,G2,B_batteries,G2-B_batteries-02,T021,5313.549854202742,9078.773277607346,,,B04,existing
P1346_25,G2,B_batteries,G2-B_batteries-03,T008,1505.9694925601796,4939.170345795129,,,NEW-B_batteries-01,procurement_required
P1346_25,G2,B_batteries,G2-B_batteries-04,T011,1559.571459127682,5367.702780894794,,,NEW-B_batteries-02,procurement_required
P1346_25,G2,C_batteries,G2-C_batteries-01,T012,1954.1116402878895,6561.858999018011,,,C04,existing
P1346_25,G2,C_batteries,G2-C_batteries-02,T014_2,3155.0929537629518,7966.52367812528,,,NEW-C_batteries-01,procurement_required
P1346_25,G2,relay_aircraft,G2-relay_aircraft-01,R004,96.18236555369045,3902.2114189986755,,,R02,existing
P1346_25,G2,relay_aircraft,G2-relay_aircraft-02,R003,2004.2977389089663,7744.455885352581,,,NEW-relay_aircraft-01,procurement_required
P1346_25,G2,relay_components,G2-relay_components-01,R004,96.18236555369045,4498.791383917484,,,RE02,existing
P1346_25,G2,relay_components,G2-relay_components-02,R003,2004.2977389089663,8588.743789022035,,,RE03,existing
P134_256,G1,A_aircraft,G1-A_aircraft-01,T005,0.0,1312.470877312685,T020,2374.6033226565796,U01,existing
P134_256,G1,A_aircraft,G1-A_aircraft-01,T020,3687.0741999692646,5657.284046946083,,,U01,existing
P134_256,G1,A_aircraft,G1-A_aircraft-02,T007_HARD,0.0,1712.4416357195464,T016,3757.390768918183,U02,existing
P134_256,G1,A_aircraft,G1-A_aircraft-02,T016,5469.832404637729,7165.590509306194,,,U02,existing
P134_256,G1,A_aircraft,G1-A_aircraft-03,T007_SOFT,0.0,1712.4416357195464,T014_1,2056.6325642497186,U03,existing
P134_256,G1,A_aircraft,G1-A_aircraft-03,T014_1,3769.074199969265,5464.83230463773,,,U03,existing
P134_256,G1,A_aircraft,G1-A_aircraft-04,T009,0.0,1316.0142144169886,T007,2351.0599855522782,U04,existing
P134_256,G1,A_aircraft,G1-A_aircraft-04,T007,3667.074199969267,6275.115097078189,,,U04,existing
P134_256,G1,B_aircraft,G1-B_aircraft-01,T019_1,5372.702880894794,6891.727225306649,,,U05,existing
P134_256,G1,C_aircraft,G1-C_aircraft-01,T001,0.0,1561.4261775174655,T018,2512.767204048877,U07,existing
P134_256,G1,C_aircraft,G1-C_aircraft-01,T018,4074.1933815663424,6761.824258936959,,,U07,existing
P134_256,G1,C_aircraft,G1-C_aircraft-02,T010_2,0.0,1433.035082877992,T003,5.000099999999975,U08,existing
P134_256,G1,C_aircraft,G1-C_aircraft-02,T003,1438.035182877992,2867.4613603954576,,,U08,existing
P134_256,G1,A_batteries,G1-A_batteries-01,T005,0.0,2178.7887122874713,T020,1508.2854876817933,A01,existing
P134_256,G1,A_batteries,G1-A_batteries-01,T020,3687.0741999692646,6897.284697633159,,,A01,existing
P134_256,G1,A_batteries,G1-A_batteries-02,T007_HARD,0.0,2761.062337358848,T014_1,1008.0118626104172,A02,existing
P134_256,G1,A_batteries,G1-A_batteries-02,T014_1,3769.074199969265,6580.0266291174285,,,A02,existing
P134_256,G1,A_batteries,G1-A_batteries-03,T007_SOFT,0.0,2779.9496716386757,T016,2689.8827329990536,A03,existing
P134_256,G1,A_batteries,G1-A_batteries-03,T016,5469.832404637729,8301.566821462397,,,A03,existing
P134_256,G1,A_batteries,G1-A_batteries-04,T009,0.0,2207.8690163260853,T007,1459.2051836431815,A04,existing
P134_256,G1,A_batteries,G1-A_batteries-04,T007,3667.074199969267,7728.37856016178,,,A04,existing
P134_256,G1,B_batteries,G1-B_batteries-01,T019_1,5372.702880894794,8356.40930924514,,,B01,existing
P134_256,G1,C_batteries,G1-C_batteries-01,T001,0.0,3150.0928537629516,,,C01,existing
P134_256,G1,C_batteries,G1-C_batteries-02,T010_2,0.0,2880.8082760764496,T018,1193.3851054898928,C02,existing
P134_256,G1,C_batteries,G1-C_batteries-02,T018,4074.1933815663424,9324.985226007513,,,C02,existing
P134_256,G1,C_batteries,G1-C_batteries-03,T003,1438.035182877992,4385.641813543676,,,C03,existing
P134_256,G1,relay_aircraft,G1-relay_aircraft-01,R001,190.137319029409,1999.297638856333,R002,1907.9138801423414,R01,existing
P134_256,G1,relay_aircraft,G1-relay_aircraft-01,R002,3907.2115189986744,7516.130043494062,,,R01,existing
P134_256,G1,relay_components,G1-relay_components-01,R001,190.137319029409,2344.3073253046314,R002,1562.904193694043,RE01,existing
P134_256,G1,relay_components,G1-relay_components-01,R002,3907.2115189986744,8084.5472154177,,,RE01,existing
P134_256,G2,A_aircraft,G2-A_aircraft-01,T004,2004.1116402878897,4285.571599124281,T022,5.000100000000202,NEW-A_aircraft-01,procurement_required
P134_256,G2,A_aircraft,G2-A_aircraft-01,T022,4290.571699124282,5982.106185363231,,,NEW-A_aircraft-01,procurement_required
P134_256,G2,B_aircraft,G2-B_aircraft-01,T002_2,0.0,1500.9693925601796,T008,5.000099999999975,U06,existing
P134_256,G2,B_aircraft,G2-B_aircraft-01,T008,1505.9694925601796,3350.508382715747,T013,5.0000999999997475,U06,existing
P134_256,G2,B_aircraft,G2-B_aircraft-01,T013,3355.5084827157466,5313.549754202741,,,U06,existing
P134_256,G2,B_aircraft,G2-B_aircraft-02,T015,0.0,1554.5713591276817,T011,5.000100000000202,NEW-B_aircraft-01,procurement_required
P134_256,G2,B_aircraft,G2-B_aircraft-02,T011,1559.571459127682,3503.5959031496714,T006,5.000100000000657,NEW-B_aircraft-01,procurement_required
P134_256,G2,B_aircraft,G2-B_aircraft-02,T006,3508.596003149672,4698.226288886111,T021,615.3235653166303,NEW-B_aircraft-01,procurement_required
P134_256,G2,B_aircraft,G2-B_aircraft-02,T021,5313.549854202742,7211.591125689736,,,NEW-B_aircraft-01,procurement_required
P134_256,G2,C_aircraft,G2-C_aircraft-01,T012,1954.1116402878895,4069.193281566342,,,NEW-C_aircraft-01,procurement_required
P134_256,G2,C_aircraft,G2-C_aircraft-02,T014_2,3155.0929537629518,5460.277018730793,,,NEW-C_aircraft-02,procurement_required
P134_256,G2,A_batteries,G2-A_batteries-01,T004,2004.1116402878897,5653.515220902664,,,A05,existing
P134_256,G2,A_batteries,G2-A_batteries-02,T022,4290.571699124282,7157.600692042686,,,A06,existing
P134_256,G2,B_batteries,G2-B_batteries-01,T002_2,0.0,2956.647180248775,T013,398.86130246697167,B02,existing
P134_256,G2,B_batteries,G2-B_batteries-01,T013,3355.5084827157466,7272.795381688331,,,B02,existing
P134_256,G2,B_batteries,G2-B_batteries-02,T015,0.0,3010.3575010505742,T006,498.2385020990978,B03,existing
P134_256,G2,B_batteries,G2-B_batteries-02,T006,3508.596003149672,5831.667165848992,,,B03,existing
P134_256,G2,B_batteries,G2-B_batteries-03,T008,1505.9694925601796,4939.170345795129,T021,374.3795084076128,B04,existing
P134_256,G2,B_batteries,G2-B_batteries-03,T021,5313.549854202742,9078.773277607346,,,B04,existing
P134_256,G2,B_batteries,G2-B_batteries-04,T011,1559.571459127682,5367.702780894794,,,NEW-B_batteries-01,procurement_required
P134_256,G2,C_batteries,G2-C_batteries-01,T012,1954.1116402878895,6561.858999018011,,,C04,existing
P134_256,G2,C_batteries,G2-C_batteries-02,T014_2,3155.0929537629518,7966.52367812528,,,NEW-C_batteries-01,procurement_required
P134_256,G2,relay_aircraft,G2-relay_aircraft-01,R004,96.18236555369045,3902.2114189986755,,,R02,existing
P134_256,G2,relay_aircraft,G2-relay_aircraft-02,R003,2004.2977389089663,7744.455885352581,,,NEW-relay_aircraft-01,procurement_required
P134_256,G2,relay_components,G2-relay_components-01,R004,96.18236555369045,4498.791383917484,,,RE02,existing
P134_256,G2,relay_components,G2-relay_components-02,R003,2004.2977389089663,8588.743789022035,,,RE03,existing
P1356_24,G1,A_aircraft,G1-A_aircraft-01,T005,0.0,1312.470877312685,T014_1,2456.60332265658,U01,existing
P1356_24,G1,A_aircraft,G1-A_aircraft-01,T014_1,3769.074199969265,5464.83230463773,T016,5.000099999999293,U01,existing
P1356_24,G1,A_aircraft,G1-A_aircraft-01,T016,5469.832404637729,7165.590509306194,,,U01,existing
P1356_24,G1,A_aircraft,G1-A_aircraft-02,T007_HARD,0.0,1712.4416357195464,T020,1974.6325642497181,U02,existing
P1356_24,G1,A_aircraft,G1-A_aircraft-02,T020,3687.0741999692646,5657.284046946083,,,U02,existing
P1356_24,G1,A_aircraft,G1-A_aircraft-03,T007_SOFT,0.0,1712.4416357195464,T007,1954.6325642497204,U03,existing
P1356_24,G1,A_aircraft,G1-A_aircraft-03,T007,3667.074199969267,6275.115097078189,,,U03,existing
P1356_24,G1,B_aircraft,G1-B_aircraft-01,T002_2,0.0,1500.9693925601796,T008,5.000099999999975,U05,existing
P1356_24,G1,B_aircraft,G1-B_aircraft-01,T008,1505.9694925601796,3350.508382715747,T019_1,2022.1944981790475,U05,existing
P1356_24,G1,B_aircraft,G1-B_aircraft-01,T019_1,5372.702880894794,6891.727225306649,,,U05,existing
P1356_24,G1,B_aircraft,G1-B_aircraft-02,T015,0.0,1554.5713591276817,T011,5.000100000000202,U06,existing
P1356_24,G1,B_aircraft,G1-B_aircraft-02,T011,1559.571459127682,3503.5959031496714,T006,5.000100000000657,U06,existing
P1356_24,G1,B_aircraft,G1-B_aircraft-02,T006,3508.596003149672,4698.226288886111,,,U06,existing
P1356_24,G1,C_aircraft,G1-C_aircraft-01,T001,0.0,1561.4261775174655,T018,2512.767204048877,U07,existing
P1356_24,G1,C_aircraft,G1-C_aircraft-01,T018,4074.1933815663424,6761.824258936959,,,U07,existing
P1356_24,G1,C_aircraft,G1-C_aircraft-02,T003,1438.035182877992,2867.4613603954576,,,U08,existing
P1356_24,G1,A_batteries,G1-A_batteries-01,T005,0.0,2178.7887122874713,T007,1488.2854876817955,A01,existing
P1356_24,G1,A_batteries,G1-A_batteries-01,T007,3667.074199969267,7728.37856016178,,,A01,existing
P1356_24,G1,A_batteries,G1-A_batteries-02,T007_HARD,0.0,2761.062337358848,T014_1,1008.0118626104172,A02,existing
P1356_24,G1,A_batteries,G1-A_batteries-02,T014_1,3769.074199969265,6580.0266291174285,,,A02,existing
P1356_24,G1,A_batteries,G1-A_batteries-03,T007_SOFT,0.0,2779.9496716386757,T016,2689.8827329990536,A03,existing
P1356_24,G1,A_batteries,G1-A_batteries-03,T016,5469.832404637729,8301.566821462397,,,A03,existing
P1356_24,G1,A_batteries,G1-A_batteries-04,T020,3687.0741999692646,6897.284697633159,,,A04,existing
P1356_24,G1,B_batteries,G1-B_batteries-01,T002_2,0.0,2956.647180248775,T006,551.9488229008971,B01,existing
P1356_24,G1,B_batteries,G1-B_batteries-01,T006,3508.596003149672,5831.667165848992,,,B01,existing
P1356_24,G1,B_batteries,G1-B_batteries-02,T015,0.0,3010.3575010505742,T019_1,2362.34537984422,B02,existing
P1356_24,G1,B_batteries,G1-B_batteries-02,T019_1,5372.702880894794,8356.40930924514,,,B02,existing
P1356_24,G1,B_batteries,G1-B_batteries-03,T008,1505.9694925601796,4939.170345795129,,,B03,existing
P1356_24,G1,B_batteries,G1-B_batteries-04,T011,1559.571459127682,5367.702780894794,,,B04,existing
P1356_24,G1,C_batteries,G1-C_batteries-01,T001,0.0,3150.0928537629516,T018,924.1005278033908,C01,existing
P1356_24,G1,C_batteries,G1-C_batteries-01,T018,4074.1933815663424,9324.985226007513,,,C01,existing
P1356_24,G1,C_batteries,G1-C_batteries-02,T003,1438.035182877992,4385.641813543676,,,C02,existing
P1356_24,G1,relay_aircraft,G1-relay_aircraft-01,R004,96.18236555369045,3902.2114189986755,,,R01,existing
P1356_24,G1,relay_aircraft,G1-relay_aircraft-02,R001,190.137319029409,1999.297638856333,R002,1907.9138801423414,R02,existing
P1356_24,G1,relay_aircraft,G1-relay_aircraft-02,R002,3907.2115189986744,7516.130043494062,,,R02,existing
P1356_24,G1,relay_components,G1-relay_components-01,R004,96.18236555369045,4498.791383917484,,,RE01,existing
P1356_24,G1,relay_components,G1-relay_components-02,R001,190.137319029409,2344.3073253046314,R002,1562.904193694043,RE02,existing
P1356_24,G1,relay_components,G1-relay_components-02,R002,3907.2115189986744,8084.5472154177,,,RE02,existing
P1356_24,G2,A_aircraft,G2-A_aircraft-01,T009,0.0,1316.0142144169886,T004,688.0974258709011,U04,existing
P1356_24,G2,A_aircraft,G2-A_aircraft-01,T004,2004.1116402878897,4285.571599124281,T022,5.000100000000202,U04,existing
P1356_24,G2,A_aircraft,G2-A_aircraft-01,T022,4290.571699124282,5982.106185363231,,,U04,existing
P1356_24,G2,B_aircraft,G2-B_aircraft-01,T013,3355.5084827157466,5313.549754202741,T021,0.00010000000111176632,NEW-B_aircraft-01,procurement_required
P1356_24,G2,B_aircraft,G2-B_aircraft-01,T021,5313.549854202742,7211.591125689736,,,NEW-B_aircraft-01,procurement_required
P1356_24,G2,C_aircraft,G2-C_aircraft-01,T010_2,0.0,1433.035082877992,T014_2,1722.0578708849598,NEW-C_aircraft-01,procurement_required
P1356_24,G2,C_aircraft,G2-C_aircraft-01,T014_2,3155.0929537629518,5460.277018730793,,,NEW-C_aircraft-01,procurement_required
P1356_24,G2,C_aircraft,G2-C_aircraft-02,T012,1954.1116402878895,4069.193281566342,,,NEW-C_aircraft-02,procurement_required
P1356_24,G2,A_batteries,G2-A_batteries-01,T009,0.0,2207.8690163260853,T022,2082.7026827981963,A05,existing
P1356_24,G2,A_batteries,G2-A_batteries-01,T022,4290.571699124282,7157.600692042686,,,A05,existing
P1356_24,G2,A_batteries,G2-A_batteries-02,T004,2004.1116402878897,5653.515220902664,,,A06,existing
P1356_24,G2,B_batteries,G2-B_batteries-01,T013,3355.5084827157466,7272.795381688331,,,NEW-B_batteries-01,procurement_required
P1356_24,G2,B_batteries,G2-B_batteries-02,T021,5313.549854202742,9078.773277607346,,,NEW-B_batteries-02,procurement_required
P1356_24,G2,C_batteries,G2-C_batteries-01,T010_2,0.0,2880.8082760764496,T014_2,274.28467768650216,C03,existing
P1356_24,G2,C_batteries,G2-C_batteries-01,T014_2,3155.0929537629518,7966.52367812528,,,C03,existing
P1356_24,G2,C_batteries,G2-C_batteries-02,T012,1954.1116402878895,6561.858999018011,,,C04,existing
P1356_24,G2,relay_aircraft,G2-relay_aircraft-01,R003,2004.2977389089663,7744.455885352581,,,NEW-relay_aircraft-01,procurement_required
P1356_24,G2,relay_components,G2-relay_components-01,R003,2004.2977389089663,8588.743789022035,,,RE03,existing
P135_246,G1,A_aircraft,G1-A_aircraft-01,T005,0.0,1312.470877312685,T014_1,2456.60332265658,U01,existing
P135_246,G1,A_aircraft,G1-A_aircraft-01,T014_1,3769.074199969265,5464.83230463773,T016,5.000099999999293,U01,existing
P135_246,G1,A_aircraft,G1-A_aircraft-01,T016,5469.832404637729,7165.590509306194,,,U01,existing
P135_246,G1,A_aircraft,G1-A_aircraft-02,T007_HARD,0.0,1712.4416357195464,T020,1974.6325642497181,U02,existing
P135_246,G1,A_aircraft,G1-A_aircraft-02,T020,3687.0741999692646,5657.284046946083,,,U02,existing
P135_246,G1,A_aircraft,G1-A_aircraft-03,T007_SOFT,0.0,1712.4416357195464,T007,1954.6325642497204,U03,existing
P135_246,G1,A_aircraft,G1-A_aircraft-03,T007,3667.074199969267,6275.115097078189,,,U03,existing
P135_246,G1,B_aircraft,G1-B_aircraft-01,T002_2,0.0,1500.9693925601796,T008,5.000099999999975,U05,existing
P135_246,G1,B_aircraft,G1-B_aircraft-01,T008,1505.9694925601796,3350.508382715747,T019_1,2022.1944981790475,U05,existing
P135_246,G1,B_aircraft,G1-B_aircraft-01,T019_1,5372.702880894794,6891.727225306649,,,U05,existing
P135_246,G1,B_aircraft,G1-B_aircraft-02,T015,0.0,1554.5713591276817,T011,5.000100000000202,U06,existing
P135_246,G1,B_aircraft,G1-B_aircraft-02,T011,1559.571459127682,3503.5959031496714,,,U06,existing
P135_246,G1,C_aircraft,G1-C_aircraft-01,T001,0.0,1561.4261775174655,T018,2512.767204048877,U07,existing
P135_246,G1,C_aircraft,G1-C_aircraft-01,T018,4074.1933815663424,6761.824258936959,,,U07,existing
P135_246,G1,C_aircraft,G1-C_aircraft-02,T003,1438.035182877992,2867.4613603954576,,,U08,existing
P135_246,G1,A_batteries,G1-A_batteries-01,T005,0.0,2178.7887122874713,T007,1488.2854876817955,A01,existing
P135_246,G1,A_batteries,G1-A_batteries-01,T007,3667.074199969267,7728.37856016178,,,A01,existing
P135_246,G1,A_batteries,G1-A_batteries-02,T007_HARD,0.0,2761.062337358848,T014_1,1008.0118626104172,A02,existing
P135_246,G1,A_batteries,G1-A_batteries-02,T014_1,3769.074199969265,6580.0266291174285,,,A02,existing
P135_246,G1,A_batteries,G1-A_batteries-03,T007_SOFT,0.0,2779.9496716386757,T016,2689.8827329990536,A03,existing
P135_246,G1,A_batteries,G1-A_batteries-03,T016,5469.832404637729,8301.566821462397,,,A03,existing
P135_246,G1,A_batteries,G1-A_batteries-04,T020,3687.0741999692646,6897.284697633159,,,A04,existing
P135_246,G1,B_batteries,G1-B_batteries-01,T002_2,0.0,2956.647180248775,T019_1,2416.0557006460194,B01,existing
P135_246,G1,B_batteries,G1-B_batteries-01,T019_1,5372.702880894794,8356.40930924514,,,B01,existing
P135_246,G1,B_batteries,G1-B_batteries-02,T015,0.0,3010.3575010505742,,,B02,existing
P135_246,G1,B_batteries,G1-B_batteries-03,T008,1505.9694925601796,4939.170345795129,,,B03,existing
P135_246,G1,B_batteries,G1-B_batteries-04,T011,1559.571459127682,5367.702780894794,,,B04,existing
P135_246,G1,C_batteries,G1-C_batteries-01,T001,0.0,3150.0928537629516,T018,924.1005278033908,C01,existing
P135_246,G1,C_batteries,G1-C_batteries-01,T018,4074.1933815663424,9324.985226007513,,,C01,existing
P135_246,G1,C_batteries,G1-C_batteries-02,T003,1438.035182877992,4385.641813543676,,,C02,existing
P135_246,G1,relay_aircraft,G1-relay_aircraft-01,R004,96.18236555369045,3902.2114189986755,,,R01,existing
P135_246,G1,relay_aircraft,G1-relay_aircraft-02,R001,190.137319029409,1999.297638856333,R002,1907.9138801423414,R02,existing
P135_246,G1,relay_aircraft,G1-relay_aircraft-02,R002,3907.2115189986744,7516.130043494062,,,R02,existing
P135_246,G1,relay_components,G1-relay_components-01,R004,96.18236555369045,4498.791383917484,,,RE01,existing
P135_246,G1,relay_components,G1-relay_components-02,R001,190.137319029409,2344.3073253046314,R002,1562.904193694043,RE02,existing
P135_246,G1,relay_components,G1-relay_components-02,R002,3907.2115189986744,8084.5472154177,,,RE02,existing
P135_246,G2,A_aircraft,G2-A_aircraft-01,T009,0.0,1316.0142144169886,T004,688.0974258709011,U04,existing
P135_246,G2,A_aircraft,G2-A_aircraft-01,T004,2004.1116402878897,4285.571599124281,T022,5.000100000000202,U04,existing
P135_246,G2,A_aircraft,G2-A_aircraft-01,T022,4290.571699124282,5982.106185363231,,,U04,existing
P135_246,G2,B_aircraft,G2-B_aircraft-01,T013,3355.5084827157466,5313.549754202741,,,NEW-B_aircraft-01,procurement_required
P135_246,G2,B_aircraft,G2-B_aircraft-02,T006,3508.596003149672,4698.226288886111,T021,615.3235653166303,NEW-B_aircraft-02,procurement_required
P135_246,G2,B_aircraft,G2-B_aircraft-02,T021,5313.549854202742,7211.591125689736,,,NEW-B_aircraft-02,procurement_required
P135_246,G2,C_aircraft,G2-C_aircraft-01,T010_2,0.0,1433.035082877992,T014_2,1722.0578708849598,NEW-C_aircraft-01,procurement_required
P135_246,G2,C_aircraft,G2-C_aircraft-01,T014_2,3155.0929537629518,5460.277018730793,,,NEW-C_aircraft-01,procurement_required
P135_246,G2,C_aircraft,G2-C_aircraft-02,T012,1954.1116402878895,4069.193281566342,,,NEW-C_aircraft-02,procurement_required
P135_246,G2,A_batteries,G2-A_batteries-01,T009,0.0,2207.8690163260853,T022,2082.7026827981963,A05,existing
P135_246,G2,A_batteries,G2-A_batteries-01,T022,4290.571699124282,7157.600692042686,,,A05,existing
P135_246,G2,A_batteries,G2-A_batteries-02,T004,2004.1116402878897,5653.515220902664,,,A06,existing
P135_246,G2,B_batteries,G2-B_batteries-01,T013,3355.5084827157466,7272.795381688331,,,NEW-B_batteries-01,procurement_required
P135_246,G2,B_batteries,G2-B_batteries-02,T006,3508.596003149672,5831.667165848992,,,NEW-B_batteries-02,procurement_required
P135_246,G2,B_batteries,G2-B_batteries-03,T021,5313.549854202742,9078.773277607346,,,NEW-B_batteries-03,procurement_required
P135_246,G2,C_batteries,G2-C_batteries-01,T010_2,0.0,2880.8082760764496,T014_2,274.28467768650216,C03,existing
P135_246,G2,C_batteries,G2-C_batteries-01,T014_2,3155.0929537629518,7966.52367812528,,,C03,existing
P135_246,G2,C_batteries,G2-C_batteries-02,T012,1954.1116402878895,6561.858999018011,,,C04,existing
P135_246,G2,relay_aircraft,G2-relay_aircraft-01,R003,2004.2977389089663,7744.455885352581,,,NEW-relay_aircraft-01,procurement_required
P135_246,G2,relay_components,G2-relay_components-01,R003,2004.2977389089663,8588.743789022035,,,RE03,existing
P136_245,G1,A_aircraft,G1-A_aircraft-01,T005,0.0,1312.470877312685,T014_1,2456.60332265658,U01,existing
P136_245,G1,A_aircraft,G1-A_aircraft-01,T014_1,3769.074199969265,5464.83230463773,T016,5.000099999999293,U01,existing
P136_245,G1,A_aircraft,G1-A_aircraft-01,T016,5469.832404637729,7165.590509306194,,,U01,existing
P136_245,G1,A_aircraft,G1-A_aircraft-02,T007_HARD,0.0,1712.4416357195464,T020,1974.6325642497181,U02,existing
P136_245,G1,A_aircraft,G1-A_aircraft-02,T020,3687.0741999692646,5657.284046946083,,,U02,existing
P136_245,G1,A_aircraft,G1-A_aircraft-03,T007_SOFT,0.0,1712.4416357195464,T007,1954.6325642497204,U03,existing
P136_245,G1,A_aircraft,G1-A_aircraft-03,T007,3667.074199969267,6275.115097078189,,,U03,existing
P136_245,G1,B_aircraft,G1-B_aircraft-01,T006,3508.596003149672,4698.226288886111,T019_1,674.4765920086829,U05,existing
P136_245,G1,B_aircraft,G1-B_aircraft-01,T019_1,5372.702880894794,6891.727225306649,,,U05,existing
P136_245,G1,C_aircraft,G1-C_aircraft-01,T001,0.0,1561.4261775174655,T018,2512.767204048877,U07,existing
P136_245,G1,C_aircraft,G1-C_aircraft-01,T018,4074.1933815663424,6761.824258936959,,,U07,existing
P136_245,G1,C_aircraft,G1-C_aircraft-02,T003,1438.035182877992,2867.4613603954576,,,U08,existing
P136_245,G1,A_batteries,G1-A_batteries-01,T005,0.0,2178.7887122874713,T007,1488.2854876817955,A01,existing
P136_245,G1,A_batteries,G1-A_batteries-01,T007,3667.074199969267,7728.37856016178,,,A01,existing
P136_245,G1,A_batteries,G1-A_batteries-02,T007_HARD,0.0,2761.062337358848,T014_1,1008.0118626104172,A02,existing
P136_245,G1,A_batteries,G1-A_batteries-02,T014_1,3769.074199969265,6580.0266291174285,,,A02,existing
P136_245,G1,A_batteries,G1-A_batteries-03,T007_SOFT,0.0,2779.9496716386757,T016,2689.8827329990536,A03,existing
P136_245,G1,A_batteries,G1-A_batteries-03,T016,5469.832404637729,8301.566821462397,,,A03,existing
P136_245,G1,A_batteries,G1-A_batteries-04,T020,3687.0741999692646,6897.284697633159,,,A04,existing
P136_245,G1,B_batteries,G1-B_batteries-01,T006,3508.596003149672,5831.667165848992,,,B01,existing
P136_245,G1,B_batteries,G1-B_batteries-02,T019_1,5372.702880894794,8356.40930924514,,,B02,existing
P136_245,G1,C_batteries,G1-C_batteries-01,T001,0.0,3150.0928537629516,T018,924.1005278033908,C01,existing
P136_245,G1,C_batteries,G1-C_batteries-01,T018,4074.1933815663424,9324.985226007513,,,C01,existing
P136_245,G1,C_batteries,G1-C_batteries-02,T003,1438.035182877992,4385.641813543676,,,C02,existing
P136_245,G1,relay_aircraft,G1-relay_aircraft-01,R001,190.137319029409,1999.297638856333,R002,1907.9138801423414,R01,existing
P136_245,G1,relay_aircraft,G1-relay_aircraft-01,R002,3907.2115189986744,7516.130043494062,,,R01,existing
P136_245,G1,relay_components,G1-relay_components-01,R001,190.137319029409,2344.3073253046314,R002,1562.904193694043,RE01,existing
P136_245,G1,relay_components,G1-relay_components-01,R002,3907.2115189986744,8084.5472154177,,,RE01,existing
P136_245,G2,A_aircraft,G2-A_aircraft-01,T009,0.0,1316.0142144169886,T004,688.0974258709011,U04,existing
P136_245,G2,A_aircraft,G2-A_aircraft-01,T004,2004.1116402878897,4285.571599124281,T022,5.000100000000202,U04,existing
P136_245,G2,A_aircraft,G2-A_aircraft-01,T022,4290.571699124282,5982.106185363231,,,U04,existing
P136_245,G2,B_aircraft,G2-B_aircraft-01,T002_2,0.0,1500.9693925601796,T008,5.000099999999975,U06,existing
P136_245,G2,B_aircraft,G2-B_aircraft-01,T008,1505.9694925601796,3350.508382715747,T013,5.0000999999997475,U06,existing
P136_245,G2,B_aircraft,G2-B_aircraft-01,T013,3355.5084827157466,5313.549754202741,,,U06,existing
P136_245,G2,B_aircraft,G2-B_aircraft-02,T015,0.0,1554.5713591276817,T011,5.000100000000202,NEW-B_aircraft-01,procurement_required
P136_245,G2,B_aircraft,G2-B_aircraft-02,T011,1559.571459127682,3503.5959031496714,T021,1809.9539510530703,NEW-B_aircraft-01,procurement_required
P136_245,G2,B_aircraft,G2-B_aircraft-02,T021,5313.549854202742,7211.591125689736,,,NEW-B_aircraft-01,procurement_required
P136_245,G2,C_aircraft,G2-C_aircraft-01,T010_2,0.0,1433.035082877992,T014_2,1722.0578708849598,NEW-C_aircraft-01,procurement_required
P136_245,G2,C_aircraft,G2-C_aircraft-01,T014_2,3155.0929537629518,5460.277018730793,,,NEW-C_aircraft-01,procurement_required
P136_245,G2,C_aircraft,G2-C_aircraft-02,T012,1954.1116402878895,4069.193281566342,,,NEW-C_aircraft-02,procurement_required
P136_245,G2,A_batteries,G2-A_batteries-01,T009,0.0,2207.8690163260853,T022,2082.7026827981963,A05,existing
P136_245,G2,A_batteries,G2-A_batteries-01,T022,4290.571699124282,7157.600692042686,,,A05,existing
P136_245,G2,A_batteries,G2-A_batteries-02,T004,2004.1116402878897,5653.515220902664,,,A06,existing
P136_245,G2,B_batteries,G2-B_batteries-01,T002_2,0.0,2956.647180248775,T013,398.86130246697167,B03,existing
P136_245,G2,B_batteries,G2-B_batteries-01,T013,3355.5084827157466,7272.795381688331,,,B03,existing
P136_245,G2,B_batteries,G2-B_batteries-02,T015,0.0,3010.3575010505742,T021,2303.1923531521675,B04,existing
P136_245,G2,B_batteries,G2-B_batteries-02,T021,5313.549854202742,9078.773277607346,,,B04,existing
P136_245,G2,B_batteries,G2-B_batteries-03,T008,1505.9694925601796,4939.170345795129,,,NEW-B_batteries-01,procurement_required
P136_245,G2,B_batteries,G2-B_batteries-04,T011,1559.571459127682,5367.702780894794,,,NEW-B_batteries-02,procurement_required
P136_245,G2,C_batteries,G2-C_batteries-01,T010_2,0.0,2880.8082760764496,T014_2,274.28467768650216,C03,existing
P136_245,G2,C_batteries,G2-C_batteries-01,T014_2,3155.0929537629518,7966.52367812528,,,C03,existing
P136_245,G2,C_batteries,G2-C_batteries-02,T012,1954.1116402878895,6561.858999018011,,,C04,existing
P136_245,G2,relay_aircraft,G2-relay_aircraft-01,R004,96.18236555369045,3902.2114189986755,,,R02,existing
P136_245,G2,relay_aircraft,G2-relay_aircraft-02,R003,2004.2977389089663,7744.455885352581,,,NEW-relay_aircraft-01,procurement_required
P136_245,G2,relay_components,G2-relay_components-01,R004,96.18236555369045,4498.791383917484,,,RE02,existing
P136_245,G2,relay_components,G2-relay_components-02,R003,2004.2977389089663,8588.743789022035,,,RE03,existing
P13_2456,G1,A_aircraft,G1-A_aircraft-01,T005,0.0,1312.470877312685,T014_1,2456.60332265658,U01,existing
P13_2456,G1,A_aircraft,G1-A_aircraft-01,T014_1,3769.074199969265,5464.83230463773,T016,5.000099999999293,U01,existing
P13_2456,G1,A_aircraft,G1-A_aircraft-01,T016,5469.832404637729,7165.590509306194,,,U01,existing
P13_2456,G1,A_aircraft,G1-A_aircraft-02,T007_HARD,0.0,1712.4416357195464,T020,1974.6325642497181,U02,existing
P13_2456,G1,A_aircraft,G1-A_aircraft-02,T020,3687.0741999692646,5657.284046946083,,,U02,existing
P13_2456,G1,A_aircraft,G1-A_aircraft-03,T007_SOFT,0.0,1712.4416357195464,T007,1954.6325642497204,U03,existing
P13_2456,G1,A_aircraft,G1-A_aircraft-03,T007,3667.074199969267,6275.115097078189,,,U03,existing
P13_2456,G1,B_aircraft,G1-B_aircraft-01,T019_1,5372.702880894794,6891.727225306649,,,U05,existing
P13_2456,G1,C_aircraft,G1-C_aircraft-01,T001,0.0,1561.4261775174655,T018,2512.767204048877,U07,existing
P13_2456,G1,C_aircraft,G1-C_aircraft-01,T018,4074.1933815663424,6761.824258936959,,,U07,existing
P13_2456,G1,C_aircraft,G1-C_aircraft-02,T003,1438.035182877992,2867.4613603954576,,,U08,existing
P13_2456,G1,A_batteries,G1-A_batteries-01,T005,0.0,2178.7887122874713,T007,1488.2854876817955,A01,existing
P13_2456,G1,A_batteries,G1-A_batteries-01,T007,3667.074199969267,7728.37856016178,,,A01,existing
P13_2456,G1,A_batteries,G1-A_batteries-02,T007_HARD,0.0,2761.062337358848,T014_1,1008.0118626104172,A02,existing
P13_2456,G1,A_batteries,G1-A_batteries-02,T014_1,3769.074199969265,6580.0266291174285,,,A02,existing
P13_2456,G1,A_batteries,G1-A_batteries-03,T007_SOFT,0.0,2779.9496716386757,T016,2689.8827329990536,A03,existing
P13_2456,G1,A_batteries,G1-A_batteries-03,T016,5469.832404637729,8301.566821462397,,,A03,existing
P13_2456,G1,A_batteries,G1-A_batteries-04,T020,3687.0741999692646,6897.284697633159,,,A04,existing
P13_2456,G1,B_batteries,G1-B_batteries-01,T019_1,5372.702880894794,8356.40930924514,,,B01,existing
P13_2456,G1,C_batteries,G1-C_batteries-01,T001,0.0,3150.0928537629516,T018,924.1005278033908,C01,existing
P13_2456,G1,C_batteries,G1-C_batteries-01,T018,4074.1933815663424,9324.985226007513,,,C01,existing
P13_2456,G1,C_batteries,G1-C_batteries-02,T003,1438.035182877992,4385.641813543676,,,C02,existing
P13_2456,G1,relay_aircraft,G1-relay_aircraft-01,R001,190.137319029409,1999.297638856333,R002,1907.9138801423414,R01,existing
P13_2456,G1,relay_aircraft,G1-relay_aircraft-01,R002,3907.2115189986744,7516.130043494062,,,R01,existing
P13_2456,G1,relay_components,G1-relay_components-01,R001,190.137319029409,2344.3073253046314,R002,1562.904193694043,RE01,existing
P13_2456,G1,relay_components,G1-relay_components-01,R002,3907.2115189986744,8084.5472154177,,,RE01,existing
P13_2456,G2,A_aircraft,G2-A_aircraft-01,T009,0.0,1316.0142144169886,T004,688.0974258709011,U04,existing
P13_2456,G2,A_aircraft,G2-A_aircraft-01,T004,2004.1116402878897,4285.571599124281,T022,5.000100000000202,U04,existing
P13_2456,G2,A_aircraft,G2-A_aircraft-01,T022,4290.571699124282,5982.106185363231,,,U04,existing
P13_2456,G2,B_aircraft,G2-B_aircraft-01,T002_2,0.0,1500.9693925601796,T008,5.000099999999975,U06,existing
P13_2456,G2,B_aircraft,G2-B_aircraft-01,T008,1505.9694925601796,3350.508382715747,T013,5.0000999999997475,U06,existing
P13_2456,G2,B_aircraft,G2-B_aircraft-01,T013,3355.5084827157466,5313.549754202741,,,U06,existing
P13_2456,G2,B_aircraft,G2-B_aircraft-02,T015,0.0,1554.5713591276817,T011,5.000100000000202,NEW-B_aircraft-01,procurement_required
P13_2456,G2,B_aircraft,G2-B_aircraft-02,T011,1559.571459127682,3503.5959031496714,T006,5.000100000000657,NEW-B_aircraft-01,procurement_required
P13_2456,G2,B_aircraft,G2-B_aircraft-02,T006,3508.596003149672,4698.226288886111,T021,615.3235653166303,NEW-B_aircraft-01,procurement_required
P13_2456,G2,B_aircraft,G2-B_aircraft-02,T021,5313.549854202742,7211.591125689736,,,NEW-B_aircraft-01,procurement_required
P13_2456,G2,C_aircraft,G2-C_aircraft-01,T010_2,0.0,1433.035082877992,T014_2,1722.0578708849598,NEW-C_aircraft-01,procurement_required
P13_2456,G2,C_aircraft,G2-C_aircraft-01,T014_2,3155.0929537629518,5460.277018730793,,,NEW-C_aircraft-01,procurement_required
P13_2456,G2,C_aircraft,G2-C_aircraft-02,T012,1954.1116402878895,4069.193281566342,,,NEW-C_aircraft-02,procurement_required
P13_2456,G2,A_batteries,G2-A_batteries-01,T009,0.0,2207.8690163260853,T022,2082.7026827981963,A05,existing
P13_2456,G2,A_batteries,G2-A_batteries-01,T022,4290.571699124282,7157.600692042686,,,A05,existing
P13_2456,G2,A_batteries,G2-A_batteries-02,T004,2004.1116402878897,5653.515220902664,,,A06,existing
P13_2456,G2,B_batteries,G2-B_batteries-01,T002_2,0.0,2956.647180248775,T013,398.86130246697167,B02,existing
P13_2456,G2,B_batteries,G2-B_batteries-01,T013,3355.5084827157466,7272.795381688331,,,B02,existing
P13_2456,G2,B_batteries,G2-B_batteries-02,T015,0.0,3010.3575010505742,T006,498.2385020990978,B03,existing
P13_2456,G2,B_batteries,G2-B_batteries-02,T006,3508.596003149672,5831.667165848992,,,B03,existing
P13_2456,G2,B_batteries,G2-B_batteries-03,T008,1505.9694925601796,4939.170345795129,T021,374.3795084076128,B04,existing
P13_2456,G2,B_batteries,G2-B_batteries-03,T021,5313.549854202742,9078.773277607346,,,B04,existing
P13_2456,G2,B_batteries,G2-B_batteries-04,T011,1559.571459127682,5367.702780894794,,,NEW-B_batteries-01,procurement_required
P13_2456,G2,C_batteries,G2-C_batteries-01,T010_2,0.0,2880.8082760764496,T014_2,274.28467768650216,C03,existing
P13_2456,G2,C_batteries,G2-C_batteries-01,T014_2,3155.0929537629518,7966.52367812528,,,C03,existing
P13_2456,G2,C_batteries,G2-C_batteries-02,T012,1954.1116402878895,6561.858999018011,,,C04,existing
P13_2456,G2,relay_aircraft,G2-relay_aircraft-01,R004,96.18236555369045,3902.2114189986755,,,R02,existing
P13_2456,G2,relay_aircraft,G2-relay_aircraft-02,R003,2004.2977389089663,7744.455885352581,,,NEW-relay_aircraft-01,procurement_required
P13_2456,G2,relay_components,G2-relay_components-01,R004,96.18236555369045,4498.791383917484,,,RE02,existing
P13_2456,G2,relay_components,G2-relay_components-02,R003,2004.2977389089663,8588.743789022035,,,RE03,existing
P1456_23,G1,A_aircraft,G1-A_aircraft-01,T005,0.0,1312.470877312685,,,U01,existing
P1456_23,G1,A_aircraft,G1-A_aircraft-02,T009,0.0,1316.0142144169886,,,U02,existing
P1456_23,G1,B_aircraft,G1-B_aircraft-01,T002_2,0.0,1500.9693925601796,T008,5.000099999999975,U05,existing
P1456_23,G1,B_aircraft,G1-B_aircraft-01,T008,1505.9694925601796,3350.508382715747,T006,158.08762043392517,U05,existing
P1456_23,G1,B_aircraft,G1-B_aircraft-01,T006,3508.596003149672,4698.226288886111,,,U05,existing
P1456_23,G1,B_aircraft,G1-B_aircraft-02,T015,0.0,1554.5713591276817,T011,5.000100000000202,U06,existing
P1456_23,G1,B_aircraft,G1-B_aircraft-02,T011,1559.571459127682,3503.5959031496714,,,U06,existing
P1456_23,G1,C_aircraft,G1-C_aircraft-01,T001,0.0,1561.4261775174655,,,U07,existing
P1456_23,G1,C_aircraft,G1-C_aircraft-02,T010_2,0.0,1433.035082877992,T003,5.000099999999975,U08,existing
P1456_23,G1,C_aircraft,G1-C_aircraft-02,T003,1438.035182877992,2867.4613603954576,,,U08,existing
P1456_23,G1,A_batteries,G1-A_batteries-01,T005,0.0,2178.7887122874713,,,A01,existing
P1456_23,G1,A_batteries,G1-A_batteries-02,T009,0.0,2207.8690163260853,,,A02,existing
P1456_23,G1,B_batteries,G1-B_batteries-01,T002_2,0.0,2956.647180248775,T006,551.9488229008971,B01,existing
P1456_23,G1,B_batteries,G1-B_batteries-01,T006,3508.596003149672,5831.667165848992,,,B01,existing
P1456_23,G1,B_batteries,G1-B_batteries-02,T015,0.0,3010.3575010505742,,,B02,existing
P1456_23,G1,B_batteries,G1-B_batteries-03,T008,1505.9694925601796,4939.170345795129,,,B03,existing
P1456_23,G1,B_batteries,G1-B_batteries-04,T011,1559.571459127682,5367.702780894794,,,B04,existing
P1456_23,G1,C_batteries,G1-C_batteries-01,T001,0.0,3150.0928537629516,,,C01,existing
P1456_23,G1,C_batteries,G1-C_batteries-02,T010_2,0.0,2880.8082760764496,,,C02,existing
P1456_23,G1,C_batteries,G1-C_batteries-03,T003,1438.035182877992,4385.641813543676,,,C03,existing
P1456_23,G1,relay_aircraft,G1-relay_aircraft-01,R004,96.18236555369045,3902.2114189986755,,,R01,existing
P1456_23,G1,relay_components,G1-relay_components-01,R004,96.18236555369045,4498.791383917484,,,RE01,existing
P1456_23,G2,A_aircraft,G2-A_aircraft-01,T007_HARD,0.0,1712.4416357195464,T007,1954.6325642497204,U03,existing
P1456_23,G2,A_aircraft,G2-A_aircraft-01,T007,3667.074199969267,6275.115097078189,,,U03,existing
P1456_23,G2,A_aircraft,G2-A_aircraft-02,T007_SOFT,0.0,1712.4416357195464,T004,291.6700045683433,U04,existing
P1456_23,G2,A_aircraft,G2-A_aircraft-02,T004,2004.1116402878897,4285.571599124281,T022,5.000100000000202,U04,existing
P1456_23,G2,A_aircraft,G2-A_aircraft-02,T022,4290.571699124282,5982.106185363231,,,U04,existing
P1456_23,G2,A_aircraft,G2-A_aircraft-03,T020,3687.0741999692646,5657.284046946083,,,NEW-A_aircraft-01,procurement_required
P1456_23,G2,A_aircraft,G2-A_aircraft-04,T014_1,3769.074199969265,5464.83230463773,T016,5.000099999999293,NEW-A_aircraft-02,procurement_required
P1456_23,G2,A_aircraft,G2-A_aircraft-04,T016,5469.832404637729,7165.590509306194,,,NEW-A_aircraft-02,procurement_required
P1456_23,G2,B_aircraft,G2-B_aircraft-01,T013,3355.5084827157466,5313.549754202741,T019_1,59.153126692053775,NEW-B_aircraft-01,procurement_required
P1456_23,G2,B_aircraft,G2-B_aircraft-01,T019_1,5372.702880894794,6891.727225306649,,,NEW-B_aircraft-01,procurement_required
P1456_23,G2,B_aircraft,G2-B_aircraft-02,T021,5313.549854202742,7211.591125689736,,,NEW-B_aircraft-02,procurement_required
P1456_23,G2,C_aircraft,G2-C_aircraft-01,T012,1954.1116402878895,4069.193281566342,T018,5.000100000000202,NEW-C_aircraft-01,procurement_required
P1456_23,G2,C_aircraft,G2-C_aircraft-01,T018,4074.1933815663424,6761.824258936959,,,NEW-C_aircraft-01,procurement_required
P1456_23,G2,C_aircraft,G2-C_aircraft-02,T014_2,3155.0929537629518,5460.277018730793,,,NEW-C_aircraft-02,procurement_required
P1456_23,G2,A_batteries,G2-A_batteries-01,T007_HARD,0.0,2761.062337358848,T022,1529.5093617654338,A03,existing
P1456_23,G2,A_batteries,G2-A_batteries-01,T022,4290.571699124282,7157.600692042686,,,A03,existing
P1456_23,G2,A_batteries,G2-A_batteries-02,T007_SOFT,0.0,2779.9496716386757,T016,2689.8827329990536,A04,existing
P1456_23,G2,A_batteries,G2-A_batteries-02,T016,5469.832404637729,8301.566821462397,,,A04,existing
P1456_23,G2,A_batteries,G2-A_batteries-03,T004,2004.1116402878897,5653.515220902664,,,A05,existing
P1456_23,G2,A_batteries,G2-A_batteries-04,T007,3667.074199969267,7728.37856016178,,,A06,existing
P1456_23,G2,A_batteries,G2-A_batteries-05,T020,3687.0741999692646,6897.284697633159,,,NEW-A_batteries-01,procurement_required
P1456_23,G2,A_batteries,G2-A_batteries-06,T014_1,3769.074199969265,6580.0266291174285,,,NEW-A_batteries-02,procurement_required
P1456_23,G2,B_batteries,G2-B_batteries-01,T013,3355.5084827157466,7272.795381688331,,,NEW-B_batteries-01,procurement_required
P1456_23,G2,B_batteries,G2-B_batteries-02,T021,5313.549854202742,9078.773277607346,,,NEW-B_batteries-02,procurement_required
P1456_23,G2,B_batteries,G2-B_batteries-03,T019_1,5372.702880894794,8356.40930924514,,,NEW-B_batteries-03,procurement_required
P1456_23,G2,C_batteries,G2-C_batteries-01,T012,1954.1116402878895,6561.858999018011,,,C04,existing
P1456_23,G2,C_batteries,G2-C_batteries-02,T014_2,3155.0929537629518,7966.52367812528,,,NEW-C_batteries-01,procurement_required
P1456_23,G2,C_batteries,G2-C_batteries-03,T018,4074.1933815663424,9324.985226007513,,,NEW-C_batteries-02,procurement_required
P1456_23,G2,relay_aircraft,G2-relay_aircraft-01,R001,190.137319029409,1999.297638856333,R002,1907.9138801423414,R02,existing
P1456_23,G2,relay_aircraft,G2-relay_aircraft-01,R002,3907.2115189986744,7516.130043494062,,,R02,existing
P1456_23,G2,relay_aircraft,G2-relay_aircraft-02,R003,2004.2977389089663,7744.455885352581,,,NEW-relay_aircraft-01,procurement_required
P1456_23,G2,relay_components,G2-relay_components-01,R001,190.137319029409,2344.3073253046314,R002,1562.904193694043,RE02,existing
P1456_23,G2,relay_components,G2-relay_components-01,R002,3907.2115189986744,8084.5472154177,,,RE02,existing
P1456_23,G2,relay_components,G2-relay_components-02,R003,2004.2977389089663,8588.743789022035,,,RE03,existing
P145_236,G1,A_aircraft,G1-A_aircraft-01,T005,0.0,1312.470877312685,,,U01,existing
P145_236,G1,A_aircraft,G1-A_aircraft-02,T009,0.0,1316.0142144169886,,,U02,existing
P145_236,G1,B_aircraft,G1-B_aircraft-01,T002_2,0.0,1500.9693925601796,T008,5.000099999999975,U05,existing
P145_236,G1,B_aircraft,G1-B_aircraft-01,T008,1505.9694925601796,3350.508382715747,,,U05,existing
P145_236,G1,B_aircraft,G1-B_aircraft-02,T015,0.0,1554.5713591276817,T011,5.000100000000202,U06,existing
P145_236,G1,B_aircraft,G1-B_aircraft-02,T011,1559.571459127682,3503.5959031496714,,,U06,existing
P145_236,G1,C_aircraft,G1-C_aircraft-01,T001,0.0,1561.4261775174655,,,U07,existing
P145_236,G1,C_aircraft,G1-C_aircraft-02,T010_2,0.0,1433.035082877992,T003,5.000099999999975,U08,existing
P145_236,G1,C_aircraft,G1-C_aircraft-02,T003,1438.035182877992,2867.4613603954576,,,U08,existing
P145_236,G1,A_batteries,G1-A_batteries-01,T005,0.0,2178.7887122874713,,,A01,existing
P145_236,G1,A_batteries,G1-A_batteries-02,T009,0.0,2207.8690163260853,,,A02,existing
P145_236,G1,B_batteries,G1-B_batteries-01,T002_2,0.0,2956.647180248775,,,B01,existing
P145_236,G1,B_batteries,G1-B_batteries-02,T015,0.0,3010.3575010505742,,,B02,existing
P145_236,G1,B_batteries,G1-B_batteries-03,T008,1505.9694925601796,4939.170345795129,,,B03,existing
P145_236,G1,B_batteries,G1-B_batteries-04,T011,1559.571459127682,5367.702780894794,,,B04,existing
P145_236,G1,C_batteries,G1-C_batteries-01,T001,0.0,3150.0928537629516,,,C01,existing
P145_236,G1,C_batteries,G1-C_batteries-02,T010_2,0.0,2880.8082760764496,,,C02,existing
P145_236,G1,C_batteries,G1-C_batteries-03,T003,1438.035182877992,4385.641813543676,,,C03,existing
P145_236,G1,relay_aircraft,G1-relay_aircraft-01,R004,96.18236555369045,3902.2114189986755,,,R01,existing
P145_236,G1,relay_components,G1-relay_components-01,R004,96.18236555369045,4498.791383917484,,,RE01,existing
P145_236,G2,A_aircraft,G2-A_aircraft-01,T007_HARD,0.0,1712.4416357195464,T007,1954.6325642497204,U03,existing
P145_236,G2,A_aircraft,G2-A_aircraft-01,T007,3667.074199969267,6275.115097078189,,,U03,existing
P145_236,G2,A_aircraft,G2-A_aircraft-02,T007_SOFT,0.0,1712.4416357195464,T004,291.6700045683433,U04,existing
P145_236,G2,A_aircraft,G2-A_aircraft-02,T004,2004.1116402878897,4285.571599124281,T022,5.000100000000202,U04,existing
P145_236,G2,A_aircraft,G2-A_aircraft-02,T022,4290.571699124282,5982.106185363231,,,U04,existing
P145_236,G2,A_aircraft,G2-A_aircraft-03,T020,3687.0741999692646,5657.284046946083,,,NEW-A_aircraft-01,procurement_required
P145_236,G2,A_aircraft,G2-A_aircraft-04,T014_1,3769.074199969265,5464.83230463773,T016,5.000099999999293,NEW-A_aircraft-02,procurement_required
P145_236,G2,A_aircraft,G2-A_aircraft-04,T016,5469.832404637729,7165.590509306194,,,NEW-A_aircraft-02,procurement_required
P145_236,G2,B_aircraft,G2-B_aircraft-01,T013,3355.5084827157466,5313.549754202741,T019_1,59.153126692053775,NEW-B_aircraft-01,procurement_required
P145_236,G2,B_aircraft,G2-B_aircraft-01,T019_1,5372.702880894794,6891.727225306649,,,NEW-B_aircraft-01,procurement_required
P145_236,G2,B_aircraft,G2-B_aircraft-02,T006,3508.596003149672,4698.226288886111,T021,615.3235653166303,NEW-B_aircraft-02,procurement_required
P145_236,G2,B_aircraft,G2-B_aircraft-02,T021,5313.549854202742,7211.591125689736,,,NEW-B_aircraft-02,procurement_required
P145_236,G2,C_aircraft,G2-C_aircraft-01,T012,1954.1116402878895,4069.193281566342,T018,5.000100000000202,NEW-C_aircraft-01,procurement_required
P145_236,G2,C_aircraft,G2-C_aircraft-01,T018,4074.1933815663424,6761.824258936959,,,NEW-C_aircraft-01,procurement_required
P145_236,G2,C_aircraft,G2-C_aircraft-02,T014_2,3155.0929537629518,5460.277018730793,,,NEW-C_aircraft-02,procurement_required
P145_236,G2,A_batteries,G2-A_batteries-01,T007_HARD,0.0,2761.062337358848,T022,1529.5093617654338,A03,existing
P145_236,G2,A_batteries,G2-A_batteries-01,T022,4290.571699124282,7157.600692042686,,,A03,existing
P145_236,G2,A_batteries,G2-A_batteries-02,T007_SOFT,0.0,2779.9496716386757,T016,2689.8827329990536,A04,existing
P145_236,G2,A_batteries,G2-A_batteries-02,T016,5469.832404637729,8301.566821462397,,,A04,existing
P145_236,G2,A_batteries,G2-A_batteries-03,T004,2004.1116402878897,5653.515220902664,,,A05,existing
P145_236,G2,A_batteries,G2-A_batteries-04,T007,3667.074199969267,7728.37856016178,,,A06,existing
P145_236,G2,A_batteries,G2-A_batteries-05,T020,3687.0741999692646,6897.284697633159,,,NEW-A_batteries-01,procurement_required
P145_236,G2,A_batteries,G2-A_batteries-06,T014_1,3769.074199969265,6580.0266291174285,,,NEW-A_batteries-02,procurement_required
P145_236,G2,B_batteries,G2-B_batteries-01,T013,3355.5084827157466,7272.795381688331,,,NEW-B_batteries-01,procurement_required
P145_236,G2,B_batteries,G2-B_batteries-02,T006,3508.596003149672,5831.667165848992,,,NEW-B_batteries-02,procurement_required
P145_236,G2,B_batteries,G2-B_batteries-03,T021,5313.549854202742,9078.773277607346,,,NEW-B_batteries-03,procurement_required
P145_236,G2,B_batteries,G2-B_batteries-04,T019_1,5372.702880894794,8356.40930924514,,,NEW-B_batteries-04,procurement_required
P145_236,G2,C_batteries,G2-C_batteries-01,T012,1954.1116402878895,6561.858999018011,,,C04,existing
P145_236,G2,C_batteries,G2-C_batteries-02,T014_2,3155.0929537629518,7966.52367812528,,,NEW-C_batteries-01,procurement_required
P145_236,G2,C_batteries,G2-C_batteries-03,T018,4074.1933815663424,9324.985226007513,,,NEW-C_batteries-02,procurement_required
P145_236,G2,relay_aircraft,G2-relay_aircraft-01,R001,190.137319029409,1999.297638856333,R002,1907.9138801423414,R02,existing
P145_236,G2,relay_aircraft,G2-relay_aircraft-01,R002,3907.2115189986744,7516.130043494062,,,R02,existing
P145_236,G2,relay_aircraft,G2-relay_aircraft-02,R003,2004.2977389089663,7744.455885352581,,,NEW-relay_aircraft-01,procurement_required
P145_236,G2,relay_components,G2-relay_components-01,R001,190.137319029409,2344.3073253046314,R002,1562.904193694043,RE02,existing
P145_236,G2,relay_components,G2-relay_components-01,R002,3907.2115189986744,8084.5472154177,,,RE02,existing
P145_236,G2,relay_components,G2-relay_components-02,R003,2004.2977389089663,8588.743789022035,,,RE03,existing
P146_235,G1,A_aircraft,G1-A_aircraft-01,T005,0.0,1312.470877312685,,,U01,existing
P146_235,G1,A_aircraft,G1-A_aircraft-02,T009,0.0,1316.0142144169886,,,U02,existing
P146_235,G1,B_aircraft,G1-B_aircraft-01,T006,3508.596003149672,4698.226288886111,,,U05,existing
P146_235,G1,C_aircraft,G1-C_aircraft-01,T001,0.0,1561.4261775174655,,,U07,existing
P146_235,G1,C_aircraft,G1-C_aircraft-02,T010_2,0.0,1433.035082877992,T003,5.000099999999975,U08,existing
P146_235,G1,C_aircraft,G1-C_aircraft-02,T003,1438.035182877992,2867.4613603954576,,,U08,existing
P146_235,G1,A_batteries,G1-A_batteries-01,T005,0.0,2178.7887122874713,,,A01,existing
P146_235,G1,A_batteries,G1-A_batteries-02,T009,0.0,2207.8690163260853,,,A02,existing
P146_235,G1,B_batteries,G1-B_batteries-01,T006,3508.596003149672,5831.667165848992,,,B01,existing
P146_235,G1,C_batteries,G1-C_batteries-01,T001,0.0,3150.0928537629516,,,C01,existing
P146_235,G1,C_batteries,G1-C_batteries-02,T010_2,0.0,2880.8082760764496,,,C02,existing
P146_235,G1,C_batteries,G1-C_batteries-03,T003,1438.035182877992,4385.641813543676,,,C03,existing
P146_235,G2,A_aircraft,G2-A_aircraft-01,T007_HARD,0.0,1712.4416357195464,T007,1954.6325642497204,U03,existing
P146_235,G2,A_aircraft,G2-A_aircraft-01,T007,3667.074199969267,6275.115097078189,,,U03,existing
P146_235,G2,A_aircraft,G2-A_aircraft-02,T007_SOFT,0.0,1712.4416357195464,T004,291.6700045683433,U04,existing
P146_235,G2,A_aircraft,G2-A_aircraft-02,T004,2004.1116402878897,4285.571599124281,T022,5.000100000000202,U04,existing
P146_235,G2,A_aircraft,G2-A_aircraft-02,T022,4290.571699124282,5982.106185363231,,,U04,existing
P146_235,G2,A_aircraft,G2-A_aircraft-03,T020,3687.0741999692646,5657.284046946083,,,NEW-A_aircraft-01,procurement_required
P146_235,G2,A_aircraft,G2-A_aircraft-04,T014_1,3769.074199969265,5464.83230463773,T016,5.000099999999293,NEW-A_aircraft-02,procurement_required
P146_235,G2,A_aircraft,G2-A_aircraft-04,T016,5469.832404637729,7165.590509306194,,,NEW-A_aircraft-02,procurement_required
P146_235,G2,B_aircraft,G2-B_aircraft-01,T002_2,0.0,1500.9693925601796,T008,5.000099999999975,U06,existing
P146_235,G2,B_aircraft,G2-B_aircraft-01,T008,1505.9694925601796,3350.508382715747,T013,5.0000999999997475,U06,existing
P146_235,G2,B_aircraft,G2-B_aircraft-01,T013,3355.5084827157466,5313.549754202741,T019_1,59.153126692053775,U06,existing
P146_235,G2,B_aircraft,G2-B_aircraft-01,T019_1,5372.702880894794,6891.727225306649,,,U06,existing
P146_235,G2,B_aircraft,G2-B_aircraft-02,T015,0.0,1554.5713591276817,T011,5.000100000000202,NEW-B_aircraft-01,procurement_required
P146_235,G2,B_aircraft,G2-B_aircraft-02,T011,1559.571459127682,3503.5959031496714,T021,1809.9539510530703,NEW-B_aircraft-01,procurement_required
P146_235,G2,B_aircraft,G2-B_aircraft-02,T021,5313.549854202742,7211.591125689736,,,NEW-B_aircraft-01,procurement_required
P146_235,G2,C_aircraft,G2-C_aircraft-01,T012,1954.1116402878895,4069.193281566342,T018,5.000100000000202,NEW-C_aircraft-01,procurement_required
P146_235,G2,C_aircraft,G2-C_aircraft-01,T018,4074.1933815663424,6761.824258936959,,,NEW-C_aircraft-01,procurement_required
P146_235,G2,C_aircraft,G2-C_aircraft-02,T014_2,3155.0929537629518,5460.277018730793,,,NEW-C_aircraft-02,procurement_required
P146_235,G2,A_batteries,G2-A_batteries-01,T007_HARD,0.0,2761.062337358848,T022,1529.5093617654338,A03,existing
P146_235,G2,A_batteries,G2-A_batteries-01,T022,4290.571699124282,7157.600692042686,,,A03,existing
P146_235,G2,A_batteries,G2-A_batteries-02,T007_SOFT,0.0,2779.9496716386757,T016,2689.8827329990536,A04,existing
P146_235,G2,A_batteries,G2-A_batteries-02,T016,5469.832404637729,8301.566821462397,,,A04,existing
P146_235,G2,A_batteries,G2-A_batteries-03,T004,2004.1116402878897,5653.515220902664,,,A05,existing
P146_235,G2,A_batteries,G2-A_batteries-04,T007,3667.074199969267,7728.37856016178,,,A06,existing
P146_235,G2,A_batteries,G2-A_batteries-05,T020,3687.0741999692646,6897.284697633159,,,NEW-A_batteries-01,procurement_required
P146_235,G2,A_batteries,G2-A_batteries-06,T014_1,3769.074199969265,6580.0266291174285,,,NEW-A_batteries-02,procurement_required
P146_235,G2,B_batteries,G2-B_batteries-01,T002_2,0.0,2956.647180248775,T013,398.86130246697167,B02,existing
P146_235,G2,B_batteries,G2-B_batteries-01,T013,3355.5084827157466,7272.795381688331,,,B02,existing
P146_235,G2,B_batteries,G2-B_batteries-02,T015,0.0,3010.3575010505742,T021,2303.1923531521675,B03,existing
P146_235,G2,B_batteries,G2-B_batteries-02,T021,5313.549854202742,9078.773277607346,,,B03,existing
P146_235,G2,B_batteries,G2-B_batteries-03,T008,1505.9694925601796,4939.170345795129,T019_1,433.53253509966544,B04,existing
P146_235,G2,B_batteries,G2-B_batteries-03,T019_1,5372.702880894794,8356.40930924514,,,B04,existing
P146_235,G2,B_batteries,G2-B_batteries-04,T011,1559.571459127682,5367.702780894794,,,NEW-B_batteries-01,procurement_required
P146_235,G2,C_batteries,G2-C_batteries-01,T012,1954.1116402878895,6561.858999018011,,,C04,existing
P146_235,G2,C_batteries,G2-C_batteries-02,T014_2,3155.0929537629518,7966.52367812528,,,NEW-C_batteries-01,procurement_required
P146_235,G2,C_batteries,G2-C_batteries-03,T018,4074.1933815663424,9324.985226007513,,,NEW-C_batteries-02,procurement_required
P146_235,G2,relay_aircraft,G2-relay_aircraft-01,R004,96.18236555369045,3902.2114189986755,R002,5.000099999998838,R01,existing
P146_235,G2,relay_aircraft,G2-relay_aircraft-01,R002,3907.2115189986744,7516.130043494062,,,R01,existing
P146_235,G2,relay_aircraft,G2-relay_aircraft-02,R001,190.137319029409,1999.297638856333,R003,5.000100052633343,R02,existing
P146_235,G2,relay_aircraft,G2-relay_aircraft-02,R003,2004.2977389089663,7744.455885352581,,,R02,existing
P146_235,G2,relay_components,G2-relay_components-01,R004,96.18236555369045,4498.791383917484,,,RE01,existing
P146_235,G2,relay_components,G2-relay_components-02,R001,190.137319029409,2344.3073253046314,R002,1562.904193694043,RE02,existing
P146_235,G2,relay_components,G2-relay_components-02,R002,3907.2115189986744,8084.5472154177,,,RE02,existing
P146_235,G2,relay_components,G2-relay_components-03,R003,2004.2977389089663,8588.743789022035,,,RE03,existing
P14_2356,G1,A_aircraft,G1-A_aircraft-01,T005,0.0,1312.470877312685,,,U01,existing
P14_2356,G1,A_aircraft,G1-A_aircraft-02,T009,0.0,1316.0142144169886,,,U02,existing
P14_2356,G1,C_aircraft,G1-C_aircraft-01,T001,0.0,1561.4261775174655,,,U07,existing
P14_2356,G1,C_aircraft,G1-C_aircraft-02,T010_2,0.0,1433.035082877992,T003,5.000099999999975,U08,existing
P14_2356,G1,C_aircraft,G1-C_aircraft-02,T003,1438.035182877992,2867.4613603954576,,,U08,existing
P14_2356,G1,A_batteries,G1-A_batteries-01,T005,0.0,2178.7887122874713,,,A01,existing
P14_2356,G1,A_batteries,G1-A_batteries-02,T009,0.0,2207.8690163260853,,,A02,existing
P14_2356,G1,C_batteries,G1-C_batteries-01,T001,0.0,3150.0928537629516,,,C01,existing
P14_2356,G1,C_batteries,G1-C_batteries-02,T010_2,0.0,2880.8082760764496,,,C02,existing
P14_2356,G1,C_batteries,G1-C_batteries-03,T003,1438.035182877992,4385.641813543676,,,C03,existing
P14_2356,G2,A_aircraft,G2-A_aircraft-01,T007_HARD,0.0,1712.4416357195464,T007,1954.6325642497204,U03,existing
P14_2356,G2,A_aircraft,G2-A_aircraft-01,T007,3667.074199969267,6275.115097078189,,,U03,existing
P14_2356,G2,A_aircraft,G2-A_aircraft-02,T007_SOFT,0.0,1712.4416357195464,T004,291.6700045683433,U04,existing
P14_2356,G2,A_aircraft,G2-A_aircraft-02,T004,2004.1116402878897,4285.571599124281,T022,5.000100000000202,U04,existing
P14_2356,G2,A_aircraft,G2-A_aircraft-02,T022,4290.571699124282,5982.106185363231,,,U04,existing
P14_2356,G2,A_aircraft,G2-A_aircraft-03,T020,3687.0741999692646,5657.284046946083,,,NEW-A_aircraft-01,procurement_required
P14_2356,G2,A_aircraft,G2-A_aircraft-04,T014_1,3769.074199969265,5464.83230463773,T016,5.000099999999293,NEW-A_aircraft-02,procurement_required
P14_2356,G2,A_aircraft,G2-A_aircraft-04,T016,5469.832404637729,7165.590509306194,,,NEW-A_aircraft-02,procurement_required
P14_2356,G2,B_aircraft,G2-B_aircraft-01,T002_2,0.0,1500.9693925601796,T008,5.000099999999975,U05,existing
P14_2356,G2,B_aircraft,G2-B_aircraft-01,T008,1505.9694925601796,3350.508382715747,T013,5.0000999999997475,U05,existing
P14_2356,G2,B_aircraft,G2-B_aircraft-01,T013,3355.5084827157466,5313.549754202741,T019_1,59.153126692053775,U05,existing
P14_2356,G2,B_aircraft,G2-B_aircraft-01,T019_1,5372.702880894794,6891.727225306649,,,U05,existing
P14_2356,G2,B_aircraft,G2-B_aircraft-02,T015,0.0,1554.5713591276817,T011,5.000100000000202,U06,existing
P14_2356,G2,B_aircraft,G2-B_aircraft-02,T011,1559.571459127682,3503.5959031496714,T006,5.000100000000657,U06,existing
P14_2356,G2,B_aircraft,G2-B_aircraft-02,T006,3508.596003149672,4698.226288886111,T021,615.3235653166303,U06,existing
P14_2356,G2,B_aircraft,G2-B_aircraft-02,T021,5313.549854202742,7211.591125689736,,,U06,existing
P14_2356,G2,C_aircraft,G2-C_aircraft-01,T012,1954.1116402878895,4069.193281566342,T018,5.000100000000202,NEW-C_aircraft-01,procurement_required
P14_2356,G2,C_aircraft,G2-C_aircraft-01,T018,4074.1933815663424,6761.824258936959,,,NEW-C_aircraft-01,procurement_required
P14_2356,G2,C_aircraft,G2-C_aircraft-02,T014_2,3155.0929537629518,5460.277018730793,,,NEW-C_aircraft-02,procurement_required
P14_2356,G2,A_batteries,G2-A_batteries-01,T007_HARD,0.0,2761.062337358848,T022,1529.5093617654338,A03,existing
P14_2356,G2,A_batteries,G2-A_batteries-01,T022,4290.571699124282,7157.600692042686,,,A03,existing
P14_2356,G2,A_batteries,G2-A_batteries-02,T007_SOFT,0.0,2779.9496716386757,T016,2689.8827329990536,A04,existing
P14_2356,G2,A_batteries,G2-A_batteries-02,T016,5469.832404637729,8301.566821462397,,,A04,existing
P14_2356,G2,A_batteries,G2-A_batteries-03,T004,2004.1116402878897,5653.515220902664,,,A05,existing
P14_2356,G2,A_batteries,G2-A_batteries-04,T007,3667.074199969267,7728.37856016178,,,A06,existing
P14_2356,G2,A_batteries,G2-A_batteries-05,T020,3687.0741999692646,6897.284697633159,,,NEW-A_batteries-01,procurement_required
P14_2356,G2,A_batteries,G2-A_batteries-06,T014_1,3769.074199969265,6580.0266291174285,,,NEW-A_batteries-02,procurement_required
P14_2356,G2,B_batteries,G2-B_batteries-01,T002_2,0.0,2956.647180248775,T006,551.9488229008971,B01,existing
P14_2356,G2,B_batteries,G2-B_batteries-01,T006,3508.596003149672,5831.667165848992,,,B01,existing
P14_2356,G2,B_batteries,G2-B_batteries-02,T015,0.0,3010.3575010505742,T013,345.15098166517237,B02,existing
P14_2356,G2,B_batteries,G2-B_batteries-02,T013,3355.5084827157466,7272.795381688331,,,B02,existing
P14_2356,G2,B_batteries,G2-B_batteries-03,T008,1505.9694925601796,4939.170345795129,T021,374.3795084076128,B03,existing
P14_2356,G2,B_batteries,G2-B_batteries-03,T021,5313.549854202742,9078.773277607346,,,B03,existing
P14_2356,G2,B_batteries,G2-B_batteries-04,T011,1559.571459127682,5367.702780894794,T019_1,5.000100000000202,B04,existing
P14_2356,G2,B_batteries,G2-B_batteries-04,T019_1,5372.702880894794,8356.40930924514,,,B04,existing
P14_2356,G2,C_batteries,G2-C_batteries-01,T012,1954.1116402878895,6561.858999018011,,,C04,existing
P14_2356,G2,C_batteries,G2-C_batteries-02,T014_2,3155.0929537629518,7966.52367812528,,,NEW-C_batteries-01,procurement_required
P14_2356,G2,C_batteries,G2-C_batteries-03,T018,4074.1933815663424,9324.985226007513,,,NEW-C_batteries-02,procurement_required
P14_2356,G2,relay_aircraft,G2-relay_aircraft-01,R004,96.18236555369045,3902.2114189986755,R002,5.000099999998838,R01,existing
P14_2356,G2,relay_aircraft,G2-relay_aircraft-01,R002,3907.2115189986744,7516.130043494062,,,R01,existing
P14_2356,G2,relay_aircraft,G2-relay_aircraft-02,R001,190.137319029409,1999.297638856333,R003,5.000100052633343,R02,existing
P14_2356,G2,relay_aircraft,G2-relay_aircraft-02,R003,2004.2977389089663,7744.455885352581,,,R02,existing
P14_2356,G2,relay_components,G2-relay_components-01,R004,96.18236555369045,4498.791383917484,,,RE01,existing
P14_2356,G2,relay_components,G2-relay_components-02,R001,190.137319029409,2344.3073253046314,R002,1562.904193694043,RE02,existing
P14_2356,G2,relay_components,G2-relay_components-02,R002,3907.2115189986744,8084.5472154177,,,RE02,existing
P14_2356,G2,relay_components,G2-relay_components-03,R003,2004.2977389089663,8588.743789022035,,,RE03,existing
P156_234,G1,A_aircraft,G1-A_aircraft-01,T005,0.0,1312.470877312685,,,U01,existing
P156_234,G1,B_aircraft,G1-B_aircraft-01,T002_2,0.0,1500.9693925601796,T008,5.000099999999975,U05,existing
P156_234,G1,B_aircraft,G1-B_aircraft-01,T008,1505.9694925601796,3350.508382715747,T006,158.08762043392517,U05,existing
P156_234,G1,B_aircraft,G1-B_aircraft-01,T006,3508.596003149672,4698.226288886111,,,U05,existing
P156_234,G1,B_aircraft,G1-B_aircraft-02,T015,0.0,1554.5713591276817,T011,5.000100000000202,U06,existing
P156_234,G1,B_aircraft,G1-B_aircraft-02,T011,1559.571459127682,3503.5959031496714,,,U06,existing
P156_234,G1,C_aircraft,G1-C_aircraft-01,T001,0.0,1561.4261775174655,,,U07,existing
P156_234,G1,C_aircraft,G1-C_aircraft-02,T003,1438.035182877992,2867.4613603954576,,,U08,existing
P156_234,G1,A_batteries,G1-A_batteries-01,T005,0.0,2178.7887122874713,,,A01,existing
P156_234,G1,B_batteries,G1-B_batteries-01,T002_2,0.0,2956.647180248775,T006,551.9488229008971,B01,existing
P156_234,G1,B_batteries,G1-B_batteries-01,T006,3508.596003149672,5831.667165848992,,,B01,existing
P156_234,G1,B_batteries,G1-B_batteries-02,T015,0.0,3010.3575010505742,,,B02,existing
P156_234,G1,B_batteries,G1-B_batteries-03,T008,1505.9694925601796,4939.170345795129,,,B03,existing
P156_234,G1,B_batteries,G1-B_batteries-04,T011,1559.571459127682,5367.702780894794,,,B04,existing
P156_234,G1,C_batteries,G1-C_batteries-01,T001,0.0,3150.0928537629516,,,C01,existing
P156_234,G1,C_batteries,G1-C_batteries-02,T003,1438.035182877992,4385.641813543676,,,C02,existing
P156_234,G1,relay_aircraft,G1-relay_aircraft-01,R004,96.18236555369045,3902.2114189986755,,,R01,existing
P156_234,G1,relay_components,G1-relay_components-01,R004,96.18236555369045,4498.791383917484,,,RE01,existing
P156_234,G2,A_aircraft,G2-A_aircraft-01,T007_HARD,0.0,1712.4416357195464,T007,1954.6325642497204,U02,existing
P156_234,G2,A_aircraft,G2-A_aircraft-01,T007,3667.074199969267,6275.115097078189,,,U02,existing
P156_234,G2,A_aircraft,G2-A_aircraft-02,T007_SOFT,0.0,1712.4416357195464,T004,291.6700045683433,U03,existing
P156_234,G2,A_aircraft,G2-A_aircraft-02,T004,2004.1116402878897,4285.571599124281,T022,5.000100000000202,U03,existing
P156_234,G2,A_aircraft,G2-A_aircraft-02,T022,4290.571699124282,5982.106185363231,,,U03,existing
P156_234,G2,A_aircraft,G2-A_aircraft-03,T009,0.0,1316.0142144169886,T020,2371.059985552276,U04,existing
P156_234,G2,A_aircraft,G2-A_aircraft-03,T020,3687.0741999692646,5657.284046946083,,,U04,existing
P156_234,G2,A_aircraft,G2-A_aircraft-04,T014_1,3769.074199969265,5464.83230463773,T016,5.000099999999293,NEW-A_aircraft-01,procurement_required
P156_234,G2,A_aircraft,G2-A_aircraft-04,T016,5469.832404637729,7165.590509306194,,,NEW-A_aircraft-01,procurement_required
P156_234,G2,B_aircraft,G2-B_aircraft-01,T013,3355.5084827157466,5313.549754202741,T019_1,59.153126692053775,NEW-B_aircraft-01,procurement_required
P156_234,G2,B_aircraft,G2-B_aircraft-01,T019_1,5372.702880894794,6891.727225306649,,,NEW-B_aircraft-01,procurement_required
P156_234,G2,B_aircraft,G2-B_aircraft-02,T021,5313.549854202742,7211.591125689736,,,NEW-B_aircraft-02,procurement_required
P156_234,G2,C_aircraft,G2-C_aircraft-01,T010_2,0.0,1433.035082877992,T012,521.0765574098975,NEW-C_aircraft-01,procurement_required
P156_234,G2,C_aircraft,G2-C_aircraft-01,T012,1954.1116402878895,4069.193281566342,T018,5.000100000000202,NEW-C_aircraft-01,procurement_required
P156_234,G2,C_aircraft,G2-C_aircraft-01,T018,4074.1933815663424,6761.824258936959,,,NEW-C_aircraft-01,procurement_required
P156_234,G2,C_aircraft,G2-C_aircraft-02,T014_2,3155.0929537629518,5460.277018730793,,,NEW-C_aircraft-02,procurement_required
P156_234,G2,A_batteries,G2-A_batteries-01,T007_HARD,0.0,2761.062337358848,T022,1529.5093617654338,A02,existing
P156_234,G2,A_batteries,G2-A_batteries-01,T022,4290.571699124282,7157.600692042686,,,A02,existing
P156_234,G2,A_batteries,G2-A_batteries-02,T007_SOFT,0.0,2779.9496716386757,T016,2689.8827329990536,A03,existing
P156_234,G2,A_batteries,G2-A_batteries-02,T016,5469.832404637729,8301.566821462397,,,A03,existing
P156_234,G2,A_batteries,G2-A_batteries-03,T009,0.0,2207.8690163260853,T014_1,1561.2051836431797,A04,existing
P156_234,G2,A_batteries,G2-A_batteries-03,T014_1,3769.074199969265,6580.0266291174285,,,A04,existing
P156_234,G2,A_batteries,G2-A_batteries-04,T004,2004.1116402878897,5653.515220902664,,,A05,existing
P156_234,G2,A_batteries,G2-A_batteries-05,T007,3667.074199969267,7728.37856016178,,,A06,existing
P156_234,G2,A_batteries,G2-A_batteries-06,T020,3687.0741999692646,6897.284697633159,,,NEW-A_batteries-01,procurement_required
P156_234,G2,B_batteries,G2-B_batteries-01,T013,3355.5084827157466,7272.795381688331,,,NEW-B_batteries-01,procurement_required
P156_234,G2,B_batteries,G2-B_batteries-02,T021,5313.549854202742,9078.773277607346,,,NEW-B_batteries-02,procurement_required
P156_234,G2,B_batteries,G2-B_batteries-03,T019_1,5372.702880894794,8356.40930924514,,,NEW-B_batteries-03,procurement_required
P156_234,G2,C_batteries,G2-C_batteries-01,T010_2,0.0,2880.8082760764496,T018,1193.3851054898928,C03,existing
P156_234,G2,C_batteries,G2-C_batteries-01,T018,4074.1933815663424,9324.985226007513,,,C03,existing
P156_234,G2,C_batteries,G2-C_batteries-02,T012,1954.1116402878895,6561.858999018011,,,C04,existing
P156_234,G2,C_batteries,G2-C_batteries-03,T014_2,3155.0929537629518,7966.52367812528,,,NEW-C_batteries-01,procurement_required
P156_234,G2,relay_aircraft,G2-relay_aircraft-01,R001,190.137319029409,1999.297638856333,R002,1907.9138801423414,R02,existing
P156_234,G2,relay_aircraft,G2-relay_aircraft-01,R002,3907.2115189986744,7516.130043494062,,,R02,existing
P156_234,G2,relay_aircraft,G2-relay_aircraft-02,R003,2004.2977389089663,7744.455885352581,,,NEW-relay_aircraft-01,procurement_required
P156_234,G2,relay_components,G2-relay_components-01,R001,190.137319029409,2344.3073253046314,R002,1562.904193694043,RE02,existing
P156_234,G2,relay_components,G2-relay_components-01,R002,3907.2115189986744,8084.5472154177,,,RE02,existing
P156_234,G2,relay_components,G2-relay_components-02,R003,2004.2977389089663,8588.743789022035,,,RE03,existing
P15_2346,G1,A_aircraft,G1-A_aircraft-01,T005,0.0,1312.470877312685,,,U01,existing
P15_2346,G1,B_aircraft,G1-B_aircraft-01,T002_2,0.0,1500.9693925601796,T008,5.000099999999975,U05,existing
P15_2346,G1,B_aircraft,G1-B_aircraft-01,T008,1505.9694925601796,3350.508382715747,,,U05,existing
P15_2346,G1,B_aircraft,G1-B_aircraft-02,T015,0.0,1554.5713591276817,T011,5.000100000000202,U06,existing
P15_2346,G1,B_aircraft,G1-B_aircraft-02,T011,1559.571459127682,3503.5959031496714,,,U06,existing
P15_2346,G1,C_aircraft,G1-C_aircraft-01,T001,0.0,1561.4261775174655,,,U07,existing
P15_2346,G1,C_aircraft,G1-C_aircraft-02,T003,1438.035182877992,2867.4613603954576,,,U08,existing
P15_2346,G1,A_batteries,G1-A_batteries-01,T005,0.0,2178.7887122874713,,,A01,existing
P15_2346,G1,B_batteries,G1-B_batteries-01,T002_2,0.0,2956.647180248775,,,B01,existing
P15_2346,G1,B_batteries,G1-B_batteries-02,T015,0.0,3010.3575010505742,,,B02,existing
P15_2346,G1,B_batteries,G1-B_batteries-03,T008,1505.9694925601796,4939.170345795129,,,B03,existing
P15_2346,G1,B_batteries,G1-B_batteries-04,T011,1559.571459127682,5367.702780894794,,,B04,existing
P15_2346,G1,C_batteries,G1-C_batteries-01,T001,0.0,3150.0928537629516,,,C01,existing
P15_2346,G1,C_batteries,G1-C_batteries-02,T003,1438.035182877992,4385.641813543676,,,C02,existing
P15_2346,G1,relay_aircraft,G1-relay_aircraft-01,R004,96.18236555369045,3902.2114189986755,,,R01,existing
P15_2346,G1,relay_components,G1-relay_components-01,R004,96.18236555369045,4498.791383917484,,,RE01,existing
P15_2346,G2,A_aircraft,G2-A_aircraft-01,T007_HARD,0.0,1712.4416357195464,T007,1954.6325642497204,U02,existing
P15_2346,G2,A_aircraft,G2-A_aircraft-01,T007,3667.074199969267,6275.115097078189,,,U02,existing
P15_2346,G2,A_aircraft,G2-A_aircraft-02,T007_SOFT,0.0,1712.4416357195464,T004,291.6700045683433,U03,existing
P15_2346,G2,A_aircraft,G2-A_aircraft-02,T004,2004.1116402878897,4285.571599124281,T022,5.000100000000202,U03,existing
P15_2346,G2,A_aircraft,G2-A_aircraft-02,T022,4290.571699124282,5982.106185363231,,,U03,existing
P15_2346,G2,A_aircraft,G2-A_aircraft-03,T009,0.0,1316.0142144169886,T020,2371.059985552276,U04,existing
P15_2346,G2,A_aircraft,G2-A_aircraft-03,T020,3687.0741999692646,5657.284046946083,,,U04,existing
P15_2346,G2,A_aircraft,G2-A_aircraft-04,T014_1,3769.074199969265,5464.83230463773,T016,5.000099999999293,NEW-A_aircraft-01,procurement_required
P15_2346,G2,A_aircraft,G2-A_aircraft-04,T016,5469.832404637729,7165.590509306194,,,NEW-A_aircraft-01,procurement_required
P15_2346,G2,B_aircraft,G2-B_aircraft-01,T013,3355.5084827157466,5313.549754202741,T019_1,59.153126692053775,NEW-B_aircraft-01,procurement_required
P15_2346,G2,B_aircraft,G2-B_aircraft-01,T019_1,5372.702880894794,6891.727225306649,,,NEW-B_aircraft-01,procurement_required
P15_2346,G2,B_aircraft,G2-B_aircraft-02,T006,3508.596003149672,4698.226288886111,T021,615.3235653166303,NEW-B_aircraft-02,procurement_required
P15_2346,G2,B_aircraft,G2-B_aircraft-02,T021,5313.549854202742,7211.591125689736,,,NEW-B_aircraft-02,procurement_required
P15_2346,G2,C_aircraft,G2-C_aircraft-01,T010_2,0.0,1433.035082877992,T012,521.0765574098975,NEW-C_aircraft-01,procurement_required
P15_2346,G2,C_aircraft,G2-C_aircraft-01,T012,1954.1116402878895,4069.193281566342,T018,5.000100000000202,NEW-C_aircraft-01,procurement_required
P15_2346,G2,C_aircraft,G2-C_aircraft-01,T018,4074.1933815663424,6761.824258936959,,,NEW-C_aircraft-01,procurement_required
P15_2346,G2,C_aircraft,G2-C_aircraft-02,T014_2,3155.0929537629518,5460.277018730793,,,NEW-C_aircraft-02,procurement_required
P15_2346,G2,A_batteries,G2-A_batteries-01,T007_HARD,0.0,2761.062337358848,T022,1529.5093617654338,A02,existing
P15_2346,G2,A_batteries,G2-A_batteries-01,T022,4290.571699124282,7157.600692042686,,,A02,existing
P15_2346,G2,A_batteries,G2-A_batteries-02,T007_SOFT,0.0,2779.9496716386757,T016,2689.8827329990536,A03,existing
P15_2346,G2,A_batteries,G2-A_batteries-02,T016,5469.832404637729,8301.566821462397,,,A03,existing
P15_2346,G2,A_batteries,G2-A_batteries-03,T009,0.0,2207.8690163260853,T014_1,1561.2051836431797,A04,existing
P15_2346,G2,A_batteries,G2-A_batteries-03,T014_1,3769.074199969265,6580.0266291174285,,,A04,existing
P15_2346,G2,A_batteries,G2-A_batteries-04,T004,2004.1116402878897,5653.515220902664,,,A05,existing
P15_2346,G2,A_batteries,G2-A_batteries-05,T007,3667.074199969267,7728.37856016178,,,A06,existing
P15_2346,G2,A_batteries,G2-A_batteries-06,T020,3687.0741999692646,6897.284697633159,,,NEW-A_batteries-01,procurement_required
P15_2346,G2,B_batteries,G2-B_batteries-01,T013,3355.5084827157466,7272.795381688331,,,NEW-B_batteries-01,procurement_required
P15_2346,G2,B_batteries,G2-B_batteries-02,T006,3508.596003149672,5831.667165848992,,,NEW-B_batteries-02,procurement_required
P15_2346,G2,B_batteries,G2-B_batteries-03,T021,5313.549854202742,9078.773277607346,,,NEW-B_batteries-03,procurement_required
P15_2346,G2,B_batteries,G2-B_batteries-04,T019_1,5372.702880894794,8356.40930924514,,,NEW-B_batteries-04,procurement_required
P15_2346,G2,C_batteries,G2-C_batteries-01,T010_2,0.0,2880.8082760764496,T018,1193.3851054898928,C03,existing
P15_2346,G2,C_batteries,G2-C_batteries-01,T018,4074.1933815663424,9324.985226007513,,,C03,existing
P15_2346,G2,C_batteries,G2-C_batteries-02,T012,1954.1116402878895,6561.858999018011,,,C04,existing
P15_2346,G2,C_batteries,G2-C_batteries-03,T014_2,3155.0929537629518,7966.52367812528,,,NEW-C_batteries-01,procurement_required
P15_2346,G2,relay_aircraft,G2-relay_aircraft-01,R001,190.137319029409,1999.297638856333,R002,1907.9138801423414,R02,existing
P15_2346,G2,relay_aircraft,G2-relay_aircraft-01,R002,3907.2115189986744,7516.130043494062,,,R02,existing
P15_2346,G2,relay_aircraft,G2-relay_aircraft-02,R003,2004.2977389089663,7744.455885352581,,,NEW-relay_aircraft-01,procurement_required
P15_2346,G2,relay_components,G2-relay_components-01,R001,190.137319029409,2344.3073253046314,R002,1562.904193694043,RE02,existing
P15_2346,G2,relay_components,G2-relay_components-01,R002,3907.2115189986744,8084.5472154177,,,RE02,existing
P15_2346,G2,relay_components,G2-relay_components-02,R003,2004.2977389089663,8588.743789022035,,,RE03,existing
P16_2345,G1,A_aircraft,G1-A_aircraft-01,T005,0.0,1312.470877312685,,,U01,existing
P16_2345,G1,B_aircraft,G1-B_aircraft-01,T006,3508.596003149672,4698.226288886111,,,U05,existing
P16_2345,G1,C_aircraft,G1-C_aircraft-01,T001,0.0,1561.4261775174655,,,U07,existing
P16_2345,G1,C_aircraft,G1-C_aircraft-02,T003,1438.035182877992,2867.4613603954576,,,U08,existing
P16_2345,G1,A_batteries,G1-A_batteries-01,T005,0.0,2178.7887122874713,,,A01,existing
P16_2345,G1,B_batteries,G1-B_batteries-01,T006,3508.596003149672,5831.667165848992,,,B01,existing
P16_2345,G1,C_batteries,G1-C_batteries-01,T001,0.0,3150.0928537629516,,,C01,existing
P16_2345,G1,C_batteries,G1-C_batteries-02,T003,1438.035182877992,4385.641813543676,,,C02,existing
P16_2345,G2,A_aircraft,G2-A_aircraft-01,T007_HARD,0.0,1712.4416357195464,T007,1954.6325642497204,U02,existing
P16_2345,G2,A_aircraft,G2-A_aircraft-01,T007,3667.074199969267,6275.115097078189,,,U02,existing
P16_2345,G2,A_aircraft,G2-A_aircraft-02,T007_SOFT,0.0,1712.4416357195464,T004,291.6700045683433,U03,existing
P16_2345,G2,A_aircraft,G2-A_aircraft-02,T004,2004.1116402878897,4285.571599124281,T022,5.000100000000202,U03,existing
P16_2345,G2,A_aircraft,G2-A_aircraft-02,T022,4290.571699124282,5982.106185363231,,,U03,existing
P16_2345,G2,A_aircraft,G2-A_aircraft-03,T009,0.0,1316.0142144169886,T020,2371.059985552276,U04,existing
P16_2345,G2,A_aircraft,G2-A_aircraft-03,T020,3687.0741999692646,5657.284046946083,,,U04,existing
P16_2345,G2,A_aircraft,G2-A_aircraft-04,T014_1,3769.074199969265,5464.83230463773,T016,5.000099999999293,NEW-A_aircraft-01,procurement_required
P16_2345,G2,A_aircraft,G2-A_aircraft-04,T016,5469.832404637729,7165.590509306194,,,NEW-A_aircraft-01,procurement_required
P16_2345,G2,B_aircraft,G2-B_aircraft-01,T002_2,0.0,1500.9693925601796,T008,5.000099999999975,U06,existing
P16_2345,G2,B_aircraft,G2-B_aircraft-01,T008,1505.9694925601796,3350.508382715747,T013,5.0000999999997475,U06,existing
P16_2345,G2,B_aircraft,G2-B_aircraft-01,T013,3355.5084827157466,5313.549754202741,T019_1,59.153126692053775,U06,existing
P16_2345,G2,B_aircraft,G2-B_aircraft-01,T019_1,5372.702880894794,6891.727225306649,,,U06,existing
P16_2345,G2,B_aircraft,G2-B_aircraft-02,T015,0.0,1554.5713591276817,T011,5.000100000000202,NEW-B_aircraft-01,procurement_required
P16_2345,G2,B_aircraft,G2-B_aircraft-02,T011,1559.571459127682,3503.5959031496714,T021,1809.9539510530703,NEW-B_aircraft-01,procurement_required
P16_2345,G2,B_aircraft,G2-B_aircraft-02,T021,5313.549854202742,7211.591125689736,,,NEW-B_aircraft-01,procurement_required
P16_2345,G2,C_aircraft,G2-C_aircraft-01,T010_2,0.0,1433.035082877992,T012,521.0765574098975,NEW-C_aircraft-01,procurement_required
P16_2345,G2,C_aircraft,G2-C_aircraft-01,T012,1954.1116402878895,4069.193281566342,T018,5.000100000000202,NEW-C_aircraft-01,procurement_required
P16_2345,G2,C_aircraft,G2-C_aircraft-01,T018,4074.1933815663424,6761.824258936959,,,NEW-C_aircraft-01,procurement_required
P16_2345,G2,C_aircraft,G2-C_aircraft-02,T014_2,3155.0929537629518,5460.277018730793,,,NEW-C_aircraft-02,procurement_required
P16_2345,G2,A_batteries,G2-A_batteries-01,T007_HARD,0.0,2761.062337358848,T022,1529.5093617654338,A02,existing
P16_2345,G2,A_batteries,G2-A_batteries-01,T022,4290.571699124282,7157.600692042686,,,A02,existing
P16_2345,G2,A_batteries,G2-A_batteries-02,T007_SOFT,0.0,2779.9496716386757,T016,2689.8827329990536,A03,existing
P16_2345,G2,A_batteries,G2-A_batteries-02,T016,5469.832404637729,8301.566821462397,,,A03,existing
P16_2345,G2,A_batteries,G2-A_batteries-03,T009,0.0,2207.8690163260853,T014_1,1561.2051836431797,A04,existing
P16_2345,G2,A_batteries,G2-A_batteries-03,T014_1,3769.074199969265,6580.0266291174285,,,A04,existing
P16_2345,G2,A_batteries,G2-A_batteries-04,T004,2004.1116402878897,5653.515220902664,,,A05,existing
P16_2345,G2,A_batteries,G2-A_batteries-05,T007,3667.074199969267,7728.37856016178,,,A06,existing
P16_2345,G2,A_batteries,G2-A_batteries-06,T020,3687.0741999692646,6897.284697633159,,,NEW-A_batteries-01,procurement_required
P16_2345,G2,B_batteries,G2-B_batteries-01,T002_2,0.0,2956.647180248775,T013,398.86130246697167,B02,existing
P16_2345,G2,B_batteries,G2-B_batteries-01,T013,3355.5084827157466,7272.795381688331,,,B02,existing
P16_2345,G2,B_batteries,G2-B_batteries-02,T015,0.0,3010.3575010505742,T021,2303.1923531521675,B03,existing
P16_2345,G2,B_batteries,G2-B_batteries-02,T021,5313.549854202742,9078.773277607346,,,B03,existing
P16_2345,G2,B_batteries,G2-B_batteries-03,T008,1505.9694925601796,4939.170345795129,T019_1,433.53253509966544,B04,existing
P16_2345,G2,B_batteries,G2-B_batteries-03,T019_1,5372.702880894794,8356.40930924514,,,B04,existing
P16_2345,G2,B_batteries,G2-B_batteries-04,T011,1559.571459127682,5367.702780894794,,,NEW-B_batteries-01,procurement_required
P16_2345,G2,C_batteries,G2-C_batteries-01,T010_2,0.0,2880.8082760764496,T018,1193.3851054898928,C03,existing
P16_2345,G2,C_batteries,G2-C_batteries-01,T018,4074.1933815663424,9324.985226007513,,,C03,existing
P16_2345,G2,C_batteries,G2-C_batteries-02,T012,1954.1116402878895,6561.858999018011,,,C04,existing
P16_2345,G2,C_batteries,G2-C_batteries-03,T014_2,3155.0929537629518,7966.52367812528,,,NEW-C_batteries-01,procurement_required
P16_2345,G2,relay_aircraft,G2-relay_aircraft-01,R004,96.18236555369045,3902.2114189986755,R002,5.000099999998838,R01,existing
P16_2345,G2,relay_aircraft,G2-relay_aircraft-01,R002,3907.2115189986744,7516.130043494062,,,R01,existing
P16_2345,G2,relay_aircraft,G2-relay_aircraft-02,R001,190.137319029409,1999.297638856333,R003,5.000100052633343,R02,existing
P16_2345,G2,relay_aircraft,G2-relay_aircraft-02,R003,2004.2977389089663,7744.455885352581,,,R02,existing
P16_2345,G2,relay_components,G2-relay_components-01,R004,96.18236555369045,4498.791383917484,,,RE01,existing
P16_2345,G2,relay_components,G2-relay_components-02,R001,190.137319029409,2344.3073253046314,R002,1562.904193694043,RE02,existing
P16_2345,G2,relay_components,G2-relay_components-02,R002,3907.2115189986744,8084.5472154177,,,RE02,existing
P16_2345,G2,relay_components,G2-relay_components-03,R003,2004.2977389089663,8588.743789022035,,,RE03,existing
P1_23456,G1,A_aircraft,G1-A_aircraft-01,T005,0.0,1312.470877312685,,,U01,existing
P1_23456,G1,C_aircraft,G1-C_aircraft-01,T001,0.0,1561.4261775174655,,,U07,existing
P1_23456,G1,C_aircraft,G1-C_aircraft-02,T003,1438.035182877992,2867.4613603954576,,,U08,existing
P1_23456,G1,A_batteries,G1-A_batteries-01,T005,0.0,2178.7887122874713,,,A01,existing
P1_23456,G1,C_batteries,G1-C_batteries-01,T001,0.0,3150.0928537629516,,,C01,existing
P1_23456,G1,C_batteries,G1-C_batteries-02,T003,1438.035182877992,4385.641813543676,,,C02,existing
P1_23456,G2,A_aircraft,G2-A_aircraft-01,T007_HARD,0.0,1712.4416357195464,T007,1954.6325642497204,U02,existing
P1_23456,G2,A_aircraft,G2-A_aircraft-01,T007,3667.074199969267,6275.115097078189,,,U02,existing
P1_23456,G2,A_aircraft,G2-A_aircraft-02,T007_SOFT,0.0,1712.4416357195464,T004,291.6700045683433,U03,existing
P1_23456,G2,A_aircraft,G2-A_aircraft-02,T004,2004.1116402878897,4285.571599124281,T022,5.000100000000202,U03,existing
P1_23456,G2,A_aircraft,G2-A_aircraft-02,T022,4290.571699124282,5982.106185363231,,,U03,existing
P1_23456,G2,A_aircraft,G2-A_aircraft-03,T009,0.0,1316.0142144169886,T020,2371.059985552276,U04,existing
P1_23456,G2,A_aircraft,G2-A_aircraft-03,T020,3687.0741999692646,5657.284046946083,,,U04,existing
P1_23456,G2,A_aircraft,G2-A_aircraft-04,T014_1,3769.074199969265,5464.83230463773,T016,5.000099999999293,NEW-A_aircraft-01,procurement_required
P1_23456,G2,A_aircraft,G2-A_aircraft-04,T016,5469.832404637729,7165.590509306194,,,NEW-A_aircraft-01,procurement_required
P1_23456,G2,B_aircraft,G2-B_aircraft-01,T002_2,0.0,1500.9693925601796,T008,5.000099999999975,U05,existing
P1_23456,G2,B_aircraft,G2-B_aircraft-01,T008,1505.9694925601796,3350.508382715747,T013,5.0000999999997475,U05,existing
P1_23456,G2,B_aircraft,G2-B_aircraft-01,T013,3355.5084827157466,5313.549754202741,T019_1,59.153126692053775,U05,existing
P1_23456,G2,B_aircraft,G2-B_aircraft-01,T019_1,5372.702880894794,6891.727225306649,,,U05,existing
P1_23456,G2,B_aircraft,G2-B_aircraft-02,T015,0.0,1554.5713591276817,T011,5.000100000000202,U06,existing
P1_23456,G2,B_aircraft,G2-B_aircraft-02,T011,1559.571459127682,3503.5959031496714,T006,5.000100000000657,U06,existing
P1_23456,G2,B_aircraft,G2-B_aircraft-02,T006,3508.596003149672,4698.226288886111,T021,615.3235653166303,U06,existing
P1_23456,G2,B_aircraft,G2-B_aircraft-02,T021,5313.549854202742,7211.591125689736,,,U06,existing
P1_23456,G2,C_aircraft,G2-C_aircraft-01,T010_2,0.0,1433.035082877992,T012,521.0765574098975,NEW-C_aircraft-01,procurement_required
P1_23456,G2,C_aircraft,G2-C_aircraft-01,T012,1954.1116402878895,4069.193281566342,T018,5.000100000000202,NEW-C_aircraft-01,procurement_required
P1_23456,G2,C_aircraft,G2-C_aircraft-01,T018,4074.1933815663424,6761.824258936959,,,NEW-C_aircraft-01,procurement_required
P1_23456,G2,C_aircraft,G2-C_aircraft-02,T014_2,3155.0929537629518,5460.277018730793,,,NEW-C_aircraft-02,procurement_required
P1_23456,G2,A_batteries,G2-A_batteries-01,T007_HARD,0.0,2761.062337358848,T022,1529.5093617654338,A02,existing
P1_23456,G2,A_batteries,G2-A_batteries-01,T022,4290.571699124282,7157.600692042686,,,A02,existing
P1_23456,G2,A_batteries,G2-A_batteries-02,T007_SOFT,0.0,2779.9496716386757,T016,2689.8827329990536,A03,existing
P1_23456,G2,A_batteries,G2-A_batteries-02,T016,5469.832404637729,8301.566821462397,,,A03,existing
P1_23456,G2,A_batteries,G2-A_batteries-03,T009,0.0,2207.8690163260853,T014_1,1561.2051836431797,A04,existing
P1_23456,G2,A_batteries,G2-A_batteries-03,T014_1,3769.074199969265,6580.0266291174285,,,A04,existing
P1_23456,G2,A_batteries,G2-A_batteries-04,T004,2004.1116402878897,5653.515220902664,,,A05,existing
P1_23456,G2,A_batteries,G2-A_batteries-05,T007,3667.074199969267,7728.37856016178,,,A06,existing
P1_23456,G2,A_batteries,G2-A_batteries-06,T020,3687.0741999692646,6897.284697633159,,,NEW-A_batteries-01,procurement_required
P1_23456,G2,B_batteries,G2-B_batteries-01,T002_2,0.0,2956.647180248775,T006,551.9488229008971,B01,existing
P1_23456,G2,B_batteries,G2-B_batteries-01,T006,3508.596003149672,5831.667165848992,,,B01,existing
P1_23456,G2,B_batteries,G2-B_batteries-02,T015,0.0,3010.3575010505742,T013,345.15098166517237,B02,existing
P1_23456,G2,B_batteries,G2-B_batteries-02,T013,3355.5084827157466,7272.795381688331,,,B02,existing
P1_23456,G2,B_batteries,G2-B_batteries-03,T008,1505.9694925601796,4939.170345795129,T021,374.3795084076128,B03,existing
P1_23456,G2,B_batteries,G2-B_batteries-03,T021,5313.549854202742,9078.773277607346,,,B03,existing
P1_23456,G2,B_batteries,G2-B_batteries-04,T011,1559.571459127682,5367.702780894794,T019_1,5.000100000000202,B04,existing
P1_23456,G2,B_batteries,G2-B_batteries-04,T019_1,5372.702880894794,8356.40930924514,,,B04,existing
P1_23456,G2,C_batteries,G2-C_batteries-01,T010_2,0.0,2880.8082760764496,T018,1193.3851054898928,C03,existing
P1_23456,G2,C_batteries,G2-C_batteries-01,T018,4074.1933815663424,9324.985226007513,,,C03,existing
P1_23456,G2,C_batteries,G2-C_batteries-02,T012,1954.1116402878895,6561.858999018011,,,C04,existing
P1_23456,G2,C_batteries,G2-C_batteries-03,T014_2,3155.0929537629518,7966.52367812528,,,NEW-C_batteries-01,procurement_required
P1_23456,G2,relay_aircraft,G2-relay_aircraft-01,R004,96.18236555369045,3902.2114189986755,R002,5.000099999998838,R01,existing
P1_23456,G2,relay_aircraft,G2-relay_aircraft-01,R002,3907.2115189986744,7516.130043494062,,,R01,existing
P1_23456,G2,relay_aircraft,G2-relay_aircraft-02,R001,190.137319029409,1999.297638856333,R003,5.000100052633343,R02,existing
P1_23456,G2,relay_aircraft,G2-relay_aircraft-02,R003,2004.2977389089663,7744.455885352581,,,R02,existing
P1_23456,G2,relay_components,G2-relay_components-01,R004,96.18236555369045,4498.791383917484,,,RE01,existing
P1_23456,G2,relay_components,G2-relay_components-02,R001,190.137319029409,2344.3073253046314,R002,1562.904193694043,RE02,existing
P1_23456,G2,relay_components,G2-relay_components-02,R002,3907.2115189986744,8084.5472154177,,,RE02,existing
P1_23456,G2,relay_components,G2-relay_components-03,R003,2004.2977389089663,8588.743789022035,,,RE03,existing
P1234_5_6,G1,A_aircraft,G1-A_aircraft-01,T005,0.0,1312.470877312685,T014_1,2456.60332265658,U01,existing
P1234_5_6,G1,A_aircraft,G1-A_aircraft-01,T014_1,3769.074199969265,5464.83230463773,T016,5.000099999999293,U01,existing
P1234_5_6,G1,A_aircraft,G1-A_aircraft-01,T016,5469.832404637729,7165.590509306194,,,U01,existing
P1234_5_6,G1,A_aircraft,G1-A_aircraft-02,T007_HARD,0.0,1712.4416357195464,T007,1954.6325642497204,U02,existing
P1234_5_6,G1,A_aircraft,G1-A_aircraft-02,T007,3667.074199969267,6275.115097078189,,,U02,existing
P1234_5_6,G1,A_aircraft,G1-A_aircraft-03,T007_SOFT,0.0,1712.4416357195464,T004,291.6700045683433,U03,existing
P1234_5_6,G1,A_aircraft,G1-A_aircraft-03,T004,2004.1116402878897,4285.571599124281,T022,5.000100000000202,U03,existing
P1234_5_6,G1,A_aircraft,G1-A_aircraft-03,T022,4290.571699124282,5982.106185363231,,,U03,existing
P1234_5_6,G1,A_aircraft,G1-A_aircraft-04,T009,0.0,1316.0142144169886,T020,2371.059985552276,U04,existing
P1234_5_6,G1,A_aircraft,G1-A_aircraft-04,T020,3687.0741999692646,5657.284046946083,,,U04,existing
P1234_5_6,G1,B_aircraft,G1-B_aircraft-01,T013,3355.5084827157466,5313.549754202741,T019_1,59.153126692053775,U05,existing
P1234_5_6,G1,B_aircraft,G1-B_aircraft-01,T019_1,5372.702880894794,6891.727225306649,,,U05,existing
P1234_5_6,G1,B_aircraft,G1-B_aircraft-02,T021,5313.549854202742,7211.591125689736,,,U06,existing
P1234_5_6,G1,C_aircraft,G1-C_aircraft-01,T001,0.0,1561.4261775174655,T012,392.685462770424,U07,existing
P1234_5_6,G1,C_aircraft,G1-C_aircraft-01,T012,1954.1116402878895,4069.193281566342,T018,5.000100000000202,U07,existing
P1234_5_6,G1,C_aircraft,G1-C_aircraft-01,T018,4074.1933815663424,6761.824258936959,,,U07,existing
P1234_5_6,G1,C_aircraft,G1-C_aircraft-02,T010_2,0.0,1433.035082877992,T003,5.000099999999975,U08,existing
P1234_5_6,G1,C_aircraft,G1-C_aircraft-02,T003,1438.035182877992,2867.4613603954576,T014_2,287.63159336749413,U08,existing
P1234_5_6,G1,C_aircraft,G1-C_aircraft-02,T014_2,3155.0929537629518,5460.277018730793,,,U08,existing
P1234_5_6,G1,A_batteries,G1-A_batteries-01,T005,0.0,2178.7887122874713,T020,1508.2854876817933,A01,existing
P1234_5_6,G1,A_batteries,G1-A_batteries-01,T020,3687.0741999692646,6897.284697633159,,,A01,existing
P1234_5_6,G1,A_batteries,G1-A_batteries-02,T007_HARD,0.0,2761.062337358848,T016,2708.7700672788815,A02,existing
P1234_5_6,G1,A_batteries,G1-A_batteries-02,T016,5469.832404637729,8301.566821462397,,,A02,existing
P1234_5_6,G1,A_batteries,G1-A_batteries-03,T007_SOFT,0.0,2779.9496716386757,T022,1510.622027485606,A03,existing
P1234_5_6,G1,A_batteries,G1-A_batteries-03,T022,4290.571699124282,7157.600692042686,,,A03,existing
P1234_5_6,G1,A_batteries,G1-A_batteries-04,T009,0.0,2207.8690163260853,T014_1,1561.2051836431797,A04,existing
P1234_5_6,G1,A_batteries,G1-A_batteries-04,T014_1,3769.074199969265,6580.0266291174285,,,A04,existing
P1234_5_6,G1,A_batteries,G1-A_batteries-05,T004,2004.1116402878897,5653.515220902664,,,A05,existing
P1234_5_6,G1,A_batteries,G1-A_batteries-06,T007,3667.074199969267,7728.37856016178,,,A06,existing
P1234_5_6,G1,B_batteries,G1-B_batteries-01,T013,3355.5084827157466,7272.795381688331,,,B01,existing
P1234_5_6,G1,B_batteries,G1-B_batteries-02,T021,5313.549854202742,9078.773277607346,,,B02,existing
P1234_5_6,G1,B_batteries,G1-B_batteries-03,T019_1,5372.702880894794,8356.40930924514,,,B03,existing
P1234_5_6,G1,C_batteries,G1-C_batteries-01,T001,0.0,3150.0928537629516,T018,924.1005278033908,C01,existing
P1234_5_6,G1,C_batteries,G1-C_batteries-01,T018,4074.1933815663424,9324.985226007513,,,C01,existing
P1234_5_6,G1,C_batteries,G1-C_batteries-02,T010_2,0.0,2880.8082760764496,T014_2,274.28467768650216,C02,existing
P1234_5_6,G1,C_batteries,G1-C_batteries-02,T014_2,3155.0929537629518,7966.52367812528,,,C02,existing
P1234_5_6,G1,C_batteries,G1-C_batteries-03,T003,1438.035182877992,4385.641813543676,,,C03,existing
P1234_5_6,G1,C_batteries,G1-C_batteries-04,T012,1954.1116402878895,6561.858999018011,,,C04,existing
P1234_5_6,G1,relay_aircraft,G1-relay_aircraft-01,R001,190.137319029409,1999.297638856333,R002,1907.9138801423414,R01,existing
P1234_5_6,G1,relay_aircraft,G1-relay_aircraft-01,R002,3907.2115189986744,7516.130043494062,,,R01,existing
P1234_5_6,G1,relay_aircraft,G1-relay_aircraft-02,R003,2004.2977389089663,7744.455885352581,,,R02,existing
P1234_5_6,G1,relay_components,G1-relay_components-01,R001,190.137319029409,2344.3073253046314,R002,1562.904193694043,RE01,existing
P1234_5_6,G1,relay_components,G1-relay_components-01,R002,3907.2115189986744,8084.5472154177,,,RE01,existing
P1234_5_6,G1,relay_components,G1-relay_components-02,R003,2004.2977389089663,8588.743789022035,,,RE02,existing
P1234_5_6,G2,B_aircraft,G2-B_aircraft-01,T002_2,0.0,1500.9693925601796,T008,5.000099999999975,NEW-B_aircraft-01,procurement_required
P1234_5_6,G2,B_aircraft,G2-B_aircraft-01,T008,1505.9694925601796,3350.508382715747,,,NEW-B_aircraft-01,procurement_required
P1234_5_6,G2,B_aircraft,G2-B_aircraft-02,T015,0.0,1554.5713591276817,T011,5.000100000000202,NEW-B_aircraft-02,procurement_required
P1234_5_6,G2,B_aircraft,G2-B_aircraft-02,T011,1559.571459127682,3503.5959031496714,,,NEW-B_aircraft-02,procurement_required
P1234_5_6,G2,B_batteries,G2-B_batteries-01,T002_2,0.0,2956.647180248775,,,B04,existing
P1234_5_6,G2,B_batteries,G2-B_batteries-02,T015,0.0,3010.3575010505742,,,NEW-B_batteries-01,procurement_required
P1234_5_6,G2,B_batteries,G2-B_batteries-03,T008,1505.9694925601796,4939.170345795129,,,NEW-B_batteries-02,procurement_required
P1234_5_6,G2,B_batteries,G2-B_batteries-04,T011,1559.571459127682,5367.702780894794,,,NEW-B_batteries-03,procurement_required
P1234_5_6,G2,relay_aircraft,G2-relay_aircraft-01,R004,96.18236555369045,3902.2114189986755,,,NEW-relay_aircraft-01,procurement_required
P1234_5_6,G2,relay_components,G2-relay_components-01,R004,96.18236555369045,4498.791383917484,,,RE03,existing
P1234_5_6,G3,B_aircraft,G3-B_aircraft-01,T006,3508.596003149672,4698.226288886111,,,NEW-B_aircraft-03,procurement_required
P1234_5_6,G3,B_batteries,G3-B_batteries-01,T006,3508.596003149672,5831.667165848992,,,NEW-B_batteries-04,procurement_required
P1235_4_6,G1,A_aircraft,G1-A_aircraft-01,T005,0.0,1312.470877312685,T020,2374.6033226565796,U01,existing
P1235_4_6,G1,A_aircraft,G1-A_aircraft-01,T020,3687.0741999692646,5657.284046946083,,,U01,existing
P1235_4_6,G1,A_aircraft,G1-A_aircraft-02,T007_HARD,0.0,1712.4416357195464,T007,1954.6325642497204,U02,existing
P1235_4_6,G1,A_aircraft,G1-A_aircraft-02,T007,3667.074199969267,6275.115097078189,,,U02,existing
P1235_4_6,G1,A_aircraft,G1-A_aircraft-03,T007_SOFT,0.0,1712.4416357195464,T004,291.6700045683433,U03,existing
P1235_4_6,G1,A_aircraft,G1-A_aircraft-03,T004,2004.1116402878897,4285.571599124281,T022,5.000100000000202,U03,existing
P1235_4_6,G1,A_aircraft,G1-A_aircraft-03,T022,4290.571699124282,5982.106185363231,,,U03,existing
P1235_4_6,G1,A_aircraft,G1-A_aircraft-04,T014_1,3769.074199969265,5464.83230463773,T016,5.000099999999293,U04,existing
P1235_4_6,G1,A_aircraft,G1-A_aircraft-04,T016,5469.832404637729,7165.590509306194,,,U04,existing
P1235_4_6,G1,B_aircraft,G1-B_aircraft-01,T002_2,0.0,1500.9693925601796,T008,5.000099999999975,U05,existing
P1235_4_6,G1,B_aircraft,G1-B_aircraft-01,T008,1505.9694925601796,3350.508382715747,T013,5.0000999999997475,U05,existing
P1235_4_6,G1,B_aircraft,G1-B_aircraft-01,T013,3355.5084827157466,5313.549754202741,T019_1,59.153126692053775,U05,existing
P1235_4_6,G1,B_aircraft,G1-B_aircraft-01,T019_1,5372.702880894794,6891.727225306649,,,U05,existing
P1235_4_6,G1,B_aircraft,G1-B_aircraft-02,T015,0.0,1554.5713591276817,T011,5.000100000000202,U06,existing
P1235_4_6,G1,B_aircraft,G1-B_aircraft-02,T011,1559.571459127682,3503.5959031496714,T021,1809.9539510530703,U06,existing
P1235_4_6,G1,B_aircraft,G1-B_aircraft-02,T021,5313.549854202742,7211.591125689736,,,U06,existing
P1235_4_6,G1,C_aircraft,G1-C_aircraft-01,T001,0.0,1561.4261775174655,T012,392.685462770424,U07,existing
P1235_4_6,G1,C_aircraft,G1-C_aircraft-01,T012,1954.1116402878895,4069.193281566342,T018,5.000100000000202,U07,existing
P1235_4_6,G1,C_aircraft,G1-C_aircraft-01,T018,4074.1933815663424,6761.824258936959,,,U07,existing
P1235_4_6,G1,C_aircraft,G1-C_aircraft-02,T003,1438.035182877992,2867.4613603954576,T014_2,287.63159336749413,U08,existing
P1235_4_6,G1,C_aircraft,G1-C_aircraft-02,T014_2,3155.0929537629518,5460.277018730793,,,U08,existing
P1235_4_6,G1,A_batteries,G1-A_batteries-01,T005,0.0,2178.7887122874713,T014_1,1590.2854876817937,A01,existing
P1235_4_6,G1,A_batteries,G1-A_batteries-01,T014_1,3769.074199969265,6580.0266291174285,,,A01,existing
P1235_4_6,G1,A_batteries,G1-A_batteries-02,T007_HARD,0.0,2761.062337358848,T022,1529.5093617654338,A02,existing
P1235_4_6,G1,A_batteries,G1-A_batteries-02,T022,4290.571699124282,7157.600692042686,,,A02,existing
P1235_4_6,G1,A_batteries,G1-A_batteries-03,T007_SOFT,0.0,2779.9496716386757,T016,2689.8827329990536,A03,existing
P1235_4_6,G1,A_batteries,G1-A_batteries-03,T016,5469.832404637729,8301.566821462397,,,A03,existing
P1235_4_6,G1,A_batteries,G1-A_batteries-04,T004,2004.1116402878897,5653.515220902664,,,A04,existing
P1235_4_6,G1,A_batteries,G1-A_batteries-05,T007,3667.074199969267,7728.37856016178,,,A05,existing
P1235_4_6,G1,A_batteries,G1-A_batteries-06,T020,3687.0741999692646,6897.284697633159,,,A06,existing
P1235_4_6,G1,B_batteries,G1-B_batteries-01,T002_2,0.0,2956.647180248775,T013,398.86130246697167,B01,existing
P1235_4_6,G1,B_batteries,G1-B_batteries-01,T013,3355.5084827157466,7272.795381688331,,,B01,existing
P1235_4_6,G1,B_batteries,G1-B_batteries-02,T015,0.0,3010.3575010505742,T021,2303.1923531521675,B02,existing
P1235_4_6,G1,B_batteries,G1-B_batteries-02,T021,5313.549854202742,9078.773277607346,,,B02,existing
P1235_4_6,G1,B_batteries,G1-B_batteries-03,T008,1505.9694925601796,4939.170345795129,T019_1,433.53253509966544,B03,existing
P1235_4_6,G1,B_batteries,G1-B_batteries-03,T019_1,5372.702880894794,8356.40930924514,,,B03,existing
P1235_4_6,G1,B_batteries,G1-B_batteries-04,T011,1559.571459127682,5367.702780894794,,,B04,existing
P1235_4_6,G1,C_batteries,G1-C_batteries-01,T001,0.0,3150.0928537629516,T018,924.1005278033908,C01,existing
P1235_4_6,G1,C_batteries,G1-C_batteries-01,T018,4074.1933815663424,9324.985226007513,,,C01,existing
P1235_4_6,G1,C_batteries,G1-C_batteries-02,T003,1438.035182877992,4385.641813543676,,,C02,existing
P1235_4_6,G1,C_batteries,G1-C_batteries-03,T012,1954.1116402878895,6561.858999018011,,,C03,existing
P1235_4_6,G1,C_batteries,G1-C_batteries-04,T014_2,3155.0929537629518,7966.52367812528,,,C04,existing
P1235_4_6,G1,relay_aircraft,G1-relay_aircraft-01,R004,96.18236555369045,3902.2114189986755,R002,5.000099999998838,R01,existing
P1235_4_6,G1,relay_aircraft,G1-relay_aircraft-01,R002,3907.2115189986744,7516.130043494062,,,R01,existing
P1235_4_6,G1,relay_aircraft,G1-relay_aircraft-02,R001,190.137319029409,1999.297638856333,R003,5.000100052633343,R02,existing
P1235_4_6,G1,relay_aircraft,G1-relay_aircraft-02,R003,2004.2977389089663,7744.455885352581,,,R02,existing
P1235_4_6,G1,relay_components,G1-relay_components-01,R004,96.18236555369045,4498.791383917484,,,RE01,existing
P1235_4_6,G1,relay_components,G1-relay_components-02,R001,190.137319029409,2344.3073253046314,R002,1562.904193694043,RE02,existing
P1235_4_6,G1,relay_components,G1-relay_components-02,R002,3907.2115189986744,8084.5472154177,,,RE02,existing
P1235_4_6,G1,relay_components,G1-relay_components-03,R003,2004.2977389089663,8588.743789022035,,,RE03,existing
P1235_4_6,G2,A_aircraft,G2-A_aircraft-01,T009,0.0,1316.0142144169886,,,NEW-A_aircraft-01,procurement_required
P1235_4_6,G2,C_aircraft,G2-C_aircraft-01,T010_2,0.0,1433.035082877992,,,NEW-C_aircraft-01,procurement_required
P1235_4_6,G2,A_batteries,G2-A_batteries-01,T009,0.0,2207.8690163260853,,,NEW-A_batteries-01,procurement_required
P1235_4_6,G2,C_batteries,G2-C_batteries-01,T010_2,0.0,2880.8082760764496,,,NEW-C_batteries-01,procurement_required
P1235_4_6,G3,B_aircraft,G3-B_aircraft-01,T006,3508.596003149672,4698.226288886111,,,NEW-B_aircraft-01,procurement_required
P1235_4_6,G3,B_batteries,G3-B_batteries-01,T006,3508.596003149672,5831.667165848992,,,NEW-B_batteries-01,procurement_required
P123_45_6,G1,A_aircraft,G1-A_aircraft-01,T005,0.0,1312.470877312685,T020,2374.6033226565796,U01,existing
P123_45_6,G1,A_aircraft,G1-A_aircraft-01,T020,3687.0741999692646,5657.284046946083,,,U01,existing
P123_45_6,G1,A_aircraft,G1-A_aircraft-02,T007_HARD,0.0,1712.4416357195464,T007,1954.6325642497204,U02,existing
P123_45_6,G1,A_aircraft,G1-A_aircraft-02,T007,3667.074199969267,6275.115097078189,,,U02,existing
P123_45_6,G1,A_aircraft,G1-A_aircraft-03,T007_SOFT,0.0,1712.4416357195464,T004,291.6700045683433,U03,existing
P123_45_6,G1,A_aircraft,G1-A_aircraft-03,T004,2004.1116402878897,4285.571599124281,T022,5.000100000000202,U03,existing
P123_45_6,G1,A_aircraft,G1-A_aircraft-03,T022,4290.571699124282,5982.106185363231,,,U03,existing
P123_45_6,G1,A_aircraft,G1-A_aircraft-04,T014_1,3769.074199969265,5464.83230463773,T016,5.000099999999293,U04,existing
P123_45_6,G1,A_aircraft,G1-A_aircraft-04,T016,5469.832404637729,7165.590509306194,,,U04,existing
P123_45_6,G1,B_aircraft,G1-B_aircraft-01,T013,3355.5084827157466,5313.549754202741,T019_1,59.153126692053775,U05,existing
P123_45_6,G1,B_aircraft,G1-B_aircraft-01,T019_1,5372.702880894794,6891.727225306649,,,U05,existing
P123_45_6,G1,B_aircraft,G1-B_aircraft-02,T021,5313.549854202742,7211.591125689736,,,U06,existing
P123_45_6,G1,C_aircraft,G1-C_aircraft-01,T001,0.0,1561.4261775174655,T012,392.685462770424,U07,existing
P123_45_6,G1,C_aircraft,G1-C_aircraft-01,T012,1954.1116402878895,4069.193281566342,T018,5.000100000000202,U07,existing
P123_45_6,G1,C_aircraft,G1-C_aircraft-01,T018,4074.1933815663424,6761.824258936959,,,U07,existing
P123_45_6,G1,C_aircraft,G1-C_aircraft-02,T003,1438.035182877992,2867.4613603954576,T014_2,287.63159336749413,U08,existing
P123_45_6,G1,C_aircraft,G1-C_aircraft-02,T014_2,3155.0929537629518,5460.277018730793,,,U08,existing
P123_45_6,G1,A_batteries,G1-A_batteries-01,T005,0.0,2178.7887122874713,T014_1,1590.2854876817937,A01,existing
P123_45_6,G1,A_batteries,G1-A_batteries-01,T014_1,3769.074199969265,6580.0266291174285,,,A01,existing
P123_45_6,G1,A_batteries,G1-A_batteries-02,T007_HARD,0.0,2761.062337358848,T022,1529.5093617654338,A02,existing
P123_45_6,G1,A_batteries,G1-A_batteries-02,T022,4290.571699124282,7157.600692042686,,,A02,existing
P123_45_6,G1,A_batteries,G1-A_batteries-03,T007_SOFT,0.0,2779.9496716386757,T016,2689.8827329990536,A03,existing
P123_45_6,G1,A_batteries,G1-A_batteries-03,T016,5469.832404637729,8301.566821462397,,,A03,existing
P123_45_6,G1,A_batteries,G1-A_batteries-04,T004,2004.1116402878897,5653.515220902664,,,A04,existing
P123_45_6,G1,A_batteries,G1-A_batteries-05,T007,3667.074199969267,7728.37856016178,,,A05,existing
P123_45_6,G1,A_batteries,G1-A_batteries-06,T020,3687.0741999692646,6897.284697633159,,,A06,existing
P123_45_6,G1,B_batteries,G1-B_batteries-01,T013,3355.5084827157466,7272.795381688331,,,B01,existing
P123_45_6,G1,B_batteries,G1-B_batteries-02,T021,5313.549854202742,9078.773277607346,,,B02,existing
P123_45_6,G1,B_batteries,G1-B_batteries-03,T019_1,5372.702880894794,8356.40930924514,,,B03,existing
P123_45_6,G1,C_batteries,G1-C_batteries-01,T001,0.0,3150.0928537629516,T018,924.1005278033908,C01,existing
P123_45_6,G1,C_batteries,G1-C_batteries-01,T018,4074.1933815663424,9324.985226007513,,,C01,existing
P123_45_6,G1,C_batteries,G1-C_batteries-02,T003,1438.035182877992,4385.641813543676,,,C02,existing
P123_45_6,G1,C_batteries,G1-C_batteries-03,T012,1954.1116402878895,6561.858999018011,,,C03,existing
P123_45_6,G1,C_batteries,G1-C_batteries-04,T014_2,3155.0929537629518,7966.52367812528,,,C04,existing
P123_45_6,G1,relay_aircraft,G1-relay_aircraft-01,R001,190.137319029409,1999.297638856333,R002,1907.9138801423414,R01,existing
P123_45_6,G1,relay_aircraft,G1-relay_aircraft-01,R002,3907.2115189986744,7516.130043494062,,,R01,existing
P123_45_6,G1,relay_aircraft,G1-relay_aircraft-02,R003,2004.2977389089663,7744.455885352581,,,R02,existing
P123_45_6,G1,relay_components,G1-relay_components-01,R001,190.137319029409,2344.3073253046314,R002,1562.904193694043,RE01,existing
P123_45_6,G1,relay_components,G1-relay_components-01,R002,3907.2115189986744,8084.5472154177,,,RE01,existing
P123_45_6,G1,relay_components,G1-relay_components-02,R003,2004.2977389089663,8588.743789022035,,,RE02,existing
P123_45_6,G2,A_aircraft,G2-A_aircraft-01,T009,0.0,1316.0142144169886,,,NEW-A_aircraft-01,procurement_required
P123_45_6,G2,B_aircraft,G2-B_aircraft-01,T002_2,0.0,1500.9693925601796,T008,5.000099999999975,NEW-B_aircraft-01,procurement_required
P123_45_6,G2,B_aircraft,G2-B_aircraft-01,T008,1505.9694925601796,3350.508382715747,,,NEW-B_aircraft-01,procurement_required
P123_45_6,G2,B_aircraft,G2-B_aircraft-02,T015,0.0,1554.5713591276817,T011,5.000100000000202,NEW-B_aircraft-02,procurement_required
P123_45_6,G2,B_aircraft,G2-B_aircraft-02,T011,1559.571459127682,3503.5959031496714,,,NEW-B_aircraft-02,procurement_required
P123_45_6,G2,C_aircraft,G2-C_aircraft-01,T010_2,0.0,1433.035082877992,,,NEW-C_aircraft-01,procurement_required
P123_45_6,G2,A_batteries,G2-A_batteries-01,T009,0.0,2207.8690163260853,,,NEW-A_batteries-01,procurement_required
P123_45_6,G2,B_batteries,G2-B_batteries-01,T002_2,0.0,2956.647180248775,,,B04,existing
P123_45_6,G2,B_batteries,G2-B_batteries-02,T015,0.0,3010.3575010505742,,,NEW-B_batteries-01,procurement_required
P123_45_6,G2,B_batteries,G2-B_batteries-03,T008,1505.9694925601796,4939.170345795129,,,NEW-B_batteries-02,procurement_required
P123_45_6,G2,B_batteries,G2-B_batteries-04,T011,1559.571459127682,5367.702780894794,,,NEW-B_batteries-03,procurement_required
P123_45_6,G2,C_batteries,G2-C_batteries-01,T010_2,0.0,2880.8082760764496,,,NEW-C_batteries-01,procurement_required
P123_45_6,G2,relay_aircraft,G2-relay_aircraft-01,R004,96.18236555369045,3902.2114189986755,,,NEW-relay_aircraft-01,procurement_required
P123_45_6,G2,relay_components,G2-relay_components-01,R004,96.18236555369045,4498.791383917484,,,RE03,existing
P123_45_6,G3,B_aircraft,G3-B_aircraft-01,T006,3508.596003149672,4698.226288886111,,,NEW-B_aircraft-03,procurement_required
P123_45_6,G3,B_batteries,G3-B_batteries-01,T006,3508.596003149672,5831.667165848992,,,NEW-B_batteries-04,procurement_required
P1236_4_5,G1,A_aircraft,G1-A_aircraft-01,T005,0.0,1312.470877312685,T020,2374.6033226565796,U01,existing
P1236_4_5,G1,A_aircraft,G1-A_aircraft-01,T020,3687.0741999692646,5657.284046946083,,,U01,existing
P1236_4_5,G1,A_aircraft,G1-A_aircraft-02,T007_HARD,0.0,1712.4416357195464,T007,1954.6325642497204,U02,existing
P1236_4_5,G1,A_aircraft,G1-A_aircraft-02,T007,3667.074199969267,6275.115097078189,,,U02,existing
P1236_4_5,G1,A_aircraft,G1-A_aircraft-03,T007_SOFT,0.0,1712.4416357195464,T004,291.6700045683433,U03,existing
P1236_4_5,G1,A_aircraft,G1-A_aircraft-03,T004,2004.1116402878897,4285.571599124281,T022,5.000100000000202,U03,existing
P1236_4_5,G1,A_aircraft,G1-A_aircraft-03,T022,4290.571699124282,5982.106185363231,,,U03,existing
P1236_4_5,G1,A_aircraft,G1-A_aircraft-04,T014_1,3769.074199969265,5464.83230463773,T016,5.000099999999293,U04,existing
P1236_4_5,G1,A_aircraft,G1-A_aircraft-04,T016,5469.832404637729,7165.590509306194,,,U04,existing
P1236_4_5,G1,B_aircraft,G1-B_aircraft-01,T013,3355.5084827157466,5313.549754202741,T019_1,59.153126692053775,U05,existing
P1236_4_5,G1,B_aircraft,G1-B_aircraft-01,T019_1,5372.702880894794,6891.727225306649,,,U05,existing
P1236_4_5,G1,B_aircraft,G1-B_aircraft-02,T006,3508.596003149672,4698.226288886111,T021,615.3235653166303,U06,existing
P1236_4_5,G1,B_aircraft,G1-B_aircraft-02,T021,5313.549854202742,7211.591125689736,,,U06,existing
P1236_4_5,G1,C_aircraft,G1-C_aircraft-01,T001,0.0,1561.4261775174655,T012,392.685462770424,U07,existing
P1236_4_5,G1,C_aircraft,G1-C_aircraft-01,T012,1954.1116402878895,4069.193281566342,T018,5.000100000000202,U07,existing
P1236_4_5,G1,C_aircraft,G1-C_aircraft-01,T018,4074.1933815663424,6761.824258936959,,,U07,existing
P1236_4_5,G1,C_aircraft,G1-C_aircraft-02,T003,1438.035182877992,2867.4613603954576,T014_2,287.63159336749413,U08,existing
P1236_4_5,G1,C_aircraft,G1-C_aircraft-02,T014_2,3155.0929537629518,5460.277018730793,,,U08,existing
P1236_4_5,G1,A_batteries,G1-A_batteries-01,T005,0.0,2178.7887122874713,T014_1,1590.2854876817937,A01,existing
P1236_4_5,G1,A_batteries,G1-A_batteries-01,T014_1,3769.074199969265,6580.0266291174285,,,A01,existing
P1236_4_5,G1,A_batteries,G1-A_batteries-02,T007_HARD,0.0,2761.062337358848,T022,1529.5093617654338,A02,existing
P1236_4_5,G1,A_batteries,G1-A_batteries-02,T022,4290.571699124282,7157.600692042686,,,A02,existing
P1236_4_5,G1,A_batteries,G1-A_batteries-03,T007_SOFT,0.0,2779.9496716386757,T016,2689.8827329990536,A03,existing
P1236_4_5,G1,A_batteries,G1-A_batteries-03,T016,5469.832404637729,8301.566821462397,,,A03,existing
P1236_4_5,G1,A_batteries,G1-A_batteries-04,T004,2004.1116402878897,5653.515220902664,,,A04,existing
P1236_4_5,G1,A_batteries,G1-A_batteries-05,T007,3667.074199969267,7728.37856016178,,,A05,existing
P1236_4_5,G1,A_batteries,G1-A_batteries-06,T020,3687.0741999692646,6897.284697633159,,,A06,existing
P1236_4_5,G1,B_batteries,G1-B_batteries-01,T013,3355.5084827157466,7272.795381688331,,,B01,existing
P1236_4_5,G1,B_batteries,G1-B_batteries-02,T006,3508.596003149672,5831.667165848992,,,B02,existing
P1236_4_5,G1,B_batteries,G1-B_batteries-03,T021,5313.549854202742,9078.773277607346,,,B03,existing
P1236_4_5,G1,B_batteries,G1-B_batteries-04,T019_1,5372.702880894794,8356.40930924514,,,B04,existing
P1236_4_5,G1,C_batteries,G1-C_batteries-01,T001,0.0,3150.0928537629516,T018,924.1005278033908,C01,existing
P1236_4_5,G1,C_batteries,G1-C_batteries-01,T018,4074.1933815663424,9324.985226007513,,,C01,existing
P1236_4_5,G1,C_batteries,G1-C_batteries-02,T003,1438.035182877992,4385.641813543676,,,C02,existing
P1236_4_5,G1,C_batteries,G1-C_batteries-03,T012,1954.1116402878895,6561.858999018011,,,C03,existing
P1236_4_5,G1,C_batteries,G1-C_batteries-04,T014_2,3155.0929537629518,7966.52367812528,,,C04,existing
P1236_4_5,G1,relay_aircraft,G1-relay_aircraft-01,R001,190.137319029409,1999.297638856333,R002,1907.9138801423414,R01,existing
P1236_4_5,G1,relay_aircraft,G1-relay_aircraft-01,R002,3907.2115189986744,7516.130043494062,,,R01,existing
P1236_4_5,G1,relay_aircraft,G1-relay_aircraft-02,R003,2004.2977389089663,7744.455885352581,,,R02,existing
P1236_4_5,G1,relay_components,G1-relay_components-01,R001,190.137319029409,2344.3073253046314,R002,1562.904193694043,RE01,existing
P1236_4_5,G1,relay_components,G1-relay_components-01,R002,3907.2115189986744,8084.5472154177,,,RE01,existing
P1236_4_5,G1,relay_components,G1-relay_components-02,R003,2004.2977389089663,8588.743789022035,,,RE02,existing
P1236_4_5,G2,A_aircraft,G2-A_aircraft-01,T009,0.0,1316.0142144169886,,,NEW-A_aircraft-01,procurement_required
P1236_4_5,G2,C_aircraft,G2-C_aircraft-01,T010_2,0.0,1433.035082877992,,,NEW-C_aircraft-01,procurement_required
P1236_4_5,G2,A_batteries,G2-A_batteries-01,T009,0.0,2207.8690163260853,,,NEW-A_batteries-01,procurement_required
P1236_4_5,G2,C_batteries,G2-C_batteries-01,T010_2,0.0,2880.8082760764496,,,NEW-C_batteries-01,procurement_required
P1236_4_5,G3,B_aircraft,G3-B_aircraft-01,T002_2,0.0,1500.9693925601796,T008,5.000099999999975,NEW-B_aircraft-01,procurement_required
P1236_4_5,G3,B_aircraft,G3-B_aircraft-01,T008,1505.9694925601796,3350.508382715747,,,NEW-B_aircraft-01,procurement_required
P1236_4_5,G3,B_aircraft,G3-B_aircraft-02,T015,0.0,1554.5713591276817,T011,5.000100000000202,NEW-B_aircraft-02,procurement_required
P1236_4_5,G3,B_aircraft,G3-B_aircraft-02,T011,1559.571459127682,3503.5959031496714,,,NEW-B_aircraft-02,procurement_required
P1236_4_5,G3,B_batteries,G3-B_batteries-01,T002_2,0.0,2956.647180248775,,,NEW-B_batteries-01,procurement_required
P1236_4_5,G3,B_batteries,G3-B_batteries-02,T015,0.0,3010.3575010505742,,,NEW-B_batteries-02,procurement_required
P1236_4_5,G3,B_batteries,G3-B_batteries-03,T008,1505.9694925601796,4939.170345795129,,,NEW-B_batteries-03,procurement_required
P1236_4_5,G3,B_batteries,G3-B_batteries-04,T011,1559.571459127682,5367.702780894794,,,NEW-B_batteries-04,procurement_required
P1236_4_5,G3,relay_aircraft,G3-relay_aircraft-01,R004,96.18236555369045,3902.2114189986755,,,NEW-relay_aircraft-01,procurement_required
P1236_4_5,G3,relay_components,G3-relay_components-01,R004,96.18236555369045,4498.791383917484,,,RE03,existing
P123_46_5,G1,A_aircraft,G1-A_aircraft-01,T005,0.0,1312.470877312685,T020,2374.6033226565796,U01,existing
P123_46_5,G1,A_aircraft,G1-A_aircraft-01,T020,3687.0741999692646,5657.284046946083,,,U01,existing
P123_46_5,G1,A_aircraft,G1-A_aircraft-02,T007_HARD,0.0,1712.4416357195464,T007,1954.6325642497204,U02,existing
P123_46_5,G1,A_aircraft,G1-A_aircraft-02,T007,3667.074199969267,6275.115097078189,,,U02,existing
P123_46_5,G1,A_aircraft,G1-A_aircraft-03,T007_SOFT,0.0,1712.4416357195464,T004,291.6700045683433,U03,existing
P123_46_5,G1,A_aircraft,G1-A_aircraft-03,T004,2004.1116402878897,4285.571599124281,T022,5.000100000000202,U03,existing
P123_46_5,G1,A_aircraft,G1-A_aircraft-03,T022,4290.571699124282,5982.106185363231,,,U03,existing
P123_46_5,G1,A_aircraft,G1-A_aircraft-04,T014_1,3769.074199969265,5464.83230463773,T016,5.000099999999293,U04,existing
P123_46_5,G1,A_aircraft,G1-A_aircraft-04,T016,5469.832404637729,7165.590509306194,,,U04,existing
P123_46_5,G1,B_aircraft,G1-B_aircraft-01,T013,3355.5084827157466,5313.549754202741,T019_1,59.153126692053775,U05,existing
P123_46_5,G1,B_aircraft,G1-B_aircraft-01,T019_1,5372.702880894794,6891.727225306649,,,U05,existing
P123_46_5,G1,B_aircraft,G1-B_aircraft-02,T021,5313.549854202742,7211.591125689736,,,U06,existing
P123_46_5,G1,C_aircraft,G1-C_aircraft-01,T001,0.0,1561.4261775174655,T012,392.685462770424,U07,existing
P123_46_5,G1,C_aircraft,G1-C_aircraft-01,T012,1954.1116402878895,4069.193281566342,T018,5.000100000000202,U07,existing
P123_46_5,G1,C_aircraft,G1-C_aircraft-01,T018,4074.1933815663424,6761.824258936959,,,U07,existing
P123_46_5,G1,C_aircraft,G1-C_aircraft-02,T003,1438.035182877992,2867.4613603954576,T014_2,287.63159336749413,U08,existing
P123_46_5,G1,C_aircraft,G1-C_aircraft-02,T014_2,3155.0929537629518,5460.277018730793,,,U08,existing
P123_46_5,G1,A_batteries,G1-A_batteries-01,T005,0.0,2178.7887122874713,T014_1,1590.2854876817937,A01,existing
P123_46_5,G1,A_batteries,G1-A_batteries-01,T014_1,3769.074199969265,6580.0266291174285,,,A01,existing
P123_46_5,G1,A_batteries,G1-A_batteries-02,T007_HARD,0.0,2761.062337358848,T022,1529.5093617654338,A02,existing
P123_46_5,G1,A_batteries,G1-A_batteries-02,T022,4290.571699124282,7157.600692042686,,,A02,existing
P123_46_5,G1,A_batteries,G1-A_batteries-03,T007_SOFT,0.0,2779.9496716386757,T016,2689.8827329990536,A03,existing
P123_46_5,G1,A_batteries,G1-A_batteries-03,T016,5469.832404637729,8301.566821462397,,,A03,existing
P123_46_5,G1,A_batteries,G1-A_batteries-04,T004,2004.1116402878897,5653.515220902664,,,A04,existing
P123_46_5,G1,A_batteries,G1-A_batteries-05,T007,3667.074199969267,7728.37856016178,,,A05,existing
P123_46_5,G1,A_batteries,G1-A_batteries-06,T020,3687.0741999692646,6897.284697633159,,,A06,existing
P123_46_5,G1,B_batteries,G1-B_batteries-01,T013,3355.5084827157466,7272.795381688331,,,B01,existing
P123_46_5,G1,B_batteries,G1-B_batteries-02,T021,5313.549854202742,9078.773277607346,,,B02,existing
P123_46_5,G1,B_batteries,G1-B_batteries-03,T019_1,5372.702880894794,8356.40930924514,,,B03,existing
P123_46_5,G1,C_batteries,G1-C_batteries-01,T001,0.0,3150.0928537629516,T018,924.1005278033908,C01,existing
P123_46_5,G1,C_batteries,G1-C_batteries-01,T018,4074.1933815663424,9324.985226007513,,,C01,existing
P123_46_5,G1,C_batteries,G1-C_batteries-02,T003,1438.035182877992,4385.641813543676,,,C02,existing
P123_46_5,G1,C_batteries,G1-C_batteries-03,T012,1954.1116402878895,6561.858999018011,,,C03,existing
P123_46_5,G1,C_batteries,G1-C_batteries-04,T014_2,3155.0929537629518,7966.52367812528,,,C04,existing
P123_46_5,G1,relay_aircraft,G1-relay_aircraft-01,R001,190.137319029409,1999.297638856333,R002,1907.9138801423414,R01,existing
P123_46_5,G1,relay_aircraft,G1-relay_aircraft-01,R002,3907.2115189986744,7516.130043494062,,,R01,existing
P123_46_5,G1,relay_aircraft,G1-relay_aircraft-02,R003,2004.2977389089663,7744.455885352581,,,R02,existing
P123_46_5,G1,relay_components,G1-relay_components-01,R001,190.137319029409,2344.3073253046314,R002,1562.904193694043,RE01,existing
P123_46_5,G1,relay_components,G1-relay_components-01,R002,3907.2115189986744,8084.5472154177,,,RE01,existing
P123_46_5,G1,relay_components,G1-relay_components-02,R003,2004.2977389089663,8588.743789022035,,,RE02,existing
P123_46_5,G2,A_aircraft,G2-A_aircraft-01,T009,0.0,1316.0142144169886,,,NEW-A_aircraft-01,procurement_required
P123_46_5,G2,B_aircraft,G2-B_aircraft-01,T006,3508.596003149672,4698.226288886111,,,NEW-B_aircraft-01,procurement_required
P123_46_5,G2,C_aircraft,G2-C_aircraft-01,T010_2,0.0,1433.035082877992,,,NEW-C_aircraft-01,procurement_required
P123_46_5,G2,A_batteries,G2-A_batteries-01,T009,0.0,2207.8690163260853,,,NEW-A_batteries-01,procurement_required
P123_46_5,G2,B_batteries,G2-B_batteries-01,T006,3508.596003149672,5831.667165848992,,,B04,existing
P123_46_5,G2,C_batteries,G2-C_batteries-01,T010_2,0.0,2880.8082760764496,,,NEW-C_batteries-01,procurement_required
P123_46_5,G3,B_aircraft,G3-B_aircraft-01,T002_2,0.0,1500.9693925601796,T008,5.000099999999975,NEW-B_aircraft-02,procurement_required
P123_46_5,G3,B_aircraft,G3-B_aircraft-01,T008,1505.9694925601796,3350.508382715747,,,NEW-B_aircraft-02,procurement_required
P123_46_5,G3,B_aircraft,G3-B_aircraft-02,T015,0.0,1554.5713591276817,T011,5.000100000000202,NEW-B_aircraft-03,procurement_required
P123_46_5,G3,B_aircraft,G3-B_aircraft-02,T011,1559.571459127682,3503.5959031496714,,,NEW-B_aircraft-03,procurement_required
P123_46_5,G3,B_batteries,G3-B_batteries-01,T002_2,0.0,2956.647180248775,,,NEW-B_batteries-01,procurement_required
P123_46_5,G3,B_batteries,G3-B_batteries-02,T015,0.0,3010.3575010505742,,,NEW-B_batteries-02,procurement_required
P123_46_5,G3,B_batteries,G3-B_batteries-03,T008,1505.9694925601796,4939.170345795129,,,NEW-B_batteries-03,procurement_required
P123_46_5,G3,B_batteries,G3-B_batteries-04,T011,1559.571459127682,5367.702780894794,,,NEW-B_batteries-04,procurement_required
P123_46_5,G3,relay_aircraft,G3-relay_aircraft-01,R004,96.18236555369045,3902.2114189986755,,,NEW-relay_aircraft-01,procurement_required
P123_46_5,G3,relay_components,G3-relay_components-01,R004,96.18236555369045,4498.791383917484,,,RE03,existing
P123_4_56,G1,A_aircraft,G1-A_aircraft-01,T005,0.0,1312.470877312685,T020,2374.6033226565796,U01,existing
P123_4_56,G1,A_aircraft,G1-A_aircraft-01,T020,3687.0741999692646,5657.284046946083,,,U01,existing
P123_4_56,G1,A_aircraft,G1-A_aircraft-02,T007_HARD,0.0,1712.4416357195464,T007,1954.6325642497204,U02,existing
P123_4_56,G1,A_aircraft,G1-A_aircraft-02,T007,3667.074199969267,6275.115097078189,,,U02,existing
P123_4_56,G1,A_aircraft,G1-A_aircraft-03,T007_SOFT,0.0,1712.4416357195464,T004,291.6700045683433,U03,existing
P123_4_56,G1,A_aircraft,G1-A_aircraft-03,T004,2004.1116402878897,4285.571599124281,T022,5.000100000000202,U03,existing
P123_4_56,G1,A_aircraft,G1-A_aircraft-03,T022,4290.571699124282,5982.106185363231,,,U03,existing
P123_4_56,G1,A_aircraft,G1-A_aircraft-04,T014_1,3769.074199969265,5464.83230463773,T016,5.000099999999293,U04,existing
P123_4_56,G1,A_aircraft,G1-A_aircraft-04,T016,5469.832404637729,7165.590509306194,,,U04,existing
P123_4_56,G1,B_aircraft,G1-B_aircraft-01,T013,3355.5084827157466,5313.549754202741,T019_1,59.153126692053775,U05,existing
P123_4_56,G1,B_aircraft,G1-B_aircraft-01,T019_1,5372.702880894794,6891.727225306649,,,U05,existing
P123_4_56,G1,B_aircraft,G1-B_aircraft-02,T021,5313.549854202742,7211.591125689736,,,U06,existing
P123_4_56,G1,C_aircraft,G1-C_aircraft-01,T001,0.0,1561.4261775174655,T012,392.685462770424,U07,existing
P123_4_56,G1,C_aircraft,G1-C_aircraft-01,T012,1954.1116402878895,4069.193281566342,T018,5.000100000000202,U07,existing
P123_4_56,G1,C_aircraft,G1-C_aircraft-01,T018,4074.1933815663424,6761.824258936959,,,U07,existing
P123_4_56,G1,C_aircraft,G1-C_aircraft-02,T003,1438.035182877992,2867.4613603954576,T014_2,287.63159336749413,U08,existing
P123_4_56,G1,C_aircraft,G1-C_aircraft-02,T014_2,3155.0929537629518,5460.277018730793,,,U08,existing
P123_4_56,G1,A_batteries,G1-A_batteries-01,T005,0.0,2178.7887122874713,T014_1,1590.2854876817937,A01,existing
P123_4_56,G1,A_batteries,G1-A_batteries-01,T014_1,3769.074199969265,6580.0266291174285,,,A01,existing
P123_4_56,G1,A_batteries,G1-A_batteries-02,T007_HARD,0.0,2761.062337358848,T022,1529.5093617654338,A02,existing
P123_4_56,G1,A_batteries,G1-A_batteries-02,T022,4290.571699124282,7157.600692042686,,,A02,existing
P123_4_56,G1,A_batteries,G1-A_batteries-03,T007_SOFT,0.0,2779.9496716386757,T016,2689.8827329990536,A03,existing
P123_4_56,G1,A_batteries,G1-A_batteries-03,T016,5469.832404637729,8301.566821462397,,,A03,existing
P123_4_56,G1,A_batteries,G1-A_batteries-04,T004,2004.1116402878897,5653.515220902664,,,A04,existing
P123_4_56,G1,A_batteries,G1-A_batteries-05,T007,3667.074199969267,7728.37856016178,,,A05,existing
P123_4_56,G1,A_batteries,G1-A_batteries-06,T020,3687.0741999692646,6897.284697633159,,,A06,existing
P123_4_56,G1,B_batteries,G1-B_batteries-01,T013,3355.5084827157466,7272.795381688331,,,B01,existing
P123_4_56,G1,B_batteries,G1-B_batteries-02,T021,5313.549854202742,9078.773277607346,,,B02,existing
P123_4_56,G1,B_batteries,G1-B_batteries-03,T019_1,5372.702880894794,8356.40930924514,,,B03,existing
P123_4_56,G1,C_batteries,G1-C_batteries-01,T001,0.0,3150.0928537629516,T018,924.1005278033908,C01,existing
P123_4_56,G1,C_batteries,G1-C_batteries-01,T018,4074.1933815663424,9324.985226007513,,,C01,existing
P123_4_56,G1,C_batteries,G1-C_batteries-02,T003,1438.035182877992,4385.641813543676,,,C02,existing
P123_4_56,G1,C_batteries,G1-C_batteries-03,T012,1954.1116402878895,6561.858999018011,,,C03,existing
P123_4_56,G1,C_batteries,G1-C_batteries-04,T014_2,3155.0929537629518,7966.52367812528,,,C04,existing
P123_4_56,G1,relay_aircraft,G1-relay_aircraft-01,R001,190.137319029409,1999.297638856333,R002,1907.9138801423414,R01,existing
P123_4_56,G1,relay_aircraft,G1-relay_aircraft-01,R002,3907.2115189986744,7516.130043494062,,,R01,existing
P123_4_56,G1,relay_aircraft,G1-relay_aircraft-02,R003,2004.2977389089663,7744.455885352581,,,R02,existing
P123_4_56,G1,relay_components,G1-relay_components-01,R001,190.137319029409,2344.3073253046314,R002,1562.904193694043,RE01,existing
P123_4_56,G1,relay_components,G1-relay_components-01,R002,3907.2115189986744,8084.5472154177,,,RE01,existing
P123_4_56,G1,relay_components,G1-relay_components-02,R003,2004.2977389089663,8588.743789022035,,,RE02,existing
P123_4_56,G2,A_aircraft,G2-A_aircraft-01,T009,0.0,1316.0142144169886,,,NEW-A_aircraft-01,procurement_required
P123_4_56,G2,C_aircraft,G2-C_aircraft-01,T010_2,0.0,1433.035082877992,,,NEW-C_aircraft-01,procurement_required
P123_4_56,G2,A_batteries,G2-A_batteries-01,T009,0.0,2207.8690163260853,,,NEW-A_batteries-01,procurement_required
P123_4_56,G2,C_batteries,G2-C_batteries-01,T010_2,0.0,2880.8082760764496,,,NEW-C_batteries-01,procurement_required
P123_4_56,G3,B_aircraft,G3-B_aircraft-01,T002_2,0.0,1500.9693925601796,T008,5.000099999999975,NEW-B_aircraft-01,procurement_required
P123_4_56,G3,B_aircraft,G3-B_aircraft-01,T008,1505.9694925601796,3350.508382715747,T006,158.08762043392517,NEW-B_aircraft-01,procurement_required
P123_4_56,G3,B_aircraft,G3-B_aircraft-01,T006,3508.596003149672,4698.226288886111,,,NEW-B_aircraft-01,procurement_required
P123_4_56,G3,B_aircraft,G3-B_aircraft-02,T015,0.0,1554.5713591276817,T011,5.000100000000202,NEW-B_aircraft-02,procurement_required
P123_4_56,G3,B_aircraft,G3-B_aircraft-02,T011,1559.571459127682,3503.5959031496714,,,NEW-B_aircraft-02,procurement_required
P123_4_56,G3,B_batteries,G3-B_batteries-01,T002_2,0.0,2956.647180248775,T006,551.9488229008971,B04,existing
P123_4_56,G3,B_batteries,G3-B_batteries-01,T006,3508.596003149672,5831.667165848992,,,B04,existing
P123_4_56,G3,B_batteries,G3-B_batteries-02,T015,0.0,3010.3575010505742,,,NEW-B_batteries-01,procurement_required
P123_4_56,G3,B_batteries,G3-B_batteries-03,T008,1505.9694925601796,4939.170345795129,,,NEW-B_batteries-02,procurement_required
P123_4_56,G3,B_batteries,G3-B_batteries-04,T011,1559.571459127682,5367.702780894794,,,NEW-B_batteries-03,procurement_required
P123_4_56,G3,relay_aircraft,G3-relay_aircraft-01,R004,96.18236555369045,3902.2114189986755,,,NEW-relay_aircraft-01,procurement_required
P123_4_56,G3,relay_components,G3-relay_components-01,R004,96.18236555369045,4498.791383917484,,,RE03,existing
P1245_3_6,G1,A_aircraft,G1-A_aircraft-01,T005,0.0,1312.470877312685,T004,691.6407629752048,U01,existing
P1245_3_6,G1,A_aircraft,G1-A_aircraft-01,T004,2004.1116402878897,4285.571599124281,,,U01,existing
P1245_3_6,G1,A_aircraft,G1-A_aircraft-02,T009,0.0,1316.0142144169886,T022,2974.557484707293,U02,existing
P1245_3_6,G1,A_aircraft,G1-A_aircraft-02,T022,4290.571699124282,5982.106185363231,,,U02,existing
P1245_3_6,G1,B_aircraft,G1-B_aircraft-01,T002_2,0.0,1500.9693925601796,T008,5.000099999999975,U05,existing
P1245_3_6,G1,B_aircraft,G1-B_aircraft-01,T008,1505.9694925601796,3350.508382715747,T013,5.0000999999997475,U05,existing
P1245_3_6,G1,B_aircraft,G1-B_aircraft-01,T013,3355.5084827157466,5313.549754202741,,,U05,existing
P1245_3_6,G1,B_aircraft,G1-B_aircraft-02,T015,0.0,1554.5713591276817,T011,5.000100000000202,U06,existing
P1245_3_6,G1,B_aircraft,G1-B_aircraft-02,T011,1559.571459127682,3503.5959031496714,T021,1809.9539510530703,U06,existing
P1245_3_6,G1,B_aircraft,G1-B_aircraft-02,T021,5313.549854202742,7211.591125689736,,,U06,existing
P1245_3_6,G1,C_aircraft,G1-C_aircraft-01,T001,0.0,1561.4261775174655,T012,392.685462770424,U07,existing
P1245_3_6,G1,C_aircraft,G1-C_aircraft-01,T012,1954.1116402878895,4069.193281566342,,,U07,existing
P1245_3_6,G1,C_aircraft,G1-C_aircraft-02,T010_2,0.0,1433.035082877992,T003,5.000099999999975,U08,existing
P1245_3_6,G1,C_aircraft,G1-C_aircraft-02,T003,1438.035182877992,2867.4613603954576,T014_2,287.63159336749413,U08,existing
P1245_3_6,G1,C_aircraft,G1-C_aircraft-02,T014_2,3155.0929537629518,5460.277018730793,,,U08,existing
P1245_3_6,G1,A_batteries,G1-A_batteries-01,T005,0.0,2178.7887122874713,T022,2111.7829868368103,A01,existing
P1245_3_6,G1,A_batteries,G1-A_batteries-01,T022,4290.571699124282,7157.600692042686,,,A01,existing
P1245_3_6,G1,A_batteries,G1-A_batteries-02,T009,0.0,2207.8690163260853,,,A02,existing
P1245_3_6,G1,A_batteries,G1-A_batteries-03,T004,2004.1116402878897,5653.515220902664,,,A03,existing
P1245_3_6,G1,B_batteries,G1-B_batteries-01,T002_2,0.0,2956.647180248775,T013,398.86130246697167,B01,existing
P1245_3_6,G1,B_batteries,G1-B_batteries-01,T013,3355.5084827157466,7272.795381688331,,,B01,existing
P1245_3_6,G1,B_batteries,G1-B_batteries-02,T015,0.0,3010.3575010505742,T021,2303.1923531521675,B02,existing
P1245_3_6,G1,B_batteries,G1-B_batteries-02,T021,5313.549854202742,9078.773277607346,,,B02,existing
P1245_3_6,G1,B_batteries,G1-B_batteries-03,T008,1505.9694925601796,4939.170345795129,,,B03,existing
P1245_3_6,G1,B_batteries,G1-B_batteries-04,T011,1559.571459127682,5367.702780894794,,,B04,existing
P1245_3_6,G1,C_batteries,G1-C_batteries-01,T001,0.0,3150.0928537629516,,,C01,existing
P1245_3_6,G1,C_batteries,G1-C_batteries-02,T010_2,0.0,2880.8082760764496,T014_2,274.28467768650216,C02,existing
P1245_3_6,G1,C_batteries,G1-C_batteries-02,T014_2,3155.0929537629518,7966.52367812528,,,C02,existing
P1245_3_6,G1,C_batteries,G1-C_batteries-03,T003,1438.035182877992,4385.641813543676,,,C03,existing
P1245_3_6,G1,C_batteries,G1-C_batteries-04,T012,1954.1116402878895,6561.858999018011,,,C04,existing
P1245_3_6,G1,relay_aircraft,G1-relay_aircraft-01,R004,96.18236555369045,3902.2114189986755,,,R01,existing
P1245_3_6,G1,relay_aircraft,G1-relay_aircraft-02,R003,2004.2977389089663,7744.455885352581,,,R02,existing
P1245_3_6,G1,relay_components,G1-relay_components-01,R004,96.18236555369045,4498.791383917484,,,RE01,existing
P1245_3_6,G1,relay_components,G1-relay_components-02,R003,2004.2977389089663,8588.743789022035,,,RE02,existing
P1245_3_6,G2,A_aircraft,G2-A_aircraft-01,T007_HARD,0.0,1712.4416357195464,T020,1974.6325642497181,U03,existing
P1245_3_6,G2,A_aircraft,G2-A_aircraft-01,T020,3687.0741999692646,5657.284046946083,,,U03,existing
P1245_3_6,G2,A_aircraft,G2-A_aircraft-02,T007_SOFT,0.0,1712.4416357195464,T007,1954.6325642497204,U04,existing
P1245_3_6,G2,A_aircraft,G2-A_aircraft-02,T007,3667.074199969267,6275.115097078189,,,U04,existing
P1245_3_6,G2,A_aircraft,G2-A_aircraft-03,T014_1,3769.074199969265,5464.83230463773,T016,5.000099999999293,NEW-A_aircraft-01,procurement_required
P1245_3_6,G2,A_aircraft,G2-A_aircraft-03,T016,5469.832404637729,7165.590509306194,,,NEW-A_aircraft-01,procurement_required
P1245_3_6,G2,B_aircraft,G2-B_aircraft-01,T019_1,5372.702880894794,6891.727225306649,,,NEW-B_aircraft-01,procurement_required
P1245_3_6,G2,C_aircraft,G2-C_aircraft-01,T018,4074.1933815663424,6761.824258936959,,,NEW-C_aircraft-01,procurement_required
P1245_3_6,G2,A_batteries,G2-A_batteries-01,T007_HARD,0.0,2761.062337358848,T014_1,1008.0118626104172,A04,existing
P1245_3_6,G2,A_batteries,G2-A_batteries-01,T014_1,3769.074199969265,6580.0266291174285,,,A04,existing
P1245_3_6,G2,A_batteries,G2-A_batteries-02,T007_SOFT,0.0,2779.9496716386757,T016,2689.8827329990536,A05,existing
P1245_3_6,G2,A_batteries,G2-A_batteries-02,T016,5469.832404637729,8301.566821462397,,,A05,existing
P1245_3_6,G2,A_batteries,G2-A_batteries-03,T007,3667.074199969267,7728.37856016178,,,A06,existing
P1245_3_6,G2,A_batteries,G2-A_batteries-04,T020,3687.0741999692646,6897.284697633159,,,NEW-A_batteries-01,procurement_required
P1245_3_6,G2,B_batteries,G2-B_batteries-01,T019_1,5372.702880894794,8356.40930924514,,,NEW-B_batteries-01,procurement_required
P1245_3_6,G2,C_batteries,G2-C_batteries-01,T018,4074.1933815663424,9324.985226007513,,,NEW-C_batteries-01,procurement_required
P1245_3_6,G2,relay_aircraft,G2-relay_aircraft-01,R001,190.137319029409,1999.297638856333,R002,1907.9138801423414,NEW-relay_aircraft-01,procurement_required
P1245_3_6,G2,relay_aircraft,G2-relay_aircraft-01,R002,3907.2115189986744,7516.130043494062,,,NEW-relay_aircraft-01,procurement_required
P1245_3_6,G2,relay_components,G2-relay_components-01,R001,190.137319029409,2344.3073253046314,R002,1562.904193694043,RE03,existing
P1245_3_6,G2,relay_components,G2-relay_components-01,R002,3907.2115189986744,8084.5472154177,,,RE03,existing
P1245_3_6,G3,B_aircraft,G3-B_aircraft-01,T006,3508.596003149672,4698.226288886111,,,NEW-B_aircraft-02,procurement_required
P1245_3_6,G3,B_batteries,G3-B_batteries-01,T006,3508.596003149672,5831.667165848992,,,NEW-B_batteries-02,procurement_required
P124_35_6,G1,A_aircraft,G1-A_aircraft-01,T005,0.0,1312.470877312685,T004,691.6407629752048,U01,existing
P124_35_6,G1,A_aircraft,G1-A_aircraft-01,T004,2004.1116402878897,4285.571599124281,,,U01,existing
P124_35_6,G1,A_aircraft,G1-A_aircraft-02,T009,0.0,1316.0142144169886,T022,2974.557484707293,U02,existing
P124_35_6,G1,A_aircraft,G1-A_aircraft-02,T022,4290.571699124282,5982.106185363231,,,U02,existing
P124_35_6,G1,B_aircraft,G1-B_aircraft-01,T013,3355.5084827157466,5313.549754202741,T021,0.00010000000111176632,U05,existing
P124_35_6,G1,B_aircraft,G1-B_aircraft-01,T021,5313.549854202742,7211.591125689736,,,U05,existing
P124_35_6,G1,C_aircraft,G1-C_aircraft-01,T001,0.0,1561.4261775174655,T012,392.685462770424,U07,existing
P124_35_6,G1,C_aircraft,G1-C_aircraft-01,T012,1954.1116402878895,4069.193281566342,,,U07,existing
P124_35_6,G1,C_aircraft,G1-C_aircraft-02,T010_2,0.0,1433.035082877992,T003,5.000099999999975,U08,existing
P124_35_6,G1,C_aircraft,G1-C_aircraft-02,T003,1438.035182877992,2867.4613603954576,T014_2,287.63159336749413,U08,existing
P124_35_6,G1,C_aircraft,G1-C_aircraft-02,T014_2,3155.0929537629518,5460.277018730793,,,U08,existing
P124_35_6,G1,A_batteries,G1-A_batteries-01,T005,0.0,2178.7887122874713,T022,2111.7829868368103,A01,existing
P124_35_6,G1,A_batteries,G1-A_batteries-01,T022,4290.571699124282,7157.600692042686,,,A01,existing
P124_35_6,G1,A_batteries,G1-A_batteries-02,T009,0.0,2207.8690163260853,,,A02,existing
P124_35_6,G1,A_batteries,G1-A_batteries-03,T004,2004.1116402878897,5653.515220902664,,,A03,existing
P124_35_6,G1,B_batteries,G1-B_batteries-01,T013,3355.5084827157466,7272.795381688331,,,B01,existing
P124_35_6,G1,B_batteries,G1-B_batteries-02,T021,5313.549854202742,9078.773277607346,,,B02,existing
P124_35_6,G1,C_batteries,G1-C_batteries-01,T001,0.0,3150.0928537629516,,,C01,existing
P124_35_6,G1,C_batteries,G1-C_batteries-02,T010_2,0.0,2880.8082760764496,T014_2,274.28467768650216,C02,existing
P124_35_6,G1,C_batteries,G1-C_batteries-02,T014_2,3155.0929537629518,7966.52367812528,,,C02,existing
P124_35_6,G1,C_batteries,G1-C_batteries-03,T003,1438.035182877992,4385.641813543676,,,C03,existing
P124_35_6,G1,C_batteries,G1-C_batteries-04,T012,1954.1116402878895,6561.858999018011,,,C04,existing
P124_35_6,G1,relay_aircraft,G1-relay_aircraft-01,R003,2004.2977389089663,7744.455885352581,,,R01,existing
P124_35_6,G1,relay_components,G1-relay_components-01,R003,2004.2977389089663,8588.743789022035,,,RE01,existing
P124_35_6,G2,A_aircraft,G2-A_aircraft-01,T007_HARD,0.0,1712.4416357195464,T020,1974.6325642497181,U03,existing
P124_35_6,G2,A_aircraft,G2-A_aircraft-01,T020,3687.0741999692646,5657.284046946083,,,U03,existing
P124_35_6,G2,A_aircraft,G2-A_aircraft-02,T007_SOFT,0.0,1712.4416357195464,T007,1954.6325642497204,U04,existing
P124_35_6,G2,A_aircraft,G2-A_aircraft-02,T007,3667.074199969267,6275.115097078189,,,U04,existing
P124_35_6,G2,A_aircraft,G2-A_aircraft-03,T014_1,3769.074199969265,5464.83230463773,T016,5.000099999999293,NEW-A_aircraft-01,procurement_required
P124_35_6,G2,A_aircraft,G2-A_aircraft-03,T016,5469.832404637729,7165.590509306194,,,NEW-A_aircraft-01,procurement_required
P124_35_6,G2,B_aircraft,G2-B_aircraft-01,T002_2,0.0,1500.9693925601796,T008,5.000099999999975,U06,existing
P124_35_6,G2,B_aircraft,G2-B_aircraft-01,T008,1505.9694925601796,3350.508382715747,T019_1,2022.1944981790475,U06,existing
P124_35_6,G2,B_aircraft,G2-B_aircraft-01,T019_1,5372.702880894794,6891.727225306649,,,U06,existing
P124_35_6,G2,B_aircraft,G2-B_aircraft-02,T015,0.0,1554.5713591276817,T011,5.000100000000202,NEW-B_aircraft-01,procurement_required
P124_35_6,G2,B_aircraft,G2-B_aircraft-02,T011,1559.571459127682,3503.5959031496714,,,NEW-B_aircraft-01,procurement_required
P124_35_6,G2,C_aircraft,G2-C_aircraft-01,T018,4074.1933815663424,6761.824258936959,,,NEW-C_aircraft-01,procurement_required
P124_35_6,G2,A_batteries,G2-A_batteries-01,T007_HARD,0.0,2761.062337358848,T014_1,1008.0118626104172,A04,existing
P124_35_6,G2,A_batteries,G2-A_batteries-01,T014_1,3769.074199969265,6580.0266291174285,,,A04,existing
P124_35_6,G2,A_batteries,G2-A_batteries-02,T007_SOFT,0.0,2779.9496716386757,T016,2689.8827329990536,A05,existing
P124_35_6,G2,A_batteries,G2-A_batteries-02,T016,5469.832404637729,8301.566821462397,,,A05,existing
P124_35_6,G2,A_batteries,G2-A_batteries-03,T007,3667.074199969267,7728.37856016178,,,A06,existing
P124_35_6,G2,A_batteries,G2-A_batteries-04,T020,3687.0741999692646,6897.284697633159,,,NEW-A_batteries-01,procurement_required
P124_35_6,G2,B_batteries,G2-B_batteries-01,T002_2,0.0,2956.647180248775,T019_1,2416.0557006460194,B03,existing
P124_35_6,G2,B_batteries,G2-B_batteries-01,T019_1,5372.702880894794,8356.40930924514,,,B03,existing
P124_35_6,G2,B_batteries,G2-B_batteries-02,T015,0.0,3010.3575010505742,,,B04,existing
P124_35_6,G2,B_batteries,G2-B_batteries-03,T008,1505.9694925601796,4939.170345795129,,,NEW-B_batteries-01,procurement_required
P124_35_6,G2,B_batteries,G2-B_batteries-04,T011,1559.571459127682,5367.702780894794,,,NEW-B_batteries-02,procurement_required
P124_35_6,G2,C_batteries,G2-C_batteries-01,T018,4074.1933815663424,9324.985226007513,,,NEW-C_batteries-01,procurement_required
P124_35_6,G2,relay_aircraft,G2-relay_aircraft-01,R004,96.18236555369045,3902.2114189986755,,,R02,existing
P124_35_6,G2,relay_aircraft,G2-relay_aircraft-02,R001,190.137319029409,1999.297638856333,R002,1907.9138801423414,NEW-relay_aircraft-01,procurement_required
P124_35_6,G2,relay_aircraft,G2-relay_aircraft-02,R002,3907.2115189986744,7516.130043494062,,,NEW-relay_aircraft-01,procurement_required
P124_35_6,G2,relay_components,G2-relay_components-01,R004,96.18236555369045,4498.791383917484,,,RE02,existing
P124_35_6,G2,relay_components,G2-relay_components-02,R001,190.137319029409,2344.3073253046314,R002,1562.904193694043,RE03,existing
P124_35_6,G2,relay_components,G2-relay_components-02,R002,3907.2115189986744,8084.5472154177,,,RE03,existing
P124_35_6,G3,B_aircraft,G3-B_aircraft-01,T006,3508.596003149672,4698.226288886111,,,NEW-B_aircraft-02,procurement_required
P124_35_6,G3,B_batteries,G3-B_batteries-01,T006,3508.596003149672,5831.667165848992,,,NEW-B_batteries-03,procurement_required
P1246_3_5,G1,A_aircraft,G1-A_aircraft-01,T005,0.0,1312.470877312685,T004,691.6407629752048,U01,existing
P1246_3_5,G1,A_aircraft,G1-A_aircraft-01,T004,2004.1116402878897,4285.571599124281,,,U01,existing
P1246_3_5,G1,A_aircraft,G1-A_aircraft-02,T009,0.0,1316.0142144169886,T022,2974.557484707293,U02,existing
P1246_3_5,G1,A_aircraft,G1-A_aircraft-02,T022,4290.571699124282,5982.106185363231,,,U02,existing
P1246_3_5,G1,B_aircraft,G1-B_aircraft-01,T013,3355.5084827157466,5313.549754202741,,,U05,existing
P1246_3_5,G1,B_aircraft,G1-B_aircraft-02,T006,3508.596003149672,4698.226288886111,T021,615.3235653166303,U06,existing
P1246_3_5,G1,B_aircraft,G1-B_aircraft-02,T021,5313.549854202742,7211.591125689736,,,U06,existing
P1246_3_5,G1,C_aircraft,G1-C_aircraft-01,T001,0.0,1561.4261775174655,T012,392.685462770424,U07,existing
P1246_3_5,G1,C_aircraft,G1-C_aircraft-01,T012,1954.1116402878895,4069.193281566342,,,U07,existing
P1246_3_5,G1,C_aircraft,G1-C_aircraft-02,T010_2,0.0,1433.035082877992,T003,5.000099999999975,U08,existing
P1246_3_5,G1,C_aircraft,G1-C_aircraft-02,T003,1438.035182877992,2867.4613603954576,T014_2,287.63159336749413,U08,existing
P1246_3_5,G1,C_aircraft,G1-C_aircraft-02,T014_2,3155.0929537629518,5460.277018730793,,,U08,existing
P1246_3_5,G1,A_batteries,G1-A_batteries-01,T005,0.0,2178.7887122874713,T022,2111.7829868368103,A01,existing
P1246_3_5,G1,A_batteries,G1-A_batteries-01,T022,4290.571699124282,7157.600692042686,,,A01,existing
P1246_3_5,G1,A_batteries,G1-A_batteries-02,T009,0.0,2207.8690163260853,,,A02,existing
P1246_3_5,G1,A_batteries,G1-A_batteries-03,T004,2004.1116402878897,5653.515220902664,,,A03,existing
P1246_3_5,G1,B_batteries,G1-B_batteries-01,T013,3355.5084827157466,7272.795381688331,,,B01,existing
P1246_3_5,G1,B_batteries,G1-B_batteries-02,T006,3508.596003149672,5831.667165848992,,,B02,existing
P1246_3_5,G1,B_batteries,G1-B_batteries-03,T021,5313.549854202742,9078.773277607346,,,B03,existing
P1246_3_5,G1,C_batteries,G1-C_batteries-01,T001,0.0,3150.0928537629516,,,C01,existing
P1246_3_5,G1,C_batteries,G1-C_batteries-02,T010_2,0.0,2880.8082760764496,T014_2,274.28467768650216,C02,existing
P1246_3_5,G1,C_batteries,G1-C_batteries-02,T014_2,3155.0929537629518,7966.52367812528,,,C02,existing
P1246_3_5,G1,C_batteries,G1-C_batteries-03,T003,1438.035182877992,4385.641813543676,,,C03,existing
P1246_3_5,G1,C_batteries,G1-C_batteries-04,T012,1954.1116402878895,6561.858999018011,,,C04,existing
P1246_3_5,G1,relay_aircraft,G1-relay_aircraft-01,R003,2004.2977389089663,7744.455885352581,,,R01,existing
P1246_3_5,G1,relay_components,G1-relay_components-01,R003,2004.2977389089663,8588.743789022035,,,RE01,existing
P1246_3_5,G2,A_aircraft,G2-A_aircraft-01,T007_HARD,0.0,1712.4416357195464,T020,1974.6325642497181,U03,existing
P1246_3_5,G2,A_aircraft,G2-A_aircraft-01,T020,3687.0741999692646,5657.284046946083,,,U03,existing
P1246_3_5,G2,A_aircraft,G2-A_aircraft-02,T007_SOFT,0.0,1712.4416357195464,T007,1954.6325642497204,U04,existing
P1246_3_5,G2,A_aircraft,G2-A_aircraft-02,T007,3667.074199969267,6275.115097078189,,,U04,existing
P1246_3_5,G2,A_aircraft,G2-A_aircraft-03,T014_1,3769.074199969265,5464.83230463773,T016,5.000099999999293,NEW-A_aircraft-01,procurement_required
P1246_3_5,G2,A_aircraft,G2-A_aircraft-03,T016,5469.832404637729,7165.590509306194,,,NEW-A_aircraft-01,procurement_required
P1246_3_5,G2,B_aircraft,G2-B_aircraft-01,T019_1,5372.702880894794,6891.727225306649,,,NEW-B_aircraft-01,procurement_required
P1246_3_5,G2,C_aircraft,G2-C_aircraft-01,T018,4074.1933815663424,6761.824258936959,,,NEW-C_aircraft-01,procurement_required
P1246_3_5,G2,A_batteries,G2-A_batteries-01,T007_HARD,0.0,2761.062337358848,T014_1,1008.0118626104172,A04,existing
P1246_3_5,G2,A_batteries,G2-A_batteries-01,T014_1,3769.074199969265,6580.0266291174285,,,A04,existing
P1246_3_5,G2,A_batteries,G2-A_batteries-02,T007_SOFT,0.0,2779.9496716386757,T016,2689.8827329990536,A05,existing
P1246_3_5,G2,A_batteries,G2-A_batteries-02,T016,5469.832404637729,8301.566821462397,,,A05,existing
P1246_3_5,G2,A_batteries,G2-A_batteries-03,T007,3667.074199969267,7728.37856016178,,,A06,existing
P1246_3_5,G2,A_batteries,G2-A_batteries-04,T020,3687.0741999692646,6897.284697633159,,,NEW-A_batteries-01,procurement_required
P1246_3_5,G2,B_batteries,G2-B_batteries-01,T019_1,5372.702880894794,8356.40930924514,,,B04,existing
P1246_3_5,G2,C_batteries,G2-C_batteries-01,T018,4074.1933815663424,9324.985226007513,,,NEW-C_batteries-01,procurement_required
P1246_3_5,G2,relay_aircraft,G2-relay_aircraft-01,R001,190.137319029409,1999.297638856333,R002,1907.9138801423414,R02,existing
P1246_3_5,G2,relay_aircraft,G2-relay_aircraft-01,R002,3907.2115189986744,7516.130043494062,,,R02,existing
P1246_3_5,G2,relay_components,G2-relay_components-01,R001,190.137319029409,2344.3073253046314,R002,1562.904193694043,RE02,existing
P1246_3_5,G2,relay_components,G2-relay_components-01,R002,3907.2115189986744,8084.5472154177,,,RE02,existing
P1246_3_5,G3,B_aircraft,G3-B_aircraft-01,T002_2,0.0,1500.9693925601796,T008,5.000099999999975,NEW-B_aircraft-02,procurement_required
P1246_3_5,G3,B_aircraft,G3-B_aircraft-01,T008,1505.9694925601796,3350.508382715747,,,NEW-B_aircraft-02,procurement_required
P1246_3_5,G3,B_aircraft,G3-B_aircraft-02,T015,0.0,1554.5713591276817,T011,5.000100000000202,NEW-B_aircraft-03,procurement_required
P1246_3_5,G3,B_aircraft,G3-B_aircraft-02,T011,1559.571459127682,3503.5959031496714,,,NEW-B_aircraft-03,procurement_required
P1246_3_5,G3,B_batteries,G3-B_batteries-01,T002_2,0.0,2956.647180248775,,,NEW-B_batteries-01,procurement_required
P1246_3_5,G3,B_batteries,G3-B_batteries-02,T015,0.0,3010.3575010505742,,,NEW-B_batteries-02,procurement_required
P1246_3_5,G3,B_batteries,G3-B_batteries-03,T008,1505.9694925601796,4939.170345795129,,,NEW-B_batteries-03,procurement_required
P1246_3_5,G3,B_batteries,G3-B_batteries-04,T011,1559.571459127682,5367.702780894794,,,NEW-B_batteries-04,procurement_required
P1246_3_5,G3,relay_aircraft,G3-relay_aircraft-01,R004,96.18236555369045,3902.2114189986755,,,NEW-relay_aircraft-01,procurement_required
P1246_3_5,G3,relay_components,G3-relay_components-01,R004,96.18236555369045,4498.791383917484,,,RE03,existing
P124_36_5,G1,A_aircraft,G1-A_aircraft-01,T005,0.0,1312.470877312685,T004,691.6407629752048,U01,existing
P124_36_5,G1,A_aircraft,G1-A_aircraft-01,T004,2004.1116402878897,4285.571599124281,,,U01,existing
P124_36_5,G1,A_aircraft,G1-A_aircraft-02,T009,0.0,1316.0142144169886,T022,2974.557484707293,U02,existing
P124_36_5,G1,A_aircraft,G1-A_aircraft-02,T022,4290.571699124282,5982.106185363231,,,U02,existing
P124_36_5,G1,B_aircraft,G1-B_aircraft-01,T013,3355.5084827157466,5313.549754202741,T021,0.00010000000111176632,U05,existing
P124_36_5,G1,B_aircraft,G1-B_aircraft-01,T021,5313.549854202742,7211.591125689736,,,U05,existing
P124_36_5,G1,C_aircraft,G1-C_aircraft-01,T001,0.0,1561.4261775174655,T012,392.685462770424,U07,existing
P124_36_5,G1,C_aircraft,G1-C_aircraft-01,T012,1954.1116402878895,4069.193281566342,,,U07,existing
P124_36_5,G1,C_aircraft,G1-C_aircraft-02,T010_2,0.0,1433.035082877992,T003,5.000099999999975,U08,existing
P124_36_5,G1,C_aircraft,G1-C_aircraft-02,T003,1438.035182877992,2867.4613603954576,T014_2,287.63159336749413,U08,existing
P124_36_5,G1,C_aircraft,G1-C_aircraft-02,T014_2,3155.0929537629518,5460.277018730793,,,U08,existing
P124_36_5,G1,A_batteries,G1-A_batteries-01,T005,0.0,2178.7887122874713,T022,2111.7829868368103,A01,existing
P124_36_5,G1,A_batteries,G1-A_batteries-01,T022,4290.571699124282,7157.600692042686,,,A01,existing
P124_36_5,G1,A_batteries,G1-A_batteries-02,T009,0.0,2207.8690163260853,,,A02,existing
P124_36_5,G1,A_batteries,G1-A_batteries-03,T004,2004.1116402878897,5653.515220902664,,,A03,existing
P124_36_5,G1,B_batteries,G1-B_batteries-01,T013,3355.5084827157466,7272.795381688331,,,B01,existing
P124_36_5,G1,B_batteries,G1-B_batteries-02,T021,5313.549854202742,9078.773277607346,,,B02,existing
P124_36_5,G1,C_batteries,G1-C_batteries-01,T001,0.0,3150.0928537629516,,,C01,existing
P124_36_5,G1,C_batteries,G1-C_batteries-02,T010_2,0.0,2880.8082760764496,T014_2,274.28467768650216,C02,existing
P124_36_5,G1,C_batteries,G1-C_batteries-02,T014_2,3155.0929537629518,7966.52367812528,,,C02,existing
P124_36_5,G1,C_batteries,G1-C_batteries-03,T003,1438.035182877992,4385.641813543676,,,C03,existing
P124_36_5,G1,C_batteries,G1-C_batteries-04,T012,1954.1116402878895,6561.858999018011,,,C04,existing
P124_36_5,G1,relay_aircraft,G1-relay_aircraft-01,R003,2004.2977389089663,7744.455885352581,,,R01,existing
P124_36_5,G1,relay_components,G1-relay_components-01,R003,2004.2977389089663,8588.743789022035,,,RE01,existing
P124_36_5,G2,A_aircraft,G2-A_aircraft-01,T007_HARD,0.0,1712.4416357195464,T020,1974.6325642497181,U03,existing
P124_36_5,G2,A_aircraft,G2-A_aircraft-01,T020,3687.0741999692646,5657.284046946083,,,U03,existing
P124_36_5,G2,A_aircraft,G2-A_aircraft-02,T007_SOFT,0.0,1712.4416357195464,T007,1954.6325642497204,U04,existing
P124_36_5,G2,A_aircraft,G2-A_aircraft-02,T007,3667.074199969267,6275.115097078189,,,U04,existing
P124_36_5,G2,A_aircraft,G2-A_aircraft-03,T014_1,3769.074199969265,5464.83230463773,T016,5.000099999999293,NEW-A_aircraft-01,procurement_required
P124_36_5,G2,A_aircraft,G2-A_aircraft-03,T016,5469.832404637729,7165.590509306194,,,NEW-A_aircraft-01,procurement_required
P124_36_5,G2,B_aircraft,G2-B_aircraft-01,T006,3508.596003149672,4698.226288886111,T019_1,674.4765920086829,U06,existing
P124_36_5,G2,B_aircraft,G2-B_aircraft-01,T019_1,5372.702880894794,6891.727225306649,,,U06,existing
P124_36_5,G2,C_aircraft,G2-C_aircraft-01,T018,4074.1933815663424,6761.824258936959,,,NEW-C_aircraft-01,procurement_required
P124_36_5,G2,A_batteries,G2-A_batteries-01,T007_HARD,0.0,2761.062337358848,T014_1,1008.0118626104172,A04,existing
P124_36_5,G2,A_batteries,G2-A_batteries-01,T014_1,3769.074199969265,6580.0266291174285,,,A04,existing
P124_36_5,G2,A_batteries,G2-A_batteries-02,T007_SOFT,0.0,2779.9496716386757,T016,2689.8827329990536,A05,existing
P124_36_5,G2,A_batteries,G2-A_batteries-02,T016,5469.832404637729,8301.566821462397,,,A05,existing
P124_36_5,G2,A_batteries,G2-A_batteries-03,T007,3667.074199969267,7728.37856016178,,,A06,existing
P124_36_5,G2,A_batteries,G2-A_batteries-04,T020,3687.0741999692646,6897.284697633159,,,NEW-A_batteries-01,procurement_required
P124_36_5,G2,B_batteries,G2-B_batteries-01,T006,3508.596003149672,5831.667165848992,,,B03,existing
P124_36_5,G2,B_batteries,G2-B_batteries-02,T019_1,5372.702880894794,8356.40930924514,,,B04,existing
P124_36_5,G2,C_batteries,G2-C_batteries-01,T018,4074.1933815663424,9324.985226007513,,,NEW-C_batteries-01,procurement_required
P124_36_5,G2,relay_aircraft,G2-relay_aircraft-01,R001,190.137319029409,1999.297638856333,R002,1907.9138801423414,R02,existing
P124_36_5,G2,relay_aircraft,G2-relay_aircraft-01,R002,3907.2115189986744,7516.130043494062,,,R02,existing
P124_36_5,G2,relay_components,G2-relay_components-01,R001,190.137319029409,2344.3073253046314,R002,1562.904193694043,RE02,existing
P124_36_5,G2,relay_components,G2-relay_components-01,R002,3907.2115189986744,8084.5472154177,,,RE02,existing
P124_36_5,G3,B_aircraft,G3-B_aircraft-01,T002_2,0.0,1500.9693925601796,T008,5.000099999999975,NEW-B_aircraft-01,procurement_required
P124_36_5,G3,B_aircraft,G3-B_aircraft-01,T008,1505.9694925601796,3350.508382715747,,,NEW-B_aircraft-01,procurement_required
P124_36_5,G3,B_aircraft,G3-B_aircraft-02,T015,0.0,1554.5713591276817,T011,5.000100000000202,NEW-B_aircraft-02,procurement_required
P124_36_5,G3,B_aircraft,G3-B_aircraft-02,T011,1559.571459127682,3503.5959031496714,,,NEW-B_aircraft-02,procurement_required
P124_36_5,G3,B_batteries,G3-B_batteries-01,T002_2,0.0,2956.647180248775,,,NEW-B_batteries-01,procurement_required
P124_36_5,G3,B_batteries,G3-B_batteries-02,T015,0.0,3010.3575010505742,,,NEW-B_batteries-02,procurement_required
P124_36_5,G3,B_batteries,G3-B_batteries-03,T008,1505.9694925601796,4939.170345795129,,,NEW-B_batteries-03,procurement_required
P124_36_5,G3,B_batteries,G3-B_batteries-04,T011,1559.571459127682,5367.702780894794,,,NEW-B_batteries-04,procurement_required
P124_36_5,G3,relay_aircraft,G3-relay_aircraft-01,R004,96.18236555369045,3902.2114189986755,,,NEW-relay_aircraft-01,procurement_required
P124_36_5,G3,relay_components,G3-relay_components-01,R004,96.18236555369045,4498.791383917484,,,RE03,existing
P124_3_56,G1,A_aircraft,G1-A_aircraft-01,T005,0.0,1312.470877312685,T004,691.6407629752048,U01,existing
P124_3_56,G1,A_aircraft,G1-A_aircraft-01,T004,2004.1116402878897,4285.571599124281,,,U01,existing
P124_3_56,G1,A_aircraft,G1-A_aircraft-02,T009,0.0,1316.0142144169886,T022,2974.557484707293,U02,existing
P124_3_56,G1,A_aircraft,G1-A_aircraft-02,T022,4290.571699124282,5982.106185363231,,,U02,existing
P124_3_56,G1,B_aircraft,G1-B_aircraft-01,T013,3355.5084827157466,5313.549754202741,T021,0.00010000000111176632,U05,existing
P124_3_56,G1,B_aircraft,G1-B_aircraft-01,T021,5313.549854202742,7211.591125689736,,,U05,existing
P124_3_56,G1,C_aircraft,G1-C_aircraft-01,T001,0.0,1561.4261775174655,T012,392.685462770424,U07,existing
P124_3_56,G1,C_aircraft,G1-C_aircraft-01,T012,1954.1116402878895,4069.193281566342,,,U07,existing
P124_3_56,G1,C_aircraft,G1-C_aircraft-02,T010_2,0.0,1433.035082877992,T003,5.000099999999975,U08,existing
P124_3_56,G1,C_aircraft,G1-C_aircraft-02,T003,1438.035182877992,2867.4613603954576,T014_2,287.63159336749413,U08,existing
P124_3_56,G1,C_aircraft,G1-C_aircraft-02,T014_2,3155.0929537629518,5460.277018730793,,,U08,existing
P124_3_56,G1,A_batteries,G1-A_batteries-01,T005,0.0,2178.7887122874713,T022,2111.7829868368103,A01,existing
P124_3_56,G1,A_batteries,G1-A_batteries-01,T022,4290.571699124282,7157.600692042686,,,A01,existing
P124_3_56,G1,A_batteries,G1-A_batteries-02,T009,0.0,2207.8690163260853,,,A02,existing
P124_3_56,G1,A_batteries,G1-A_batteries-03,T004,2004.1116402878897,5653.515220902664,,,A03,existing
P124_3_56,G1,B_batteries,G1-B_batteries-01,T013,3355.5084827157466,7272.795381688331,,,B01,existing
P124_3_56,G1,B_batteries,G1-B_batteries-02,T021,5313.549854202742,9078.773277607346,,,B02,existing
P124_3_56,G1,C_batteries,G1-C_batteries-01,T001,0.0,3150.0928537629516,,,C01,existing
P124_3_56,G1,C_batteries,G1-C_batteries-02,T010_2,0.0,2880.8082760764496,T014_2,274.28467768650216,C02,existing
P124_3_56,G1,C_batteries,G1-C_batteries-02,T014_2,3155.0929537629518,7966.52367812528,,,C02,existing
P124_3_56,G1,C_batteries,G1-C_batteries-03,T003,1438.035182877992,4385.641813543676,,,C03,existing
P124_3_56,G1,C_batteries,G1-C_batteries-04,T012,1954.1116402878895,6561.858999018011,,,C04,existing
P124_3_56,G1,relay_aircraft,G1-relay_aircraft-01,R003,2004.2977389089663,7744.455885352581,,,R01,existing
P124_3_56,G1,relay_components,G1-relay_components-01,R003,2004.2977389089663,8588.743789022035,,,RE01,existing
P124_3_56,G2,A_aircraft,G2-A_aircraft-01,T007_HARD,0.0,1712.4416357195464,T020,1974.6325642497181,U03,existing
P124_3_56,G2,A_aircraft,G2-A_aircraft-01,T020,3687.0741999692646,5657.284046946083,,,U03,existing
P124_3_56,G2,A_aircraft,G2-A_aircraft-02,T007_SOFT,0.0,1712.4416357195464,T007,1954.6325642497204,U04,existing
P124_3_56,G2,A_aircraft,G2-A_aircraft-02,T007,3667.074199969267,6275.115097078189,,,U04,existing
P124_3_56,G2,A_aircraft,G2-A_aircraft-03,T014_1,3769.074199969265,5464.83230463773,T016,5.000099999999293,NEW-A_aircraft-01,procurement_required
P124_3_56,G2,A_aircraft,G2-A_aircraft-03,T016,5469.832404637729,7165.590509306194,,,NEW-A_aircraft-01,procurement_required
P124_3_56,G2,B_aircraft,G2-B_aircraft-01,T019_1,5372.702880894794,6891.727225306649,,,U06,existing
P124_3_56,G2,C_aircraft,G2-C_aircraft-01,T018,4074.1933815663424,6761.824258936959,,,NEW-C_aircraft-01,procurement_required
P124_3_56,G2,A_batteries,G2-A_batteries-01,T007_HARD,0.0,2761.062337358848,T014_1,1008.0118626104172,A04,existing
P124_3_56,G2,A_batteries,G2-A_batteries-01,T014_1,3769.074199969265,6580.0266291174285,,,A04,existing
P124_3_56,G2,A_batteries,G2-A_batteries-02,T007_SOFT,0.0,2779.9496716386757,T016,2689.8827329990536,A05,existing
P124_3_56,G2,A_batteries,G2-A_batteries-02,T016,5469.832404637729,8301.566821462397,,,A05,existing
P124_3_56,G2,A_batteries,G2-A_batteries-03,T007,3667.074199969267,7728.37856016178,,,A06,existing
P124_3_56,G2,A_batteries,G2-A_batteries-04,T020,3687.0741999692646,6897.284697633159,,,NEW-A_batteries-01,procurement_required
P124_3_56,G2,B_batteries,G2-B_batteries-01,T019_1,5372.702880894794,8356.40930924514,,,B03,existing
P124_3_56,G2,C_batteries,G2-C_batteries-01,T018,4074.1933815663424,9324.985226007513,,,NEW-C_batteries-01,procurement_required
P124_3_56,G2,relay_aircraft,G2-relay_aircraft-01,R001,190.137319029409,1999.297638856333,R002,1907.9138801423414,R02,existing
P124_3_56,G2,relay_aircraft,G2-relay_aircraft-01,R002,3907.2115189986744,7516.130043494062,,,R02,existing
P124_3_56,G2,relay_components,G2-relay_components-01,R001,190.137319029409,2344.3073253046314,R002,1562.904193694043,RE02,existing
P124_3_56,G2,relay_components,G2-relay_components-01,R002,3907.2115189986744,8084.5472154177,,,RE02,existing
P124_3_56,G3,B_aircraft,G3-B_aircraft-01,T002_2,0.0,1500.9693925601796,T008,5.000099999999975,NEW-B_aircraft-01,procurement_required
P124_3_56,G3,B_aircraft,G3-B_aircraft-01,T008,1505.9694925601796,3350.508382715747,T006,158.08762043392517,NEW-B_aircraft-01,procurement_required
P124_3_56,G3,B_aircraft,G3-B_aircraft-01,T006,3508.596003149672,4698.226288886111,,,NEW-B_aircraft-01,procurement_required
P124_3_56,G3,B_aircraft,G3-B_aircraft-02,T015,0.0,1554.5713591276817,T011,5.000100000000202,NEW-B_aircraft-02,procurement_required
P124_3_56,G3,B_aircraft,G3-B_aircraft-02,T011,1559.571459127682,3503.5959031496714,,,NEW-B_aircraft-02,procurement_required
P124_3_56,G3,B_batteries,G3-B_batteries-01,T002_2,0.0,2956.647180248775,T006,551.9488229008971,B04,existing
P124_3_56,G3,B_batteries,G3-B_batteries-01,T006,3508.596003149672,5831.667165848992,,,B04,existing
P124_3_56,G3,B_batteries,G3-B_batteries-02,T015,0.0,3010.3575010505742,,,NEW-B_batteries-01,procurement_required
P124_3_56,G3,B_batteries,G3-B_batteries-03,T008,1505.9694925601796,4939.170345795129,,,NEW-B_batteries-02,procurement_required
P124_3_56,G3,B_batteries,G3-B_batteries-04,T011,1559.571459127682,5367.702780894794,,,NEW-B_batteries-03,procurement_required
P124_3_56,G3,relay_aircraft,G3-relay_aircraft-01,R004,96.18236555369045,3902.2114189986755,,,NEW-relay_aircraft-01,procurement_required
P124_3_56,G3,relay_components,G3-relay_components-01,R004,96.18236555369045,4498.791383917484,,,RE03,existing
P125_34_6,G1,A_aircraft,G1-A_aircraft-01,T005,0.0,1312.470877312685,T004,691.6407629752048,U01,existing
P125_34_6,G1,A_aircraft,G1-A_aircraft-01,T004,2004.1116402878897,4285.571599124281,T022,5.000100000000202,U01,existing
P125_34_6,G1,A_aircraft,G1-A_aircraft-01,T022,4290.571699124282,5982.106185363231,,,U01,existing
P125_34_6,G1,B_aircraft,G1-B_aircraft-01,T002_2,0.0,1500.9693925601796,T008,5.000099999999975,U05,existing
P125_34_6,G1,B_aircraft,G1-B_aircraft-01,T008,1505.9694925601796,3350.508382715747,T013,5.0000999999997475,U05,existing
P125_34_6,G1,B_aircraft,G1-B_aircraft-01,T013,3355.5084827157466,5313.549754202741,,,U05,existing
P125_34_6,G1,B_aircraft,G1-B_aircraft-02,T015,0.0,1554.5713591276817,T011,5.000100000000202,U06,existing
P125_34_6,G1,B_aircraft,G1-B_aircraft-02,T011,1559.571459127682,3503.5959031496714,T021,1809.9539510530703,U06,existing
P125_34_6,G1,B_aircraft,G1-B_aircraft-02,T021,5313.549854202742,7211.591125689736,,,U06,existing
P125_34_6,G1,C_aircraft,G1-C_aircraft-01,T001,0.0,1561.4261775174655,T012,392.685462770424,U07,existing
P125_34_6,G1,C_aircraft,G1-C_aircraft-01,T012,1954.1116402878895,4069.193281566342,,,U07,existing
P125_34_6,G1,C_aircraft,G1-C_aircraft-02,T003,1438.035182877992,2867.4613603954576,T014_2,287.63159336749413,U08,existing
P125_34_6,G1,C_aircraft,G1-C_aircraft-02,T014_2,3155.0929537629518,5460.277018730793,,,U08,existing
P125_34_6,G1,A_batteries,G1-A_batteries-01,T005,0.0,2178.7887122874713,T022,2111.7829868368103,A01,existing
P125_34_6,G1,A_batteries,G1-A_batteries-01,T022,4290.571699124282,7157.600692042686,,,A01,existing
P125_34_6,G1,A_batteries,G1-A_batteries-02,T004,2004.1116402878897,5653.515220902664,,,A02,existing
P125_34_6,G1,B_batteries,G1-B_batteries-01,T002_2,0.0,2956.647180248775,T013,398.86130246697167,B01,existing
P125_34_6,G1,B_batteries,G1-B_batteries-01,T013,3355.5084827157466,7272.795381688331,,,B01,existing
P125_34_6,G1,B_batteries,G1-B_batteries-02,T015,0.0,3010.3575010505742,T021,2303.1923531521675,B02,existing
P125_34_6,G1,B_batteries,G1-B_batteries-02,T021,5313.549854202742,9078.773277607346,,,B02,existing
P125_34_6,G1,B_batteries,G1-B_batteries-03,T008,1505.9694925601796,4939.170345795129,,,B03,existing
P125_34_6,G1,B_batteries,G1-B_batteries-04,T011,1559.571459127682,5367.702780894794,,,B04,existing
P125_34_6,G1,C_batteries,G1-C_batteries-01,T001,0.0,3150.0928537629516,T014_2,5.000100000000202,C01,existing
P125_34_6,G1,C_batteries,G1-C_batteries-01,T014_2,3155.0929537629518,7966.52367812528,,,C01,existing
P125_34_6,G1,C_batteries,G1-C_batteries-02,T003,1438.035182877992,4385.641813543676,,,C02,existing
P125_34_6,G1,C_batteries,G1-C_batteries-03,T012,1954.1116402878895,6561.858999018011,,,C03,existing
P125_34_6,G1,relay_aircraft,G1-relay_aircraft-01,R004,96.18236555369045,3902.2114189986755,,,R01,existing
P125_34_6,G1,relay_aircraft,G1-relay_aircraft-02,R003,2004.2977389089663,7744.455885352581,,,R02,existing
P125_34_6,G1,relay_components,G1-relay_components-01,R004,96.18236555369045,4498.791383917484,,,RE01,existing
P125_34_6,G1,relay_components,G1-relay_components-02,R003,2004.2977389089663,8588.743789022035,,,RE02,existing
P125_34_6,G2,A_aircraft,G2-A_aircraft-01,T007_HARD,0.0,1712.4416357195464,T020,1974.6325642497181,U02,existing
P125_34_6,G2,A_aircraft,G2-A_aircraft-01,T020,3687.0741999692646,5657.284046946083,,,U02,existing
P125_34_6,G2,A_aircraft,G2-A_aircraft-02,T007_SOFT,0.0,1712.4416357195464,T007,1954.6325642497204,U03,existing
P125_34_6,G2,A_aircraft,G2-A_aircraft-02,T007,3667.074199969267,6275.115097078189,,,U03,existing
P125_34_6,G2,A_aircraft,G2-A_aircraft-03,T009,0.0,1316.0142144169886,T014_1,2453.0599855522764,U04,existing
P125_34_6,G2,A_aircraft,G2-A_aircraft-03,T014_1,3769.074199969265,5464.83230463773,T016,5.000099999999293,U04,existing
P125_34_6,G2,A_aircraft,G2-A_aircraft-03,T016,5469.832404637729,7165.590509306194,,,U04,existing
P125_34_6,G2,B_aircraft,G2-B_aircraft-01,T019_1,5372.702880894794,6891.727225306649,,,NEW-B_aircraft-01,procurement_required
P125_34_6,G2,C_aircraft,G2-C_aircraft-01,T010_2,0.0,1433.035082877992,T018,2641.1582986883504,NEW-C_aircraft-01,procurement_required
P125_34_6,G2,C_aircraft,G2-C_aircraft-01,T018,4074.1933815663424,6761.824258936959,,,NEW-C_aircraft-01,procurement_required
P125_34_6,G2,A_batteries,G2-A_batteries-01,T007_HARD,0.0,2761.062337358848,T014_1,1008.0118626104172,A03,existing
P125_34_6,G2,A_batteries,G2-A_batteries-01,T014_1,3769.074199969265,6580.0266291174285,,,A03,existing
P125_34_6,G2,A_batteries,G2-A_batteries-02,T007_SOFT,0.0,2779.9496716386757,T016,2689.8827329990536,A04,existing
P125_34_6,G2,A_batteries,G2-A_batteries-02,T016,5469.832404637729,8301.566821462397,,,A04,existing
P125_34_6,G2,A_batteries,G2-A_batteries-03,T009,0.0,2207.8690163260853,T007,1459.2051836431815,A05,existing
P125_34_6,G2,A_batteries,G2-A_batteries-03,T007,3667.074199969267,7728.37856016178,,,A05,existing
P125_34_6,G2,A_batteries,G2-A_batteries-04,T020,3687.0741999692646,6897.284697633159,,,A06,existing
P125_34_6,G2,B_batteries,G2-B_batteries-01,T019_1,5372.702880894794,8356.40930924514,,,NEW-B_batteries-01,procurement_required
P125_34_6,G2,C_batteries,G2-C_batteries-01,T010_2,0.0,2880.8082760764496,T018,1193.3851054898928,C04,existing
P125_34_6,G2,C_batteries,G2-C_batteries-01,T018,4074.1933815663424,9324.985226007513,,,C04,existing
P125_34_6,G2,relay_aircraft,G2-relay_aircraft-01,R001,190.137319029409,1999.297638856333,R002,1907.9138801423414,NEW-relay_aircraft-01,procurement_required
P125_34_6,G2,relay_aircraft,G2-relay_aircraft-01,R002,3907.2115189986744,7516.130043494062,,,NEW-relay_aircraft-01,procurement_required
P125_34_6,G2,relay_components,G2-relay_components-01,R001,190.137319029409,2344.3073253046314,R002,1562.904193694043,RE03,existing
P125_34_6,G2,relay_components,G2-relay_components-01,R002,3907.2115189986744,8084.5472154177,,,RE03,existing
P125_34_6,G3,B_aircraft,G3-B_aircraft-01,T006,3508.596003149672,4698.226288886111,,,NEW-B_aircraft-02,procurement_required
P125_34_6,G3,B_batteries,G3-B_batteries-01,T006,3508.596003149672,5831.667165848992,,,NEW-B_batteries-02,procurement_required
P12_345_6,G1,A_aircraft,G1-A_aircraft-01,T005,0.0,1312.470877312685,T004,691.6407629752048,U01,existing
P12_345_6,G1,A_aircraft,G1-A_aircraft-01,T004,2004.1116402878897,4285.571599124281,T022,5.000100000000202,U01,existing
P12_345_6,G1,A_aircraft,G1-A_aircraft-01,T022,4290.571699124282,5982.106185363231,,,U01,existing
P12_345_6,G1,B_aircraft,G1-B_aircraft-01,T013,3355.5084827157466,5313.549754202741,T021,0.00010000000111176632,U05,existing
P12_345_6,G1,B_aircraft,G1-B_aircraft-01,T021,5313.549854202742,7211.591125689736,,,U05,existing
P12_345_6,G1,C_aircraft,G1-C_aircraft-01,T001,0.0,1561.4261775174655,T012,392.685462770424,U07,existing
P12_345_6,G1,C_aircraft,G1-C_aircraft-01,T012,1954.1116402878895,4069.193281566342,,,U07,existing
P12_345_6,G1,C_aircraft,G1-C_aircraft-02,T003,1438.035182877992,2867.4613603954576,T014_2,287.63159336749413,U08,existing
P12_345_6,G1,C_aircraft,G1-C_aircraft-02,T014_2,3155.0929537629518,5460.277018730793,,,U08,existing
P12_345_6,G1,A_batteries,G1-A_batteries-01,T005,0.0,2178.7887122874713,T022,2111.7829868368103,A01,existing
P12_345_6,G1,A_batteries,G1-A_batteries-01,T022,4290.571699124282,7157.600692042686,,,A01,existing
P12_345_6,G1,A_batteries,G1-A_batteries-02,T004,2004.1116402878897,5653.515220902664,,,A02,existing
P12_345_6,G1,B_batteries,G1-B_batteries-01,T013,3355.5084827157466,7272.795381688331,,,B01,existing
P12_345_6,G1,B_batteries,G1-B_batteries-02,T021,5313.549854202742,9078.773277607346,,,B02,existing
P12_345_6,G1,C_batteries,G1-C_batteries-01,T001,0.0,3150.0928537629516,T014_2,5.000100000000202,C01,existing
P12_345_6,G1,C_batteries,G1-C_batteries-01,T014_2,3155.0929537629518,7966.52367812528,,,C01,existing
P12_345_6,G1,C_batteries,G1-C_batteries-02,T003,1438.035182877992,4385.641813543676,,,C02,existing
P12_345_6,G1,C_batteries,G1-C_batteries-03,T012,1954.1116402878895,6561.858999018011,,,C03,existing
P12_345_6,G1,relay_aircraft,G1-relay_aircraft-01,R003,2004.2977389089663,7744.455885352581,,,R01,existing
P12_345_6,G1,relay_components,G1-relay_components-01,R003,2004.2977389089663,8588.743789022035,,,RE01,existing
P12_345_6,G2,A_aircraft,G2-A_aircraft-01,T007_HARD,0.0,1712.4416357195464,T020,1974.6325642497181,U02,existing
P12_345_6,G2,A_aircraft,G2-A_aircraft-01,T020,3687.0741999692646,5657.284046946083,,,U02,existing
P12_345_6,G2,A_aircraft,G2-A_aircraft-02,T007_SOFT,0.0,1712.4416357195464,T007,1954.6325642497204,U03,existing
P12_345_6,G2,A_aircraft,G2-A_aircraft-02,T007,3667.074199969267,6275.115097078189,,,U03,existing
P12_345_6,G2,A_aircraft,G2-A_aircraft-03,T009,0.0,1316.0142144169886,T014_1,2453.0599855522764,U04,existing
P12_345_6,G2,A_aircraft,G2-A_aircraft-03,T014_1,3769.074199969265,5464.83230463773,T016,5.000099999999293,U04,existing
P12_345_6,G2,A_aircraft,G2-A_aircraft-03,T016,5469.832404637729,7165.590509306194,,,U04,existing
P12_345_6,G2,B_aircraft,G2-B_aircraft-01,T002_2,0.0,1500.9693925601796,T008,5.000099999999975,U06,existing
P12_345_6,G2,B_aircraft,G2-B_aircraft-01,T008,1505.9694925601796,3350.508382715747,T019_1,2022.1944981790475,U06,existing
P12_345_6,G2,B_aircraft,G2-B_aircraft-01,T019_1,5372.702880894794,6891.727225306649,,,U06,existing
P12_345_6,G2,B_aircraft,G2-B_aircraft-02,T015,0.0,1554.5713591276817,T011,5.000100000000202,NEW-B_aircraft-01,procurement_required
P12_345_6,G2,B_aircraft,G2-B_aircraft-02,T011,1559.571459127682,3503.5959031496714,,,NEW-B_aircraft-01,procurement_required
P12_345_6,G2,C_aircraft,G2-C_aircraft-01,T010_2,0.0,1433.035082877992,T018,2641.1582986883504,NEW-C_aircraft-01,procurement_required
P12_345_6,G2,C_aircraft,G2-C_aircraft-01,T018,4074.1933815663424,6761.824258936959,,,NEW-C_aircraft-01,procurement_required
P12_345_6,G2,A_batteries,G2-A_batteries-01,T007_HARD,0.0,2761.062337358848,T014_1,1008.0118626104172,A03,existing
P12_345_6,G2,A_batteries,G2-A_batteries-01,T014_1,3769.074199969265,6580.0266291174285,,,A03,existing
P12_345_6,G2,A_batteries,G2-A_batteries-02,T007_SOFT,0.0,2779.9496716386757,T016,2689.8827329990536,A04,existing
P12_345_6,G2,A_batteries,G2-A_batteries-02,T016,5469.832404637729,8301.566821462397,,,A04,existing
P12_345_6,G2,A_batteries,G2-A_batteries-03,T009,0.0,2207.8690163260853,T007,1459.2051836431815,A05,existing
P12_345_6,G2,A_batteries,G2-A_batteries-03,T007,3667.074199969267,7728.37856016178,,,A05,existing
P12_345_6,G2,A_batteries,G2-A_batteries-04,T020,3687.0741999692646,6897.284697633159,,,A06,existing
P12_345_6,G2,B_batteries,G2-B_batteries-01,T002_2,0.0,2956.647180248775,T019_1,2416.0557006460194,B03,existing
P12_345_6,G2,B_batteries,G2-B_batteries-01,T019_1,5372.702880894794,8356.40930924514,,,B03,existing
P12_345_6,G2,B_batteries,G2-B_batteries-02,T015,0.0,3010.3575010505742,,,B04,existing
P12_345_6,G2,B_batteries,G2-B_batteries-03,T008,1505.9694925601796,4939.170345795129,,,NEW-B_batteries-01,procurement_required
P12_345_6,G2,B_batteries,G2-B_batteries-04,T011,1559.571459127682,5367.702780894794,,,NEW-B_batteries-02,procurement_required
P12_345_6,G2,C_batteries,G2-C_batteries-01,T010_2,0.0,2880.8082760764496,T018,1193.3851054898928,C04,existing
P12_345_6,G2,C_batteries,G2-C_batteries-01,T018,4074.1933815663424,9324.985226007513,,,C04,existing
P12_345_6,G2,relay_aircraft,G2-relay_aircraft-01,R004,96.18236555369045,3902.2114189986755,,,R02,existing
P12_345_6,G2,relay_aircraft,G2-relay_aircraft-02,R001,190.137319029409,1999.297638856333,R002,1907.9138801423414,NEW-relay_aircraft-01,procurement_required
P12_345_6,G2,relay_aircraft,G2-relay_aircraft-02,R002,3907.2115189986744,7516.130043494062,,,NEW-relay_aircraft-01,procurement_required
P12_345_6,G2,relay_components,G2-relay_components-01,R004,96.18236555369045,4498.791383917484,,,RE02,existing
P12_345_6,G2,relay_components,G2-relay_components-02,R001,190.137319029409,2344.3073253046314,R002,1562.904193694043,RE03,existing
P12_345_6,G2,relay_components,G2-relay_components-02,R002,3907.2115189986744,8084.5472154177,,,RE03,existing
P12_345_6,G3,B_aircraft,G3-B_aircraft-01,T006,3508.596003149672,4698.226288886111,,,NEW-B_aircraft-02,procurement_required
P12_345_6,G3,B_batteries,G3-B_batteries-01,T006,3508.596003149672,5831.667165848992,,,NEW-B_batteries-03,procurement_required
P126_34_5,G1,A_aircraft,G1-A_aircraft-01,T005,0.0,1312.470877312685,T004,691.6407629752048,U01,existing
P126_34_5,G1,A_aircraft,G1-A_aircraft-01,T004,2004.1116402878897,4285.571599124281,T022,5.000100000000202,U01,existing
P126_34_5,G1,A_aircraft,G1-A_aircraft-01,T022,4290.571699124282,5982.106185363231,,,U01,existing
P126_34_5,G1,B_aircraft,G1-B_aircraft-01,T013,3355.5084827157466,5313.549754202741,,,U05,existing
P126_34_5,G1,B_aircraft,G1-B_aircraft-02,T006,3508.596003149672,4698.226288886111,T021,615.3235653166303,U06,existing
P126_34_5,G1,B_aircraft,G1-B_aircraft-02,T021,5313.549854202742,7211.591125689736,,,U06,existing
P126_34_5,G1,C_aircraft,G1-C_aircraft-01,T001,0.0,1561.4261775174655,T012,392.685462770424,U07,existing
P126_34_5,G1,C_aircraft,G1-C_aircraft-01,T012,1954.1116402878895,4069.193281566342,,,U07,existing
P126_34_5,G1,C_aircraft,G1-C_aircraft-02,T003,1438.035182877992,2867.4613603954576,T014_2,287.63159336749413,U08,existing
P126_34_5,G1,C_aircraft,G1-C_aircraft-02,T014_2,3155.0929537629518,5460.277018730793,,,U08,existing
P126_34_5,G1,A_batteries,G1-A_batteries-01,T005,0.0,2178.7887122874713,T022,2111.7829868368103,A01,existing
P126_34_5,G1,A_batteries,G1-A_batteries-01,T022,4290.571699124282,7157.600692042686,,,A01,existing
P126_34_5,G1,A_batteries,G1-A_batteries-02,T004,2004.1116402878897,5653.515220902664,,,A02,existing
P126_34_5,G1,B_batteries,G1-B_batteries-01,T013,3355.5084827157466,7272.795381688331,,,B01,existing
P126_34_5,G1,B_batteries,G1-B_batteries-02,T006,3508.596003149672,5831.667165848992,,,B02,existing
P126_34_5,G1,B_batteries,G1-B_batteries-03,T021,5313.549854202742,9078.773277607346,,,B03,existing
P126_34_5,G1,C_batteries,G1-C_batteries-01,T001,0.0,3150.0928537629516,T014_2,5.000100000000202,C01,existing
P126_34_5,G1,C_batteries,G1-C_batteries-01,T014_2,3155.0929537629518,7966.52367812528,,,C01,existing
P126_34_5,G1,C_batteries,G1-C_batteries-02,T003,1438.035182877992,4385.641813543676,,,C02,existing
P126_34_5,G1,C_batteries,G1-C_batteries-03,T012,1954.1116402878895,6561.858999018011,,,C03,existing
P126_34_5,G1,relay_aircraft,G1-relay_aircraft-01,R003,2004.2977389089663,7744.455885352581,,,R01,existing
P126_34_5,G1,relay_components,G1-relay_components-01,R003,2004.2977389089663,8588.743789022035,,,RE01,existing
P126_34_5,G2,A_aircraft,G2-A_aircraft-01,T007_HARD,0.0,1712.4416357195464,T020,1974.6325642497181,U02,existing
P126_34_5,G2,A_aircraft,G2-A_aircraft-01,T020,3687.0741999692646,5657.284046946083,,,U02,existing
P126_34_5,G2,A_aircraft,G2-A_aircraft-02,T007_SOFT,0.0,1712.4416357195464,T007,1954.6325642497204,U03,existing
P126_34_5,G2,A_aircraft,G2-A_aircraft-02,T007,3667.074199969267,6275.115097078189,,,U03,existing
P126_34_5,G2,A_aircraft,G2-A_aircraft-03,T009,0.0,1316.0142144169886,T014_1,2453.0599855522764,U04,existing
P126_34_5,G2,A_aircraft,G2-A_aircraft-03,T014_1,3769.074199969265,5464.83230463773,T016,5.000099999999293,U04,existing
P126_34_5,G2,A_aircraft,G2-A_aircraft-03,T016,5469.832404637729,7165.590509306194,,,U04,existing
P126_34_5,G2,B_aircraft,G2-B_aircraft-01,T019_1,5372.702880894794,6891.727225306649,,,NEW-B_aircraft-01,procurement_required
P126_34_5,G2,C_aircraft,G2-C_aircraft-01,T010_2,0.0,1433.035082877992,T018,2641.1582986883504,NEW-C_aircraft-01,procurement_required
P126_34_5,G2,C_aircraft,G2-C_aircraft-01,T018,4074.1933815663424,6761.824258936959,,,NEW-C_aircraft-01,procurement_required
P126_34_5,G2,A_batteries,G2-A_batteries-01,T007_HARD,0.0,2761.062337358848,T014_1,1008.0118626104172,A03,existing
P126_34_5,G2,A_batteries,G2-A_batteries-01,T014_1,3769.074199969265,6580.0266291174285,,,A03,existing
P126_34_5,G2,A_batteries,G2-A_batteries-02,T007_SOFT,0.0,2779.9496716386757,T016,2689.8827329990536,A04,existing
P126_34_5,G2,A_batteries,G2-A_batteries-02,T016,5469.832404637729,8301.566821462397,,,A04,existing
P126_34_5,G2,A_batteries,G2-A_batteries-03,T009,0.0,2207.8690163260853,T007,1459.2051836431815,A05,existing
P126_34_5,G2,A_batteries,G2-A_batteries-03,T007,3667.074199969267,7728.37856016178,,,A05,existing
P126_34_5,G2,A_batteries,G2-A_batteries-04,T020,3687.0741999692646,6897.284697633159,,,A06,existing
P126_34_5,G2,B_batteries,G2-B_batteries-01,T019_1,5372.702880894794,8356.40930924514,,,B04,existing
P126_34_5,G2,C_batteries,G2-C_batteries-01,T010_2,0.0,2880.8082760764496,T018,1193.3851054898928,C04,existing
P126_34_5,G2,C_batteries,G2-C_batteries-01,T018,4074.1933815663424,9324.985226007513,,,C04,existing
P126_34_5,G2,relay_aircraft,G2-relay_aircraft-01,R001,190.137319029409,1999.297638856333,R002,1907.9138801423414,R02,existing
P126_34_5,G2,relay_aircraft,G2-relay_aircraft-01,R002,3907.2115189986744,7516.130043494062,,,R02,existing
P126_34_5,G2,relay_components,G2-relay_components-01,R001,190.137319029409,2344.3073253046314,R002,1562.904193694043,RE02,existing
P126_34_5,G2,relay_components,G2-relay_components-01,R002,3907.2115189986744,8084.5472154177,,,RE02,existing
P126_34_5,G3,B_aircraft,G3-B_aircraft-01,T002_2,0.0,1500.9693925601796,T008,5.000099999999975,NEW-B_aircraft-02,procurement_required
P126_34_5,G3,B_aircraft,G3-B_aircraft-01,T008,1505.9694925601796,3350.508382715747,,,NEW-B_aircraft-02,procurement_required
P126_34_5,G3,B_aircraft,G3-B_aircraft-02,T015,0.0,1554.5713591276817,T011,5.000100000000202,NEW-B_aircraft-03,procurement_required
P126_34_5,G3,B_aircraft,G3-B_aircraft-02,T011,1559.571459127682,3503.5959031496714,,,NEW-B_aircraft-03,procurement_required
P126_34_5,G3,B_batteries,G3-B_batteries-01,T002_2,0.0,2956.647180248775,,,NEW-B_batteries-01,procurement_required
P126_34_5,G3,B_batteries,G3-B_batteries-02,T015,0.0,3010.3575010505742,,,NEW-B_batteries-02,procurement_required
P126_34_5,G3,B_batteries,G3-B_batteries-03,T008,1505.9694925601796,4939.170345795129,,,NEW-B_batteries-03,procurement_required
P126_34_5,G3,B_batteries,G3-B_batteries-04,T011,1559.571459127682,5367.702780894794,,,NEW-B_batteries-04,procurement_required
P126_34_5,G3,relay_aircraft,G3-relay_aircraft-01,R004,96.18236555369045,3902.2114189986755,,,NEW-relay_aircraft-01,procurement_required
P126_34_5,G3,relay_components,G3-relay_components-01,R004,96.18236555369045,4498.791383917484,,,RE03,existing
P12_346_5,G1,A_aircraft,G1-A_aircraft-01,T005,0.0,1312.470877312685,T004,691.6407629752048,U01,existing
P12_346_5,G1,A_aircraft,G1-A_aircraft-01,T004,2004.1116402878897,4285.571599124281,T022,5.000100000000202,U01,existing
P12_346_5,G1,A_aircraft,G1-A_aircraft-01,T022,4290.571699124282,5982.106185363231,,,U01,existing
P12_346_5,G1,B_aircraft,G1-B_aircraft-01,T013,3355.5084827157466,5313.549754202741,T021,0.00010000000111176632,U05,existing
P12_346_5,G1,B_aircraft,G1-B_aircraft-01,T021,5313.549854202742,7211.591125689736,,,U05,existing
P12_346_5,G1,C_aircraft,G1-C_aircraft-01,T001,0.0,1561.4261775174655,T012,392.685462770424,U07,existing
P12_346_5,G1,C_aircraft,G1-C_aircraft-01,T012,1954.1116402878895,4069.193281566342,,,U07,existing
P12_346_5,G1,C_aircraft,G1-C_aircraft-02,T003,1438.035182877992,2867.4613603954576,T014_2,287.63159336749413,U08,existing
P12_346_5,G1,C_aircraft,G1-C_aircraft-02,T014_2,3155.0929537629518,5460.277018730793,,,U08,existing
P12_346_5,G1,A_batteries,G1-A_batteries-01,T005,0.0,2178.7887122874713,T022,2111.7829868368103,A01,existing
P12_346_5,G1,A_batteries,G1-A_batteries-01,T022,4290.571699124282,7157.600692042686,,,A01,existing
P12_346_5,G1,A_batteries,G1-A_batteries-02,T004,2004.1116402878897,5653.515220902664,,,A02,existing
P12_346_5,G1,B_batteries,G1-B_batteries-01,T013,3355.5084827157466,7272.795381688331,,,B01,existing
P12_346_5,G1,B_batteries,G1-B_batteries-02,T021,5313.549854202742,9078.773277607346,,,B02,existing
P12_346_5,G1,C_batteries,G1-C_batteries-01,T001,0.0,3150.0928537629516,T014_2,5.000100000000202,C01,existing
P12_346_5,G1,C_batteries,G1-C_batteries-01,T014_2,3155.0929537629518,7966.52367812528,,,C01,existing
P12_346_5,G1,C_batteries,G1-C_batteries-02,T003,1438.035182877992,4385.641813543676,,,C02,existing
P12_346_5,G1,C_batteries,G1-C_batteries-03,T012,1954.1116402878895,6561.858999018011,,,C03,existing
P12_346_5,G1,relay_aircraft,G1-relay_aircraft-01,R003,2004.2977389089663,7744.455885352581,,,R01,existing
P12_346_5,G1,relay_components,G1-relay_components-01,R003,2004.2977389089663,8588.743789022035,,,RE01,existing
P12_346_5,G2,A_aircraft,G2-A_aircraft-01,T007_HARD,0.0,1712.4416357195464,T020,1974.6325642497181,U02,existing
P12_346_5,G2,A_aircraft,G2-A_aircraft-01,T020,3687.0741999692646,5657.284046946083,,,U02,existing
P12_346_5,G2,A_aircraft,G2-A_aircraft-02,T007_SOFT,0.0,1712.4416357195464,T007,1954.6325642497204,U03,existing
P12_346_5,G2,A_aircraft,G2-A_aircraft-02,T007,3667.074199969267,6275.115097078189,,,U03,existing
P12_346_5,G2,A_aircraft,G2-A_aircraft-03,T009,0.0,1316.0142144169886,T014_1,2453.0599855522764,U04,existing
P12_346_5,G2,A_aircraft,G2-A_aircraft-03,T014_1,3769.074199969265,5464.83230463773,T016,5.000099999999293,U04,existing
P12_346_5,G2,A_aircraft,G2-A_aircraft-03,T016,5469.832404637729,7165.590509306194,,,U04,existing
P12_346_5,G2,B_aircraft,G2-B_aircraft-01,T006,3508.596003149672,4698.226288886111,T019_1,674.4765920086829,U06,existing
P12_346_5,G2,B_aircraft,G2-B_aircraft-01,T019_1,5372.702880894794,6891.727225306649,,,U06,existing
P12_346_5,G2,C_aircraft,G2-C_aircraft-01,T010_2,0.0,1433.035082877992,T018,2641.1582986883504,NEW-C_aircraft-01,procurement_required
P12_346_5,G2,C_aircraft,G2-C_aircraft-01,T018,4074.1933815663424,6761.824258936959,,,NEW-C_aircraft-01,procurement_required
P12_346_5,G2,A_batteries,G2-A_batteries-01,T007_HARD,0.0,2761.062337358848,T014_1,1008.0118626104172,A03,existing
P12_346_5,G2,A_batteries,G2-A_batteries-01,T014_1,3769.074199969265,6580.0266291174285,,,A03,existing
P12_346_5,G2,A_batteries,G2-A_batteries-02,T007_SOFT,0.0,2779.9496716386757,T016,2689.8827329990536,A04,existing
P12_346_5,G2,A_batteries,G2-A_batteries-02,T016,5469.832404637729,8301.566821462397,,,A04,existing
P12_346_5,G2,A_batteries,G2-A_batteries-03,T009,0.0,2207.8690163260853,T007,1459.2051836431815,A05,existing
P12_346_5,G2,A_batteries,G2-A_batteries-03,T007,3667.074199969267,7728.37856016178,,,A05,existing
P12_346_5,G2,A_batteries,G2-A_batteries-04,T020,3687.0741999692646,6897.284697633159,,,A06,existing
P12_346_5,G2,B_batteries,G2-B_batteries-01,T006,3508.596003149672,5831.667165848992,,,B03,existing
P12_346_5,G2,B_batteries,G2-B_batteries-02,T019_1,5372.702880894794,8356.40930924514,,,B04,existing
P12_346_5,G2,C_batteries,G2-C_batteries-01,T010_2,0.0,2880.8082760764496,T018,1193.3851054898928,C04,existing
P12_346_5,G2,C_batteries,G2-C_batteries-01,T018,4074.1933815663424,9324.985226007513,,,C04,existing
P12_346_5,G2,relay_aircraft,G2-relay_aircraft-01,R001,190.137319029409,1999.297638856333,R002,1907.9138801423414,R02,existing
P12_346_5,G2,relay_aircraft,G2-relay_aircraft-01,R002,3907.2115189986744,7516.130043494062,,,R02,existing
P12_346_5,G2,relay_components,G2-relay_components-01,R001,190.137319029409,2344.3073253046314,R002,1562.904193694043,RE02,existing
P12_346_5,G2,relay_components,G2-relay_components-01,R002,3907.2115189986744,8084.5472154177,,,RE02,existing
P12_346_5,G3,B_aircraft,G3-B_aircraft-01,T002_2,0.0,1500.9693925601796,T008,5.000099999999975,NEW-B_aircraft-01,procurement_required
P12_346_5,G3,B_aircraft,G3-B_aircraft-01,T008,1505.9694925601796,3350.508382715747,,,NEW-B_aircraft-01,procurement_required
P12_346_5,G3,B_aircraft,G3-B_aircraft-02,T015,0.0,1554.5713591276817,T011,5.000100000000202,NEW-B_aircraft-02,procurement_required
P12_346_5,G3,B_aircraft,G3-B_aircraft-02,T011,1559.571459127682,3503.5959031496714,,,NEW-B_aircraft-02,procurement_required
P12_346_5,G3,B_batteries,G3-B_batteries-01,T002_2,0.0,2956.647180248775,,,NEW-B_batteries-01,procurement_required
P12_346_5,G3,B_batteries,G3-B_batteries-02,T015,0.0,3010.3575010505742,,,NEW-B_batteries-02,procurement_required
P12_346_5,G3,B_batteries,G3-B_batteries-03,T008,1505.9694925601796,4939.170345795129,,,NEW-B_batteries-03,procurement_required
P12_346_5,G3,B_batteries,G3-B_batteries-04,T011,1559.571459127682,5367.702780894794,,,NEW-B_batteries-04,procurement_required
P12_346_5,G3,relay_aircraft,G3-relay_aircraft-01,R004,96.18236555369045,3902.2114189986755,,,NEW-relay_aircraft-01,procurement_required
P12_346_5,G3,relay_components,G3-relay_components-01,R004,96.18236555369045,4498.791383917484,,,RE03,existing
P12_34_56,G1,A_aircraft,G1-A_aircraft-01,T005,0.0,1312.470877312685,T004,691.6407629752048,U01,existing
P12_34_56,G1,A_aircraft,G1-A_aircraft-01,T004,2004.1116402878897,4285.571599124281,T022,5.000100000000202,U01,existing
P12_34_56,G1,A_aircraft,G1-A_aircraft-01,T022,4290.571699124282,5982.106185363231,,,U01,existing
P12_34_56,G1,B_aircraft,G1-B_aircraft-01,T013,3355.5084827157466,5313.549754202741,T021,0.00010000000111176632,U05,existing
P12_34_56,G1,B_aircraft,G1-B_aircraft-01,T021,5313.549854202742,7211.591125689736,,,U05,existing
P12_34_56,G1,C_aircraft,G1-C_aircraft-01,T001,0.0,1561.4261775174655,T012,392.685462770424,U07,existing
P12_34_56,G1,C_aircraft,G1-C_aircraft-01,T012,1954.1116402878895,4069.193281566342,,,U07,existing
P12_34_56,G1,C_aircraft,G1-C_aircraft-02,T003,1438.035182877992,2867.4613603954576,T014_2,287.63159336749413,U08,existing
P12_34_56,G1,C_aircraft,G1-C_aircraft-02,T014_2,3155.0929537629518,5460.277018730793,,,U08,existing
P12_34_56,G1,A_batteries,G1-A_batteries-01,T005,0.0,2178.7887122874713,T022,2111.7829868368103,A01,existing
P12_34_56,G1,A_batteries,G1-A_batteries-01,T022,4290.571699124282,7157.600692042686,,,A01,existing
P12_34_56,G1,A_batteries,G1-A_batteries-02,T004,2004.1116402878897,5653.515220902664,,,A02,existing
P12_34_56,G1,B_batteries,G1-B_batteries-01,T013,3355.5084827157466,7272.795381688331,,,B01,existing
P12_34_56,G1,B_batteries,G1-B_batteries-02,T021,5313.549854202742,9078.773277607346,,,B02,existing
P12_34_56,G1,C_batteries,G1-C_batteries-01,T001,0.0,3150.0928537629516,T014_2,5.000100000000202,C01,existing
P12_34_56,G1,C_batteries,G1-C_batteries-01,T014_2,3155.0929537629518,7966.52367812528,,,C01,existing
P12_34_56,G1,C_batteries,G1-C_batteries-02,T003,1438.035182877992,4385.641813543676,,,C02,existing
P12_34_56,G1,C_batteries,G1-C_batteries-03,T012,1954.1116402878895,6561.858999018011,,,C03,existing
P12_34_56,G1,relay_aircraft,G1-relay_aircraft-01,R003,2004.2977389089663,7744.455885352581,,,R01,existing
P12_34_56,G1,relay_components,G1-relay_components-01,R003,2004.2977389089663,8588.743789022035,,,RE01,existing
P12_34_56,G2,A_aircraft,G2-A_aircraft-01,T007_HARD,0.0,1712.4416357195464,T020,1974.6325642497181,U02,existing
P12_34_56,G2,A_aircraft,G2-A_aircraft-01,T020,3687.0741999692646,5657.284046946083,,,U02,existing
P12_34_56,G2,A_aircraft,G2-A_aircraft-02,T007_SOFT,0.0,1712.4416357195464,T007,1954.6325642497204,U03,existing
P12_34_56,G2,A_aircraft,G2-A_aircraft-02,T007,3667.074199969267,6275.115097078189,,,U03,existing
P12_34_56,G2,A_aircraft,G2-A_aircraft-03,T009,0.0,1316.0142144169886,T014_1,2453.0599855522764,U04,existing
P12_34_56,G2,A_aircraft,G2-A_aircraft-03,T014_1,3769.074199969265,5464.83230463773,T016,5.000099999999293,U04,existing
P12_34_56,G2,A_aircraft,G2-A_aircraft-03,T016,5469.832404637729,7165.590509306194,,,U04,existing
P12_34_56,G2,B_aircraft,G2-B_aircraft-01,T019_1,5372.702880894794,6891.727225306649,,,U06,existing
P12_34_56,G2,C_aircraft,G2-C_aircraft-01,T010_2,0.0,1433.035082877992,T018,2641.1582986883504,NEW-C_aircraft-01,procurement_required
P12_34_56,G2,C_aircraft,G2-C_aircraft-01,T018,4074.1933815663424,6761.824258936959,,,NEW-C_aircraft-01,procurement_required
P12_34_56,G2,A_batteries,G2-A_batteries-01,T007_HARD,0.0,2761.062337358848,T014_1,1008.0118626104172,A03,existing
P12_34_56,G2,A_batteries,G2-A_batteries-01,T014_1,3769.074199969265,6580.0266291174285,,,A03,existing
P12_34_56,G2,A_batteries,G2-A_batteries-02,T007_SOFT,0.0,2779.9496716386757,T016,2689.8827329990536,A04,existing
P12_34_56,G2,A_batteries,G2-A_batteries-02,T016,5469.832404637729,8301.566821462397,,,A04,existing
P12_34_56,G2,A_batteries,G2-A_batteries-03,T009,0.0,2207.8690163260853,T007,1459.2051836431815,A05,existing
P12_34_56,G2,A_batteries,G2-A_batteries-03,T007,3667.074199969267,7728.37856016178,,,A05,existing
P12_34_56,G2,A_batteries,G2-A_batteries-04,T020,3687.0741999692646,6897.284697633159,,,A06,existing
P12_34_56,G2,B_batteries,G2-B_batteries-01,T019_1,5372.702880894794,8356.40930924514,,,B03,existing
P12_34_56,G2,C_batteries,G2-C_batteries-01,T010_2,0.0,2880.8082760764496,T018,1193.3851054898928,C04,existing
P12_34_56,G2,C_batteries,G2-C_batteries-01,T018,4074.1933815663424,9324.985226007513,,,C04,existing
P12_34_56,G2,relay_aircraft,G2-relay_aircraft-01,R001,190.137319029409,1999.297638856333,R002,1907.9138801423414,R02,existing
P12_34_56,G2,relay_aircraft,G2-relay_aircraft-01,R002,3907.2115189986744,7516.130043494062,,,R02,existing
P12_34_56,G2,relay_components,G2-relay_components-01,R001,190.137319029409,2344.3073253046314,R002,1562.904193694043,RE02,existing
P12_34_56,G2,relay_components,G2-relay_components-01,R002,3907.2115189986744,8084.5472154177,,,RE02,existing
P12_34_56,G3,B_aircraft,G3-B_aircraft-01,T002_2,0.0,1500.9693925601796,T008,5.000099999999975,NEW-B_aircraft-01,procurement_required
P12_34_56,G3,B_aircraft,G3-B_aircraft-01,T008,1505.9694925601796,3350.508382715747,T006,158.08762043392517,NEW-B_aircraft-01,procurement_required
P12_34_56,G3,B_aircraft,G3-B_aircraft-01,T006,3508.596003149672,4698.226288886111,,,NEW-B_aircraft-01,procurement_required
P12_34_56,G3,B_aircraft,G3-B_aircraft-02,T015,0.0,1554.5713591276817,T011,5.000100000000202,NEW-B_aircraft-02,procurement_required
P12_34_56,G3,B_aircraft,G3-B_aircraft-02,T011,1559.571459127682,3503.5959031496714,,,NEW-B_aircraft-02,procurement_required
P12_34_56,G3,B_batteries,G3-B_batteries-01,T002_2,0.0,2956.647180248775,T006,551.9488229008971,B04,existing
P12_34_56,G3,B_batteries,G3-B_batteries-01,T006,3508.596003149672,5831.667165848992,,,B04,existing
P12_34_56,G3,B_batteries,G3-B_batteries-02,T015,0.0,3010.3575010505742,,,NEW-B_batteries-01,procurement_required
P12_34_56,G3,B_batteries,G3-B_batteries-03,T008,1505.9694925601796,4939.170345795129,,,NEW-B_batteries-02,procurement_required
P12_34_56,G3,B_batteries,G3-B_batteries-04,T011,1559.571459127682,5367.702780894794,,,NEW-B_batteries-03,procurement_required
P12_34_56,G3,relay_aircraft,G3-relay_aircraft-01,R004,96.18236555369045,3902.2114189986755,,,NEW-relay_aircraft-01,procurement_required
P12_34_56,G3,relay_components,G3-relay_components-01,R004,96.18236555369045,4498.791383917484,,,RE03,existing
P1256_3_4,G1,A_aircraft,G1-A_aircraft-01,T005,0.0,1312.470877312685,T004,691.6407629752048,U01,existing
P1256_3_4,G1,A_aircraft,G1-A_aircraft-01,T004,2004.1116402878897,4285.571599124281,T022,5.000100000000202,U01,existing
P1256_3_4,G1,A_aircraft,G1-A_aircraft-01,T022,4290.571699124282,5982.106185363231,,,U01,existing
P1256_3_4,G1,B_aircraft,G1-B_aircraft-01,T002_2,0.0,1500.9693925601796,T008,5.000099999999975,U05,existing
P1256_3_4,G1,B_aircraft,G1-B_aircraft-01,T008,1505.9694925601796,3350.508382715747,T013,5.0000999999997475,U05,existing
P1256_3_4,G1,B_aircraft,G1-B_aircraft-01,T013,3355.5084827157466,5313.549754202741,,,U05,existing
P1256_3_4,G1,B_aircraft,G1-B_aircraft-02,T015,0.0,1554.5713591276817,T011,5.000100000000202,U06,existing
P1256_3_4,G1,B_aircraft,G1-B_aircraft-02,T011,1559.571459127682,3503.5959031496714,T006,5.000100000000657,U06,existing
P1256_3_4,G1,B_aircraft,G1-B_aircraft-02,T006,3508.596003149672,4698.226288886111,T021,615.3235653166303,U06,existing
P1256_3_4,G1,B_aircraft,G1-B_aircraft-02,T021,5313.549854202742,7211.591125689736,,,U06,existing
P1256_3_4,G1,C_aircraft,G1-C_aircraft-01,T001,0.0,1561.4261775174655,T012,392.685462770424,U07,existing
P1256_3_4,G1,C_aircraft,G1-C_aircraft-01,T012,1954.1116402878895,4069.193281566342,,,U07,existing
P1256_3_4,G1,C_aircraft,G1-C_aircraft-02,T003,1438.035182877992,2867.4613603954576,T014_2,287.63159336749413,U08,existing
P1256_3_4,G1,C_aircraft,G1-C_aircraft-02,T014_2,3155.0929537629518,5460.277018730793,,,U08,existing
P1256_3_4,G1,A_batteries,G1-A_batteries-01,T005,0.0,2178.7887122874713,T022,2111.7829868368103,A01,existing
P1256_3_4,G1,A_batteries,G1-A_batteries-01,T022,4290.571699124282,7157.600692042686,,,A01,existing
P1256_3_4,G1,A_batteries,G1-A_batteries-02,T004,2004.1116402878897,5653.515220902664,,,A02,existing
P1256_3_4,G1,B_batteries,G1-B_batteries-01,T002_2,0.0,2956.647180248775,T013,398.86130246697167,B01,existing
P1256_3_4,G1,B_batteries,G1-B_batteries-01,T013,3355.5084827157466,7272.795381688331,,,B01,existing
P1256_3_4,G1,B_batteries,G1-B_batteries-02,T015,0.0,3010.3575010505742,T006,498.2385020990978,B02,existing
P1256_3_4,G1,B_batteries,G1-B_batteries-02,T006,3508.596003149672,5831.667165848992,,,B02,existing
P1256_3_4,G1,B_batteries,G1-B_batteries-03,T008,1505.9694925601796,4939.170345795129,T021,374.3795084076128,B03,existing
P1256_3_4,G1,B_batteries,G1-B_batteries-03,T021,5313.549854202742,9078.773277607346,,,B03,existing
P1256_3_4,G1,B_batteries,G1-B_batteries-04,T011,1559.571459127682,5367.702780894794,,,B04,existing
P1256_3_4,G1,C_batteries,G1-C_batteries-01,T001,0.0,3150.0928537629516,T014_2,5.000100000000202,C01,existing
P1256_3_4,G1,C_batteries,G1-C_batteries-01,T014_2,3155.0929537629518,7966.52367812528,,,C01,existing
P1256_3_4,G1,C_batteries,G1-C_batteries-02,T003,1438.035182877992,4385.641813543676,,,C02,existing
P1256_3_4,G1,C_batteries,G1-C_batteries-03,T012,1954.1116402878895,6561.858999018011,,,C03,existing
P1256_3_4,G1,relay_aircraft,G1-relay_aircraft-01,R004,96.18236555369045,3902.2114189986755,,,R01,existing
P1256_3_4,G1,relay_aircraft,G1-relay_aircraft-02,R003,2004.2977389089663,7744.455885352581,,,R02,existing
P1256_3_4,G1,relay_components,G1-relay_components-01,R004,96.18236555369045,4498.791383917484,,,RE01,existing
P1256_3_4,G1,relay_components,G1-relay_components-02,R003,2004.2977389089663,8588.743789022035,,,RE02,existing
P1256_3_4,G2,A_aircraft,G2-A_aircraft-01,T007_HARD,0.0,1712.4416357195464,T020,1974.6325642497181,U02,existing
P1256_3_4,G2,A_aircraft,G2-A_aircraft-01,T020,3687.0741999692646,5657.284046946083,,,U02,existing
P1256_3_4,G2,A_aircraft,G2-A_aircraft-02,T007_SOFT,0.0,1712.4416357195464,T007,1954.6325642497204,U03,existing
P1256_3_4,G2,A_aircraft,G2-A_aircraft-02,T007,3667.074199969267,6275.115097078189,,,U03,existing
P1256_3_4,G2,A_aircraft,G2-A_aircraft-03,T014_1,3769.074199969265,5464.83230463773,T016,5.000099999999293,U04,existing
P1256_3_4,G2,A_aircraft,G2-A_aircraft-03,T016,5469.832404637729,7165.590509306194,,,U04,existing
P1256_3_4,G2,B_aircraft,G2-B_aircraft-01,T019_1,5372.702880894794,6891.727225306649,,,NEW-B_aircraft-01,procurement_required
P1256_3_4,G2,C_aircraft,G2-C_aircraft-01,T018,4074.1933815663424,6761.824258936959,,,NEW-C_aircraft-01,procurement_required
P1256_3_4,G2,A_batteries,G2-A_batteries-01,T007_HARD,0.0,2761.062337358848,T014_1,1008.0118626104172,A03,existing
P1256_3_4,G2,A_batteries,G2-A_batteries-01,T014_1,3769.074199969265,6580.0266291174285,,,A03,existing
P1256_3_4,G2,A_batteries,G2-A_batteries-02,T007_SOFT,0.0,2779.9496716386757,T016,2689.8827329990536,A04,existing
P1256_3_4,G2,A_batteries,G2-A_batteries-02,T016,5469.832404637729,8301.566821462397,,,A04,existing
P1256_3_4,G2,A_batteries,G2-A_batteries-03,T007,3667.074199969267,7728.37856016178,,,A05,existing
P1256_3_4,G2,A_batteries,G2-A_batteries-04,T020,3687.0741999692646,6897.284697633159,,,A06,existing
P1256_3_4,G2,B_batteries,G2-B_batteries-01,T019_1,5372.702880894794,8356.40930924514,,,NEW-B_batteries-01,procurement_required
P1256_3_4,G2,C_batteries,G2-C_batteries-01,T018,4074.1933815663424,9324.985226007513,,,C04,existing
P1256_3_4,G2,relay_aircraft,G2-relay_aircraft-01,R001,190.137319029409,1999.297638856333,R002,1907.9138801423414,NEW-relay_aircraft-01,procurement_required
P1256_3_4,G2,relay_aircraft,G2-relay_aircraft-01,R002,3907.2115189986744,7516.130043494062,,,NEW-relay_aircraft-01,procurement_required
P1256_3_4,G2,relay_components,G2-relay_components-01,R001,190.137319029409,2344.3073253046314,R002,1562.904193694043,RE03,existing
P1256_3_4,G2,relay_components,G2-relay_components-01,R002,3907.2115189986744,8084.5472154177,,,RE03,existing
P1256_3_4,G3,A_aircraft,G3-A_aircraft-01,T009,0.0,1316.0142144169886,,,NEW-A_aircraft-01,procurement_required
P1256_3_4,G3,C_aircraft,G3-C_aircraft-01,T010_2,0.0,1433.035082877992,,,NEW-C_aircraft-02,procurement_required
P1256_3_4,G3,A_batteries,G3-A_batteries-01,T009,0.0,2207.8690163260853,,,NEW-A_batteries-01,procurement_required
P1256_3_4,G3,C_batteries,G3-C_batteries-01,T010_2,0.0,2880.8082760764496,,,NEW-C_batteries-01,procurement_required
P125_36_4,G1,A_aircraft,G1-A_aircraft-01,T005,0.0,1312.470877312685,T004,691.6407629752048,U01,existing
P125_36_4,G1,A_aircraft,G1-A_aircraft-01,T004,2004.1116402878897,4285.571599124281,T022,5.000100000000202,U01,existing
P125_36_4,G1,A_aircraft,G1-A_aircraft-01,T022,4290.571699124282,5982.106185363231,,,U01,existing
P125_36_4,G1,B_aircraft,G1-B_aircraft-01,T002_2,0.0,1500.9693925601796,T008,5.000099999999975,U05,existing
P125_36_4,G1,B_aircraft,G1-B_aircraft-01,T008,1505.9694925601796,3350.508382715747,T013,5.0000999999997475,U05,existing
P125_36_4,G1,B_aircraft,G1-B_aircraft-01,T013,3355.5084827157466,5313.549754202741,,,U05,existing
P125_36_4,G1,B_aircraft,G1-B_aircraft-02,T015,0.0,1554.5713591276817,T011,5.000100000000202,U06,existing
P125_36_4,G1,B_aircraft,G1-B_aircraft-02,T011,1559.571459127682,3503.5959031496714,T021,1809.9539510530703,U06,existing
P125_36_4,G1,B_aircraft,G1-B_aircraft-02,T021,5313.549854202742,7211.591125689736,,,U06,existing
P125_36_4,G1,C_aircraft,G1-C_aircraft-01,T001,0.0,1561.4261775174655,T012,392.685462770424,U07,existing
P125_36_4,G1,C_aircraft,G1-C_aircraft-01,T012,1954.1116402878895,4069.193281566342,,,U07,existing
P125_36_4,G1,C_aircraft,G1-C_aircraft-02,T003,1438.035182877992,2867.4613603954576,T014_2,287.63159336749413,U08,existing
P125_36_4,G1,C_aircraft,G1-C_aircraft-02,T014_2,3155.0929537629518,5460.277018730793,,,U08,existing
P125_36_4,G1,A_batteries,G1-A_batteries-01,T005,0.0,2178.7887122874713,T022,2111.7829868368103,A01,existing
P125_36_4,G1,A_batteries,G1-A_batteries-01,T022,4290.571699124282,7157.600692042686,,,A01,existing
P125_36_4,G1,A_batteries,G1-A_batteries-02,T004,2004.1116402878897,5653.515220902664,,,A02,existing
P125_36_4,G1,B_batteries,G1-B_batteries-01,T002_2,0.0,2956.647180248775,T013,398.86130246697167,B01,existing
P125_36_4,G1,B_batteries,G1-B_batteries-01,T013,3355.5084827157466,7272.795381688331,,,B01,existing
P125_36_4,G1,B_batteries,G1-B_batteries-02,T015,0.0,3010.3575010505742,T021,2303.1923531521675,B02,existing
P125_36_4,G1,B_batteries,G1-B_batteries-02,T021,5313.549854202742,9078.773277607346,,,B02,existing
P125_36_4,G1,B_batteries,G1-B_batteries-03,T008,1505.9694925601796,4939.170345795129,,,B03,existing
P125_36_4,G1,B_batteries,G1-B_batteries-04,T011,1559.571459127682,5367.702780894794,,,B04,existing
P125_36_4,G1,C_batteries,G1-C_batteries-01,T001,0.0,3150.0928537629516,T014_2,5.000100000000202,C01,existing
P125_36_4,G1,C_batteries,G1-C_batteries-01,T014_2,3155.0929537629518,7966.52367812528,,,C01,existing
P125_36_4,G1,C_batteries,G1-C_batteries-02,T003,1438.035182877992,4385.641813543676,,,C02,existing
P125_36_4,G1,C_batteries,G1-C_batteries-03,T012,1954.1116402878895,6561.858999018011,,,C03,existing
P125_36_4,G1,relay_aircraft,G1-relay_aircraft-01,R004,96.18236555369045,3902.2114189986755,,,R01,existing
P125_36_4,G1,relay_aircraft,G1-relay_aircraft-02,R003,2004.2977389089663,7744.455885352581,,,R02,existing
P125_36_4,G1,relay_components,G1-relay_components-01,R004,96.18236555369045,4498.791383917484,,,RE01,existing
P125_36_4,G1,relay_components,G1-relay_components-02,R003,2004.2977389089663,8588.743789022035,,,RE02,existing
P125_36_4,G2,A_aircraft,G2-A_aircraft-01,T007_HARD,0.0,1712.4416357195464,T020,1974.6325642497181,U02,existing
P125_36_4,G2,A_aircraft,G2-A_aircraft-01,T020,3687.0741999692646,5657.284046946083,,,U02,existing
P125_36_4,G2,A_aircraft,G2-A_aircraft-02,T007_SOFT,0.0,1712.4416357195464,T007,1954.6325642497204,U03,existing
P125_36_4,G2,A_aircraft,G2-A_aircraft-02,T007,3667.074199969267,6275.115097078189,,,U03,existing
P125_36_4,G2,A_aircraft,G2-A_aircraft-03,T014_1,3769.074199969265,5464.83230463773,T016,5.000099999999293,U04,existing
P125_36_4,G2,A_aircraft,G2-A_aircraft-03,T016,5469.832404637729,7165.590509306194,,,U04,existing
P125_36_4,G2,B_aircraft,G2-B_aircraft-01,T006,3508.596003149672,4698.226288886111,T019_1,674.4765920086829,NEW-B_aircraft-01,procurement_required
P125_36_4,G2,B_aircraft,G2-B_aircraft-01,T019_1,5372.702880894794,6891.727225306649,,,NEW-B_aircraft-01,procurement_required
P125_36_4,G2,C_aircraft,G2-C_aircraft-01,T018,4074.1933815663424,6761.824258936959,,,NEW-C_aircraft-01,procurement_required
P125_36_4,G2,A_batteries,G2-A_batteries-01,T007_HARD,0.0,2761.062337358848,T014_1,1008.0118626104172,A03,existing
P125_36_4,G2,A_batteries,G2-A_batteries-01,T014_1,3769.074199969265,6580.0266291174285,,,A03,existing
P125_36_4,G2,A_batteries,G2-A_batteries-02,T007_SOFT,0.0,2779.9496716386757,T016,2689.8827329990536,A04,existing
P125_36_4,G2,A_batteries,G2-A_batteries-02,T016,5469.832404637729,8301.566821462397,,,A04,existing
P125_36_4,G2,A_batteries,G2-A_batteries-03,T007,3667.074199969267,7728.37856016178,,,A05,existing
P125_36_4,G2,A_batteries,G2-A_batteries-04,T020,3687.0741999692646,6897.284697633159,,,A06,existing
P125_36_4,G2,B_batteries,G2-B_batteries-01,T006,3508.596003149672,5831.667165848992,,,NEW-B_batteries-01,procurement_required
P125_36_4,G2,B_batteries,G2-B_batteries-02,T019_1,5372.702880894794,8356.40930924514,,,NEW-B_batteries-02,procurement_required
P125_36_4,G2,C_batteries,G2-C_batteries-01,T018,4074.1933815663424,9324.985226007513,,,C04,existing
P125_36_4,G2,relay_aircraft,G2-relay_aircraft-01,R001,190.137319029409,1999.297638856333,R002,1907.9138801423414,NEW-relay_aircraft-01,procurement_required
P125_36_4,G2,relay_aircraft,G2-relay_aircraft-01,R002,3907.2115189986744,7516.130043494062,,,NEW-relay_aircraft-01,procurement_required
P125_36_4,G2,relay_components,G2-relay_components-01,R001,190.137319029409,2344.3073253046314,R002,1562.904193694043,RE03,existing
P125_36_4,G2,relay_components,G2-relay_components-01,R002,3907.2115189986744,8084.5472154177,,,RE03,existing
P125_36_4,G3,A_aircraft,G3-A_aircraft-01,T009,0.0,1316.0142144169886,,,NEW-A_aircraft-01,procurement_required
P125_36_4,G3,C_aircraft,G3-C_aircraft-01,T010_2,0.0,1433.035082877992,,,NEW-C_aircraft-02,procurement_required
P125_36_4,G3,A_batteries,G3-A_batteries-01,T009,0.0,2207.8690163260853,,,NEW-A_batteries-01,procurement_required
P125_36_4,G3,C_batteries,G3-C_batteries-01,T010_2,0.0,2880.8082760764496,,,NEW-C_batteries-01,procurement_required
P125_3_46,G1,A_aircraft,G1-A_aircraft-01,T005,0.0,1312.470877312685,T004,691.6407629752048,U01,existing
P125_3_46,G1,A_aircraft,G1-A_aircraft-01,T004,2004.1116402878897,4285.571599124281,T022,5.000100000000202,U01,existing
P125_3_46,G1,A_aircraft,G1-A_aircraft-01,T022,4290.571699124282,5982.106185363231,,,U01,existing
P125_3_46,G1,B_aircraft,G1-B_aircraft-01,T002_2,0.0,1500.9693925601796,T008,5.000099999999975,U05,existing
P125_3_46,G1,B_aircraft,G1-B_aircraft-01,T008,1505.9694925601796,3350.508382715747,T013,5.0000999999997475,U05,existing
P125_3_46,G1,B_aircraft,G1-B_aircraft-01,T013,3355.5084827157466,5313.549754202741,,,U05,existing
P125_3_46,G1,B_aircraft,G1-B_aircraft-02,T015,0.0,1554.5713591276817,T011,5.000100000000202,U06,existing
P125_3_46,G1,B_aircraft,G1-B_aircraft-02,T011,1559.571459127682,3503.5959031496714,T021,1809.9539510530703,U06,existing
P125_3_46,G1,B_aircraft,G1-B_aircraft-02,T021,5313.549854202742,7211.591125689736,,,U06,existing
P125_3_46,G1,C_aircraft,G1-C_aircraft-01,T001,0.0,1561.4261775174655,T012,392.685462770424,U07,existing
P125_3_46,G1,C_aircraft,G1-C_aircraft-01,T012,1954.1116402878895,4069.193281566342,,,U07,existing
P125_3_46,G1,C_aircraft,G1-C_aircraft-02,T003,1438.035182877992,2867.4613603954576,T014_2,287.63159336749413,U08,existing
P125_3_46,G1,C_aircraft,G1-C_aircraft-02,T014_2,3155.0929537629518,5460.277018730793,,,U08,existing
P125_3_46,G1,A_batteries,G1-A_batteries-01,T005,0.0,2178.7887122874713,T022,2111.7829868368103,A01,existing
P125_3_46,G1,A_batteries,G1-A_batteries-01,T022,4290.571699124282,7157.600692042686,,,A01,existing
P125_3_46,G1,A_batteries,G1-A_batteries-02,T004,2004.1116402878897,5653.515220902664,,,A02,existing
P125_3_46,G1,B_batteries,G1-B_batteries-01,T002_2,0.0,2956.647180248775,T013,398.86130246697167,B01,existing
P125_3_46,G1,B_batteries,G1-B_batteries-01,T013,3355.5084827157466,7272.795381688331,,,B01,existing
P125_3_46,G1,B_batteries,G1-B_batteries-02,T015,0.0,3010.3575010505742,T021,2303.1923531521675,B02,existing
P125_3_46,G1,B_batteries,G1-B_batteries-02,T021,5313.549854202742,9078.773277607346,,,B02,existing
P125_3_46,G1,B_batteries,G1-B_batteries-03,T008,1505.9694925601796,4939.170345795129,,,B03,existing
P125_3_46,G1,B_batteries,G1-B_batteries-04,T011,1559.571459127682,5367.702780894794,,,B04,existing
P125_3_46,G1,C_batteries,G1-C_batteries-01,T001,0.0,3150.0928537629516,T014_2,5.000100000000202,C01,existing
P125_3_46,G1,C_batteries,G1-C_batteries-01,T014_2,3155.0929537629518,7966.52367812528,,,C01,existing
P125_3_46,G1,C_batteries,G1-C_batteries-02,T003,1438.035182877992,4385.641813543676,,,C02,existing
P125_3_46,G1,C_batteries,G1-C_batteries-03,T012,1954.1116402878895,6561.858999018011,,,C03,existing
P125_3_46,G1,relay_aircraft,G1-relay_aircraft-01,R004,96.18236555369045,3902.2114189986755,,,R01,existing
P125_3_46,G1,relay_aircraft,G1-relay_aircraft-02,R003,2004.2977389089663,7744.455885352581,,,R02,existing
P125_3_46,G1,relay_components,G1-relay_components-01,R004,96.18236555369045,4498.791383917484,,,RE01,existing
P125_3_46,G1,relay_components,G1-relay_components-02,R003,2004.2977389089663,8588.743789022035,,,RE02,existing
P125_3_46,G2,A_aircraft,G2-A_aircraft-01,T007_HARD,0.0,1712.4416357195464,T020,1974.6325642497181,U02,existing
P125_3_46,G2,A_aircraft,G2-A_aircraft-01,T020,3687.0741999692646,5657.284046946083,,,U02,existing
P125_3_46,G2,A_aircraft,G2-A_aircraft-02,T007_SOFT,0.0,1712.4416357195464,T007,1954.6325642497204,U03,existing
P125_3_46,G2,A_aircraft,G2-A_aircraft-02,T007,3667.074199969267,6275.115097078189,,,U03,existing
P125_3_46,G2,A_aircraft,G2-A_aircraft-03,T014_1,3769.074199969265,5464.83230463773,T016,5.000099999999293,U04,existing
P125_3_46,G2,A_aircraft,G2-A_aircraft-03,T016,5469.832404637729,7165.590509306194,,,U04,existing
P125_3_46,G2,B_aircraft,G2-B_aircraft-01,T019_1,5372.702880894794,6891.727225306649,,,NEW-B_aircraft-01,procurement_required
P125_3_46,G2,C_aircraft,G2-C_aircraft-01,T018,4074.1933815663424,6761.824258936959,,,NEW-C_aircraft-01,procurement_required
P125_3_46,G2,A_batteries,G2-A_batteries-01,T007_HARD,0.0,2761.062337358848,T014_1,1008.0118626104172,A03,existing
P125_3_46,G2,A_batteries,G2-A_batteries-01,T014_1,3769.074199969265,6580.0266291174285,,,A03,existing
P125_3_46,G2,A_batteries,G2-A_batteries-02,T007_SOFT,0.0,2779.9496716386757,T016,2689.8827329990536,A04,existing
P125_3_46,G2,A_batteries,G2-A_batteries-02,T016,5469.832404637729,8301.566821462397,,,A04,existing
P125_3_46,G2,A_batteries,G2-A_batteries-03,T007,3667.074199969267,7728.37856016178,,,A05,existing
P125_3_46,G2,A_batteries,G2-A_batteries-04,T020,3687.0741999692646,6897.284697633159,,,A06,existing
P125_3_46,G2,B_batteries,G2-B_batteries-01,T019_1,5372.702880894794,8356.40930924514,,,NEW-B_batteries-01,procurement_required
P125_3_46,G2,C_batteries,G2-C_batteries-01,T018,4074.1933815663424,9324.985226007513,,,C04,existing
P125_3_46,G2,relay_aircraft,G2-relay_aircraft-01,R001,190.137319029409,1999.297638856333,R002,1907.9138801423414,NEW-relay_aircraft-01,procurement_required
P125_3_46,G2,relay_aircraft,G2-relay_aircraft-01,R002,3907.2115189986744,7516.130043494062,,,NEW-relay_aircraft-01,procurement_required
P125_3_46,G2,relay_components,G2-relay_components-01,R001,190.137319029409,2344.3073253046314,R002,1562.904193694043,RE03,existing
P125_3_46,G2,relay_components,G2-relay_components-01,R002,3907.2115189986744,8084.5472154177,,,RE03,existing
P125_3_46,G3,A_aircraft,G3-A_aircraft-01,T009,0.0,1316.0142144169886,,,NEW-A_aircraft-01,procurement_required
P125_3_46,G3,B_aircraft,G3-B_aircraft-01,T006,3508.596003149672,4698.226288886111,,,NEW-B_aircraft-02,procurement_required
P125_3_46,G3,C_aircraft,G3-C_aircraft-01,T010_2,0.0,1433.035082877992,,,NEW-C_aircraft-02,procurement_required
P125_3_46,G3,A_batteries,G3-A_batteries-01,T009,0.0,2207.8690163260853,,,NEW-A_batteries-01,procurement_required
P125_3_46,G3,B_batteries,G3-B_batteries-01,T006,3508.596003149672,5831.667165848992,,,NEW-B_batteries-02,procurement_required
P125_3_46,G3,C_batteries,G3-C_batteries-01,T010_2,0.0,2880.8082760764496,,,NEW-C_batteries-01,procurement_required
P126_35_4,G1,A_aircraft,G1-A_aircraft-01,T005,0.0,1312.470877312685,T004,691.6407629752048,U01,existing
P126_35_4,G1,A_aircraft,G1-A_aircraft-01,T004,2004.1116402878897,4285.571599124281,T022,5.000100000000202,U01,existing
P126_35_4,G1,A_aircraft,G1-A_aircraft-01,T022,4290.571699124282,5982.106185363231,,,U01,existing
P126_35_4,G1,B_aircraft,G1-B_aircraft-01,T013,3355.5084827157466,5313.549754202741,,,U05,existing
P126_35_4,G1,B_aircraft,G1-B_aircraft-02,T006,3508.596003149672,4698.226288886111,T021,615.3235653166303,U06,existing
P126_35_4,G1,B_aircraft,G1-B_aircraft-02,T021,5313.549854202742,7211.591125689736,,,U06,existing
P126_35_4,G1,C_aircraft,G1-C_aircraft-01,T001,0.0,1561.4261775174655,T012,392.685462770424,U07,existing
P126_35_4,G1,C_aircraft,G1-C_aircraft-01,T012,1954.1116402878895,4069.193281566342,,,U07,existing
P126_35_4,G1,C_aircraft,G1-C_aircraft-02,T003,1438.035182877992,2867.4613603954576,T014_2,287.63159336749413,U08,existing
P126_35_4,G1,C_aircraft,G1-C_aircraft-02,T014_2,3155.0929537629518,5460.277018730793,,,U08,existing
P126_35_4,G1,A_batteries,G1-A_batteries-01,T005,0.0,2178.7887122874713,T022,2111.7829868368103,A01,existing
P126_35_4,G1,A_batteries,G1-A_batteries-01,T022,4290.571699124282,7157.600692042686,,,A01,existing
P126_35_4,G1,A_batteries,G1-A_batteries-02,T004,2004.1116402878897,5653.515220902664,,,A02,existing
P126_35_4,G1,B_batteries,G1-B_batteries-01,T013,3355.5084827157466,7272.795381688331,,,B01,existing
P126_35_4,G1,B_batteries,G1-B_batteries-02,T006,3508.596003149672,5831.667165848992,,,B02,existing
P126_35_4,G1,B_batteries,G1-B_batteries-03,T021,5313.549854202742,9078.773277607346,,,B03,existing
P126_35_4,G1,C_batteries,G1-C_batteries-01,T001,0.0,3150.0928537629516,T014_2,5.000100000000202,C01,existing
P126_35_4,G1,C_batteries,G1-C_batteries-01,T014_2,3155.0929537629518,7966.52367812528,,,C01,existing
P126_35_4,G1,C_batteries,G1-C_batteries-02,T003,1438.035182877992,4385.641813543676,,,C02,existing
P126_35_4,G1,C_batteries,G1-C_batteries-03,T012,1954.1116402878895,6561.858999018011,,,C03,existing
P126_35_4,G1,relay_aircraft,G1-relay_aircraft-01,R003,2004.2977389089663,7744.455885352581,,,R01,existing
P126_35_4,G1,relay_components,G1-relay_components-01,R003,2004.2977389089663,8588.743789022035,,,RE01,existing
P126_35_4,G2,A_aircraft,G2-A_aircraft-01,T007_HARD,0.0,1712.4416357195464,T020,1974.6325642497181,U02,existing
P126_35_4,G2,A_aircraft,G2-A_aircraft-01,T020,3687.0741999692646,5657.284046946083,,,U02,existing
P126_35_4,G2,A_aircraft,G2-A_aircraft-02,T007_SOFT,0.0,1712.4416357195464,T007,1954.6325642497204,U03,existing
P126_35_4,G2,A_aircraft,G2-A_aircraft-02,T007,3667.074199969267,6275.115097078189,,,U03,existing
P126_35_4,G2,A_aircraft,G2-A_aircraft-03,T014_1,3769.074199969265,5464.83230463773,T016,5.000099999999293,U04,existing
P126_35_4,G2,A_aircraft,G2-A_aircraft-03,T016,5469.832404637729,7165.590509306194,,,U04,existing
P126_35_4,G2,B_aircraft,G2-B_aircraft-01,T002_2,0.0,1500.9693925601796,T008,5.000099999999975,NEW-B_aircraft-01,procurement_required
P126_35_4,G2,B_aircraft,G2-B_aircraft-01,T008,1505.9694925601796,3350.508382715747,T019_1,2022.1944981790475,NEW-B_aircraft-01,procurement_required
P126_35_4,G2,B_aircraft,G2-B_aircraft-01,T019_1,5372.702880894794,6891.727225306649,,,NEW-B_aircraft-01,procurement_required
P126_35_4,G2,B_aircraft,G2-B_aircraft-02,T015,0.0,1554.5713591276817,T011,5.000100000000202,NEW-B_aircraft-02,procurement_required
P126_35_4,G2,B_aircraft,G2-B_aircraft-02,T011,1559.571459127682,3503.5959031496714,,,NEW-B_aircraft-02,procurement_required
P126_35_4,G2,C_aircraft,G2-C_aircraft-01,T018,4074.1933815663424,6761.824258936959,,,NEW-C_aircraft-01,procurement_required
P126_35_4,G2,A_batteries,G2-A_batteries-01,T007_HARD,0.0,2761.062337358848,T014_1,1008.0118626104172,A03,existing
P126_35_4,G2,A_batteries,G2-A_batteries-01,T014_1,3769.074199969265,6580.0266291174285,,,A03,existing
P126_35_4,G2,A_batteries,G2-A_batteries-02,T007_SOFT,0.0,2779.9496716386757,T016,2689.8827329990536,A04,existing
P126_35_4,G2,A_batteries,G2-A_batteries-02,T016,5469.832404637729,8301.566821462397,,,A04,existing
P126_35_4,G2,A_batteries,G2-A_batteries-03,T007,3667.074199969267,7728.37856016178,,,A05,existing
P126_35_4,G2,A_batteries,G2-A_batteries-04,T020,3687.0741999692646,6897.284697633159,,,A06,existing
P126_35_4,G2,B_batteries,G2-B_batteries-01,T002_2,0.0,2956.647180248775,T019_1,2416.0557006460194,B04,existing
P126_35_4,G2,B_batteries,G2-B_batteries-01,T019_1,5372.702880894794,8356.40930924514,,,B04,existing
P126_35_4,G2,B_batteries,G2-B_batteries-02,T015,0.0,3010.3575010505742,,,NEW-B_batteries-01,procurement_required
P126_35_4,G2,B_batteries,G2-B_batteries-03,T008,1505.9694925601796,4939.170345795129,,,NEW-B_batteries-02,procurement_required
P126_35_4,G2,B_batteries,G2-B_batteries-04,T011,1559.571459127682,5367.702780894794,,,NEW-B_batteries-03,procurement_required
P126_35_4,G2,C_batteries,G2-C_batteries-01,T018,4074.1933815663424,9324.985226007513,,,C04,existing
P126_35_4,G2,relay_aircraft,G2-relay_aircraft-01,R004,96.18236555369045,3902.2114189986755,,,R02,existing
P126_35_4,G2,relay_aircraft,G2-relay_aircraft-02,R001,190.137319029409,1999.297638856333,R002,1907.9138801423414,NEW-relay_aircraft-01,procurement_required
P126_35_4,G2,relay_aircraft,G2-relay_aircraft-02,R002,3907.2115189986744,7516.130043494062,,,NEW-relay_aircraft-01,procurement_required
P126_35_4,G2,relay_components,G2-relay_components-01,R004,96.18236555369045,4498.791383917484,,,RE02,existing
P126_35_4,G2,relay_components,G2-relay_components-02,R001,190.137319029409,2344.3073253046314,R002,1562.904193694043,RE03,existing
P126_35_4,G2,relay_components,G2-relay_components-02,R002,3907.2115189986744,8084.5472154177,,,RE03,existing
P126_35_4,G3,A_aircraft,G3-A_aircraft-01,T009,0.0,1316.0142144169886,,,NEW-A_aircraft-01,procurement_required
P126_35_4,G3,C_aircraft,G3-C_aircraft-01,T010_2,0.0,1433.035082877992,,,NEW-C_aircraft-02,procurement_required
P126_35_4,G3,A_batteries,G3-A_batteries-01,T009,0.0,2207.8690163260853,,,NEW-A_batteries-01,procurement_required
P126_35_4,G3,C_batteries,G3-C_batteries-01,T010_2,0.0,2880.8082760764496,,,NEW-C_batteries-01,procurement_required
P12_356_4,G1,A_aircraft,G1-A_aircraft-01,T005,0.0,1312.470877312685,T004,691.6407629752048,U01,existing
P12_356_4,G1,A_aircraft,G1-A_aircraft-01,T004,2004.1116402878897,4285.571599124281,T022,5.000100000000202,U01,existing
P12_356_4,G1,A_aircraft,G1-A_aircraft-01,T022,4290.571699124282,5982.106185363231,,,U01,existing
P12_356_4,G1,B_aircraft,G1-B_aircraft-01,T013,3355.5084827157466,5313.549754202741,T021,0.00010000000111176632,U05,existing
P12_356_4,G1,B_aircraft,G1-B_aircraft-01,T021,5313.549854202742,7211.591125689736,,,U05,existing
P12_356_4,G1,C_aircraft,G1-C_aircraft-01,T001,0.0,1561.4261775174655,T012,392.685462770424,U07,existing
P12_356_4,G1,C_aircraft,G1-C_aircraft-01,T012,1954.1116402878895,4069.193281566342,,,U07,existing
P12_356_4,G1,C_aircraft,G1-C_aircraft-02,T003,1438.035182877992,2867.4613603954576,T014_2,287.63159336749413,U08,existing
P12_356_4,G1,C_aircraft,G1-C_aircraft-02,T014_2,3155.0929537629518,5460.277018730793,,,U08,existing
P12_356_4,G1,A_batteries,G1-A_batteries-01,T005,0.0,2178.7887122874713,T022,2111.7829868368103,A01,existing
P12_356_4,G1,A_batteries,G1-A_batteries-01,T022,4290.571699124282,7157.600692042686,,,A01,existing
P12_356_4,G1,A_batteries,G1-A_batteries-02,T004,2004.1116402878897,5653.515220902664,,,A02,existing
P12_356_4,G1,B_batteries,G1-B_batteries-01,T013,3355.5084827157466,7272.795381688331,,,B01,existing
P12_356_4,G1,B_batteries,G1-B_batteries-02,T021,5313.549854202742,9078.773277607346,,,B02,existing
P12_356_4,G1,C_batteries,G1-C_batteries-01,T001,0.0,3150.0928537629516,T014_2,5.000100000000202,C01,existing
P12_356_4,G1,C_batteries,G1-C_batteries-01,T014_2,3155.0929537629518,7966.52367812528,,,C01,existing
P12_356_4,G1,C_batteries,G1-C_batteries-02,T003,1438.035182877992,4385.641813543676,,,C02,existing
P12_356_4,G1,C_batteries,G1-C_batteries-03,T012,1954.1116402878895,6561.858999018011,,,C03,existing
P12_356_4,G1,relay_aircraft,G1-relay_aircraft-01,R003,2004.2977389089663,7744.455885352581,,,R01,existing
P12_356_4,G1,relay_components,G1-relay_components-01,R003,2004.2977389089663,8588.743789022035,,,RE01,existing
P12_356_4,G2,A_aircraft,G2-A_aircraft-01,T007_HARD,0.0,1712.4416357195464,T020,1974.6325642497181,U02,existing
P12_356_4,G2,A_aircraft,G2-A_aircraft-01,T020,3687.0741999692646,5657.284046946083,,,U02,existing
P12_356_4,G2,A_aircraft,G2-A_aircraft-02,T007_SOFT,0.0,1712.4416357195464,T007,1954.6325642497204,U03,existing
P12_356_4,G2,A_aircraft,G2-A_aircraft-02,T007,3667.074199969267,6275.115097078189,,,U03,existing
P12_356_4,G2,A_aircraft,G2-A_aircraft-03,T014_1,3769.074199969265,5464.83230463773,T016,5.000099999999293,U04,existing
P12_356_4,G2,A_aircraft,G2-A_aircraft-03,T016,5469.832404637729,7165.590509306194,,,U04,existing
P12_356_4,G2,B_aircraft,G2-B_aircraft-01,T002_2,0.0,1500.9693925601796,T008,5.000099999999975,U06,existing
P12_356_4,G2,B_aircraft,G2-B_aircraft-01,T008,1505.9694925601796,3350.508382715747,T019_1,2022.1944981790475,U06,existing
P12_356_4,G2,B_aircraft,G2-B_aircraft-01,T019_1,5372.702880894794,6891.727225306649,,,U06,existing
P12_356_4,G2,B_aircraft,G2-B_aircraft-02,T015,0.0,1554.5713591276817,T011,5.000100000000202,NEW-B_aircraft-01,procurement_required
P12_356_4,G2,B_aircraft,G2-B_aircraft-02,T011,1559.571459127682,3503.5959031496714,T006,5.000100000000657,NEW-B_aircraft-01,procurement_required
P12_356_4,G2,B_aircraft,G2-B_aircraft-02,T006,3508.596003149672,4698.226288886111,,,NEW-B_aircraft-01,procurement_required
P12_356_4,G2,C_aircraft,G2-C_aircraft-01,T018,4074.1933815663424,6761.824258936959,,,NEW-C_aircraft-01,procurement_required
P12_356_4,G2,A_batteries,G2-A_batteries-01,T007_HARD,0.0,2761.062337358848,T014_1,1008.0118626104172,A03,existing
P12_356_4,G2,A_batteries,G2-A_batteries-01,T014_1,3769.074199969265,6580.0266291174285,,,A03,existing
P12_356_4,G2,A_batteries,G2-A_batteries-02,T007_SOFT,0.0,2779.9496716386757,T016,2689.8827329990536,A04,existing
P12_356_4,G2,A_batteries,G2-A_batteries-02,T016,5469.832404637729,8301.566821462397,,,A04,existing
P12_356_4,G2,A_batteries,G2-A_batteries-03,T007,3667.074199969267,7728.37856016178,,,A05,existing
P12_356_4,G2,A_batteries,G2-A_batteries-04,T020,3687.0741999692646,6897.284697633159,,,A06,existing
P12_356_4,G2,B_batteries,G2-B_batteries-01,T002_2,0.0,2956.647180248775,T006,551.9488229008971,B03,existing
P12_356_4,G2,B_batteries,G2-B_batteries-01,T006,3508.596003149672,5831.667165848992,,,B03,existing
P12_356_4,G2,B_batteries,G2-B_batteries-02,T015,0.0,3010.3575010505742,T019_1,2362.34537984422,B04,existing
P12_356_4,G2,B_batteries,G2-B_batteries-02,T019_1,5372.702880894794,8356.40930924514,,,B04,existing
P12_356_4,G2,B_batteries,G2-B_batteries-03,T008,1505.9694925601796,4939.170345795129,,,NEW-B_batteries-01,procurement_required
P12_356_4,G2,B_batteries,G2-B_batteries-04,T011,1559.571459127682,5367.702780894794,,,NEW-B_batteries-02,procurement_required
P12_356_4,G2,C_batteries,G2-C_batteries-01,T018,4074.1933815663424,9324.985226007513,,,C04,existing
P12_356_4,G2,relay_aircraft,G2-relay_aircraft-01,R004,96.18236555369045,3902.2114189986755,,,R02,existing
P12_356_4,G2,relay_aircraft,G2-relay_aircraft-02,R001,190.137319029409,1999.297638856333,R002,1907.9138801423414,NEW-relay_aircraft-01,procurement_required
P12_356_4,G2,relay_aircraft,G2-relay_aircraft-02,R002,3907.2115189986744,7516.130043494062,,,NEW-relay_aircraft-01,procurement_required
P12_356_4,G2,relay_components,G2-relay_components-01,R004,96.18236555369045,4498.791383917484,,,RE02,existing
P12_356_4,G2,relay_components,G2-relay_components-02,R001,190.137319029409,2344.3073253046314,R002,1562.904193694043,RE03,existing
P12_356_4,G2,relay_components,G2-relay_components-02,R002,3907.2115189986744,8084.5472154177,,,RE03,existing
P12_356_4,G3,A_aircraft,G3-A_aircraft-01,T009,0.0,1316.0142144169886,,,NEW-A_aircraft-01,procurement_required
P12_356_4,G3,C_aircraft,G3-C_aircraft-01,T010_2,0.0,1433.035082877992,,,NEW-C_aircraft-02,procurement_required
P12_356_4,G3,A_batteries,G3-A_batteries-01,T009,0.0,2207.8690163260853,,,NEW-A_batteries-01,procurement_required
P12_356_4,G3,C_batteries,G3-C_batteries-01,T010_2,0.0,2880.8082760764496,,,NEW-C_batteries-01,procurement_required
P12_35_46,G1,A_aircraft,G1-A_aircraft-01,T005,0.0,1312.470877312685,T004,691.6407629752048,U01,existing
P12_35_46,G1,A_aircraft,G1-A_aircraft-01,T004,2004.1116402878897,4285.571599124281,T022,5.000100000000202,U01,existing
P12_35_46,G1,A_aircraft,G1-A_aircraft-01,T022,4290.571699124282,5982.106185363231,,,U01,existing
P12_35_46,G1,B_aircraft,G1-B_aircraft-01,T013,3355.5084827157466,5313.549754202741,T021,0.00010000000111176632,U05,existing
P12_35_46,G1,B_aircraft,G1-B_aircraft-01,T021,5313.549854202742,7211.591125689736,,,U05,existing
P12_35_46,G1,C_aircraft,G1-C_aircraft-01,T001,0.0,1561.4261775174655,T012,392.685462770424,U07,existing
P12_35_46,G1,C_aircraft,G1-C_aircraft-01,T012,1954.1116402878895,4069.193281566342,,,U07,existing
P12_35_46,G1,C_aircraft,G1-C_aircraft-02,T003,1438.035182877992,2867.4613603954576,T014_2,287.63159336749413,U08,existing
P12_35_46,G1,C_aircraft,G1-C_aircraft-02,T014_2,3155.0929537629518,5460.277018730793,,,U08,existing
P12_35_46,G1,A_batteries,G1-A_batteries-01,T005,0.0,2178.7887122874713,T022,2111.7829868368103,A01,existing
P12_35_46,G1,A_batteries,G1-A_batteries-01,T022,4290.571699124282,7157.600692042686,,,A01,existing
P12_35_46,G1,A_batteries,G1-A_batteries-02,T004,2004.1116402878897,5653.515220902664,,,A02,existing
P12_35_46,G1,B_batteries,G1-B_batteries-01,T013,3355.5084827157466,7272.795381688331,,,B01,existing
P12_35_46,G1,B_batteries,G1-B_batteries-02,T021,5313.549854202742,9078.773277607346,,,B02,existing
P12_35_46,G1,C_batteries,G1-C_batteries-01,T001,0.0,3150.0928537629516,T014_2,5.000100000000202,C01,existing
P12_35_46,G1,C_batteries,G1-C_batteries-01,T014_2,3155.0929537629518,7966.52367812528,,,C01,existing
P12_35_46,G1,C_batteries,G1-C_batteries-02,T003,1438.035182877992,4385.641813543676,,,C02,existing
P12_35_46,G1,C_batteries,G1-C_batteries-03,T012,1954.1116402878895,6561.858999018011,,,C03,existing
P12_35_46,G1,relay_aircraft,G1-relay_aircraft-01,R003,2004.2977389089663,7744.455885352581,,,R01,existing
P12_35_46,G1,relay_components,G1-relay_components-01,R003,2004.2977389089663,8588.743789022035,,,RE01,existing
P12_35_46,G2,A_aircraft,G2-A_aircraft-01,T007_HARD,0.0,1712.4416357195464,T020,1974.6325642497181,U02,existing
P12_35_46,G2,A_aircraft,G2-A_aircraft-01,T020,3687.0741999692646,5657.284046946083,,,U02,existing
P12_35_46,G2,A_aircraft,G2-A_aircraft-02,T007_SOFT,0.0,1712.4416357195464,T007,1954.6325642497204,U03,existing
P12_35_46,G2,A_aircraft,G2-A_aircraft-02,T007,3667.074199969267,6275.115097078189,,,U03,existing
P12_35_46,G2,A_aircraft,G2-A_aircraft-03,T014_1,3769.074199969265,5464.83230463773,T016,5.000099999999293,U04,existing
P12_35_46,G2,A_aircraft,G2-A_aircraft-03,T016,5469.832404637729,7165.590509306194,,,U04,existing
P12_35_46,G2,B_aircraft,G2-B_aircraft-01,T002_2,0.0,1500.9693925601796,T008,5.000099999999975,U06,existing
P12_35_46,G2,B_aircraft,G2-B_aircraft-01,T008,1505.9694925601796,3350.508382715747,T019_1,2022.1944981790475,U06,existing
P12_35_46,G2,B_aircraft,G2-B_aircraft-01,T019_1,5372.702880894794,6891.727225306649,,,U06,existing
P12_35_46,G2,B_aircraft,G2-B_aircraft-02,T015,0.0,1554.5713591276817,T011,5.000100000000202,NEW-B_aircraft-01,procurement_required
P12_35_46,G2,B_aircraft,G2-B_aircraft-02,T011,1559.571459127682,3503.5959031496714,,,NEW-B_aircraft-01,procurement_required
P12_35_46,G2,C_aircraft,G2-C_aircraft-01,T018,4074.1933815663424,6761.824258936959,,,NEW-C_aircraft-01,procurement_required
P12_35_46,G2,A_batteries,G2-A_batteries-01,T007_HARD,0.0,2761.062337358848,T014_1,1008.0118626104172,A03,existing
P12_35_46,G2,A_batteries,G2-A_batteries-01,T014_1,3769.074199969265,6580.0266291174285,,,A03,existing
P12_35_46,G2,A_batteries,G2-A_batteries-02,T007_SOFT,0.0,2779.9496716386757,T016,2689.8827329990536,A04,existing
P12_35_46,G2,A_batteries,G2-A_batteries-02,T016,5469.832404637729,8301.566821462397,,,A04,existing
P12_35_46,G2,A_batteries,G2-A_batteries-03,T007,3667.074199969267,7728.37856016178,,,A05,existing
P12_35_46,G2,A_batteries,G2-A_batteries-04,T020,3687.0741999692646,6897.284697633159,,,A06,existing
P12_35_46,G2,B_batteries,G2-B_batteries-01,T002_2,0.0,2956.647180248775,T019_1,2416.0557006460194,B03,existing
P12_35_46,G2,B_batteries,G2-B_batteries-01,T019_1,5372.702880894794,8356.40930924514,,,B03,existing
P12_35_46,G2,B_batteries,G2-B_batteries-02,T015,0.0,3010.3575010505742,,,B04,existing
P12_35_46,G2,B_batteries,G2-B_batteries-03,T008,1505.9694925601796,4939.170345795129,,,NEW-B_batteries-01,procurement_required
P12_35_46,G2,B_batteries,G2-B_batteries-04,T011,1559.571459127682,5367.702780894794,,,NEW-B_batteries-02,procurement_required
P12_35_46,G2,C_batteries,G2-C_batteries-01,T018,4074.1933815663424,9324.985226007513,,,C04,existing
P12_35_46,G2,relay_aircraft,G2-relay_aircraft-01,R004,96.18236555369045,3902.2114189986755,,,R02,existing
P12_35_46,G2,relay_aircraft,G2-relay_aircraft-02,R001,190.137319029409,1999.297638856333,R002,1907.9138801423414,NEW-relay_aircraft-01,procurement_required
P12_35_46,G2,relay_aircraft,G2-relay_aircraft-02,R002,3907.2115189986744,7516.130043494062,,,NEW-relay_aircraft-01,procurement_required
P12_35_46,G2,relay_components,G2-relay_components-01,R004,96.18236555369045,4498.791383917484,,,RE02,existing
P12_35_46,G2,relay_components,G2-relay_components-02,R001,190.137319029409,2344.3073253046314,R002,1562.904193694043,RE03,existing
P12_35_46,G2,relay_components,G2-relay_components-02,R002,3907.2115189986744,8084.5472154177,,,RE03,existing
P12_35_46,G3,A_aircraft,G3-A_aircraft-01,T009,0.0,1316.0142144169886,,,NEW-A_aircraft-01,procurement_required
P12_35_46,G3,B_aircraft,G3-B_aircraft-01,T006,3508.596003149672,4698.226288886111,,,NEW-B_aircraft-02,procurement_required
P12_35_46,G3,C_aircraft,G3-C_aircraft-01,T010_2,0.0,1433.035082877992,,,NEW-C_aircraft-02,procurement_required
P12_35_46,G3,A_batteries,G3-A_batteries-01,T009,0.0,2207.8690163260853,,,NEW-A_batteries-01,procurement_required
P12_35_46,G3,B_batteries,G3-B_batteries-01,T006,3508.596003149672,5831.667165848992,,,NEW-B_batteries-03,procurement_required
P12_35_46,G3,C_batteries,G3-C_batteries-01,T010_2,0.0,2880.8082760764496,,,NEW-C_batteries-01,procurement_required
P126_3_45,G1,A_aircraft,G1-A_aircraft-01,T005,0.0,1312.470877312685,T004,691.6407629752048,U01,existing
P126_3_45,G1,A_aircraft,G1-A_aircraft-01,T004,2004.1116402878897,4285.571599124281,T022,5.000100000000202,U01,existing
P126_3_45,G1,A_aircraft,G1-A_aircraft-01,T022,4290.571699124282,5982.106185363231,,,U01,existing
P126_3_45,G1,B_aircraft,G1-B_aircraft-01,T013,3355.5084827157466,5313.549754202741,,,U05,existing
P126_3_45,G1,B_aircraft,G1-B_aircraft-02,T006,3508.596003149672,4698.226288886111,T021,615.3235653166303,U06,existing
P126_3_45,G1,B_aircraft,G1-B_aircraft-02,T021,5313.549854202742,7211.591125689736,,,U06,existing
P126_3_45,G1,C_aircraft,G1-C_aircraft-01,T001,0.0,1561.4261775174655,T012,392.685462770424,U07,existing
P126_3_45,G1,C_aircraft,G1-C_aircraft-01,T012,1954.1116402878895,4069.193281566342,,,U07,existing
P126_3_45,G1,C_aircraft,G1-C_aircraft-02,T003,1438.035182877992,2867.4613603954576,T014_2,287.63159336749413,U08,existing
P126_3_45,G1,C_aircraft,G1-C_aircraft-02,T014_2,3155.0929537629518,5460.277018730793,,,U08,existing
P126_3_45,G1,A_batteries,G1-A_batteries-01,T005,0.0,2178.7887122874713,T022,2111.7829868368103,A01,existing
P126_3_45,G1,A_batteries,G1-A_batteries-01,T022,4290.571699124282,7157.600692042686,,,A01,existing
P126_3_45,G1,A_batteries,G1-A_batteries-02,T004,2004.1116402878897,5653.515220902664,,,A02,existing
P126_3_45,G1,B_batteries,G1-B_batteries-01,T013,3355.5084827157466,7272.795381688331,,,B01,existing
P126_3_45,G1,B_batteries,G1-B_batteries-02,T006,3508.596003149672,5831.667165848992,,,B02,existing
P126_3_45,G1,B_batteries,G1-B_batteries-03,T021,5313.549854202742,9078.773277607346,,,B03,existing
P126_3_45,G1,C_batteries,G1-C_batteries-01,T001,0.0,3150.0928537629516,T014_2,5.000100000000202,C01,existing
P126_3_45,G1,C_batteries,G1-C_batteries-01,T014_2,3155.0929537629518,7966.52367812528,,,C01,existing
P126_3_45,G1,C_batteries,G1-C_batteries-02,T003,1438.035182877992,4385.641813543676,,,C02,existing
P126_3_45,G1,C_batteries,G1-C_batteries-03,T012,1954.1116402878895,6561.858999018011,,,C03,existing
P126_3_45,G1,relay_aircraft,G1-relay_aircraft-01,R003,2004.2977389089663,7744.455885352581,,,R01,existing
P126_3_45,G1,relay_components,G1-relay_components-01,R003,2004.2977389089663,8588.743789022035,,,RE01,existing
P126_3_45,G2,A_aircraft,G2-A_aircraft-01,T007_HARD,0.0,1712.4416357195464,T020,1974.6325642497181,U02,existing
P126_3_45,G2,A_aircraft,G2-A_aircraft-01,T020,3687.0741999692646,5657.284046946083,,,U02,existing
P126_3_45,G2,A_aircraft,G2-A_aircraft-02,T007_SOFT,0.0,1712.4416357195464,T007,1954.6325642497204,U03,existing
P126_3_45,G2,A_aircraft,G2-A_aircraft-02,T007,3667.074199969267,6275.115097078189,,,U03,existing
P126_3_45,G2,A_aircraft,G2-A_aircraft-03,T014_1,3769.074199969265,5464.83230463773,T016,5.000099999999293,U04,existing
P126_3_45,G2,A_aircraft,G2-A_aircraft-03,T016,5469.832404637729,7165.590509306194,,,U04,existing
P126_3_45,G2,B_aircraft,G2-B_aircraft-01,T019_1,5372.702880894794,6891.727225306649,,,NEW-B_aircraft-01,procurement_required
P126_3_45,G2,C_aircraft,G2-C_aircraft-01,T018,4074.1933815663424,6761.824258936959,,,NEW-C_aircraft-01,procurement_required
P126_3_45,G2,A_batteries,G2-A_batteries-01,T007_HARD,0.0,2761.062337358848,T014_1,1008.0118626104172,A03,existing
P126_3_45,G2,A_batteries,G2-A_batteries-01,T014_1,3769.074199969265,6580.0266291174285,,,A03,existing
P126_3_45,G2,A_batteries,G2-A_batteries-02,T007_SOFT,0.0,2779.9496716386757,T016,2689.8827329990536,A04,existing
P126_3_45,G2,A_batteries,G2-A_batteries-02,T016,5469.832404637729,8301.566821462397,,,A04,existing
P126_3_45,G2,A_batteries,G2-A_batteries-03,T007,3667.074199969267,7728.37856016178,,,A05,existing
P126_3_45,G2,A_batteries,G2-A_batteries-04,T020,3687.0741999692646,6897.284697633159,,,A06,existing
P126_3_45,G2,B_batteries,G2-B_batteries-01,T019_1,5372.702880894794,8356.40930924514,,,B04,existing
P126_3_45,G2,C_batteries,G2-C_batteries-01,T018,4074.1933815663424,9324.985226007513,,,C04,existing
P126_3_45,G2,relay_aircraft,G2-relay_aircraft-01,R001,190.137319029409,1999.297638856333,R002,1907.9138801423414,R02,existing
P126_3_45,G2,relay_aircraft,G2-relay_aircraft-01,R002,3907.2115189986744,7516.130043494062,,,R02,existing
P126_3_45,G2,relay_components,G2-relay_components-01,R001,190.137319029409,2344.3073253046314,R002,1562.904193694043,RE02,existing
P126_3_45,G2,relay_components,G2-relay_components-01,R002,3907.2115189986744,8084.5472154177,,,RE02,existing
P126_3_45,G3,A_aircraft,G3-A_aircraft-01,T009,0.0,1316.0142144169886,,,NEW-A_aircraft-01,procurement_required
P126_3_45,G3,B_aircraft,G3-B_aircraft-01,T002_2,0.0,1500.9693925601796,T008,5.000099999999975,NEW-B_aircraft-02,procurement_required
P126_3_45,G3,B_aircraft,G3-B_aircraft-01,T008,1505.9694925601796,3350.508382715747,,,NEW-B_aircraft-02,procurement_required
P126_3_45,G3,B_aircraft,G3-B_aircraft-02,T015,0.0,1554.5713591276817,T011,5.000100000000202,NEW-B_aircraft-03,procurement_required
P126_3_45,G3,B_aircraft,G3-B_aircraft-02,T011,1559.571459127682,3503.5959031496714,,,NEW-B_aircraft-03,procurement_required
P126_3_45,G3,C_aircraft,G3-C_aircraft-01,T010_2,0.0,1433.035082877992,,,NEW-C_aircraft-02,procurement_required
P126_3_45,G3,A_batteries,G3-A_batteries-01,T009,0.0,2207.8690163260853,,,NEW-A_batteries-01,procurement_required
P126_3_45,G3,B_batteries,G3-B_batteries-01,T002_2,0.0,2956.647180248775,,,NEW-B_batteries-01,procurement_required
P126_3_45,G3,B_batteries,G3-B_batteries-02,T015,0.0,3010.3575010505742,,,NEW-B_batteries-02,procurement_required
P126_3_45,G3,B_batteries,G3-B_batteries-03,T008,1505.9694925601796,4939.170345795129,,,NEW-B_batteries-03,procurement_required
P126_3_45,G3,B_batteries,G3-B_batteries-04,T011,1559.571459127682,5367.702780894794,,,NEW-B_batteries-04,procurement_required
P126_3_45,G3,C_batteries,G3-C_batteries-01,T010_2,0.0,2880.8082760764496,,,NEW-C_batteries-01,procurement_required
P126_3_45,G3,relay_aircraft,G3-relay_aircraft-01,R004,96.18236555369045,3902.2114189986755,,,NEW-relay_aircraft-01,procurement_required
P126_3_45,G3,relay_components,G3-relay_components-01,R004,96.18236555369045,4498.791383917484,,,RE03,existing
P12_36_45,G1,A_aircraft,G1-A_aircraft-01,T005,0.0,1312.470877312685,T004,691.6407629752048,U01,existing
P12_36_45,G1,A_aircraft,G1-A_aircraft-01,T004,2004.1116402878897,4285.571599124281,T022,5.000100000000202,U01,existing
P12_36_45,G1,A_aircraft,G1-A_aircraft-01,T022,4290.571699124282,5982.106185363231,,,U01,existing
P12_36_45,G1,B_aircraft,G1-B_aircraft-01,T013,3355.5084827157466,5313.549754202741,T021,0.00010000000111176632,U05,existing
P12_36_45,G1,B_aircraft,G1-B_aircraft-01,T021,5313.549854202742,7211.591125689736,,,U05,existing
P12_36_45,G1,C_aircraft,G1-C_aircraft-01,T001,0.0,1561.4261775174655,T012,392.685462770424,U07,existing
P12_36_45,G1,C_aircraft,G1-C_aircraft-01,T012,1954.1116402878895,4069.193281566342,,,U07,existing
P12_36_45,G1,C_aircraft,G1-C_aircraft-02,T003,1438.035182877992,2867.4613603954576,T014_2,287.63159336749413,U08,existing
P12_36_45,G1,C_aircraft,G1-C_aircraft-02,T014_2,3155.0929537629518,5460.277018730793,,,U08,existing
P12_36_45,G1,A_batteries,G1-A_batteries-01,T005,0.0,2178.7887122874713,T022,2111.7829868368103,A01,existing
P12_36_45,G1,A_batteries,G1-A_batteries-01,T022,4290.571699124282,7157.600692042686,,,A01,existing
P12_36_45,G1,A_batteries,G1-A_batteries-02,T004,2004.1116402878897,5653.515220902664,,,A02,existing
P12_36_45,G1,B_batteries,G1-B_batteries-01,T013,3355.5084827157466,7272.795381688331,,,B01,existing
P12_36_45,G1,B_batteries,G1-B_batteries-02,T021,5313.549854202742,9078.773277607346,,,B02,existing
P12_36_45,G1,C_batteries,G1-C_batteries-01,T001,0.0,3150.0928537629516,T014_2,5.000100000000202,C01,existing
P12_36_45,G1,C_batteries,G1-C_batteries-01,T014_2,3155.0929537629518,7966.52367812528,,,C01,existing
P12_36_45,G1,C_batteries,G1-C_batteries-02,T003,1438.035182877992,4385.641813543676,,,C02,existing
P12_36_45,G1,C_batteries,G1-C_batteries-03,T012,1954.1116402878895,6561.858999018011,,,C03,existing
P12_36_45,G1,relay_aircraft,G1-relay_aircraft-01,R003,2004.2977389089663,7744.455885352581,,,R01,existing
P12_36_45,G1,relay_components,G1-relay_components-01,R003,2004.2977389089663,8588.743789022035,,,RE01,existing
P12_36_45,G2,A_aircraft,G2-A_aircraft-01,T007_HARD,0.0,1712.4416357195464,T020,1974.6325642497181,U02,existing
P12_36_45,G2,A_aircraft,G2-A_aircraft-01,T020,3687.0741999692646,5657.284046946083,,,U02,existing
P12_36_45,G2,A_aircraft,G2-A_aircraft-02,T007_SOFT,0.0,1712.4416357195464,T007,1954.6325642497204,U03,existing
P12_36_45,G2,A_aircraft,G2-A_aircraft-02,T007,3667.074199969267,6275.115097078189,,,U03,existing
P12_36_45,G2,A_aircraft,G2-A_aircraft-03,T014_1,3769.074199969265,5464.83230463773,T016,5.000099999999293,U04,existing
P12_36_45,G2,A_aircraft,G2-A_aircraft-03,T016,5469.832404637729,7165.590509306194,,,U04,existing
P12_36_45,G2,B_aircraft,G2-B_aircraft-01,T006,3508.596003149672,4698.226288886111,T019_1,674.4765920086829,U06,existing
P12_36_45,G2,B_aircraft,G2-B_aircraft-01,T019_1,5372.702880894794,6891.727225306649,,,U06,existing
P12_36_45,G2,C_aircraft,G2-C_aircraft-01,T018,4074.1933815663424,6761.824258936959,,,NEW-C_aircraft-01,procurement_required
P12_36_45,G2,A_batteries,G2-A_batteries-01,T007_HARD,0.0,2761.062337358848,T014_1,1008.0118626104172,A03,existing
P12_36_45,G2,A_batteries,G2-A_batteries-01,T014_1,3769.074199969265,6580.0266291174285,,,A03,existing
P12_36_45,G2,A_batteries,G2-A_batteries-02,T007_SOFT,0.0,2779.9496716386757,T016,2689.8827329990536,A04,existing
P12_36_45,G2,A_batteries,G2-A_batteries-02,T016,5469.832404637729,8301.566821462397,,,A04,existing
P12_36_45,G2,A_batteries,G2-A_batteries-03,T007,3667.074199969267,7728.37856016178,,,A05,existing
P12_36_45,G2,A_batteries,G2-A_batteries-04,T020,3687.0741999692646,6897.284697633159,,,A06,existing
P12_36_45,G2,B_batteries,G2-B_batteries-01,T006,3508.596003149672,5831.667165848992,,,B03,existing
P12_36_45,G2,B_batteries,G2-B_batteries-02,T019_1,5372.702880894794,8356.40930924514,,,B04,existing
P12_36_45,G2,C_batteries,G2-C_batteries-01,T018,4074.1933815663424,9324.985226007513,,,C04,existing
P12_36_45,G2,relay_aircraft,G2-relay_aircraft-01,R001,190.137319029409,1999.297638856333,R002,1907.9138801423414,R02,existing
P12_36_45,G2,relay_aircraft,G2-relay_aircraft-01,R002,3907.2115189986744,7516.130043494062,,,R02,existing
P12_36_45,G2,relay_components,G2-relay_components-01,R001,190.137319029409,2344.3073253046314,R002,1562.904193694043,RE02,existing
P12_36_45,G2,relay_components,G2-relay_components-01,R002,3907.2115189986744,8084.5472154177,,,RE02,existing
P12_36_45,G3,A_aircraft,G3-A_aircraft-01,T009,0.0,1316.0142144169886,,,NEW-A_aircraft-01,procurement_required
P12_36_45,G3,B_aircraft,G3-B_aircraft-01,T002_2,0.0,1500.9693925601796,T008,5.000099999999975,NEW-B_aircraft-01,procurement_required
P12_36_45,G3,B_aircraft,G3-B_aircraft-01,T008,1505.9694925601796,3350.508382715747,,,NEW-B_aircraft-01,procurement_required
P12_36_45,G3,B_aircraft,G3-B_aircraft-02,T015,0.0,1554.5713591276817,T011,5.000100000000202,NEW-B_aircraft-02,procurement_required
P12_36_45,G3,B_aircraft,G3-B_aircraft-02,T011,1559.571459127682,3503.5959031496714,,,NEW-B_aircraft-02,procurement_required
P12_36_45,G3,C_aircraft,G3-C_aircraft-01,T010_2,0.0,1433.035082877992,,,NEW-C_aircraft-02,procurement_required
P12_36_45,G3,A_batteries,G3-A_batteries-01,T009,0.0,2207.8690163260853,,,NEW-A_batteries-01,procurement_required
P12_36_45,G3,B_batteries,G3-B_batteries-01,T002_2,0.0,2956.647180248775,,,NEW-B_batteries-01,procurement_required
P12_36_45,G3,B_batteries,G3-B_batteries-02,T015,0.0,3010.3575010505742,,,NEW-B_batteries-02,procurement_required
P12_36_45,G3,B_batteries,G3-B_batteries-03,T008,1505.9694925601796,4939.170345795129,,,NEW-B_batteries-03,procurement_required
P12_36_45,G3,B_batteries,G3-B_batteries-04,T011,1559.571459127682,5367.702780894794,,,NEW-B_batteries-04,procurement_required
P12_36_45,G3,C_batteries,G3-C_batteries-01,T010_2,0.0,2880.8082760764496,,,NEW-C_batteries-01,procurement_required
P12_36_45,G3,relay_aircraft,G3-relay_aircraft-01,R004,96.18236555369045,3902.2114189986755,,,NEW-relay_aircraft-01,procurement_required
P12_36_45,G3,relay_components,G3-relay_components-01,R004,96.18236555369045,4498.791383917484,,,RE03,existing
P12_3_456,G1,A_aircraft,G1-A_aircraft-01,T005,0.0,1312.470877312685,T004,691.6407629752048,U01,existing
P12_3_456,G1,A_aircraft,G1-A_aircraft-01,T004,2004.1116402878897,4285.571599124281,T022,5.000100000000202,U01,existing
P12_3_456,G1,A_aircraft,G1-A_aircraft-01,T022,4290.571699124282,5982.106185363231,,,U01,existing
P12_3_456,G1,B_aircraft,G1-B_aircraft-01,T013,3355.5084827157466,5313.549754202741,T021,0.00010000000111176632,U05,existing
P12_3_456,G1,B_aircraft,G1-B_aircraft-01,T021,5313.549854202742,7211.591125689736,,,U05,existing
P12_3_456,G1,C_aircraft,G1-C_aircraft-01,T001,0.0,1561.4261775174655,T012,392.685462770424,U07,existing
P12_3_456,G1,C_aircraft,G1-C_aircraft-01,T012,1954.1116402878895,4069.193281566342,,,U07,existing
P12_3_456,G1,C_aircraft,G1-C_aircraft-02,T003,1438.035182877992,2867.4613603954576,T014_2,287.63159336749413,U08,existing
P12_3_456,G1,C_aircraft,G1-C_aircraft-02,T014_2,3155.0929537629518,5460.277018730793,,,U08,existing
P12_3_456,G1,A_batteries,G1-A_batteries-01,T005,0.0,2178.7887122874713,T022,2111.7829868368103,A01,existing
P12_3_456,G1,A_batteries,G1-A_batteries-01,T022,4290.571699124282,7157.600692042686,,,A01,existing
P12_3_456,G1,A_batteries,G1-A_batteries-02,T004,2004.1116402878897,5653.515220902664,,,A02,existing
P12_3_456,G1,B_batteries,G1-B_batteries-01,T013,3355.5084827157466,7272.795381688331,,,B01,existing
P12_3_456,G1,B_batteries,G1-B_batteries-02,T021,5313.549854202742,9078.773277607346,,,B02,existing
P12_3_456,G1,C_batteries,G1-C_batteries-01,T001,0.0,3150.0928537629516,T014_2,5.000100000000202,C01,existing
P12_3_456,G1,C_batteries,G1-C_batteries-01,T014_2,3155.0929537629518,7966.52367812528,,,C01,existing
P12_3_456,G1,C_batteries,G1-C_batteries-02,T003,1438.035182877992,4385.641813543676,,,C02,existing
P12_3_456,G1,C_batteries,G1-C_batteries-03,T012,1954.1116402878895,6561.858999018011,,,C03,existing
P12_3_456,G1,relay_aircraft,G1-relay_aircraft-01,R003,2004.2977389089663,7744.455885352581,,,R01,existing
P12_3_456,G1,relay_components,G1-relay_components-01,R003,2004.2977389089663,8588.743789022035,,,RE01,existing
P12_3_456,G2,A_aircraft,G2-A_aircraft-01,T007_HARD,0.0,1712.4416357195464,T020,1974.6325642497181,U02,existing
P12_3_456,G2,A_aircraft,G2-A_aircraft-01,T020,3687.0741999692646,5657.284046946083,,,U02,existing
P12_3_456,G2,A_aircraft,G2-A_aircraft-02,T007_SOFT,0.0,1712.4416357195464,T007,1954.6325642497204,U03,existing
P12_3_456,G2,A_aircraft,G2-A_aircraft-02,T007,3667.074199969267,6275.115097078189,,,U03,existing
P12_3_456,G2,A_aircraft,G2-A_aircraft-03,T014_1,3769.074199969265,5464.83230463773,T016,5.000099999999293,U04,existing
P12_3_456,G2,A_aircraft,G2-A_aircraft-03,T016,5469.832404637729,7165.590509306194,,,U04,existing
P12_3_456,G2,B_aircraft,G2-B_aircraft-01,T019_1,5372.702880894794,6891.727225306649,,,U06,existing
P12_3_456,G2,C_aircraft,G2-C_aircraft-01,T018,4074.1933815663424,6761.824258936959,,,NEW-C_aircraft-01,procurement_required
P12_3_456,G2,A_batteries,G2-A_batteries-01,T007_HARD,0.0,2761.062337358848,T014_1,1008.0118626104172,A03,existing
P12_3_456,G2,A_batteries,G2-A_batteries-01,T014_1,3769.074199969265,6580.0266291174285,,,A03,existing
P12_3_456,G2,A_batteries,G2-A_batteries-02,T007_SOFT,0.0,2779.9496716386757,T016,2689.8827329990536,A04,existing
P12_3_456,G2,A_batteries,G2-A_batteries-02,T016,5469.832404637729,8301.566821462397,,,A04,existing
P12_3_456,G2,A_batteries,G2-A_batteries-03,T007,3667.074199969267,7728.37856016178,,,A05,existing
P12_3_456,G2,A_batteries,G2-A_batteries-04,T020,3687.0741999692646,6897.284697633159,,,A06,existing
P12_3_456,G2,B_batteries,G2-B_batteries-01,T019_1,5372.702880894794,8356.40930924514,,,B03,existing
P12_3_456,G2,C_batteries,G2-C_batteries-01,T018,4074.1933815663424,9324.985226007513,,,C04,existing
P12_3_456,G2,relay_aircraft,G2-relay_aircraft-01,R001,190.137319029409,1999.297638856333,R002,1907.9138801423414,R02,existing
P12_3_456,G2,relay_aircraft,G2-relay_aircraft-01,R002,3907.2115189986744,7516.130043494062,,,R02,existing
P12_3_456,G2,relay_components,G2-relay_components-01,R001,190.137319029409,2344.3073253046314,R002,1562.904193694043,RE02,existing
P12_3_456,G2,relay_components,G2-relay_components-01,R002,3907.2115189986744,8084.5472154177,,,RE02,existing
P12_3_456,G3,A_aircraft,G3-A_aircraft-01,T009,0.0,1316.0142144169886,,,NEW-A_aircraft-01,procurement_required
P12_3_456,G3,B_aircraft,G3-B_aircraft-01,T002_2,0.0,1500.9693925601796,T008,5.000099999999975,NEW-B_aircraft-01,procurement_required
P12_3_456,G3,B_aircraft,G3-B_aircraft-01,T008,1505.9694925601796,3350.508382715747,T006,158.08762043392517,NEW-B_aircraft-01,procurement_required
P12_3_456,G3,B_aircraft,G3-B_aircraft-01,T006,3508.596003149672,4698.226288886111,,,NEW-B_aircraft-01,procurement_required
P12_3_456,G3,B_aircraft,G3-B_aircraft-02,T015,0.0,1554.5713591276817,T011,5.000100000000202,NEW-B_aircraft-02,procurement_required
P12_3_456,G3,B_aircraft,G3-B_aircraft-02,T011,1559.571459127682,3503.5959031496714,,,NEW-B_aircraft-02,procurement_required
P12_3_456,G3,C_aircraft,G3-C_aircraft-01,T010_2,0.0,1433.035082877992,,,NEW-C_aircraft-02,procurement_required
P12_3_456,G3,A_batteries,G3-A_batteries-01,T009,0.0,2207.8690163260853,,,NEW-A_batteries-01,procurement_required
P12_3_456,G3,B_batteries,G3-B_batteries-01,T002_2,0.0,2956.647180248775,T006,551.9488229008971,B04,existing
P12_3_456,G3,B_batteries,G3-B_batteries-01,T006,3508.596003149672,5831.667165848992,,,B04,existing
P12_3_456,G3,B_batteries,G3-B_batteries-02,T015,0.0,3010.3575010505742,,,NEW-B_batteries-01,procurement_required
P12_3_456,G3,B_batteries,G3-B_batteries-03,T008,1505.9694925601796,4939.170345795129,,,NEW-B_batteries-02,procurement_required
P12_3_456,G3,B_batteries,G3-B_batteries-04,T011,1559.571459127682,5367.702780894794,,,NEW-B_batteries-03,procurement_required
P12_3_456,G3,C_batteries,G3-C_batteries-01,T010_2,0.0,2880.8082760764496,,,NEW-C_batteries-01,procurement_required
P12_3_456,G3,relay_aircraft,G3-relay_aircraft-01,R004,96.18236555369045,3902.2114189986755,,,NEW-relay_aircraft-01,procurement_required
P12_3_456,G3,relay_components,G3-relay_components-01,R004,96.18236555369045,4498.791383917484,,,RE03,existing
P1345_2_6,G1,A_aircraft,G1-A_aircraft-01,T005,0.0,1312.470877312685,T020,2374.6033226565796,U01,existing
P1345_2_6,G1,A_aircraft,G1-A_aircraft-01,T020,3687.0741999692646,5657.284046946083,,,U01,existing
P1345_2_6,G1,A_aircraft,G1-A_aircraft-02,T007_HARD,0.0,1712.4416357195464,T016,3757.390768918183,U02,existing
P1345_2_6,G1,A_aircraft,G1-A_aircraft-02,T016,5469.832404637729,7165.590509306194,,,U02,existing
P1345_2_6,G1,A_aircraft,G1-A_aircraft-03,T007_SOFT,0.0,1712.4416357195464,T014_1,2056.6325642497186,U03,existing
P1345_2_6,G1,A_aircraft,G1-A_aircraft-03,T014_1,3769.074199969265,5464.83230463773,,,U03,existing
P1345_2_6,G1,A_aircraft,G1-A_aircraft-04,T009,0.0,1316.0142144169886,T007,2351.0599855522782,U04,existing
P1345_2_6,G1,A_aircraft,G1-A_aircraft-04,T007,3667.074199969267,6275.115097078189,,,U04,existing
P1345_2_6,G1,B_aircraft,G1-B_aircraft-01,T002_2,0.0,1500.9693925601796,T008,5.000099999999975,U05,existing
P1345_2_6,G1,B_aircraft,G1-B_aircraft-01,T008,1505.9694925601796,3350.508382715747,T019_1,2022.1944981790475,U05,existing
P1345_2_6,G1,B_aircraft,G1-B_aircraft-01,T019_1,5372.702880894794,6891.727225306649,,,U05,existing
P1345_2_6,G1,B_aircraft,G1-B_aircraft-02,T015,0.0,1554.5713591276817,T011,5.000100000000202,U06,existing
P1345_2_6,G1,B_aircraft,G1-B_aircraft-02,T011,1559.571459127682,3503.5959031496714,,,U06,existing
P1345_2_6,G1,C_aircraft,G1-C_aircraft-01,T001,0.0,1561.4261775174655,T018,2512.767204048877,U07,existing
P1345_2_6,G1,C_aircraft,G1-C_aircraft-01,T018,4074.1933815663424,6761.824258936959,,,U07,existing
P1345_2_6,G1,C_aircraft,G1-C_aircraft-02,T010_2,0.0,1433.035082877992,T003,5.000099999999975,U08,existing
P1345_2_6,G1,C_aircraft,G1-C_aircraft-02,T003,1438.035182877992,2867.4613603954576,,,U08,existing
P1345_2_6,G1,A_batteries,G1-A_batteries-01,T005,0.0,2178.7887122874713,T020,1508.2854876817933,A01,existing
P1345_2_6,G1,A_batteries,G1-A_batteries-01,T020,3687.0741999692646,6897.284697633159,,,A01,existing
P1345_2_6,G1,A_batteries,G1-A_batteries-02,T007_HARD,0.0,2761.062337358848,T014_1,1008.0118626104172,A02,existing
P1345_2_6,G1,A_batteries,G1-A_batteries-02,T014_1,3769.074199969265,6580.0266291174285,,,A02,existing
P1345_2_6,G1,A_batteries,G1-A_batteries-03,T007_SOFT,0.0,2779.9496716386757,T016,2689.8827329990536,A03,existing
P1345_2_6,G1,A_batteries,G1-A_batteries-03,T016,5469.832404637729,8301.566821462397,,,A03,existing
P1345_2_6,G1,A_batteries,G1-A_batteries-04,T009,0.0,2207.8690163260853,T007,1459.2051836431815,A04,existing
P1345_2_6,G1,A_batteries,G1-A_batteries-04,T007,3667.074199969267,7728.37856016178,,,A04,existing
P1345_2_6,G1,B_batteries,G1-B_batteries-01,T002_2,0.0,2956.647180248775,T019_1,2416.0557006460194,B01,existing
P1345_2_6,G1,B_batteries,G1-B_batteries-01,T019_1,5372.702880894794,8356.40930924514,,,B01,existing
P1345_2_6,G1,B_batteries,G1-B_batteries-02,T015,0.0,3010.3575010505742,,,B02,existing
P1345_2_6,G1,B_batteries,G1-B_batteries-03,T008,1505.9694925601796,4939.170345795129,,,B03,existing
P1345_2_6,G1,B_batteries,G1-B_batteries-04,T011,1559.571459127682,5367.702780894794,,,B04,existing
P1345_2_6,G1,C_batteries,G1-C_batteries-01,T001,0.0,3150.0928537629516,,,C01,existing
P1345_2_6,G1,C_batteries,G1-C_batteries-02,T010_2,0.0,2880.8082760764496,T018,1193.3851054898928,C02,existing
P1345_2_6,G1,C_batteries,G1-C_batteries-02,T018,4074.1933815663424,9324.985226007513,,,C02,existing
P1345_2_6,G1,C_batteries,G1-C_batteries-03,T003,1438.035182877992,4385.641813543676,,,C03,existing
P1345_2_6,G1,relay_aircraft,G1-relay_aircraft-01,R004,96.18236555369045,3902.2114189986755,,,R01,existing
P1345_2_6,G1,relay_aircraft,G1-relay_aircraft-02,R001,190.137319029409,1999.297638856333,R002,1907.9138801423414,R02,existing
P1345_2_6,G1,relay_aircraft,G1-relay_aircraft-02,R002,3907.2115189986744,7516.130043494062,,,R02,existing
P1345_2_6,G1,relay_components,G1-relay_components-01,R004,96.18236555369045,4498.791383917484,,,RE01,existing
P1345_2_6,G1,relay_components,G1-relay_components-02,R001,190.137319029409,2344.3073253046314,R002,1562.904193694043,RE02,existing
P1345_2_6,G1,relay_components,G1-relay_components-02,R002,3907.2115189986744,8084.5472154177,,,RE02,existing
P1345_2_6,G2,A_aircraft,G2-A_aircraft-01,T004,2004.1116402878897,4285.571599124281,T022,5.000100000000202,NEW-A_aircraft-01,procurement_required
P1345_2_6,G2,A_aircraft,G2-A_aircraft-01,T022,4290.571699124282,5982.106185363231,,,NEW-A_aircraft-01,procurement_required
P1345_2_6,G2,B_aircraft,G2-B_aircraft-01,T013,3355.5084827157466,5313.549754202741,T021,0.00010000000111176632,NEW-B_aircraft-01,procurement_required
P1345_2_6,G2,B_aircraft,G2-B_aircraft-01,T021,5313.549854202742,7211.591125689736,,,NEW-B_aircraft-01,procurement_required
P1345_2_6,G2,C_aircraft,G2-C_aircraft-01,T012,1954.1116402878895,4069.193281566342,,,NEW-C_aircraft-01,procurement_required
P1345_2_6,G2,C_aircraft,G2-C_aircraft-02,T014_2,3155.0929537629518,5460.277018730793,,,NEW-C_aircraft-02,procurement_required
P1345_2_6,G2,A_batteries,G2-A_batteries-01,T004,2004.1116402878897,5653.515220902664,,,A05,existing
P1345_2_6,G2,A_batteries,G2-A_batteries-02,T022,4290.571699124282,7157.600692042686,,,A06,existing
P1345_2_6,G2,B_batteries,G2-B_batteries-01,T013,3355.5084827157466,7272.795381688331,,,NEW-B_batteries-01,procurement_required
P1345_2_6,G2,B_batteries,G2-B_batteries-02,T021,5313.549854202742,9078.773277607346,,,NEW-B_batteries-02,procurement_required
P1345_2_6,G2,C_batteries,G2-C_batteries-01,T012,1954.1116402878895,6561.858999018011,,,C04,existing
P1345_2_6,G2,C_batteries,G2-C_batteries-02,T014_2,3155.0929537629518,7966.52367812528,,,NEW-C_batteries-01,procurement_required
P1345_2_6,G2,relay_aircraft,G2-relay_aircraft-01,R003,2004.2977389089663,7744.455885352581,,,NEW-relay_aircraft-01,procurement_required
P1345_2_6,G2,relay_components,G2-relay_components-01,R003,2004.2977389089663,8588.743789022035,,,RE03,existing
P1345_2_6,G3,B_aircraft,G3-B_aircraft-01,T006,3508.596003149672,4698.226288886111,,,NEW-B_aircraft-02,procurement_required
P1345_2_6,G3,B_batteries,G3-B_batteries-01,T006,3508.596003149672,5831.667165848992,,,NEW-B_batteries-03,procurement_required
P134_25_6,G1,A_aircraft,G1-A_aircraft-01,T005,0.0,1312.470877312685,T020,2374.6033226565796,U01,existing
P134_25_6,G1,A_aircraft,G1-A_aircraft-01,T020,3687.0741999692646,5657.284046946083,,,U01,existing
P134_25_6,G1,A_aircraft,G1-A_aircraft-02,T007_HARD,0.0,1712.4416357195464,T016,3757.390768918183,U02,existing
P134_25_6,G1,A_aircraft,G1-A_aircraft-02,T016,5469.832404637729,7165.590509306194,,,U02,existing
P134_25_6,G1,A_aircraft,G1-A_aircraft-03,T007_SOFT,0.0,1712.4416357195464,T014_1,2056.6325642497186,U03,existing
P134_25_6,G1,A_aircraft,G1-A_aircraft-03,T014_1,3769.074199969265,5464.83230463773,,,U03,existing
P134_25_6,G1,A_aircraft,G1-A_aircraft-04,T009,0.0,1316.0142144169886,T007,2351.0599855522782,U04,existing
P134_25_6,G1,A_aircraft,G1-A_aircraft-04,T007,3667.074199969267,6275.115097078189,,,U04,existing
P134_25_6,G1,B_aircraft,G1-B_aircraft-01,T019_1,5372.702880894794,6891.727225306649,,,U05,existing
P134_25_6,G1,C_aircraft,G1-C_aircraft-01,T001,0.0,1561.4261775174655,T018,2512.767204048877,U07,existing
P134_25_6,G1,C_aircraft,G1-C_aircraft-01,T018,4074.1933815663424,6761.824258936959,,,U07,existing
P134_25_6,G1,C_aircraft,G1-C_aircraft-02,T010_2,0.0,1433.035082877992,T003,5.000099999999975,U08,existing
P134_25_6,G1,C_aircraft,G1-C_aircraft-02,T003,1438.035182877992,2867.4613603954576,,,U08,existing
P134_25_6,G1,A_batteries,G1-A_batteries-01,T005,0.0,2178.7887122874713,T020,1508.2854876817933,A01,existing
P134_25_6,G1,A_batteries,G1-A_batteries-01,T020,3687.0741999692646,6897.284697633159,,,A01,existing
P134_25_6,G1,A_batteries,G1-A_batteries-02,T007_HARD,0.0,2761.062337358848,T014_1,1008.0118626104172,A02,existing
P134_25_6,G1,A_batteries,G1-A_batteries-02,T014_1,3769.074199969265,6580.0266291174285,,,A02,existing
P134_25_6,G1,A_batteries,G1-A_batteries-03,T007_SOFT,0.0,2779.9496716386757,T016,2689.8827329990536,A03,existing
P134_25_6,G1,A_batteries,G1-A_batteries-03,T016,5469.832404637729,8301.566821462397,,,A03,existing
P134_25_6,G1,A_batteries,G1-A_batteries-04,T009,0.0,2207.8690163260853,T007,1459.2051836431815,A04,existing
P134_25_6,G1,A_batteries,G1-A_batteries-04,T007,3667.074199969267,7728.37856016178,,,A04,existing
P134_25_6,G1,B_batteries,G1-B_batteries-01,T019_1,5372.702880894794,8356.40930924514,,,B01,existing
P134_25_6,G1,C_batteries,G1-C_batteries-01,T001,0.0,3150.0928537629516,,,C01,existing
P134_25_6,G1,C_batteries,G1-C_batteries-02,T010_2,0.0,2880.8082760764496,T018,1193.3851054898928,C02,existing
P134_25_6,G1,C_batteries,G1-C_batteries-02,T018,4074.1933815663424,9324.985226007513,,,C02,existing
P134_25_6,G1,C_batteries,G1-C_batteries-03,T003,1438.035182877992,4385.641813543676,,,C03,existing
P134_25_6,G1,relay_aircraft,G1-relay_aircraft-01,R001,190.137319029409,1999.297638856333,R002,1907.9138801423414,R01,existing
P134_25_6,G1,relay_aircraft,G1-relay_aircraft-01,R002,3907.2115189986744,7516.130043494062,,,R01,existing
P134_25_6,G1,relay_components,G1-relay_components-01,R001,190.137319029409,2344.3073253046314,R002,1562.904193694043,RE01,existing
P134_25_6,G1,relay_components,G1-relay_components-01,R002,3907.2115189986744,8084.5472154177,,,RE01,existing
P134_25_6,G2,A_aircraft,G2-A_aircraft-01,T004,2004.1116402878897,4285.571599124281,T022,5.000100000000202,NEW-A_aircraft-01,procurement_required
P134_25_6,G2,A_aircraft,G2-A_aircraft-01,T022,4290.571699124282,5982.106185363231,,,NEW-A_aircraft-01,procurement_required
P134_25_6,G2,B_aircraft,G2-B_aircraft-01,T002_2,0.0,1500.9693925601796,T008,5.000099999999975,U06,existing
P134_25_6,G2,B_aircraft,G2-B_aircraft-01,T008,1505.9694925601796,3350.508382715747,T013,5.0000999999997475,U06,existing
P134_25_6,G2,B_aircraft,G2-B_aircraft-01,T013,3355.5084827157466,5313.549754202741,,,U06,existing
P134_25_6,G2,B_aircraft,G2-B_aircraft-02,T015,0.0,1554.5713591276817,T011,5.000100000000202,NEW-B_aircraft-01,procurement_required
P134_25_6,G2,B_aircraft,G2-B_aircraft-02,T011,1559.571459127682,3503.5959031496714,T021,1809.9539510530703,NEW-B_aircraft-01,procurement_required
P134_25_6,G2,B_aircraft,G2-B_aircraft-02,T021,5313.549854202742,7211.591125689736,,,NEW-B_aircraft-01,procurement_required
P134_25_6,G2,C_aircraft,G2-C_aircraft-01,T012,1954.1116402878895,4069.193281566342,,,NEW-C_aircraft-01,procurement_required
P134_25_6,G2,C_aircraft,G2-C_aircraft-02,T014_2,3155.0929537629518,5460.277018730793,,,NEW-C_aircraft-02,procurement_required
P134_25_6,G2,A_batteries,G2-A_batteries-01,T004,2004.1116402878897,5653.515220902664,,,A05,existing
P134_25_6,G2,A_batteries,G2-A_batteries-02,T022,4290.571699124282,7157.600692042686,,,A06,existing
P134_25_6,G2,B_batteries,G2-B_batteries-01,T002_2,0.0,2956.647180248775,T013,398.86130246697167,B02,existing
P134_25_6,G2,B_batteries,G2-B_batteries-01,T013,3355.5084827157466,7272.795381688331,,,B02,existing
P134_25_6,G2,B_batteries,G2-B_batteries-02,T015,0.0,3010.3575010505742,T021,2303.1923531521675,B03,existing
P134_25_6,G2,B_batteries,G2-B_batteries-02,T021,5313.549854202742,9078.773277607346,,,B03,existing
P134_25_6,G2,B_batteries,G2-B_batteries-03,T008,1505.9694925601796,4939.170345795129,,,B04,existing
P134_25_6,G2,B_batteries,G2-B_batteries-04,T011,1559.571459127682,5367.702780894794,,,NEW-B_batteries-01,procurement_required
P134_25_6,G2,C_batteries,G2-C_batteries-01,T012,1954.1116402878895,6561.858999018011,,,C04,existing
P134_25_6,G2,C_batteries,G2-C_batteries-02,T014_2,3155.0929537629518,7966.52367812528,,,NEW-C_batteries-01,procurement_required
P134_25_6,G2,relay_aircraft,G2-relay_aircraft-01,R004,96.18236555369045,3902.2114189986755,,,R02,existing
P134_25_6,G2,relay_aircraft,G2-relay_aircraft-02,R003,2004.2977389089663,7744.455885352581,,,NEW-relay_aircraft-01,procurement_required
P134_25_6,G2,relay_components,G2-relay_components-01,R004,96.18236555369045,4498.791383917484,,,RE02,existing
P134_25_6,G2,relay_components,G2-relay_components-02,R003,2004.2977389089663,8588.743789022035,,,RE03,existing
P134_25_6,G3,B_aircraft,G3-B_aircraft-01,T006,3508.596003149672,4698.226288886111,,,NEW-B_aircraft-02,procurement_required
P134_25_6,G3,B_batteries,G3-B_batteries-01,T006,3508.596003149672,5831.667165848992,,,NEW-B_batteries-02,procurement_required
P1346_2_5,G1,A_aircraft,G1-A_aircraft-01,T005,0.0,1312.470877312685,T020,2374.6033226565796,U01,existing
P1346_2_5,G1,A_aircraft,G1-A_aircraft-01,T020,3687.0741999692646,5657.284046946083,,,U01,existing
P1346_2_5,G1,A_aircraft,G1-A_aircraft-02,T007_HARD,0.0,1712.4416357195464,T016,3757.390768918183,U02,existing
P1346_2_5,G1,A_aircraft,G1-A_aircraft-02,T016,5469.832404637729,7165.590509306194,,,U02,existing
P1346_2_5,G1,A_aircraft,G1-A_aircraft-03,T007_SOFT,0.0,1712.4416357195464,T014_1,2056.6325642497186,U03,existing
P1346_2_5,G1,A_aircraft,G1-A_aircraft-03,T014_1,3769.074199969265,5464.83230463773,,,U03,existing
P1346_2_5,G1,A_aircraft,G1-A_aircraft-04,T009,0.0,1316.0142144169886,T007,2351.0599855522782,U04,existing
P1346_2_5,G1,A_aircraft,G1-A_aircraft-04,T007,3667.074199969267,6275.115097078189,,,U04,existing
P1346_2_5,G1,B_aircraft,G1-B_aircraft-01,T006,3508.596003149672,4698.226288886111,T019_1,674.4765920086829,U05,existing
P1346_2_5,G1,B_aircraft,G1-B_aircraft-01,T019_1,5372.702880894794,6891.727225306649,,,U05,existing
P1346_2_5,G1,C_aircraft,G1-C_aircraft-01,T001,0.0,1561.4261775174655,T018,2512.767204048877,U07,existing
P1346_2_5,G1,C_aircraft,G1-C_aircraft-01,T018,4074.1933815663424,6761.824258936959,,,U07,existing
P1346_2_5,G1,C_aircraft,G1-C_aircraft-02,T010_2,0.0,1433.035082877992,T003,5.000099999999975,U08,existing
P1346_2_5,G1,C_aircraft,G1-C_aircraft-02,T003,1438.035182877992,2867.4613603954576,,,U08,existing
P1346_2_5,G1,A_batteries,G1-A_batteries-01,T005,0.0,2178.7887122874713,T020,1508.2854876817933,A01,existing
P1346_2_5,G1,A_batteries,G1-A_batteries-01,T020,3687.0741999692646,6897.284697633159,,,A01,existing
P1346_2_5,G1,A_batteries,G1-A_batteries-02,T007_HARD,0.0,2761.062337358848,T014_1,1008.0118626104172,A02,existing
P1346_2_5,G1,A_batteries,G1-A_batteries-02,T014_1,3769.074199969265,6580.0266291174285,,,A02,existing
P1346_2_5,G1,A_batteries,G1-A_batteries-03,T007_SOFT,0.0,2779.9496716386757,T016,2689.8827329990536,A03,existing
P1346_2_5,G1,A_batteries,G1-A_batteries-03,T016,5469.832404637729,8301.566821462397,,,A03,existing
P1346_2_5,G1,A_batteries,G1-A_batteries-04,T009,0.0,2207.8690163260853,T007,1459.2051836431815,A04,existing
P1346_2_5,G1,A_batteries,G1-A_batteries-04,T007,3667.074199969267,7728.37856016178,,,A04,existing
P1346_2_5,G1,B_batteries,G1-B_batteries-01,T006,3508.596003149672,5831.667165848992,,,B01,existing
P1346_2_5,G1,B_batteries,G1-B_batteries-02,T019_1,5372.702880894794,8356.40930924514,,,B02,existing
P1346_2_5,G1,C_batteries,G1-C_batteries-01,T001,0.0,3150.0928537629516,,,C01,existing
P1346_2_5,G1,C_batteries,G1-C_batteries-02,T010_2,0.0,2880.8082760764496,T018,1193.3851054898928,C02,existing
P1346_2_5,G1,C_batteries,G1-C_batteries-02,T018,4074.1933815663424,9324.985226007513,,,C02,existing
P1346_2_5,G1,C_batteries,G1-C_batteries-03,T003,1438.035182877992,4385.641813543676,,,C03,existing
P1346_2_5,G1,relay_aircraft,G1-relay_aircraft-01,R001,190.137319029409,1999.297638856333,R002,1907.9138801423414,R01,existing
P1346_2_5,G1,relay_aircraft,G1-relay_aircraft-01,R002,3907.2115189986744,7516.130043494062,,,R01,existing
P1346_2_5,G1,relay_components,G1-relay_components-01,R001,190.137319029409,2344.3073253046314,R002,1562.904193694043,RE01,existing
P1346_2_5,G1,relay_components,G1-relay_components-01,R002,3907.2115189986744,8084.5472154177,,,RE01,existing
P1346_2_5,G2,A_aircraft,G2-A_aircraft-01,T004,2004.1116402878897,4285.571599124281,T022,5.000100000000202,NEW-A_aircraft-01,procurement_required
P1346_2_5,G2,A_aircraft,G2-A_aircraft-01,T022,4290.571699124282,5982.106185363231,,,NEW-A_aircraft-01,procurement_required
P1346_2_5,G2,B_aircraft,G2-B_aircraft-01,T013,3355.5084827157466,5313.549754202741,T021,0.00010000000111176632,U06,existing
P1346_2_5,G2,B_aircraft,G2-B_aircraft-01,T021,5313.549854202742,7211.591125689736,,,U06,existing
P1346_2_5,G2,C_aircraft,G2-C_aircraft-01,T012,1954.1116402878895,4069.193281566342,,,NEW-C_aircraft-01,procurement_required
P1346_2_5,G2,C_aircraft,G2-C_aircraft-02,T014_2,3155.0929537629518,5460.277018730793,,,NEW-C_aircraft-02,procurement_required
P1346_2_5,G2,A_batteries,G2-A_batteries-01,T004,2004.1116402878897,5653.515220902664,,,A05,existing
P1346_2_5,G2,A_batteries,G2-A_batteries-02,T022,4290.571699124282,7157.600692042686,,,A06,existing
P1346_2_5,G2,B_batteries,G2-B_batteries-01,T013,3355.5084827157466,7272.795381688331,,,B03,existing
P1346_2_5,G2,B_batteries,G2-B_batteries-02,T021,5313.549854202742,9078.773277607346,,,B04,existing
P1346_2_5,G2,C_batteries,G2-C_batteries-01,T012,1954.1116402878895,6561.858999018011,,,C04,existing
P1346_2_5,G2,C_batteries,G2-C_batteries-02,T014_2,3155.0929537629518,7966.52367812528,,,NEW-C_batteries-01,procurement_required
P1346_2_5,G2,relay_aircraft,G2-relay_aircraft-01,R003,2004.2977389089663,7744.455885352581,,,R02,existing
P1346_2_5,G2,relay_components,G2-relay_components-01,R003,2004.2977389089663,8588.743789022035,,,RE02,existing
P1346_2_5,G3,B_aircraft,G3-B_aircraft-01,T002_2,0.0,1500.9693925601796,T008,5.000099999999975,NEW-B_aircraft-01,procurement_required
P1346_2_5,G3,B_aircraft,G3-B_aircraft-01,T008,1505.9694925601796,3350.508382715747,,,NEW-B_aircraft-01,procurement_required
P1346_2_5,G3,B_aircraft,G3-B_aircraft-02,T015,0.0,1554.5713591276817,T011,5.000100000000202,NEW-B_aircraft-02,procurement_required
P1346_2_5,G3,B_aircraft,G3-B_aircraft-02,T011,1559.571459127682,3503.5959031496714,,,NEW-B_aircraft-02,procurement_required
P1346_2_5,G3,B_batteries,G3-B_batteries-01,T002_2,0.0,2956.647180248775,,,NEW-B_batteries-01,procurement_required
P1346_2_5,G3,B_batteries,G3-B_batteries-02,T015,0.0,3010.3575010505742,,,NEW-B_batteries-02,procurement_required
P1346_2_5,G3,B_batteries,G3-B_batteries-03,T008,1505.9694925601796,4939.170345795129,,,NEW-B_batteries-03,procurement_required
P1346_2_5,G3,B_batteries,G3-B_batteries-04,T011,1559.571459127682,5367.702780894794,,,NEW-B_batteries-04,procurement_required
P1346_2_5,G3,relay_aircraft,G3-relay_aircraft-01,R004,96.18236555369045,3902.2114189986755,,,NEW-relay_aircraft-01,procurement_required
P1346_2_5,G3,relay_components,G3-relay_components-01,R004,96.18236555369045,4498.791383917484,,,RE03,existing
P134_26_5,G1,A_aircraft,G1-A_aircraft-01,T005,0.0,1312.470877312685,T020,2374.6033226565796,U01,existing
P134_26_5,G1,A_aircraft,G1-A_aircraft-01,T020,3687.0741999692646,5657.284046946083,,,U01,existing
P134_26_5,G1,A_aircraft,G1-A_aircraft-02,T007_HARD,0.0,1712.4416357195464,T016,3757.390768918183,U02,existing
P134_26_5,G1,A_aircraft,G1-A_aircraft-02,T016,5469.832404637729,7165.590509306194,,,U02,existing
P134_26_5,G1,A_aircraft,G1-A_aircraft-03,T007_SOFT,0.0,1712.4416357195464,T014_1,2056.6325642497186,U03,existing
P134_26_5,G1,A_aircraft,G1-A_aircraft-03,T014_1,3769.074199969265,5464.83230463773,,,U03,existing
P134_26_5,G1,A_aircraft,G1-A_aircraft-04,T009,0.0,1316.0142144169886,T007,2351.0599855522782,U04,existing
P134_26_5,G1,A_aircraft,G1-A_aircraft-04,T007,3667.074199969267,6275.115097078189,,,U04,existing
P134_26_5,G1,B_aircraft,G1-B_aircraft-01,T019_1,5372.702880894794,6891.727225306649,,,U05,existing
P134_26_5,G1,C_aircraft,G1-C_aircraft-01,T001,0.0,1561.4261775174655,T018,2512.767204048877,U07,existing
P134_26_5,G1,C_aircraft,G1-C_aircraft-01,T018,4074.1933815663424,6761.824258936959,,,U07,existing
P134_26_5,G1,C_aircraft,G1-C_aircraft-02,T010_2,0.0,1433.035082877992,T003,5.000099999999975,U08,existing
P134_26_5,G1,C_aircraft,G1-C_aircraft-02,T003,1438.035182877992,2867.4613603954576,,,U08,existing
P134_26_5,G1,A_batteries,G1-A_batteries-01,T005,0.0,2178.7887122874713,T020,1508.2854876817933,A01,existing
P134_26_5,G1,A_batteries,G1-A_batteries-01,T020,3687.0741999692646,6897.284697633159,,,A01,existing
P134_26_5,G1,A_batteries,G1-A_batteries-02,T007_HARD,0.0,2761.062337358848,T014_1,1008.0118626104172,A02,existing
P134_26_5,G1,A_batteries,G1-A_batteries-02,T014_1,3769.074199969265,6580.0266291174285,,,A02,existing
P134_26_5,G1,A_batteries,G1-A_batteries-03,T007_SOFT,0.0,2779.9496716386757,T016,2689.8827329990536,A03,existing
P134_26_5,G1,A_batteries,G1-A_batteries-03,T016,5469.832404637729,8301.566821462397,,,A03,existing
P134_26_5,G1,A_batteries,G1-A_batteries-04,T009,0.0,2207.8690163260853,T007,1459.2051836431815,A04,existing
P134_26_5,G1,A_batteries,G1-A_batteries-04,T007,3667.074199969267,7728.37856016178,,,A04,existing
P134_26_5,G1,B_batteries,G1-B_batteries-01,T019_1,5372.702880894794,8356.40930924514,,,B01,existing
P134_26_5,G1,C_batteries,G1-C_batteries-01,T001,0.0,3150.0928537629516,,,C01,existing
P134_26_5,G1,C_batteries,G1-C_batteries-02,T010_2,0.0,2880.8082760764496,T018,1193.3851054898928,C02,existing
P134_26_5,G1,C_batteries,G1-C_batteries-02,T018,4074.1933815663424,9324.985226007513,,,C02,existing
P134_26_5,G1,C_batteries,G1-C_batteries-03,T003,1438.035182877992,4385.641813543676,,,C03,existing
P134_26_5,G1,relay_aircraft,G1-relay_aircraft-01,R001,190.137319029409,1999.297638856333,R002,1907.9138801423414,R01,existing
P134_26_5,G1,relay_aircraft,G1-relay_aircraft-01,R002,3907.2115189986744,7516.130043494062,,,R01,existing
P134_26_5,G1,relay_components,G1-relay_components-01,R001,190.137319029409,2344.3073253046314,R002,1562.904193694043,RE01,existing
P134_26_5,G1,relay_components,G1-relay_components-01,R002,3907.2115189986744,8084.5472154177,,,RE01,existing
P134_26_5,G2,A_aircraft,G2-A_aircraft-01,T004,2004.1116402878897,4285.571599124281,T022,5.000100000000202,NEW-A_aircraft-01,procurement_required
P134_26_5,G2,A_aircraft,G2-A_aircraft-01,T022,4290.571699124282,5982.106185363231,,,NEW-A_aircraft-01,procurement_required
P134_26_5,G2,B_aircraft,G2-B_aircraft-01,T013,3355.5084827157466,5313.549754202741,,,U06,existing
P134_26_5,G2,B_aircraft,G2-B_aircraft-02,T006,3508.596003149672,4698.226288886111,T021,615.3235653166303,NEW-B_aircraft-01,procurement_required
P134_26_5,G2,B_aircraft,G2-B_aircraft-02,T021,5313.549854202742,7211.591125689736,,,NEW-B_aircraft-01,procurement_required
P134_26_5,G2,C_aircraft,G2-C_aircraft-01,T012,1954.1116402878895,4069.193281566342,,,NEW-C_aircraft-01,procurement_required
P134_26_5,G2,C_aircraft,G2-C_aircraft-02,T014_2,3155.0929537629518,5460.277018730793,,,NEW-C_aircraft-02,procurement_required
P134_26_5,G2,A_batteries,G2-A_batteries-01,T004,2004.1116402878897,5653.515220902664,,,A05,existing
P134_26_5,G2,A_batteries,G2-A_batteries-02,T022,4290.571699124282,7157.600692042686,,,A06,existing
P134_26_5,G2,B_batteries,G2-B_batteries-01,T013,3355.5084827157466,7272.795381688331,,,B02,existing
P134_26_5,G2,B_batteries,G2-B_batteries-02,T006,3508.596003149672,5831.667165848992,,,B03,existing
P134_26_5,G2,B_batteries,G2-B_batteries-03,T021,5313.549854202742,9078.773277607346,,,B04,existing
P134_26_5,G2,C_batteries,G2-C_batteries-01,T012,1954.1116402878895,6561.858999018011,,,C04,existing
P134_26_5,G2,C_batteries,G2-C_batteries-02,T014_2,3155.0929537629518,7966.52367812528,,,NEW-C_batteries-01,procurement_required
P134_26_5,G2,relay_aircraft,G2-relay_aircraft-01,R003,2004.2977389089663,7744.455885352581,,,R02,existing
P134_26_5,G2,relay_components,G2-relay_components-01,R003,2004.2977389089663,8588.743789022035,,,RE02,existing
P134_26_5,G3,B_aircraft,G3-B_aircraft-01,T002_2,0.0,1500.9693925601796,T008,5.000099999999975,NEW-B_aircraft-02,procurement_required
P134_26_5,G3,B_aircraft,G3-B_aircraft-01,T008,1505.9694925601796,3350.508382715747,,,NEW-B_aircraft-02,procurement_required
P134_26_5,G3,B_aircraft,G3-B_aircraft-02,T015,0.0,1554.5713591276817,T011,5.000100000000202,NEW-B_aircraft-03,procurement_required
P134_26_5,G3,B_aircraft,G3-B_aircraft-02,T011,1559.571459127682,3503.5959031496714,,,NEW-B_aircraft-03,procurement_required
P134_26_5,G3,B_batteries,G3-B_batteries-01,T002_2,0.0,2956.647180248775,,,NEW-B_batteries-01,procurement_required
P134_26_5,G3,B_batteries,G3-B_batteries-02,T015,0.0,3010.3575010505742,,,NEW-B_batteries-02,procurement_required
P134_26_5,G3,B_batteries,G3-B_batteries-03,T008,1505.9694925601796,4939.170345795129,,,NEW-B_batteries-03,procurement_required
P134_26_5,G3,B_batteries,G3-B_batteries-04,T011,1559.571459127682,5367.702780894794,,,NEW-B_batteries-04,procurement_required
P134_26_5,G3,relay_aircraft,G3-relay_aircraft-01,R004,96.18236555369045,3902.2114189986755,,,NEW-relay_aircraft-01,procurement_required
P134_26_5,G3,relay_components,G3-relay_components-01,R004,96.18236555369045,4498.791383917484,,,RE03,existing
P134_2_56,G1,A_aircraft,G1-A_aircraft-01,T005,0.0,1312.470877312685,T020,2374.6033226565796,U01,existing
P134_2_56,G1,A_aircraft,G1-A_aircraft-01,T020,3687.0741999692646,5657.284046946083,,,U01,existing
P134_2_56,G1,A_aircraft,G1-A_aircraft-02,T007_HARD,0.0,1712.4416357195464,T016,3757.390768918183,U02,existing
P134_2_56,G1,A_aircraft,G1-A_aircraft-02,T016,5469.832404637729,7165.590509306194,,,U02,existing
P134_2_56,G1,A_aircraft,G1-A_aircraft-03,T007_SOFT,0.0,1712.4416357195464,T014_1,2056.6325642497186,U03,existing
P134_2_56,G1,A_aircraft,G1-A_aircraft-03,T014_1,3769.074199969265,5464.83230463773,,,U03,existing
P134_2_56,G1,A_aircraft,G1-A_aircraft-04,T009,0.0,1316.0142144169886,T007,2351.0599855522782,U04,existing
P134_2_56,G1,A_aircraft,G1-A_aircraft-04,T007,3667.074199969267,6275.115097078189,,,U04,existing
P134_2_56,G1,B_aircraft,G1-B_aircraft-01,T019_1,5372.702880894794,6891.727225306649,,,U05,existing
P134_2_56,G1,C_aircraft,G1-C_aircraft-01,T001,0.0,1561.4261775174655,T018,2512.767204048877,U07,existing
P134_2_56,G1,C_aircraft,G1-C_aircraft-01,T018,4074.1933815663424,6761.824258936959,,,U07,existing
P134_2_56,G1,C_aircraft,G1-C_aircraft-02,T010_2,0.0,1433.035082877992,T003,5.000099999999975,U08,existing
P134_2_56,G1,C_aircraft,G1-C_aircraft-02,T003,1438.035182877992,2867.4613603954576,,,U08,existing
P134_2_56,G1,A_batteries,G1-A_batteries-01,T005,0.0,2178.7887122874713,T020,1508.2854876817933,A01,existing
P134_2_56,G1,A_batteries,G1-A_batteries-01,T020,3687.0741999692646,6897.284697633159,,,A01,existing
P134_2_56,G1,A_batteries,G1-A_batteries-02,T007_HARD,0.0,2761.062337358848,T014_1,1008.0118626104172,A02,existing
P134_2_56,G1,A_batteries,G1-A_batteries-02,T014_1,3769.074199969265,6580.0266291174285,,,A02,existing
P134_2_56,G1,A_batteries,G1-A_batteries-03,T007_SOFT,0.0,2779.9496716386757,T016,2689.8827329990536,A03,existing
P134_2_56,G1,A_batteries,G1-A_batteries-03,T016,5469.832404637729,8301.566821462397,,,A03,existing
P134_2_56,G1,A_batteries,G1-A_batteries-04,T009,0.0,2207.8690163260853,T007,1459.2051836431815,A04,existing
P134_2_56,G1,A_batteries,G1-A_batteries-04,T007,3667.074199969267,7728.37856016178,,,A04,existing
P134_2_56,G1,B_batteries,G1-B_batteries-01,T019_1,5372.702880894794,8356.40930924514,,,B01,existing
P134_2_56,G1,C_batteries,G1-C_batteries-01,T001,0.0,3150.0928537629516,,,C01,existing
P134_2_56,G1,C_batteries,G1-C_batteries-02,T010_2,0.0,2880.8082760764496,T018,1193.3851054898928,C02,existing
P134_2_56,G1,C_batteries,G1-C_batteries-02,T018,4074.1933815663424,9324.985226007513,,,C02,existing
P134_2_56,G1,C_batteries,G1-C_batteries-03,T003,1438.035182877992,4385.641813543676,,,C03,existing
P134_2_56,G1,relay_aircraft,G1-relay_aircraft-01,R001,190.137319029409,1999.297638856333,R002,1907.9138801423414,R01,existing
P134_2_56,G1,relay_aircraft,G1-relay_aircraft-01,R002,3907.2115189986744,7516.130043494062,,,R01,existing
P134_2_56,G1,relay_components,G1-relay_components-01,R001,190.137319029409,2344.3073253046314,R002,1562.904193694043,RE01,existing
P134_2_56,G1,relay_components,G1-relay_components-01,R002,3907.2115189986744,8084.5472154177,,,RE01,existing
P134_2_56,G2,A_aircraft,G2-A_aircraft-01,T004,2004.1116402878897,4285.571599124281,T022,5.000100000000202,NEW-A_aircraft-01,procurement_required
P134_2_56,G2,A_aircraft,G2-A_aircraft-01,T022,4290.571699124282,5982.106185363231,,,NEW-A_aircraft-01,procurement_required
P134_2_56,G2,B_aircraft,G2-B_aircraft-01,T013,3355.5084827157466,5313.549754202741,T021,0.00010000000111176632,U06,existing
P134_2_56,G2,B_aircraft,G2-B_aircraft-01,T021,5313.549854202742,7211.591125689736,,,U06,existing
P134_2_56,G2,C_aircraft,G2-C_aircraft-01,T012,1954.1116402878895,4069.193281566342,,,NEW-C_aircraft-01,procurement_required
P134_2_56,G2,C_aircraft,G2-C_aircraft-02,T014_2,3155.0929537629518,5460.277018730793,,,NEW-C_aircraft-02,procurement_required
P134_2_56,G2,A_batteries,G2-A_batteries-01,T004,2004.1116402878897,5653.515220902664,,,A05,existing
P134_2_56,G2,A_batteries,G2-A_batteries-02,T022,4290.571699124282,7157.600692042686,,,A06,existing
P134_2_56,G2,B_batteries,G2-B_batteries-01,T013,3355.5084827157466,7272.795381688331,,,B02,existing
P134_2_56,G2,B_batteries,G2-B_batteries-02,T021,5313.549854202742,9078.773277607346,,,B03,existing
P134_2_56,G2,C_batteries,G2-C_batteries-01,T012,1954.1116402878895,6561.858999018011,,,C04,existing
P134_2_56,G2,C_batteries,G2-C_batteries-02,T014_2,3155.0929537629518,7966.52367812528,,,NEW-C_batteries-01,procurement_required
P134_2_56,G2,relay_aircraft,G2-relay_aircraft-01,R003,2004.2977389089663,7744.455885352581,,,R02,existing
P134_2_56,G2,relay_components,G2-relay_components-01,R003,2004.2977389089663,8588.743789022035,,,RE02,existing
P134_2_56,G3,B_aircraft,G3-B_aircraft-01,T002_2,0.0,1500.9693925601796,T008,5.000099999999975,NEW-B_aircraft-01,procurement_required
P134_2_56,G3,B_aircraft,G3-B_aircraft-01,T008,1505.9694925601796,3350.508382715747,T006,158.08762043392517,NEW-B_aircraft-01,procurement_required
P134_2_56,G3,B_aircraft,G3-B_aircraft-01,T006,3508.596003149672,4698.226288886111,,,NEW-B_aircraft-01,procurement_required
P134_2_56,G3,B_aircraft,G3-B_aircraft-02,T015,0.0,1554.5713591276817,T011,5.000100000000202,NEW-B_aircraft-02,procurement_required
P134_2_56,G3,B_aircraft,G3-B_aircraft-02,T011,1559.571459127682,3503.5959031496714,,,NEW-B_aircraft-02,procurement_required
P134_2_56,G3,B_batteries,G3-B_batteries-01,T002_2,0.0,2956.647180248775,T006,551.9488229008971,B04,existing
P134_2_56,G3,B_batteries,G3-B_batteries-01,T006,3508.596003149672,5831.667165848992,,,B04,existing
P134_2_56,G3,B_batteries,G3-B_batteries-02,T015,0.0,3010.3575010505742,,,NEW-B_batteries-01,procurement_required
P134_2_56,G3,B_batteries,G3-B_batteries-03,T008,1505.9694925601796,4939.170345795129,,,NEW-B_batteries-02,procurement_required
P134_2_56,G3,B_batteries,G3-B_batteries-04,T011,1559.571459127682,5367.702780894794,,,NEW-B_batteries-03,procurement_required
P134_2_56,G3,relay_aircraft,G3-relay_aircraft-01,R004,96.18236555369045,3902.2114189986755,,,NEW-relay_aircraft-01,procurement_required
P134_2_56,G3,relay_components,G3-relay_components-01,R004,96.18236555369045,4498.791383917484,,,RE03,existing
P135_24_6,G1,A_aircraft,G1-A_aircraft-01,T005,0.0,1312.470877312685,T014_1,2456.60332265658,U01,existing
P135_24_6,G1,A_aircraft,G1-A_aircraft-01,T014_1,3769.074199969265,5464.83230463773,T016,5.000099999999293,U01,existing
P135_24_6,G1,A_aircraft,G1-A_aircraft-01,T016,5469.832404637729,7165.590509306194,,,U01,existing
P135_24_6,G1,A_aircraft,G1-A_aircraft-02,T007_HARD,0.0,1712.4416357195464,T020,1974.6325642497181,U02,existing
P135_24_6,G1,A_aircraft,G1-A_aircraft-02,T020,3687.0741999692646,5657.284046946083,,,U02,existing
P135_24_6,G1,A_aircraft,G1-A_aircraft-03,T007_SOFT,0.0,1712.4416357195464,T007,1954.6325642497204,U03,existing
P135_24_6,G1,A_aircraft,G1-A_aircraft-03,T007,3667.074199969267,6275.115097078189,,,U03,existing
P135_24_6,G1,B_aircraft,G1-B_aircraft-01,T002_2,0.0,1500.9693925601796,T008,5.000099999999975,U05,existing
P135_24_6,G1,B_aircraft,G1-B_aircraft-01,T008,1505.9694925601796,3350.508382715747,T019_1,2022.1944981790475,U05,existing
P135_24_6,G1,B_aircraft,G1-B_aircraft-01,T019_1,5372.702880894794,6891.727225306649,,,U05,existing
P135_24_6,G1,B_aircraft,G1-B_aircraft-02,T015,0.0,1554.5713591276817,T011,5.000100000000202,U06,existing
P135_24_6,G1,B_aircraft,G1-B_aircraft-02,T011,1559.571459127682,3503.5959031496714,,,U06,existing
P135_24_6,G1,C_aircraft,G1-C_aircraft-01,T001,0.0,1561.4261775174655,T018,2512.767204048877,U07,existing
P135_24_6,G1,C_aircraft,G1-C_aircraft-01,T018,4074.1933815663424,6761.824258936959,,,U07,existing
P135_24_6,G1,C_aircraft,G1-C_aircraft-02,T003,1438.035182877992,2867.4613603954576,,,U08,existing
P135_24_6,G1,A_batteries,G1-A_batteries-01,T005,0.0,2178.7887122874713,T007,1488.2854876817955,A01,existing
P135_24_6,G1,A_batteries,G1-A_batteries-01,T007,3667.074199969267,7728.37856016178,,,A01,existing
P135_24_6,G1,A_batteries,G1-A_batteries-02,T007_HARD,0.0,2761.062337358848,T014_1,1008.0118626104172,A02,existing
P135_24_6,G1,A_batteries,G1-A_batteries-02,T014_1,3769.074199969265,6580.0266291174285,,,A02,existing
P135_24_6,G1,A_batteries,G1-A_batteries-03,T007_SOFT,0.0,2779.9496716386757,T016,2689.8827329990536,A03,existing
P135_24_6,G1,A_batteries,G1-A_batteries-03,T016,5469.832404637729,8301.566821462397,,,A03,existing
P135_24_6,G1,A_batteries,G1-A_batteries-04,T020,3687.0741999692646,6897.284697633159,,,A04,existing
P135_24_6,G1,B_batteries,G1-B_batteries-01,T002_2,0.0,2956.647180248775,T019_1,2416.0557006460194,B01,existing
P135_24_6,G1,B_batteries,G1-B_batteries-01,T019_1,5372.702880894794,8356.40930924514,,,B01,existing
P135_24_6,G1,B_batteries,G1-B_batteries-02,T015,0.0,3010.3575010505742,,,B02,existing
P135_24_6,G1,B_batteries,G1-B_batteries-03,T008,1505.9694925601796,4939.170345795129,,,B03,existing
P135_24_6,G1,B_batteries,G1-B_batteries-04,T011,1559.571459127682,5367.702780894794,,,B04,existing
P135_24_6,G1,C_batteries,G1-C_batteries-01,T001,0.0,3150.0928537629516,T018,924.1005278033908,C01,existing
P135_24_6,G1,C_batteries,G1-C_batteries-01,T018,4074.1933815663424,9324.985226007513,,,C01,existing
P135_24_6,G1,C_batteries,G1-C_batteries-02,T003,1438.035182877992,4385.641813543676,,,C02,existing
P135_24_6,G1,relay_aircraft,G1-relay_aircraft-01,R004,96.18236555369045,3902.2114189986755,,,R01,existing
P135_24_6,G1,relay_aircraft,G1-relay_aircraft-02,R001,190.137319029409,1999.297638856333,R002,1907.9138801423414,R02,existing
P135_24_6,G1,relay_aircraft,G1-relay_aircraft-02,R002,3907.2115189986744,7516.130043494062,,,R02,existing
P135_24_6,G1,relay_components,G1-relay_components-01,R004,96.18236555369045,4498.791383917484,,,RE01,existing
P135_24_6,G1,relay_components,G1-relay_components-02,R001,190.137319029409,2344.3073253046314,R002,1562.904193694043,RE02,existing
P135_24_6,G1,relay_components,G1-relay_components-02,R002,3907.2115189986744,8084.5472154177,,,RE02,existing
P135_24_6,G2,A_aircraft,G2-A_aircraft-01,T009,0.0,1316.0142144169886,T004,688.0974258709011,U04,existing
P135_24_6,G2,A_aircraft,G2-A_aircraft-01,T004,2004.1116402878897,4285.571599124281,T022,5.000100000000202,U04,existing
P135_24_6,G2,A_aircraft,G2-A_aircraft-01,T022,4290.571699124282,5982.106185363231,,,U04,existing
P135_24_6,G2,B_aircraft,G2-B_aircraft-01,T013,3355.5084827157466,5313.549754202741,T021,0.00010000000111176632,NEW-B_aircraft-01,procurement_required
P135_24_6,G2,B_aircraft,G2-B_aircraft-01,T021,5313.549854202742,7211.591125689736,,,NEW-B_aircraft-01,procurement_required
P135_24_6,G2,C_aircraft,G2-C_aircraft-01,T010_2,0.0,1433.035082877992,T014_2,1722.0578708849598,NEW-C_aircraft-01,procurement_required
P135_24_6,G2,C_aircraft,G2-C_aircraft-01,T014_2,3155.0929537629518,5460.277018730793,,,NEW-C_aircraft-01,procurement_required
P135_24_6,G2,C_aircraft,G2-C_aircraft-02,T012,1954.1116402878895,4069.193281566342,,,NEW-C_aircraft-02,procurement_required
P135_24_6,G2,A_batteries,G2-A_batteries-01,T009,0.0,2207.8690163260853,T022,2082.7026827981963,A05,existing
P135_24_6,G2,A_batteries,G2-A_batteries-01,T022,4290.571699124282,7157.600692042686,,,A05,existing
P135_24_6,G2,A_batteries,G2-A_batteries-02,T004,2004.1116402878897,5653.515220902664,,,A06,existing
P135_24_6,G2,B_batteries,G2-B_batteries-01,T013,3355.5084827157466,7272.795381688331,,,NEW-B_batteries-01,procurement_required
P135_24_6,G2,B_batteries,G2-B_batteries-02,T021,5313.549854202742,9078.773277607346,,,NEW-B_batteries-02,procurement_required
P135_24_6,G2,C_batteries,G2-C_batteries-01,T010_2,0.0,2880.8082760764496,T014_2,274.28467768650216,C03,existing
P135_24_6,G2,C_batteries,G2-C_batteries-01,T014_2,3155.0929537629518,7966.52367812528,,,C03,existing
P135_24_6,G2,C_batteries,G2-C_batteries-02,T012,1954.1116402878895,6561.858999018011,,,C04,existing
P135_24_6,G2,relay_aircraft,G2-relay_aircraft-01,R003,2004.2977389089663,7744.455885352581,,,NEW-relay_aircraft-01,procurement_required
P135_24_6,G2,relay_components,G2-relay_components-01,R003,2004.2977389089663,8588.743789022035,,,RE03,existing
P135_24_6,G3,B_aircraft,G3-B_aircraft-01,T006,3508.596003149672,4698.226288886111,,,NEW-B_aircraft-02,procurement_required
P135_24_6,G3,B_batteries,G3-B_batteries-01,T006,3508.596003149672,5831.667165848992,,,NEW-B_batteries-03,procurement_required
P13_245_6,G1,A_aircraft,G1-A_aircraft-01,T005,0.0,1312.470877312685,T014_1,2456.60332265658,U01,existing
P13_245_6,G1,A_aircraft,G1-A_aircraft-01,T014_1,3769.074199969265,5464.83230463773,T016,5.000099999999293,U01,existing
P13_245_6,G1,A_aircraft,G1-A_aircraft-01,T016,5469.832404637729,7165.590509306194,,,U01,existing
P13_245_6,G1,A_aircraft,G1-A_aircraft-02,T007_HARD,0.0,1712.4416357195464,T020,1974.6325642497181,U02,existing
P13_245_6,G1,A_aircraft,G1-A_aircraft-02,T020,3687.0741999692646,5657.284046946083,,,U02,existing
P13_245_6,G1,A_aircraft,G1-A_aircraft-03,T007_SOFT,0.0,1712.4416357195464,T007,1954.6325642497204,U03,existing
P13_245_6,G1,A_aircraft,G1-A_aircraft-03,T007,3667.074199969267,6275.115097078189,,,U03,existing
P13_245_6,G1,B_aircraft,G1-B_aircraft-01,T019_1,5372.702880894794,6891.727225306649,,,U05,existing
P13_245_6,G1,C_aircraft,G1-C_aircraft-01,T001,0.0,1561.4261775174655,T018,2512.767204048877,U07,existing
P13_245_6,G1,C_aircraft,G1-C_aircraft-01,T018,4074.1933815663424,6761.824258936959,,,U07,existing
P13_245_6,G1,C_aircraft,G1-C_aircraft-02,T003,1438.035182877992,2867.4613603954576,,,U08,existing
P13_245_6,G1,A_batteries,G1-A_batteries-01,T005,0.0,2178.7887122874713,T007,1488.2854876817955,A01,existing
P13_245_6,G1,A_batteries,G1-A_batteries-01,T007,3667.074199969267,7728.37856016178,,,A01,existing
P13_245_6,G1,A_batteries,G1-A_batteries-02,T007_HARD,0.0,2761.062337358848,T014_1,1008.0118626104172,A02,existing
P13_245_6,G1,A_batteries,G1-A_batteries-02,T014_1,3769.074199969265,6580.0266291174285,,,A02,existing
P13_245_6,G1,A_batteries,G1-A_batteries-03,T007_SOFT,0.0,2779.9496716386757,T016,2689.8827329990536,A03,existing
P13_245_6,G1,A_batteries,G1-A_batteries-03,T016,5469.832404637729,8301.566821462397,,,A03,existing
P13_245_6,G1,A_batteries,G1-A_batteries-04,T020,3687.0741999692646,6897.284697633159,,,A04,existing
P13_245_6,G1,B_batteries,G1-B_batteries-01,T019_1,5372.702880894794,8356.40930924514,,,B01,existing
P13_245_6,G1,C_batteries,G1-C_batteries-01,T001,0.0,3150.0928537629516,T018,924.1005278033908,C01,existing
P13_245_6,G1,C_batteries,G1-C_batteries-01,T018,4074.1933815663424,9324.985226007513,,,C01,existing
P13_245_6,G1,C_batteries,G1-C_batteries-02,T003,1438.035182877992,4385.641813543676,,,C02,existing
P13_245_6,G1,relay_aircraft,G1-relay_aircraft-01,R001,190.137319029409,1999.297638856333,R002,1907.9138801423414,R01,existing
P13_245_6,G1,relay_aircraft,G1-relay_aircraft-01,R002,3907.2115189986744,7516.130043494062,,,R01,existing
P13_245_6,G1,relay_components,G1-relay_components-01,R001,190.137319029409,2344.3073253046314,R002,1562.904193694043,RE01,existing
P13_245_6,G1,relay_components,G1-relay_components-01,R002,3907.2115189986744,8084.5472154177,,,RE01,existing
P13_245_6,G2,A_aircraft,G2-A_aircraft-01,T009,0.0,1316.0142144169886,T004,688.0974258709011,U04,existing
P13_245_6,G2,A_aircraft,G2-A_aircraft-01,T004,2004.1116402878897,4285.571599124281,T022,5.000100000000202,U04,existing
P13_245_6,G2,A_aircraft,G2-A_aircraft-01,T022,4290.571699124282,5982.106185363231,,,U04,existing
P13_245_6,G2,B_aircraft,G2-B_aircraft-01,T002_2,0.0,1500.9693925601796,T008,5.000099999999975,U06,existing
P13_245_6,G2,B_aircraft,G2-B_aircraft-01,T008,1505.9694925601796,3350.508382715747,T013,5.0000999999997475,U06,existing
P13_245_6,G2,B_aircraft,G2-B_aircraft-01,T013,3355.5084827157466,5313.549754202741,,,U06,existing
P13_245_6,G2,B_aircraft,G2-B_aircraft-02,T015,0.0,1554.5713591276817,T011,5.000100000000202,NEW-B_aircraft-01,procurement_required
P13_245_6,G2,B_aircraft,G2-B_aircraft-02,T011,1559.571459127682,3503.5959031496714,T021,1809.9539510530703,NEW-B_aircraft-01,procurement_required
P13_245_6,G2,B_aircraft,G2-B_aircraft-02,T021,5313.549854202742,7211.591125689736,,,NEW-B_aircraft-01,procurement_required
P13_245_6,G2,C_aircraft,G2-C_aircraft-01,T010_2,0.0,1433.035082877992,T014_2,1722.0578708849598,NEW-C_aircraft-01,procurement_required
P13_245_6,G2,C_aircraft,G2-C_aircraft-01,T014_2,3155.0929537629518,5460.277018730793,,,NEW-C_aircraft-01,procurement_required
P13_245_6,G2,C_aircraft,G2-C_aircraft-02,T012,1954.1116402878895,4069.193281566342,,,NEW-C_aircraft-02,procurement_required
P13_245_6,G2,A_batteries,G2-A_batteries-01,T009,0.0,2207.8690163260853,T022,2082.7026827981963,A05,existing
P13_245_6,G2,A_batteries,G2-A_batteries-01,T022,4290.571699124282,7157.600692042686,,,A05,existing
P13_245_6,G2,A_batteries,G2-A_batteries-02,T004,2004.1116402878897,5653.515220902664,,,A06,existing
P13_245_6,G2,B_batteries,G2-B_batteries-01,T002_2,0.0,2956.647180248775,T013,398.86130246697167,B02,existing
P13_245_6,G2,B_batteries,G2-B_batteries-01,T013,3355.5084827157466,7272.795381688331,,,B02,existing
P13_245_6,G2,B_batteries,G2-B_batteries-02,T015,0.0,3010.3575010505742,T021,2303.1923531521675,B03,existing
P13_245_6,G2,B_batteries,G2-B_batteries-02,T021,5313.549854202742,9078.773277607346,,,B03,existing
P13_245_6,G2,B_batteries,G2-B_batteries-03,T008,1505.9694925601796,4939.170345795129,,,B04,existing
P13_245_6,G2,B_batteries,G2-B_batteries-04,T011,1559.571459127682,5367.702780894794,,,NEW-B_batteries-01,procurement_required
P13_245_6,G2,C_batteries,G2-C_batteries-01,T010_2,0.0,2880.8082760764496,T014_2,274.28467768650216,C03,existing
P13_245_6,G2,C_batteries,G2-C_batteries-01,T014_2,3155.0929537629518,7966.52367812528,,,C03,existing
P13_245_6,G2,C_batteries,G2-C_batteries-02,T012,1954.1116402878895,6561.858999018011,,,C04,existing
P13_245_6,G2,relay_aircraft,G2-relay_aircraft-01,R004,96.18236555369045,3902.2114189986755,,,R02,existing
P13_245_6,G2,relay_aircraft,G2-relay_aircraft-02,R003,2004.2977389089663,7744.455885352581,,,NEW-relay_aircraft-01,procurement_required
P13_245_6,G2,relay_components,G2-relay_components-01,R004,96.18236555369045,4498.791383917484,,,RE02,existing
P13_245_6,G2,relay_components,G2-relay_components-02,R003,2004.2977389089663,8588.743789022035,,,RE03,existing
P13_245_6,G3,B_aircraft,G3-B_aircraft-01,T006,3508.596003149672,4698.226288886111,,,NEW-B_aircraft-02,procurement_required
P13_245_6,G3,B_batteries,G3-B_batteries-01,T006,3508.596003149672,5831.667165848992,,,NEW-B_batteries-02,procurement_required
P136_24_5,G1,A_aircraft,G1-A_aircraft-01,T005,0.0,1312.470877312685,T014_1,2456.60332265658,U01,existing
P136_24_5,G1,A_aircraft,G1-A_aircraft-01,T014_1,3769.074199969265,5464.83230463773,T016,5.000099999999293,U01,existing
P136_24_5,G1,A_aircraft,G1-A_aircraft-01,T016,5469.832404637729,7165.590509306194,,,U01,existing
P136_24_5,G1,A_aircraft,G1-A_aircraft-02,T007_HARD,0.0,1712.4416357195464,T020,1974.6325642497181,U02,existing
P136_24_5,G1,A_aircraft,G1-A_aircraft-02,T020,3687.0741999692646,5657.284046946083,,,U02,existing
P136_24_5,G1,A_aircraft,G1-A_aircraft-03,T007_SOFT,0.0,1712.4416357195464,T007,1954.6325642497204,U03,existing
P136_24_5,G1,A_aircraft,G1-A_aircraft-03,T007,3667.074199969267,6275.115097078189,,,U03,existing
P136_24_5,G1,B_aircraft,G1-B_aircraft-01,T006,3508.596003149672,4698.226288886111,T019_1,674.4765920086829,U05,existing
P136_24_5,G1,B_aircraft,G1-B_aircraft-01,T019_1,5372.702880894794,6891.727225306649,,,U05,existing
P136_24_5,G1,C_aircraft,G1-C_aircraft-01,T001,0.0,1561.4261775174655,T018,2512.767204048877,U07,existing
P136_24_5,G1,C_aircraft,G1-C_aircraft-01,T018,4074.1933815663424,6761.824258936959,,,U07,existing
P136_24_5,G1,C_aircraft,G1-C_aircraft-02,T003,1438.035182877992,2867.4613603954576,,,U08,existing
P136_24_5,G1,A_batteries,G1-A_batteries-01,T005,0.0,2178.7887122874713,T007,1488.2854876817955,A01,existing
P136_24_5,G1,A_batteries,G1-A_batteries-01,T007,3667.074199969267,7728.37856016178,,,A01,existing
P136_24_5,G1,A_batteries,G1-A_batteries-02,T007_HARD,0.0,2761.062337358848,T014_1,1008.0118626104172,A02,existing
P136_24_5,G1,A_batteries,G1-A_batteries-02,T014_1,3769.074199969265,6580.0266291174285,,,A02,existing
P136_24_5,G1,A_batteries,G1-A_batteries-03,T007_SOFT,0.0,2779.9496716386757,T016,2689.8827329990536,A03,existing
P136_24_5,G1,A_batteries,G1-A_batteries-03,T016,5469.832404637729,8301.566821462397,,,A03,existing
P136_24_5,G1,A_batteries,G1-A_batteries-04,T020,3687.0741999692646,6897.284697633159,,,A04,existing
P136_24_5,G1,B_batteries,G1-B_batteries-01,T006,3508.596003149672,5831.667165848992,,,B01,existing
P136_24_5,G1,B_batteries,G1-B_batteries-02,T019_1,5372.702880894794,8356.40930924514,,,B02,existing
P136_24_5,G1,C_batteries,G1-C_batteries-01,T001,0.0,3150.0928537629516,T018,924.1005278033908,C01,existing
P136_24_5,G1,C_batteries,G1-C_batteries-01,T018,4074.1933815663424,9324.985226007513,,,C01,existing
P136_24_5,G1,C_batteries,G1-C_batteries-02,T003,1438.035182877992,4385.641813543676,,,C02,existing
P136_24_5,G1,relay_aircraft,G1-relay_aircraft-01,R001,190.137319029409,1999.297638856333,R002,1907.9138801423414,R01,existing
P136_24_5,G1,relay_aircraft,G1-relay_aircraft-01,R002,3907.2115189986744,7516.130043494062,,,R01,existing
P136_24_5,G1,relay_components,G1-relay_components-01,R001,190.137319029409,2344.3073253046314,R002,1562.904193694043,RE01,existing
P136_24_5,G1,relay_components,G1-relay_components-01,R002,3907.2115189986744,8084.5472154177,,,RE01,existing
P136_24_5,G2,A_aircraft,G2-A_aircraft-01,T009,0.0,1316.0142144169886,T004,688.0974258709011,U04,existing
P136_24_5,G2,A_aircraft,G2-A_aircraft-01,T004,2004.1116402878897,4285.571599124281,T022,5.000100000000202,U04,existing
P136_24_5,G2,A_aircraft,G2-A_aircraft-01,T022,4290.571699124282,5982.106185363231,,,U04,existing
P136_24_5,G2,B_aircraft,G2-B_aircraft-01,T013,3355.5084827157466,5313.549754202741,T021,0.00010000000111176632,U06,existing
P136_24_5,G2,B_aircraft,G2-B_aircraft-01,T021,5313.549854202742,7211.591125689736,,,U06,existing
P136_24_5,G2,C_aircraft,G2-C_aircraft-01,T010_2,0.0,1433.035082877992,T014_2,1722.0578708849598,NEW-C_aircraft-01,procurement_required
P136_24_5,G2,C_aircraft,G2-C_aircraft-01,T014_2,3155.0929537629518,5460.277018730793,,,NEW-C_aircraft-01,procurement_required
P136_24_5,G2,C_aircraft,G2-C_aircraft-02,T012,1954.1116402878895,4069.193281566342,,,NEW-C_aircraft-02,procurement_required
P136_24_5,G2,A_batteries,G2-A_batteries-01,T009,0.0,2207.8690163260853,T022,2082.7026827981963,A05,existing
P136_24_5,G2,A_batteries,G2-A_batteries-01,T022,4290.571699124282,7157.600692042686,,,A05,existing
P136_24_5,G2,A_batteries,G2-A_batteries-02,T004,2004.1116402878897,5653.515220902664,,,A06,existing
P136_24_5,G2,B_batteries,G2-B_batteries-01,T013,3355.5084827157466,7272.795381688331,,,B03,existing
P136_24_5,G2,B_batteries,G2-B_batteries-02,T021,5313.549854202742,9078.773277607346,,,B04,existing
P136_24_5,G2,C_batteries,G2-C_batteries-01,T010_2,0.0,2880.8082760764496,T014_2,274.28467768650216,C03,existing
P136_24_5,G2,C_batteries,G2-C_batteries-01,T014_2,3155.0929537629518,7966.52367812528,,,C03,existing
P136_24_5,G2,C_batteries,G2-C_batteries-02,T012,1954.1116402878895,6561.858999018011,,,C04,existing
P136_24_5,G2,relay_aircraft,G2-relay_aircraft-01,R003,2004.2977389089663,7744.455885352581,,,R02,existing
P136_24_5,G2,relay_components,G2-relay_components-01,R003,2004.2977389089663,8588.743789022035,,,RE02,existing
P136_24_5,G3,B_aircraft,G3-B_aircraft-01,T002_2,0.0,1500.9693925601796,T008,5.000099999999975,NEW-B_aircraft-01,procurement_required
P136_24_5,G3,B_aircraft,G3-B_aircraft-01,T008,1505.9694925601796,3350.508382715747,,,NEW-B_aircraft-01,procurement_required
P136_24_5,G3,B_aircraft,G3-B_aircraft-02,T015,0.0,1554.5713591276817,T011,5.000100000000202,NEW-B_aircraft-02,procurement_required
P136_24_5,G3,B_aircraft,G3-B_aircraft-02,T011,1559.571459127682,3503.5959031496714,,,NEW-B_aircraft-02,procurement_required
P136_24_5,G3,B_batteries,G3-B_batteries-01,T002_2,0.0,2956.647180248775,,,NEW-B_batteries-01,procurement_required
P136_24_5,G3,B_batteries,G3-B_batteries-02,T015,0.0,3010.3575010505742,,,NEW-B_batteries-02,procurement_required
P136_24_5,G3,B_batteries,G3-B_batteries-03,T008,1505.9694925601796,4939.170345795129,,,NEW-B_batteries-03,procurement_required
P136_24_5,G3,B_batteries,G3-B_batteries-04,T011,1559.571459127682,5367.702780894794,,,NEW-B_batteries-04,procurement_required
P136_24_5,G3,relay_aircraft,G3-relay_aircraft-01,R004,96.18236555369045,3902.2114189986755,,,NEW-relay_aircraft-01,procurement_required
P136_24_5,G3,relay_components,G3-relay_components-01,R004,96.18236555369045,4498.791383917484,,,RE03,existing
P13_246_5,G1,A_aircraft,G1-A_aircraft-01,T005,0.0,1312.470877312685,T014_1,2456.60332265658,U01,existing
P13_246_5,G1,A_aircraft,G1-A_aircraft-01,T014_1,3769.074199969265,5464.83230463773,T016,5.000099999999293,U01,existing
P13_246_5,G1,A_aircraft,G1-A_aircraft-01,T016,5469.832404637729,7165.590509306194,,,U01,existing
P13_246_5,G1,A_aircraft,G1-A_aircraft-02,T007_HARD,0.0,1712.4416357195464,T020,1974.6325642497181,U02,existing
P13_246_5,G1,A_aircraft,G1-A_aircraft-02,T020,3687.0741999692646,5657.284046946083,,,U02,existing
P13_246_5,G1,A_aircraft,G1-A_aircraft-03,T007_SOFT,0.0,1712.4416357195464,T007,1954.6325642497204,U03,existing
P13_246_5,G1,A_aircraft,G1-A_aircraft-03,T007,3667.074199969267,6275.115097078189,,,U03,existing
P13_246_5,G1,B_aircraft,G1-B_aircraft-01,T019_1,5372.702880894794,6891.727225306649,,,U05,existing
P13_246_5,G1,C_aircraft,G1-C_aircraft-01,T001,0.0,1561.4261775174655,T018,2512.767204048877,U07,existing
P13_246_5,G1,C_aircraft,G1-C_aircraft-01,T018,4074.1933815663424,6761.824258936959,,,U07,existing
P13_246_5,G1,C_aircraft,G1-C_aircraft-02,T003,1438.035182877992,2867.4613603954576,,,U08,existing
P13_246_5,G1,A_batteries,G1-A_batteries-01,T005,0.0,2178.7887122874713,T007,1488.2854876817955,A01,existing
P13_246_5,G1,A_batteries,G1-A_batteries-01,T007,3667.074199969267,7728.37856016178,,,A01,existing
P13_246_5,G1,A_batteries,G1-A_batteries-02,T007_HARD,0.0,2761.062337358848,T014_1,1008.0118626104172,A02,existing
P13_246_5,G1,A_batteries,G1-A_batteries-02,T014_1,3769.074199969265,6580.0266291174285,,,A02,existing
P13_246_5,G1,A_batteries,G1-A_batteries-03,T007_SOFT,0.0,2779.9496716386757,T016,2689.8827329990536,A03,existing
P13_246_5,G1,A_batteries,G1-A_batteries-03,T016,5469.832404637729,8301.566821462397,,,A03,existing
P13_246_5,G1,A_batteries,G1-A_batteries-04,T020,3687.0741999692646,6897.284697633159,,,A04,existing
P13_246_5,G1,B_batteries,G1-B_batteries-01,T019_1,5372.702880894794,8356.40930924514,,,B01,existing
P13_246_5,G1,C_batteries,G1-C_batteries-01,T001,0.0,3150.0928537629516,T018,924.1005278033908,C01,existing
P13_246_5,G1,C_batteries,G1-C_batteries-01,T018,4074.1933815663424,9324.985226007513,,,C01,existing
P13_246_5,G1,C_batteries,G1-C_batteries-02,T003,1438.035182877992,4385.641813543676,,,C02,existing
P13_246_5,G1,relay_aircraft,G1-relay_aircraft-01,R001,190.137319029409,1999.297638856333,R002,1907.9138801423414,R01,existing
P13_246_5,G1,relay_aircraft,G1-relay_aircraft-01,R002,3907.2115189986744,7516.130043494062,,,R01,existing
P13_246_5,G1,relay_components,G1-relay_components-01,R001,190.137319029409,2344.3073253046314,R002,1562.904193694043,RE01,existing
P13_246_5,G1,relay_components,G1-relay_components-01,R002,3907.2115189986744,8084.5472154177,,,RE01,existing
P13_246_5,G2,A_aircraft,G2-A_aircraft-01,T009,0.0,1316.0142144169886,T004,688.0974258709011,U04,existing
P13_246_5,G2,A_aircraft,G2-A_aircraft-01,T004,2004.1116402878897,4285.571599124281,T022,5.000100000000202,U04,existing
P13_246_5,G2,A_aircraft,G2-A_aircraft-01,T022,4290.571699124282,5982.106185363231,,,U04,existing
P13_246_5,G2,B_aircraft,G2-B_aircraft-01,T013,3355.5084827157466,5313.549754202741,,,U06,existing
P13_246_5,G2,B_aircraft,G2-B_aircraft-02,T006,3508.596003149672,4698.226288886111,T021,615.3235653166303,NEW-B_aircraft-01,procurement_required
P13_246_5,G2,B_aircraft,G2-B_aircraft-02,T021,5313.549854202742,7211.591125689736,,,NEW-B_aircraft-01,procurement_required
P13_246_5,G2,C_aircraft,G2-C_aircraft-01,T010_2,0.0,1433.035082877992,T014_2,1722.0578708849598,NEW-C_aircraft-01,procurement_required
P13_246_5,G2,C_aircraft,G2-C_aircraft-01,T014_2,3155.0929537629518,5460.277018730793,,,NEW-C_aircraft-01,procurement_required
P13_246_5,G2,C_aircraft,G2-C_aircraft-02,T012,1954.1116402878895,4069.193281566342,,,NEW-C_aircraft-02,procurement_required
P13_246_5,G2,A_batteries,G2-A_batteries-01,T009,0.0,2207.8690163260853,T022,2082.7026827981963,A05,existing
P13_246_5,G2,A_batteries,G2-A_batteries-01,T022,4290.571699124282,7157.600692042686,,,A05,existing
P13_246_5,G2,A_batteries,G2-A_batteries-02,T004,2004.1116402878897,5653.515220902664,,,A06,existing
P13_246_5,G2,B_batteries,G2-B_batteries-01,T013,3355.5084827157466,7272.795381688331,,,B02,existing
P13_246_5,G2,B_batteries,G2-B_batteries-02,T006,3508.596003149672,5831.667165848992,,,B03,existing
P13_246_5,G2,B_batteries,G2-B_batteries-03,T021,5313.549854202742,9078.773277607346,,,B04,existing
P13_246_5,G2,C_batteries,G2-C_batteries-01,T010_2,0.0,2880.8082760764496,T014_2,274.28467768650216,C03,existing
P13_246_5,G2,C_batteries,G2-C_batteries-01,T014_2,3155.0929537629518,7966.52367812528,,,C03,existing
P13_246_5,G2,C_batteries,G2-C_batteries-02,T012,1954.1116402878895,6561.858999018011,,,C04,existing
P13_246_5,G2,relay_aircraft,G2-relay_aircraft-01,R003,2004.2977389089663,7744.455885352581,,,R02,existing
P13_246_5,G2,relay_components,G2-relay_components-01,R003,2004.2977389089663,8588.743789022035,,,RE02,existing
P13_246_5,G3,B_aircraft,G3-B_aircraft-01,T002_2,0.0,1500.9693925601796,T008,5.000099999999975,NEW-B_aircraft-02,procurement_required
P13_246_5,G3,B_aircraft,G3-B_aircraft-01,T008,1505.9694925601796,3350.508382715747,,,NEW-B_aircraft-02,procurement_required
P13_246_5,G3,B_aircraft,G3-B_aircraft-02,T015,0.0,1554.5713591276817,T011,5.000100000000202,NEW-B_aircraft-03,procurement_required
P13_246_5,G3,B_aircraft,G3-B_aircraft-02,T011,1559.571459127682,3503.5959031496714,,,NEW-B_aircraft-03,procurement_required
P13_246_5,G3,B_batteries,G3-B_batteries-01,T002_2,0.0,2956.647180248775,,,NEW-B_batteries-01,procurement_required
P13_246_5,G3,B_batteries,G3-B_batteries-02,T015,0.0,3010.3575010505742,,,NEW-B_batteries-02,procurement_required
P13_246_5,G3,B_batteries,G3-B_batteries-03,T008,1505.9694925601796,4939.170345795129,,,NEW-B_batteries-03,procurement_required
P13_246_5,G3,B_batteries,G3-B_batteries-04,T011,1559.571459127682,5367.702780894794,,,NEW-B_batteries-04,procurement_required
P13_246_5,G3,relay_aircraft,G3-relay_aircraft-01,R004,96.18236555369045,3902.2114189986755,,,NEW-relay_aircraft-01,procurement_required
P13_246_5,G3,relay_components,G3-relay_components-01,R004,96.18236555369045,4498.791383917484,,,RE03,existing
P13_24_56,G1,A_aircraft,G1-A_aircraft-01,T005,0.0,1312.470877312685,T014_1,2456.60332265658,U01,existing
P13_24_56,G1,A_aircraft,G1-A_aircraft-01,T014_1,3769.074199969265,5464.83230463773,T016,5.000099999999293,U01,existing
P13_24_56,G1,A_aircraft,G1-A_aircraft-01,T016,5469.832404637729,7165.590509306194,,,U01,existing
P13_24_56,G1,A_aircraft,G1-A_aircraft-02,T007_HARD,0.0,1712.4416357195464,T020,1974.6325642497181,U02,existing
P13_24_56,G1,A_aircraft,G1-A_aircraft-02,T020,3687.0741999692646,5657.284046946083,,,U02,existing
P13_24_56,G1,A_aircraft,G1-A_aircraft-03,T007_SOFT,0.0,1712.4416357195464,T007,1954.6325642497204,U03,existing
P13_24_56,G1,A_aircraft,G1-A_aircraft-03,T007,3667.074199969267,6275.115097078189,,,U03,existing
P13_24_56,G1,B_aircraft,G1-B_aircraft-01,T019_1,5372.702880894794,6891.727225306649,,,U05,existing
P13_24_56,G1,C_aircraft,G1-C_aircraft-01,T001,0.0,1561.4261775174655,T018,2512.767204048877,U07,existing
P13_24_56,G1,C_aircraft,G1-C_aircraft-01,T018,4074.1933815663424,6761.824258936959,,,U07,existing
P13_24_56,G1,C_aircraft,G1-C_aircraft-02,T003,1438.035182877992,2867.4613603954576,,,U08,existing
P13_24_56,G1,A_batteries,G1-A_batteries-01,T005,0.0,2178.7887122874713,T007,1488.2854876817955,A01,existing
P13_24_56,G1,A_batteries,G1-A_batteries-01,T007,3667.074199969267,7728.37856016178,,,A01,existing
P13_24_56,G1,A_batteries,G1-A_batteries-02,T007_HARD,0.0,2761.062337358848,T014_1,1008.0118626104172,A02,existing
P13_24_56,G1,A_batteries,G1-A_batteries-02,T014_1,3769.074199969265,6580.0266291174285,,,A02,existing
P13_24_56,G1,A_batteries,G1-A_batteries-03,T007_SOFT,0.0,2779.9496716386757,T016,2689.8827329990536,A03,existing
P13_24_56,G1,A_batteries,G1-A_batteries-03,T016,5469.832404637729,8301.566821462397,,,A03,existing
P13_24_56,G1,A_batteries,G1-A_batteries-04,T020,3687.0741999692646,6897.284697633159,,,A04,existing
P13_24_56,G1,B_batteries,G1-B_batteries-01,T019_1,5372.702880894794,8356.40930924514,,,B01,existing
P13_24_56,G1,C_batteries,G1-C_batteries-01,T001,0.0,3150.0928537629516,T018,924.1005278033908,C01,existing
P13_24_56,G1,C_batteries,G1-C_batteries-01,T018,4074.1933815663424,9324.985226007513,,,C01,existing
P13_24_56,G1,C_batteries,G1-C_batteries-02,T003,1438.035182877992,4385.641813543676,,,C02,existing
P13_24_56,G1,relay_aircraft,G1-relay_aircraft-01,R001,190.137319029409,1999.297638856333,R002,1907.9138801423414,R01,existing
P13_24_56,G1,relay_aircraft,G1-relay_aircraft-01,R002,3907.2115189986744,7516.130043494062,,,R01,existing
P13_24_56,G1,relay_components,G1-relay_components-01,R001,190.137319029409,2344.3073253046314,R002,1562.904193694043,RE01,existing
P13_24_56,G1,relay_components,G1-relay_components-01,R002,3907.2115189986744,8084.5472154177,,,RE01,existing
P13_24_56,G2,A_aircraft,G2-A_aircraft-01,T009,0.0,1316.0142144169886,T004,688.0974258709011,U04,existing
P13_24_56,G2,A_aircraft,G2-A_aircraft-01,T004,2004.1116402878897,4285.571599124281,T022,5.000100000000202,U04,existing
P13_24_56,G2,A_aircraft,G2-A_aircraft-01,T022,4290.571699124282,5982.106185363231,,,U04,existing
P13_24_56,G2,B_aircraft,G2-B_aircraft-01,T013,3355.5084827157466,5313.549754202741,T021,0.00010000000111176632,U06,existing
P13_24_56,G2,B_aircraft,G2-B_aircraft-01,T021,5313.549854202742,7211.591125689736,,,U06,existing
P13_24_56,G2,C_aircraft,G2-C_aircraft-01,T010_2,0.0,1433.035082877992,T014_2,1722.0578708849598,NEW-C_aircraft-01,procurement_required
P13_24_56,G2,C_aircraft,G2-C_aircraft-01,T014_2,3155.0929537629518,5460.277018730793,,,NEW-C_aircraft-01,procurement_required
P13_24_56,G2,C_aircraft,G2-C_aircraft-02,T012,1954.1116402878895,4069.193281566342,,,NEW-C_aircraft-02,procurement_required
P13_24_56,G2,A_batteries,G2-A_batteries-01,T009,0.0,2207.8690163260853,T022,2082.7026827981963,A05,existing
P13_24_56,G2,A_batteries,G2-A_batteries-01,T022,4290.571699124282,7157.600692042686,,,A05,existing
P13_24_56,G2,A_batteries,G2-A_batteries-02,T004,2004.1116402878897,5653.515220902664,,,A06,existing
P13_24_56,G2,B_batteries,G2-B_batteries-01,T013,3355.5084827157466,7272.795381688331,,,B02,existing
P13_24_56,G2,B_batteries,G2-B_batteries-02,T021,5313.549854202742,9078.773277607346,,,B03,existing
P13_24_56,G2,C_batteries,G2-C_batteries-01,T010_2,0.0,2880.8082760764496,T014_2,274.28467768650216,C03,existing
P13_24_56,G2,C_batteries,G2-C_batteries-01,T014_2,3155.0929537629518,7966.52367812528,,,C03,existing
P13_24_56,G2,C_batteries,G2-C_batteries-02,T012,1954.1116402878895,6561.858999018011,,,C04,existing
P13_24_56,G2,relay_aircraft,G2-relay_aircraft-01,R003,2004.2977389089663,7744.455885352581,,,R02,existing
P13_24_56,G2,relay_components,G2-relay_components-01,R003,2004.2977389089663,8588.743789022035,,,RE02,existing
P13_24_56,G3,B_aircraft,G3-B_aircraft-01,T002_2,0.0,1500.9693925601796,T008,5.000099999999975,NEW-B_aircraft-01,procurement_required
P13_24_56,G3,B_aircraft,G3-B_aircraft-01,T008,1505.9694925601796,3350.508382715747,T006,158.08762043392517,NEW-B_aircraft-01,procurement_required
P13_24_56,G3,B_aircraft,G3-B_aircraft-01,T006,3508.596003149672,4698.226288886111,,,NEW-B_aircraft-01,procurement_required
P13_24_56,G3,B_aircraft,G3-B_aircraft-02,T015,0.0,1554.5713591276817,T011,5.000100000000202,NEW-B_aircraft-02,procurement_required
P13_24_56,G3,B_aircraft,G3-B_aircraft-02,T011,1559.571459127682,3503.5959031496714,,,NEW-B_aircraft-02,procurement_required
P13_24_56,G3,B_batteries,G3-B_batteries-01,T002_2,0.0,2956.647180248775,T006,551.9488229008971,B04,existing
P13_24_56,G3,B_batteries,G3-B_batteries-01,T006,3508.596003149672,5831.667165848992,,,B04,existing
P13_24_56,G3,B_batteries,G3-B_batteries-02,T015,0.0,3010.3575010505742,,,NEW-B_batteries-01,procurement_required
P13_24_56,G3,B_batteries,G3-B_batteries-03,T008,1505.9694925601796,4939.170345795129,,,NEW-B_batteries-02,procurement_required
P13_24_56,G3,B_batteries,G3-B_batteries-04,T011,1559.571459127682,5367.702780894794,,,NEW-B_batteries-03,procurement_required
P13_24_56,G3,relay_aircraft,G3-relay_aircraft-01,R004,96.18236555369045,3902.2114189986755,,,NEW-relay_aircraft-01,procurement_required
P13_24_56,G3,relay_components,G3-relay_components-01,R004,96.18236555369045,4498.791383917484,,,RE03,existing
P1356_2_4,G1,A_aircraft,G1-A_aircraft-01,T005,0.0,1312.470877312685,T014_1,2456.60332265658,U01,existing
P1356_2_4,G1,A_aircraft,G1-A_aircraft-01,T014_1,3769.074199969265,5464.83230463773,T016,5.000099999999293,U01,existing
P1356_2_4,G1,A_aircraft,G1-A_aircraft-01,T016,5469.832404637729,7165.590509306194,,,U01,existing
P1356_2_4,G1,A_aircraft,G1-A_aircraft-02,T007_HARD,0.0,1712.4416357195464,T020,1974.6325642497181,U02,existing
P1356_2_4,G1,A_aircraft,G1-A_aircraft-02,T020,3687.0741999692646,5657.284046946083,,,U02,existing
P1356_2_4,G1,A_aircraft,G1-A_aircraft-03,T007_SOFT,0.0,1712.4416357195464,T007,1954.6325642497204,U03,existing
P1356_2_4,G1,A_aircraft,G1-A_aircraft-03,T007,3667.074199969267,6275.115097078189,,,U03,existing
P1356_2_4,G1,B_aircraft,G1-B_aircraft-01,T002_2,0.0,1500.9693925601796,T008,5.000099999999975,U05,existing
P1356_2_4,G1,B_aircraft,G1-B_aircraft-01,T008,1505.9694925601796,3350.508382715747,T019_1,2022.1944981790475,U05,existing
P1356_2_4,G1,B_aircraft,G1-B_aircraft-01,T019_1,5372.702880894794,6891.727225306649,,,U05,existing
P1356_2_4,G1,B_aircraft,G1-B_aircraft-02,T015,0.0,1554.5713591276817,T011,5.000100000000202,U06,existing
P1356_2_4,G1,B_aircraft,G1-B_aircraft-02,T011,1559.571459127682,3503.5959031496714,T006,5.000100000000657,U06,existing
P1356_2_4,G1,B_aircraft,G1-B_aircraft-02,T006,3508.596003149672,4698.226288886111,,,U06,existing
P1356_2_4,G1,C_aircraft,G1-C_aircraft-01,T001,0.0,1561.4261775174655,T018,2512.767204048877,U07,existing
P1356_2_4,G1,C_aircraft,G1-C_aircraft-01,T018,4074.1933815663424,6761.824258936959,,,U07,existing
P1356_2_4,G1,C_aircraft,G1-C_aircraft-02,T003,1438.035182877992,2867.4613603954576,,,U08,existing
P1356_2_4,G1,A_batteries,G1-A_batteries-01,T005,0.0,2178.7887122874713,T007,1488.2854876817955,A01,existing
P1356_2_4,G1,A_batteries,G1-A_batteries-01,T007,3667.074199969267,7728.37856016178,,,A01,existing
P1356_2_4,G1,A_batteries,G1-A_batteries-02,T007_HARD,0.0,2761.062337358848,T014_1,1008.0118626104172,A02,existing
P1356_2_4,G1,A_batteries,G1-A_batteries-02,T014_1,3769.074199969265,6580.0266291174285,,,A02,existing
P1356_2_4,G1,A_batteries,G1-A_batteries-03,T007_SOFT,0.0,2779.9496716386757,T016,2689.8827329990536,A03,existing
P1356_2_4,G1,A_batteries,G1-A_batteries-03,T016,5469.832404637729,8301.566821462397,,,A03,existing
P1356_2_4,G1,A_batteries,G1-A_batteries-04,T020,3687.0741999692646,6897.284697633159,,,A04,existing
P1356_2_4,G1,B_batteries,G1-B_batteries-01,T002_2,0.0,2956.647180248775,T006,551.9488229008971,B01,existing
P1356_2_4,G1,B_batteries,G1-B_batteries-01,T006,3508.596003149672,5831.667165848992,,,B01,existing
P1356_2_4,G1,B_batteries,G1-B_batteries-02,T015,0.0,3010.3575010505742,T019_1,2362.34537984422,B02,existing
P1356_2_4,G1,B_batteries,G1-B_batteries-02,T019_1,5372.702880894794,8356.40930924514,,,B02,existing
P1356_2_4,G1,B_batteries,G1-B_batteries-03,T008,1505.9694925601796,4939.170345795129,,,B03,existing
P1356_2_4,G1,B_batteries,G1-B_batteries-04,T011,1559.571459127682,5367.702780894794,,,B04,existing
P1356_2_4,G1,C_batteries,G1-C_batteries-01,T001,0.0,3150.0928537629516,T018,924.1005278033908,C01,existing
P1356_2_4,G1,C_batteries,G1-C_batteries-01,T018,4074.1933815663424,9324.985226007513,,,C01,existing
P1356_2_4,G1,C_batteries,G1-C_batteries-02,T003,1438.035182877992,4385.641813543676,,,C02,existing
P1356_2_4,G1,relay_aircraft,G1-relay_aircraft-01,R004,96.18236555369045,3902.2114189986755,,,R01,existing
P1356_2_4,G1,relay_aircraft,G1-relay_aircraft-02,R001,190.137319029409,1999.297638856333,R002,1907.9138801423414,R02,existing
P1356_2_4,G1,relay_aircraft,G1-relay_aircraft-02,R002,3907.2115189986744,7516.130043494062,,,R02,existing
P1356_2_4,G1,relay_components,G1-relay_components-01,R004,96.18236555369045,4498.791383917484,,,RE01,existing
P1356_2_4,G1,relay_components,G1-relay_components-02,R001,190.137319029409,2344.3073253046314,R002,1562.904193694043,RE02,existing
P1356_2_4,G1,relay_components,G1-relay_components-02,R002,3907.2115189986744,8084.5472154177,,,RE02,existing
P1356_2_4,G2,A_aircraft,G2-A_aircraft-01,T004,2004.1116402878897,4285.571599124281,T022,5.000100000000202,U04,existing
P1356_2_4,G2,A_aircraft,G2-A_aircraft-01,T022,4290.571699124282,5982.106185363231,,,U04,existing
P1356_2_4,G2,B_aircraft,G2-B_aircraft-01,T013,3355.5084827157466,5313.549754202741,T021,0.00010000000111176632,NEW-B_aircraft-01,procurement_required
P1356_2_4,G2,B_aircraft,G2-B_aircraft-01,T021,5313.549854202742,7211.591125689736,,,NEW-B_aircraft-01,procurement_required
P1356_2_4,G2,C_aircraft,G2-C_aircraft-01,T012,1954.1116402878895,4069.193281566342,,,NEW-C_aircraft-01,procurement_required
P1356_2_4,G2,C_aircraft,G2-C_aircraft-02,T014_2,3155.0929537629518,5460.277018730793,,,NEW-C_aircraft-02,procurement_required
P1356_2_4,G2,A_batteries,G2-A_batteries-01,T004,2004.1116402878897,5653.515220902664,,,A05,existing
P1356_2_4,G2,A_batteries,G2-A_batteries-02,T022,4290.571699124282,7157.600692042686,,,A06,existing
P1356_2_4,G2,B_batteries,G2-B_batteries-01,T013,3355.5084827157466,7272.795381688331,,,NEW-B_batteries-01,procurement_required
P1356_2_4,G2,B_batteries,G2-B_batteries-02,T021,5313.549854202742,9078.773277607346,,,NEW-B_batteries-02,procurement_required
P1356_2_4,G2,C_batteries,G2-C_batteries-01,T012,1954.1116402878895,6561.858999018011,,,C03,existing
P1356_2_4,G2,C_batteries,G2-C_batteries-02,T014_2,3155.0929537629518,7966.52367812528,,,C04,existing
P1356_2_4,G2,relay_aircraft,G2-relay_aircraft-01,R003,2004.2977389089663,7744.455885352581,,,NEW-relay_aircraft-01,procurement_required
P1356_2_4,G2,relay_components,G2-relay_components-01,R003,2004.2977389089663,8588.743789022035,,,RE03,existing
P1356_2_4,G3,A_aircraft,G3-A_aircraft-01,T009,0.0,1316.0142144169886,,,NEW-A_aircraft-01,procurement_required
P1356_2_4,G3,C_aircraft,G3-C_aircraft-01,T010_2,0.0,1433.035082877992,,,NEW-C_aircraft-03,procurement_required
P1356_2_4,G3,A_batteries,G3-A_batteries-01,T009,0.0,2207.8690163260853,,,NEW-A_batteries-01,procurement_required
P1356_2_4,G3,C_batteries,G3-C_batteries-01,T010_2,0.0,2880.8082760764496,,,NEW-C_batteries-01,procurement_required
P135_26_4,G1,A_aircraft,G1-A_aircraft-01,T005,0.0,1312.470877312685,T014_1,2456.60332265658,U01,existing
P135_26_4,G1,A_aircraft,G1-A_aircraft-01,T014_1,3769.074199969265,5464.83230463773,T016,5.000099999999293,U01,existing
P135_26_4,G1,A_aircraft,G1-A_aircraft-01,T016,5469.832404637729,7165.590509306194,,,U01,existing
P135_26_4,G1,A_aircraft,G1-A_aircraft-02,T007_HARD,0.0,1712.4416357195464,T020,1974.6325642497181,U02,existing
P135_26_4,G1,A_aircraft,G1-A_aircraft-02,T020,3687.0741999692646,5657.284046946083,,,U02,existing
P135_26_4,G1,A_aircraft,G1-A_aircraft-03,T007_SOFT,0.0,1712.4416357195464,T007,1954.6325642497204,U03,existing
P135_26_4,G1,A_aircraft,G1-A_aircraft-03,T007,3667.074199969267,6275.115097078189,,,U03,existing
P135_26_4,G1,B_aircraft,G1-B_aircraft-01,T002_2,0.0,1500.9693925601796,T008,5.000099999999975,U05,existing
P135_26_4,G1,B_aircraft,G1-B_aircraft-01,T008,1505.9694925601796,3350.508382715747,T019_1,2022.1944981790475,U05,existing
P135_26_4,G1,B_aircraft,G1-B_aircraft-01,T019_1,5372.702880894794,6891.727225306649,,,U05,existing
P135_26_4,G1,B_aircraft,G1-B_aircraft-02,T015,0.0,1554.5713591276817,T011,5.000100000000202,U06,existing
P135_26_4,G1,B_aircraft,G1-B_aircraft-02,T011,1559.571459127682,3503.5959031496714,,,U06,existing
P135_26_4,G1,C_aircraft,G1-C_aircraft-01,T001,0.0,1561.4261775174655,T018,2512.767204048877,U07,existing
P135_26_4,G1,C_aircraft,G1-C_aircraft-01,T018,4074.1933815663424,6761.824258936959,,,U07,existing
P135_26_4,G1,C_aircraft,G1-C_aircraft-02,T003,1438.035182877992,2867.4613603954576,,,U08,existing
P135_26_4,G1,A_batteries,G1-A_batteries-01,T005,0.0,2178.7887122874713,T007,1488.2854876817955,A01,existing
P135_26_4,G1,A_batteries,G1-A_batteries-01,T007,3667.074199969267,7728.37856016178,,,A01,existing
P135_26_4,G1,A_batteries,G1-A_batteries-02,T007_HARD,0.0,2761.062337358848,T014_1,1008.0118626104172,A02,existing
P135_26_4,G1,A_batteries,G1-A_batteries-02,T014_1,3769.074199969265,6580.0266291174285,,,A02,existing
P135_26_4,G1,A_batteries,G1-A_batteries-03,T007_SOFT,0.0,2779.9496716386757,T016,2689.8827329990536,A03,existing
P135_26_4,G1,A_batteries,G1-A_batteries-03,T016,5469.832404637729,8301.566821462397,,,A03,existing
P135_26_4,G1,A_batteries,G1-A_batteries-04,T020,3687.0741999692646,6897.284697633159,,,A04,existing
P135_26_4,G1,B_batteries,G1-B_batteries-01,T002_2,0.0,2956.647180248775,T019_1,2416.0557006460194,B01,existing
P135_26_4,G1,B_batteries,G1-B_batteries-01,T019_1,5372.702880894794,8356.40930924514,,,B01,existing
P135_26_4,G1,B_batteries,G1-B_batteries-02,T015,0.0,3010.3575010505742,,,B02,existing
P135_26_4,G1,B_batteries,G1-B_batteries-03,T008,1505.9694925601796,4939.170345795129,,,B03,existing
P135_26_4,G1,B_batteries,G1-B_batteries-04,T011,1559.571459127682,5367.702780894794,,,B04,existing
P135_26_4,G1,C_batteries,G1-C_batteries-01,T001,0.0,3150.0928537629516,T018,924.1005278033908,C01,existing
P135_26_4,G1,C_batteries,G1-C_batteries-01,T018,4074.1933815663424,9324.985226007513,,,C01,existing
P135_26_4,G1,C_batteries,G1-C_batteries-02,T003,1438.035182877992,4385.641813543676,,,C02,existing
P135_26_4,G1,relay_aircraft,G1-relay_aircraft-01,R004,96.18236555369045,3902.2114189986755,,,R01,existing
P135_26_4,G1,relay_aircraft,G1-relay_aircraft-02,R001,190.137319029409,1999.297638856333,R002,1907.9138801423414,R02,existing
P135_26_4,G1,relay_aircraft,G1-relay_aircraft-02,R002,3907.2115189986744,7516.130043494062,,,R02,existing
P135_26_4,G1,relay_components,G1-relay_components-01,R004,96.18236555369045,4498.791383917484,,,RE01,existing
P135_26_4,G1,relay_components,G1-relay_components-02,R001,190.137319029409,2344.3073253046314,R002,1562.904193694043,RE02,existing
P135_26_4,G1,relay_components,G1-relay_components-02,R002,3907.2115189986744,8084.5472154177,,,RE02,existing
P135_26_4,G2,A_aircraft,G2-A_aircraft-01,T004,2004.1116402878897,4285.571599124281,T022,5.000100000000202,U04,existing
P135_26_4,G2,A_aircraft,G2-A_aircraft-01,T022,4290.571699124282,5982.106185363231,,,U04,existing
P135_26_4,G2,B_aircraft,G2-B_aircraft-01,T013,3355.5084827157466,5313.549754202741,,,NEW-B_aircraft-01,procurement_required
P135_26_4,G2,B_aircraft,G2-B_aircraft-02,T006,3508.596003149672,4698.226288886111,T021,615.3235653166303,NEW-B_aircraft-02,procurement_required
P135_26_4,G2,B_aircraft,G2-B_aircraft-02,T021,5313.549854202742,7211.591125689736,,,NEW-B_aircraft-02,procurement_required
P135_26_4,G2,C_aircraft,G2-C_aircraft-01,T012,1954.1116402878895,4069.193281566342,,,NEW-C_aircraft-01,procurement_required
P135_26_4,G2,C_aircraft,G2-C_aircraft-02,T014_2,3155.0929537629518,5460.277018730793,,,NEW-C_aircraft-02,procurement_required
P135_26_4,G2,A_batteries,G2-A_batteries-01,T004,2004.1116402878897,5653.515220902664,,,A05,existing
P135_26_4,G2,A_batteries,G2-A_batteries-02,T022,4290.571699124282,7157.600692042686,,,A06,existing
P135_26_4,G2,B_batteries,G2-B_batteries-01,T013,3355.5084827157466,7272.795381688331,,,NEW-B_batteries-01,procurement_required
P135_26_4,G2,B_batteries,G2-B_batteries-02,T006,3508.596003149672,5831.667165848992,,,NEW-B_batteries-02,procurement_required
P135_26_4,G2,B_batteries,G2-B_batteries-03,T021,5313.549854202742,9078.773277607346,,,NEW-B_batteries-03,procurement_required
P135_26_4,G2,C_batteries,G2-C_batteries-01,T012,1954.1116402878895,6561.858999018011,,,C03,existing
P135_26_4,G2,C_batteries,G2-C_batteries-02,T014_2,3155.0929537629518,7966.52367812528,,,C04,existing
P135_26_4,G2,relay_aircraft,G2-relay_aircraft-01,R003,2004.2977389089663,7744.455885352581,,,NEW-relay_aircraft-01,procurement_required
P135_26_4,G2,relay_components,G2-relay_components-01,R003,2004.2977389089663,8588.743789022035,,,RE03,existing
P135_26_4,G3,A_aircraft,G3-A_aircraft-01,T009,0.0,1316.0142144169886,,,NEW-A_aircraft-01,procurement_required
P135_26_4,G3,C_aircraft,G3-C_aircraft-01,T010_2,0.0,1433.035082877992,,,NEW-C_aircraft-03,procurement_required
P135_26_4,G3,A_batteries,G3-A_batteries-01,T009,0.0,2207.8690163260853,,,NEW-A_batteries-01,procurement_required
P135_26_4,G3,C_batteries,G3-C_batteries-01,T010_2,0.0,2880.8082760764496,,,NEW-C_batteries-01,procurement_required
P135_2_46,G1,A_aircraft,G1-A_aircraft-01,T005,0.0,1312.470877312685,T014_1,2456.60332265658,U01,existing
P135_2_46,G1,A_aircraft,G1-A_aircraft-01,T014_1,3769.074199969265,5464.83230463773,T016,5.000099999999293,U01,existing
P135_2_46,G1,A_aircraft,G1-A_aircraft-01,T016,5469.832404637729,7165.590509306194,,,U01,existing
P135_2_46,G1,A_aircraft,G1-A_aircraft-02,T007_HARD,0.0,1712.4416357195464,T020,1974.6325642497181,U02,existing
P135_2_46,G1,A_aircraft,G1-A_aircraft-02,T020,3687.0741999692646,5657.284046946083,,,U02,existing
P135_2_46,G1,A_aircraft,G1-A_aircraft-03,T007_SOFT,0.0,1712.4416357195464,T007,1954.6325642497204,U03,existing
P135_2_46,G1,A_aircraft,G1-A_aircraft-03,T007,3667.074199969267,6275.115097078189,,,U03,existing
P135_2_46,G1,B_aircraft,G1-B_aircraft-01,T002_2,0.0,1500.9693925601796,T008,5.000099999999975,U05,existing
P135_2_46,G1,B_aircraft,G1-B_aircraft-01,T008,1505.9694925601796,3350.508382715747,T019_1,2022.1944981790475,U05,existing
P135_2_46,G1,B_aircraft,G1-B_aircraft-01,T019_1,5372.702880894794,6891.727225306649,,,U05,existing
P135_2_46,G1,B_aircraft,G1-B_aircraft-02,T015,0.0,1554.5713591276817,T011,5.000100000000202,U06,existing
P135_2_46,G1,B_aircraft,G1-B_aircraft-02,T011,1559.571459127682,3503.5959031496714,,,U06,existing
P135_2_46,G1,C_aircraft,G1-C_aircraft-01,T001,0.0,1561.4261775174655,T018,2512.767204048877,U07,existing
P135_2_46,G1,C_aircraft,G1-C_aircraft-01,T018,4074.1933815663424,6761.824258936959,,,U07,existing
P135_2_46,G1,C_aircraft,G1-C_aircraft-02,T003,1438.035182877992,2867.4613603954576,,,U08,existing
P135_2_46,G1,A_batteries,G1-A_batteries-01,T005,0.0,2178.7887122874713,T007,1488.2854876817955,A01,existing
P135_2_46,G1,A_batteries,G1-A_batteries-01,T007,3667.074199969267,7728.37856016178,,,A01,existing
P135_2_46,G1,A_batteries,G1-A_batteries-02,T007_HARD,0.0,2761.062337358848,T014_1,1008.0118626104172,A02,existing
P135_2_46,G1,A_batteries,G1-A_batteries-02,T014_1,3769.074199969265,6580.0266291174285,,,A02,existing
P135_2_46,G1,A_batteries,G1-A_batteries-03,T007_SOFT,0.0,2779.9496716386757,T016,2689.8827329990536,A03,existing
P135_2_46,G1,A_batteries,G1-A_batteries-03,T016,5469.832404637729,8301.566821462397,,,A03,existing
P135_2_46,G1,A_batteries,G1-A_batteries-04,T020,3687.0741999692646,6897.284697633159,,,A04,existing
P135_2_46,G1,B_batteries,G1-B_batteries-01,T002_2,0.0,2956.647180248775,T019_1,2416.0557006460194,B01,existing
P135_2_46,G1,B_batteries,G1-B_batteries-01,T019_1,5372.702880894794,8356.40930924514,,,B01,existing
P135_2_46,G1,B_batteries,G1-B_batteries-02,T015,0.0,3010.3575010505742,,,B02,existing
P135_2_46,G1,B_batteries,G1-B_batteries-03,T008,1505.9694925601796,4939.170345795129,,,B03,existing
P135_2_46,G1,B_batteries,G1-B_batteries-04,T011,1559.571459127682,5367.702780894794,,,B04,existing
P135_2_46,G1,C_batteries,G1-C_batteries-01,T001,0.0,3150.0928537629516,T018,924.1005278033908,C01,existing
P135_2_46,G1,C_batteries,G1-C_batteries-01,T018,4074.1933815663424,9324.985226007513,,,C01,existing
P135_2_46,G1,C_batteries,G1-C_batteries-02,T003,1438.035182877992,4385.641813543676,,,C02,existing
P135_2_46,G1,relay_aircraft,G1-relay_aircraft-01,R004,96.18236555369045,3902.2114189986755,,,R01,existing
P135_2_46,G1,relay_aircraft,G1-relay_aircraft-02,R001,190.137319029409,1999.297638856333,R002,1907.9138801423414,R02,existing
P135_2_46,G1,relay_aircraft,G1-relay_aircraft-02,R002,3907.2115189986744,7516.130043494062,,,R02,existing
P135_2_46,G1,relay_components,G1-relay_components-01,R004,96.18236555369045,4498.791383917484,,,RE01,existing
P135_2_46,G1,relay_components,G1-relay_components-02,R001,190.137319029409,2344.3073253046314,R002,1562.904193694043,RE02,existing
P135_2_46,G1,relay_components,G1-relay_components-02,R002,3907.2115189986744,8084.5472154177,,,RE02,existing
P135_2_46,G2,A_aircraft,G2-A_aircraft-01,T004,2004.1116402878897,4285.571599124281,T022,5.000100000000202,U04,existing
P135_2_46,G2,A_aircraft,G2-A_aircraft-01,T022,4290.571699124282,5982.106185363231,,,U04,existing
P135_2_46,G2,B_aircraft,G2-B_aircraft-01,T013,3355.5084827157466,5313.549754202741,T021,0.00010000000111176632,NEW-B_aircraft-01,procurement_required
P135_2_46,G2,B_aircraft,G2-B_aircraft-01,T021,5313.549854202742,7211.591125689736,,,NEW-B_aircraft-01,procurement_required
P135_2_46,G2,C_aircraft,G2-C_aircraft-01,T012,1954.1116402878895,4069.193281566342,,,NEW-C_aircraft-01,procurement_required
P135_2_46,G2,C_aircraft,G2-C_aircraft-02,T014_2,3155.0929537629518,5460.277018730793,,,NEW-C_aircraft-02,procurement_required
P135_2_46,G2,A_batteries,G2-A_batteries-01,T004,2004.1116402878897,5653.515220902664,,,A05,existing
P135_2_46,G2,A_batteries,G2-A_batteries-02,T022,4290.571699124282,7157.600692042686,,,A06,existing
P135_2_46,G2,B_batteries,G2-B_batteries-01,T013,3355.5084827157466,7272.795381688331,,,NEW-B_batteries-01,procurement_required
P135_2_46,G2,B_batteries,G2-B_batteries-02,T021,5313.549854202742,9078.773277607346,,,NEW-B_batteries-02,procurement_required
P135_2_46,G2,C_batteries,G2-C_batteries-01,T012,1954.1116402878895,6561.858999018011,,,C03,existing
P135_2_46,G2,C_batteries,G2-C_batteries-02,T014_2,3155.0929537629518,7966.52367812528,,,C04,existing
P135_2_46,G2,relay_aircraft,G2-relay_aircraft-01,R003,2004.2977389089663,7744.455885352581,,,NEW-relay_aircraft-01,procurement_required
P135_2_46,G2,relay_components,G2-relay_components-01,R003,2004.2977389089663,8588.743789022035,,,RE03,existing
P135_2_46,G3,A_aircraft,G3-A_aircraft-01,T009,0.0,1316.0142144169886,,,NEW-A_aircraft-01,procurement_required
P135_2_46,G3,B_aircraft,G3-B_aircraft-01,T006,3508.596003149672,4698.226288886111,,,NEW-B_aircraft-02,procurement_required
P135_2_46,G3,C_aircraft,G3-C_aircraft-01,T010_2,0.0,1433.035082877992,,,NEW-C_aircraft-03,procurement_required
P135_2_46,G3,A_batteries,G3-A_batteries-01,T009,0.0,2207.8690163260853,,,NEW-A_batteries-01,procurement_required
P135_2_46,G3,B_batteries,G3-B_batteries-01,T006,3508.596003149672,5831.667165848992,,,NEW-B_batteries-03,procurement_required
P135_2_46,G3,C_batteries,G3-C_batteries-01,T010_2,0.0,2880.8082760764496,,,NEW-C_batteries-01,procurement_required
P136_25_4,G1,A_aircraft,G1-A_aircraft-01,T005,0.0,1312.470877312685,T014_1,2456.60332265658,U01,existing
P136_25_4,G1,A_aircraft,G1-A_aircraft-01,T014_1,3769.074199969265,5464.83230463773,T016,5.000099999999293,U01,existing
P136_25_4,G1,A_aircraft,G1-A_aircraft-01,T016,5469.832404637729,7165.590509306194,,,U01,existing
P136_25_4,G1,A_aircraft,G1-A_aircraft-02,T007_HARD,0.0,1712.4416357195464,T020,1974.6325642497181,U02,existing
P136_25_4,G1,A_aircraft,G1-A_aircraft-02,T020,3687.0741999692646,5657.284046946083,,,U02,existing
P136_25_4,G1,A_aircraft,G1-A_aircraft-03,T007_SOFT,0.0,1712.4416357195464,T007,1954.6325642497204,U03,existing
P136_25_4,G1,A_aircraft,G1-A_aircraft-03,T007,3667.074199969267,6275.115097078189,,,U03,existing
P136_25_4,G1,B_aircraft,G1-B_aircraft-01,T006,3508.596003149672,4698.226288886111,T019_1,674.4765920086829,U05,existing
P136_25_4,G1,B_aircraft,G1-B_aircraft-01,T019_1,5372.702880894794,6891.727225306649,,,U05,existing
P136_25_4,G1,C_aircraft,G1-C_aircraft-01,T001,0.0,1561.4261775174655,T018,2512.767204048877,U07,existing
P136_25_4,G1,C_aircraft,G1-C_aircraft-01,T018,4074.1933815663424,6761.824258936959,,,U07,existing
P136_25_4,G1,C_aircraft,G1-C_aircraft-02,T003,1438.035182877992,2867.4613603954576,,,U08,existing
P136_25_4,G1,A_batteries,G1-A_batteries-01,T005,0.0,2178.7887122874713,T007,1488.2854876817955,A01,existing
P136_25_4,G1,A_batteries,G1-A_batteries-01,T007,3667.074199969267,7728.37856016178,,,A01,existing
P136_25_4,G1,A_batteries,G1-A_batteries-02,T007_HARD,0.0,2761.062337358848,T014_1,1008.0118626104172,A02,existing
P136_25_4,G1,A_batteries,G1-A_batteries-02,T014_1,3769.074199969265,6580.0266291174285,,,A02,existing
P136_25_4,G1,A_batteries,G1-A_batteries-03,T007_SOFT,0.0,2779.9496716386757,T016,2689.8827329990536,A03,existing
P136_25_4,G1,A_batteries,G1-A_batteries-03,T016,5469.832404637729,8301.566821462397,,,A03,existing
P136_25_4,G1,A_batteries,G1-A_batteries-04,T020,3687.0741999692646,6897.284697633159,,,A04,existing
P136_25_4,G1,B_batteries,G1-B_batteries-01,T006,3508.596003149672,5831.667165848992,,,B01,existing
P136_25_4,G1,B_batteries,G1-B_batteries-02,T019_1,5372.702880894794,8356.40930924514,,,B02,existing
P136_25_4,G1,C_batteries,G1-C_batteries-01,T001,0.0,3150.0928537629516,T018,924.1005278033908,C01,existing
P136_25_4,G1,C_batteries,G1-C_batteries-01,T018,4074.1933815663424,9324.985226007513,,,C01,existing
P136_25_4,G1,C_batteries,G1-C_batteries-02,T003,1438.035182877992,4385.641813543676,,,C02,existing
P136_25_4,G1,relay_aircraft,G1-relay_aircraft-01,R001,190.137319029409,1999.297638856333,R002,1907.9138801423414,R01,existing
P136_25_4,G1,relay_aircraft,G1-relay_aircraft-01,R002,3907.2115189986744,7516.130043494062,,,R01,existing
P136_25_4,G1,relay_components,G1-relay_components-01,R001,190.137319029409,2344.3073253046314,R002,1562.904193694043,RE01,existing
P136_25_4,G1,relay_components,G1-relay_components-01,R002,3907.2115189986744,8084.5472154177,,,RE01,existing
P136_25_4,G2,A_aircraft,G2-A_aircraft-01,T004,2004.1116402878897,4285.571599124281,T022,5.000100000000202,U04,existing
P136_25_4,G2,A_aircraft,G2-A_aircraft-01,T022,4290.571699124282,5982.106185363231,,,U04,existing
P136_25_4,G2,B_aircraft,G2-B_aircraft-01,T002_2,0.0,1500.9693925601796,T008,5.000099999999975,U06,existing
P136_25_4,G2,B_aircraft,G2-B_aircraft-01,T008,1505.9694925601796,3350.508382715747,T013,5.0000999999997475,U06,existing
P136_25_4,G2,B_aircraft,G2-B_aircraft-01,T013,3355.5084827157466,5313.549754202741,,,U06,existing
P136_25_4,G2,B_aircraft,G2-B_aircraft-02,T015,0.0,1554.5713591276817,T011,5.000100000000202,NEW-B_aircraft-01,procurement_required
P136_25_4,G2,B_aircraft,G2-B_aircraft-02,T011,1559.571459127682,3503.5959031496714,T021,1809.9539510530703,NEW-B_aircraft-01,procurement_required
P136_25_4,G2,B_aircraft,G2-B_aircraft-02,T021,5313.549854202742,7211.591125689736,,,NEW-B_aircraft-01,procurement_required
P136_25_4,G2,C_aircraft,G2-C_aircraft-01,T012,1954.1116402878895,4069.193281566342,,,NEW-C_aircraft-01,procurement_required
P136_25_4,G2,C_aircraft,G2-C_aircraft-02,T014_2,3155.0929537629518,5460.277018730793,,,NEW-C_aircraft-02,procurement_required
P136_25_4,G2,A_batteries,G2-A_batteries-01,T004,2004.1116402878897,5653.515220902664,,,A05,existing
P136_25_4,G2,A_batteries,G2-A_batteries-02,T022,4290.571699124282,7157.600692042686,,,A06,existing
P136_25_4,G2,B_batteries,G2-B_batteries-01,T002_2,0.0,2956.647180248775,T013,398.86130246697167,B03,existing
P136_25_4,G2,B_batteries,G2-B_batteries-01,T013,3355.5084827157466,7272.795381688331,,,B03,existing
P136_25_4,G2,B_batteries,G2-B_batteries-02,T015,0.0,3010.3575010505742,T021,2303.1923531521675,B04,existing
P136_25_4,G2,B_batteries,G2-B_batteries-02,T021,5313.549854202742,9078.773277607346,,,B04,existing
P136_25_4,G2,B_batteries,G2-B_batteries-03,T008,1505.9694925601796,4939.170345795129,,,NEW-B_batteries-01,procurement_required
P136_25_4,G2,B_batteries,G2-B_batteries-04,T011,1559.571459127682,5367.702780894794,,,NEW-B_batteries-02,procurement_required
P136_25_4,G2,C_batteries,G2-C_batteries-01,T012,1954.1116402878895,6561.858999018011,,,C03,existing
P136_25_4,G2,C_batteries,G2-C_batteries-02,T014_2,3155.0929537629518,7966.52367812528,,,C04,existing
P136_25_4,G2,relay_aircraft,G2-relay_aircraft-01,R004,96.18236555369045,3902.2114189986755,,,R02,existing
P136_25_4,G2,relay_aircraft,G2-relay_aircraft-02,R003,2004.2977389089663,7744.455885352581,,,NEW-relay_aircraft-01,procurement_required
P136_25_4,G2,relay_components,G2-relay_components-01,R004,96.18236555369045,4498.791383917484,,,RE02,existing
P136_25_4,G2,relay_components,G2-relay_components-02,R003,2004.2977389089663,8588.743789022035,,,RE03,existing
P136_25_4,G3,A_aircraft,G3-A_aircraft-01,T009,0.0,1316.0142144169886,,,NEW-A_aircraft-01,procurement_required
P136_25_4,G3,C_aircraft,G3-C_aircraft-01,T010_2,0.0,1433.035082877992,,,NEW-C_aircraft-03,procurement_required
P136_25_4,G3,A_batteries,G3-A_batteries-01,T009,0.0,2207.8690163260853,,,NEW-A_batteries-01,procurement_required
P136_25_4,G3,C_batteries,G3-C_batteries-01,T010_2,0.0,2880.8082760764496,,,NEW-C_batteries-01,procurement_required
P13_256_4,G1,A_aircraft,G1-A_aircraft-01,T005,0.0,1312.470877312685,T014_1,2456.60332265658,U01,existing
P13_256_4,G1,A_aircraft,G1-A_aircraft-01,T014_1,3769.074199969265,5464.83230463773,T016,5.000099999999293,U01,existing
P13_256_4,G1,A_aircraft,G1-A_aircraft-01,T016,5469.832404637729,7165.590509306194,,,U01,existing
P13_256_4,G1,A_aircraft,G1-A_aircraft-02,T007_HARD,0.0,1712.4416357195464,T020,1974.6325642497181,U02,existing
P13_256_4,G1,A_aircraft,G1-A_aircraft-02,T020,3687.0741999692646,5657.284046946083,,,U02,existing
P13_256_4,G1,A_aircraft,G1-A_aircraft-03,T007_SOFT,0.0,1712.4416357195464,T007,1954.6325642497204,U03,existing
P13_256_4,G1,A_aircraft,G1-A_aircraft-03,T007,3667.074199969267,6275.115097078189,,,U03,existing
P13_256_4,G1,B_aircraft,G1-B_aircraft-01,T019_1,5372.702880894794,6891.727225306649,,,U05,existing
P13_256_4,G1,C_aircraft,G1-C_aircraft-01,T001,0.0,1561.4261775174655,T018,2512.767204048877,U07,existing
P13_256_4,G1,C_aircraft,G1-C_aircraft-01,T018,4074.1933815663424,6761.824258936959,,,U07,existing
P13_256_4,G1,C_aircraft,G1-C_aircraft-02,T003,1438.035182877992,2867.4613603954576,,,U08,existing
P13_256_4,G1,A_batteries,G1-A_batteries-01,T005,0.0,2178.7887122874713,T007,1488.2854876817955,A01,existing
P13_256_4,G1,A_batteries,G1-A_batteries-01,T007,3667.074199969267,7728.37856016178,,,A01,existing
P13_256_4,G1,A_batteries,G1-A_batteries-02,T007_HARD,0.0,2761.062337358848,T014_1,1008.0118626104172,A02,existing
P13_256_4,G1,A_batteries,G1-A_batteries-02,T014_1,3769.074199969265,6580.0266291174285,,,A02,existing
P13_256_4,G1,A_batteries,G1-A_batteries-03,T007_SOFT,0.0,2779.9496716386757,T016,2689.8827329990536,A03,existing
P13_256_4,G1,A_batteries,G1-A_batteries-03,T016,5469.832404637729,8301.566821462397,,,A03,existing
P13_256_4,G1,A_batteries,G1-A_batteries-04,T020,3687.0741999692646,6897.284697633159,,,A04,existing
P13_256_4,G1,B_batteries,G1-B_batteries-01,T019_1,5372.702880894794,8356.40930924514,,,B01,existing
P13_256_4,G1,C_batteries,G1-C_batteries-01,T001,0.0,3150.0928537629516,T018,924.1005278033908,C01,existing
P13_256_4,G1,C_batteries,G1-C_batteries-01,T018,4074.1933815663424,9324.985226007513,,,C01,existing
P13_256_4,G1,C_batteries,G1-C_batteries-02,T003,1438.035182877992,4385.641813543676,,,C02,existing
P13_256_4,G1,relay_aircraft,G1-relay_aircraft-01,R001,190.137319029409,1999.297638856333,R002,1907.9138801423414,R01,existing
P13_256_4,G1,relay_aircraft,G1-relay_aircraft-01,R002,3907.2115189986744,7516.130043494062,,,R01,existing
P13_256_4,G1,relay_components,G1-relay_components-01,R001,190.137319029409,2344.3073253046314,R002,1562.904193694043,RE01,existing
P13_256_4,G1,relay_components,G1-relay_components-01,R002,3907.2115189986744,8084.5472154177,,,RE01,existing
P13_256_4,G2,A_aircraft,G2-A_aircraft-01,T004,2004.1116402878897,4285.571599124281,T022,5.000100000000202,U04,existing
P13_256_4,G2,A_aircraft,G2-A_aircraft-01,T022,4290.571699124282,5982.106185363231,,,U04,existing
P13_256_4,G2,B_aircraft,G2-B_aircraft-01,T002_2,0.0,1500.9693925601796,T008,5.000099999999975,U06,existing
P13_256_4,G2,B_aircraft,G2-B_aircraft-01,T008,1505.9694925601796,3350.508382715747,T013,5.0000999999997475,U06,existing
P13_256_4,G2,B_aircraft,G2-B_aircraft-01,T013,3355.5084827157466,5313.549754202741,,,U06,existing
P13_256_4,G2,B_aircraft,G2-B_aircraft-02,T015,0.0,1554.5713591276817,T011,5.000100000000202,NEW-B_aircraft-01,procurement_required
P13_256_4,G2,B_aircraft,G2-B_aircraft-02,T011,1559.571459127682,3503.5959031496714,T006,5.000100000000657,NEW-B_aircraft-01,procurement_required
P13_256_4,G2,B_aircraft,G2-B_aircraft-02,T006,3508.596003149672,4698.226288886111,T021,615.3235653166303,NEW-B_aircraft-01,procurement_required
P13_256_4,G2,B_aircraft,G2-B_aircraft-02,T021,5313.549854202742,7211.591125689736,,,NEW-B_aircraft-01,procurement_required
P13_256_4,G2,C_aircraft,G2-C_aircraft-01,T012,1954.1116402878895,4069.193281566342,,,NEW-C_aircraft-01,procurement_required
P13_256_4,G2,C_aircraft,G2-C_aircraft-02,T014_2,3155.0929537629518,5460.277018730793,,,NEW-C_aircraft-02,procurement_required
P13_256_4,G2,A_batteries,G2-A_batteries-01,T004,2004.1116402878897,5653.515220902664,,,A05,existing
P13_256_4,G2,A_batteries,G2-A_batteries-02,T022,4290.571699124282,7157.600692042686,,,A06,existing
P13_256_4,G2,B_batteries,G2-B_batteries-01,T002_2,0.0,2956.647180248775,T013,398.86130246697167,B02,existing
P13_256_4,G2,B_batteries,G2-B_batteries-01,T013,3355.5084827157466,7272.795381688331,,,B02,existing
P13_256_4,G2,B_batteries,G2-B_batteries-02,T015,0.0,3010.3575010505742,T006,498.2385020990978,B03,existing
P13_256_4,G2,B_batteries,G2-B_batteries-02,T006,3508.596003149672,5831.667165848992,,,B03,existing
P13_256_4,G2,B_batteries,G2-B_batteries-03,T008,1505.9694925601796,4939.170345795129,T021,374.3795084076128,B04,existing
P13_256_4,G2,B_batteries,G2-B_batteries-03,T021,5313.549854202742,9078.773277607346,,,B04,existing
P13_256_4,G2,B_batteries,G2-B_batteries-04,T011,1559.571459127682,5367.702780894794,,,NEW-B_batteries-01,procurement_required
P13_256_4,G2,C_batteries,G2-C_batteries-01,T012,1954.1116402878895,6561.858999018011,,,C03,existing
P13_256_4,G2,C_batteries,G2-C_batteries-02,T014_2,3155.0929537629518,7966.52367812528,,,C04,existing
P13_256_4,G2,relay_aircraft,G2-relay_aircraft-01,R004,96.18236555369045,3902.2114189986755,,,R02,existing
P13_256_4,G2,relay_aircraft,G2-relay_aircraft-02,R003,2004.2977389089663,7744.455885352581,,,NEW-relay_aircraft-01,procurement_required
P13_256_4,G2,relay_components,G2-relay_components-01,R004,96.18236555369045,4498.791383917484,,,RE02,existing
P13_256_4,G2,relay_components,G2-relay_components-02,R003,2004.2977389089663,8588.743789022035,,,RE03,existing
P13_256_4,G3,A_aircraft,G3-A_aircraft-01,T009,0.0,1316.0142144169886,,,NEW-A_aircraft-01,procurement_required
P13_256_4,G3,C_aircraft,G3-C_aircraft-01,T010_2,0.0,1433.035082877992,,,NEW-C_aircraft-03,procurement_required
P13_256_4,G3,A_batteries,G3-A_batteries-01,T009,0.0,2207.8690163260853,,,NEW-A_batteries-01,procurement_required
P13_256_4,G3,C_batteries,G3-C_batteries-01,T010_2,0.0,2880.8082760764496,,,NEW-C_batteries-01,procurement_required
P13_25_46,G1,A_aircraft,G1-A_aircraft-01,T005,0.0,1312.470877312685,T014_1,2456.60332265658,U01,existing
P13_25_46,G1,A_aircraft,G1-A_aircraft-01,T014_1,3769.074199969265,5464.83230463773,T016,5.000099999999293,U01,existing
P13_25_46,G1,A_aircraft,G1-A_aircraft-01,T016,5469.832404637729,7165.590509306194,,,U01,existing
P13_25_46,G1,A_aircraft,G1-A_aircraft-02,T007_HARD,0.0,1712.4416357195464,T020,1974.6325642497181,U02,existing
P13_25_46,G1,A_aircraft,G1-A_aircraft-02,T020,3687.0741999692646,5657.284046946083,,,U02,existing
P13_25_46,G1,A_aircraft,G1-A_aircraft-03,T007_SOFT,0.0,1712.4416357195464,T007,1954.6325642497204,U03,existing
P13_25_46,G1,A_aircraft,G1-A_aircraft-03,T007,3667.074199969267,6275.115097078189,,,U03,existing
P13_25_46,G1,B_aircraft,G1-B_aircraft-01,T019_1,5372.702880894794,6891.727225306649,,,U05,existing
P13_25_46,G1,C_aircraft,G1-C_aircraft-01,T001,0.0,1561.4261775174655,T018,2512.767204048877,U07,existing
P13_25_46,G1,C_aircraft,G1-C_aircraft-01,T018,4074.1933815663424,6761.824258936959,,,U07,existing
P13_25_46,G1,C_aircraft,G1-C_aircraft-02,T003,1438.035182877992,2867.4613603954576,,,U08,existing
P13_25_46,G1,A_batteries,G1-A_batteries-01,T005,0.0,2178.7887122874713,T007,1488.2854876817955,A01,existing
P13_25_46,G1,A_batteries,G1-A_batteries-01,T007,3667.074199969267,7728.37856016178,,,A01,existing
P13_25_46,G1,A_batteries,G1-A_batteries-02,T007_HARD,0.0,2761.062337358848,T014_1,1008.0118626104172,A02,existing
P13_25_46,G1,A_batteries,G1-A_batteries-02,T014_1,3769.074199969265,6580.0266291174285,,,A02,existing
P13_25_46,G1,A_batteries,G1-A_batteries-03,T007_SOFT,0.0,2779.9496716386757,T016,2689.8827329990536,A03,existing
P13_25_46,G1,A_batteries,G1-A_batteries-03,T016,5469.832404637729,8301.566821462397,,,A03,existing
P13_25_46,G1,A_batteries,G1-A_batteries-04,T020,3687.0741999692646,6897.284697633159,,,A04,existing
P13_25_46,G1,B_batteries,G1-B_batteries-01,T019_1,5372.702880894794,8356.40930924514,,,B01,existing
P13_25_46,G1,C_batteries,G1-C_batteries-01,T001,0.0,3150.0928537629516,T018,924.1005278033908,C01,existing
P13_25_46,G1,C_batteries,G1-C_batteries-01,T018,4074.1933815663424,9324.985226007513,,,C01,existing
P13_25_46,G1,C_batteries,G1-C_batteries-02,T003,1438.035182877992,4385.641813543676,,,C02,existing
P13_25_46,G1,relay_aircraft,G1-relay_aircraft-01,R001,190.137319029409,1999.297638856333,R002,1907.9138801423414,R01,existing
P13_25_46,G1,relay_aircraft,G1-relay_aircraft-01,R002,3907.2115189986744,7516.130043494062,,,R01,existing
P13_25_46,G1,relay_components,G1-relay_components-01,R001,190.137319029409,2344.3073253046314,R002,1562.904193694043,RE01,existing
P13_25_46,G1,relay_components,G1-relay_components-01,R002,3907.2115189986744,8084.5472154177,,,RE01,existing
P13_25_46,G2,A_aircraft,G2-A_aircraft-01,T004,2004.1116402878897,4285.571599124281,T022,5.000100000000202,U04,existing
P13_25_46,G2,A_aircraft,G2-A_aircraft-01,T022,4290.571699124282,5982.106185363231,,,U04,existing
P13_25_46,G2,B_aircraft,G2-B_aircraft-01,T002_2,0.0,1500.9693925601796,T008,5.000099999999975,U06,existing
P13_25_46,G2,B_aircraft,G2-B_aircraft-01,T008,1505.9694925601796,3350.508382715747,T013,5.0000999999997475,U06,existing
P13_25_46,G2,B_aircraft,G2-B_aircraft-01,T013,3355.5084827157466,5313.549754202741,,,U06,existing
P13_25_46,G2,B_aircraft,G2-B_aircraft-02,T015,0.0,1554.5713591276817,T011,5.000100000000202,NEW-B_aircraft-01,procurement_required
P13_25_46,G2,B_aircraft,G2-B_aircraft-02,T011,1559.571459127682,3503.5959031496714,T021,1809.9539510530703,NEW-B_aircraft-01,procurement_required
P13_25_46,G2,B_aircraft,G2-B_aircraft-02,T021,5313.549854202742,7211.591125689736,,,NEW-B_aircraft-01,procurement_required
P13_25_46,G2,C_aircraft,G2-C_aircraft-01,T012,1954.1116402878895,4069.193281566342,,,NEW-C_aircraft-01,procurement_required
P13_25_46,G2,C_aircraft,G2-C_aircraft-02,T014_2,3155.0929537629518,5460.277018730793,,,NEW-C_aircraft-02,procurement_required
P13_25_46,G2,A_batteries,G2-A_batteries-01,T004,2004.1116402878897,5653.515220902664,,,A05,existing
P13_25_46,G2,A_batteries,G2-A_batteries-02,T022,4290.571699124282,7157.600692042686,,,A06,existing
P13_25_46,G2,B_batteries,G2-B_batteries-01,T002_2,0.0,2956.647180248775,T013,398.86130246697167,B02,existing
P13_25_46,G2,B_batteries,G2-B_batteries-01,T013,3355.5084827157466,7272.795381688331,,,B02,existing
P13_25_46,G2,B_batteries,G2-B_batteries-02,T015,0.0,3010.3575010505742,T021,2303.1923531521675,B03,existing
P13_25_46,G2,B_batteries,G2-B_batteries-02,T021,5313.549854202742,9078.773277607346,,,B03,existing
P13_25_46,G2,B_batteries,G2-B_batteries-03,T008,1505.9694925601796,4939.170345795129,,,B04,existing
P13_25_46,G2,B_batteries,G2-B_batteries-04,T011,1559.571459127682,5367.702780894794,,,NEW-B_batteries-01,procurement_required
P13_25_46,G2,C_batteries,G2-C_batteries-01,T012,1954.1116402878895,6561.858999018011,,,C03,existing
P13_25_46,G2,C_batteries,G2-C_batteries-02,T014_2,3155.0929537629518,7966.52367812528,,,C04,existing
P13_25_46,G2,relay_aircraft,G2-relay_aircraft-01,R004,96.18236555369045,3902.2114189986755,,,R02,existing
P13_25_46,G2,relay_aircraft,G2-relay_aircraft-02,R003,2004.2977389089663,7744.455885352581,,,NEW-relay_aircraft-01,procurement_required
P13_25_46,G2,relay_components,G2-relay_components-01,R004,96.18236555369045,4498.791383917484,,,RE02,existing
P13_25_46,G2,relay_components,G2-relay_components-02,R003,2004.2977389089663,8588.743789022035,,,RE03,existing
P13_25_46,G3,A_aircraft,G3-A_aircraft-01,T009,0.0,1316.0142144169886,,,NEW-A_aircraft-01,procurement_required
P13_25_46,G3,B_aircraft,G3-B_aircraft-01,T006,3508.596003149672,4698.226288886111,,,NEW-B_aircraft-02,procurement_required
P13_25_46,G3,C_aircraft,G3-C_aircraft-01,T010_2,0.0,1433.035082877992,,,NEW-C_aircraft-03,procurement_required
P13_25_46,G3,A_batteries,G3-A_batteries-01,T009,0.0,2207.8690163260853,,,NEW-A_batteries-01,procurement_required
P13_25_46,G3,B_batteries,G3-B_batteries-01,T006,3508.596003149672,5831.667165848992,,,NEW-B_batteries-02,procurement_required
P13_25_46,G3,C_batteries,G3-C_batteries-01,T010_2,0.0,2880.8082760764496,,,NEW-C_batteries-01,procurement_required
P136_2_45,G1,A_aircraft,G1-A_aircraft-01,T005,0.0,1312.470877312685,T014_1,2456.60332265658,U01,existing
P136_2_45,G1,A_aircraft,G1-A_aircraft-01,T014_1,3769.074199969265,5464.83230463773,T016,5.000099999999293,U01,existing
P136_2_45,G1,A_aircraft,G1-A_aircraft-01,T016,5469.832404637729,7165.590509306194,,,U01,existing
P136_2_45,G1,A_aircraft,G1-A_aircraft-02,T007_HARD,0.0,1712.4416357195464,T020,1974.6325642497181,U02,existing
P136_2_45,G1,A_aircraft,G1-A_aircraft-02,T020,3687.0741999692646,5657.284046946083,,,U02,existing
P136_2_45,G1,A_aircraft,G1-A_aircraft-03,T007_SOFT,0.0,1712.4416357195464,T007,1954.6325642497204,U03,existing
P136_2_45,G1,A_aircraft,G1-A_aircraft-03,T007,3667.074199969267,6275.115097078189,,,U03,existing
P136_2_45,G1,B_aircraft,G1-B_aircraft-01,T006,3508.596003149672,4698.226288886111,T019_1,674.4765920086829,U05,existing
P136_2_45,G1,B_aircraft,G1-B_aircraft-01,T019_1,5372.702880894794,6891.727225306649,,,U05,existing
P136_2_45,G1,C_aircraft,G1-C_aircraft-01,T001,0.0,1561.4261775174655,T018,2512.767204048877,U07,existing
P136_2_45,G1,C_aircraft,G1-C_aircraft-01,T018,4074.1933815663424,6761.824258936959,,,U07,existing
P136_2_45,G1,C_aircraft,G1-C_aircraft-02,T003,1438.035182877992,2867.4613603954576,,,U08,existing
P136_2_45,G1,A_batteries,G1-A_batteries-01,T005,0.0,2178.7887122874713,T007,1488.2854876817955,A01,existing
P136_2_45,G1,A_batteries,G1-A_batteries-01,T007,3667.074199969267,7728.37856016178,,,A01,existing
P136_2_45,G1,A_batteries,G1-A_batteries-02,T007_HARD,0.0,2761.062337358848,T014_1,1008.0118626104172,A02,existing
P136_2_45,G1,A_batteries,G1-A_batteries-02,T014_1,3769.074199969265,6580.0266291174285,,,A02,existing
P136_2_45,G1,A_batteries,G1-A_batteries-03,T007_SOFT,0.0,2779.9496716386757,T016,2689.8827329990536,A03,existing
P136_2_45,G1,A_batteries,G1-A_batteries-03,T016,5469.832404637729,8301.566821462397,,,A03,existing
P136_2_45,G1,A_batteries,G1-A_batteries-04,T020,3687.0741999692646,6897.284697633159,,,A04,existing
P136_2_45,G1,B_batteries,G1-B_batteries-01,T006,3508.596003149672,5831.667165848992,,,B01,existing
P136_2_45,G1,B_batteries,G1-B_batteries-02,T019_1,5372.702880894794,8356.40930924514,,,B02,existing
P136_2_45,G1,C_batteries,G1-C_batteries-01,T001,0.0,3150.0928537629516,T018,924.1005278033908,C01,existing
P136_2_45,G1,C_batteries,G1-C_batteries-01,T018,4074.1933815663424,9324.985226007513,,,C01,existing
P136_2_45,G1,C_batteries,G1-C_batteries-02,T003,1438.035182877992,4385.641813543676,,,C02,existing
P136_2_45,G1,relay_aircraft,G1-relay_aircraft-01,R001,190.137319029409,1999.297638856333,R002,1907.9138801423414,R01,existing
P136_2_45,G1,relay_aircraft,G1-relay_aircraft-01,R002,3907.2115189986744,7516.130043494062,,,R01,existing
P136_2_45,G1,relay_components,G1-relay_components-01,R001,190.137319029409,2344.3073253046314,R002,1562.904193694043,RE01,existing
P136_2_45,G1,relay_components,G1-relay_components-01,R002,3907.2115189986744,8084.5472154177,,,RE01,existing
P136_2_45,G2,A_aircraft,G2-A_aircraft-01,T004,2004.1116402878897,4285.571599124281,T022,5.000100000000202,U04,existing
P136_2_45,G2,A_aircraft,G2-A_aircraft-01,T022,4290.571699124282,5982.106185363231,,,U04,existing
P136_2_45,G2,B_aircraft,G2-B_aircraft-01,T013,3355.5084827157466,5313.549754202741,T021,0.00010000000111176632,U06,existing
P136_2_45,G2,B_aircraft,G2-B_aircraft-01,T021,5313.549854202742,7211.591125689736,,,U06,existing
P136_2_45,G2,C_aircraft,G2-C_aircraft-01,T012,1954.1116402878895,4069.193281566342,,,NEW-C_aircraft-01,procurement_required
P136_2_45,G2,C_aircraft,G2-C_aircraft-02,T014_2,3155.0929537629518,5460.277018730793,,,NEW-C_aircraft-02,procurement_required
P136_2_45,G2,A_batteries,G2-A_batteries-01,T004,2004.1116402878897,5653.515220902664,,,A05,existing
P136_2_45,G2,A_batteries,G2-A_batteries-02,T022,4290.571699124282,7157.600692042686,,,A06,existing
P136_2_45,G2,B_batteries,G2-B_batteries-01,T013,3355.5084827157466,7272.795381688331,,,B03,existing
P136_2_45,G2,B_batteries,G2-B_batteries-02,T021,5313.549854202742,9078.773277607346,,,B04,existing
P136_2_45,G2,C_batteries,G2-C_batteries-01,T012,1954.1116402878895,6561.858999018011,,,C03,existing
P136_2_45,G2,C_batteries,G2-C_batteries-02,T014_2,3155.0929537629518,7966.52367812528,,,C04,existing
P136_2_45,G2,relay_aircraft,G2-relay_aircraft-01,R003,2004.2977389089663,7744.455885352581,,,R02,existing
P136_2_45,G2,relay_components,G2-relay_components-01,R003,2004.2977389089663,8588.743789022035,,,RE02,existing
P136_2_45,G3,A_aircraft,G3-A_aircraft-01,T009,0.0,1316.0142144169886,,,NEW-A_aircraft-01,procurement_required
P136_2_45,G3,B_aircraft,G3-B_aircraft-01,T002_2,0.0,1500.9693925601796,T008,5.000099999999975,NEW-B_aircraft-01,procurement_required
P136_2_45,G3,B_aircraft,G3-B_aircraft-01,T008,1505.9694925601796,3350.508382715747,,,NEW-B_aircraft-01,procurement_required
P136_2_45,G3,B_aircraft,G3-B_aircraft-02,T015,0.0,1554.5713591276817,T011,5.000100000000202,NEW-B_aircraft-02,procurement_required
P136_2_45,G3,B_aircraft,G3-B_aircraft-02,T011,1559.571459127682,3503.5959031496714,,,NEW-B_aircraft-02,procurement_required
P136_2_45,G3,C_aircraft,G3-C_aircraft-01,T010_2,0.0,1433.035082877992,,,NEW-C_aircraft-03,procurement_required
P136_2_45,G3,A_batteries,G3-A_batteries-01,T009,0.0,2207.8690163260853,,,NEW-A_batteries-01,procurement_required
P136_2_45,G3,B_batteries,G3-B_batteries-01,T002_2,0.0,2956.647180248775,,,NEW-B_batteries-01,procurement_required
P136_2_45,G3,B_batteries,G3-B_batteries-02,T015,0.0,3010.3575010505742,,,NEW-B_batteries-02,procurement_required
P136_2_45,G3,B_batteries,G3-B_batteries-03,T008,1505.9694925601796,4939.170345795129,,,NEW-B_batteries-03,procurement_required
P136_2_45,G3,B_batteries,G3-B_batteries-04,T011,1559.571459127682,5367.702780894794,,,NEW-B_batteries-04,procurement_required
P136_2_45,G3,C_batteries,G3-C_batteries-01,T010_2,0.0,2880.8082760764496,,,NEW-C_batteries-01,procurement_required
P136_2_45,G3,relay_aircraft,G3-relay_aircraft-01,R004,96.18236555369045,3902.2114189986755,,,NEW-relay_aircraft-01,procurement_required
P136_2_45,G3,relay_components,G3-relay_components-01,R004,96.18236555369045,4498.791383917484,,,RE03,existing
P13_26_45,G1,A_aircraft,G1-A_aircraft-01,T005,0.0,1312.470877312685,T014_1,2456.60332265658,U01,existing
P13_26_45,G1,A_aircraft,G1-A_aircraft-01,T014_1,3769.074199969265,5464.83230463773,T016,5.000099999999293,U01,existing
P13_26_45,G1,A_aircraft,G1-A_aircraft-01,T016,5469.832404637729,7165.590509306194,,,U01,existing
P13_26_45,G1,A_aircraft,G1-A_aircraft-02,T007_HARD,0.0,1712.4416357195464,T020,1974.6325642497181,U02,existing
P13_26_45,G1,A_aircraft,G1-A_aircraft-02,T020,3687.0741999692646,5657.284046946083,,,U02,existing
P13_26_45,G1,A_aircraft,G1-A_aircraft-03,T007_SOFT,0.0,1712.4416357195464,T007,1954.6325642497204,U03,existing
P13_26_45,G1,A_aircraft,G1-A_aircraft-03,T007,3667.074199969267,6275.115097078189,,,U03,existing
P13_26_45,G1,B_aircraft,G1-B_aircraft-01,T019_1,5372.702880894794,6891.727225306649,,,U05,existing
P13_26_45,G1,C_aircraft,G1-C_aircraft-01,T001,0.0,1561.4261775174655,T018,2512.767204048877,U07,existing
P13_26_45,G1,C_aircraft,G1-C_aircraft-01,T018,4074.1933815663424,6761.824258936959,,,U07,existing
P13_26_45,G1,C_aircraft,G1-C_aircraft-02,T003,1438.035182877992,2867.4613603954576,,,U08,existing
P13_26_45,G1,A_batteries,G1-A_batteries-01,T005,0.0,2178.7887122874713,T007,1488.2854876817955,A01,existing
P13_26_45,G1,A_batteries,G1-A_batteries-01,T007,3667.074199969267,7728.37856016178,,,A01,existing
P13_26_45,G1,A_batteries,G1-A_batteries-02,T007_HARD,0.0,2761.062337358848,T014_1,1008.0118626104172,A02,existing
P13_26_45,G1,A_batteries,G1-A_batteries-02,T014_1,3769.074199969265,6580.0266291174285,,,A02,existing
P13_26_45,G1,A_batteries,G1-A_batteries-03,T007_SOFT,0.0,2779.9496716386757,T016,2689.8827329990536,A03,existing
P13_26_45,G1,A_batteries,G1-A_batteries-03,T016,5469.832404637729,8301.566821462397,,,A03,existing
P13_26_45,G1,A_batteries,G1-A_batteries-04,T020,3687.0741999692646,6897.284697633159,,,A04,existing
P13_26_45,G1,B_batteries,G1-B_batteries-01,T019_1,5372.702880894794,8356.40930924514,,,B01,existing
P13_26_45,G1,C_batteries,G1-C_batteries-01,T001,0.0,3150.0928537629516,T018,924.1005278033908,C01,existing
P13_26_45,G1,C_batteries,G1-C_batteries-01,T018,4074.1933815663424,9324.985226007513,,,C01,existing
P13_26_45,G1,C_batteries,G1-C_batteries-02,T003,1438.035182877992,4385.641813543676,,,C02,existing
P13_26_45,G1,relay_aircraft,G1-relay_aircraft-01,R001,190.137319029409,1999.297638856333,R002,1907.9138801423414,R01,existing
P13_26_45,G1,relay_aircraft,G1-relay_aircraft-01,R002,3907.2115189986744,7516.130043494062,,,R01,existing
P13_26_45,G1,relay_components,G1-relay_components-01,R001,190.137319029409,2344.3073253046314,R002,1562.904193694043,RE01,existing
P13_26_45,G1,relay_components,G1-relay_components-01,R002,3907.2115189986744,8084.5472154177,,,RE01,existing
P13_26_45,G2,A_aircraft,G2-A_aircraft-01,T004,2004.1116402878897,4285.571599124281,T022,5.000100000000202,U04,existing
P13_26_45,G2,A_aircraft,G2-A_aircraft-01,T022,4290.571699124282,5982.106185363231,,,U04,existing
P13_26_45,G2,B_aircraft,G2-B_aircraft-01,T013,3355.5084827157466,5313.549754202741,,,U06,existing
P13_26_45,G2,B_aircraft,G2-B_aircraft-02,T006,3508.596003149672,4698.226288886111,T021,615.3235653166303,NEW-B_aircraft-01,procurement_required
P13_26_45,G2,B_aircraft,G2-B_aircraft-02,T021,5313.549854202742,7211.591125689736,,,NEW-B_aircraft-01,procurement_required
P13_26_45,G2,C_aircraft,G2-C_aircraft-01,T012,1954.1116402878895,4069.193281566342,,,NEW-C_aircraft-01,procurement_required
P13_26_45,G2,C_aircraft,G2-C_aircraft-02,T014_2,3155.0929537629518,5460.277018730793,,,NEW-C_aircraft-02,procurement_required
P13_26_45,G2,A_batteries,G2-A_batteries-01,T004,2004.1116402878897,5653.515220902664,,,A05,existing
P13_26_45,G2,A_batteries,G2-A_batteries-02,T022,4290.571699124282,7157.600692042686,,,A06,existing
P13_26_45,G2,B_batteries,G2-B_batteries-01,T013,3355.5084827157466,7272.795381688331,,,B02,existing
P13_26_45,G2,B_batteries,G2-B_batteries-02,T006,3508.596003149672,5831.667165848992,,,B03,existing
P13_26_45,G2,B_batteries,G2-B_batteries-03,T021,5313.549854202742,9078.773277607346,,,B04,existing
P13_26_45,G2,C_batteries,G2-C_batteries-01,T012,1954.1116402878895,6561.858999018011,,,C03,existing
P13_26_45,G2,C_batteries,G2-C_batteries-02,T014_2,3155.0929537629518,7966.52367812528,,,C04,existing
P13_26_45,G2,relay_aircraft,G2-relay_aircraft-01,R003,2004.2977389089663,7744.455885352581,,,R02,existing
P13_26_45,G2,relay_components,G2-relay_components-01,R003,2004.2977389089663,8588.743789022035,,,RE02,existing
P13_26_45,G3,A_aircraft,G3-A_aircraft-01,T009,0.0,1316.0142144169886,,,NEW-A_aircraft-01,procurement_required
P13_26_45,G3,B_aircraft,G3-B_aircraft-01,T002_2,0.0,1500.9693925601796,T008,5.000099999999975,NEW-B_aircraft-02,procurement_required
P13_26_45,G3,B_aircraft,G3-B_aircraft-01,T008,1505.9694925601796,3350.508382715747,,,NEW-B_aircraft-02,procurement_required
P13_26_45,G3,B_aircraft,G3-B_aircraft-02,T015,0.0,1554.5713591276817,T011,5.000100000000202,NEW-B_aircraft-03,procurement_required
P13_26_45,G3,B_aircraft,G3-B_aircraft-02,T011,1559.571459127682,3503.5959031496714,,,NEW-B_aircraft-03,procurement_required
P13_26_45,G3,C_aircraft,G3-C_aircraft-01,T010_2,0.0,1433.035082877992,,,NEW-C_aircraft-03,procurement_required
P13_26_45,G3,A_batteries,G3-A_batteries-01,T009,0.0,2207.8690163260853,,,NEW-A_batteries-01,procurement_required
P13_26_45,G3,B_batteries,G3-B_batteries-01,T002_2,0.0,2956.647180248775,,,NEW-B_batteries-01,procurement_required
P13_26_45,G3,B_batteries,G3-B_batteries-02,T015,0.0,3010.3575010505742,,,NEW-B_batteries-02,procurement_required
P13_26_45,G3,B_batteries,G3-B_batteries-03,T008,1505.9694925601796,4939.170345795129,,,NEW-B_batteries-03,procurement_required
P13_26_45,G3,B_batteries,G3-B_batteries-04,T011,1559.571459127682,5367.702780894794,,,NEW-B_batteries-04,procurement_required
P13_26_45,G3,C_batteries,G3-C_batteries-01,T010_2,0.0,2880.8082760764496,,,NEW-C_batteries-01,procurement_required
P13_26_45,G3,relay_aircraft,G3-relay_aircraft-01,R004,96.18236555369045,3902.2114189986755,,,NEW-relay_aircraft-01,procurement_required
P13_26_45,G3,relay_components,G3-relay_components-01,R004,96.18236555369045,4498.791383917484,,,RE03,existing
P13_2_456,G1,A_aircraft,G1-A_aircraft-01,T005,0.0,1312.470877312685,T014_1,2456.60332265658,U01,existing
P13_2_456,G1,A_aircraft,G1-A_aircraft-01,T014_1,3769.074199969265,5464.83230463773,T016,5.000099999999293,U01,existing
P13_2_456,G1,A_aircraft,G1-A_aircraft-01,T016,5469.832404637729,7165.590509306194,,,U01,existing
P13_2_456,G1,A_aircraft,G1-A_aircraft-02,T007_HARD,0.0,1712.4416357195464,T020,1974.6325642497181,U02,existing
P13_2_456,G1,A_aircraft,G1-A_aircraft-02,T020,3687.0741999692646,5657.284046946083,,,U02,existing
P13_2_456,G1,A_aircraft,G1-A_aircraft-03,T007_SOFT,0.0,1712.4416357195464,T007,1954.6325642497204,U03,existing
P13_2_456,G1,A_aircraft,G1-A_aircraft-03,T007,3667.074199969267,6275.115097078189,,,U03,existing
P13_2_456,G1,B_aircraft,G1-B_aircraft-01,T019_1,5372.702880894794,6891.727225306649,,,U05,existing
P13_2_456,G1,C_aircraft,G1-C_aircraft-01,T001,0.0,1561.4261775174655,T018,2512.767204048877,U07,existing
P13_2_456,G1,C_aircraft,G1-C_aircraft-01,T018,4074.1933815663424,6761.824258936959,,,U07,existing
P13_2_456,G1,C_aircraft,G1-C_aircraft-02,T003,1438.035182877992,2867.4613603954576,,,U08,existing
P13_2_456,G1,A_batteries,G1-A_batteries-01,T005,0.0,2178.7887122874713,T007,1488.2854876817955,A01,existing
P13_2_456,G1,A_batteries,G1-A_batteries-01,T007,3667.074199969267,7728.37856016178,,,A01,existing
P13_2_456,G1,A_batteries,G1-A_batteries-02,T007_HARD,0.0,2761.062337358848,T014_1,1008.0118626104172,A02,existing
P13_2_456,G1,A_batteries,G1-A_batteries-02,T014_1,3769.074199969265,6580.0266291174285,,,A02,existing
P13_2_456,G1,A_batteries,G1-A_batteries-03,T007_SOFT,0.0,2779.9496716386757,T016,2689.8827329990536,A03,existing
P13_2_456,G1,A_batteries,G1-A_batteries-03,T016,5469.832404637729,8301.566821462397,,,A03,existing
P13_2_456,G1,A_batteries,G1-A_batteries-04,T020,3687.0741999692646,6897.284697633159,,,A04,existing
P13_2_456,G1,B_batteries,G1-B_batteries-01,T019_1,5372.702880894794,8356.40930924514,,,B01,existing
P13_2_456,G1,C_batteries,G1-C_batteries-01,T001,0.0,3150.0928537629516,T018,924.1005278033908,C01,existing
P13_2_456,G1,C_batteries,G1-C_batteries-01,T018,4074.1933815663424,9324.985226007513,,,C01,existing
P13_2_456,G1,C_batteries,G1-C_batteries-02,T003,1438.035182877992,4385.641813543676,,,C02,existing
P13_2_456,G1,relay_aircraft,G1-relay_aircraft-01,R001,190.137319029409,1999.297638856333,R002,1907.9138801423414,R01,existing
P13_2_456,G1,relay_aircraft,G1-relay_aircraft-01,R002,3907.2115189986744,7516.130043494062,,,R01,existing
P13_2_456,G1,relay_components,G1-relay_components-01,R001,190.137319029409,2344.3073253046314,R002,1562.904193694043,RE01,existing
P13_2_456,G1,relay_components,G1-relay_components-01,R002,3907.2115189986744,8084.5472154177,,,RE01,existing
P13_2_456,G2,A_aircraft,G2-A_aircraft-01,T004,2004.1116402878897,4285.571599124281,T022,5.000100000000202,U04,existing
P13_2_456,G2,A_aircraft,G2-A_aircraft-01,T022,4290.571699124282,5982.106185363231,,,U04,existing
P13_2_456,G2,B_aircraft,G2-B_aircraft-01,T013,3355.5084827157466,5313.549754202741,T021,0.00010000000111176632,U06,existing
P13_2_456,G2,B_aircraft,G2-B_aircraft-01,T021,5313.549854202742,7211.591125689736,,,U06,existing
P13_2_456,G2,C_aircraft,G2-C_aircraft-01,T012,1954.1116402878895,4069.193281566342,,,NEW-C_aircraft-01,procurement_required
P13_2_456,G2,C_aircraft,G2-C_aircraft-02,T014_2,3155.0929537629518,5460.277018730793,,,NEW-C_aircraft-02,procurement_required
P13_2_456,G2,A_batteries,G2-A_batteries-01,T004,2004.1116402878897,5653.515220902664,,,A05,existing
P13_2_456,G2,A_batteries,G2-A_batteries-02,T022,4290.571699124282,7157.600692042686,,,A06,existing
P13_2_456,G2,B_batteries,G2-B_batteries-01,T013,3355.5084827157466,7272.795381688331,,,B02,existing
P13_2_456,G2,B_batteries,G2-B_batteries-02,T021,5313.549854202742,9078.773277607346,,,B03,existing
P13_2_456,G2,C_batteries,G2-C_batteries-01,T012,1954.1116402878895,6561.858999018011,,,C03,existing
P13_2_456,G2,C_batteries,G2-C_batteries-02,T014_2,3155.0929537629518,7966.52367812528,,,C04,existing
P13_2_456,G2,relay_aircraft,G2-relay_aircraft-01,R003,2004.2977389089663,7744.455885352581,,,R02,existing
P13_2_456,G2,relay_components,G2-relay_components-01,R003,2004.2977389089663,8588.743789022035,,,RE02,existing
P13_2_456,G3,A_aircraft,G3-A_aircraft-01,T009,0.0,1316.0142144169886,,,NEW-A_aircraft-01,procurement_required
P13_2_456,G3,B_aircraft,G3-B_aircraft-01,T002_2,0.0,1500.9693925601796,T008,5.000099999999975,NEW-B_aircraft-01,procurement_required
P13_2_456,G3,B_aircraft,G3-B_aircraft-01,T008,1505.9694925601796,3350.508382715747,T006,158.08762043392517,NEW-B_aircraft-01,procurement_required
P13_2_456,G3,B_aircraft,G3-B_aircraft-01,T006,3508.596003149672,4698.226288886111,,,NEW-B_aircraft-01,procurement_required
P13_2_456,G3,B_aircraft,G3-B_aircraft-02,T015,0.0,1554.5713591276817,T011,5.000100000000202,NEW-B_aircraft-02,procurement_required
P13_2_456,G3,B_aircraft,G3-B_aircraft-02,T011,1559.571459127682,3503.5959031496714,,,NEW-B_aircraft-02,procurement_required
P13_2_456,G3,C_aircraft,G3-C_aircraft-01,T010_2,0.0,1433.035082877992,,,NEW-C_aircraft-03,procurement_required
P13_2_456,G3,A_batteries,G3-A_batteries-01,T009,0.0,2207.8690163260853,,,NEW-A_batteries-01,procurement_required
P13_2_456,G3,B_batteries,G3-B_batteries-01,T002_2,0.0,2956.647180248775,T006,551.9488229008971,B04,existing
P13_2_456,G3,B_batteries,G3-B_batteries-01,T006,3508.596003149672,5831.667165848992,,,B04,existing
P13_2_456,G3,B_batteries,G3-B_batteries-02,T015,0.0,3010.3575010505742,,,NEW-B_batteries-01,procurement_required
P13_2_456,G3,B_batteries,G3-B_batteries-03,T008,1505.9694925601796,4939.170345795129,,,NEW-B_batteries-02,procurement_required
P13_2_456,G3,B_batteries,G3-B_batteries-04,T011,1559.571459127682,5367.702780894794,,,NEW-B_batteries-03,procurement_required
P13_2_456,G3,C_batteries,G3-C_batteries-01,T010_2,0.0,2880.8082760764496,,,NEW-C_batteries-01,procurement_required
P13_2_456,G3,relay_aircraft,G3-relay_aircraft-01,R004,96.18236555369045,3902.2114189986755,,,NEW-relay_aircraft-01,procurement_required
P13_2_456,G3,relay_components,G3-relay_components-01,R004,96.18236555369045,4498.791383917484,,,RE03,existing
P145_23_6,G1,A_aircraft,G1-A_aircraft-01,T005,0.0,1312.470877312685,,,U01,existing
P145_23_6,G1,A_aircraft,G1-A_aircraft-02,T009,0.0,1316.0142144169886,,,U02,existing
P145_23_6,G1,B_aircraft,G1-B_aircraft-01,T002_2,0.0,1500.9693925601796,T008,5.000099999999975,U05,existing
P145_23_6,G1,B_aircraft,G1-B_aircraft-01,T008,1505.9694925601796,3350.508382715747,,,U05,existing
P145_23_6,G1,B_aircraft,G1-B_aircraft-02,T015,0.0,1554.5713591276817,T011,5.000100000000202,U06,existing
P145_23_6,G1,B_aircraft,G1-B_aircraft-02,T011,1559.571459127682,3503.5959031496714,,,U06,existing
P145_23_6,G1,C_aircraft,G1-C_aircraft-01,T001,0.0,1561.4261775174655,,,U07,existing
P145_23_6,G1,C_aircraft,G1-C_aircraft-02,T010_2,0.0,1433.035082877992,T003,5.000099999999975,U08,existing
P145_23_6,G1,C_aircraft,G1-C_aircraft-02,T003,1438.035182877992,2867.4613603954576,,,U08,existing
P145_23_6,G1,A_batteries,G1-A_batteries-01,T005,0.0,2178.7887122874713,,,A01,existing
P145_23_6,G1,A_batteries,G1-A_batteries-02,T009,0.0,2207.8690163260853,,,A02,existing
P145_23_6,G1,B_batteries,G1-B_batteries-01,T002_2,0.0,2956.647180248775,,,B01,existing
P145_23_6,G1,B_batteries,G1-B_batteries-02,T015,0.0,3010.3575010505742,,,B02,existing
P145_23_6,G1,B_batteries,G1-B_batteries-03,T008,1505.9694925601796,4939.170345795129,,,B03,existing
P145_23_6,G1,B_batteries,G1-B_batteries-04,T011,1559.571459127682,5367.702780894794,,,B04,existing
P145_23_6,G1,C_batteries,G1-C_batteries-01,T001,0.0,3150.0928537629516,,,C01,existing
P145_23_6,G1,C_batteries,G1-C_batteries-02,T010_2,0.0,2880.8082760764496,,,C02,existing
P145_23_6,G1,C_batteries,G1-C_batteries-03,T003,1438.035182877992,4385.641813543676,,,C03,existing
P145_23_6,G1,relay_aircraft,G1-relay_aircraft-01,R004,96.18236555369045,3902.2114189986755,,,R01,existing
P145_23_6,G1,relay_components,G1-relay_components-01,R004,96.18236555369045,4498.791383917484,,,RE01,existing
P145_23_6,G2,A_aircraft,G2-A_aircraft-01,T007_HARD,0.0,1712.4416357195464,T007,1954.6325642497204,U03,existing
P145_23_6,G2,A_aircraft,G2-A_aircraft-01,T007,3667.074199969267,6275.115097078189,,,U03,existing
P145_23_6,G2,A_aircraft,G2-A_aircraft-02,T007_SOFT,0.0,1712.4416357195464,T004,291.6700045683433,U04,existing
P145_23_6,G2,A_aircraft,G2-A_aircraft-02,T004,2004.1116402878897,4285.571599124281,T022,5.000100000000202,U04,existing
P145_23_6,G2,A_aircraft,G2-A_aircraft-02,T022,4290.571699124282,5982.106185363231,,,U04,existing
P145_23_6,G2,A_aircraft,G2-A_aircraft-03,T020,3687.0741999692646,5657.284046946083,,,NEW-A_aircraft-01,procurement_required
P145_23_6,G2,A_aircraft,G2-A_aircraft-04,T014_1,3769.074199969265,5464.83230463773,T016,5.000099999999293,NEW-A_aircraft-02,procurement_required
P145_23_6,G2,A_aircraft,G2-A_aircraft-04,T016,5469.832404637729,7165.590509306194,,,NEW-A_aircraft-02,procurement_required
P145_23_6,G2,B_aircraft,G2-B_aircraft-01,T013,3355.5084827157466,5313.549754202741,T019_1,59.153126692053775,NEW-B_aircraft-01,procurement_required
P145_23_6,G2,B_aircraft,G2-B_aircraft-01,T019_1,5372.702880894794,6891.727225306649,,,NEW-B_aircraft-01,procurement_required
P145_23_6,G2,B_aircraft,G2-B_aircraft-02,T021,5313.549854202742,7211.591125689736,,,NEW-B_aircraft-02,procurement_required
P145_23_6,G2,C_aircraft,G2-C_aircraft-01,T012,1954.1116402878895,4069.193281566342,T018,5.000100000000202,NEW-C_aircraft-01,procurement_required
P145_23_6,G2,C_aircraft,G2-C_aircraft-01,T018,4074.1933815663424,6761.824258936959,,,NEW-C_aircraft-01,procurement_required
P145_23_6,G2,C_aircraft,G2-C_aircraft-02,T014_2,3155.0929537629518,5460.277018730793,,,NEW-C_aircraft-02,procurement_required
P145_23_6,G2,A_batteries,G2-A_batteries-01,T007_HARD,0.0,2761.062337358848,T022,1529.5093617654338,A03,existing
P145_23_6,G2,A_batteries,G2-A_batteries-01,T022,4290.571699124282,7157.600692042686,,,A03,existing
P145_23_6,G2,A_batteries,G2-A_batteries-02,T007_SOFT,0.0,2779.9496716386757,T016,2689.8827329990536,A04,existing
P145_23_6,G2,A_batteries,G2-A_batteries-02,T016,5469.832404637729,8301.566821462397,,,A04,existing
P145_23_6,G2,A_batteries,G2-A_batteries-03,T004,2004.1116402878897,5653.515220902664,,,A05,existing
P145_23_6,G2,A_batteries,G2-A_batteries-04,T007,3667.074199969267,7728.37856016178,,,A06,existing
P145_23_6,G2,A_batteries,G2-A_batteries-05,T020,3687.0741999692646,6897.284697633159,,,NEW-A_batteries-01,procurement_required
P145_23_6,G2,A_batteries,G2-A_batteries-06,T014_1,3769.074199969265,6580.0266291174285,,,NEW-A_batteries-02,procurement_required
P145_23_6,G2,B_batteries,G2-B_batteries-01,T013,3355.5084827157466,7272.795381688331,,,NEW-B_batteries-01,procurement_required
P145_23_6,G2,B_batteries,G2-B_batteries-02,T021,5313.549854202742,9078.773277607346,,,NEW-B_batteries-02,procurement_required
P145_23_6,G2,B_batteries,G2-B_batteries-03,T019_1,5372.702880894794,8356.40930924514,,,NEW-B_batteries-03,procurement_required
P145_23_6,G2,C_batteries,G2-C_batteries-01,T012,1954.1116402878895,6561.858999018011,,,C04,existing
P145_23_6,G2,C_batteries,G2-C_batteries-02,T014_2,3155.0929537629518,7966.52367812528,,,NEW-C_batteries-01,procurement_required
P145_23_6,G2,C_batteries,G2-C_batteries-03,T018,4074.1933815663424,9324.985226007513,,,NEW-C_batteries-02,procurement_required
P145_23_6,G2,relay_aircraft,G2-relay_aircraft-01,R001,190.137319029409,1999.297638856333,R002,1907.9138801423414,R02,existing
P145_23_6,G2,relay_aircraft,G2-relay_aircraft-01,R002,3907.2115189986744,7516.130043494062,,,R02,existing
P145_23_6,G2,relay_aircraft,G2-relay_aircraft-02,R003,2004.2977389089663,7744.455885352581,,,NEW-relay_aircraft-01,procurement_required
P145_23_6,G2,relay_components,G2-relay_components-01,R001,190.137319029409,2344.3073253046314,R002,1562.904193694043,RE02,existing
P145_23_6,G2,relay_components,G2-relay_components-01,R002,3907.2115189986744,8084.5472154177,,,RE02,existing
P145_23_6,G2,relay_components,G2-relay_components-02,R003,2004.2977389089663,8588.743789022035,,,RE03,existing
P145_23_6,G3,B_aircraft,G3-B_aircraft-01,T006,3508.596003149672,4698.226288886111,,,NEW-B_aircraft-03,procurement_required
P145_23_6,G3,B_batteries,G3-B_batteries-01,T006,3508.596003149672,5831.667165848992,,,NEW-B_batteries-04,procurement_required
P14_235_6,G1,A_aircraft,G1-A_aircraft-01,T005,0.0,1312.470877312685,,,U01,existing
P14_235_6,G1,A_aircraft,G1-A_aircraft-02,T009,0.0,1316.0142144169886,,,U02,existing
P14_235_6,G1,C_aircraft,G1-C_aircraft-01,T001,0.0,1561.4261775174655,,,U07,existing
P14_235_6,G1,C_aircraft,G1-C_aircraft-02,T010_2,0.0,1433.035082877992,T003,5.000099999999975,U08,existing
P14_235_6,G1,C_aircraft,G1-C_aircraft-02,T003,1438.035182877992,2867.4613603954576,,,U08,existing
P14_235_6,G1,A_batteries,G1-A_batteries-01,T005,0.0,2178.7887122874713,,,A01,existing
P14_235_6,G1,A_batteries,G1-A_batteries-02,T009,0.0,2207.8690163260853,,,A02,existing
P14_235_6,G1,C_batteries,G1-C_batteries-01,T001,0.0,3150.0928537629516,,,C01,existing
P14_235_6,G1,C_batteries,G1-C_batteries-02,T010_2,0.0,2880.8082760764496,,,C02,existing
P14_235_6,G1,C_batteries,G1-C_batteries-03,T003,1438.035182877992,4385.641813543676,,,C03,existing
P14_235_6,G2,A_aircraft,G2-A_aircraft-01,T007_HARD,0.0,1712.4416357195464,T007,1954.6325642497204,U03,existing
P14_235_6,G2,A_aircraft,G2-A_aircraft-01,T007,3667.074199969267,6275.115097078189,,,U03,existing
P14_235_6,G2,A_aircraft,G2-A_aircraft-02,T007_SOFT,0.0,1712.4416357195464,T004,291.6700045683433,U04,existing
P14_235_6,G2,A_aircraft,G2-A_aircraft-02,T004,2004.1116402878897,4285.571599124281,T022,5.000100000000202,U04,existing
P14_235_6,G2,A_aircraft,G2-A_aircraft-02,T022,4290.571699124282,5982.106185363231,,,U04,existing
P14_235_6,G2,A_aircraft,G2-A_aircraft-03,T020,3687.0741999692646,5657.284046946083,,,NEW-A_aircraft-01,procurement_required
P14_235_6,G2,A_aircraft,G2-A_aircraft-04,T014_1,3769.074199969265,5464.83230463773,T016,5.000099999999293,NEW-A_aircraft-02,procurement_required
P14_235_6,G2,A_aircraft,G2-A_aircraft-04,T016,5469.832404637729,7165.590509306194,,,NEW-A_aircraft-02,procurement_required
P14_235_6,G2,B_aircraft,G2-B_aircraft-01,T002_2,0.0,1500.9693925601796,T008,5.000099999999975,U05,existing
P14_235_6,G2,B_aircraft,G2-B_aircraft-01,T008,1505.9694925601796,3350.508382715747,T013,5.0000999999997475,U05,existing
P14_235_6,G2,B_aircraft,G2-B_aircraft-01,T013,3355.5084827157466,5313.549754202741,T019_1,59.153126692053775,U05,existing
P14_235_6,G2,B_aircraft,G2-B_aircraft-01,T019_1,5372.702880894794,6891.727225306649,,,U05,existing
P14_235_6,G2,B_aircraft,G2-B_aircraft-02,T015,0.0,1554.5713591276817,T011,5.000100000000202,U06,existing
P14_235_6,G2,B_aircraft,G2-B_aircraft-02,T011,1559.571459127682,3503.5959031496714,T021,1809.9539510530703,U06,existing
P14_235_6,G2,B_aircraft,G2-B_aircraft-02,T021,5313.549854202742,7211.591125689736,,,U06,existing
P14_235_6,G2,C_aircraft,G2-C_aircraft-01,T012,1954.1116402878895,4069.193281566342,T018,5.000100000000202,NEW-C_aircraft-01,procurement_required
P14_235_6,G2,C_aircraft,G2-C_aircraft-01,T018,4074.1933815663424,6761.824258936959,,,NEW-C_aircraft-01,procurement_required
P14_235_6,G2,C_aircraft,G2-C_aircraft-02,T014_2,3155.0929537629518,5460.277018730793,,,NEW-C_aircraft-02,procurement_required
P14_235_6,G2,A_batteries,G2-A_batteries-01,T007_HARD,0.0,2761.062337358848,T022,1529.5093617654338,A03,existing
P14_235_6,G2,A_batteries,G2-A_batteries-01,T022,4290.571699124282,7157.600692042686,,,A03,existing
P14_235_6,G2,A_batteries,G2-A_batteries-02,T007_SOFT,0.0,2779.9496716386757,T016,2689.8827329990536,A04,existing
P14_235_6,G2,A_batteries,G2-A_batteries-02,T016,5469.832404637729,8301.566821462397,,,A04,existing
P14_235_6,G2,A_batteries,G2-A_batteries-03,T004,2004.1116402878897,5653.515220902664,,,A05,existing
P14_235_6,G2,A_batteries,G2-A_batteries-04,T007,3667.074199969267,7728.37856016178,,,A06,existing
P14_235_6,G2,A_batteries,G2-A_batteries-05,T020,3687.0741999692646,6897.284697633159,,,NEW-A_batteries-01,procurement_required
P14_235_6,G2,A_batteries,G2-A_batteries-06,T014_1,3769.074199969265,6580.0266291174285,,,NEW-A_batteries-02,procurement_required
P14_235_6,G2,B_batteries,G2-B_batteries-01,T002_2,0.0,2956.647180248775,T013,398.86130246697167,B01,existing
P14_235_6,G2,B_batteries,G2-B_batteries-01,T013,3355.5084827157466,7272.795381688331,,,B01,existing
P14_235_6,G2,B_batteries,G2-B_batteries-02,T015,0.0,3010.3575010505742,T021,2303.1923531521675,B02,existing
P14_235_6,G2,B_batteries,G2-B_batteries-02,T021,5313.549854202742,9078.773277607346,,,B02,existing
P14_235_6,G2,B_batteries,G2-B_batteries-03,T008,1505.9694925601796,4939.170345795129,T019_1,433.53253509966544,B03,existing
P14_235_6,G2,B_batteries,G2-B_batteries-03,T019_1,5372.702880894794,8356.40930924514,,,B03,existing
P14_235_6,G2,B_batteries,G2-B_batteries-04,T011,1559.571459127682,5367.702780894794,,,B04,existing
P14_235_6,G2,C_batteries,G2-C_batteries-01,T012,1954.1116402878895,6561.858999018011,,,C04,existing
P14_235_6,G2,C_batteries,G2-C_batteries-02,T014_2,3155.0929537629518,7966.52367812528,,,NEW-C_batteries-01,procurement_required
P14_235_6,G2,C_batteries,G2-C_batteries-03,T018,4074.1933815663424,9324.985226007513,,,NEW-C_batteries-02,procurement_required
P14_235_6,G2,relay_aircraft,G2-relay_aircraft-01,R004,96.18236555369045,3902.2114189986755,R002,5.000099999998838,R01,existing
P14_235_6,G2,relay_aircraft,G2-relay_aircraft-01,R002,3907.2115189986744,7516.130043494062,,,R01,existing
P14_235_6,G2,relay_aircraft,G2-relay_aircraft-02,R001,190.137319029409,1999.297638856333,R003,5.000100052633343,R02,existing
P14_235_6,G2,relay_aircraft,G2-relay_aircraft-02,R003,2004.2977389089663,7744.455885352581,,,R02,existing
P14_235_6,G2,relay_components,G2-relay_components-01,R004,96.18236555369045,4498.791383917484,,,RE01,existing
P14_235_6,G2,relay_components,G2-relay_components-02,R001,190.137319029409,2344.3073253046314,R002,1562.904193694043,RE02,existing
P14_235_6,G2,relay_components,G2-relay_components-02,R002,3907.2115189986744,8084.5472154177,,,RE02,existing
P14_235_6,G2,relay_components,G2-relay_components-03,R003,2004.2977389089663,8588.743789022035,,,RE03,existing
P14_235_6,G3,B_aircraft,G3-B_aircraft-01,T006,3508.596003149672,4698.226288886111,,,NEW-B_aircraft-01,procurement_required
P14_235_6,G3,B_batteries,G3-B_batteries-01,T006,3508.596003149672,5831.667165848992,,,NEW-B_batteries-01,procurement_required
P146_23_5,G1,A_aircraft,G1-A_aircraft-01,T005,0.0,1312.470877312685,,,U01,existing
P146_23_5,G1,A_aircraft,G1-A_aircraft-02,T009,0.0,1316.0142144169886,,,U02,existing
P146_23_5,G1,B_aircraft,G1-B_aircraft-01,T006,3508.596003149672,4698.226288886111,,,U05,existing
P146_23_5,G1,C_aircraft,G1-C_aircraft-01,T001,0.0,1561.4261775174655,,,U07,existing
P146_23_5,G1,C_aircraft,G1-C_aircraft-02,T010_2,0.0,1433.035082877992,T003,5.000099999999975,U08,existing
P146_23_5,G1,C_aircraft,G1-C_aircraft-02,T003,1438.035182877992,2867.4613603954576,,,U08,existing
P146_23_5,G1,A_batteries,G1-A_batteries-01,T005,0.0,2178.7887122874713,,,A01,existing
P146_23_5,G1,A_batteries,G1-A_batteries-02,T009,0.0,2207.8690163260853,,,A02,existing
P146_23_5,G1,B_batteries,G1-B_batteries-01,T006,3508.596003149672,5831.667165848992,,,B01,existing
P146_23_5,G1,C_batteries,G1-C_batteries-01,T001,0.0,3150.0928537629516,,,C01,existing
P146_23_5,G1,C_batteries,G1-C_batteries-02,T010_2,0.0,2880.8082760764496,,,C02,existing
P146_23_5,G1,C_batteries,G1-C_batteries-03,T003,1438.035182877992,4385.641813543676,,,C03,existing
P146_23_5,G2,A_aircraft,G2-A_aircraft-01,T007_HARD,0.0,1712.4416357195464,T007,1954.6325642497204,U03,existing
P146_23_5,G2,A_aircraft,G2-A_aircraft-01,T007,3667.074199969267,6275.115097078189,,,U03,existing
P146_23_5,G2,A_aircraft,G2-A_aircraft-02,T007_SOFT,0.0,1712.4416357195464,T004,291.6700045683433,U04,existing
P146_23_5,G2,A_aircraft,G2-A_aircraft-02,T004,2004.1116402878897,4285.571599124281,T022,5.000100000000202,U04,existing
P146_23_5,G2,A_aircraft,G2-A_aircraft-02,T022,4290.571699124282,5982.106185363231,,,U04,existing
P146_23_5,G2,A_aircraft,G2-A_aircraft-03,T020,3687.0741999692646,5657.284046946083,,,NEW-A_aircraft-01,procurement_required
P146_23_5,G2,A_aircraft,G2-A_aircraft-04,T014_1,3769.074199969265,5464.83230463773,T016,5.000099999999293,NEW-A_aircraft-02,procurement_required
P146_23_5,G2,A_aircraft,G2-A_aircraft-04,T016,5469.832404637729,7165.590509306194,,,NEW-A_aircraft-02,procurement_required
P146_23_5,G2,B_aircraft,G2-B_aircraft-01,T013,3355.5084827157466,5313.549754202741,T019_1,59.153126692053775,U06,existing
P146_23_5,G2,B_aircraft,G2-B_aircraft-01,T019_1,5372.702880894794,6891.727225306649,,,U06,existing
P146_23_5,G2,B_aircraft,G2-B_aircraft-02,T021,5313.549854202742,7211.591125689736,,,NEW-B_aircraft-01,procurement_required
P146_23_5,G2,C_aircraft,G2-C_aircraft-01,T012,1954.1116402878895,4069.193281566342,T018,5.000100000000202,NEW-C_aircraft-01,procurement_required
P146_23_5,G2,C_aircraft,G2-C_aircraft-01,T018,4074.1933815663424,6761.824258936959,,,NEW-C_aircraft-01,procurement_required
P146_23_5,G2,C_aircraft,G2-C_aircraft-02,T014_2,3155.0929537629518,5460.277018730793,,,NEW-C_aircraft-02,procurement_required
P146_23_5,G2,A_batteries,G2-A_batteries-01,T007_HARD,0.0,2761.062337358848,T022,1529.5093617654338,A03,existing
P146_23_5,G2,A_batteries,G2-A_batteries-01,T022,4290.571699124282,7157.600692042686,,,A03,existing
P146_23_5,G2,A_batteries,G2-A_batteries-02,T007_SOFT,0.0,2779.9496716386757,T016,2689.8827329990536,A04,existing
P146_23_5,G2,A_batteries,G2-A_batteries-02,T016,5469.832404637729,8301.566821462397,,,A04,existing
P146_23_5,G2,A_batteries,G2-A_batteries-03,T004,2004.1116402878897,5653.515220902664,,,A05,existing
P146_23_5,G2,A_batteries,G2-A_batteries-04,T007,3667.074199969267,7728.37856016178,,,A06,existing
P146_23_5,G2,A_batteries,G2-A_batteries-05,T020,3687.0741999692646,6897.284697633159,,,NEW-A_batteries-01,procurement_required
P146_23_5,G2,A_batteries,G2-A_batteries-06,T014_1,3769.074199969265,6580.0266291174285,,,NEW-A_batteries-02,procurement_required
P146_23_5,G2,B_batteries,G2-B_batteries-01,T013,3355.5084827157466,7272.795381688331,,,B02,existing
P146_23_5,G2,B_batteries,G2-B_batteries-02,T021,5313.549854202742,9078.773277607346,,,B03,existing
P146_23_5,G2,B_batteries,G2-B_batteries-03,T019_1,5372.702880894794,8356.40930924514,,,B04,existing
P146_23_5,G2,C_batteries,G2-C_batteries-01,T012,1954.1116402878895,6561.858999018011,,,C04,existing
P146_23_5,G2,C_batteries,G2-C_batteries-02,T014_2,3155.0929537629518,7966.52367812528,,,NEW-C_batteries-01,procurement_required
P146_23_5,G2,C_batteries,G2-C_batteries-03,T018,4074.1933815663424,9324.985226007513,,,NEW-C_batteries-02,procurement_required
P146_23_5,G2,relay_aircraft,G2-relay_aircraft-01,R001,190.137319029409,1999.297638856333,R002,1907.9138801423414,R01,existing
P146_23_5,G2,relay_aircraft,G2-relay_aircraft-01,R002,3907.2115189986744,7516.130043494062,,,R01,existing
P146_23_5,G2,relay_aircraft,G2-relay_aircraft-02,R003,2004.2977389089663,7744.455885352581,,,R02,existing
P146_23_5,G2,relay_components,G2-relay_components-01,R001,190.137319029409,2344.3073253046314,R002,1562.904193694043,RE01,existing
P146_23_5,G2,relay_components,G2-relay_components-01,R002,3907.2115189986744,8084.5472154177,,,RE01,existing
P146_23_5,G2,relay_components,G2-relay_components-02,R003,2004.2977389089663,8588.743789022035,,,RE02,existing
P146_23_5,G3,B_aircraft,G3-B_aircraft-01,T002_2,0.0,1500.9693925601796,T008,5.000099999999975,NEW-B_aircraft-02,procurement_required
P146_23_5,G3,B_aircraft,G3-B_aircraft-01,T008,1505.9694925601796,3350.508382715747,,,NEW-B_aircraft-02,procurement_required
P146_23_5,G3,B_aircraft,G3-B_aircraft-02,T015,0.0,1554.5713591276817,T011,5.000100000000202,NEW-B_aircraft-03,procurement_required
P146_23_5,G3,B_aircraft,G3-B_aircraft-02,T011,1559.571459127682,3503.5959031496714,,,NEW-B_aircraft-03,procurement_required
P146_23_5,G3,B_batteries,G3-B_batteries-01,T002_2,0.0,2956.647180248775,,,NEW-B_batteries-01,procurement_required
P146_23_5,G3,B_batteries,G3-B_batteries-02,T015,0.0,3010.3575010505742,,,NEW-B_batteries-02,procurement_required
P146_23_5,G3,B_batteries,G3-B_batteries-03,T008,1505.9694925601796,4939.170345795129,,,NEW-B_batteries-03,procurement_required
P146_23_5,G3,B_batteries,G3-B_batteries-04,T011,1559.571459127682,5367.702780894794,,,NEW-B_batteries-04,procurement_required
P146_23_5,G3,relay_aircraft,G3-relay_aircraft-01,R004,96.18236555369045,3902.2114189986755,,,NEW-relay_aircraft-01,procurement_required
P146_23_5,G3,relay_components,G3-relay_components-01,R004,96.18236555369045,4498.791383917484,,,RE03,existing
P14_236_5,G1,A_aircraft,G1-A_aircraft-01,T005,0.0,1312.470877312685,,,U01,existing
P14_236_5,G1,A_aircraft,G1-A_aircraft-02,T009,0.0,1316.0142144169886,,,U02,existing
P14_236_5,G1,C_aircraft,G1-C_aircraft-01,T001,0.0,1561.4261775174655,,,U07,existing
P14_236_5,G1,C_aircraft,G1-C_aircraft-02,T010_2,0.0,1433.035082877992,T003,5.000099999999975,U08,existing
P14_236_5,G1,C_aircraft,G1-C_aircraft-02,T003,1438.035182877992,2867.4613603954576,,,U08,existing
P14_236_5,G1,A_batteries,G1-A_batteries-01,T005,0.0,2178.7887122874713,,,A01,existing
P14_236_5,G1,A_batteries,G1-A_batteries-02,T009,0.0,2207.8690163260853,,,A02,existing
P14_236_5,G1,C_batteries,G1-C_batteries-01,T001,0.0,3150.0928537629516,,,C01,existing
P14_236_5,G1,C_batteries,G1-C_batteries-02,T010_2,0.0,2880.8082760764496,,,C02,existing
P14_236_5,G1,C_batteries,G1-C_batteries-03,T003,1438.035182877992,4385.641813543676,,,C03,existing
P14_236_5,G2,A_aircraft,G2-A_aircraft-01,T007_HARD,0.0,1712.4416357195464,T007,1954.6325642497204,U03,existing
P14_236_5,G2,A_aircraft,G2-A_aircraft-01,T007,3667.074199969267,6275.115097078189,,,U03,existing
P14_236_5,G2,A_aircraft,G2-A_aircraft-02,T007_SOFT,0.0,1712.4416357195464,T004,291.6700045683433,U04,existing
P14_236_5,G2,A_aircraft,G2-A_aircraft-02,T004,2004.1116402878897,4285.571599124281,T022,5.000100000000202,U04,existing
P14_236_5,G2,A_aircraft,G2-A_aircraft-02,T022,4290.571699124282,5982.106185363231,,,U04,existing
P14_236_5,G2,A_aircraft,G2-A_aircraft-03,T020,3687.0741999692646,5657.284046946083,,,NEW-A_aircraft-01,procurement_required
P14_236_5,G2,A_aircraft,G2-A_aircraft-04,T014_1,3769.074199969265,5464.83230463773,T016,5.000099999999293,NEW-A_aircraft-02,procurement_required
P14_236_5,G2,A_aircraft,G2-A_aircraft-04,T016,5469.832404637729,7165.590509306194,,,NEW-A_aircraft-02,procurement_required
P14_236_5,G2,B_aircraft,G2-B_aircraft-01,T013,3355.5084827157466,5313.549754202741,T019_1,59.153126692053775,U05,existing
P14_236_5,G2,B_aircraft,G2-B_aircraft-01,T019_1,5372.702880894794,6891.727225306649,,,U05,existing
P14_236_5,G2,B_aircraft,G2-B_aircraft-02,T006,3508.596003149672,4698.226288886111,T021,615.3235653166303,U06,existing
P14_236_5,G2,B_aircraft,G2-B_aircraft-02,T021,5313.549854202742,7211.591125689736,,,U06,existing
P14_236_5,G2,C_aircraft,G2-C_aircraft-01,T012,1954.1116402878895,4069.193281566342,T018,5.000100000000202,NEW-C_aircraft-01,procurement_required
P14_236_5,G2,C_aircraft,G2-C_aircraft-01,T018,4074.1933815663424,6761.824258936959,,,NEW-C_aircraft-01,procurement_required
P14_236_5,G2,C_aircraft,G2-C_aircraft-02,T014_2,3155.0929537629518,5460.277018730793,,,NEW-C_aircraft-02,procurement_required
P14_236_5,G2,A_batteries,G2-A_batteries-01,T007_HARD,0.0,2761.062337358848,T022,1529.5093617654338,A03,existing
P14_236_5,G2,A_batteries,G2-A_batteries-01,T022,4290.571699124282,7157.600692042686,,,A03,existing
P14_236_5,G2,A_batteries,G2-A_batteries-02,T007_SOFT,0.0,2779.9496716386757,T016,2689.8827329990536,A04,existing
P14_236_5,G2,A_batteries,G2-A_batteries-02,T016,5469.832404637729,8301.566821462397,,,A04,existing
P14_236_5,G2,A_batteries,G2-A_batteries-03,T004,2004.1116402878897,5653.515220902664,,,A05,existing
P14_236_5,G2,A_batteries,G2-A_batteries-04,T007,3667.074199969267,7728.37856016178,,,A06,existing
P14_236_5,G2,A_batteries,G2-A_batteries-05,T020,3687.0741999692646,6897.284697633159,,,NEW-A_batteries-01,procurement_required
P14_236_5,G2,A_batteries,G2-A_batteries-06,T014_1,3769.074199969265,6580.0266291174285,,,NEW-A_batteries-02,procurement_required
P14_236_5,G2,B_batteries,G2-B_batteries-01,T013,3355.5084827157466,7272.795381688331,,,B01,existing
P14_236_5,G2,B_batteries,G2-B_batteries-02,T006,3508.596003149672,5831.667165848992,,,B02,existing
P14_236_5,G2,B_batteries,G2-B_batteries-03,T021,5313.549854202742,9078.773277607346,,,B03,existing
P14_236_5,G2,B_batteries,G2-B_batteries-04,T019_1,5372.702880894794,8356.40930924514,,,B04,existing
P14_236_5,G2,C_batteries,G2-C_batteries-01,T012,1954.1116402878895,6561.858999018011,,,C04,existing
P14_236_5,G2,C_batteries,G2-C_batteries-02,T014_2,3155.0929537629518,7966.52367812528,,,NEW-C_batteries-01,procurement_required
P14_236_5,G2,C_batteries,G2-C_batteries-03,T018,4074.1933815663424,9324.985226007513,,,NEW-C_batteries-02,procurement_required
P14_236_5,G2,relay_aircraft,G2-relay_aircraft-01,R001,190.137319029409,1999.297638856333,R002,1907.9138801423414,R01,existing
P14_236_5,G2,relay_aircraft,G2-relay_aircraft-01,R002,3907.2115189986744,7516.130043494062,,,R01,existing
P14_236_5,G2,relay_aircraft,G2-relay_aircraft-02,R003,2004.2977389089663,7744.455885352581,,,R02,existing
P14_236_5,G2,relay_components,G2-relay_components-01,R001,190.137319029409,2344.3073253046314,R002,1562.904193694043,RE01,existing
P14_236_5,G2,relay_components,G2-relay_components-01,R002,3907.2115189986744,8084.5472154177,,,RE01,existing
P14_236_5,G2,relay_components,G2-relay_components-02,R003,2004.2977389089663,8588.743789022035,,,RE02,existing
P14_236_5,G3,B_aircraft,G3-B_aircraft-01,T002_2,0.0,1500.9693925601796,T008,5.000099999999975,NEW-B_aircraft-01,procurement_required
P14_236_5,G3,B_aircraft,G3-B_aircraft-01,T008,1505.9694925601796,3350.508382715747,,,NEW-B_aircraft-01,procurement_required
P14_236_5,G3,B_aircraft,G3-B_aircraft-02,T015,0.0,1554.5713591276817,T011,5.000100000000202,NEW-B_aircraft-02,procurement_required
P14_236_5,G3,B_aircraft,G3-B_aircraft-02,T011,1559.571459127682,3503.5959031496714,,,NEW-B_aircraft-02,procurement_required
P14_236_5,G3,B_batteries,G3-B_batteries-01,T002_2,0.0,2956.647180248775,,,NEW-B_batteries-01,procurement_required
P14_236_5,G3,B_batteries,G3-B_batteries-02,T015,0.0,3010.3575010505742,,,NEW-B_batteries-02,procurement_required
P14_236_5,G3,B_batteries,G3-B_batteries-03,T008,1505.9694925601796,4939.170345795129,,,NEW-B_batteries-03,procurement_required
P14_236_5,G3,B_batteries,G3-B_batteries-04,T011,1559.571459127682,5367.702780894794,,,NEW-B_batteries-04,procurement_required
P14_236_5,G3,relay_aircraft,G3-relay_aircraft-01,R004,96.18236555369045,3902.2114189986755,,,NEW-relay_aircraft-01,procurement_required
P14_236_5,G3,relay_components,G3-relay_components-01,R004,96.18236555369045,4498.791383917484,,,RE03,existing
P14_23_56,G1,A_aircraft,G1-A_aircraft-01,T005,0.0,1312.470877312685,,,U01,existing
P14_23_56,G1,A_aircraft,G1-A_aircraft-02,T009,0.0,1316.0142144169886,,,U02,existing
P14_23_56,G1,C_aircraft,G1-C_aircraft-01,T001,0.0,1561.4261775174655,,,U07,existing
P14_23_56,G1,C_aircraft,G1-C_aircraft-02,T010_2,0.0,1433.035082877992,T003,5.000099999999975,U08,existing
P14_23_56,G1,C_aircraft,G1-C_aircraft-02,T003,1438.035182877992,2867.4613603954576,,,U08,existing
P14_23_56,G1,A_batteries,G1-A_batteries-01,T005,0.0,2178.7887122874713,,,A01,existing
P14_23_56,G1,A_batteries,G1-A_batteries-02,T009,0.0,2207.8690163260853,,,A02,existing
P14_23_56,G1,C_batteries,G1-C_batteries-01,T001,0.0,3150.0928537629516,,,C01,existing
P14_23_56,G1,C_batteries,G1-C_batteries-02,T010_2,0.0,2880.8082760764496,,,C02,existing
P14_23_56,G1,C_batteries,G1-C_batteries-03,T003,1438.035182877992,4385.641813543676,,,C03,existing
P14_23_56,G2,A_aircraft,G2-A_aircraft-01,T007_HARD,0.0,1712.4416357195464,T007,1954.6325642497204,U03,existing
P14_23_56,G2,A_aircraft,G2-A_aircraft-01,T007,3667.074199969267,6275.115097078189,,,U03,existing
P14_23_56,G2,A_aircraft,G2-A_aircraft-02,T007_SOFT,0.0,1712.4416357195464,T004,291.6700045683433,U04,existing
P14_23_56,G2,A_aircraft,G2-A_aircraft-02,T004,2004.1116402878897,4285.571599124281,T022,5.000100000000202,U04,existing
P14_23_56,G2,A_aircraft,G2-A_aircraft-02,T022,4290.571699124282,5982.106185363231,,,U04,existing
P14_23_56,G2,A_aircraft,G2-A_aircraft-03,T020,3687.0741999692646,5657.284046946083,,,NEW-A_aircraft-01,procurement_required
P14_23_56,G2,A_aircraft,G2-A_aircraft-04,T014_1,3769.074199969265,5464.83230463773,T016,5.000099999999293,NEW-A_aircraft-02,procurement_required
P14_23_56,G2,A_aircraft,G2-A_aircraft-04,T016,5469.832404637729,7165.590509306194,,,NEW-A_aircraft-02,procurement_required
P14_23_56,G2,B_aircraft,G2-B_aircraft-01,T013,3355.5084827157466,5313.549754202741,T019_1,59.153126692053775,U05,existing
P14_23_56,G2,B_aircraft,G2-B_aircraft-01,T019_1,5372.702880894794,6891.727225306649,,,U05,existing
P14_23_56,G2,B_aircraft,G2-B_aircraft-02,T021,5313.549854202742,7211.591125689736,,,U06,existing
P14_23_56,G2,C_aircraft,G2-C_aircraft-01,T012,1954.1116402878895,4069.193281566342,T018,5.000100000000202,NEW-C_aircraft-01,procurement_required
P14_23_56,G2,C_aircraft,G2-C_aircraft-01,T018,4074.1933815663424,6761.824258936959,,,NEW-C_aircraft-01,procurement_required
P14_23_56,G2,C_aircraft,G2-C_aircraft-02,T014_2,3155.0929537629518,5460.277018730793,,,NEW-C_aircraft-02,procurement_required
P14_23_56,G2,A_batteries,G2-A_batteries-01,T007_HARD,0.0,2761.062337358848,T022,1529.5093617654338,A03,existing
P14_23_56,G2,A_batteries,G2-A_batteries-01,T022,4290.571699124282,7157.600692042686,,,A03,existing
P14_23_56,G2,A_batteries,G2-A_batteries-02,T007_SOFT,0.0,2779.9496716386757,T016,2689.8827329990536,A04,existing
P14_23_56,G2,A_batteries,G2-A_batteries-02,T016,5469.832404637729,8301.566821462397,,,A04,existing
P14_23_56,G2,A_batteries,G2-A_batteries-03,T004,2004.1116402878897,5653.515220902664,,,A05,existing
P14_23_56,G2,A_batteries,G2-A_batteries-04,T007,3667.074199969267,7728.37856016178,,,A06,existing
P14_23_56,G2,A_batteries,G2-A_batteries-05,T020,3687.0741999692646,6897.284697633159,,,NEW-A_batteries-01,procurement_required
P14_23_56,G2,A_batteries,G2-A_batteries-06,T014_1,3769.074199969265,6580.0266291174285,,,NEW-A_batteries-02,procurement_required
P14_23_56,G2,B_batteries,G2-B_batteries-01,T013,3355.5084827157466,7272.795381688331,,,B01,existing
P14_23_56,G2,B_batteries,G2-B_batteries-02,T021,5313.549854202742,9078.773277607346,,,B02,existing
P14_23_56,G2,B_batteries,G2-B_batteries-03,T019_1,5372.702880894794,8356.40930924514,,,B03,existing
P14_23_56,G2,C_batteries,G2-C_batteries-01,T012,1954.1116402878895,6561.858999018011,,,C04,existing
P14_23_56,G2,C_batteries,G2-C_batteries-02,T014_2,3155.0929537629518,7966.52367812528,,,NEW-C_batteries-01,procurement_required
P14_23_56,G2,C_batteries,G2-C_batteries-03,T018,4074.1933815663424,9324.985226007513,,,NEW-C_batteries-02,procurement_required
P14_23_56,G2,relay_aircraft,G2-relay_aircraft-01,R001,190.137319029409,1999.297638856333,R002,1907.9138801423414,R01,existing
P14_23_56,G2,relay_aircraft,G2-relay_aircraft-01,R002,3907.2115189986744,7516.130043494062,,,R01,existing
P14_23_56,G2,relay_aircraft,G2-relay_aircraft-02,R003,2004.2977389089663,7744.455885352581,,,R02,existing
P14_23_56,G2,relay_components,G2-relay_components-01,R001,190.137319029409,2344.3073253046314,R002,1562.904193694043,RE01,existing
P14_23_56,G2,relay_components,G2-relay_components-01,R002,3907.2115189986744,8084.5472154177,,,RE01,existing
P14_23_56,G2,relay_components,G2-relay_components-02,R003,2004.2977389089663,8588.743789022035,,,RE02,existing
P14_23_56,G3,B_aircraft,G3-B_aircraft-01,T002_2,0.0,1500.9693925601796,T008,5.000099999999975,NEW-B_aircraft-01,procurement_required
P14_23_56,G3,B_aircraft,G3-B_aircraft-01,T008,1505.9694925601796,3350.508382715747,T006,158.08762043392517,NEW-B_aircraft-01,procurement_required
P14_23_56,G3,B_aircraft,G3-B_aircraft-01,T006,3508.596003149672,4698.226288886111,,,NEW-B_aircraft-01,procurement_required
P14_23_56,G3,B_aircraft,G3-B_aircraft-02,T015,0.0,1554.5713591276817,T011,5.000100000000202,NEW-B_aircraft-02,procurement_required
P14_23_56,G3,B_aircraft,G3-B_aircraft-02,T011,1559.571459127682,3503.5959031496714,,,NEW-B_aircraft-02,procurement_required
P14_23_56,G3,B_batteries,G3-B_batteries-01,T002_2,0.0,2956.647180248775,T006,551.9488229008971,B04,existing
P14_23_56,G3,B_batteries,G3-B_batteries-01,T006,3508.596003149672,5831.667165848992,,,B04,existing
P14_23_56,G3,B_batteries,G3-B_batteries-02,T015,0.0,3010.3575010505742,,,NEW-B_batteries-01,procurement_required
P14_23_56,G3,B_batteries,G3-B_batteries-03,T008,1505.9694925601796,4939.170345795129,,,NEW-B_batteries-02,procurement_required
P14_23_56,G3,B_batteries,G3-B_batteries-04,T011,1559.571459127682,5367.702780894794,,,NEW-B_batteries-03,procurement_required
P14_23_56,G3,relay_aircraft,G3-relay_aircraft-01,R004,96.18236555369045,3902.2114189986755,,,NEW-relay_aircraft-01,procurement_required
P14_23_56,G3,relay_components,G3-relay_components-01,R004,96.18236555369045,4498.791383917484,,,RE03,existing
P15_234_6,G1,A_aircraft,G1-A_aircraft-01,T005,0.0,1312.470877312685,,,U01,existing
P15_234_6,G1,B_aircraft,G1-B_aircraft-01,T002_2,0.0,1500.9693925601796,T008,5.000099999999975,U05,existing
P15_234_6,G1,B_aircraft,G1-B_aircraft-01,T008,1505.9694925601796,3350.508382715747,,,U05,existing
P15_234_6,G1,B_aircraft,G1-B_aircraft-02,T015,0.0,1554.5713591276817,T011,5.000100000000202,U06,existing
P15_234_6,G1,B_aircraft,G1-B_aircraft-02,T011,1559.571459127682,3503.5959031496714,,,U06,existing
P15_234_6,G1,C_aircraft,G1-C_aircraft-01,T001,0.0,1561.4261775174655,,,U07,existing
P15_234_6,G1,C_aircraft,G1-C_aircraft-02,T003,1438.035182877992,2867.4613603954576,,,U08,existing
P15_234_6,G1,A_batteries,G1-A_batteries-01,T005,0.0,2178.7887122874713,,,A01,existing
P15_234_6,G1,B_batteries,G1-B_batteries-01,T002_2,0.0,2956.647180248775,,,B01,existing
P15_234_6,G1,B_batteries,G1-B_batteries-02,T015,0.0,3010.3575010505742,,,B02,existing
P15_234_6,G1,B_batteries,G1-B_batteries-03,T008,1505.9694925601796,4939.170345795129,,,B03,existing
P15_234_6,G1,B_batteries,G1-B_batteries-04,T011,1559.571459127682,5367.702780894794,,,B04,existing
P15_234_6,G1,C_batteries,G1-C_batteries-01,T001,0.0,3150.0928537629516,,,C01,existing
P15_234_6,G1,C_batteries,G1-C_batteries-02,T003,1438.035182877992,4385.641813543676,,,C02,existing
P15_234_6,G1,relay_aircraft,G1-relay_aircraft-01,R004,96.18236555369045,3902.2114189986755,,,R01,existing
P15_234_6,G1,relay_components,G1-relay_components-01,R004,96.18236555369045,4498.791383917484,,,RE01,existing
P15_234_6,G2,A_aircraft,G2-A_aircraft-01,T007_HARD,0.0,1712.4416357195464,T007,1954.6325642497204,U02,existing
P15_234_6,G2,A_aircraft,G2-A_aircraft-01,T007,3667.074199969267,6275.115097078189,,,U02,existing
P15_234_6,G2,A_aircraft,G2-A_aircraft-02,T007_SOFT,0.0,1712.4416357195464,T004,291.6700045683433,U03,existing
P15_234_6,G2,A_aircraft,G2-A_aircraft-02,T004,2004.1116402878897,4285.571599124281,T022,5.000100000000202,U03,existing
P15_234_6,G2,A_aircraft,G2-A_aircraft-02,T022,4290.571699124282,5982.106185363231,,,U03,existing
P15_234_6,G2,A_aircraft,G2-A_aircraft-03,T009,0.0,1316.0142144169886,T020,2371.059985552276,U04,existing
P15_234_6,G2,A_aircraft,G2-A_aircraft-03,T020,3687.0741999692646,5657.284046946083,,,U04,existing
P15_234_6,G2,A_aircraft,G2-A_aircraft-04,T014_1,3769.074199969265,5464.83230463773,T016,5.000099999999293,NEW-A_aircraft-01,procurement_required
P15_234_6,G2,A_aircraft,G2-A_aircraft-04,T016,5469.832404637729,7165.590509306194,,,NEW-A_aircraft-01,procurement_required
P15_234_6,G2,B_aircraft,G2-B_aircraft-01,T013,3355.5084827157466,5313.549754202741,T019_1,59.153126692053775,NEW-B_aircraft-01,procurement_required
P15_234_6,G2,B_aircraft,G2-B_aircraft-01,T019_1,5372.702880894794,6891.727225306649,,,NEW-B_aircraft-01,procurement_required
P15_234_6,G2,B_aircraft,G2-B_aircraft-02,T021,5313.549854202742,7211.591125689736,,,NEW-B_aircraft-02,procurement_required
P15_234_6,G2,C_aircraft,G2-C_aircraft-01,T010_2,0.0,1433.035082877992,T012,521.0765574098975,NEW-C_aircraft-01,procurement_required
P15_234_6,G2,C_aircraft,G2-C_aircraft-01,T012,1954.1116402878895,4069.193281566342,T018,5.000100000000202,NEW-C_aircraft-01,procurement_required
P15_234_6,G2,C_aircraft,G2-C_aircraft-01,T018,4074.1933815663424,6761.824258936959,,,NEW-C_aircraft-01,procurement_required
P15_234_6,G2,C_aircraft,G2-C_aircraft-02,T014_2,3155.0929537629518,5460.277018730793,,,NEW-C_aircraft-02,procurement_required
P15_234_6,G2,A_batteries,G2-A_batteries-01,T007_HARD,0.0,2761.062337358848,T022,1529.5093617654338,A02,existing
P15_234_6,G2,A_batteries,G2-A_batteries-01,T022,4290.571699124282,7157.600692042686,,,A02,existing
P15_234_6,G2,A_batteries,G2-A_batteries-02,T007_SOFT,0.0,2779.9496716386757,T016,2689.8827329990536,A03,existing
P15_234_6,G2,A_batteries,G2-A_batteries-02,T016,5469.832404637729,8301.566821462397,,,A03,existing
P15_234_6,G2,A_batteries,G2-A_batteries-03,T009,0.0,2207.8690163260853,T014_1,1561.2051836431797,A04,existing
P15_234_6,G2,A_batteries,G2-A_batteries-03,T014_1,3769.074199969265,6580.0266291174285,,,A04,existing
P15_234_6,G2,A_batteries,G2-A_batteries-04,T004,2004.1116402878897,5653.515220902664,,,A05,existing
P15_234_6,G2,A_batteries,G2-A_batteries-05,T007,3667.074199969267,7728.37856016178,,,A06,existing
P15_234_6,G2,A_batteries,G2-A_batteries-06,T020,3687.0741999692646,6897.284697633159,,,NEW-A_batteries-01,procurement_required
P15_234_6,G2,B_batteries,G2-B_batteries-01,T013,3355.5084827157466,7272.795381688331,,,NEW-B_batteries-01,procurement_required
P15_234_6,G2,B_batteries,G2-B_batteries-02,T021,5313.549854202742,9078.773277607346,,,NEW-B_batteries-02,procurement_required
P15_234_6,G2,B_batteries,G2-B_batteries-03,T019_1,5372.702880894794,8356.40930924514,,,NEW-B_batteries-03,procurement_required
P15_234_6,G2,C_batteries,G2-C_batteries-01,T010_2,0.0,2880.8082760764496,T018,1193.3851054898928,C03,existing
P15_234_6,G2,C_batteries,G2-C_batteries-01,T018,4074.1933815663424,9324.985226007513,,,C03,existing
P15_234_6,G2,C_batteries,G2-C_batteries-02,T012,1954.1116402878895,6561.858999018011,,,C04,existing
P15_234_6,G2,C_batteries,G2-C_batteries-03,T014_2,3155.0929537629518,7966.52367812528,,,NEW-C_batteries-01,procurement_required
P15_234_6,G2,relay_aircraft,G2-relay_aircraft-01,R001,190.137319029409,1999.297638856333,R002,1907.9138801423414,R02,existing
P15_234_6,G2,relay_aircraft,G2-relay_aircraft-01,R002,3907.2115189986744,7516.130043494062,,,R02,existing
P15_234_6,G2,relay_aircraft,G2-relay_aircraft-02,R003,2004.2977389089663,7744.455885352581,,,NEW-relay_aircraft-01,procurement_required
P15_234_6,G2,relay_components,G2-relay_components-01,R001,190.137319029409,2344.3073253046314,R002,1562.904193694043,RE02,existing
P15_234_6,G2,relay_components,G2-relay_components-01,R002,3907.2115189986744,8084.5472154177,,,RE02,existing
P15_234_6,G2,relay_components,G2-relay_components-02,R003,2004.2977389089663,8588.743789022035,,,RE03,existing
P15_234_6,G3,B_aircraft,G3-B_aircraft-01,T006,3508.596003149672,4698.226288886111,,,NEW-B_aircraft-03,procurement_required
P15_234_6,G3,B_batteries,G3-B_batteries-01,T006,3508.596003149672,5831.667165848992,,,NEW-B_batteries-04,procurement_required
P1_2345_6,G1,A_aircraft,G1-A_aircraft-01,T005,0.0,1312.470877312685,,,U01,existing
P1_2345_6,G1,C_aircraft,G1-C_aircraft-01,T001,0.0,1561.4261775174655,,,U07,existing
P1_2345_6,G1,C_aircraft,G1-C_aircraft-02,T003,1438.035182877992,2867.4613603954576,,,U08,existing
P1_2345_6,G1,A_batteries,G1-A_batteries-01,T005,0.0,2178.7887122874713,,,A01,existing
P1_2345_6,G1,C_batteries,G1-C_batteries-01,T001,0.0,3150.0928537629516,,,C01,existing
P1_2345_6,G1,C_batteries,G1-C_batteries-02,T003,1438.035182877992,4385.641813543676,,,C02,existing
P1_2345_6,G2,A_aircraft,G2-A_aircraft-01,T007_HARD,0.0,1712.4416357195464,T007,1954.6325642497204,U02,existing
P1_2345_6,G2,A_aircraft,G2-A_aircraft-01,T007,3667.074199969267,6275.115097078189,,,U02,existing
P1_2345_6,G2,A_aircraft,G2-A_aircraft-02,T007_SOFT,0.0,1712.4416357195464,T004,291.6700045683433,U03,existing
P1_2345_6,G2,A_aircraft,G2-A_aircraft-02,T004,2004.1116402878897,4285.571599124281,T022,5.000100000000202,U03,existing
P1_2345_6,G2,A_aircraft,G2-A_aircraft-02,T022,4290.571699124282,5982.106185363231,,,U03,existing
P1_2345_6,G2,A_aircraft,G2-A_aircraft-03,T009,0.0,1316.0142144169886,T020,2371.059985552276,U04,existing
P1_2345_6,G2,A_aircraft,G2-A_aircraft-03,T020,3687.0741999692646,5657.284046946083,,,U04,existing
P1_2345_6,G2,A_aircraft,G2-A_aircraft-04,T014_1,3769.074199969265,5464.83230463773,T016,5.000099999999293,NEW-A_aircraft-01,procurement_required
P1_2345_6,G2,A_aircraft,G2-A_aircraft-04,T016,5469.832404637729,7165.590509306194,,,NEW-A_aircraft-01,procurement_required
P1_2345_6,G2,B_aircraft,G2-B_aircraft-01,T002_2,0.0,1500.9693925601796,T008,5.000099999999975,U05,existing
P1_2345_6,G2,B_aircraft,G2-B_aircraft-01,T008,1505.9694925601796,3350.508382715747,T013,5.0000999999997475,U05,existing
P1_2345_6,G2,B_aircraft,G2-B_aircraft-01,T013,3355.5084827157466,5313.549754202741,T019_1,59.153126692053775,U05,existing
P1_2345_6,G2,B_aircraft,G2-B_aircraft-01,T019_1,5372.702880894794,6891.727225306649,,,U05,existing
P1_2345_6,G2,B_aircraft,G2-B_aircraft-02,T015,0.0,1554.5713591276817,T011,5.000100000000202,U06,existing
P1_2345_6,G2,B_aircraft,G2-B_aircraft-02,T011,1559.571459127682,3503.5959031496714,T021,1809.9539510530703,U06,existing
P1_2345_6,G2,B_aircraft,G2-B_aircraft-02,T021,5313.549854202742,7211.591125689736,,,U06,existing
P1_2345_6,G2,C_aircraft,G2-C_aircraft-01,T010_2,0.0,1433.035082877992,T012,521.0765574098975,NEW-C_aircraft-01,procurement_required
P1_2345_6,G2,C_aircraft,G2-C_aircraft-01,T012,1954.1116402878895,4069.193281566342,T018,5.000100000000202,NEW-C_aircraft-01,procurement_required
P1_2345_6,G2,C_aircraft,G2-C_aircraft-01,T018,4074.1933815663424,6761.824258936959,,,NEW-C_aircraft-01,procurement_required
P1_2345_6,G2,C_aircraft,G2-C_aircraft-02,T014_2,3155.0929537629518,5460.277018730793,,,NEW-C_aircraft-02,procurement_required
P1_2345_6,G2,A_batteries,G2-A_batteries-01,T007_HARD,0.0,2761.062337358848,T022,1529.5093617654338,A02,existing
P1_2345_6,G2,A_batteries,G2-A_batteries-01,T022,4290.571699124282,7157.600692042686,,,A02,existing
P1_2345_6,G2,A_batteries,G2-A_batteries-02,T007_SOFT,0.0,2779.9496716386757,T016,2689.8827329990536,A03,existing
P1_2345_6,G2,A_batteries,G2-A_batteries-02,T016,5469.832404637729,8301.566821462397,,,A03,existing
P1_2345_6,G2,A_batteries,G2-A_batteries-03,T009,0.0,2207.8690163260853,T014_1,1561.2051836431797,A04,existing
P1_2345_6,G2,A_batteries,G2-A_batteries-03,T014_1,3769.074199969265,6580.0266291174285,,,A04,existing
P1_2345_6,G2,A_batteries,G2-A_batteries-04,T004,2004.1116402878897,5653.515220902664,,,A05,existing
P1_2345_6,G2,A_batteries,G2-A_batteries-05,T007,3667.074199969267,7728.37856016178,,,A06,existing
P1_2345_6,G2,A_batteries,G2-A_batteries-06,T020,3687.0741999692646,6897.284697633159,,,NEW-A_batteries-01,procurement_required
P1_2345_6,G2,B_batteries,G2-B_batteries-01,T002_2,0.0,2956.647180248775,T013,398.86130246697167,B01,existing
P1_2345_6,G2,B_batteries,G2-B_batteries-01,T013,3355.5084827157466,7272.795381688331,,,B01,existing
P1_2345_6,G2,B_batteries,G2-B_batteries-02,T015,0.0,3010.3575010505742,T021,2303.1923531521675,B02,existing
P1_2345_6,G2,B_batteries,G2-B_batteries-02,T021,5313.549854202742,9078.773277607346,,,B02,existing
P1_2345_6,G2,B_batteries,G2-B_batteries-03,T008,1505.9694925601796,4939.170345795129,T019_1,433.53253509966544,B03,existing
P1_2345_6,G2,B_batteries,G2-B_batteries-03,T019_1,5372.702880894794,8356.40930924514,,,B03,existing
P1_2345_6,G2,B_batteries,G2-B_batteries-04,T011,1559.571459127682,5367.702780894794,,,B04,existing
P1_2345_6,G2,C_batteries,G2-C_batteries-01,T010_2,0.0,2880.8082760764496,T018,1193.3851054898928,C03,existing
P1_2345_6,G2,C_batteries,G2-C_batteries-01,T018,4074.1933815663424,9324.985226007513,,,C03,existing
P1_2345_6,G2,C_batteries,G2-C_batteries-02,T012,1954.1116402878895,6561.858999018011,,,C04,existing
P1_2345_6,G2,C_batteries,G2-C_batteries-03,T014_2,3155.0929537629518,7966.52367812528,,,NEW-C_batteries-01,procurement_required
P1_2345_6,G2,relay_aircraft,G2-relay_aircraft-01,R004,96.18236555369045,3902.2114189986755,R002,5.000099999998838,R01,existing
P1_2345_6,G2,relay_aircraft,G2-relay_aircraft-01,R002,3907.2115189986744,7516.130043494062,,,R01,existing
P1_2345_6,G2,relay_aircraft,G2-relay_aircraft-02,R001,190.137319029409,1999.297638856333,R003,5.000100052633343,R02,existing
P1_2345_6,G2,relay_aircraft,G2-relay_aircraft-02,R003,2004.2977389089663,7744.455885352581,,,R02,existing
P1_2345_6,G2,relay_components,G2-relay_components-01,R004,96.18236555369045,4498.791383917484,,,RE01,existing
P1_2345_6,G2,relay_components,G2-relay_components-02,R001,190.137319029409,2344.3073253046314,R002,1562.904193694043,RE02,existing
P1_2345_6,G2,relay_components,G2-relay_components-02,R002,3907.2115189986744,8084.5472154177,,,RE02,existing
P1_2345_6,G2,relay_components,G2-relay_components-03,R003,2004.2977389089663,8588.743789022035,,,RE03,existing
P1_2345_6,G3,B_aircraft,G3-B_aircraft-01,T006,3508.596003149672,4698.226288886111,,,NEW-B_aircraft-01,procurement_required
P1_2345_6,G3,B_batteries,G3-B_batteries-01,T006,3508.596003149672,5831.667165848992,,,NEW-B_batteries-01,procurement_required
P16_234_5,G1,A_aircraft,G1-A_aircraft-01,T005,0.0,1312.470877312685,,,U01,existing
P16_234_5,G1,B_aircraft,G1-B_aircraft-01,T006,3508.596003149672,4698.226288886111,,,U05,existing
P16_234_5,G1,C_aircraft,G1-C_aircraft-01,T001,0.0,1561.4261775174655,,,U07,existing
P16_234_5,G1,C_aircraft,G1-C_aircraft-02,T003,1438.035182877992,2867.4613603954576,,,U08,existing
P16_234_5,G1,A_batteries,G1-A_batteries-01,T005,0.0,2178.7887122874713,,,A01,existing
P16_234_5,G1,B_batteries,G1-B_batteries-01,T006,3508.596003149672,5831.667165848992,,,B01,existing
P16_234_5,G1,C_batteries,G1-C_batteries-01,T001,0.0,3150.0928537629516,,,C01,existing
P16_234_5,G1,C_batteries,G1-C_batteries-02,T003,1438.035182877992,4385.641813543676,,,C02,existing
P16_234_5,G2,A_aircraft,G2-A_aircraft-01,T007_HARD,0.0,1712.4416357195464,T007,1954.6325642497204,U02,existing
P16_234_5,G2,A_aircraft,G2-A_aircraft-01,T007,3667.074199969267,6275.115097078189,,,U02,existing
P16_234_5,G2,A_aircraft,G2-A_aircraft-02,T007_SOFT,0.0,1712.4416357195464,T004,291.6700045683433,U03,existing
P16_234_5,G2,A_aircraft,G2-A_aircraft-02,T004,2004.1116402878897,4285.571599124281,T022,5.000100000000202,U03,existing
P16_234_5,G2,A_aircraft,G2-A_aircraft-02,T022,4290.571699124282,5982.106185363231,,,U03,existing
P16_234_5,G2,A_aircraft,G2-A_aircraft-03,T009,0.0,1316.0142144169886,T020,2371.059985552276,U04,existing
P16_234_5,G2,A_aircraft,G2-A_aircraft-03,T020,3687.0741999692646,5657.284046946083,,,U04,existing
P16_234_5,G2,A_aircraft,G2-A_aircraft-04,T014_1,3769.074199969265,5464.83230463773,T016,5.000099999999293,NEW-A_aircraft-01,procurement_required
P16_234_5,G2,A_aircraft,G2-A_aircraft-04,T016,5469.832404637729,7165.590509306194,,,NEW-A_aircraft-01,procurement_required
P16_234_5,G2,B_aircraft,G2-B_aircraft-01,T013,3355.5084827157466,5313.549754202741,T019_1,59.153126692053775,U06,existing
P16_234_5,G2,B_aircraft,G2-B_aircraft-01,T019_1,5372.702880894794,6891.727225306649,,,U06,existing
P16_234_5,G2,B_aircraft,G2-B_aircraft-02,T021,5313.549854202742,7211.591125689736,,,NEW-B_aircraft-01,procurement_required
P16_234_5,G2,C_aircraft,G2-C_aircraft-01,T010_2,0.0,1433.035082877992,T012,521.0765574098975,NEW-C_aircraft-01,procurement_required
P16_234_5,G2,C_aircraft,G2-C_aircraft-01,T012,1954.1116402878895,4069.193281566342,T018,5.000100000000202,NEW-C_aircraft-01,procurement_required
P16_234_5,G2,C_aircraft,G2-C_aircraft-01,T018,4074.1933815663424,6761.824258936959,,,NEW-C_aircraft-01,procurement_required
P16_234_5,G2,C_aircraft,G2-C_aircraft-02,T014_2,3155.0929537629518,5460.277018730793,,,NEW-C_aircraft-02,procurement_required
P16_234_5,G2,A_batteries,G2-A_batteries-01,T007_HARD,0.0,2761.062337358848,T022,1529.5093617654338,A02,existing
P16_234_5,G2,A_batteries,G2-A_batteries-01,T022,4290.571699124282,7157.600692042686,,,A02,existing
P16_234_5,G2,A_batteries,G2-A_batteries-02,T007_SOFT,0.0,2779.9496716386757,T016,2689.8827329990536,A03,existing
P16_234_5,G2,A_batteries,G2-A_batteries-02,T016,5469.832404637729,8301.566821462397,,,A03,existing
P16_234_5,G2,A_batteries,G2-A_batteries-03,T009,0.0,2207.8690163260853,T014_1,1561.2051836431797,A04,existing
P16_234_5,G2,A_batteries,G2-A_batteries-03,T014_1,3769.074199969265,6580.0266291174285,,,A04,existing
P16_234_5,G2,A_batteries,G2-A_batteries-04,T004,2004.1116402878897,5653.515220902664,,,A05,existing
P16_234_5,G2,A_batteries,G2-A_batteries-05,T007,3667.074199969267,7728.37856016178,,,A06,existing
P16_234_5,G2,A_batteries,G2-A_batteries-06,T020,3687.0741999692646,6897.284697633159,,,NEW-A_batteries-01,procurement_required
P16_234_5,G2,B_batteries,G2-B_batteries-01,T013,3355.5084827157466,7272.795381688331,,,B02,existing
P16_234_5,G2,B_batteries,G2-B_batteries-02,T021,5313.549854202742,9078.773277607346,,,B03,existing
P16_234_5,G2,B_batteries,G2-B_batteries-03,T019_1,5372.702880894794,8356.40930924514,,,B04,existing
P16_234_5,G2,C_batteries,G2-C_batteries-01,T010_2,0.0,2880.8082760764496,T018,1193.3851054898928,C03,existing
P16_234_5,G2,C_batteries,G2-C_batteries-01,T018,4074.1933815663424,9324.985226007513,,,C03,existing
P16_234_5,G2,C_batteries,G2-C_batteries-02,T012,1954.1116402878895,6561.858999018011,,,C04,existing
P16_234_5,G2,C_batteries,G2-C_batteries-03,T014_2,3155.0929537629518,7966.52367812528,,,NEW-C_batteries-01,procurement_required
P16_234_5,G2,relay_aircraft,G2-relay_aircraft-01,R001,190.137319029409,1999.297638856333,R002,1907.9138801423414,R01,existing
P16_234_5,G2,relay_aircraft,G2-relay_aircraft-01,R002,3907.2115189986744,7516.130043494062,,,R01,existing
P16_234_5,G2,relay_aircraft,G2-relay_aircraft-02,R003,2004.2977389089663,7744.455885352581,,,R02,existing
P16_234_5,G2,relay_components,G2-relay_components-01,R001,190.137319029409,2344.3073253046314,R002,1562.904193694043,RE01,existing
P16_234_5,G2,relay_components,G2-relay_components-01,R002,3907.2115189986744,8084.5472154177,,,RE01,existing
P16_234_5,G2,relay_components,G2-relay_components-02,R003,2004.2977389089663,8588.743789022035,,,RE02,existing
P16_234_5,G3,B_aircraft,G3-B_aircraft-01,T002_2,0.0,1500.9693925601796,T008,5.000099999999975,NEW-B_aircraft-02,procurement_required
P16_234_5,G3,B_aircraft,G3-B_aircraft-01,T008,1505.9694925601796,3350.508382715747,,,NEW-B_aircraft-02,procurement_required
P16_234_5,G3,B_aircraft,G3-B_aircraft-02,T015,0.0,1554.5713591276817,T011,5.000100000000202,NEW-B_aircraft-03,procurement_required
P16_234_5,G3,B_aircraft,G3-B_aircraft-02,T011,1559.571459127682,3503.5959031496714,,,NEW-B_aircraft-03,procurement_required
P16_234_5,G3,B_batteries,G3-B_batteries-01,T002_2,0.0,2956.647180248775,,,NEW-B_batteries-01,procurement_required
P16_234_5,G3,B_batteries,G3-B_batteries-02,T015,0.0,3010.3575010505742,,,NEW-B_batteries-02,procurement_required
P16_234_5,G3,B_batteries,G3-B_batteries-03,T008,1505.9694925601796,4939.170345795129,,,NEW-B_batteries-03,procurement_required
P16_234_5,G3,B_batteries,G3-B_batteries-04,T011,1559.571459127682,5367.702780894794,,,NEW-B_batteries-04,procurement_required
P16_234_5,G3,relay_aircraft,G3-relay_aircraft-01,R004,96.18236555369045,3902.2114189986755,,,NEW-relay_aircraft-01,procurement_required
P16_234_5,G3,relay_components,G3-relay_components-01,R004,96.18236555369045,4498.791383917484,,,RE03,existing
P1_2346_5,G1,A_aircraft,G1-A_aircraft-01,T005,0.0,1312.470877312685,,,U01,existing
P1_2346_5,G1,C_aircraft,G1-C_aircraft-01,T001,0.0,1561.4261775174655,,,U07,existing
P1_2346_5,G1,C_aircraft,G1-C_aircraft-02,T003,1438.035182877992,2867.4613603954576,,,U08,existing
P1_2346_5,G1,A_batteries,G1-A_batteries-01,T005,0.0,2178.7887122874713,,,A01,existing
P1_2346_5,G1,C_batteries,G1-C_batteries-01,T001,0.0,3150.0928537629516,,,C01,existing
P1_2346_5,G1,C_batteries,G1-C_batteries-02,T003,1438.035182877992,4385.641813543676,,,C02,existing
P1_2346_5,G2,A_aircraft,G2-A_aircraft-01,T007_HARD,0.0,1712.4416357195464,T007,1954.6325642497204,U02,existing
P1_2346_5,G2,A_aircraft,G2-A_aircraft-01,T007,3667.074199969267,6275.115097078189,,,U02,existing
P1_2346_5,G2,A_aircraft,G2-A_aircraft-02,T007_SOFT,0.0,1712.4416357195464,T004,291.6700045683433,U03,existing
P1_2346_5,G2,A_aircraft,G2-A_aircraft-02,T004,2004.1116402878897,4285.571599124281,T022,5.000100000000202,U03,existing
P1_2346_5,G2,A_aircraft,G2-A_aircraft-02,T022,4290.571699124282,5982.106185363231,,,U03,existing
P1_2346_5,G2,A_aircraft,G2-A_aircraft-03,T009,0.0,1316.0142144169886,T020,2371.059985552276,U04,existing
P1_2346_5,G2,A_aircraft,G2-A_aircraft-03,T020,3687.0741999692646,5657.284046946083,,,U04,existing
P1_2346_5,G2,A_aircraft,G2-A_aircraft-04,T014_1,3769.074199969265,5464.83230463773,T016,5.000099999999293,NEW-A_aircraft-01,procurement_required
P1_2346_5,G2,A_aircraft,G2-A_aircraft-04,T016,5469.832404637729,7165.590509306194,,,NEW-A_aircraft-01,procurement_required
P1_2346_5,G2,B_aircraft,G2-B_aircraft-01,T013,3355.5084827157466,5313.549754202741,T019_1,59.153126692053775,U05,existing
P1_2346_5,G2,B_aircraft,G2-B_aircraft-01,T019_1,5372.702880894794,6891.727225306649,,,U05,existing
P1_2346_5,G2,B_aircraft,G2-B_aircraft-02,T006,3508.596003149672,4698.226288886111,T021,615.3235653166303,U06,existing
P1_2346_5,G2,B_aircraft,G2-B_aircraft-02,T021,5313.549854202742,7211.591125689736,,,U06,existing
P1_2346_5,G2,C_aircraft,G2-C_aircraft-01,T010_2,0.0,1433.035082877992,T012,521.0765574098975,NEW-C_aircraft-01,procurement_required
P1_2346_5,G2,C_aircraft,G2-C_aircraft-01,T012,1954.1116402878895,4069.193281566342,T018,5.000100000000202,NEW-C_aircraft-01,procurement_required
P1_2346_5,G2,C_aircraft,G2-C_aircraft-01,T018,4074.1933815663424,6761.824258936959,,,NEW-C_aircraft-01,procurement_required
P1_2346_5,G2,C_aircraft,G2-C_aircraft-02,T014_2,3155.0929537629518,5460.277018730793,,,NEW-C_aircraft-02,procurement_required
P1_2346_5,G2,A_batteries,G2-A_batteries-01,T007_HARD,0.0,2761.062337358848,T022,1529.5093617654338,A02,existing
P1_2346_5,G2,A_batteries,G2-A_batteries-01,T022,4290.571699124282,7157.600692042686,,,A02,existing
P1_2346_5,G2,A_batteries,G2-A_batteries-02,T007_SOFT,0.0,2779.9496716386757,T016,2689.8827329990536,A03,existing
P1_2346_5,G2,A_batteries,G2-A_batteries-02,T016,5469.832404637729,8301.566821462397,,,A03,existing
P1_2346_5,G2,A_batteries,G2-A_batteries-03,T009,0.0,2207.8690163260853,T014_1,1561.2051836431797,A04,existing
P1_2346_5,G2,A_batteries,G2-A_batteries-03,T014_1,3769.074199969265,6580.0266291174285,,,A04,existing
P1_2346_5,G2,A_batteries,G2-A_batteries-04,T004,2004.1116402878897,5653.515220902664,,,A05,existing
P1_2346_5,G2,A_batteries,G2-A_batteries-05,T007,3667.074199969267,7728.37856016178,,,A06,existing
P1_2346_5,G2,A_batteries,G2-A_batteries-06,T020,3687.0741999692646,6897.284697633159,,,NEW-A_batteries-01,procurement_required
P1_2346_5,G2,B_batteries,G2-B_batteries-01,T013,3355.5084827157466,7272.795381688331,,,B01,existing
P1_2346_5,G2,B_batteries,G2-B_batteries-02,T006,3508.596003149672,5831.667165848992,,,B02,existing
P1_2346_5,G2,B_batteries,G2-B_batteries-03,T021,5313.549854202742,9078.773277607346,,,B03,existing
P1_2346_5,G2,B_batteries,G2-B_batteries-04,T019_1,5372.702880894794,8356.40930924514,,,B04,existing
P1_2346_5,G2,C_batteries,G2-C_batteries-01,T010_2,0.0,2880.8082760764496,T018,1193.3851054898928,C03,existing
P1_2346_5,G2,C_batteries,G2-C_batteries-01,T018,4074.1933815663424,9324.985226007513,,,C03,existing
P1_2346_5,G2,C_batteries,G2-C_batteries-02,T012,1954.1116402878895,6561.858999018011,,,C04,existing
P1_2346_5,G2,C_batteries,G2-C_batteries-03,T014_2,3155.0929537629518,7966.52367812528,,,NEW-C_batteries-01,procurement_required
P1_2346_5,G2,relay_aircraft,G2-relay_aircraft-01,R001,190.137319029409,1999.297638856333,R002,1907.9138801423414,R01,existing
P1_2346_5,G2,relay_aircraft,G2-relay_aircraft-01,R002,3907.2115189986744,7516.130043494062,,,R01,existing
P1_2346_5,G2,relay_aircraft,G2-relay_aircraft-02,R003,2004.2977389089663,7744.455885352581,,,R02,existing
P1_2346_5,G2,relay_components,G2-relay_components-01,R001,190.137319029409,2344.3073253046314,R002,1562.904193694043,RE01,existing
P1_2346_5,G2,relay_components,G2-relay_components-01,R002,3907.2115189986744,8084.5472154177,,,RE01,existing
P1_2346_5,G2,relay_components,G2-relay_components-02,R003,2004.2977389089663,8588.743789022035,,,RE02,existing
P1_2346_5,G3,B_aircraft,G3-B_aircraft-01,T002_2,0.0,1500.9693925601796,T008,5.000099999999975,NEW-B_aircraft-01,procurement_required
P1_2346_5,G3,B_aircraft,G3-B_aircraft-01,T008,1505.9694925601796,3350.508382715747,,,NEW-B_aircraft-01,procurement_required
P1_2346_5,G3,B_aircraft,G3-B_aircraft-02,T015,0.0,1554.5713591276817,T011,5.000100000000202,NEW-B_aircraft-02,procurement_required
P1_2346_5,G3,B_aircraft,G3-B_aircraft-02,T011,1559.571459127682,3503.5959031496714,,,NEW-B_aircraft-02,procurement_required
P1_2346_5,G3,B_batteries,G3-B_batteries-01,T002_2,0.0,2956.647180248775,,,NEW-B_batteries-01,procurement_required
P1_2346_5,G3,B_batteries,G3-B_batteries-02,T015,0.0,3010.3575010505742,,,NEW-B_batteries-02,procurement_required
P1_2346_5,G3,B_batteries,G3-B_batteries-03,T008,1505.9694925601796,4939.170345795129,,,NEW-B_batteries-03,procurement_required
P1_2346_5,G3,B_batteries,G3-B_batteries-04,T011,1559.571459127682,5367.702780894794,,,NEW-B_batteries-04,procurement_required
P1_2346_5,G3,relay_aircraft,G3-relay_aircraft-01,R004,96.18236555369045,3902.2114189986755,,,NEW-relay_aircraft-01,procurement_required
P1_2346_5,G3,relay_components,G3-relay_components-01,R004,96.18236555369045,4498.791383917484,,,RE03,existing
P1_234_56,G1,A_aircraft,G1-A_aircraft-01,T005,0.0,1312.470877312685,,,U01,existing
P1_234_56,G1,C_aircraft,G1-C_aircraft-01,T001,0.0,1561.4261775174655,,,U07,existing
P1_234_56,G1,C_aircraft,G1-C_aircraft-02,T003,1438.035182877992,2867.4613603954576,,,U08,existing
P1_234_56,G1,A_batteries,G1-A_batteries-01,T005,0.0,2178.7887122874713,,,A01,existing
P1_234_56,G1,C_batteries,G1-C_batteries-01,T001,0.0,3150.0928537629516,,,C01,existing
P1_234_56,G1,C_batteries,G1-C_batteries-02,T003,1438.035182877992,4385.641813543676,,,C02,existing
P1_234_56,G2,A_aircraft,G2-A_aircraft-01,T007_HARD,0.0,1712.4416357195464,T007,1954.6325642497204,U02,existing
P1_234_56,G2,A_aircraft,G2-A_aircraft-01,T007,3667.074199969267,6275.115097078189,,,U02,existing
P1_234_56,G2,A_aircraft,G2-A_aircraft-02,T007_SOFT,0.0,1712.4416357195464,T004,291.6700045683433,U03,existing
P1_234_56,G2,A_aircraft,G2-A_aircraft-02,T004,2004.1116402878897,4285.571599124281,T022,5.000100000000202,U03,existing
P1_234_56,G2,A_aircraft,G2-A_aircraft-02,T022,4290.571699124282,5982.106185363231,,,U03,existing
P1_234_56,G2,A_aircraft,G2-A_aircraft-03,T009,0.0,1316.0142144169886,T020,2371.059985552276,U04,existing
P1_234_56,G2,A_aircraft,G2-A_aircraft-03,T020,3687.0741999692646,5657.284046946083,,,U04,existing
P1_234_56,G2,A_aircraft,G2-A_aircraft-04,T014_1,3769.074199969265,5464.83230463773,T016,5.000099999999293,NEW-A_aircraft-01,procurement_required
P1_234_56,G2,A_aircraft,G2-A_aircraft-04,T016,5469.832404637729,7165.590509306194,,,NEW-A_aircraft-01,procurement_required
P1_234_56,G2,B_aircraft,G2-B_aircraft-01,T013,3355.5084827157466,5313.549754202741,T019_1,59.153126692053775,U05,existing
P1_234_56,G2,B_aircraft,G2-B_aircraft-01,T019_1,5372.702880894794,6891.727225306649,,,U05,existing
P1_234_56,G2,B_aircraft,G2-B_aircraft-02,T021,5313.549854202742,7211.591125689736,,,U06,existing
P1_234_56,G2,C_aircraft,G2-C_aircraft-01,T010_2,0.0,1433.035082877992,T012,521.0765574098975,NEW-C_aircraft-01,procurement_required
P1_234_56,G2,C_aircraft,G2-C_aircraft-01,T012,1954.1116402878895,4069.193281566342,T018,5.000100000000202,NEW-C_aircraft-01,procurement_required
P1_234_56,G2,C_aircraft,G2-C_aircraft-01,T018,4074.1933815663424,6761.824258936959,,,NEW-C_aircraft-01,procurement_required
P1_234_56,G2,C_aircraft,G2-C_aircraft-02,T014_2,3155.0929537629518,5460.277018730793,,,NEW-C_aircraft-02,procurement_required
P1_234_56,G2,A_batteries,G2-A_batteries-01,T007_HARD,0.0,2761.062337358848,T022,1529.5093617654338,A02,existing
P1_234_56,G2,A_batteries,G2-A_batteries-01,T022,4290.571699124282,7157.600692042686,,,A02,existing
P1_234_56,G2,A_batteries,G2-A_batteries-02,T007_SOFT,0.0,2779.9496716386757,T016,2689.8827329990536,A03,existing
P1_234_56,G2,A_batteries,G2-A_batteries-02,T016,5469.832404637729,8301.566821462397,,,A03,existing
P1_234_56,G2,A_batteries,G2-A_batteries-03,T009,0.0,2207.8690163260853,T014_1,1561.2051836431797,A04,existing
P1_234_56,G2,A_batteries,G2-A_batteries-03,T014_1,3769.074199969265,6580.0266291174285,,,A04,existing
P1_234_56,G2,A_batteries,G2-A_batteries-04,T004,2004.1116402878897,5653.515220902664,,,A05,existing
P1_234_56,G2,A_batteries,G2-A_batteries-05,T007,3667.074199969267,7728.37856016178,,,A06,existing
P1_234_56,G2,A_batteries,G2-A_batteries-06,T020,3687.0741999692646,6897.284697633159,,,NEW-A_batteries-01,procurement_required
P1_234_56,G2,B_batteries,G2-B_batteries-01,T013,3355.5084827157466,7272.795381688331,,,B01,existing
P1_234_56,G2,B_batteries,G2-B_batteries-02,T021,5313.549854202742,9078.773277607346,,,B02,existing
P1_234_56,G2,B_batteries,G2-B_batteries-03,T019_1,5372.702880894794,8356.40930924514,,,B03,existing
P1_234_56,G2,C_batteries,G2-C_batteries-01,T010_2,0.0,2880.8082760764496,T018,1193.3851054898928,C03,existing
P1_234_56,G2,C_batteries,G2-C_batteries-01,T018,4074.1933815663424,9324.985226007513,,,C03,existing
P1_234_56,G2,C_batteries,G2-C_batteries-02,T012,1954.1116402878895,6561.858999018011,,,C04,existing
P1_234_56,G2,C_batteries,G2-C_batteries-03,T014_2,3155.0929537629518,7966.52367812528,,,NEW-C_batteries-01,procurement_required
P1_234_56,G2,relay_aircraft,G2-relay_aircraft-01,R001,190.137319029409,1999.297638856333,R002,1907.9138801423414,R01,existing
P1_234_56,G2,relay_aircraft,G2-relay_aircraft-01,R002,3907.2115189986744,7516.130043494062,,,R01,existing
P1_234_56,G2,relay_aircraft,G2-relay_aircraft-02,R003,2004.2977389089663,7744.455885352581,,,R02,existing
P1_234_56,G2,relay_components,G2-relay_components-01,R001,190.137319029409,2344.3073253046314,R002,1562.904193694043,RE01,existing
P1_234_56,G2,relay_components,G2-relay_components-01,R002,3907.2115189986744,8084.5472154177,,,RE01,existing
P1_234_56,G2,relay_components,G2-relay_components-02,R003,2004.2977389089663,8588.743789022035,,,RE02,existing
P1_234_56,G3,B_aircraft,G3-B_aircraft-01,T002_2,0.0,1500.9693925601796,T008,5.000099999999975,NEW-B_aircraft-01,procurement_required
P1_234_56,G3,B_aircraft,G3-B_aircraft-01,T008,1505.9694925601796,3350.508382715747,T006,158.08762043392517,NEW-B_aircraft-01,procurement_required
P1_234_56,G3,B_aircraft,G3-B_aircraft-01,T006,3508.596003149672,4698.226288886111,,,NEW-B_aircraft-01,procurement_required
P1_234_56,G3,B_aircraft,G3-B_aircraft-02,T015,0.0,1554.5713591276817,T011,5.000100000000202,NEW-B_aircraft-02,procurement_required
P1_234_56,G3,B_aircraft,G3-B_aircraft-02,T011,1559.571459127682,3503.5959031496714,,,NEW-B_aircraft-02,procurement_required
P1_234_56,G3,B_batteries,G3-B_batteries-01,T002_2,0.0,2956.647180248775,T006,551.9488229008971,B04,existing
P1_234_56,G3,B_batteries,G3-B_batteries-01,T006,3508.596003149672,5831.667165848992,,,B04,existing
P1_234_56,G3,B_batteries,G3-B_batteries-02,T015,0.0,3010.3575010505742,,,NEW-B_batteries-01,procurement_required
P1_234_56,G3,B_batteries,G3-B_batteries-03,T008,1505.9694925601796,4939.170345795129,,,NEW-B_batteries-02,procurement_required
P1_234_56,G3,B_batteries,G3-B_batteries-04,T011,1559.571459127682,5367.702780894794,,,NEW-B_batteries-03,procurement_required
P1_234_56,G3,relay_aircraft,G3-relay_aircraft-01,R004,96.18236555369045,3902.2114189986755,,,NEW-relay_aircraft-01,procurement_required
P1_234_56,G3,relay_components,G3-relay_components-01,R004,96.18236555369045,4498.791383917484,,,RE03,existing
P156_23_4,G1,A_aircraft,G1-A_aircraft-01,T005,0.0,1312.470877312685,,,U01,existing
P156_23_4,G1,B_aircraft,G1-B_aircraft-01,T002_2,0.0,1500.9693925601796,T008,5.000099999999975,U05,existing
P156_23_4,G1,B_aircraft,G1-B_aircraft-01,T008,1505.9694925601796,3350.508382715747,T006,158.08762043392517,U05,existing
P156_23_4,G1,B_aircraft,G1-B_aircraft-01,T006,3508.596003149672,4698.226288886111,,,U05,existing
P156_23_4,G1,B_aircraft,G1-B_aircraft-02,T015,0.0,1554.5713591276817,T011,5.000100000000202,U06,existing
P156_23_4,G1,B_aircraft,G1-B_aircraft-02,T011,1559.571459127682,3503.5959031496714,,,U06,existing
P156_23_4,G1,C_aircraft,G1-C_aircraft-01,T001,0.0,1561.4261775174655,,,U07,existing
P156_23_4,G1,C_aircraft,G1-C_aircraft-02,T003,1438.035182877992,2867.4613603954576,,,U08,existing
P156_23_4,G1,A_batteries,G1-A_batteries-01,T005,0.0,2178.7887122874713,,,A01,existing
P156_23_4,G1,B_batteries,G1-B_batteries-01,T002_2,0.0,2956.647180248775,T006,551.9488229008971,B01,existing
P156_23_4,G1,B_batteries,G1-B_batteries-01,T006,3508.596003149672,5831.667165848992,,,B01,existing
P156_23_4,G1,B_batteries,G1-B_batteries-02,T015,0.0,3010.3575010505742,,,B02,existing
P156_23_4,G1,B_batteries,G1-B_batteries-03,T008,1505.9694925601796,4939.170345795129,,,B03,existing
P156_23_4,G1,B_batteries,G1-B_batteries-04,T011,1559.571459127682,5367.702780894794,,,B04,existing
P156_23_4,G1,C_batteries,G1-C_batteries-01,T001,0.0,3150.0928537629516,,,C01,existing
P156_23_4,G1,C_batteries,G1-C_batteries-02,T003,1438.035182877992,4385.641813543676,,,C02,existing
P156_23_4,G1,relay_aircraft,G1-relay_aircraft-01,R004,96.18236555369045,3902.2114189986755,,,R01,existing
P156_23_4,G1,relay_components,G1-relay_components-01,R004,96.18236555369045,4498.791383917484,,,RE01,existing
P156_23_4,G2,A_aircraft,G2-A_aircraft-01,T007_HARD,0.0,1712.4416357195464,T007,1954.6325642497204,U02,existing
P156_23_4,G2,A_aircraft,G2-A_aircraft-01,T007,3667.074199969267,6275.115097078189,,,U02,existing
P156_23_4,G2,A_aircraft,G2-A_aircraft-02,T007_SOFT,0.0,1712.4416357195464,T004,291.6700045683433,U03,existing
P156_23_4,G2,A_aircraft,G2-A_aircraft-02,T004,2004.1116402878897,4285.571599124281,T022,5.000100000000202,U03,existing
P156_23_4,G2,A_aircraft,G2-A_aircraft-02,T022,4290.571699124282,5982.106185363231,,,U03,existing
P156_23_4,G2,A_aircraft,G2-A_aircraft-03,T020,3687.0741999692646,5657.284046946083,,,U04,existing
P156_23_4,G2,A_aircraft,G2-A_aircraft-04,T014_1,3769.074199969265,5464.83230463773,T016,5.000099999999293,NEW-A_aircraft-01,procurement_required
P156_23_4,G2,A_aircraft,G2-A_aircraft-04,T016,5469.832404637729,7165.590509306194,,,NEW-A_aircraft-01,procurement_required
P156_23_4,G2,B_aircraft,G2-B_aircraft-01,T013,3355.5084827157466,5313.549754202741,T019_1,59.153126692053775,NEW-B_aircraft-01,procurement_required
P156_23_4,G2,B_aircraft,G2-B_aircraft-01,T019_1,5372.702880894794,6891.727225306649,,,NEW-B_aircraft-01,procurement_required
P156_23_4,G2,B_aircraft,G2-B_aircraft-02,T021,5313.549854202742,7211.591125689736,,,NEW-B_aircraft-02,procurement_required
P156_23_4,G2,C_aircraft,G2-C_aircraft-01,T012,1954.1116402878895,4069.193281566342,T018,5.000100000000202,NEW-C_aircraft-01,procurement_required
P156_23_4,G2,C_aircraft,G2-C_aircraft-01,T018,4074.1933815663424,6761.824258936959,,,NEW-C_aircraft-01,procurement_required
P156_23_4,G2,C_aircraft,G2-C_aircraft-02,T014_2,3155.0929537629518,5460.277018730793,,,NEW-C_aircraft-02,procurement_required
P156_23_4,G2,A_batteries,G2-A_batteries-01,T007_HARD,0.0,2761.062337358848,T022,1529.5093617654338,A02,existing
P156_23_4,G2,A_batteries,G2-A_batteries-01,T022,4290.571699124282,7157.600692042686,,,A02,existing
P156_23_4,G2,A_batteries,G2-A_batteries-02,T007_SOFT,0.0,2779.9496716386757,T016,2689.8827329990536,A03,existing
P156_23_4,G2,A_batteries,G2-A_batteries-02,T016,5469.832404637729,8301.566821462397,,,A03,existing
P156_23_4,G2,A_batteries,G2-A_batteries-03,T004,2004.1116402878897,5653.515220902664,,,A04,existing
P156_23_4,G2,A_batteries,G2-A_batteries-04,T007,3667.074199969267,7728.37856016178,,,A05,existing
P156_23_4,G2,A_batteries,G2-A_batteries-05,T020,3687.0741999692646,6897.284697633159,,,A06,existing
P156_23_4,G2,A_batteries,G2-A_batteries-06,T014_1,3769.074199969265,6580.0266291174285,,,NEW-A_batteries-01,procurement_required
P156_23_4,G2,B_batteries,G2-B_batteries-01,T013,3355.5084827157466,7272.795381688331,,,NEW-B_batteries-01,procurement_required
P156_23_4,G2,B_batteries,G2-B_batteries-02,T021,5313.549854202742,9078.773277607346,,,NEW-B_batteries-02,procurement_required
P156_23_4,G2,B_batteries,G2-B_batteries-03,T019_1,5372.702880894794,8356.40930924514,,,NEW-B_batteries-03,procurement_required
P156_23_4,G2,C_batteries,G2-C_batteries-01,T012,1954.1116402878895,6561.858999018011,,,C03,existing
P156_23_4,G2,C_batteries,G2-C_batteries-02,T014_2,3155.0929537629518,7966.52367812528,,,C04,existing
P156_23_4,G2,C_batteries,G2-C_batteries-03,T018,4074.1933815663424,9324.985226007513,,,NEW-C_batteries-01,procurement_required
P156_23_4,G2,relay_aircraft,G2-relay_aircraft-01,R001,190.137319029409,1999.297638856333,R002,1907.9138801423414,R02,existing
P156_23_4,G2,relay_aircraft,G2-relay_aircraft-01,R002,3907.2115189986744,7516.130043494062,,,R02,existing
P156_23_4,G2,relay_aircraft,G2-relay_aircraft-02,R003,2004.2977389089663,7744.455885352581,,,NEW-relay_aircraft-01,procurement_required
P156_23_4,G2,relay_components,G2-relay_components-01,R001,190.137319029409,2344.3073253046314,R002,1562.904193694043,RE02,existing
P156_23_4,G2,relay_components,G2-relay_components-01,R002,3907.2115189986744,8084.5472154177,,,RE02,existing
P156_23_4,G2,relay_components,G2-relay_components-02,R003,2004.2977389089663,8588.743789022035,,,RE03,existing
P156_23_4,G3,A_aircraft,G3-A_aircraft-01,T009,0.0,1316.0142144169886,,,NEW-A_aircraft-02,procurement_required
P156_23_4,G3,C_aircraft,G3-C_aircraft-01,T010_2,0.0,1433.035082877992,,,NEW-C_aircraft-03,procurement_required
P156_23_4,G3,A_batteries,G3-A_batteries-01,T009,0.0,2207.8690163260853,,,NEW-A_batteries-02,procurement_required
P156_23_4,G3,C_batteries,G3-C_batteries-01,T010_2,0.0,2880.8082760764496,,,NEW-C_batteries-02,procurement_required
P15_236_4,G1,A_aircraft,G1-A_aircraft-01,T005,0.0,1312.470877312685,,,U01,existing
P15_236_4,G1,B_aircraft,G1-B_aircraft-01,T002_2,0.0,1500.9693925601796,T008,5.000099999999975,U05,existing
P15_236_4,G1,B_aircraft,G1-B_aircraft-01,T008,1505.9694925601796,3350.508382715747,,,U05,existing
P15_236_4,G1,B_aircraft,G1-B_aircraft-02,T015,0.0,1554.5713591276817,T011,5.000100000000202,U06,existing
P15_236_4,G1,B_aircraft,G1-B_aircraft-02,T011,1559.571459127682,3503.5959031496714,,,U06,existing
P15_236_4,G1,C_aircraft,G1-C_aircraft-01,T001,0.0,1561.4261775174655,,,U07,existing
P15_236_4,G1,C_aircraft,G1-C_aircraft-02,T003,1438.035182877992,2867.4613603954576,,,U08,existing
P15_236_4,G1,A_batteries,G1-A_batteries-01,T005,0.0,2178.7887122874713,,,A01,existing
P15_236_4,G1,B_batteries,G1-B_batteries-01,T002_2,0.0,2956.647180248775,,,B01,existing
P15_236_4,G1,B_batteries,G1-B_batteries-02,T015,0.0,3010.3575010505742,,,B02,existing
P15_236_4,G1,B_batteries,G1-B_batteries-03,T008,1505.9694925601796,4939.170345795129,,,B03,existing
P15_236_4,G1,B_batteries,G1-B_batteries-04,T011,1559.571459127682,5367.702780894794,,,B04,existing
P15_236_4,G1,C_batteries,G1-C_batteries-01,T001,0.0,3150.0928537629516,,,C01,existing
P15_236_4,G1,C_batteries,G1-C_batteries-02,T003,1438.035182877992,4385.641813543676,,,C02,existing
P15_236_4,G1,relay_aircraft,G1-relay_aircraft-01,R004,96.18236555369045,3902.2114189986755,,,R01,existing
P15_236_4,G1,relay_components,G1-relay_components-01,R004,96.18236555369045,4498.791383917484,,,RE01,existing
P15_236_4,G2,A_aircraft,G2-A_aircraft-01,T007_HARD,0.0,1712.4416357195464,T007,1954.6325642497204,U02,existing
P15_236_4,G2,A_aircraft,G2-A_aircraft-01,T007,3667.074199969267,6275.115097078189,,,U02,existing
P15_236_4,G2,A_aircraft,G2-A_aircraft-02,T007_SOFT,0.0,1712.4416357195464,T004,291.6700045683433,U03,existing
P15_236_4,G2,A_aircraft,G2-A_aircraft-02,T004,2004.1116402878897,4285.571599124281,T022,5.000100000000202,U03,existing
P15_236_4,G2,A_aircraft,G2-A_aircraft-02,T022,4290.571699124282,5982.106185363231,,,U03,existing
P15_236_4,G2,A_aircraft,G2-A_aircraft-03,T020,3687.0741999692646,5657.284046946083,,,U04,existing
P15_236_4,G2,A_aircraft,G2-A_aircraft-04,T014_1,3769.074199969265,5464.83230463773,T016,5.000099999999293,NEW-A_aircraft-01,procurement_required
P15_236_4,G2,A_aircraft,G2-A_aircraft-04,T016,5469.832404637729,7165.590509306194,,,NEW-A_aircraft-01,procurement_required
P15_236_4,G2,B_aircraft,G2-B_aircraft-01,T013,3355.5084827157466,5313.549754202741,T019_1,59.153126692053775,NEW-B_aircraft-01,procurement_required
P15_236_4,G2,B_aircraft,G2-B_aircraft-01,T019_1,5372.702880894794,6891.727225306649,,,NEW-B_aircraft-01,procurement_required
P15_236_4,G2,B_aircraft,G2-B_aircraft-02,T006,3508.596003149672,4698.226288886111,T021,615.3235653166303,NEW-B_aircraft-02,procurement_required
P15_236_4,G2,B_aircraft,G2-B_aircraft-02,T021,5313.549854202742,7211.591125689736,,,NEW-B_aircraft-02,procurement_required
P15_236_4,G2,C_aircraft,G2-C_aircraft-01,T012,1954.1116402878895,4069.193281566342,T018,5.000100000000202,NEW-C_aircraft-01,procurement_required
P15_236_4,G2,C_aircraft,G2-C_aircraft-01,T018,4074.1933815663424,6761.824258936959,,,NEW-C_aircraft-01,procurement_required
P15_236_4,G2,C_aircraft,G2-C_aircraft-02,T014_2,3155.0929537629518,5460.277018730793,,,NEW-C_aircraft-02,procurement_required
P15_236_4,G2,A_batteries,G2-A_batteries-01,T007_HARD,0.0,2761.062337358848,T022,1529.5093617654338,A02,existing
P15_236_4,G2,A_batteries,G2-A_batteries-01,T022,4290.571699124282,7157.600692042686,,,A02,existing
P15_236_4,G2,A_batteries,G2-A_batteries-02,T007_SOFT,0.0,2779.9496716386757,T016,2689.8827329990536,A03,existing
P15_236_4,G2,A_batteries,G2-A_batteries-02,T016,5469.832404637729,8301.566821462397,,,A03,existing
P15_236_4,G2,A_batteries,G2-A_batteries-03,T004,2004.1116402878897,5653.515220902664,,,A04,existing
P15_236_4,G2,A_batteries,G2-A_batteries-04,T007,3667.074199969267,7728.37856016178,,,A05,existing
P15_236_4,G2,A_batteries,G2-A_batteries-05,T020,3687.0741999692646,6897.284697633159,,,A06,existing
P15_236_4,G2,A_batteries,G2-A_batteries-06,T014_1,3769.074199969265,6580.0266291174285,,,NEW-A_batteries-01,procurement_required
P15_236_4,G2,B_batteries,G2-B_batteries-01,T013,3355.5084827157466,7272.795381688331,,,NEW-B_batteries-01,procurement_required
P15_236_4,G2,B_batteries,G2-B_batteries-02,T006,3508.596003149672,5831.667165848992,,,NEW-B_batteries-02,procurement_required
P15_236_4,G2,B_batteries,G2-B_batteries-03,T021,5313.549854202742,9078.773277607346,,,NEW-B_batteries-03,procurement_required
P15_236_4,G2,B_batteries,G2-B_batteries-04,T019_1,5372.702880894794,8356.40930924514,,,NEW-B_batteries-04,procurement_required
P15_236_4,G2,C_batteries,G2-C_batteries-01,T012,1954.1116402878895,6561.858999018011,,,C03,existing
P15_236_4,G2,C_batteries,G2-C_batteries-02,T014_2,3155.0929537629518,7966.52367812528,,,C04,existing
P15_236_4,G2,C_batteries,G2-C_batteries-03,T018,4074.1933815663424,9324.985226007513,,,NEW-C_batteries-01,procurement_required
P15_236_4,G2,relay_aircraft,G2-relay_aircraft-01,R001,190.137319029409,1999.297638856333,R002,1907.9138801423414,R02,existing
P15_236_4,G2,relay_aircraft,G2-relay_aircraft-01,R002,3907.2115189986744,7516.130043494062,,,R02,existing
P15_236_4,G2,relay_aircraft,G2-relay_aircraft-02,R003,2004.2977389089663,7744.455885352581,,,NEW-relay_aircraft-01,procurement_required
P15_236_4,G2,relay_components,G2-relay_components-01,R001,190.137319029409,2344.3073253046314,R002,1562.904193694043,RE02,existing
P15_236_4,G2,relay_components,G2-relay_components-01,R002,3907.2115189986744,8084.5472154177,,,RE02,existing
P15_236_4,G2,relay_components,G2-relay_components-02,R003,2004.2977389089663,8588.743789022035,,,RE03,existing
P15_236_4,G3,A_aircraft,G3-A_aircraft-01,T009,0.0,1316.0142144169886,,,NEW-A_aircraft-02,procurement_required
P15_236_4,G3,C_aircraft,G3-C_aircraft-01,T010_2,0.0,1433.035082877992,,,NEW-C_aircraft-03,procurement_required
P15_236_4,G3,A_batteries,G3-A_batteries-01,T009,0.0,2207.8690163260853,,,NEW-A_batteries-02,procurement_required
P15_236_4,G3,C_batteries,G3-C_batteries-01,T010_2,0.0,2880.8082760764496,,,NEW-C_batteries-02,procurement_required
P15_23_46,G1,A_aircraft,G1-A_aircraft-01,T005,0.0,1312.470877312685,,,U01,existing
P15_23_46,G1,B_aircraft,G1-B_aircraft-01,T002_2,0.0,1500.9693925601796,T008,5.000099999999975,U05,existing
P15_23_46,G1,B_aircraft,G1-B_aircraft-01,T008,1505.9694925601796,3350.508382715747,,,U05,existing
P15_23_46,G1,B_aircraft,G1-B_aircraft-02,T015,0.0,1554.5713591276817,T011,5.000100000000202,U06,existing
P15_23_46,G1,B_aircraft,G1-B_aircraft-02,T011,1559.571459127682,3503.5959031496714,,,U06,existing
P15_23_46,G1,C_aircraft,G1-C_aircraft-01,T001,0.0,1561.4261775174655,,,U07,existing
P15_23_46,G1,C_aircraft,G1-C_aircraft-02,T003,1438.035182877992,2867.4613603954576,,,U08,existing
P15_23_46,G1,A_batteries,G1-A_batteries-01,T005,0.0,2178.7887122874713,,,A01,existing
P15_23_46,G1,B_batteries,G1-B_batteries-01,T002_2,0.0,2956.647180248775,,,B01,existing
P15_23_46,G1,B_batteries,G1-B_batteries-02,T015,0.0,3010.3575010505742,,,B02,existing
P15_23_46,G1,B_batteries,G1-B_batteries-03,T008,1505.9694925601796,4939.170345795129,,,B03,existing
P15_23_46,G1,B_batteries,G1-B_batteries-04,T011,1559.571459127682,5367.702780894794,,,B04,existing
P15_23_46,G1,C_batteries,G1-C_batteries-01,T001,0.0,3150.0928537629516,,,C01,existing
P15_23_46,G1,C_batteries,G1-C_batteries-02,T003,1438.035182877992,4385.641813543676,,,C02,existing
P15_23_46,G1,relay_aircraft,G1-relay_aircraft-01,R004,96.18236555369045,3902.2114189986755,,,R01,existing
P15_23_46,G1,relay_components,G1-relay_components-01,R004,96.18236555369045,4498.791383917484,,,RE01,existing
P15_23_46,G2,A_aircraft,G2-A_aircraft-01,T007_HARD,0.0,1712.4416357195464,T007,1954.6325642497204,U02,existing
P15_23_46,G2,A_aircraft,G2-A_aircraft-01,T007,3667.074199969267,6275.115097078189,,,U02,existing
P15_23_46,G2,A_aircraft,G2-A_aircraft-02,T007_SOFT,0.0,1712.4416357195464,T004,291.6700045683433,U03,existing
P15_23_46,G2,A_aircraft,G2-A_aircraft-02,T004,2004.1116402878897,4285.571599124281,T022,5.000100000000202,U03,existing
P15_23_46,G2,A_aircraft,G2-A_aircraft-02,T022,4290.571699124282,5982.106185363231,,,U03,existing
P15_23_46,G2,A_aircraft,G2-A_aircraft-03,T020,3687.0741999692646,5657.284046946083,,,U04,existing
P15_23_46,G2,A_aircraft,G2-A_aircraft-04,T014_1,3769.074199969265,5464.83230463773,T016,5.000099999999293,NEW-A_aircraft-01,procurement_required
P15_23_46,G2,A_aircraft,G2-A_aircraft-04,T016,5469.832404637729,7165.590509306194,,,NEW-A_aircraft-01,procurement_required
P15_23_46,G2,B_aircraft,G2-B_aircraft-01,T013,3355.5084827157466,5313.549754202741,T019_1,59.153126692053775,NEW-B_aircraft-01,procurement_required
P15_23_46,G2,B_aircraft,G2-B_aircraft-01,T019_1,5372.702880894794,6891.727225306649,,,NEW-B_aircraft-01,procurement_required
P15_23_46,G2,B_aircraft,G2-B_aircraft-02,T021,5313.549854202742,7211.591125689736,,,NEW-B_aircraft-02,procurement_required
P15_23_46,G2,C_aircraft,G2-C_aircraft-01,T012,1954.1116402878895,4069.193281566342,T018,5.000100000000202,NEW-C_aircraft-01,procurement_required
P15_23_46,G2,C_aircraft,G2-C_aircraft-01,T018,4074.1933815663424,6761.824258936959,,,NEW-C_aircraft-01,procurement_required
P15_23_46,G2,C_aircraft,G2-C_aircraft-02,T014_2,3155.0929537629518,5460.277018730793,,,NEW-C_aircraft-02,procurement_required
P15_23_46,G2,A_batteries,G2-A_batteries-01,T007_HARD,0.0,2761.062337358848,T022,1529.5093617654338,A02,existing
P15_23_46,G2,A_batteries,G2-A_batteries-01,T022,4290.571699124282,7157.600692042686,,,A02,existing
P15_23_46,G2,A_batteries,G2-A_batteries-02,T007_SOFT,0.0,2779.9496716386757,T016,2689.8827329990536,A03,existing
P15_23_46,G2,A_batteries,G2-A_batteries-02,T016,5469.832404637729,8301.566821462397,,,A03,existing
P15_23_46,G2,A_batteries,G2-A_batteries-03,T004,2004.1116402878897,5653.515220902664,,,A04,existing
P15_23_46,G2,A_batteries,G2-A_batteries-04,T007,3667.074199969267,7728.37856016178,,,A05,existing
P15_23_46,G2,A_batteries,G2-A_batteries-05,T020,3687.0741999692646,6897.284697633159,,,A06,existing
P15_23_46,G2,A_batteries,G2-A_batteries-06,T014_1,3769.074199969265,6580.0266291174285,,,NEW-A_batteries-01,procurement_required
P15_23_46,G2,B_batteries,G2-B_batteries-01,T013,3355.5084827157466,7272.795381688331,,,NEW-B_batteries-01,procurement_required
P15_23_46,G2,B_batteries,G2-B_batteries-02,T021,5313.549854202742,9078.773277607346,,,NEW-B_batteries-02,procurement_required
P15_23_46,G2,B_batteries,G2-B_batteries-03,T019_1,5372.702880894794,8356.40930924514,,,NEW-B_batteries-03,procurement_required
P15_23_46,G2,C_batteries,G2-C_batteries-01,T012,1954.1116402878895,6561.858999018011,,,C03,existing
P15_23_46,G2,C_batteries,G2-C_batteries-02,T014_2,3155.0929537629518,7966.52367812528,,,C04,existing
P15_23_46,G2,C_batteries,G2-C_batteries-03,T018,4074.1933815663424,9324.985226007513,,,NEW-C_batteries-01,procurement_required
P15_23_46,G2,relay_aircraft,G2-relay_aircraft-01,R001,190.137319029409,1999.297638856333,R002,1907.9138801423414,R02,existing
P15_23_46,G2,relay_aircraft,G2-relay_aircraft-01,R002,3907.2115189986744,7516.130043494062,,,R02,existing
P15_23_46,G2,relay_aircraft,G2-relay_aircraft-02,R003,2004.2977389089663,7744.455885352581,,,NEW-relay_aircraft-01,procurement_required
P15_23_46,G2,relay_components,G2-relay_components-01,R001,190.137319029409,2344.3073253046314,R002,1562.904193694043,RE02,existing
P15_23_46,G2,relay_components,G2-relay_components-01,R002,3907.2115189986744,8084.5472154177,,,RE02,existing
P15_23_46,G2,relay_components,G2-relay_components-02,R003,2004.2977389089663,8588.743789022035,,,RE03,existing
P15_23_46,G3,A_aircraft,G3-A_aircraft-01,T009,0.0,1316.0142144169886,,,NEW-A_aircraft-02,procurement_required
P15_23_46,G3,B_aircraft,G3-B_aircraft-01,T006,3508.596003149672,4698.226288886111,,,NEW-B_aircraft-03,procurement_required
P15_23_46,G3,C_aircraft,G3-C_aircraft-01,T010_2,0.0,1433.035082877992,,,NEW-C_aircraft-03,procurement_required
P15_23_46,G3,A_batteries,G3-A_batteries-01,T009,0.0,2207.8690163260853,,,NEW-A_batteries-02,procurement_required
P15_23_46,G3,B_batteries,G3-B_batteries-01,T006,3508.596003149672,5831.667165848992,,,NEW-B_batteries-04,procurement_required
P15_23_46,G3,C_batteries,G3-C_batteries-01,T010_2,0.0,2880.8082760764496,,,NEW-C_batteries-02,procurement_required
P16_235_4,G1,A_aircraft,G1-A_aircraft-01,T005,0.0,1312.470877312685,,,U01,existing
P16_235_4,G1,B_aircraft,G1-B_aircraft-01,T006,3508.596003149672,4698.226288886111,,,U05,existing
P16_235_4,G1,C_aircraft,G1-C_aircraft-01,T001,0.0,1561.4261775174655,,,U07,existing
P16_235_4,G1,C_aircraft,G1-C_aircraft-02,T003,1438.035182877992,2867.4613603954576,,,U08,existing
P16_235_4,G1,A_batteries,G1-A_batteries-01,T005,0.0,2178.7887122874713,,,A01,existing
P16_235_4,G1,B_batteries,G1-B_batteries-01,T006,3508.596003149672,5831.667165848992,,,B01,existing
P16_235_4,G1,C_batteries,G1-C_batteries-01,T001,0.0,3150.0928537629516,,,C01,existing
P16_235_4,G1,C_batteries,G1-C_batteries-02,T003,1438.035182877992,4385.641813543676,,,C02,existing
P16_235_4,G2,A_aircraft,G2-A_aircraft-01,T007_HARD,0.0,1712.4416357195464,T007,1954.6325642497204,U02,existing
P16_235_4,G2,A_aircraft,G2-A_aircraft-01,T007,3667.074199969267,6275.115097078189,,,U02,existing
P16_235_4,G2,A_aircraft,G2-A_aircraft-02,T007_SOFT,0.0,1712.4416357195464,T004,291.6700045683433,U03,existing
P16_235_4,G2,A_aircraft,G2-A_aircraft-02,T004,2004.1116402878897,4285.571599124281,T022,5.000100000000202,U03,existing
P16_235_4,G2,A_aircraft,G2-A_aircraft-02,T022,4290.571699124282,5982.106185363231,,,U03,existing
P16_235_4,G2,A_aircraft,G2-A_aircraft-03,T020,3687.0741999692646,5657.284046946083,,,U04,existing
P16_235_4,G2,A_aircraft,G2-A_aircraft-04,T014_1,3769.074199969265,5464.83230463773,T016,5.000099999999293,NEW-A_aircraft-01,procurement_required
P16_235_4,G2,A_aircraft,G2-A_aircraft-04,T016,5469.832404637729,7165.590509306194,,,NEW-A_aircraft-01,procurement_required
P16_235_4,G2,B_aircraft,G2-B_aircraft-01,T002_2,0.0,1500.9693925601796,T008,5.000099999999975,U06,existing
P16_235_4,G2,B_aircraft,G2-B_aircraft-01,T008,1505.9694925601796,3350.508382715747,T013,5.0000999999997475,U06,existing
P16_235_4,G2,B_aircraft,G2-B_aircraft-01,T013,3355.5084827157466,5313.549754202741,T019_1,59.153126692053775,U06,existing
P16_235_4,G2,B_aircraft,G2-B_aircraft-01,T019_1,5372.702880894794,6891.727225306649,,,U06,existing
P16_235_4,G2,B_aircraft,G2-B_aircraft-02,T015,0.0,1554.5713591276817,T011,5.000100000000202,NEW-B_aircraft-01,procurement_required
P16_235_4,G2,B_aircraft,G2-B_aircraft-02,T011,1559.571459127682,3503.5959031496714,T021,1809.9539510530703,NEW-B_aircraft-01,procurement_required
P16_235_4,G2,B_aircraft,G2-B_aircraft-02,T021,5313.549854202742,7211.591125689736,,,NEW-B_aircraft-01,procurement_required
P16_235_4,G2,C_aircraft,G2-C_aircraft-01,T012,1954.1116402878895,4069.193281566342,T018,5.000100000000202,NEW-C_aircraft-01,procurement_required
P16_235_4,G2,C_aircraft,G2-C_aircraft-01,T018,4074.1933815663424,6761.824258936959,,,NEW-C_aircraft-01,procurement_required
P16_235_4,G2,C_aircraft,G2-C_aircraft-02,T014_2,3155.0929537629518,5460.277018730793,,,NEW-C_aircraft-02,procurement_required
P16_235_4,G2,A_batteries,G2-A_batteries-01,T007_HARD,0.0,2761.062337358848,T022,1529.5093617654338,A02,existing
P16_235_4,G2,A_batteries,G2-A_batteries-01,T022,4290.571699124282,7157.600692042686,,,A02,existing
P16_235_4,G2,A_batteries,G2-A_batteries-02,T007_SOFT,0.0,2779.9496716386757,T016,2689.8827329990536,A03,existing
P16_235_4,G2,A_batteries,G2-A_batteries-02,T016,5469.832404637729,8301.566821462397,,,A03,existing
P16_235_4,G2,A_batteries,G2-A_batteries-03,T004,2004.1116402878897,5653.515220902664,,,A04,existing
P16_235_4,G2,A_batteries,G2-A_batteries-04,T007,3667.074199969267,7728.37856016178,,,A05,existing
P16_235_4,G2,A_batteries,G2-A_batteries-05,T020,3687.0741999692646,6897.284697633159,,,A06,existing
P16_235_4,G2,A_batteries,G2-A_batteries-06,T014_1,3769.074199969265,6580.0266291174285,,,NEW-A_batteries-01,procurement_required
P16_235_4,G2,B_batteries,G2-B_batteries-01,T002_2,0.0,2956.647180248775,T013,398.86130246697167,B02,existing
P16_235_4,G2,B_batteries,G2-B_batteries-01,T013,3355.5084827157466,7272.795381688331,,,B02,existing
P16_235_4,G2,B_batteries,G2-B_batteries-02,T015,0.0,3010.3575010505742,T021,2303.1923531521675,B03,existing
P16_235_4,G2,B_batteries,G2-B_batteries-02,T021,5313.549854202742,9078.773277607346,,,B03,existing
P16_235_4,G2,B_batteries,G2-B_batteries-03,T008,1505.9694925601796,4939.170345795129,T019_1,433.53253509966544,B04,existing
P16_235_4,G2,B_batteries,G2-B_batteries-03,T019_1,5372.702880894794,8356.40930924514,,,B04,existing
P16_235_4,G2,B_batteries,G2-B_batteries-04,T011,1559.571459127682,5367.702780894794,,,NEW-B_batteries-01,procurement_required
P16_235_4,G2,C_batteries,G2-C_batteries-01,T012,1954.1116402878895,6561.858999018011,,,C03,existing
P16_235_4,G2,C_batteries,G2-C_batteries-02,T014_2,3155.0929537629518,7966.52367812528,,,C04,existing
P16_235_4,G2,C_batteries,G2-C_batteries-03,T018,4074.1933815663424,9324.985226007513,,,NEW-C_batteries-01,procurement_required
P16_235_4,G2,relay_aircraft,G2-relay_aircraft-01,R004,96.18236555369045,3902.2114189986755,R002,5.000099999998838,R01,existing
P16_235_4,G2,relay_aircraft,G2-relay_aircraft-01,R002,3907.2115189986744,7516.130043494062,,,R01,existing
P16_235_4,G2,relay_aircraft,G2-relay_aircraft-02,R001,190.137319029409,1999.297638856333,R003,5.000100052633343,R02,existing
P16_235_4,G2,relay_aircraft,G2-relay_aircraft-02,R003,2004.2977389089663,7744.455885352581,,,R02,existing
P16_235_4,G2,relay_components,G2-relay_components-01,R004,96.18236555369045,4498.791383917484,,,RE01,existing
P16_235_4,G2,relay_components,G2-relay_components-02,R001,190.137319029409,2344.3073253046314,R002,1562.904193694043,RE02,existing
P16_235_4,G2,relay_components,G2-relay_components-02,R002,3907.2115189986744,8084.5472154177,,,RE02,existing
P16_235_4,G2,relay_components,G2-relay_components-03,R003,2004.2977389089663,8588.743789022035,,,RE03,existing
P16_235_4,G3,A_aircraft,G3-A_aircraft-01,T009,0.0,1316.0142144169886,,,NEW-A_aircraft-02,procurement_required
P16_235_4,G3,C_aircraft,G3-C_aircraft-01,T010_2,0.0,1433.035082877992,,,NEW-C_aircraft-03,procurement_required
P16_235_4,G3,A_batteries,G3-A_batteries-01,T009,0.0,2207.8690163260853,,,NEW-A_batteries-02,procurement_required
P16_235_4,G3,C_batteries,G3-C_batteries-01,T010_2,0.0,2880.8082760764496,,,NEW-C_batteries-02,procurement_required
P1_2356_4,G1,A_aircraft,G1-A_aircraft-01,T005,0.0,1312.470877312685,,,U01,existing
P1_2356_4,G1,C_aircraft,G1-C_aircraft-01,T001,0.0,1561.4261775174655,,,U07,existing
P1_2356_4,G1,C_aircraft,G1-C_aircraft-02,T003,1438.035182877992,2867.4613603954576,,,U08,existing
P1_2356_4,G1,A_batteries,G1-A_batteries-01,T005,0.0,2178.7887122874713,,,A01,existing
P1_2356_4,G1,C_batteries,G1-C_batteries-01,T001,0.0,3150.0928537629516,,,C01,existing
P1_2356_4,G1,C_batteries,G1-C_batteries-02,T003,1438.035182877992,4385.641813543676,,,C02,existing
P1_2356_4,G2,A_aircraft,G2-A_aircraft-01,T007_HARD,0.0,1712.4416357195464,T007,1954.6325642497204,U02,existing
P1_2356_4,G2,A_aircraft,G2-A_aircraft-01,T007,3667.074199969267,6275.115097078189,,,U02,existing
P1_2356_4,G2,A_aircraft,G2-A_aircraft-02,T007_SOFT,0.0,1712.4416357195464,T004,291.6700045683433,U03,existing
P1_2356_4,G2,A_aircraft,G2-A_aircraft-02,T004,2004.1116402878897,4285.571599124281,T022,5.000100000000202,U03,existing
P1_2356_4,G2,A_aircraft,G2-A_aircraft-02,T022,4290.571699124282,5982.106185363231,,,U03,existing
P1_2356_4,G2,A_aircraft,G2-A_aircraft-03,T020,3687.0741999692646,5657.284046946083,,,U04,existing
P1_2356_4,G2,A_aircraft,G2-A_aircraft-04,T014_1,3769.074199969265,5464.83230463773,T016,5.000099999999293,NEW-A_aircraft-01,procurement_required
P1_2356_4,G2,A_aircraft,G2-A_aircraft-04,T016,5469.832404637729,7165.590509306194,,,NEW-A_aircraft-01,procurement_required
P1_2356_4,G2,B_aircraft,G2-B_aircraft-01,T002_2,0.0,1500.9693925601796,T008,5.000099999999975,U05,existing
P1_2356_4,G2,B_aircraft,G2-B_aircraft-01,T008,1505.9694925601796,3350.508382715747,T013,5.0000999999997475,U05,existing
P1_2356_4,G2,B_aircraft,G2-B_aircraft-01,T013,3355.5084827157466,5313.549754202741,T019_1,59.153126692053775,U05,existing
P1_2356_4,G2,B_aircraft,G2-B_aircraft-01,T019_1,5372.702880894794,6891.727225306649,,,U05,existing
P1_2356_4,G2,B_aircraft,G2-B_aircraft-02,T015,0.0,1554.5713591276817,T011,5.000100000000202,U06,existing
P1_2356_4,G2,B_aircraft,G2-B_aircraft-02,T011,1559.571459127682,3503.5959031496714,T006,5.000100000000657,U06,existing
P1_2356_4,G2,B_aircraft,G2-B_aircraft-02,T006,3508.596003149672,4698.226288886111,T021,615.3235653166303,U06,existing
P1_2356_4,G2,B_aircraft,G2-B_aircraft-02,T021,5313.549854202742,7211.591125689736,,,U06,existing
P1_2356_4,G2,C_aircraft,G2-C_aircraft-01,T012,1954.1116402878895,4069.193281566342,T018,5.000100000000202,NEW-C_aircraft-01,procurement_required
P1_2356_4,G2,C_aircraft,G2-C_aircraft-01,T018,4074.1933815663424,6761.824258936959,,,NEW-C_aircraft-01,procurement_required
P1_2356_4,G2,C_aircraft,G2-C_aircraft-02,T014_2,3155.0929537629518,5460.277018730793,,,NEW-C_aircraft-02,procurement_required
P1_2356_4,G2,A_batteries,G2-A_batteries-01,T007_HARD,0.0,2761.062337358848,T022,1529.5093617654338,A02,existing
P1_2356_4,G2,A_batteries,G2-A_batteries-01,T022,4290.571699124282,7157.600692042686,,,A02,existing
P1_2356_4,G2,A_batteries,G2-A_batteries-02,T007_SOFT,0.0,2779.9496716386757,T016,2689.8827329990536,A03,existing
P1_2356_4,G2,A_batteries,G2-A_batteries-02,T016,5469.832404637729,8301.566821462397,,,A03,existing
P1_2356_4,G2,A_batteries,G2-A_batteries-03,T004,2004.1116402878897,5653.515220902664,,,A04,existing
P1_2356_4,G2,A_batteries,G2-A_batteries-04,T007,3667.074199969267,7728.37856016178,,,A05,existing
P1_2356_4,G2,A_batteries,G2-A_batteries-05,T020,3687.0741999692646,6897.284697633159,,,A06,existing
P1_2356_4,G2,A_batteries,G2-A_batteries-06,T014_1,3769.074199969265,6580.0266291174285,,,NEW-A_batteries-01,procurement_required
P1_2356_4,G2,B_batteries,G2-B_batteries-01,T002_2,0.0,2956.647180248775,T006,551.9488229008971,B01,existing
P1_2356_4,G2,B_batteries,G2-B_batteries-01,T006,3508.596003149672,5831.667165848992,,,B01,existing
P1_2356_4,G2,B_batteries,G2-B_batteries-02,T015,0.0,3010.3575010505742,T013,345.15098166517237,B02,existing
P1_2356_4,G2,B_batteries,G2-B_batteries-02,T013,3355.5084827157466,7272.795381688331,,,B02,existing
P1_2356_4,G2,B_batteries,G2-B_batteries-03,T008,1505.9694925601796,4939.170345795129,T021,374.3795084076128,B03,existing
P1_2356_4,G2,B_batteries,G2-B_batteries-03,T021,5313.549854202742,9078.773277607346,,,B03,existing
P1_2356_4,G2,B_batteries,G2-B_batteries-04,T011,1559.571459127682,5367.702780894794,T019_1,5.000100000000202,B04,existing
P1_2356_4,G2,B_batteries,G2-B_batteries-04,T019_1,5372.702880894794,8356.40930924514,,,B04,existing
P1_2356_4,G2,C_batteries,G2-C_batteries-01,T012,1954.1116402878895,6561.858999018011,,,C03,existing
P1_2356_4,G2,C_batteries,G2-C_batteries-02,T014_2,3155.0929537629518,7966.52367812528,,,C04,existing
P1_2356_4,G2,C_batteries,G2-C_batteries-03,T018,4074.1933815663424,9324.985226007513,,,NEW-C_batteries-01,procurement_required
P1_2356_4,G2,relay_aircraft,G2-relay_aircraft-01,R004,96.18236555369045,3902.2114189986755,R002,5.000099999998838,R01,existing
P1_2356_4,G2,relay_aircraft,G2-relay_aircraft-01,R002,3907.2115189986744,7516.130043494062,,,R01,existing
P1_2356_4,G2,relay_aircraft,G2-relay_aircraft-02,R001,190.137319029409,1999.297638856333,R003,5.000100052633343,R02,existing
P1_2356_4,G2,relay_aircraft,G2-relay_aircraft-02,R003,2004.2977389089663,7744.455885352581,,,R02,existing
P1_2356_4,G2,relay_components,G2-relay_components-01,R004,96.18236555369045,4498.791383917484,,,RE01,existing
P1_2356_4,G2,relay_components,G2-relay_components-02,R001,190.137319029409,2344.3073253046314,R002,1562.904193694043,RE02,existing
P1_2356_4,G2,relay_components,G2-relay_components-02,R002,3907.2115189986744,8084.5472154177,,,RE02,existing
P1_2356_4,G2,relay_components,G2-relay_components-03,R003,2004.2977389089663,8588.743789022035,,,RE03,existing
P1_2356_4,G3,A_aircraft,G3-A_aircraft-01,T009,0.0,1316.0142144169886,,,NEW-A_aircraft-02,procurement_required
P1_2356_4,G3,C_aircraft,G3-C_aircraft-01,T010_2,0.0,1433.035082877992,,,NEW-C_aircraft-03,procurement_required
P1_2356_4,G3,A_batteries,G3-A_batteries-01,T009,0.0,2207.8690163260853,,,NEW-A_batteries-02,procurement_required
P1_2356_4,G3,C_batteries,G3-C_batteries-01,T010_2,0.0,2880.8082760764496,,,NEW-C_batteries-02,procurement_required
P1_235_46,G1,A_aircraft,G1-A_aircraft-01,T005,0.0,1312.470877312685,,,U01,existing
P1_235_46,G1,C_aircraft,G1-C_aircraft-01,T001,0.0,1561.4261775174655,,,U07,existing
P1_235_46,G1,C_aircraft,G1-C_aircraft-02,T003,1438.035182877992,2867.4613603954576,,,U08,existing
P1_235_46,G1,A_batteries,G1-A_batteries-01,T005,0.0,2178.7887122874713,,,A01,existing
P1_235_46,G1,C_batteries,G1-C_batteries-01,T001,0.0,3150.0928537629516,,,C01,existing
P1_235_46,G1,C_batteries,G1-C_batteries-02,T003,1438.035182877992,4385.641813543676,,,C02,existing
P1_235_46,G2,A_aircraft,G2-A_aircraft-01,T007_HARD,0.0,1712.4416357195464,T007,1954.6325642497204,U02,existing
P1_235_46,G2,A_aircraft,G2-A_aircraft-01,T007,3667.074199969267,6275.115097078189,,,U02,existing
P1_235_46,G2,A_aircraft,G2-A_aircraft-02,T007_SOFT,0.0,1712.4416357195464,T004,291.6700045683433,U03,existing
P1_235_46,G2,A_aircraft,G2-A_aircraft-02,T004,2004.1116402878897,4285.571599124281,T022,5.000100000000202,U03,existing
P1_235_46,G2,A_aircraft,G2-A_aircraft-02,T022,4290.571699124282,5982.106185363231,,,U03,existing
P1_235_46,G2,A_aircraft,G2-A_aircraft-03,T020,3687.0741999692646,5657.284046946083,,,U04,existing
P1_235_46,G2,A_aircraft,G2-A_aircraft-04,T014_1,3769.074199969265,5464.83230463773,T016,5.000099999999293,NEW-A_aircraft-01,procurement_required
P1_235_46,G2,A_aircraft,G2-A_aircraft-04,T016,5469.832404637729,7165.590509306194,,,NEW-A_aircraft-01,procurement_required
P1_235_46,G2,B_aircraft,G2-B_aircraft-01,T002_2,0.0,1500.9693925601796,T008,5.000099999999975,U05,existing
P1_235_46,G2,B_aircraft,G2-B_aircraft-01,T008,1505.9694925601796,3350.508382715747,T013,5.0000999999997475,U05,existing
P1_235_46,G2,B_aircraft,G2-B_aircraft-01,T013,3355.5084827157466,5313.549754202741,T019_1,59.153126692053775,U05,existing
P1_235_46,G2,B_aircraft,G2-B_aircraft-01,T019_1,5372.702880894794,6891.727225306649,,,U05,existing
P1_235_46,G2,B_aircraft,G2-B_aircraft-02,T015,0.0,1554.5713591276817,T011,5.000100000000202,U06,existing
P1_235_46,G2,B_aircraft,G2-B_aircraft-02,T011,1559.571459127682,3503.5959031496714,T021,1809.9539510530703,U06,existing
P1_235_46,G2,B_aircraft,G2-B_aircraft-02,T021,5313.549854202742,7211.591125689736,,,U06,existing
P1_235_46,G2,C_aircraft,G2-C_aircraft-01,T012,1954.1116402878895,4069.193281566342,T018,5.000100000000202,NEW-C_aircraft-01,procurement_required
P1_235_46,G2,C_aircraft,G2-C_aircraft-01,T018,4074.1933815663424,6761.824258936959,,,NEW-C_aircraft-01,procurement_required
P1_235_46,G2,C_aircraft,G2-C_aircraft-02,T014_2,3155.0929537629518,5460.277018730793,,,NEW-C_aircraft-02,procurement_required
P1_235_46,G2,A_batteries,G2-A_batteries-01,T007_HARD,0.0,2761.062337358848,T022,1529.5093617654338,A02,existing
P1_235_46,G2,A_batteries,G2-A_batteries-01,T022,4290.571699124282,7157.600692042686,,,A02,existing
P1_235_46,G2,A_batteries,G2-A_batteries-02,T007_SOFT,0.0,2779.9496716386757,T016,2689.8827329990536,A03,existing
P1_235_46,G2,A_batteries,G2-A_batteries-02,T016,5469.832404637729,8301.566821462397,,,A03,existing
P1_235_46,G2,A_batteries,G2-A_batteries-03,T004,2004.1116402878897,5653.515220902664,,,A04,existing
P1_235_46,G2,A_batteries,G2-A_batteries-04,T007,3667.074199969267,7728.37856016178,,,A05,existing
P1_235_46,G2,A_batteries,G2-A_batteries-05,T020,3687.0741999692646,6897.284697633159,,,A06,existing
P1_235_46,G2,A_batteries,G2-A_batteries-06,T014_1,3769.074199969265,6580.0266291174285,,,NEW-A_batteries-01,procurement_required
P1_235_46,G2,B_batteries,G2-B_batteries-01,T002_2,0.0,2956.647180248775,T013,398.86130246697167,B01,existing
P1_235_46,G2,B_batteries,G2-B_batteries-01,T013,3355.5084827157466,7272.795381688331,,,B01,existing
P1_235_46,G2,B_batteries,G2-B_batteries-02,T015,0.0,3010.3575010505742,T021,2303.1923531521675,B02,existing
P1_235_46,G2,B_batteries,G2-B_batteries-02,T021,5313.549854202742,9078.773277607346,,,B02,existing
P1_235_46,G2,B_batteries,G2-B_batteries-03,T008,1505.9694925601796,4939.170345795129,T019_1,433.53253509966544,B03,existing
P1_235_46,G2,B_batteries,G2-B_batteries-03,T019_1,5372.702880894794,8356.40930924514,,,B03,existing
P1_235_46,G2,B_batteries,G2-B_batteries-04,T011,1559.571459127682,5367.702780894794,,,B04,existing
P1_235_46,G2,C_batteries,G2-C_batteries-01,T012,1954.1116402878895,6561.858999018011,,,C03,existing
P1_235_46,G2,C_batteries,G2-C_batteries-02,T014_2,3155.0929537629518,7966.52367812528,,,C04,existing
P1_235_46,G2,C_batteries,G2-C_batteries-03,T018,4074.1933815663424,9324.985226007513,,,NEW-C_batteries-01,procurement_required
P1_235_46,G2,relay_aircraft,G2-relay_aircraft-01,R004,96.18236555369045,3902.2114189986755,R002,5.000099999998838,R01,existing
P1_235_46,G2,relay_aircraft,G2-relay_aircraft-01,R002,3907.2115189986744,7516.130043494062,,,R01,existing
P1_235_46,G2,relay_aircraft,G2-relay_aircraft-02,R001,190.137319029409,1999.297638856333,R003,5.000100052633343,R02,existing
P1_235_46,G2,relay_aircraft,G2-relay_aircraft-02,R003,2004.2977389089663,7744.455885352581,,,R02,existing
P1_235_46,G2,relay_components,G2-relay_components-01,R004,96.18236555369045,4498.791383917484,,,RE01,existing
P1_235_46,G2,relay_components,G2-relay_components-02,R001,190.137319029409,2344.3073253046314,R002,1562.904193694043,RE02,existing
P1_235_46,G2,relay_components,G2-relay_components-02,R002,3907.2115189986744,8084.5472154177,,,RE02,existing
P1_235_46,G2,relay_components,G2-relay_components-03,R003,2004.2977389089663,8588.743789022035,,,RE03,existing
P1_235_46,G3,A_aircraft,G3-A_aircraft-01,T009,0.0,1316.0142144169886,,,NEW-A_aircraft-02,procurement_required
P1_235_46,G3,B_aircraft,G3-B_aircraft-01,T006,3508.596003149672,4698.226288886111,,,NEW-B_aircraft-01,procurement_required
P1_235_46,G3,C_aircraft,G3-C_aircraft-01,T010_2,0.0,1433.035082877992,,,NEW-C_aircraft-03,procurement_required
P1_235_46,G3,A_batteries,G3-A_batteries-01,T009,0.0,2207.8690163260853,,,NEW-A_batteries-02,procurement_required
P1_235_46,G3,B_batteries,G3-B_batteries-01,T006,3508.596003149672,5831.667165848992,,,NEW-B_batteries-01,procurement_required
P1_235_46,G3,C_batteries,G3-C_batteries-01,T010_2,0.0,2880.8082760764496,,,NEW-C_batteries-02,procurement_required
P16_23_45,G1,A_aircraft,G1-A_aircraft-01,T005,0.0,1312.470877312685,,,U01,existing
P16_23_45,G1,B_aircraft,G1-B_aircraft-01,T006,3508.596003149672,4698.226288886111,,,U05,existing
P16_23_45,G1,C_aircraft,G1-C_aircraft-01,T001,0.0,1561.4261775174655,,,U07,existing
P16_23_45,G1,C_aircraft,G1-C_aircraft-02,T003,1438.035182877992,2867.4613603954576,,,U08,existing
P16_23_45,G1,A_batteries,G1-A_batteries-01,T005,0.0,2178.7887122874713,,,A01,existing
P16_23_45,G1,B_batteries,G1-B_batteries-01,T006,3508.596003149672,5831.667165848992,,,B01,existing
P16_23_45,G1,C_batteries,G1-C_batteries-01,T001,0.0,3150.0928537629516,,,C01,existing
P16_23_45,G1,C_batteries,G1-C_batteries-02,T003,1438.035182877992,4385.641813543676,,,C02,existing
P16_23_45,G2,A_aircraft,G2-A_aircraft-01,T007_HARD,0.0,1712.4416357195464,T007,1954.6325642497204,U02,existing
P16_23_45,G2,A_aircraft,G2-A_aircraft-01,T007,3667.074199969267,6275.115097078189,,,U02,existing
P16_23_45,G2,A_aircraft,G2-A_aircraft-02,T007_SOFT,0.0,1712.4416357195464,T004,291.6700045683433,U03,existing
P16_23_45,G2,A_aircraft,G2-A_aircraft-02,T004,2004.1116402878897,4285.571599124281,T022,5.000100000000202,U03,existing
P16_23_45,G2,A_aircraft,G2-A_aircraft-02,T022,4290.571699124282,5982.106185363231,,,U03,existing
P16_23_45,G2,A_aircraft,G2-A_aircraft-03,T020,3687.0741999692646,5657.284046946083,,,U04,existing
P16_23_45,G2,A_aircraft,G2-A_aircraft-04,T014_1,3769.074199969265,5464.83230463773,T016,5.000099999999293,NEW-A_aircraft-01,procurement_required
P16_23_45,G2,A_aircraft,G2-A_aircraft-04,T016,5469.832404637729,7165.590509306194,,,NEW-A_aircraft-01,procurement_required
P16_23_45,G2,B_aircraft,G2-B_aircraft-01,T013,3355.5084827157466,5313.549754202741,T019_1,59.153126692053775,U06,existing
P16_23_45,G2,B_aircraft,G2-B_aircraft-01,T019_1,5372.702880894794,6891.727225306649,,,U06,existing
P16_23_45,G2,B_aircraft,G2-B_aircraft-02,T021,5313.549854202742,7211.591125689736,,,NEW-B_aircraft-01,procurement_required
P16_23_45,G2,C_aircraft,G2-C_aircraft-01,T012,1954.1116402878895,4069.193281566342,T018,5.000100000000202,NEW-C_aircraft-01,procurement_required
P16_23_45,G2,C_aircraft,G2-C_aircraft-01,T018,4074.1933815663424,6761.824258936959,,,NEW-C_aircraft-01,procurement_required
P16_23_45,G2,C_aircraft,G2-C_aircraft-02,T014_2,3155.0929537629518,5460.277018730793,,,NEW-C_aircraft-02,procurement_required
P16_23_45,G2,A_batteries,G2-A_batteries-01,T007_HARD,0.0,2761.062337358848,T022,1529.5093617654338,A02,existing
P16_23_45,G2,A_batteries,G2-A_batteries-01,T022,4290.571699124282,7157.600692042686,,,A02,existing
P16_23_45,G2,A_batteries,G2-A_batteries-02,T007_SOFT,0.0,2779.9496716386757,T016,2689.8827329990536,A03,existing
P16_23_45,G2,A_batteries,G2-A_batteries-02,T016,5469.832404637729,8301.566821462397,,,A03,existing
P16_23_45,G2,A_batteries,G2-A_batteries-03,T004,2004.1116402878897,5653.515220902664,,,A04,existing
P16_23_45,G2,A_batteries,G2-A_batteries-04,T007,3667.074199969267,7728.37856016178,,,A05,existing
P16_23_45,G2,A_batteries,G2-A_batteries-05,T020,3687.0741999692646,6897.284697633159,,,A06,existing
P16_23_45,G2,A_batteries,G2-A_batteries-06,T014_1,3769.074199969265,6580.0266291174285,,,NEW-A_batteries-01,procurement_required
P16_23_45,G2,B_batteries,G2-B_batteries-01,T013,3355.5084827157466,7272.795381688331,,,B02,existing
P16_23_45,G2,B_batteries,G2-B_batteries-02,T021,5313.549854202742,9078.773277607346,,,B03,existing
P16_23_45,G2,B_batteries,G2-B_batteries-03,T019_1,5372.702880894794,8356.40930924514,,,B04,existing
P16_23_45,G2,C_batteries,G2-C_batteries-01,T012,1954.1116402878895,6561.858999018011,,,C03,existing
P16_23_45,G2,C_batteries,G2-C_batteries-02,T014_2,3155.0929537629518,7966.52367812528,,,C04,existing
P16_23_45,G2,C_batteries,G2-C_batteries-03,T018,4074.1933815663424,9324.985226007513,,,NEW-C_batteries-01,procurement_required
P16_23_45,G2,relay_aircraft,G2-relay_aircraft-01,R001,190.137319029409,1999.297638856333,R002,1907.9138801423414,R01,existing
P16_23_45,G2,relay_aircraft,G2-relay_aircraft-01,R002,3907.2115189986744,7516.130043494062,,,R01,existing
P16_23_45,G2,relay_aircraft,G2-relay_aircraft-02,R003,2004.2977389089663,7744.455885352581,,,R02,existing
P16_23_45,G2,relay_components,G2-relay_components-01,R001,190.137319029409,2344.3073253046314,R002,1562.904193694043,RE01,existing
P16_23_45,G2,relay_components,G2-relay_components-01,R002,3907.2115189986744,8084.5472154177,,,RE01,existing
P16_23_45,G2,relay_components,G2-relay_components-02,R003,2004.2977389089663,8588.743789022035,,,RE02,existing
P16_23_45,G3,A_aircraft,G3-A_aircraft-01,T009,0.0,1316.0142144169886,,,NEW-A_aircraft-02,procurement_required
P16_23_45,G3,B_aircraft,G3-B_aircraft-01,T002_2,0.0,1500.9693925601796,T008,5.000099999999975,NEW-B_aircraft-02,procurement_required
P16_23_45,G3,B_aircraft,G3-B_aircraft-01,T008,1505.9694925601796,3350.508382715747,,,NEW-B_aircraft-02,procurement_required
P16_23_45,G3,B_aircraft,G3-B_aircraft-02,T015,0.0,1554.5713591276817,T011,5.000100000000202,NEW-B_aircraft-03,procurement_required
P16_23_45,G3,B_aircraft,G3-B_aircraft-02,T011,1559.571459127682,3503.5959031496714,,,NEW-B_aircraft-03,procurement_required
P16_23_45,G3,C_aircraft,G3-C_aircraft-01,T010_2,0.0,1433.035082877992,,,NEW-C_aircraft-03,procurement_required
P16_23_45,G3,A_batteries,G3-A_batteries-01,T009,0.0,2207.8690163260853,,,NEW-A_batteries-02,procurement_required
P16_23_45,G3,B_batteries,G3-B_batteries-01,T002_2,0.0,2956.647180248775,,,NEW-B_batteries-01,procurement_required
P16_23_45,G3,B_batteries,G3-B_batteries-02,T015,0.0,3010.3575010505742,,,NEW-B_batteries-02,procurement_required
P16_23_45,G3,B_batteries,G3-B_batteries-03,T008,1505.9694925601796,4939.170345795129,,,NEW-B_batteries-03,procurement_required
P16_23_45,G3,B_batteries,G3-B_batteries-04,T011,1559.571459127682,5367.702780894794,,,NEW-B_batteries-04,procurement_required
P16_23_45,G3,C_batteries,G3-C_batteries-01,T010_2,0.0,2880.8082760764496,,,NEW-C_batteries-02,procurement_required
P16_23_45,G3,relay_aircraft,G3-relay_aircraft-01,R004,96.18236555369045,3902.2114189986755,,,NEW-relay_aircraft-01,procurement_required
P16_23_45,G3,relay_components,G3-relay_components-01,R004,96.18236555369045,4498.791383917484,,,RE03,existing
P1_236_45,G1,A_aircraft,G1-A_aircraft-01,T005,0.0,1312.470877312685,,,U01,existing
P1_236_45,G1,C_aircraft,G1-C_aircraft-01,T001,0.0,1561.4261775174655,,,U07,existing
P1_236_45,G1,C_aircraft,G1-C_aircraft-02,T003,1438.035182877992,2867.4613603954576,,,U08,existing
P1_236_45,G1,A_batteries,G1-A_batteries-01,T005,0.0,2178.7887122874713,,,A01,existing
P1_236_45,G1,C_batteries,G1-C_batteries-01,T001,0.0,3150.0928537629516,,,C01,existing
P1_236_45,G1,C_batteries,G1-C_batteries-02,T003,1438.035182877992,4385.641813543676,,,C02,existing
P1_236_45,G2,A_aircraft,G2-A_aircraft-01,T007_HARD,0.0,1712.4416357195464,T007,1954.6325642497204,U02,existing
P1_236_45,G2,A_aircraft,G2-A_aircraft-01,T007,3667.074199969267,6275.115097078189,,,U02,existing
P1_236_45,G2,A_aircraft,G2-A_aircraft-02,T007_SOFT,0.0,1712.4416357195464,T004,291.6700045683433,U03,existing
P1_236_45,G2,A_aircraft,G2-A_aircraft-02,T004,2004.1116402878897,4285.571599124281,T022,5.000100000000202,U03,existing
P1_236_45,G2,A_aircraft,G2-A_aircraft-02,T022,4290.571699124282,5982.106185363231,,,U03,existing
P1_236_45,G2,A_aircraft,G2-A_aircraft-03,T020,3687.0741999692646,5657.284046946083,,,U04,existing
P1_236_45,G2,A_aircraft,G2-A_aircraft-04,T014_1,3769.074199969265,5464.83230463773,T016,5.000099999999293,NEW-A_aircraft-01,procurement_required
P1_236_45,G2,A_aircraft,G2-A_aircraft-04,T016,5469.832404637729,7165.590509306194,,,NEW-A_aircraft-01,procurement_required
P1_236_45,G2,B_aircraft,G2-B_aircraft-01,T013,3355.5084827157466,5313.549754202741,T019_1,59.153126692053775,U05,existing
P1_236_45,G2,B_aircraft,G2-B_aircraft-01,T019_1,5372.702880894794,6891.727225306649,,,U05,existing
P1_236_45,G2,B_aircraft,G2-B_aircraft-02,T006,3508.596003149672,4698.226288886111,T021,615.3235653166303,U06,existing
P1_236_45,G2,B_aircraft,G2-B_aircraft-02,T021,5313.549854202742,7211.591125689736,,,U06,existing
P1_236_45,G2,C_aircraft,G2-C_aircraft-01,T012,1954.1116402878895,4069.193281566342,T018,5.000100000000202,NEW-C_aircraft-01,procurement_required
P1_236_45,G2,C_aircraft,G2-C_aircraft-01,T018,4074.1933815663424,6761.824258936959,,,NEW-C_aircraft-01,procurement_required
P1_236_45,G2,C_aircraft,G2-C_aircraft-02,T014_2,3155.0929537629518,5460.277018730793,,,NEW-C_aircraft-02,procurement_required
P1_236_45,G2,A_batteries,G2-A_batteries-01,T007_HARD,0.0,2761.062337358848,T022,1529.5093617654338,A02,existing
P1_236_45,G2,A_batteries,G2-A_batteries-01,T022,4290.571699124282,7157.600692042686,,,A02,existing
P1_236_45,G2,A_batteries,G2-A_batteries-02,T007_SOFT,0.0,2779.9496716386757,T016,2689.8827329990536,A03,existing
P1_236_45,G2,A_batteries,G2-A_batteries-02,T016,5469.832404637729,8301.566821462397,,,A03,existing
P1_236_45,G2,A_batteries,G2-A_batteries-03,T004,2004.1116402878897,5653.515220902664,,,A04,existing
P1_236_45,G2,A_batteries,G2-A_batteries-04,T007,3667.074199969267,7728.37856016178,,,A05,existing
P1_236_45,G2,A_batteries,G2-A_batteries-05,T020,3687.0741999692646,6897.284697633159,,,A06,existing
P1_236_45,G2,A_batteries,G2-A_batteries-06,T014_1,3769.074199969265,6580.0266291174285,,,NEW-A_batteries-01,procurement_required
P1_236_45,G2,B_batteries,G2-B_batteries-01,T013,3355.5084827157466,7272.795381688331,,,B01,existing
P1_236_45,G2,B_batteries,G2-B_batteries-02,T006,3508.596003149672,5831.667165848992,,,B02,existing
P1_236_45,G2,B_batteries,G2-B_batteries-03,T021,5313.549854202742,9078.773277607346,,,B03,existing
P1_236_45,G2,B_batteries,G2-B_batteries-04,T019_1,5372.702880894794,8356.40930924514,,,B04,existing
P1_236_45,G2,C_batteries,G2-C_batteries-01,T012,1954.1116402878895,6561.858999018011,,,C03,existing
P1_236_45,G2,C_batteries,G2-C_batteries-02,T014_2,3155.0929537629518,7966.52367812528,,,C04,existing
P1_236_45,G2,C_batteries,G2-C_batteries-03,T018,4074.1933815663424,9324.985226007513,,,NEW-C_batteries-01,procurement_required
P1_236_45,G2,relay_aircraft,G2-relay_aircraft-01,R001,190.137319029409,1999.297638856333,R002,1907.9138801423414,R01,existing
P1_236_45,G2,relay_aircraft,G2-relay_aircraft-01,R002,3907.2115189986744,7516.130043494062,,,R01,existing
P1_236_45,G2,relay_aircraft,G2-relay_aircraft-02,R003,2004.2977389089663,7744.455885352581,,,R02,existing
P1_236_45,G2,relay_components,G2-relay_components-01,R001,190.137319029409,2344.3073253046314,R002,1562.904193694043,RE01,existing
P1_236_45,G2,relay_components,G2-relay_components-01,R002,3907.2115189986744,8084.5472154177,,,RE01,existing
P1_236_45,G2,relay_components,G2-relay_components-02,R003,2004.2977389089663,8588.743789022035,,,RE02,existing
P1_236_45,G3,A_aircraft,G3-A_aircraft-01,T009,0.0,1316.0142144169886,,,NEW-A_aircraft-02,procurement_required
P1_236_45,G3,B_aircraft,G3-B_aircraft-01,T002_2,0.0,1500.9693925601796,T008,5.000099999999975,NEW-B_aircraft-01,procurement_required
P1_236_45,G3,B_aircraft,G3-B_aircraft-01,T008,1505.9694925601796,3350.508382715747,,,NEW-B_aircraft-01,procurement_required
P1_236_45,G3,B_aircraft,G3-B_aircraft-02,T015,0.0,1554.5713591276817,T011,5.000100000000202,NEW-B_aircraft-02,procurement_required
P1_236_45,G3,B_aircraft,G3-B_aircraft-02,T011,1559.571459127682,3503.5959031496714,,,NEW-B_aircraft-02,procurement_required
P1_236_45,G3,C_aircraft,G3-C_aircraft-01,T010_2,0.0,1433.035082877992,,,NEW-C_aircraft-03,procurement_required
P1_236_45,G3,A_batteries,G3-A_batteries-01,T009,0.0,2207.8690163260853,,,NEW-A_batteries-02,procurement_required
P1_236_45,G3,B_batteries,G3-B_batteries-01,T002_2,0.0,2956.647180248775,,,NEW-B_batteries-01,procurement_required
P1_236_45,G3,B_batteries,G3-B_batteries-02,T015,0.0,3010.3575010505742,,,NEW-B_batteries-02,procurement_required
P1_236_45,G3,B_batteries,G3-B_batteries-03,T008,1505.9694925601796,4939.170345795129,,,NEW-B_batteries-03,procurement_required
P1_236_45,G3,B_batteries,G3-B_batteries-04,T011,1559.571459127682,5367.702780894794,,,NEW-B_batteries-04,procurement_required
P1_236_45,G3,C_batteries,G3-C_batteries-01,T010_2,0.0,2880.8082760764496,,,NEW-C_batteries-02,procurement_required
P1_236_45,G3,relay_aircraft,G3-relay_aircraft-01,R004,96.18236555369045,3902.2114189986755,,,NEW-relay_aircraft-01,procurement_required
P1_236_45,G3,relay_components,G3-relay_components-01,R004,96.18236555369045,4498.791383917484,,,RE03,existing
P1_23_456,G1,A_aircraft,G1-A_aircraft-01,T005,0.0,1312.470877312685,,,U01,existing
P1_23_456,G1,C_aircraft,G1-C_aircraft-01,T001,0.0,1561.4261775174655,,,U07,existing
P1_23_456,G1,C_aircraft,G1-C_aircraft-02,T003,1438.035182877992,2867.4613603954576,,,U08,existing
P1_23_456,G1,A_batteries,G1-A_batteries-01,T005,0.0,2178.7887122874713,,,A01,existing
P1_23_456,G1,C_batteries,G1-C_batteries-01,T001,0.0,3150.0928537629516,,,C01,existing
P1_23_456,G1,C_batteries,G1-C_batteries-02,T003,1438.035182877992,4385.641813543676,,,C02,existing
P1_23_456,G2,A_aircraft,G2-A_aircraft-01,T007_HARD,0.0,1712.4416357195464,T007,1954.6325642497204,U02,existing
P1_23_456,G2,A_aircraft,G2-A_aircraft-01,T007,3667.074199969267,6275.115097078189,,,U02,existing
P1_23_456,G2,A_aircraft,G2-A_aircraft-02,T007_SOFT,0.0,1712.4416357195464,T004,291.6700045683433,U03,existing
P1_23_456,G2,A_aircraft,G2-A_aircraft-02,T004,2004.1116402878897,4285.571599124281,T022,5.000100000000202,U03,existing
P1_23_456,G2,A_aircraft,G2-A_aircraft-02,T022,4290.571699124282,5982.106185363231,,,U03,existing
P1_23_456,G2,A_aircraft,G2-A_aircraft-03,T020,3687.0741999692646,5657.284046946083,,,U04,existing
P1_23_456,G2,A_aircraft,G2-A_aircraft-04,T014_1,3769.074199969265,5464.83230463773,T016,5.000099999999293,NEW-A_aircraft-01,procurement_required
P1_23_456,G2,A_aircraft,G2-A_aircraft-04,T016,5469.832404637729,7165.590509306194,,,NEW-A_aircraft-01,procurement_required
P1_23_456,G2,B_aircraft,G2-B_aircraft-01,T013,3355.5084827157466,5313.549754202741,T019_1,59.153126692053775,U05,existing
P1_23_456,G2,B_aircraft,G2-B_aircraft-01,T019_1,5372.702880894794,6891.727225306649,,,U05,existing
P1_23_456,G2,B_aircraft,G2-B_aircraft-02,T021,5313.549854202742,7211.591125689736,,,U06,existing
P1_23_456,G2,C_aircraft,G2-C_aircraft-01,T012,1954.1116402878895,4069.193281566342,T018,5.000100000000202,NEW-C_aircraft-01,procurement_required
P1_23_456,G2,C_aircraft,G2-C_aircraft-01,T018,4074.1933815663424,6761.824258936959,,,NEW-C_aircraft-01,procurement_required
P1_23_456,G2,C_aircraft,G2-C_aircraft-02,T014_2,3155.0929537629518,5460.277018730793,,,NEW-C_aircraft-02,procurement_required
P1_23_456,G2,A_batteries,G2-A_batteries-01,T007_HARD,0.0,2761.062337358848,T022,1529.5093617654338,A02,existing
P1_23_456,G2,A_batteries,G2-A_batteries-01,T022,4290.571699124282,7157.600692042686,,,A02,existing
P1_23_456,G2,A_batteries,G2-A_batteries-02,T007_SOFT,0.0,2779.9496716386757,T016,2689.8827329990536,A03,existing
P1_23_456,G2,A_batteries,G2-A_batteries-02,T016,5469.832404637729,8301.566821462397,,,A03,existing
P1_23_456,G2,A_batteries,G2-A_batteries-03,T004,2004.1116402878897,5653.515220902664,,,A04,existing
P1_23_456,G2,A_batteries,G2-A_batteries-04,T007,3667.074199969267,7728.37856016178,,,A05,existing
P1_23_456,G2,A_batteries,G2-A_batteries-05,T020,3687.0741999692646,6897.284697633159,,,A06,existing
P1_23_456,G2,A_batteries,G2-A_batteries-06,T014_1,3769.074199969265,6580.0266291174285,,,NEW-A_batteries-01,procurement_required
P1_23_456,G2,B_batteries,G2-B_batteries-01,T013,3355.5084827157466,7272.795381688331,,,B01,existing
P1_23_456,G2,B_batteries,G2-B_batteries-02,T021,5313.549854202742,9078.773277607346,,,B02,existing
P1_23_456,G2,B_batteries,G2-B_batteries-03,T019_1,5372.702880894794,8356.40930924514,,,B03,existing
P1_23_456,G2,C_batteries,G2-C_batteries-01,T012,1954.1116402878895,6561.858999018011,,,C03,existing
P1_23_456,G2,C_batteries,G2-C_batteries-02,T014_2,3155.0929537629518,7966.52367812528,,,C04,existing
P1_23_456,G2,C_batteries,G2-C_batteries-03,T018,4074.1933815663424,9324.985226007513,,,NEW-C_batteries-01,procurement_required
P1_23_456,G2,relay_aircraft,G2-relay_aircraft-01,R001,190.137319029409,1999.297638856333,R002,1907.9138801423414,R01,existing
P1_23_456,G2,relay_aircraft,G2-relay_aircraft-01,R002,3907.2115189986744,7516.130043494062,,,R01,existing
P1_23_456,G2,relay_aircraft,G2-relay_aircraft-02,R003,2004.2977389089663,7744.455885352581,,,R02,existing
P1_23_456,G2,relay_components,G2-relay_components-01,R001,190.137319029409,2344.3073253046314,R002,1562.904193694043,RE01,existing
P1_23_456,G2,relay_components,G2-relay_components-01,R002,3907.2115189986744,8084.5472154177,,,RE01,existing
P1_23_456,G2,relay_components,G2-relay_components-02,R003,2004.2977389089663,8588.743789022035,,,RE02,existing
P1_23_456,G3,A_aircraft,G3-A_aircraft-01,T009,0.0,1316.0142144169886,,,NEW-A_aircraft-02,procurement_required
P1_23_456,G3,B_aircraft,G3-B_aircraft-01,T002_2,0.0,1500.9693925601796,T008,5.000099999999975,NEW-B_aircraft-01,procurement_required
P1_23_456,G3,B_aircraft,G3-B_aircraft-01,T008,1505.9694925601796,3350.508382715747,T006,158.08762043392517,NEW-B_aircraft-01,procurement_required
P1_23_456,G3,B_aircraft,G3-B_aircraft-01,T006,3508.596003149672,4698.226288886111,,,NEW-B_aircraft-01,procurement_required
P1_23_456,G3,B_aircraft,G3-B_aircraft-02,T015,0.0,1554.5713591276817,T011,5.000100000000202,NEW-B_aircraft-02,procurement_required
P1_23_456,G3,B_aircraft,G3-B_aircraft-02,T011,1559.571459127682,3503.5959031496714,,,NEW-B_aircraft-02,procurement_required
P1_23_456,G3,C_aircraft,G3-C_aircraft-01,T010_2,0.0,1433.035082877992,,,NEW-C_aircraft-03,procurement_required
P1_23_456,G3,A_batteries,G3-A_batteries-01,T009,0.0,2207.8690163260853,,,NEW-A_batteries-02,procurement_required
P1_23_456,G3,B_batteries,G3-B_batteries-01,T002_2,0.0,2956.647180248775,T006,551.9488229008971,B04,existing
P1_23_456,G3,B_batteries,G3-B_batteries-01,T006,3508.596003149672,5831.667165848992,,,B04,existing
P1_23_456,G3,B_batteries,G3-B_batteries-02,T015,0.0,3010.3575010505742,,,NEW-B_batteries-01,procurement_required
P1_23_456,G3,B_batteries,G3-B_batteries-03,T008,1505.9694925601796,4939.170345795129,,,NEW-B_batteries-02,procurement_required
P1_23_456,G3,B_batteries,G3-B_batteries-04,T011,1559.571459127682,5367.702780894794,,,NEW-B_batteries-03,procurement_required
P1_23_456,G3,C_batteries,G3-C_batteries-01,T010_2,0.0,2880.8082760764496,,,NEW-C_batteries-02,procurement_required
P1_23_456,G3,relay_aircraft,G3-relay_aircraft-01,R004,96.18236555369045,3902.2114189986755,,,NEW-relay_aircraft-01,procurement_required
P1_23_456,G3,relay_components,G3-relay_components-01,R004,96.18236555369045,4498.791383917484,,,RE03,existing
P1456_2_3,G1,A_aircraft,G1-A_aircraft-01,T005,0.0,1312.470877312685,,,U01,existing
P1456_2_3,G1,A_aircraft,G1-A_aircraft-02,T009,0.0,1316.0142144169886,,,U02,existing
P1456_2_3,G1,B_aircraft,G1-B_aircraft-01,T002_2,0.0,1500.9693925601796,T008,5.000099999999975,U05,existing
P1456_2_3,G1,B_aircraft,G1-B_aircraft-01,T008,1505.9694925601796,3350.508382715747,T006,158.08762043392517,U05,existing
P1456_2_3,G1,B_aircraft,G1-B_aircraft-01,T006,3508.596003149672,4698.226288886111,,,U05,existing
P1456_2_3,G1,B_aircraft,G1-B_aircraft-02,T015,0.0,1554.5713591276817,T011,5.000100000000202,U06,existing
P1456_2_3,G1,B_aircraft,G1-B_aircraft-02,T011,1559.571459127682,3503.5959031496714,,,U06,existing
P1456_2_3,G1,C_aircraft,G1-C_aircraft-01,T001,0.0,1561.4261775174655,,,U07,existing
P1456_2_3,G1,C_aircraft,G1-C_aircraft-02,T010_2,0.0,1433.035082877992,T003,5.000099999999975,U08,existing
P1456_2_3,G1,C_aircraft,G1-C_aircraft-02,T003,1438.035182877992,2867.4613603954576,,,U08,existing
P1456_2_3,G1,A_batteries,G1-A_batteries-01,T005,0.0,2178.7887122874713,,,A01,existing
P1456_2_3,G1,A_batteries,G1-A_batteries-02,T009,0.0,2207.8690163260853,,,A02,existing
P1456_2_3,G1,B_batteries,G1-B_batteries-01,T002_2,0.0,2956.647180248775,T006,551.9488229008971,B01,existing
P1456_2_3,G1,B_batteries,G1-B_batteries-01,T006,3508.596003149672,5831.667165848992,,,B01,existing
P1456_2_3,G1,B_batteries,G1-B_batteries-02,T015,0.0,3010.3575010505742,,,B02,existing
P1456_2_3,G1,B_batteries,G1-B_batteries-03,T008,1505.9694925601796,4939.170345795129,,,B03,existing
P1456_2_3,G1,B_batteries,G1-B_batteries-04,T011,1559.571459127682,5367.702780894794,,,B04,existing
P1456_2_3,G1,C_batteries,G1-C_batteries-01,T001,0.0,3150.0928537629516,,,C01,existing
P1456_2_3,G1,C_batteries,G1-C_batteries-02,T010_2,0.0,2880.8082760764496,,,C02,existing
P1456_2_3,G1,C_batteries,G1-C_batteries-03,T003,1438.035182877992,4385.641813543676,,,C03,existing
P1456_2_3,G1,relay_aircraft,G1-relay_aircraft-01,R004,96.18236555369045,3902.2114189986755,,,R01,existing
P1456_2_3,G1,relay_components,G1-relay_components-01,R004,96.18236555369045,4498.791383917484,,,RE01,existing
P1456_2_3,G2,A_aircraft,G2-A_aircraft-01,T004,2004.1116402878897,4285.571599124281,T022,5.000100000000202,U03,existing
P1456_2_3,G2,A_aircraft,G2-A_aircraft-01,T022,4290.571699124282,5982.106185363231,,,U03,existing
P1456_2_3,G2,B_aircraft,G2-B_aircraft-01,T013,3355.5084827157466,5313.549754202741,T021,0.00010000000111176632,NEW-B_aircraft-01,procurement_required
P1456_2_3,G2,B_aircraft,G2-B_aircraft-01,T021,5313.549854202742,7211.591125689736,,,NEW-B_aircraft-01,procurement_required
P1456_2_3,G2,C_aircraft,G2-C_aircraft-01,T012,1954.1116402878895,4069.193281566342,,,NEW-C_aircraft-01,procurement_required
P1456_2_3,G2,C_aircraft,G2-C_aircraft-02,T014_2,3155.0929537629518,5460.277018730793,,,NEW-C_aircraft-02,procurement_required
P1456_2_3,G2,A_batteries,G2-A_batteries-01,T004,2004.1116402878897,5653.515220902664,,,A03,existing
P1456_2_3,G2,A_batteries,G2-A_batteries-02,T022,4290.571699124282,7157.600692042686,,,A04,existing
P1456_2_3,G2,B_batteries,G2-B_batteries-01,T013,3355.5084827157466,7272.795381688331,,,NEW-B_batteries-01,procurement_required
P1456_2_3,G2,B_batteries,G2-B_batteries-02,T021,5313.549854202742,9078.773277607346,,,NEW-B_batteries-02,procurement_required
P1456_2_3,G2,C_batteries,G2-C_batteries-01,T012,1954.1116402878895,6561.858999018011,,,C04,existing
P1456_2_3,G2,C_batteries,G2-C_batteries-02,T014_2,3155.0929537629518,7966.52367812528,,,NEW-C_batteries-01,procurement_required
P1456_2_3,G2,relay_aircraft,G2-relay_aircraft-01,R003,2004.2977389089663,7744.455885352581,,,R02,existing
P1456_2_3,G2,relay_components,G2-relay_components-01,R003,2004.2977389089663,8588.743789022035,,,RE02,existing
P1456_2_3,G3,A_aircraft,G3-A_aircraft-01,T007_HARD,0.0,1712.4416357195464,T020,1974.6325642497181,U04,existing
P1456_2_3,G3,A_aircraft,G3-A_aircraft-01,T020,3687.0741999692646,5657.284046946083,,,U04,existing
P1456_2_3,G3,A_aircraft,G3-A_aircraft-02,T007_SOFT,0.0,1712.4416357195464,T007,1954.6325642497204,NEW-A_aircraft-01,procurement_required
P1456_2_3,G3,A_aircraft,G3-A_aircraft-02,T007,3667.074199969267,6275.115097078189,,,NEW-A_aircraft-01,procurement_required
P1456_2_3,G3,A_aircraft,G3-A_aircraft-03,T014_1,3769.074199969265,5464.83230463773,T016,5.000099999999293,NEW-A_aircraft-02,procurement_required
P1456_2_3,G3,A_aircraft,G3-A_aircraft-03,T016,5469.832404637729,7165.590509306194,,,NEW-A_aircraft-02,procurement_required
P1456_2_3,G3,B_aircraft,G3-B_aircraft-01,T019_1,5372.702880894794,6891.727225306649,,,NEW-B_aircraft-02,procurement_required
P1456_2_3,G3,C_aircraft,G3-C_aircraft-01,T018,4074.1933815663424,6761.824258936959,,,NEW-C_aircraft-03,procurement_required
P1456_2_3,G3,A_batteries,G3-A_batteries-01,T007_HARD,0.0,2761.062337358848,T014_1,1008.0118626104172,A05,existing
P1456_2_3,G3,A_batteries,G3-A_batteries-01,T014_1,3769.074199969265,6580.0266291174285,,,A05,existing
P1456_2_3,G3,A_batteries,G3-A_batteries-02,T007_SOFT,0.0,2779.9496716386757,T016,2689.8827329990536,A06,existing
P1456_2_3,G3,A_batteries,G3-A_batteries-02,T016,5469.832404637729,8301.566821462397,,,A06,existing
P1456_2_3,G3,A_batteries,G3-A_batteries-03,T007,3667.074199969267,7728.37856016178,,,NEW-A_batteries-01,procurement_required
P1456_2_3,G3,A_batteries,G3-A_batteries-04,T020,3687.0741999692646,6897.284697633159,,,NEW-A_batteries-02,procurement_required
P1456_2_3,G3,B_batteries,G3-B_batteries-01,T019_1,5372.702880894794,8356.40930924514,,,NEW-B_batteries-03,procurement_required
P1456_2_3,G3,C_batteries,G3-C_batteries-01,T018,4074.1933815663424,9324.985226007513,,,NEW-C_batteries-02,procurement_required
P1456_2_3,G3,relay_aircraft,G3-relay_aircraft-01,R001,190.137319029409,1999.297638856333,R002,1907.9138801423414,NEW-relay_aircraft-01,procurement_required
P1456_2_3,G3,relay_aircraft,G3-relay_aircraft-01,R002,3907.2115189986744,7516.130043494062,,,NEW-relay_aircraft-01,procurement_required
P1456_2_3,G3,relay_components,G3-relay_components-01,R001,190.137319029409,2344.3073253046314,R002,1562.904193694043,RE03,existing
P1456_2_3,G3,relay_components,G3-relay_components-01,R002,3907.2115189986744,8084.5472154177,,,RE03,existing
P145_26_3,G1,A_aircraft,G1-A_aircraft-01,T005,0.0,1312.470877312685,,,U01,existing
P145_26_3,G1,A_aircraft,G1-A_aircraft-02,T009,0.0,1316.0142144169886,,,U02,existing
P145_26_3,G1,B_aircraft,G1-B_aircraft-01,T002_2,0.0,1500.9693925601796,T008,5.000099999999975,U05,existing
P145_26_3,G1,B_aircraft,G1-B_aircraft-01,T008,1505.9694925601796,3350.508382715747,,,U05,existing
P145_26_3,G1,B_aircraft,G1-B_aircraft-02,T015,0.0,1554.5713591276817,T011,5.000100000000202,U06,existing
P145_26_3,G1,B_aircraft,G1-B_aircraft-02,T011,1559.571459127682,3503.5959031496714,,,U06,existing
P145_26_3,G1,C_aircraft,G1-C_aircraft-01,T001,0.0,1561.4261775174655,,,U07,existing
P145_26_3,G1,C_aircraft,G1-C_aircraft-02,T010_2,0.0,1433.035082877992,T003,5.000099999999975,U08,existing
P145_26_3,G1,C_aircraft,G1-C_aircraft-02,T003,1438.035182877992,2867.4613603954576,,,U08,existing
P145_26_3,G1,A_batteries,G1-A_batteries-01,T005,0.0,2178.7887122874713,,,A01,existing
P145_26_3,G1,A_batteries,G1-A_batteries-02,T009,0.0,2207.8690163260853,,,A02,existing
P145_26_3,G1,B_batteries,G1-B_batteries-01,T002_2,0.0,2956.647180248775,,,B01,existing
P145_26_3,G1,B_batteries,G1-B_batteries-02,T015,0.0,3010.3575010505742,,,B02,existing
P145_26_3,G1,B_batteries,G1-B_batteries-03,T008,1505.9694925601796,4939.170345795129,,,B03,existing
P145_26_3,G1,B_batteries,G1-B_batteries-04,T011,1559.571459127682,5367.702780894794,,,B04,existing
P145_26_3,G1,C_batteries,G1-C_batteries-01,T001,0.0,3150.0928537629516,,,C01,existing
P145_26_3,G1,C_batteries,G1-C_batteries-02,T010_2,0.0,2880.8082760764496,,,C02,existing
P145_26_3,G1,C_batteries,G1-C_batteries-03,T003,1438.035182877992,4385.641813543676,,,C03,existing
P145_26_3,G1,relay_aircraft,G1-relay_aircraft-01,R004,96.18236555369045,3902.2114189986755,,,R01,existing
P145_26_3,G1,relay_components,G1-relay_components-01,R004,96.18236555369045,4498.791383917484,,,RE01,existing
P145_26_3,G2,A_aircraft,G2-A_aircraft-01,T004,2004.1116402878897,4285.571599124281,T022,5.000100000000202,U03,existing
P145_26_3,G2,A_aircraft,G2-A_aircraft-01,T022,4290.571699124282,5982.106185363231,,,U03,existing
P145_26_3,G2,B_aircraft,G2-B_aircraft-01,T013,3355.5084827157466,5313.549754202741,,,NEW-B_aircraft-01,procurement_required
P145_26_3,G2,B_aircraft,G2-B_aircraft-02,T006,3508.596003149672,4698.226288886111,T021,615.3235653166303,NEW-B_aircraft-02,procurement_required
P145_26_3,G2,B_aircraft,G2-B_aircraft-02,T021,5313.549854202742,7211.591125689736,,,NEW-B_aircraft-02,procurement_required
P145_26_3,G2,C_aircraft,G2-C_aircraft-01,T012,1954.1116402878895,4069.193281566342,,,NEW-C_aircraft-01,procurement_required
P145_26_3,G2,C_aircraft,G2-C_aircraft-02,T014_2,3155.0929537629518,5460.277018730793,,,NEW-C_aircraft-02,procurement_required
P145_26_3,G2,A_batteries,G2-A_batteries-01,T004,2004.1116402878897,5653.515220902664,,,A03,existing
P145_26_3,G2,A_batteries,G2-A_batteries-02,T022,4290.571699124282,7157.600692042686,,,A04,existing
P145_26_3,G2,B_batteries,G2-B_batteries-01,T013,3355.5084827157466,7272.795381688331,,,NEW-B_batteries-01,procurement_required
P145_26_3,G2,B_batteries,G2-B_batteries-02,T006,3508.596003149672,5831.667165848992,,,NEW-B_batteries-02,procurement_required
P145_26_3,G2,B_batteries,G2-B_batteries-03,T021,5313.549854202742,9078.773277607346,,,NEW-B_batteries-03,procurement_required
P145_26_3,G2,C_batteries,G2-C_batteries-01,T012,1954.1116402878895,6561.858999018011,,,C04,existing
P145_26_3,G2,C_batteries,G2-C_batteries-02,T014_2,3155.0929537629518,7966.52367812528,,,NEW-C_batteries-01,procurement_required
P145_26_3,G2,relay_aircraft,G2-relay_aircraft-01,R003,2004.2977389089663,7744.455885352581,,,R02,existing
P145_26_3,G2,relay_components,G2-relay_components-01,R003,2004.2977389089663,8588.743789022035,,,RE02,existing
P145_26_3,G3,A_aircraft,G3-A_aircraft-01,T007_HARD,0.0,1712.4416357195464,T020,1974.6325642497181,U04,existing
P145_26_3,G3,A_aircraft,G3-A_aircraft-01,T020,3687.0741999692646,5657.284046946083,,,U04,existing
P145_26_3,G3,A_aircraft,G3-A_aircraft-02,T007_SOFT,0.0,1712.4416357195464,T007,1954.6325642497204,NEW-A_aircraft-01,procurement_required
P145_26_3,G3,A_aircraft,G3-A_aircraft-02,T007,3667.074199969267,6275.115097078189,,,NEW-A_aircraft-01,procurement_required
P145_26_3,G3,A_aircraft,G3-A_aircraft-03,T014_1,3769.074199969265,5464.83230463773,T016,5.000099999999293,NEW-A_aircraft-02,procurement_required
P145_26_3,G3,A_aircraft,G3-A_aircraft-03,T016,5469.832404637729,7165.590509306194,,,NEW-A_aircraft-02,procurement_required
P145_26_3,G3,B_aircraft,G3-B_aircraft-01,T019_1,5372.702880894794,6891.727225306649,,,NEW-B_aircraft-03,procurement_required
P145_26_3,G3,C_aircraft,G3-C_aircraft-01,T018,4074.1933815663424,6761.824258936959,,,NEW-C_aircraft-03,procurement_required
P145_26_3,G3,A_batteries,G3-A_batteries-01,T007_HARD,0.0,2761.062337358848,T014_1,1008.0118626104172,A05,existing
P145_26_3,G3,A_batteries,G3-A_batteries-01,T014_1,3769.074199969265,6580.0266291174285,,,A05,existing
P145_26_3,G3,A_batteries,G3-A_batteries-02,T007_SOFT,0.0,2779.9496716386757,T016,2689.8827329990536,A06,existing
P145_26_3,G3,A_batteries,G3-A_batteries-02,T016,5469.832404637729,8301.566821462397,,,A06,existing
P145_26_3,G3,A_batteries,G3-A_batteries-03,T007,3667.074199969267,7728.37856016178,,,NEW-A_batteries-01,procurement_required
P145_26_3,G3,A_batteries,G3-A_batteries-04,T020,3687.0741999692646,6897.284697633159,,,NEW-A_batteries-02,procurement_required
P145_26_3,G3,B_batteries,G3-B_batteries-01,T019_1,5372.702880894794,8356.40930924514,,,NEW-B_batteries-04,procurement_required
P145_26_3,G3,C_batteries,G3-C_batteries-01,T018,4074.1933815663424,9324.985226007513,,,NEW-C_batteries-02,procurement_required
P145_26_3,G3,relay_aircraft,G3-relay_aircraft-01,R001,190.137319029409,1999.297638856333,R002,1907.9138801423414,NEW-relay_aircraft-01,procurement_required
P145_26_3,G3,relay_aircraft,G3-relay_aircraft-01,R002,3907.2115189986744,7516.130043494062,,,NEW-relay_aircraft-01,procurement_required
P145_26_3,G3,relay_components,G3-relay_components-01,R001,190.137319029409,2344.3073253046314,R002,1562.904193694043,RE03,existing
P145_26_3,G3,relay_components,G3-relay_components-01,R002,3907.2115189986744,8084.5472154177,,,RE03,existing
P145_2_36,G1,A_aircraft,G1-A_aircraft-01,T005,0.0,1312.470877312685,,,U01,existing
P145_2_36,G1,A_aircraft,G1-A_aircraft-02,T009,0.0,1316.0142144169886,,,U02,existing
P145_2_36,G1,B_aircraft,G1-B_aircraft-01,T002_2,0.0,1500.9693925601796,T008,5.000099999999975,U05,existing
P145_2_36,G1,B_aircraft,G1-B_aircraft-01,T008,1505.9694925601796,3350.508382715747,,,U05,existing
P145_2_36,G1,B_aircraft,G1-B_aircraft-02,T015,0.0,1554.5713591276817,T011,5.000100000000202,U06,existing
P145_2_36,G1,B_aircraft,G1-B_aircraft-02,T011,1559.571459127682,3503.5959031496714,,,U06,existing
P145_2_36,G1,C_aircraft,G1-C_aircraft-01,T001,0.0,1561.4261775174655,,,U07,existing
P145_2_36,G1,C_aircraft,G1-C_aircraft-02,T010_2,0.0,1433.035082877992,T003,5.000099999999975,U08,existing
P145_2_36,G1,C_aircraft,G1-C_aircraft-02,T003,1438.035182877992,2867.4613603954576,,,U08,existing
P145_2_36,G1,A_batteries,G1-A_batteries-01,T005,0.0,2178.7887122874713,,,A01,existing
P145_2_36,G1,A_batteries,G1-A_batteries-02,T009,0.0,2207.8690163260853,,,A02,existing
P145_2_36,G1,B_batteries,G1-B_batteries-01,T002_2,0.0,2956.647180248775,,,B01,existing
P145_2_36,G1,B_batteries,G1-B_batteries-02,T015,0.0,3010.3575010505742,,,B02,existing
P145_2_36,G1,B_batteries,G1-B_batteries-03,T008,1505.9694925601796,4939.170345795129,,,B03,existing
P145_2_36,G1,B_batteries,G1-B_batteries-04,T011,1559.571459127682,5367.702780894794,,,B04,existing
P145_2_36,G1,C_batteries,G1-C_batteries-01,T001,0.0,3150.0928537629516,,,C01,existing
P145_2_36,G1,C_batteries,G1-C_batteries-02,T010_2,0.0,2880.8082760764496,,,C02,existing
P145_2_36,G1,C_batteries,G1-C_batteries-03,T003,1438.035182877992,4385.641813543676,,,C03,existing
P145_2_36,G1,relay_aircraft,G1-relay_aircraft-01,R004,96.18236555369045,3902.2114189986755,,,R01,existing
P145_2_36,G1,relay_components,G1-relay_components-01,R004,96.18236555369045,4498.791383917484,,,RE01,existing
P145_2_36,G2,A_aircraft,G2-A_aircraft-01,T004,2004.1116402878897,4285.571599124281,T022,5.000100000000202,U03,existing
P145_2_36,G2,A_aircraft,G2-A_aircraft-01,T022,4290.571699124282,5982.106185363231,,,U03,existing
P145_2_36,G2,B_aircraft,G2-B_aircraft-01,T013,3355.5084827157466,5313.549754202741,T021,0.00010000000111176632,NEW-B_aircraft-01,procurement_required
P145_2_36,G2,B_aircraft,G2-B_aircraft-01,T021,5313.549854202742,7211.591125689736,,,NEW-B_aircraft-01,procurement_required
P145_2_36,G2,C_aircraft,G2-C_aircraft-01,T012,1954.1116402878895,4069.193281566342,,,NEW-C_aircraft-01,procurement_required
P145_2_36,G2,C_aircraft,G2-C_aircraft-02,T014_2,3155.0929537629518,5460.277018730793,,,NEW-C_aircraft-02,procurement_required
P145_2_36,G2,A_batteries,G2-A_batteries-01,T004,2004.1116402878897,5653.515220902664,,,A03,existing
P145_2_36,G2,A_batteries,G2-A_batteries-02,T022,4290.571699124282,7157.600692042686,,,A04,existing
P145_2_36,G2,B_batteries,G2-B_batteries-01,T013,3355.5084827157466,7272.795381688331,,,NEW-B_batteries-01,procurement_required
P145_2_36,G2,B_batteries,G2-B_batteries-02,T021,5313.549854202742,9078.773277607346,,,NEW-B_batteries-02,procurement_required
P145_2_36,G2,C_batteries,G2-C_batteries-01,T012,1954.1116402878895,6561.858999018011,,,C04,existing
P145_2_36,G2,C_batteries,G2-C_batteries-02,T014_2,3155.0929537629518,7966.52367812528,,,NEW-C_batteries-01,procurement_required
P145_2_36,G2,relay_aircraft,G2-relay_aircraft-01,R003,2004.2977389089663,7744.455885352581,,,R02,existing
P145_2_36,G2,relay_components,G2-relay_components-01,R003,2004.2977389089663,8588.743789022035,,,RE02,existing
P145_2_36,G3,A_aircraft,G3-A_aircraft-01,T007_HARD,0.0,1712.4416357195464,T020,1974.6325642497181,U04,existing
P145_2_36,G3,A_aircraft,G3-A_aircraft-01,T020,3687.0741999692646,5657.284046946083,,,U04,existing
P145_2_36,G3,A_aircraft,G3-A_aircraft-02,T007_SOFT,0.0,1712.4416357195464,T007,1954.6325642497204,NEW-A_aircraft-01,procurement_required
P145_2_36,G3,A_aircraft,G3-A_aircraft-02,T007,3667.074199969267,6275.115097078189,,,NEW-A_aircraft-01,procurement_required
P145_2_36,G3,A_aircraft,G3-A_aircraft-03,T014_1,3769.074199969265,5464.83230463773,T016,5.000099999999293,NEW-A_aircraft-02,procurement_required
P145_2_36,G3,A_aircraft,G3-A_aircraft-03,T016,5469.832404637729,7165.590509306194,,,NEW-A_aircraft-02,procurement_required
P145_2_36,G3,B_aircraft,G3-B_aircraft-01,T006,3508.596003149672,4698.226288886111,T019_1,674.4765920086829,NEW-B_aircraft-02,procurement_required
P145_2_36,G3,B_aircraft,G3-B_aircraft-01,T019_1,5372.702880894794,6891.727225306649,,,NEW-B_aircraft-02,procurement_required
P145_2_36,G3,C_aircraft,G3-C_aircraft-01,T018,4074.1933815663424,6761.824258936959,,,NEW-C_aircraft-03,procurement_required
P145_2_36,G3,A_batteries,G3-A_batteries-01,T007_HARD,0.0,2761.062337358848,T014_1,1008.0118626104172,A05,existing
P145_2_36,G3,A_batteries,G3-A_batteries-01,T014_1,3769.074199969265,6580.0266291174285,,,A05,existing
P145_2_36,G3,A_batteries,G3-A_batteries-02,T007_SOFT,0.0,2779.9496716386757,T016,2689.8827329990536,A06,existing
P145_2_36,G3,A_batteries,G3-A_batteries-02,T016,5469.832404637729,8301.566821462397,,,A06,existing
P145_2_36,G3,A_batteries,G3-A_batteries-03,T007,3667.074199969267,7728.37856016178,,,NEW-A_batteries-01,procurement_required
P145_2_36,G3,A_batteries,G3-A_batteries-04,T020,3687.0741999692646,6897.284697633159,,,NEW-A_batteries-02,procurement_required
P145_2_36,G3,B_batteries,G3-B_batteries-01,T006,3508.596003149672,5831.667165848992,,,NEW-B_batteries-03,procurement_required
P145_2_36,G3,B_batteries,G3-B_batteries-02,T019_1,5372.702880894794,8356.40930924514,,,NEW-B_batteries-04,procurement_required
P145_2_36,G3,C_batteries,G3-C_batteries-01,T018,4074.1933815663424,9324.985226007513,,,NEW-C_batteries-02,procurement_required
P145_2_36,G3,relay_aircraft,G3-relay_aircraft-01,R001,190.137319029409,1999.297638856333,R002,1907.9138801423414,NEW-relay_aircraft-01,procurement_required
P145_2_36,G3,relay_aircraft,G3-relay_aircraft-01,R002,3907.2115189986744,7516.130043494062,,,NEW-relay_aircraft-01,procurement_required
P145_2_36,G3,relay_components,G3-relay_components-01,R001,190.137319029409,2344.3073253046314,R002,1562.904193694043,RE03,existing
P145_2_36,G3,relay_components,G3-relay_components-01,R002,3907.2115189986744,8084.5472154177,,,RE03,existing
P146_25_3,G1,A_aircraft,G1-A_aircraft-01,T005,0.0,1312.470877312685,,,U01,existing
P146_25_3,G1,A_aircraft,G1-A_aircraft-02,T009,0.0,1316.0142144169886,,,U02,existing
P146_25_3,G1,B_aircraft,G1-B_aircraft-01,T006,3508.596003149672,4698.226288886111,,,U05,existing
P146_25_3,G1,C_aircraft,G1-C_aircraft-01,T001,0.0,1561.4261775174655,,,U07,existing
P146_25_3,G1,C_aircraft,G1-C_aircraft-02,T010_2,0.0,1433.035082877992,T003,5.000099999999975,U08,existing
P146_25_3,G1,C_aircraft,G1-C_aircraft-02,T003,1438.035182877992,2867.4613603954576,,,U08,existing
P146_25_3,G1,A_batteries,G1-A_batteries-01,T005,0.0,2178.7887122874713,,,A01,existing
P146_25_3,G1,A_batteries,G1-A_batteries-02,T009,0.0,2207.8690163260853,,,A02,existing
P146_25_3,G1,B_batteries,G1-B_batteries-01,T006,3508.596003149672,5831.667165848992,,,B01,existing
P146_25_3,G1,C_batteries,G1-C_batteries-01,T001,0.0,3150.0928537629516,,,C01,existing
P146_25_3,G1,C_batteries,G1-C_batteries-02,T010_2,0.0,2880.8082760764496,,,C02,existing
P146_25_3,G1,C_batteries,G1-C_batteries-03,T003,1438.035182877992,4385.641813543676,,,C03,existing
P146_25_3,G2,A_aircraft,G2-A_aircraft-01,T004,2004.1116402878897,4285.571599124281,T022,5.000100000000202,U03,existing
P146_25_3,G2,A_aircraft,G2-A_aircraft-01,T022,4290.571699124282,5982.106185363231,,,U03,existing
P146_25_3,G2,B_aircraft,G2-B_aircraft-01,T002_2,0.0,1500.9693925601796,T008,5.000099999999975,U06,existing
P146_25_3,G2,B_aircraft,G2-B_aircraft-01,T008,1505.9694925601796,3350.508382715747,T013,5.0000999999997475,U06,existing
P146_25_3,G2,B_aircraft,G2-B_aircraft-01,T013,3355.5084827157466,5313.549754202741,,,U06,existing
P146_25_3,G2,B_aircraft,G2-B_aircraft-02,T015,0.0,1554.5713591276817,T011,5.000100000000202,NEW-B_aircraft-01,procurement_required
P146_25_3,G2,B_aircraft,G2-B_aircraft-02,T011,1559.571459127682,3503.5959031496714,T021,1809.9539510530703,NEW-B_aircraft-01,procurement_required
P146_25_3,G2,B_aircraft,G2-B_aircraft-02,T021,5313.549854202742,7211.591125689736,,,NEW-B_aircraft-01,procurement_required
P146_25_3,G2,C_aircraft,G2-C_aircraft-01,T012,1954.1116402878895,4069.193281566342,,,NEW-C_aircraft-01,procurement_required
P146_25_3,G2,C_aircraft,G2-C_aircraft-02,T014_2,3155.0929537629518,5460.277018730793,,,NEW-C_aircraft-02,procurement_required
P146_25_3,G2,A_batteries,G2-A_batteries-01,T004,2004.1116402878897,5653.515220902664,,,A03,existing
P146_25_3,G2,A_batteries,G2-A_batteries-02,T022,4290.571699124282,7157.600692042686,,,A04,existing
P146_25_3,G2,B_batteries,G2-B_batteries-01,T002_2,0.0,2956.647180248775,T013,398.86130246697167,B02,existing
P146_25_3,G2,B_batteries,G2-B_batteries-01,T013,3355.5084827157466,7272.795381688331,,,B02,existing
P146_25_3,G2,B_batteries,G2-B_batteries-02,T015,0.0,3010.3575010505742,T021,2303.1923531521675,B03,existing
P146_25_3,G2,B_batteries,G2-B_batteries-02,T021,5313.549854202742,9078.773277607346,,,B03,existing
P146_25_3,G2,B_batteries,G2-B_batteries-03,T008,1505.9694925601796,4939.170345795129,,,B04,existing
P146_25_3,G2,B_batteries,G2-B_batteries-04,T011,1559.571459127682,5367.702780894794,,,NEW-B_batteries-01,procurement_required
P146_25_3,G2,C_batteries,G2-C_batteries-01,T012,1954.1116402878895,6561.858999018011,,,C04,existing
P146_25_3,G2,C_batteries,G2-C_batteries-02,T014_2,3155.0929537629518,7966.52367812528,,,NEW-C_batteries-01,procurement_required
P146_25_3,G2,relay_aircraft,G2-relay_aircraft-01,R004,96.18236555369045,3902.2114189986755,,,R01,existing
P146_25_3,G2,relay_aircraft,G2-relay_aircraft-02,R003,2004.2977389089663,7744.455885352581,,,R02,existing
P146_25_3,G2,relay_components,G2-relay_components-01,R004,96.18236555369045,4498.791383917484,,,RE01,existing
P146_25_3,G2,relay_components,G2-relay_components-02,R003,2004.2977389089663,8588.743789022035,,,RE02,existing
P146_25_3,G3,A_aircraft,G3-A_aircraft-01,T007_HARD,0.0,1712.4416357195464,T020,1974.6325642497181,U04,existing
P146_25_3,G3,A_aircraft,G3-A_aircraft-01,T020,3687.0741999692646,5657.284046946083,,,U04,existing
P146_25_3,G3,A_aircraft,G3-A_aircraft-02,T007_SOFT,0.0,1712.4416357195464,T007,1954.6325642497204,NEW-A_aircraft-01,procurement_required
P146_25_3,G3,A_aircraft,G3-A_aircraft-02,T007,3667.074199969267,6275.115097078189,,,NEW-A_aircraft-01,procurement_required
P146_25_3,G3,A_aircraft,G3-A_aircraft-03,T014_1,3769.074199969265,5464.83230463773,T016,5.000099999999293,NEW-A_aircraft-02,procurement_required
P146_25_3,G3,A_aircraft,G3-A_aircraft-03,T016,5469.832404637729,7165.590509306194,,,NEW-A_aircraft-02,procurement_required
P146_25_3,G3,B_aircraft,G3-B_aircraft-01,T019_1,5372.702880894794,6891.727225306649,,,NEW-B_aircraft-02,procurement_required
P146_25_3,G3,C_aircraft,G3-C_aircraft-01,T018,4074.1933815663424,6761.824258936959,,,NEW-C_aircraft-03,procurement_required
P146_25_3,G3,A_batteries,G3-A_batteries-01,T007_HARD,0.0,2761.062337358848,T014_1,1008.0118626104172,A05,existing
P146_25_3,G3,A_batteries,G3-A_batteries-01,T014_1,3769.074199969265,6580.0266291174285,,,A05,existing
P146_25_3,G3,A_batteries,G3-A_batteries-02,T007_SOFT,0.0,2779.9496716386757,T016,2689.8827329990536,A06,existing
P146_25_3,G3,A_batteries,G3-A_batteries-02,T016,5469.832404637729,8301.566821462397,,,A06,existing
P146_25_3,G3,A_batteries,G3-A_batteries-03,T007,3667.074199969267,7728.37856016178,,,NEW-A_batteries-01,procurement_required
P146_25_3,G3,A_batteries,G3-A_batteries-04,T020,3687.0741999692646,6897.284697633159,,,NEW-A_batteries-02,procurement_required
P146_25_3,G3,B_batteries,G3-B_batteries-01,T019_1,5372.702880894794,8356.40930924514,,,NEW-B_batteries-02,procurement_required
P146_25_3,G3,C_batteries,G3-C_batteries-01,T018,4074.1933815663424,9324.985226007513,,,NEW-C_batteries-02,procurement_required
P146_25_3,G3,relay_aircraft,G3-relay_aircraft-01,R001,190.137319029409,1999.297638856333,R002,1907.9138801423414,NEW-relay_aircraft-01,procurement_required
P146_25_3,G3,relay_aircraft,G3-relay_aircraft-01,R002,3907.2115189986744,7516.130043494062,,,NEW-relay_aircraft-01,procurement_required
P146_25_3,G3,relay_components,G3-relay_components-01,R001,190.137319029409,2344.3073253046314,R002,1562.904193694043,RE03,existing
P146_25_3,G3,relay_components,G3-relay_components-01,R002,3907.2115189986744,8084.5472154177,,,RE03,existing
P14_256_3,G1,A_aircraft,G1-A_aircraft-01,T005,0.0,1312.470877312685,,,U01,existing
P14_256_3,G1,A_aircraft,G1-A_aircraft-02,T009,0.0,1316.0142144169886,,,U02,existing
P14_256_3,G1,C_aircraft,G1-C_aircraft-01,T001,0.0,1561.4261775174655,,,U07,existing
P14_256_3,G1,C_aircraft,G1-C_aircraft-02,T010_2,0.0,1433.035082877992,T003,5.000099999999975,U08,existing
P14_256_3,G1,C_aircraft,G1-C_aircraft-02,T003,1438.035182877992,2867.4613603954576,,,U08,existing
P14_256_3,G1,A_batteries,G1-A_batteries-01,T005,0.0,2178.7887122874713,,,A01,existing
P14_256_3,G1,A_batteries,G1-A_batteries-02,T009,0.0,2207.8690163260853,,,A02,existing
P14_256_3,G1,C_batteries,G1-C_batteries-01,T001,0.0,3150.0928537629516,,,C01,existing
P14_256_3,G1,C_batteries,G1-C_batteries-02,T010_2,0.0,2880.8082760764496,,,C02,existing
P14_256_3,G1,C_batteries,G1-C_batteries-03,T003,1438.035182877992,4385.641813543676,,,C03,existing
P14_256_3,G2,A_aircraft,G2-A_aircraft-01,T004,2004.1116402878897,4285.571599124281,T022,5.000100000000202,U03,existing
P14_256_3,G2,A_aircraft,G2-A_aircraft-01,T022,4290.571699124282,5982.106185363231,,,U03,existing
P14_256_3,G2,B_aircraft,G2-B_aircraft-01,T002_2,0.0,1500.9693925601796,T008,5.000099999999975,U05,existing
P14_256_3,G2,B_aircraft,G2-B_aircraft-01,T008,1505.9694925601796,3350.508382715747,T013,5.0000999999997475,U05,existing
P14_256_3,G2,B_aircraft,G2-B_aircraft-01,T013,3355.5084827157466,5313.549754202741,,,U05,existing
P14_256_3,G2,B_aircraft,G2-B_aircraft-02,T015,0.0,1554.5713591276817,T011,5.000100000000202,U06,existing
P14_256_3,G2,B_aircraft,G2-B_aircraft-02,T011,1559.571459127682,3503.5959031496714,T006,5.000100000000657,U06,existing
P14_256_3,G2,B_aircraft,G2-B_aircraft-02,T006,3508.596003149672,4698.226288886111,T021,615.3235653166303,U06,existing
P14_256_3,G2,B_aircraft,G2-B_aircraft-02,T021,5313.549854202742,7211.591125689736,,,U06,existing
P14_256_3,G2,C_aircraft,G2-C_aircraft-01,T012,1954.1116402878895,4069.193281566342,,,NEW-C_aircraft-01,procurement_required
P14_256_3,G2,C_aircraft,G2-C_aircraft-02,T014_2,3155.0929537629518,5460.277018730793,,,NEW-C_aircraft-02,procurement_required
P14_256_3,G2,A_batteries,G2-A_batteries-01,T004,2004.1116402878897,5653.515220902664,,,A03,existing
P14_256_3,G2,A_batteries,G2-A_batteries-02,T022,4290.571699124282,7157.600692042686,,,A04,existing
P14_256_3,G2,B_batteries,G2-B_batteries-01,T002_2,0.0,2956.647180248775,T013,398.86130246697167,B01,existing
P14_256_3,G2,B_batteries,G2-B_batteries-01,T013,3355.5084827157466,7272.795381688331,,,B01,existing
P14_256_3,G2,B_batteries,G2-B_batteries-02,T015,0.0,3010.3575010505742,T006,498.2385020990978,B02,existing
P14_256_3,G2,B_batteries,G2-B_batteries-02,T006,3508.596003149672,5831.667165848992,,,B02,existing
P14_256_3,G2,B_batteries,G2-B_batteries-03,T008,1505.9694925601796,4939.170345795129,T021,374.3795084076128,B03,existing
P14_256_3,G2,B_batteries,G2-B_batteries-03,T021,5313.549854202742,9078.773277607346,,,B03,existing
P14_256_3,G2,B_batteries,G2-B_batteries-04,T011,1559.571459127682,5367.702780894794,,,B04,existing
P14_256_3,G2,C_batteries,G2-C_batteries-01,T012,1954.1116402878895,6561.858999018011,,,C04,existing
P14_256_3,G2,C_batteries,G2-C_batteries-02,T014_2,3155.0929537629518,7966.52367812528,,,NEW-C_batteries-01,procurement_required
P14_256_3,G2,relay_aircraft,G2-relay_aircraft-01,R004,96.18236555369045,3902.2114189986755,,,R01,existing
P14_256_3,G2,relay_aircraft,G2-relay_aircraft-02,R003,2004.2977389089663,7744.455885352581,,,R02,existing
P14_256_3,G2,relay_components,G2-relay_components-01,R004,96.18236555369045,4498.791383917484,,,RE01,existing
P14_256_3,G2,relay_components,G2-relay_components-02,R003,2004.2977389089663,8588.743789022035,,,RE02,existing
P14_256_3,G3,A_aircraft,G3-A_aircraft-01,T007_HARD,0.0,1712.4416357195464,T020,1974.6325642497181,U04,existing
P14_256_3,G3,A_aircraft,G3-A_aircraft-01,T020,3687.0741999692646,5657.284046946083,,,U04,existing
P14_256_3,G3,A_aircraft,G3-A_aircraft-02,T007_SOFT,0.0,1712.4416357195464,T007,1954.6325642497204,NEW-A_aircraft-01,procurement_required
P14_256_3,G3,A_aircraft,G3-A_aircraft-02,T007,3667.074199969267,6275.115097078189,,,NEW-A_aircraft-01,procurement_required
P14_256_3,G3,A_aircraft,G3-A_aircraft-03,T014_1,3769.074199969265,5464.83230463773,T016,5.000099999999293,NEW-A_aircraft-02,procurement_required
P14_256_3,G3,A_aircraft,G3-A_aircraft-03,T016,5469.832404637729,7165.590509306194,,,NEW-A_aircraft-02,procurement_required
P14_256_3,G3,B_aircraft,G3-B_aircraft-01,T019_1,5372.702880894794,6891.727225306649,,,NEW-B_aircraft-01,procurement_required
P14_256_3,G3,C_aircraft,G3-C_aircraft-01,T018,4074.1933815663424,6761.824258936959,,,NEW-C_aircraft-03,procurement_required
P14_256_3,G3,A_batteries,G3-A_batteries-01,T007_HARD,0.0,2761.062337358848,T014_1,1008.0118626104172,A05,existing
P14_256_3,G3,A_batteries,G3-A_batteries-01,T014_1,3769.074199969265,6580.0266291174285,,,A05,existing
P14_256_3,G3,A_batteries,G3-A_batteries-02,T007_SOFT,0.0,2779.9496716386757,T016,2689.8827329990536,A06,existing
P14_256_3,G3,A_batteries,G3-A_batteries-02,T016,5469.832404637729,8301.566821462397,,,A06,existing
P14_256_3,G3,A_batteries,G3-A_batteries-03,T007,3667.074199969267,7728.37856016178,,,NEW-A_batteries-01,procurement_required
P14_256_3,G3,A_batteries,G3-A_batteries-04,T020,3687.0741999692646,6897.284697633159,,,NEW-A_batteries-02,procurement_required
P14_256_3,G3,B_batteries,G3-B_batteries-01,T019_1,5372.702880894794,8356.40930924514,,,NEW-B_batteries-01,procurement_required
P14_256_3,G3,C_batteries,G3-C_batteries-01,T018,4074.1933815663424,9324.985226007513,,,NEW-C_batteries-02,procurement_required
P14_256_3,G3,relay_aircraft,G3-relay_aircraft-01,R001,190.137319029409,1999.297638856333,R002,1907.9138801423414,NEW-relay_aircraft-01,procurement_required
P14_256_3,G3,relay_aircraft,G3-relay_aircraft-01,R002,3907.2115189986744,7516.130043494062,,,NEW-relay_aircraft-01,procurement_required
P14_256_3,G3,relay_components,G3-relay_components-01,R001,190.137319029409,2344.3073253046314,R002,1562.904193694043,RE03,existing
P14_256_3,G3,relay_components,G3-relay_components-01,R002,3907.2115189986744,8084.5472154177,,,RE03,existing
P14_25_36,G1,A_aircraft,G1-A_aircraft-01,T005,0.0,1312.470877312685,,,U01,existing
P14_25_36,G1,A_aircraft,G1-A_aircraft-02,T009,0.0,1316.0142144169886,,,U02,existing
P14_25_36,G1,C_aircraft,G1-C_aircraft-01,T001,0.0,1561.4261775174655,,,U07,existing
P14_25_36,G1,C_aircraft,G1-C_aircraft-02,T010_2,0.0,1433.035082877992,T003,5.000099999999975,U08,existing
P14_25_36,G1,C_aircraft,G1-C_aircraft-02,T003,1438.035182877992,2867.4613603954576,,,U08,existing
P14_25_36,G1,A_batteries,G1-A_batteries-01,T005,0.0,2178.7887122874713,,,A01,existing
P14_25_36,G1,A_batteries,G1-A_batteries-02,T009,0.0,2207.8690163260853,,,A02,existing
P14_25_36,G1,C_batteries,G1-C_batteries-01,T001,0.0,3150.0928537629516,,,C01,existing
P14_25_36,G1,C_batteries,G1-C_batteries-02,T010_2,0.0,2880.8082760764496,,,C02,existing
P14_25_36,G1,C_batteries,G1-C_batteries-03,T003,1438.035182877992,4385.641813543676,,,C03,existing
P14_25_36,G2,A_aircraft,G2-A_aircraft-01,T004,2004.1116402878897,4285.571599124281,T022,5.000100000000202,U03,existing
P14_25_36,G2,A_aircraft,G2-A_aircraft-01,T022,4290.571699124282,5982.106185363231,,,U03,existing
P14_25_36,G2,B_aircraft,G2-B_aircraft-01,T002_2,0.0,1500.9693925601796,T008,5.000099999999975,U05,existing
P14_25_36,G2,B_aircraft,G2-B_aircraft-01,T008,1505.9694925601796,3350.508382715747,T013,5.0000999999997475,U05,existing
P14_25_36,G2,B_aircraft,G2-B_aircraft-01,T013,3355.5084827157466,5313.549754202741,,,U05,existing
P14_25_36,G2,B_aircraft,G2-B_aircraft-02,T015,0.0,1554.5713591276817,T011,5.000100000000202,U06,existing
P14_25_36,G2,B_aircraft,G2-B_aircraft-02,T011,1559.571459127682,3503.5959031496714,T021,1809.9539510530703,U06,existing
P14_25_36,G2,B_aircraft,G2-B_aircraft-02,T021,5313.549854202742,7211.591125689736,,,U06,existing
P14_25_36,G2,C_aircraft,G2-C_aircraft-01,T012,1954.1116402878895,4069.193281566342,,,NEW-C_aircraft-01,procurement_required
P14_25_36,G2,C_aircraft,G2-C_aircraft-02,T014_2,3155.0929537629518,5460.277018730793,,,NEW-C_aircraft-02,procurement_required
P14_25_36,G2,A_batteries,G2-A_batteries-01,T004,2004.1116402878897,5653.515220902664,,,A03,existing
P14_25_36,G2,A_batteries,G2-A_batteries-02,T022,4290.571699124282,7157.600692042686,,,A04,existing
P14_25_36,G2,B_batteries,G2-B_batteries-01,T002_2,0.0,2956.647180248775,T013,398.86130246697167,B01,existing
P14_25_36,G2,B_batteries,G2-B_batteries-01,T013,3355.5084827157466,7272.795381688331,,,B01,existing
P14_25_36,G2,B_batteries,G2-B_batteries-02,T015,0.0,3010.3575010505742,T021,2303.1923531521675,B02,existing
P14_25_36,G2,B_batteries,G2-B_batteries-02,T021,5313.549854202742,9078.773277607346,,,B02,existing
P14_25_36,G2,B_batteries,G2-B_batteries-03,T008,1505.9694925601796,4939.170345795129,,,B03,existing
P14_25_36,G2,B_batteries,G2-B_batteries-04,T011,1559.571459127682,5367.702780894794,,,B04,existing
P14_25_36,G2,C_batteries,G2-C_batteries-01,T012,1954.1116402878895,6561.858999018011,,,C04,existing
P14_25_36,G2,C_batteries,G2-C_batteries-02,T014_2,3155.0929537629518,7966.52367812528,,,NEW-C_batteries-01,procurement_required
P14_25_36,G2,relay_aircraft,G2-relay_aircraft-01,R004,96.18236555369045,3902.2114189986755,,,R01,existing
P14_25_36,G2,relay_aircraft,G2-relay_aircraft-02,R003,2004.2977389089663,7744.455885352581,,,R02,existing
P14_25_36,G2,relay_components,G2-relay_components-01,R004,96.18236555369045,4498.791383917484,,,RE01,existing
P14_25_36,G2,relay_components,G2-relay_components-02,R003,2004.2977389089663,8588.743789022035,,,RE02,existing
P14_25_36,G3,A_aircraft,G3-A_aircraft-01,T007_HARD,0.0,1712.4416357195464,T020,1974.6325642497181,U04,existing
P14_25_36,G3,A_aircraft,G3-A_aircraft-01,T020,3687.0741999692646,5657.284046946083,,,U04,existing
P14_25_36,G3,A_aircraft,G3-A_aircraft-02,T007_SOFT,0.0,1712.4416357195464,T007,1954.6325642497204,NEW-A_aircraft-01,procurement_required
P14_25_36,G3,A_aircraft,G3-A_aircraft-02,T007,3667.074199969267,6275.115097078189,,,NEW-A_aircraft-01,procurement_required
P14_25_36,G3,A_aircraft,G3-A_aircraft-03,T014_1,3769.074199969265,5464.83230463773,T016,5.000099999999293,NEW-A_aircraft-02,procurement_required
P14_25_36,G3,A_aircraft,G3-A_aircraft-03,T016,5469.832404637729,7165.590509306194,,,NEW-A_aircraft-02,procurement_required
P14_25_36,G3,B_aircraft,G3-B_aircraft-01,T006,3508.596003149672,4698.226288886111,T019_1,674.4765920086829,NEW-B_aircraft-01,procurement_required
P14_25_36,G3,B_aircraft,G3-B_aircraft-01,T019_1,5372.702880894794,6891.727225306649,,,NEW-B_aircraft-01,procurement_required
P14_25_36,G3,C_aircraft,G3-C_aircraft-01,T018,4074.1933815663424,6761.824258936959,,,NEW-C_aircraft-03,procurement_required
P14_25_36,G3,A_batteries,G3-A_batteries-01,T007_HARD,0.0,2761.062337358848,T014_1,1008.0118626104172,A05,existing
P14_25_36,G3,A_batteries,G3-A_batteries-01,T014_1,3769.074199969265,6580.0266291174285,,,A05,existing
P14_25_36,G3,A_batteries,G3-A_batteries-02,T007_SOFT,0.0,2779.9496716386757,T016,2689.8827329990536,A06,existing
P14_25_36,G3,A_batteries,G3-A_batteries-02,T016,5469.832404637729,8301.566821462397,,,A06,existing
P14_25_36,G3,A_batteries,G3-A_batteries-03,T007,3667.074199969267,7728.37856016178,,,NEW-A_batteries-01,procurement_required
P14_25_36,G3,A_batteries,G3-A_batteries-04,T020,3687.0741999692646,6897.284697633159,,,NEW-A_batteries-02,procurement_required
P14_25_36,G3,B_batteries,G3-B_batteries-01,T006,3508.596003149672,5831.667165848992,,,NEW-B_batteries-01,procurement_required
P14_25_36,G3,B_batteries,G3-B_batteries-02,T019_1,5372.702880894794,8356.40930924514,,,NEW-B_batteries-02,procurement_required
P14_25_36,G3,C_batteries,G3-C_batteries-01,T018,4074.1933815663424,9324.985226007513,,,NEW-C_batteries-02,procurement_required
P14_25_36,G3,relay_aircraft,G3-relay_aircraft-01,R001,190.137319029409,1999.297638856333,R002,1907.9138801423414,NEW-relay_aircraft-01,procurement_required
P14_25_36,G3,relay_aircraft,G3-relay_aircraft-01,R002,3907.2115189986744,7516.130043494062,,,NEW-relay_aircraft-01,procurement_required
P14_25_36,G3,relay_components,G3-relay_components-01,R001,190.137319029409,2344.3073253046314,R002,1562.904193694043,RE03,existing
P14_25_36,G3,relay_components,G3-relay_components-01,R002,3907.2115189986744,8084.5472154177,,,RE03,existing
P146_2_35,G1,A_aircraft,G1-A_aircraft-01,T005,0.0,1312.470877312685,,,U01,existing
P146_2_35,G1,A_aircraft,G1-A_aircraft-02,T009,0.0,1316.0142144169886,,,U02,existing
P146_2_35,G1,B_aircraft,G1-B_aircraft-01,T006,3508.596003149672,4698.226288886111,,,U05,existing
P146_2_35,G1,C_aircraft,G1-C_aircraft-01,T001,0.0,1561.4261775174655,,,U07,existing
P146_2_35,G1,C_aircraft,G1-C_aircraft-02,T010_2,0.0,1433.035082877992,T003,5.000099999999975,U08,existing
P146_2_35,G1,C_aircraft,G1-C_aircraft-02,T003,1438.035182877992,2867.4613603954576,,,U08,existing
P146_2_35,G1,A_batteries,G1-A_batteries-01,T005,0.0,2178.7887122874713,,,A01,existing
P146_2_35,G1,A_batteries,G1-A_batteries-02,T009,0.0,2207.8690163260853,,,A02,existing
P146_2_35,G1,B_batteries,G1-B_batteries-01,T006,3508.596003149672,5831.667165848992,,,B01,existing
P146_2_35,G1,C_batteries,G1-C_batteries-01,T001,0.0,3150.0928537629516,,,C01,existing
P146_2_35,G1,C_batteries,G1-C_batteries-02,T010_2,0.0,2880.8082760764496,,,C02,existing
P146_2_35,G1,C_batteries,G1-C_batteries-03,T003,1438.035182877992,4385.641813543676,,,C03,existing
P146_2_35,G2,A_aircraft,G2-A_aircraft-01,T004,2004.1116402878897,4285.571599124281,T022,5.000100000000202,U03,existing
P146_2_35,G2,A_aircraft,G2-A_aircraft-01,T022,4290.571699124282,5982.106185363231,,,U03,existing
P146_2_35,G2,B_aircraft,G2-B_aircraft-01,T013,3355.5084827157466,5313.549754202741,T021,0.00010000000111176632,U06,existing
P146_2_35,G2,B_aircraft,G2-B_aircraft-01,T021,5313.549854202742,7211.591125689736,,,U06,existing
P146_2_35,G2,C_aircraft,G2-C_aircraft-01,T012,1954.1116402878895,4069.193281566342,,,NEW-C_aircraft-01,procurement_required
P146_2_35,G2,C_aircraft,G2-C_aircraft-02,T014_2,3155.0929537629518,5460.277018730793,,,NEW-C_aircraft-02,procurement_required
P146_2_35,G2,A_batteries,G2-A_batteries-01,T004,2004.1116402878897,5653.515220902664,,,A03,existing
P146_2_35,G2,A_batteries,G2-A_batteries-02,T022,4290.571699124282,7157.600692042686,,,A04,existing
P146_2_35,G2,B_batteries,G2-B_batteries-01,T013,3355.5084827157466,7272.795381688331,,,B02,existing
P146_2_35,G2,B_batteries,G2-B_batteries-02,T021,5313.549854202742,9078.773277607346,,,B03,existing
P146_2_35,G2,C_batteries,G2-C_batteries-01,T012,1954.1116402878895,6561.858999018011,,,C04,existing
P146_2_35,G2,C_batteries,G2-C_batteries-02,T014_2,3155.0929537629518,7966.52367812528,,,NEW-C_batteries-01,procurement_required
P146_2_35,G2,relay_aircraft,G2-relay_aircraft-01,R003,2004.2977389089663,7744.455885352581,,,R01,existing
P146_2_35,G2,relay_components,G2-relay_components-01,R003,2004.2977389089663,8588.743789022035,,,RE01,existing
P146_2_35,G3,A_aircraft,G3-A_aircraft-01,T007_HARD,0.0,1712.4416357195464,T020,1974.6325642497181,U04,existing
P146_2_35,G3,A_aircraft,G3-A_aircraft-01,T020,3687.0741999692646,5657.284046946083,,,U04,existing
P146_2_35,G3,A_aircraft,G3-A_aircraft-02,T007_SOFT,0.0,1712.4416357195464,T007,1954.6325642497204,NEW-A_aircraft-01,procurement_required
P146_2_35,G3,A_aircraft,G3-A_aircraft-02,T007,3667.074199969267,6275.115097078189,,,NEW-A_aircraft-01,procurement_required
P146_2_35,G3,A_aircraft,G3-A_aircraft-03,T014_1,3769.074199969265,5464.83230463773,T016,5.000099999999293,NEW-A_aircraft-02,procurement_required
P146_2_35,G3,A_aircraft,G3-A_aircraft-03,T016,5469.832404637729,7165.590509306194,,,NEW-A_aircraft-02,procurement_required
P146_2_35,G3,B_aircraft,G3-B_aircraft-01,T002_2,0.0,1500.9693925601796,T008,5.000099999999975,NEW-B_aircraft-01,procurement_required
P146_2_35,G3,B_aircraft,G3-B_aircraft-01,T008,1505.9694925601796,3350.508382715747,T019_1,2022.1944981790475,NEW-B_aircraft-01,procurement_required
P146_2_35,G3,B_aircraft,G3-B_aircraft-01,T019_1,5372.702880894794,6891.727225306649,,,NEW-B_aircraft-01,procurement_required
P146_2_35,G3,B_aircraft,G3-B_aircraft-02,T015,0.0,1554.5713591276817,T011,5.000100000000202,NEW-B_aircraft-02,procurement_required
P146_2_35,G3,B_aircraft,G3-B_aircraft-02,T011,1559.571459127682,3503.5959031496714,,,NEW-B_aircraft-02,procurement_required
P146_2_35,G3,C_aircraft,G3-C_aircraft-01,T018,4074.1933815663424,6761.824258936959,,,NEW-C_aircraft-03,procurement_required
P146_2_35,G3,A_batteries,G3-A_batteries-01,T007_HARD,0.0,2761.062337358848,T014_1,1008.0118626104172,A05,existing
P146_2_35,G3,A_batteries,G3-A_batteries-01,T014_1,3769.074199969265,6580.0266291174285,,,A05,existing
P146_2_35,G3,A_batteries,G3-A_batteries-02,T007_SOFT,0.0,2779.9496716386757,T016,2689.8827329990536,A06,existing
P146_2_35,G3,A_batteries,G3-A_batteries-02,T016,5469.832404637729,8301.566821462397,,,A06,existing
P146_2_35,G3,A_batteries,G3-A_batteries-03,T007,3667.074199969267,7728.37856016178,,,NEW-A_batteries-01,procurement_required
P146_2_35,G3,A_batteries,G3-A_batteries-04,T020,3687.0741999692646,6897.284697633159,,,NEW-A_batteries-02,procurement_required
P146_2_35,G3,B_batteries,G3-B_batteries-01,T002_2,0.0,2956.647180248775,T019_1,2416.0557006460194,B04,existing
P146_2_35,G3,B_batteries,G3-B_batteries-01,T019_1,5372.702880894794,8356.40930924514,,,B04,existing
P146_2_35,G3,B_batteries,G3-B_batteries-02,T015,0.0,3010.3575010505742,,,NEW-B_batteries-01,procurement_required
P146_2_35,G3,B_batteries,G3-B_batteries-03,T008,1505.9694925601796,4939.170345795129,,,NEW-B_batteries-02,procurement_required
P146_2_35,G3,B_batteries,G3-B_batteries-04,T011,1559.571459127682,5367.702780894794,,,NEW-B_batteries-03,procurement_required
P146_2_35,G3,C_batteries,G3-C_batteries-01,T018,4074.1933815663424,9324.985226007513,,,NEW-C_batteries-02,procurement_required
P146_2_35,G3,relay_aircraft,G3-relay_aircraft-01,R004,96.18236555369045,3902.2114189986755,,,R02,existing
P146_2_35,G3,relay_aircraft,G3-relay_aircraft-02,R001,190.137319029409,1999.297638856333,R002,1907.9138801423414,NEW-relay_aircraft-01,procurement_required
P146_2_35,G3,relay_aircraft,G3-relay_aircraft-02,R002,3907.2115189986744,7516.130043494062,,,NEW-relay_aircraft-01,procurement_required
P146_2_35,G3,relay_components,G3-relay_components-01,R004,96.18236555369045,4498.791383917484,,,RE02,existing
P146_2_35,G3,relay_components,G3-relay_components-02,R001,190.137319029409,2344.3073253046314,R002,1562.904193694043,RE03,existing
P146_2_35,G3,relay_components,G3-relay_components-02,R002,3907.2115189986744,8084.5472154177,,,RE03,existing
P14_26_35,G1,A_aircraft,G1-A_aircraft-01,T005,0.0,1312.470877312685,,,U01,existing
P14_26_35,G1,A_aircraft,G1-A_aircraft-02,T009,0.0,1316.0142144169886,,,U02,existing
P14_26_35,G1,C_aircraft,G1-C_aircraft-01,T001,0.0,1561.4261775174655,,,U07,existing
P14_26_35,G1,C_aircraft,G1-C_aircraft-02,T010_2,0.0,1433.035082877992,T003,5.000099999999975,U08,existing
P14_26_35,G1,C_aircraft,G1-C_aircraft-02,T003,1438.035182877992,2867.4613603954576,,,U08,existing
P14_26_35,G1,A_batteries,G1-A_batteries-01,T005,0.0,2178.7887122874713,,,A01,existing
P14_26_35,G1,A_batteries,G1-A_batteries-02,T009,0.0,2207.8690163260853,,,A02,existing
P14_26_35,G1,C_batteries,G1-C_batteries-01,T001,0.0,3150.0928537629516,,,C01,existing
P14_26_35,G1,C_batteries,G1-C_batteries-02,T010_2,0.0,2880.8082760764496,,,C02,existing
P14_26_35,G1,C_batteries,G1-C_batteries-03,T003,1438.035182877992,4385.641813543676,,,C03,existing
P14_26_35,G2,A_aircraft,G2-A_aircraft-01,T004,2004.1116402878897,4285.571599124281,T022,5.000100000000202,U03,existing
P14_26_35,G2,A_aircraft,G2-A_aircraft-01,T022,4290.571699124282,5982.106185363231,,,U03,existing
P14_26_35,G2,B_aircraft,G2-B_aircraft-01,T013,3355.5084827157466,5313.549754202741,,,U05,existing
P14_26_35,G2,B_aircraft,G2-B_aircraft-02,T006,3508.596003149672,4698.226288886111,T021,615.3235653166303,U06,existing
P14_26_35,G2,B_aircraft,G2-B_aircraft-02,T021,5313.549854202742,7211.591125689736,,,U06,existing
P14_26_35,G2,C_aircraft,G2-C_aircraft-01,T012,1954.1116402878895,4069.193281566342,,,NEW-C_aircraft-01,procurement_required
P14_26_35,G2,C_aircraft,G2-C_aircraft-02,T014_2,3155.0929537629518,5460.277018730793,,,NEW-C_aircraft-02,procurement_required
P14_26_35,G2,A_batteries,G2-A_batteries-01,T004,2004.1116402878897,5653.515220902664,,,A03,existing
P14_26_35,G2,A_batteries,G2-A_batteries-02,T022,4290.571699124282,7157.600692042686,,,A04,existing
P14_26_35,G2,B_batteries,G2-B_batteries-01,T013,3355.5084827157466,7272.795381688331,,,B01,existing
P14_26_35,G2,B_batteries,G2-B_batteries-02,T006,3508.596003149672,5831.667165848992,,,B02,existing
P14_26_35,G2,B_batteries,G2-B_batteries-03,T021,5313.549854202742,9078.773277607346,,,B03,existing
P14_26_35,G2,C_batteries,G2-C_batteries-01,T012,1954.1116402878895,6561.858999018011,,,C04,existing
P14_26_35,G2,C_batteries,G2-C_batteries-02,T014_2,3155.0929537629518,7966.52367812528,,,NEW-C_batteries-01,procurement_required
P14_26_35,G2,relay_aircraft,G2-relay_aircraft-01,R003,2004.2977389089663,7744.455885352581,,,R01,existing
P14_26_35,G2,relay_components,G2-relay_components-01,R003,2004.2977389089663,8588.743789022035,,,RE01,existing
P14_26_35,G3,A_aircraft,G3-A_aircraft-01,T007_HARD,0.0,1712.4416357195464,T020,1974.6325642497181,U04,existing
P14_26_35,G3,A_aircraft,G3-A_aircraft-01,T020,3687.0741999692646,5657.284046946083,,,U04,existing
P14_26_35,G3,A_aircraft,G3-A_aircraft-02,T007_SOFT,0.0,1712.4416357195464,T007,1954.6325642497204,NEW-A_aircraft-01,procurement_required
P14_26_35,G3,A_aircraft,G3-A_aircraft-02,T007,3667.074199969267,6275.115097078189,,,NEW-A_aircraft-01,procurement_required
P14_26_35,G3,A_aircraft,G3-A_aircraft-03,T014_1,3769.074199969265,5464.83230463773,T016,5.000099999999293,NEW-A_aircraft-02,procurement_required
P14_26_35,G3,A_aircraft,G3-A_aircraft-03,T016,5469.832404637729,7165.590509306194,,,NEW-A_aircraft-02,procurement_required
P14_26_35,G3,B_aircraft,G3-B_aircraft-01,T002_2,0.0,1500.9693925601796,T008,5.000099999999975,NEW-B_aircraft-01,procurement_required
P14_26_35,G3,B_aircraft,G3-B_aircraft-01,T008,1505.9694925601796,3350.508382715747,T019_1,2022.1944981790475,NEW-B_aircraft-01,procurement_required
P14_26_35,G3,B_aircraft,G3-B_aircraft-01,T019_1,5372.702880894794,6891.727225306649,,,NEW-B_aircraft-01,procurement_required
P14_26_35,G3,B_aircraft,G3-B_aircraft-02,T015,0.0,1554.5713591276817,T011,5.000100000000202,NEW-B_aircraft-02,procurement_required
P14_26_35,G3,B_aircraft,G3-B_aircraft-02,T011,1559.571459127682,3503.5959031496714,,,NEW-B_aircraft-02,procurement_required
P14_26_35,G3,C_aircraft,G3-C_aircraft-01,T018,4074.1933815663424,6761.824258936959,,,NEW-C_aircraft-03,procurement_required
P14_26_35,G3,A_batteries,G3-A_batteries-01,T007_HARD,0.0,2761.062337358848,T014_1,1008.0118626104172,A05,existing
P14_26_35,G3,A_batteries,G3-A_batteries-01,T014_1,3769.074199969265,6580.0266291174285,,,A05,existing
P14_26_35,G3,A_batteries,G3-A_batteries-02,T007_SOFT,0.0,2779.9496716386757,T016,2689.8827329990536,A06,existing
P14_26_35,G3,A_batteries,G3-A_batteries-02,T016,5469.832404637729,8301.566821462397,,,A06,existing
P14_26_35,G3,A_batteries,G3-A_batteries-03,T007,3667.074199969267,7728.37856016178,,,NEW-A_batteries-01,procurement_required
P14_26_35,G3,A_batteries,G3-A_batteries-04,T020,3687.0741999692646,6897.284697633159,,,NEW-A_batteries-02,procurement_required
P14_26_35,G3,B_batteries,G3-B_batteries-01,T002_2,0.0,2956.647180248775,T019_1,2416.0557006460194,B04,existing
P14_26_35,G3,B_batteries,G3-B_batteries-01,T019_1,5372.702880894794,8356.40930924514,,,B04,existing
P14_26_35,G3,B_batteries,G3-B_batteries-02,T015,0.0,3010.3575010505742,,,NEW-B_batteries-01,procurement_required
P14_26_35,G3,B_batteries,G3-B_batteries-03,T008,1505.9694925601796,4939.170345795129,,,NEW-B_batteries-02,procurement_required
P14_26_35,G3,B_batteries,G3-B_batteries-04,T011,1559.571459127682,5367.702780894794,,,NEW-B_batteries-03,procurement_required
P14_26_35,G3,C_batteries,G3-C_batteries-01,T018,4074.1933815663424,9324.985226007513,,,NEW-C_batteries-02,procurement_required
P14_26_35,G3,relay_aircraft,G3-relay_aircraft-01,R004,96.18236555369045,3902.2114189986755,,,R02,existing
P14_26_35,G3,relay_aircraft,G3-relay_aircraft-02,R001,190.137319029409,1999.297638856333,R002,1907.9138801423414,NEW-relay_aircraft-01,procurement_required
P14_26_35,G3,relay_aircraft,G3-relay_aircraft-02,R002,3907.2115189986744,7516.130043494062,,,NEW-relay_aircraft-01,procurement_required
P14_26_35,G3,relay_components,G3-relay_components-01,R004,96.18236555369045,4498.791383917484,,,RE02,existing
P14_26_35,G3,relay_components,G3-relay_components-02,R001,190.137319029409,2344.3073253046314,R002,1562.904193694043,RE03,existing
P14_26_35,G3,relay_components,G3-relay_components-02,R002,3907.2115189986744,8084.5472154177,,,RE03,existing
P14_2_356,G1,A_aircraft,G1-A_aircraft-01,T005,0.0,1312.470877312685,,,U01,existing
P14_2_356,G1,A_aircraft,G1-A_aircraft-02,T009,0.0,1316.0142144169886,,,U02,existing
P14_2_356,G1,C_aircraft,G1-C_aircraft-01,T001,0.0,1561.4261775174655,,,U07,existing
P14_2_356,G1,C_aircraft,G1-C_aircraft-02,T010_2,0.0,1433.035082877992,T003,5.000099999999975,U08,existing
P14_2_356,G1,C_aircraft,G1-C_aircraft-02,T003,1438.035182877992,2867.4613603954576,,,U08,existing
P14_2_356,G1,A_batteries,G1-A_batteries-01,T005,0.0,2178.7887122874713,,,A01,existing
P14_2_356,G1,A_batteries,G1-A_batteries-02,T009,0.0,2207.8690163260853,,,A02,existing
P14_2_356,G1,C_batteries,G1-C_batteries-01,T001,0.0,3150.0928537629516,,,C01,existing
P14_2_356,G1,C_batteries,G1-C_batteries-02,T010_2,0.0,2880.8082760764496,,,C02,existing
P14_2_356,G1,C_batteries,G1-C_batteries-03,T003,1438.035182877992,4385.641813543676,,,C03,existing
P14_2_356,G2,A_aircraft,G2-A_aircraft-01,T004,2004.1116402878897,4285.571599124281,T022,5.000100000000202,U03,existing
P14_2_356,G2,A_aircraft,G2-A_aircraft-01,T022,4290.571699124282,5982.106185363231,,,U03,existing
P14_2_356,G2,B_aircraft,G2-B_aircraft-01,T013,3355.5084827157466,5313.549754202741,T021,0.00010000000111176632,U05,existing
P14_2_356,G2,B_aircraft,G2-B_aircraft-01,T021,5313.549854202742,7211.591125689736,,,U05,existing
P14_2_356,G2,C_aircraft,G2-C_aircraft-01,T012,1954.1116402878895,4069.193281566342,,,NEW-C_aircraft-01,procurement_required
P14_2_356,G2,C_aircraft,G2-C_aircraft-02,T014_2,3155.0929537629518,5460.277018730793,,,NEW-C_aircraft-02,procurement_required
P14_2_356,G2,A_batteries,G2-A_batteries-01,T004,2004.1116402878897,5653.515220902664,,,A03,existing
P14_2_356,G2,A_batteries,G2-A_batteries-02,T022,4290.571699124282,7157.600692042686,,,A04,existing
P14_2_356,G2,B_batteries,G2-B_batteries-01,T013,3355.5084827157466,7272.795381688331,,,B01,existing
P14_2_356,G2,B_batteries,G2-B_batteries-02,T021,5313.549854202742,9078.773277607346,,,B02,existing
P14_2_356,G2,C_batteries,G2-C_batteries-01,T012,1954.1116402878895,6561.858999018011,,,C04,existing
P14_2_356,G2,C_batteries,G2-C_batteries-02,T014_2,3155.0929537629518,7966.52367812528,,,NEW-C_batteries-01,procurement_required
P14_2_356,G2,relay_aircraft,G2-relay_aircraft-01,R003,2004.2977389089663,7744.455885352581,,,R01,existing
P14_2_356,G2,relay_components,G2-relay_components-01,R003,2004.2977389089663,8588.743789022035,,,RE01,existing
P14_2_356,G3,A_aircraft,G3-A_aircraft-01,T007_HARD,0.0,1712.4416357195464,T020,1974.6325642497181,U04,existing
P14_2_356,G3,A_aircraft,G3-A_aircraft-01,T020,3687.0741999692646,5657.284046946083,,,U04,existing
P14_2_356,G3,A_aircraft,G3-A_aircraft-02,T007_SOFT,0.0,1712.4416357195464,T007,1954.6325642497204,NEW-A_aircraft-01,procurement_required
P14_2_356,G3,A_aircraft,G3-A_aircraft-02,T007,3667.074199969267,6275.115097078189,,,NEW-A_aircraft-01,procurement_required
P14_2_356,G3,A_aircraft,G3-A_aircraft-03,T014_1,3769.074199969265,5464.83230463773,T016,5.000099999999293,NEW-A_aircraft-02,procurement_required
P14_2_356,G3,A_aircraft,G3-A_aircraft-03,T016,5469.832404637729,7165.590509306194,,,NEW-A_aircraft-02,procurement_required
P14_2_356,G3,B_aircraft,G3-B_aircraft-01,T002_2,0.0,1500.9693925601796,T008,5.000099999999975,U06,existing
P14_2_356,G3,B_aircraft,G3-B_aircraft-01,T008,1505.9694925601796,3350.508382715747,T019_1,2022.1944981790475,U06,existing
P14_2_356,G3,B_aircraft,G3-B_aircraft-01,T019_1,5372.702880894794,6891.727225306649,,,U06,existing
P14_2_356,G3,B_aircraft,G3-B_aircraft-02,T015,0.0,1554.5713591276817,T011,5.000100000000202,NEW-B_aircraft-01,procurement_required
P14_2_356,G3,B_aircraft,G3-B_aircraft-02,T011,1559.571459127682,3503.5959031496714,T006,5.000100000000657,NEW-B_aircraft-01,procurement_required
P14_2_356,G3,B_aircraft,G3-B_aircraft-02,T006,3508.596003149672,4698.226288886111,,,NEW-B_aircraft-01,procurement_required
P14_2_356,G3,C_aircraft,G3-C_aircraft-01,T018,4074.1933815663424,6761.824258936959,,,NEW-C_aircraft-03,procurement_required
P14_2_356,G3,A_batteries,G3-A_batteries-01,T007_HARD,0.0,2761.062337358848,T014_1,1008.0118626104172,A05,existing
P14_2_356,G3,A_batteries,G3-A_batteries-01,T014_1,3769.074199969265,6580.0266291174285,,,A05,existing
P14_2_356,G3,A_batteries,G3-A_batteries-02,T007_SOFT,0.0,2779.9496716386757,T016,2689.8827329990536,A06,existing
P14_2_356,G3,A_batteries,G3-A_batteries-02,T016,5469.832404637729,8301.566821462397,,,A06,existing
P14_2_356,G3,A_batteries,G3-A_batteries-03,T007,3667.074199969267,7728.37856016178,,,NEW-A_batteries-01,procurement_required
P14_2_356,G3,A_batteries,G3-A_batteries-04,T020,3687.0741999692646,6897.284697633159,,,NEW-A_batteries-02,procurement_required
P14_2_356,G3,B_batteries,G3-B_batteries-01,T002_2,0.0,2956.647180248775,T006,551.9488229008971,B03,existing
P14_2_356,G3,B_batteries,G3-B_batteries-01,T006,3508.596003149672,5831.667165848992,,,B03,existing
P14_2_356,G3,B_batteries,G3-B_batteries-02,T015,0.0,3010.3575010505742,T019_1,2362.34537984422,B04,existing
P14_2_356,G3,B_batteries,G3-B_batteries-02,T019_1,5372.702880894794,8356.40930924514,,,B04,existing
P14_2_356,G3,B_batteries,G3-B_batteries-03,T008,1505.9694925601796,4939.170345795129,,,NEW-B_batteries-01,procurement_required
P14_2_356,G3,B_batteries,G3-B_batteries-04,T011,1559.571459127682,5367.702780894794,,,NEW-B_batteries-02,procurement_required
P14_2_356,G3,C_batteries,G3-C_batteries-01,T018,4074.1933815663424,9324.985226007513,,,NEW-C_batteries-02,procurement_required
P14_2_356,G3,relay_aircraft,G3-relay_aircraft-01,R004,96.18236555369045,3902.2114189986755,,,R02,existing
P14_2_356,G3,relay_aircraft,G3-relay_aircraft-02,R001,190.137319029409,1999.297638856333,R002,1907.9138801423414,NEW-relay_aircraft-01,procurement_required
P14_2_356,G3,relay_aircraft,G3-relay_aircraft-02,R002,3907.2115189986744,7516.130043494062,,,NEW-relay_aircraft-01,procurement_required
P14_2_356,G3,relay_components,G3-relay_components-01,R004,96.18236555369045,4498.791383917484,,,RE02,existing
P14_2_356,G3,relay_components,G3-relay_components-02,R001,190.137319029409,2344.3073253046314,R002,1562.904193694043,RE03,existing
P14_2_356,G3,relay_components,G3-relay_components-02,R002,3907.2115189986744,8084.5472154177,,,RE03,existing
P156_24_3,G1,A_aircraft,G1-A_aircraft-01,T005,0.0,1312.470877312685,,,U01,existing
P156_24_3,G1,B_aircraft,G1-B_aircraft-01,T002_2,0.0,1500.9693925601796,T008,5.000099999999975,U05,existing
P156_24_3,G1,B_aircraft,G1-B_aircraft-01,T008,1505.9694925601796,3350.508382715747,T006,158.08762043392517,U05,existing
P156_24_3,G1,B_aircraft,G1-B_aircraft-01,T006,3508.596003149672,4698.226288886111,,,U05,existing
P156_24_3,G1,B_aircraft,G1-B_aircraft-02,T015,0.0,1554.5713591276817,T011,5.000100000000202,U06,existing
P156_24_3,G1,B_aircraft,G1-B_aircraft-02,T011,1559.571459127682,3503.5959031496714,,,U06,existing
P156_24_3,G1,C_aircraft,G1-C_aircraft-01,T001,0.0,1561.4261775174655,,,U07,existing
P156_24_3,G1,C_aircraft,G1-C_aircraft-02,T003,1438.035182877992,2867.4613603954576,,,U08,existing
P156_24_3,G1,A_batteries,G1-A_batteries-01,T005,0.0,2178.7887122874713,,,A01,existing
P156_24_3,G1,B_batteries,G1-B_batteries-01,T002_2,0.0,2956.647180248775,T006,551.9488229008971,B01,existing
P156_24_3,G1,B_batteries,G1-B_batteries-01,T006,3508.596003149672,5831.667165848992,,,B01,existing
P156_24_3,G1,B_batteries,G1-B_batteries-02,T015,0.0,3010.3575010505742,,,B02,existing
P156_24_3,G1,B_batteries,G1-B_batteries-03,T008,1505.9694925601796,4939.170345795129,,,B03,existing
P156_24_3,G1,B_batteries,G1-B_batteries-04,T011,1559.571459127682,5367.702780894794,,,B04,existing
P156_24_3,G1,C_batteries,G1-C_batteries-01,T001,0.0,3150.0928537629516,,,C01,existing
P156_24_3,G1,C_batteries,G1-C_batteries-02,T003,1438.035182877992,4385.641813543676,,,C02,existing
P156_24_3,G1,relay_aircraft,G1-relay_aircraft-01,R004,96.18236555369045,3902.2114189986755,,,R01,existing
P156_24_3,G1,relay_components,G1-relay_components-01,R004,96.18236555369045,4498.791383917484,,,RE01,existing
P156_24_3,G2,A_aircraft,G2-A_aircraft-01,T009,0.0,1316.0142144169886,T004,688.0974258709011,U02,existing
P156_24_3,G2,A_aircraft,G2-A_aircraft-01,T004,2004.1116402878897,4285.571599124281,T022,5.000100000000202,U02,existing
P156_24_3,G2,A_aircraft,G2-A_aircraft-01,T022,4290.571699124282,5982.106185363231,,,U02,existing
P156_24_3,G2,B_aircraft,G2-B_aircraft-01,T013,3355.5084827157466,5313.549754202741,T021,0.00010000000111176632,NEW-B_aircraft-01,procurement_required
P156_24_3,G2,B_aircraft,G2-B_aircraft-01,T021,5313.549854202742,7211.591125689736,,,NEW-B_aircraft-01,procurement_required
P156_24_3,G2,C_aircraft,G2-C_aircraft-01,T010_2,0.0,1433.035082877992,T014_2,1722.0578708849598,NEW-C_aircraft-01,procurement_required
P156_24_3,G2,C_aircraft,G2-C_aircraft-01,T014_2,3155.0929537629518,5460.277018730793,,,NEW-C_aircraft-01,procurement_required
P156_24_3,G2,C_aircraft,G2-C_aircraft-02,T012,1954.1116402878895,4069.193281566342,,,NEW-C_aircraft-02,procurement_required
P156_24_3,G2,A_batteries,G2-A_batteries-01,T009,0.0,2207.8690163260853,T022,2082.7026827981963,A02,existing
P156_24_3,G2,A_batteries,G2-A_batteries-01,T022,4290.571699124282,7157.600692042686,,,A02,existing
P156_24_3,G2,A_batteries,G2-A_batteries-02,T004,2004.1116402878897,5653.515220902664,,,A03,existing
P156_24_3,G2,B_batteries,G2-B_batteries-01,T013,3355.5084827157466,7272.795381688331,,,NEW-B_batteries-01,procurement_required
P156_24_3,G2,B_batteries,G2-B_batteries-02,T021,5313.549854202742,9078.773277607346,,,NEW-B_batteries-02,procurement_required
P156_24_3,G2,C_batteries,G2-C_batteries-01,T010_2,0.0,2880.8082760764496,T014_2,274.28467768650216,C03,existing
P156_24_3,G2,C_batteries,G2-C_batteries-01,T014_2,3155.0929537629518,7966.52367812528,,,C03,existing
P156_24_3,G2,C_batteries,G2-C_batteries-02,T012,1954.1116402878895,6561.858999018011,,,C04,existing
P156_24_3,G2,relay_aircraft,G2-relay_aircraft-01,R003,2004.2977389089663,7744.455885352581,,,R02,existing
P156_24_3,G2,relay_components,G2-relay_components-01,R003,2004.2977389089663,8588.743789022035,,,RE02,existing
P156_24_3,G3,A_aircraft,G3-A_aircraft-01,T007_HARD,0.0,1712.4416357195464,T020,1974.6325642497181,U03,existing
P156_24_3,G3,A_aircraft,G3-A_aircraft-01,T020,3687.0741999692646,5657.284046946083,,,U03,existing
P156_24_3,G3,A_aircraft,G3-A_aircraft-02,T007_SOFT,0.0,1712.4416357195464,T007,1954.6325642497204,U04,existing
P156_24_3,G3,A_aircraft,G3-A_aircraft-02,T007,3667.074199969267,6275.115097078189,,,U04,existing
P156_24_3,G3,A_aircraft,G3-A_aircraft-03,T014_1,3769.074199969265,5464.83230463773,T016,5.000099999999293,NEW-A_aircraft-01,procurement_required
P156_24_3,G3,A_aircraft,G3-A_aircraft-03,T016,5469.832404637729,7165.590509306194,,,NEW-A_aircraft-01,procurement_required
P156_24_3,G3,B_aircraft,G3-B_aircraft-01,T019_1,5372.702880894794,6891.727225306649,,,NEW-B_aircraft-02,procurement_required
P156_24_3,G3,C_aircraft,G3-C_aircraft-01,T018,4074.1933815663424,6761.824258936959,,,NEW-C_aircraft-03,procurement_required
P156_24_3,G3,A_batteries,G3-A_batteries-01,T007_HARD,0.0,2761.062337358848,T014_1,1008.0118626104172,A04,existing
P156_24_3,G3,A_batteries,G3-A_batteries-01,T014_1,3769.074199969265,6580.0266291174285,,,A04,existing
P156_24_3,G3,A_batteries,G3-A_batteries-02,T007_SOFT,0.0,2779.9496716386757,T016,2689.8827329990536,A05,existing
P156_24_3,G3,A_batteries,G3-A_batteries-02,T016,5469.832404637729,8301.566821462397,,,A05,existing
P156_24_3,G3,A_batteries,G3-A_batteries-03,T007,3667.074199969267,7728.37856016178,,,A06,existing
P156_24_3,G3,A_batteries,G3-A_batteries-04,T020,3687.0741999692646,6897.284697633159,,,NEW-A_batteries-01,procurement_required
P156_24_3,G3,B_batteries,G3-B_batteries-01,T019_1,5372.702880894794,8356.40930924514,,,NEW-B_batteries-03,procurement_required
P156_24_3,G3,C_batteries,G3-C_batteries-01,T018,4074.1933815663424,9324.985226007513,,,NEW-C_batteries-01,procurement_required
P156_24_3,G3,relay_aircraft,G3-relay_aircraft-01,R001,190.137319029409,1999.297638856333,R002,1907.9138801423414,NEW-relay_aircraft-01,procurement_required
P156_24_3,G3,relay_aircraft,G3-relay_aircraft-01,R002,3907.2115189986744,7516.130043494062,,,NEW-relay_aircraft-01,procurement_required
P156_24_3,G3,relay_components,G3-relay_components-01,R001,190.137319029409,2344.3073253046314,R002,1562.904193694043,RE03,existing
P156_24_3,G3,relay_components,G3-relay_components-01,R002,3907.2115189986744,8084.5472154177,,,RE03,existing
P15_246_3,G1,A_aircraft,G1-A_aircraft-01,T005,0.0,1312.470877312685,,,U01,existing
P15_246_3,G1,B_aircraft,G1-B_aircraft-01,T002_2,0.0,1500.9693925601796,T008,5.000099999999975,U05,existing
P15_246_3,G1,B_aircraft,G1-B_aircraft-01,T008,1505.9694925601796,3350.508382715747,,,U05,existing
P15_246_3,G1,B_aircraft,G1-B_aircraft-02,T015,0.0,1554.5713591276817,T011,5.000100000000202,U06,existing
P15_246_3,G1,B_aircraft,G1-B_aircraft-02,T011,1559.571459127682,3503.5959031496714,,,U06,existing
P15_246_3,G1,C_aircraft,G1-C_aircraft-01,T001,0.0,1561.4261775174655,,,U07,existing
P15_246_3,G1,C_aircraft,G1-C_aircraft-02,T003,1438.035182877992,2867.4613603954576,,,U08,existing
P15_246_3,G1,A_batteries,G1-A_batteries-01,T005,0.0,2178.7887122874713,,,A01,existing
P15_246_3,G1,B_batteries,G1-B_batteries-01,T002_2,0.0,2956.647180248775,,,B01,existing
P15_246_3,G1,B_batteries,G1-B_batteries-02,T015,0.0,3010.3575010505742,,,B02,existing
P15_246_3,G1,B_batteries,G1-B_batteries-03,T008,1505.9694925601796,4939.170345795129,,,B03,existing
P15_246_3,G1,B_batteries,G1-B_batteries-04,T011,1559.571459127682,5367.702780894794,,,B04,existing
P15_246_3,G1,C_batteries,G1-C_batteries-01,T001,0.0,3150.0928537629516,,,C01,existing
P15_246_3,G1,C_batteries,G1-C_batteries-02,T003,1438.035182877992,4385.641813543676,,,C02,existing
P15_246_3,G1,relay_aircraft,G1-relay_aircraft-01,R004,96.18236555369045,3902.2114189986755,,,R01,existing
P15_246_3,G1,relay_components,G1-relay_components-01,R004,96.18236555369045,4498.791383917484,,,RE01,existing
P15_246_3,G2,A_aircraft,G2-A_aircraft-01,T009,0.0,1316.0142144169886,T004,688.0974258709011,U02,existing
P15_246_3,G2,A_aircraft,G2-A_aircraft-01,T004,2004.1116402878897,4285.571599124281,T022,5.000100000000202,U02,existing
P15_246_3,G2,A_aircraft,G2-A_aircraft-01,T022,4290.571699124282,5982.106185363231,,,U02,existing
P15_246_3,G2,B_aircraft,G2-B_aircraft-01,T013,3355.5084827157466,5313.549754202741,,,NEW-B_aircraft-01,procurement_required
P15_246_3,G2,B_aircraft,G2-B_aircraft-02,T006,3508.596003149672,4698.226288886111,T021,615.3235653166303,NEW-B_aircraft-02,procurement_required
P15_246_3,G2,B_aircraft,G2-B_aircraft-02,T021,5313.549854202742,7211.591125689736,,,NEW-B_aircraft-02,procurement_required
P15_246_3,G2,C_aircraft,G2-C_aircraft-01,T010_2,0.0,1433.035082877992,T014_2,1722.0578708849598,NEW-C_aircraft-01,procurement_required
P15_246_3,G2,C_aircraft,G2-C_aircraft-01,T014_2,3155.0929537629518,5460.277018730793,,,NEW-C_aircraft-01,procurement_required
P15_246_3,G2,C_aircraft,G2-C_aircraft-02,T012,1954.1116402878895,4069.193281566342,,,NEW-C_aircraft-02,procurement_required
P15_246_3,G2,A_batteries,G2-A_batteries-01,T009,0.0,2207.8690163260853,T022,2082.7026827981963,A02,existing
P15_246_3,G2,A_batteries,G2-A_batteries-01,T022,4290.571699124282,7157.600692042686,,,A02,existing
P15_246_3,G2,A_batteries,G2-A_batteries-02,T004,2004.1116402878897,5653.515220902664,,,A03,existing
P15_246_3,G2,B_batteries,G2-B_batteries-01,T013,3355.5084827157466,7272.795381688331,,,NEW-B_batteries-01,procurement_required
P15_246_3,G2,B_batteries,G2-B_batteries-02,T006,3508.596003149672,5831.667165848992,,,NEW-B_batteries-02,procurement_required
P15_246_3,G2,B_batteries,G2-B_batteries-03,T021,5313.549854202742,9078.773277607346,,,NEW-B_batteries-03,procurement_required
P15_246_3,G2,C_batteries,G2-C_batteries-01,T010_2,0.0,2880.8082760764496,T014_2,274.28467768650216,C03,existing
P15_246_3,G2,C_batteries,G2-C_batteries-01,T014_2,3155.0929537629518,7966.52367812528,,,C03,existing
P15_246_3,G2,C_batteries,G2-C_batteries-02,T012,1954.1116402878895,6561.858999018011,,,C04,existing
P15_246_3,G2,relay_aircraft,G2-relay_aircraft-01,R003,2004.2977389089663,7744.455885352581,,,R02,existing
P15_246_3,G2,relay_components,G2-relay_components-01,R003,2004.2977389089663,8588.743789022035,,,RE02,existing
P15_246_3,G3,A_aircraft,G3-A_aircraft-01,T007_HARD,0.0,1712.4416357195464,T020,1974.6325642497181,U03,existing
P15_246_3,G3,A_aircraft,G3-A_aircraft-01,T020,3687.0741999692646,5657.284046946083,,,U03,existing
P15_246_3,G3,A_aircraft,G3-A_aircraft-02,T007_SOFT,0.0,1712.4416357195464,T007,1954.6325642497204,U04,existing
P15_246_3,G3,A_aircraft,G3-A_aircraft-02,T007,3667.074199969267,6275.115097078189,,,U04,existing
P15_246_3,G3,A_aircraft,G3-A_aircraft-03,T014_1,3769.074199969265,5464.83230463773,T016,5.000099999999293,NEW-A_aircraft-01,procurement_required
P15_246_3,G3,A_aircraft,G3-A_aircraft-03,T016,5469.832404637729,7165.590509306194,,,NEW-A_aircraft-01,procurement_required
P15_246_3,G3,B_aircraft,G3-B_aircraft-01,T019_1,5372.702880894794,6891.727225306649,,,NEW-B_aircraft-03,procurement_required
P15_246_3,G3,C_aircraft,G3-C_aircraft-01,T018,4074.1933815663424,6761.824258936959,,,NEW-C_aircraft-03,procurement_required
P15_246_3,G3,A_batteries,G3-A_batteries-01,T007_HARD,0.0,2761.062337358848,T014_1,1008.0118626104172,A04,existing
P15_246_3,G3,A_batteries,G3-A_batteries-01,T014_1,3769.074199969265,6580.0266291174285,,,A04,existing
P15_246_3,G3,A_batteries,G3-A_batteries-02,T007_SOFT,0.0,2779.9496716386757,T016,2689.8827329990536,A05,existing
P15_246_3,G3,A_batteries,G3-A_batteries-02,T016,5469.832404637729,8301.566821462397,,,A05,existing
P15_246_3,G3,A_batteries,G3-A_batteries-03,T007,3667.074199969267,7728.37856016178,,,A06,existing
P15_246_3,G3,A_batteries,G3-A_batteries-04,T020,3687.0741999692646,6897.284697633159,,,NEW-A_batteries-01,procurement_required
P15_246_3,G3,B_batteries,G3-B_batteries-01,T019_1,5372.702880894794,8356.40930924514,,,NEW-B_batteries-04,procurement_required
P15_246_3,G3,C_batteries,G3-C_batteries-01,T018,4074.1933815663424,9324.985226007513,,,NEW-C_batteries-01,procurement_required
P15_246_3,G3,relay_aircraft,G3-relay_aircraft-01,R001,190.137319029409,1999.297638856333,R002,1907.9138801423414,NEW-relay_aircraft-01,procurement_required
P15_246_3,G3,relay_aircraft,G3-relay_aircraft-01,R002,3907.2115189986744,7516.130043494062,,,NEW-relay_aircraft-01,procurement_required
P15_246_3,G3,relay_components,G3-relay_components-01,R001,190.137319029409,2344.3073253046314,R002,1562.904193694043,RE03,existing
P15_246_3,G3,relay_components,G3-relay_components-01,R002,3907.2115189986744,8084.5472154177,,,RE03,existing
P15_24_36,G1,A_aircraft,G1-A_aircraft-01,T005,0.0,1312.470877312685,,,U01,existing
P15_24_36,G1,B_aircraft,G1-B_aircraft-01,T002_2,0.0,1500.9693925601796,T008,5.000099999999975,U05,existing
P15_24_36,G1,B_aircraft,G1-B_aircraft-01,T008,1505.9694925601796,3350.508382715747,,,U05,existing
P15_24_36,G1,B_aircraft,G1-B_aircraft-02,T015,0.0,1554.5713591276817,T011,5.000100000000202,U06,existing
P15_24_36,G1,B_aircraft,G1-B_aircraft-02,T011,1559.571459127682,3503.5959031496714,,,U06,existing
P15_24_36,G1,C_aircraft,G1-C_aircraft-01,T001,0.0,1561.4261775174655,,,U07,existing
P15_24_36,G1,C_aircraft,G1-C_aircraft-02,T003,1438.035182877992,2867.4613603954576,,,U08,existing
P15_24_36,G1,A_batteries,G1-A_batteries-01,T005,0.0,2178.7887122874713,,,A01,existing
P15_24_36,G1,B_batteries,G1-B_batteries-01,T002_2,0.0,2956.647180248775,,,B01,existing
P15_24_36,G1,B_batteries,G1-B_batteries-02,T015,0.0,3010.3575010505742,,,B02,existing
P15_24_36,G1,B_batteries,G1-B_batteries-03,T008,1505.9694925601796,4939.170345795129,,,B03,existing
P15_24_36,G1,B_batteries,G1-B_batteries-04,T011,1559.571459127682,5367.702780894794,,,B04,existing
P15_24_36,G1,C_batteries,G1-C_batteries-01,T001,0.0,3150.0928537629516,,,C01,existing
P15_24_36,G1,C_batteries,G1-C_batteries-02,T003,1438.035182877992,4385.641813543676,,,C02,existing
P15_24_36,G1,relay_aircraft,G1-relay_aircraft-01,R004,96.18236555369045,3902.2114189986755,,,R01,existing
P15_24_36,G1,relay_components,G1-relay_components-01,R004,96.18236555369045,4498.791383917484,,,RE01,existing
P15_24_36,G2,A_aircraft,G2-A_aircraft-01,T009,0.0,1316.0142144169886,T004,688.0974258709011,U02,existing
P15_24_36,G2,A_aircraft,G2-A_aircraft-01,T004,2004.1116402878897,4285.571599124281,T022,5.000100000000202,U02,existing
P15_24_36,G2,A_aircraft,G2-A_aircraft-01,T022,4290.571699124282,5982.106185363231,,,U02,existing
P15_24_36,G2,B_aircraft,G2-B_aircraft-01,T013,3355.5084827157466,5313.549754202741,T021,0.00010000000111176632,NEW-B_aircraft-01,procurement_required
P15_24_36,G2,B_aircraft,G2-B_aircraft-01,T021,5313.549854202742,7211.591125689736,,,NEW-B_aircraft-01,procurement_required
P15_24_36,G2,C_aircraft,G2-C_aircraft-01,T010_2,0.0,1433.035082877992,T014_2,1722.0578708849598,NEW-C_aircraft-01,procurement_required
P15_24_36,G2,C_aircraft,G2-C_aircraft-01,T014_2,3155.0929537629518,5460.277018730793,,,NEW-C_aircraft-01,procurement_required
P15_24_36,G2,C_aircraft,G2-C_aircraft-02,T012,1954.1116402878895,4069.193281566342,,,NEW-C_aircraft-02,procurement_required
P15_24_36,G2,A_batteries,G2-A_batteries-01,T009,0.0,2207.8690163260853,T022,2082.7026827981963,A02,existing
P15_24_36,G2,A_batteries,G2-A_batteries-01,T022,4290.571699124282,7157.600692042686,,,A02,existing
P15_24_36,G2,A_batteries,G2-A_batteries-02,T004,2004.1116402878897,5653.515220902664,,,A03,existing
P15_24_36,G2,B_batteries,G2-B_batteries-01,T013,3355.5084827157466,7272.795381688331,,,NEW-B_batteries-01,procurement_required
P15_24_36,G2,B_batteries,G2-B_batteries-02,T021,5313.549854202742,9078.773277607346,,,NEW-B_batteries-02,procurement_required
P15_24_36,G2,C_batteries,G2-C_batteries-01,T010_2,0.0,2880.8082760764496,T014_2,274.28467768650216,C03,existing
P15_24_36,G2,C_batteries,G2-C_batteries-01,T014_2,3155.0929537629518,7966.52367812528,,,C03,existing
P15_24_36,G2,C_batteries,G2-C_batteries-02,T012,1954.1116402878895,6561.858999018011,,,C04,existing
P15_24_36,G2,relay_aircraft,G2-relay_aircraft-01,R003,2004.2977389089663,7744.455885352581,,,R02,existing
P15_24_36,G2,relay_components,G2-relay_components-01,R003,2004.2977389089663,8588.743789022035,,,RE02,existing
P15_24_36,G3,A_aircraft,G3-A_aircraft-01,T007_HARD,0.0,1712.4416357195464,T020,1974.6325642497181,U03,existing
P15_24_36,G3,A_aircraft,G3-A_aircraft-01,T020,3687.0741999692646,5657.284046946083,,,U03,existing
P15_24_36,G3,A_aircraft,G3-A_aircraft-02,T007_SOFT,0.0,1712.4416357195464,T007,1954.6325642497204,U04,existing
P15_24_36,G3,A_aircraft,G3-A_aircraft-02,T007,3667.074199969267,6275.115097078189,,,U04,existing
P15_24_36,G3,A_aircraft,G3-A_aircraft-03,T014_1,3769.074199969265,5464.83230463773,T016,5.000099999999293,NEW-A_aircraft-01,procurement_required
P15_24_36,G3,A_aircraft,G3-A_aircraft-03,T016,5469.832404637729,7165.590509306194,,,NEW-A_aircraft-01,procurement_required
P15_24_36,G3,B_aircraft,G3-B_aircraft-01,T006,3508.596003149672,4698.226288886111,T019_1,674.4765920086829,NEW-B_aircraft-02,procurement_required
P15_24_36,G3,B_aircraft,G3-B_aircraft-01,T019_1,5372.702880894794,6891.727225306649,,,NEW-B_aircraft-02,procurement_required
P15_24_36,G3,C_aircraft,G3-C_aircraft-01,T018,4074.1933815663424,6761.824258936959,,,NEW-C_aircraft-03,procurement_required
P15_24_36,G3,A_batteries,G3-A_batteries-01,T007_HARD,0.0,2761.062337358848,T014_1,1008.0118626104172,A04,existing
P15_24_36,G3,A_batteries,G3-A_batteries-01,T014_1,3769.074199969265,6580.0266291174285,,,A04,existing
P15_24_36,G3,A_batteries,G3-A_batteries-02,T007_SOFT,0.0,2779.9496716386757,T016,2689.8827329990536,A05,existing
P15_24_36,G3,A_batteries,G3-A_batteries-02,T016,5469.832404637729,8301.566821462397,,,A05,existing
P15_24_36,G3,A_batteries,G3-A_batteries-03,T007,3667.074199969267,7728.37856016178,,,A06,existing
P15_24_36,G3,A_batteries,G3-A_batteries-04,T020,3687.0741999692646,6897.284697633159,,,NEW-A_batteries-01,procurement_required
P15_24_36,G3,B_batteries,G3-B_batteries-01,T006,3508.596003149672,5831.667165848992,,,NEW-B_batteries-03,procurement_required
P15_24_36,G3,B_batteries,G3-B_batteries-02,T019_1,5372.702880894794,8356.40930924514,,,NEW-B_batteries-04,procurement_required
P15_24_36,G3,C_batteries,G3-C_batteries-01,T018,4074.1933815663424,9324.985226007513,,,NEW-C_batteries-01,procurement_required
P15_24_36,G3,relay_aircraft,G3-relay_aircraft-01,R001,190.137319029409,1999.297638856333,R002,1907.9138801423414,NEW-relay_aircraft-01,procurement_required
P15_24_36,G3,relay_aircraft,G3-relay_aircraft-01,R002,3907.2115189986744,7516.130043494062,,,NEW-relay_aircraft-01,procurement_required
P15_24_36,G3,relay_components,G3-relay_components-01,R001,190.137319029409,2344.3073253046314,R002,1562.904193694043,RE03,existing
P15_24_36,G3,relay_components,G3-relay_components-01,R002,3907.2115189986744,8084.5472154177,,,RE03,existing
P16_245_3,G1,A_aircraft,G1-A_aircraft-01,T005,0.0,1312.470877312685,,,U01,existing
P16_245_3,G1,B_aircraft,G1-B_aircraft-01,T006,3508.596003149672,4698.226288886111,,,U05,existing
P16_245_3,G1,C_aircraft,G1-C_aircraft-01,T001,0.0,1561.4261775174655,,,U07,existing
P16_245_3,G1,C_aircraft,G1-C_aircraft-02,T003,1438.035182877992,2867.4613603954576,,,U08,existing
P16_245_3,G1,A_batteries,G1-A_batteries-01,T005,0.0,2178.7887122874713,,,A01,existing
P16_245_3,G1,B_batteries,G1-B_batteries-01,T006,3508.596003149672,5831.667165848992,,,B01,existing
P16_245_3,G1,C_batteries,G1-C_batteries-01,T001,0.0,3150.0928537629516,,,C01,existing
P16_245_3,G1,C_batteries,G1-C_batteries-02,T003,1438.035182877992,4385.641813543676,,,C02,existing
P16_245_3,G2,A_aircraft,G2-A_aircraft-01,T009,0.0,1316.0142144169886,T004,688.0974258709011,U02,existing
P16_245_3,G2,A_aircraft,G2-A_aircraft-01,T004,2004.1116402878897,4285.571599124281,T022,5.000100000000202,U02,existing
P16_245_3,G2,A_aircraft,G2-A_aircraft-01,T022,4290.571699124282,5982.106185363231,,,U02,existing
P16_245_3,G2,B_aircraft,G2-B_aircraft-01,T002_2,0.0,1500.9693925601796,T008,5.000099999999975,U06,existing
P16_245_3,G2,B_aircraft,G2-B_aircraft-01,T008,1505.9694925601796,3350.508382715747,T013,5.0000999999997475,U06,existing
P16_245_3,G2,B_aircraft,G2-B_aircraft-01,T013,3355.5084827157466,5313.549754202741,,,U06,existing
P16_245_3,G2,B_aircraft,G2-B_aircraft-02,T015,0.0,1554.5713591276817,T011,5.000100000000202,NEW-B_aircraft-01,procurement_required
P16_245_3,G2,B_aircraft,G2-B_aircraft-02,T011,1559.571459127682,3503.5959031496714,T021,1809.9539510530703,NEW-B_aircraft-01,procurement_required
P16_245_3,G2,B_aircraft,G2-B_aircraft-02,T021,5313.549854202742,7211.591125689736,,,NEW-B_aircraft-01,procurement_required
P16_245_3,G2,C_aircraft,G2-C_aircraft-01,T010_2,0.0,1433.035082877992,T014_2,1722.0578708849598,NEW-C_aircraft-01,procurement_required
P16_245_3,G2,C_aircraft,G2-C_aircraft-01,T014_2,3155.0929537629518,5460.277018730793,,,NEW-C_aircraft-01,procurement_required
P16_245_3,G2,C_aircraft,G2-C_aircraft-02,T012,1954.1116402878895,4069.193281566342,,,NEW-C_aircraft-02,procurement_required
P16_245_3,G2,A_batteries,G2-A_batteries-01,T009,0.0,2207.8690163260853,T022,2082.7026827981963,A02,existing
P16_245_3,G2,A_batteries,G2-A_batteries-01,T022,4290.571699124282,7157.600692042686,,,A02,existing
P16_245_3,G2,A_batteries,G2-A_batteries-02,T004,2004.1116402878897,5653.515220902664,,,A03,existing
P16_245_3,G2,B_batteries,G2-B_batteries-01,T002_2,0.0,2956.647180248775,T013,398.86130246697167,B02,existing
P16_245_3,G2,B_batteries,G2-B_batteries-01,T013,3355.5084827157466,7272.795381688331,,,B02,existing
P16_245_3,G2,B_batteries,G2-B_batteries-02,T015,0.0,3010.3575010505742,T021,2303.1923531521675,B03,existing
P16_245_3,G2,B_batteries,G2-B_batteries-02,T021,5313.549854202742,9078.773277607346,,,B03,existing
P16_245_3,G2,B_batteries,G2-B_batteries-03,T008,1505.9694925601796,4939.170345795129,,,B04,existing
P16_245_3,G2,B_batteries,G2-B_batteries-04,T011,1559.571459127682,5367.702780894794,,,NEW-B_batteries-01,procurement_required
P16_245_3,G2,C_batteries,G2-C_batteries-01,T010_2,0.0,2880.8082760764496,T014_2,274.28467768650216,C03,existing
P16_245_3,G2,C_batteries,G2-C_batteries-01,T014_2,3155.0929537629518,7966.52367812528,,,C03,existing
P16_245_3,G2,C_batteries,G2-C_batteries-02,T012,1954.1116402878895,6561.858999018011,,,C04,existing
P16_245_3,G2,relay_aircraft,G2-relay_aircraft-01,R004,96.18236555369045,3902.2114189986755,,,R01,existing
P16_245_3,G2,relay_aircraft,G2-relay_aircraft-02,R003,2004.2977389089663,7744.455885352581,,,R02,existing
P16_245_3,G2,relay_components,G2-relay_components-01,R004,96.18236555369045,4498.791383917484,,,RE01,existing
P16_245_3,G2,relay_components,G2-relay_components-02,R003,2004.2977389089663,8588.743789022035,,,RE02,existing
P16_245_3,G3,A_aircraft,G3-A_aircraft-01,T007_HARD,0.0,1712.4416357195464,T020,1974.6325642497181,U03,existing
P16_245_3,G3,A_aircraft,G3-A_aircraft-01,T020,3687.0741999692646,5657.284046946083,,,U03,existing
P16_245_3,G3,A_aircraft,G3-A_aircraft-02,T007_SOFT,0.0,1712.4416357195464,T007,1954.6325642497204,U04,existing
P16_245_3,G3,A_aircraft,G3-A_aircraft-02,T007,3667.074199969267,6275.115097078189,,,U04,existing
P16_245_3,G3,A_aircraft,G3-A_aircraft-03,T014_1,3769.074199969265,5464.83230463773,T016,5.000099999999293,NEW-A_aircraft-01,procurement_required
P16_245_3,G3,A_aircraft,G3-A_aircraft-03,T016,5469.832404637729,7165.590509306194,,,NEW-A_aircraft-01,procurement_required
P16_245_3,G3,B_aircraft,G3-B_aircraft-01,T019_1,5372.702880894794,6891.727225306649,,,NEW-B_aircraft-02,procurement_required
P16_245_3,G3,C_aircraft,G3-C_aircraft-01,T018,4074.1933815663424,6761.824258936959,,,NEW-C_aircraft-03,procurement_required
P16_245_3,G3,A_batteries,G3-A_batteries-01,T007_HARD,0.0,2761.062337358848,T014_1,1008.0118626104172,A04,existing
P16_245_3,G3,A_batteries,G3-A_batteries-01,T014_1,3769.074199969265,6580.0266291174285,,,A04,existing
P16_245_3,G3,A_batteries,G3-A_batteries-02,T007_SOFT,0.0,2779.9496716386757,T016,2689.8827329990536,A05,existing
P16_245_3,G3,A_batteries,G3-A_batteries-02,T016,5469.832404637729,8301.566821462397,,,A05,existing
P16_245_3,G3,A_batteries,G3-A_batteries-03,T007,3667.074199969267,7728.37856016178,,,A06,existing
P16_245_3,G3,A_batteries,G3-A_batteries-04,T020,3687.0741999692646,6897.284697633159,,,NEW-A_batteries-01,procurement_required
P16_245_3,G3,B_batteries,G3-B_batteries-01,T019_1,5372.702880894794,8356.40930924514,,,NEW-B_batteries-02,procurement_required
P16_245_3,G3,C_batteries,G3-C_batteries-01,T018,4074.1933815663424,9324.985226007513,,,NEW-C_batteries-01,procurement_required
P16_245_3,G3,relay_aircraft,G3-relay_aircraft-01,R001,190.137319029409,1999.297638856333,R002,1907.9138801423414,NEW-relay_aircraft-01,procurement_required
P16_245_3,G3,relay_aircraft,G3-relay_aircraft-01,R002,3907.2115189986744,7516.130043494062,,,NEW-relay_aircraft-01,procurement_required
P16_245_3,G3,relay_components,G3-relay_components-01,R001,190.137319029409,2344.3073253046314,R002,1562.904193694043,RE03,existing
P16_245_3,G3,relay_components,G3-relay_components-01,R002,3907.2115189986744,8084.5472154177,,,RE03,existing
P1_2456_3,G1,A_aircraft,G1-A_aircraft-01,T005,0.0,1312.470877312685,,,U01,existing
P1_2456_3,G1,C_aircraft,G1-C_aircraft-01,T001,0.0,1561.4261775174655,,,U07,existing
P1_2456_3,G1,C_aircraft,G1-C_aircraft-02,T003,1438.035182877992,2867.4613603954576,,,U08,existing
P1_2456_3,G1,A_batteries,G1-A_batteries-01,T005,0.0,2178.7887122874713,,,A01,existing
P1_2456_3,G1,C_batteries,G1-C_batteries-01,T001,0.0,3150.0928537629516,,,C01,existing
P1_2456_3,G1,C_batteries,G1-C_batteries-02,T003,1438.035182877992,4385.641813543676,,,C02,existing
P1_2456_3,G2,A_aircraft,G2-A_aircraft-01,T009,0.0,1316.0142144169886,T004,688.0974258709011,U02,existing
P1_2456_3,G2,A_aircraft,G2-A_aircraft-01,T004,2004.1116402878897,4285.571599124281,T022,5.000100000000202,U02,existing
P1_2456_3,G2,A_aircraft,G2-A_aircraft-01,T022,4290.571699124282,5982.106185363231,,,U02,existing
P1_2456_3,G2,B_aircraft,G2-B_aircraft-01,T002_2,0.0,1500.9693925601796,T008,5.000099999999975,U05,existing
P1_2456_3,G2,B_aircraft,G2-B_aircraft-01,T008,1505.9694925601796,3350.508382715747,T013,5.0000999999997475,U05,existing
P1_2456_3,G2,B_aircraft,G2-B_aircraft-01,T013,3355.5084827157466,5313.549754202741,,,U05,existing
P1_2456_3,G2,B_aircraft,G2-B_aircraft-02,T015,0.0,1554.5713591276817,T011,5.000100000000202,U06,existing
P1_2456_3,G2,B_aircraft,G2-B_aircraft-02,T011,1559.571459127682,3503.5959031496714,T006,5.000100000000657,U06,existing
P1_2456_3,G2,B_aircraft,G2-B_aircraft-02,T006,3508.596003149672,4698.226288886111,T021,615.3235653166303,U06,existing
P1_2456_3,G2,B_aircraft,G2-B_aircraft-02,T021,5313.549854202742,7211.591125689736,,,U06,existing
P1_2456_3,G2,C_aircraft,G2-C_aircraft-01,T010_2,0.0,1433.035082877992,T014_2,1722.0578708849598,NEW-C_aircraft-01,procurement_required
P1_2456_3,G2,C_aircraft,G2-C_aircraft-01,T014_2,3155.0929537629518,5460.277018730793,,,NEW-C_aircraft-01,procurement_required
P1_2456_3,G2,C_aircraft,G2-C_aircraft-02,T012,1954.1116402878895,4069.193281566342,,,NEW-C_aircraft-02,procurement_required
P1_2456_3,G2,A_batteries,G2-A_batteries-01,T009,0.0,2207.8690163260853,T022,2082.7026827981963,A02,existing
P1_2456_3,G2,A_batteries,G2-A_batteries-01,T022,4290.571699124282,7157.600692042686,,,A02,existing
P1_2456_3,G2,A_batteries,G2-A_batteries-02,T004,2004.1116402878897,5653.515220902664,,,A03,existing
P1_2456_3,G2,B_batteries,G2-B_batteries-01,T002_2,0.0,2956.647180248775,T013,398.86130246697167,B01,existing
P1_2456_3,G2,B_batteries,G2-B_batteries-01,T013,3355.5084827157466,7272.795381688331,,,B01,existing
P1_2456_3,G2,B_batteries,G2-B_batteries-02,T015,0.0,3010.3575010505742,T006,498.2385020990978,B02,existing
P1_2456_3,G2,B_batteries,G2-B_batteries-02,T006,3508.596003149672,5831.667165848992,,,B02,existing
P1_2456_3,G2,B_batteries,G2-B_batteries-03,T008,1505.9694925601796,4939.170345795129,T021,374.3795084076128,B03,existing
P1_2456_3,G2,B_batteries,G2-B_batteries-03,T021,5313.549854202742,9078.773277607346,,,B03,existing
P1_2456_3,G2,B_batteries,G2-B_batteries-04,T011,1559.571459127682,5367.702780894794,,,B04,existing
P1_2456_3,G2,C_batteries,G2-C_batteries-01,T010_2,0.0,2880.8082760764496,T014_2,274.28467768650216,C03,existing
P1_2456_3,G2,C_batteries,G2-C_batteries-01,T014_2,3155.0929537629518,7966.52367812528,,,C03,existing
P1_2456_3,G2,C_batteries,G2-C_batteries-02,T012,1954.1116402878895,6561.858999018011,,,C04,existing
P1_2456_3,G2,relay_aircraft,G2-relay_aircraft-01,R004,96.18236555369045,3902.2114189986755,,,R01,existing
P1_2456_3,G2,relay_aircraft,G2-relay_aircraft-02,R003,2004.2977389089663,7744.455885352581,,,R02,existing
P1_2456_3,G2,relay_components,G2-relay_components-01,R004,96.18236555369045,4498.791383917484,,,RE01,existing
P1_2456_3,G2,relay_components,G2-relay_components-02,R003,2004.2977389089663,8588.743789022035,,,RE02,existing
P1_2456_3,G3,A_aircraft,G3-A_aircraft-01,T007_HARD,0.0,1712.4416357195464,T020,1974.6325642497181,U03,existing
P1_2456_3,G3,A_aircraft,G3-A_aircraft-01,T020,3687.0741999692646,5657.284046946083,,,U03,existing
P1_2456_3,G3,A_aircraft,G3-A_aircraft-02,T007_SOFT,0.0,1712.4416357195464,T007,1954.6325642497204,U04,existing
P1_2456_3,G3,A_aircraft,G3-A_aircraft-02,T007,3667.074199969267,6275.115097078189,,,U04,existing
P1_2456_3,G3,A_aircraft,G3-A_aircraft-03,T014_1,3769.074199969265,5464.83230463773,T016,5.000099999999293,NEW-A_aircraft-01,procurement_required
P1_2456_3,G3,A_aircraft,G3-A_aircraft-03,T016,5469.832404637729,7165.590509306194,,,NEW-A_aircraft-01,procurement_required
P1_2456_3,G3,B_aircraft,G3-B_aircraft-01,T019_1,5372.702880894794,6891.727225306649,,,NEW-B_aircraft-01,procurement_required
P1_2456_3,G3,C_aircraft,G3-C_aircraft-01,T018,4074.1933815663424,6761.824258936959,,,NEW-C_aircraft-03,procurement_required
P1_2456_3,G3,A_batteries,G3-A_batteries-01,T007_HARD,0.0,2761.062337358848,T014_1,1008.0118626104172,A04,existing
P1_2456_3,G3,A_batteries,G3-A_batteries-01,T014_1,3769.074199969265,6580.0266291174285,,,A04,existing
P1_2456_3,G3,A_batteries,G3-A_batteries-02,T007_SOFT,0.0,2779.9496716386757,T016,2689.8827329990536,A05,existing
P1_2456_3,G3,A_batteries,G3-A_batteries-02,T016,5469.832404637729,8301.566821462397,,,A05,existing
P1_2456_3,G3,A_batteries,G3-A_batteries-03,T007,3667.074199969267,7728.37856016178,,,A06,existing
P1_2456_3,G3,A_batteries,G3-A_batteries-04,T020,3687.0741999692646,6897.284697633159,,,NEW-A_batteries-01,procurement_required
P1_2456_3,G3,B_batteries,G3-B_batteries-01,T019_1,5372.702880894794,8356.40930924514,,,NEW-B_batteries-01,procurement_required
P1_2456_3,G3,C_batteries,G3-C_batteries-01,T018,4074.1933815663424,9324.985226007513,,,NEW-C_batteries-01,procurement_required
P1_2456_3,G3,relay_aircraft,G3-relay_aircraft-01,R001,190.137319029409,1999.297638856333,R002,1907.9138801423414,NEW-relay_aircraft-01,procurement_required
P1_2456_3,G3,relay_aircraft,G3-relay_aircraft-01,R002,3907.2115189986744,7516.130043494062,,,NEW-relay_aircraft-01,procurement_required
P1_2456_3,G3,relay_components,G3-relay_components-01,R001,190.137319029409,2344.3073253046314,R002,1562.904193694043,RE03,existing
P1_2456_3,G3,relay_components,G3-relay_components-01,R002,3907.2115189986744,8084.5472154177,,,RE03,existing
P1_245_36,G1,A_aircraft,G1-A_aircraft-01,T005,0.0,1312.470877312685,,,U01,existing
P1_245_36,G1,C_aircraft,G1-C_aircraft-01,T001,0.0,1561.4261775174655,,,U07,existing
P1_245_36,G1,C_aircraft,G1-C_aircraft-02,T003,1438.035182877992,2867.4613603954576,,,U08,existing
P1_245_36,G1,A_batteries,G1-A_batteries-01,T005,0.0,2178.7887122874713,,,A01,existing
P1_245_36,G1,C_batteries,G1-C_batteries-01,T001,0.0,3150.0928537629516,,,C01,existing
P1_245_36,G1,C_batteries,G1-C_batteries-02,T003,1438.035182877992,4385.641813543676,,,C02,existing
P1_245_36,G2,A_aircraft,G2-A_aircraft-01,T009,0.0,1316.0142144169886,T004,688.0974258709011,U02,existing
P1_245_36,G2,A_aircraft,G2-A_aircraft-01,T004,2004.1116402878897,4285.571599124281,T022,5.000100000000202,U02,existing
P1_245_36,G2,A_aircraft,G2-A_aircraft-01,T022,4290.571699124282,5982.106185363231,,,U02,existing
P1_245_36,G2,B_aircraft,G2-B_aircraft-01,T002_2,0.0,1500.9693925601796,T008,5.000099999999975,U05,existing
P1_245_36,G2,B_aircraft,G2-B_aircraft-01,T008,1505.9694925601796,3350.508382715747,T013,5.0000999999997475,U05,existing
P1_245_36,G2,B_aircraft,G2-B_aircraft-01,T013,3355.5084827157466,5313.549754202741,,,U05,existing
P1_245_36,G2,B_aircraft,G2-B_aircraft-02,T015,0.0,1554.5713591276817,T011,5.000100000000202,U06,existing
P1_245_36,G2,B_aircraft,G2-B_aircraft-02,T011,1559.571459127682,3503.5959031496714,T021,1809.9539510530703,U06,existing
P1_245_36,G2,B_aircraft,G2-B_aircraft-02,T021,5313.549854202742,7211.591125689736,,,U06,existing
P1_245_36,G2,C_aircraft,G2-C_aircraft-01,T010_2,0.0,1433.035082877992,T014_2,1722.0578708849598,NEW-C_aircraft-01,procurement_required
P1_245_36,G2,C_aircraft,G2-C_aircraft-01,T014_2,3155.0929537629518,5460.277018730793,,,NEW-C_aircraft-01,procurement_required
P1_245_36,G2,C_aircraft,G2-C_aircraft-02,T012,1954.1116402878895,4069.193281566342,,,NEW-C_aircraft-02,procurement_required
P1_245_36,G2,A_batteries,G2-A_batteries-01,T009,0.0,2207.8690163260853,T022,2082.7026827981963,A02,existing
P1_245_36,G2,A_batteries,G2-A_batteries-01,T022,4290.571699124282,7157.600692042686,,,A02,existing
P1_245_36,G2,A_batteries,G2-A_batteries-02,T004,2004.1116402878897,5653.515220902664,,,A03,existing
P1_245_36,G2,B_batteries,G2-B_batteries-01,T002_2,0.0,2956.647180248775,T013,398.86130246697167,B01,existing
P1_245_36,G2,B_batteries,G2-B_batteries-01,T013,3355.5084827157466,7272.795381688331,,,B01,existing
P1_245_36,G2,B_batteries,G2-B_batteries-02,T015,0.0,3010.3575010505742,T021,2303.1923531521675,B02,existing
P1_245_36,G2,B_batteries,G2-B_batteries-02,T021,5313.549854202742,9078.773277607346,,,B02,existing
P1_245_36,G2,B_batteries,G2-B_batteries-03,T008,1505.9694925601796,4939.170345795129,,,B03,existing
P1_245_36,G2,B_batteries,G2-B_batteries-04,T011,1559.571459127682,5367.702780894794,,,B04,existing
P1_245_36,G2,C_batteries,G2-C_batteries-01,T010_2,0.0,2880.8082760764496,T014_2,274.28467768650216,C03,existing
P1_245_36,G2,C_batteries,G2-C_batteries-01,T014_2,3155.0929537629518,7966.52367812528,,,C03,existing
P1_245_36,G2,C_batteries,G2-C_batteries-02,T012,1954.1116402878895,6561.858999018011,,,C04,existing
P1_245_36,G2,relay_aircraft,G2-relay_aircraft-01,R004,96.18236555369045,3902.2114189986755,,,R01,existing
P1_245_36,G2,relay_aircraft,G2-relay_aircraft-02,R003,2004.2977389089663,7744.455885352581,,,R02,existing
P1_245_36,G2,relay_components,G2-relay_components-01,R004,96.18236555369045,4498.791383917484,,,RE01,existing
P1_245_36,G2,relay_components,G2-relay_components-02,R003,2004.2977389089663,8588.743789022035,,,RE02,existing
P1_245_36,G3,A_aircraft,G3-A_aircraft-01,T007_HARD,0.0,1712.4416357195464,T020,1974.6325642497181,U03,existing
P1_245_36,G3,A_aircraft,G3-A_aircraft-01,T020,3687.0741999692646,5657.284046946083,,,U03,existing
P1_245_36,G3,A_aircraft,G3-A_aircraft-02,T007_SOFT,0.0,1712.4416357195464,T007,1954.6325642497204,U04,existing
P1_245_36,G3,A_aircraft,G3-A_aircraft-02,T007,3667.074199969267,6275.115097078189,,,U04,existing
P1_245_36,G3,A_aircraft,G3-A_aircraft-03,T014_1,3769.074199969265,5464.83230463773,T016,5.000099999999293,NEW-A_aircraft-01,procurement_required
P1_245_36,G3,A_aircraft,G3-A_aircraft-03,T016,5469.832404637729,7165.590509306194,,,NEW-A_aircraft-01,procurement_required
P1_245_36,G3,B_aircraft,G3-B_aircraft-01,T006,3508.596003149672,4698.226288886111,T019_1,674.4765920086829,NEW-B_aircraft-01,procurement_required
P1_245_36,G3,B_aircraft,G3-B_aircraft-01,T019_1,5372.702880894794,6891.727225306649,,,NEW-B_aircraft-01,procurement_required
P1_245_36,G3,C_aircraft,G3-C_aircraft-01,T018,4074.1933815663424,6761.824258936959,,,NEW-C_aircraft-03,procurement_required
P1_245_36,G3,A_batteries,G3-A_batteries-01,T007_HARD,0.0,2761.062337358848,T014_1,1008.0118626104172,A04,existing
P1_245_36,G3,A_batteries,G3-A_batteries-01,T014_1,3769.074199969265,6580.0266291174285,,,A04,existing
P1_245_36,G3,A_batteries,G3-A_batteries-02,T007_SOFT,0.0,2779.9496716386757,T016,2689.8827329990536,A05,existing
P1_245_36,G3,A_batteries,G3-A_batteries-02,T016,5469.832404637729,8301.566821462397,,,A05,existing
P1_245_36,G3,A_batteries,G3-A_batteries-03,T007,3667.074199969267,7728.37856016178,,,A06,existing
P1_245_36,G3,A_batteries,G3-A_batteries-04,T020,3687.0741999692646,6897.284697633159,,,NEW-A_batteries-01,procurement_required
P1_245_36,G3,B_batteries,G3-B_batteries-01,T006,3508.596003149672,5831.667165848992,,,NEW-B_batteries-01,procurement_required
P1_245_36,G3,B_batteries,G3-B_batteries-02,T019_1,5372.702880894794,8356.40930924514,,,NEW-B_batteries-02,procurement_required
P1_245_36,G3,C_batteries,G3-C_batteries-01,T018,4074.1933815663424,9324.985226007513,,,NEW-C_batteries-01,procurement_required
P1_245_36,G3,relay_aircraft,G3-relay_aircraft-01,R001,190.137319029409,1999.297638856333,R002,1907.9138801423414,NEW-relay_aircraft-01,procurement_required
P1_245_36,G3,relay_aircraft,G3-relay_aircraft-01,R002,3907.2115189986744,7516.130043494062,,,NEW-relay_aircraft-01,procurement_required
P1_245_36,G3,relay_components,G3-relay_components-01,R001,190.137319029409,2344.3073253046314,R002,1562.904193694043,RE03,existing
P1_245_36,G3,relay_components,G3-relay_components-01,R002,3907.2115189986744,8084.5472154177,,,RE03,existing
P16_24_35,G1,A_aircraft,G1-A_aircraft-01,T005,0.0,1312.470877312685,,,U01,existing
P16_24_35,G1,B_aircraft,G1-B_aircraft-01,T006,3508.596003149672,4698.226288886111,,,U05,existing
P16_24_35,G1,C_aircraft,G1-C_aircraft-01,T001,0.0,1561.4261775174655,,,U07,existing
P16_24_35,G1,C_aircraft,G1-C_aircraft-02,T003,1438.035182877992,2867.4613603954576,,,U08,existing
P16_24_35,G1,A_batteries,G1-A_batteries-01,T005,0.0,2178.7887122874713,,,A01,existing
P16_24_35,G1,B_batteries,G1-B_batteries-01,T006,3508.596003149672,5831.667165848992,,,B01,existing
P16_24_35,G1,C_batteries,G1-C_batteries-01,T001,0.0,3150.0928537629516,,,C01,existing
P16_24_35,G1,C_batteries,G1-C_batteries-02,T003,1438.035182877992,4385.641813543676,,,C02,existing
P16_24_35,G2,A_aircraft,G2-A_aircraft-01,T009,0.0,1316.0142144169886,T004,688.0974258709011,U02,existing
P16_24_35,G2,A_aircraft,G2-A_aircraft-01,T004,2004.1116402878897,4285.571599124281,T022,5.000100000000202,U02,existing
P16_24_35,G2,A_aircraft,G2-A_aircraft-01,T022,4290.571699124282,5982.106185363231,,,U02,existing
P16_24_35,G2,B_aircraft,G2-B_aircraft-01,T013,3355.5084827157466,5313.549754202741,T021,0.00010000000111176632,U06,existing
P16_24_35,G2,B_aircraft,G2-B_aircraft-01,T021,5313.549854202742,7211.591125689736,,,U06,existing
P16_24_35,G2,C_aircraft,G2-C_aircraft-01,T010_2,0.0,1433.035082877992,T014_2,1722.0578708849598,NEW-C_aircraft-01,procurement_required
P16_24_35,G2,C_aircraft,G2-C_aircraft-01,T014_2,3155.0929537629518,5460.277018730793,,,NEW-C_aircraft-01,procurement_required
P16_24_35,G2,C_aircraft,G2-C_aircraft-02,T012,1954.1116402878895,4069.193281566342,,,NEW-C_aircraft-02,procurement_required
P16_24_35,G2,A_batteries,G2-A_batteries-01,T009,0.0,2207.8690163260853,T022,2082.7026827981963,A02,existing
P16_24_35,G2,A_batteries,G2-A_batteries-01,T022,4290.571699124282,7157.600692042686,,,A02,existing
P16_24_35,G2,A_batteries,G2-A_batteries-02,T004,2004.1116402878897,5653.515220902664,,,A03,existing
P16_24_35,G2,B_batteries,G2-B_batteries-01,T013,3355.5084827157466,7272.795381688331,,,B02,existing
P16_24_35,G2,B_batteries,G2-B_batteries-02,T021,5313.549854202742,9078.773277607346,,,B03,existing
P16_24_35,G2,C_batteries,G2-C_batteries-01,T010_2,0.0,2880.8082760764496,T014_2,274.28467768650216,C03,existing
P16_24_35,G2,C_batteries,G2-C_batteries-01,T014_2,3155.0929537629518,7966.52367812528,,,C03,existing
P16_24_35,G2,C_batteries,G2-C_batteries-02,T012,1954.1116402878895,6561.858999018011,,,C04,existing
P16_24_35,G2,relay_aircraft,G2-relay_aircraft-01,R003,2004.2977389089663,7744.455885352581,,,R01,existing
P16_24_35,G2,relay_components,G2-relay_components-01,R003,2004.2977389089663,8588.743789022035,,,RE01,existing
P16_24_35,G3,A_aircraft,G3-A_aircraft-01,T007_HARD,0.0,1712.4416357195464,T020,1974.6325642497181,U03,existing
P16_24_35,G3,A_aircraft,G3-A_aircraft-01,T020,3687.0741999692646,5657.284046946083,,,U03,existing
P16_24_35,G3,A_aircraft,G3-A_aircraft-02,T007_SOFT,0.0,1712.4416357195464,T007,1954.6325642497204,U04,existing
P16_24_35,G3,A_aircraft,G3-A_aircraft-02,T007,3667.074199969267,6275.115097078189,,,U04,existing
P16_24_35,G3,A_aircraft,G3-A_aircraft-03,T014_1,3769.074199969265,5464.83230463773,T016,5.000099999999293,NEW-A_aircraft-01,procurement_required
P16_24_35,G3,A_aircraft,G3-A_aircraft-03,T016,5469.832404637729,7165.590509306194,,,NEW-A_aircraft-01,procurement_required
P16_24_35,G3,B_aircraft,G3-B_aircraft-01,T002_2,0.0,1500.9693925601796,T008,5.000099999999975,NEW-B_aircraft-01,procurement_required
P16_24_35,G3,B_aircraft,G3-B_aircraft-01,T008,1505.9694925601796,3350.508382715747,T019_1,2022.1944981790475,NEW-B_aircraft-01,procurement_required
P16_24_35,G3,B_aircraft,G3-B_aircraft-01,T019_1,5372.702880894794,6891.727225306649,,,NEW-B_aircraft-01,procurement_required
P16_24_35,G3,B_aircraft,G3-B_aircraft-02,T015,0.0,1554.5713591276817,T011,5.000100000000202,NEW-B_aircraft-02,procurement_required
P16_24_35,G3,B_aircraft,G3-B_aircraft-02,T011,1559.571459127682,3503.5959031496714,,,NEW-B_aircraft-02,procurement_required
P16_24_35,G3,C_aircraft,G3-C_aircraft-01,T018,4074.1933815663424,6761.824258936959,,,NEW-C_aircraft-03,procurement_required
P16_24_35,G3,A_batteries,G3-A_batteries-01,T007_HARD,0.0,2761.062337358848,T014_1,1008.0118626104172,A04,existing
P16_24_35,G3,A_batteries,G3-A_batteries-01,T014_1,3769.074199969265,6580.0266291174285,,,A04,existing
P16_24_35,G3,A_batteries,G3-A_batteries-02,T007_SOFT,0.0,2779.9496716386757,T016,2689.8827329990536,A05,existing
P16_24_35,G3,A_batteries,G3-A_batteries-02,T016,5469.832404637729,8301.566821462397,,,A05,existing
P16_24_35,G3,A_batteries,G3-A_batteries-03,T007,3667.074199969267,7728.37856016178,,,A06,existing
P16_24_35,G3,A_batteries,G3-A_batteries-04,T020,3687.0741999692646,6897.284697633159,,,NEW-A_batteries-01,procurement_required
P16_24_35,G3,B_batteries,G3-B_batteries-01,T002_2,0.0,2956.647180248775,T019_1,2416.0557006460194,B04,existing
P16_24_35,G3,B_batteries,G3-B_batteries-01,T019_1,5372.702880894794,8356.40930924514,,,B04,existing
P16_24_35,G3,B_batteries,G3-B_batteries-02,T015,0.0,3010.3575010505742,,,NEW-B_batteries-01,procurement_required
P16_24_35,G3,B_batteries,G3-B_batteries-03,T008,1505.9694925601796,4939.170345795129,,,NEW-B_batteries-02,procurement_required
P16_24_35,G3,B_batteries,G3-B_batteries-04,T011,1559.571459127682,5367.702780894794,,,NEW-B_batteries-03,procurement_required
P16_24_35,G3,C_batteries,G3-C_batteries-01,T018,4074.1933815663424,9324.985226007513,,,NEW-C_batteries-01,procurement_required
P16_24_35,G3,relay_aircraft,G3-relay_aircraft-01,R004,96.18236555369045,3902.2114189986755,,,R02,existing
P16_24_35,G3,relay_aircraft,G3-relay_aircraft-02,R001,190.137319029409,1999.297638856333,R002,1907.9138801423414,NEW-relay_aircraft-01,procurement_required
P16_24_35,G3,relay_aircraft,G3-relay_aircraft-02,R002,3907.2115189986744,7516.130043494062,,,NEW-relay_aircraft-01,procurement_required
P16_24_35,G3,relay_components,G3-relay_components-01,R004,96.18236555369045,4498.791383917484,,,RE02,existing
P16_24_35,G3,relay_components,G3-relay_components-02,R001,190.137319029409,2344.3073253046314,R002,1562.904193694043,RE03,existing
P16_24_35,G3,relay_components,G3-relay_components-02,R002,3907.2115189986744,8084.5472154177,,,RE03,existing
P1_246_35,G1,A_aircraft,G1-A_aircraft-01,T005,0.0,1312.470877312685,,,U01,existing
P1_246_35,G1,C_aircraft,G1-C_aircraft-01,T001,0.0,1561.4261775174655,,,U07,existing
P1_246_35,G1,C_aircraft,G1-C_aircraft-02,T003,1438.035182877992,2867.4613603954576,,,U08,existing
P1_246_35,G1,A_batteries,G1-A_batteries-01,T005,0.0,2178.7887122874713,,,A01,existing
P1_246_35,G1,C_batteries,G1-C_batteries-01,T001,0.0,3150.0928537629516,,,C01,existing
P1_246_35,G1,C_batteries,G1-C_batteries-02,T003,1438.035182877992,4385.641813543676,,,C02,existing
P1_246_35,G2,A_aircraft,G2-A_aircraft-01,T009,0.0,1316.0142144169886,T004,688.0974258709011,U02,existing
P1_246_35,G2,A_aircraft,G2-A_aircraft-01,T004,2004.1116402878897,4285.571599124281,T022,5.000100000000202,U02,existing
P1_246_35,G2,A_aircraft,G2-A_aircraft-01,T022,4290.571699124282,5982.106185363231,,,U02,existing
P1_246_35,G2,B_aircraft,G2-B_aircraft-01,T013,3355.5084827157466,5313.549754202741,,,U05,existing
P1_246_35,G2,B_aircraft,G2-B_aircraft-02,T006,3508.596003149672,4698.226288886111,T021,615.3235653166303,U06,existing
P1_246_35,G2,B_aircraft,G2-B_aircraft-02,T021,5313.549854202742,7211.591125689736,,,U06,existing
P1_246_35,G2,C_aircraft,G2-C_aircraft-01,T010_2,0.0,1433.035082877992,T014_2,1722.0578708849598,NEW-C_aircraft-01,procurement_required
P1_246_35,G2,C_aircraft,G2-C_aircraft-01,T014_2,3155.0929537629518,5460.277018730793,,,NEW-C_aircraft-01,procurement_required
P1_246_35,G2,C_aircraft,G2-C_aircraft-02,T012,1954.1116402878895,4069.193281566342,,,NEW-C_aircraft-02,procurement_required
P1_246_35,G2,A_batteries,G2-A_batteries-01,T009,0.0,2207.8690163260853,T022,2082.7026827981963,A02,existing
P1_246_35,G2,A_batteries,G2-A_batteries-01,T022,4290.571699124282,7157.600692042686,,,A02,existing
P1_246_35,G2,A_batteries,G2-A_batteries-02,T004,2004.1116402878897,5653.515220902664,,,A03,existing
P1_246_35,G2,B_batteries,G2-B_batteries-01,T013,3355.5084827157466,7272.795381688331,,,B01,existing
P1_246_35,G2,B_batteries,G2-B_batteries-02,T006,3508.596003149672,5831.667165848992,,,B02,existing
P1_246_35,G2,B_batteries,G2-B_batteries-03,T021,5313.549854202742,9078.773277607346,,,B03,existing
P1_246_35,G2,C_batteries,G2-C_batteries-01,T010_2,0.0,2880.8082760764496,T014_2,274.28467768650216,C03,existing
P1_246_35,G2,C_batteries,G2-C_batteries-01,T014_2,3155.0929537629518,7966.52367812528,,,C03,existing
P1_246_35,G2,C_batteries,G2-C_batteries-02,T012,1954.1116402878895,6561.858999018011,,,C04,existing
P1_246_35,G2,relay_aircraft,G2-relay_aircraft-01,R003,2004.2977389089663,7744.455885352581,,,R01,existing
P1_246_35,G2,relay_components,G2-relay_components-01,R003,2004.2977389089663,8588.743789022035,,,RE01,existing
P1_246_35,G3,A_aircraft,G3-A_aircraft-01,T007_HARD,0.0,1712.4416357195464,T020,1974.6325642497181,U03,existing
P1_246_35,G3,A_aircraft,G3-A_aircraft-01,T020,3687.0741999692646,5657.284046946083,,,U03,existing
P1_246_35,G3,A_aircraft,G3-A_aircraft-02,T007_SOFT,0.0,1712.4416357195464,T007,1954.6325642497204,U04,existing
P1_246_35,G3,A_aircraft,G3-A_aircraft-02,T007,3667.074199969267,6275.115097078189,,,U04,existing
P1_246_35,G3,A_aircraft,G3-A_aircraft-03,T014_1,3769.074199969265,5464.83230463773,T016,5.000099999999293,NEW-A_aircraft-01,procurement_required
P1_246_35,G3,A_aircraft,G3-A_aircraft-03,T016,5469.832404637729,7165.590509306194,,,NEW-A_aircraft-01,procurement_required
P1_246_35,G3,B_aircraft,G3-B_aircraft-01,T002_2,0.0,1500.9693925601796,T008,5.000099999999975,NEW-B_aircraft-01,procurement_required
P1_246_35,G3,B_aircraft,G3-B_aircraft-01,T008,1505.9694925601796,3350.508382715747,T019_1,2022.1944981790475,NEW-B_aircraft-01,procurement_required
P1_246_35,G3,B_aircraft,G3-B_aircraft-01,T019_1,5372.702880894794,6891.727225306649,,,NEW-B_aircraft-01,procurement_required
P1_246_35,G3,B_aircraft,G3-B_aircraft-02,T015,0.0,1554.5713591276817,T011,5.000100000000202,NEW-B_aircraft-02,procurement_required
P1_246_35,G3,B_aircraft,G3-B_aircraft-02,T011,1559.571459127682,3503.5959031496714,,,NEW-B_aircraft-02,procurement_required
P1_246_35,G3,C_aircraft,G3-C_aircraft-01,T018,4074.1933815663424,6761.824258936959,,,NEW-C_aircraft-03,procurement_required
P1_246_35,G3,A_batteries,G3-A_batteries-01,T007_HARD,0.0,2761.062337358848,T014_1,1008.0118626104172,A04,existing
P1_246_35,G3,A_batteries,G3-A_batteries-01,T014_1,3769.074199969265,6580.0266291174285,,,A04,existing
P1_246_35,G3,A_batteries,G3-A_batteries-02,T007_SOFT,0.0,2779.9496716386757,T016,2689.8827329990536,A05,existing
P1_246_35,G3,A_batteries,G3-A_batteries-02,T016,5469.832404637729,8301.566821462397,,,A05,existing
P1_246_35,G3,A_batteries,G3-A_batteries-03,T007,3667.074199969267,7728.37856016178,,,A06,existing
P1_246_35,G3,A_batteries,G3-A_batteries-04,T020,3687.0741999692646,6897.284697633159,,,NEW-A_batteries-01,procurement_required
P1_246_35,G3,B_batteries,G3-B_batteries-01,T002_2,0.0,2956.647180248775,T019_1,2416.0557006460194,B04,existing
P1_246_35,G3,B_batteries,G3-B_batteries-01,T019_1,5372.702880894794,8356.40930924514,,,B04,existing
P1_246_35,G3,B_batteries,G3-B_batteries-02,T015,0.0,3010.3575010505742,,,NEW-B_batteries-01,procurement_required
P1_246_35,G3,B_batteries,G3-B_batteries-03,T008,1505.9694925601796,4939.170345795129,,,NEW-B_batteries-02,procurement_required
P1_246_35,G3,B_batteries,G3-B_batteries-04,T011,1559.571459127682,5367.702780894794,,,NEW-B_batteries-03,procurement_required
P1_246_35,G3,C_batteries,G3-C_batteries-01,T018,4074.1933815663424,9324.985226007513,,,NEW-C_batteries-01,procurement_required
P1_246_35,G3,relay_aircraft,G3-relay_aircraft-01,R004,96.18236555369045,3902.2114189986755,,,R02,existing
P1_246_35,G3,relay_aircraft,G3-relay_aircraft-02,R001,190.137319029409,1999.297638856333,R002,1907.9138801423414,NEW-relay_aircraft-01,procurement_required
P1_246_35,G3,relay_aircraft,G3-relay_aircraft-02,R002,3907.2115189986744,7516.130043494062,,,NEW-relay_aircraft-01,procurement_required
P1_246_35,G3,relay_components,G3-relay_components-01,R004,96.18236555369045,4498.791383917484,,,RE02,existing
P1_246_35,G3,relay_components,G3-relay_components-02,R001,190.137319029409,2344.3073253046314,R002,1562.904193694043,RE03,existing
P1_246_35,G3,relay_components,G3-relay_components-02,R002,3907.2115189986744,8084.5472154177,,,RE03,existing
P1_24_356,G1,A_aircraft,G1-A_aircraft-01,T005,0.0,1312.470877312685,,,U01,existing
P1_24_356,G1,C_aircraft,G1-C_aircraft-01,T001,0.0,1561.4261775174655,,,U07,existing
P1_24_356,G1,C_aircraft,G1-C_aircraft-02,T003,1438.035182877992,2867.4613603954576,,,U08,existing
P1_24_356,G1,A_batteries,G1-A_batteries-01,T005,0.0,2178.7887122874713,,,A01,existing
P1_24_356,G1,C_batteries,G1-C_batteries-01,T001,0.0,3150.0928537629516,,,C01,existing
P1_24_356,G1,C_batteries,G1-C_batteries-02,T003,1438.035182877992,4385.641813543676,,,C02,existing
P1_24_356,G2,A_aircraft,G2-A_aircraft-01,T009,0.0,1316.0142144169886,T004,688.0974258709011,U02,existing
P1_24_356,G2,A_aircraft,G2-A_aircraft-01,T004,2004.1116402878897,4285.571599124281,T022,5.000100000000202,U02,existing
P1_24_356,G2,A_aircraft,G2-A_aircraft-01,T022,4290.571699124282,5982.106185363231,,,U02,existing
P1_24_356,G2,B_aircraft,G2-B_aircraft-01,T013,3355.5084827157466,5313.549754202741,T021,0.00010000000111176632,U05,existing
P1_24_356,G2,B_aircraft,G2-B_aircraft-01,T021,5313.549854202742,7211.591125689736,,,U05,existing
P1_24_356,G2,C_aircraft,G2-C_aircraft-01,T010_2,0.0,1433.035082877992,T014_2,1722.0578708849598,NEW-C_aircraft-01,procurement_required
P1_24_356,G2,C_aircraft,G2-C_aircraft-01,T014_2,3155.0929537629518,5460.277018730793,,,NEW-C_aircraft-01,procurement_required
P1_24_356,G2,C_aircraft,G2-C_aircraft-02,T012,1954.1116402878895,4069.193281566342,,,NEW-C_aircraft-02,procurement_required
P1_24_356,G2,A_batteries,G2-A_batteries-01,T009,0.0,2207.8690163260853,T022,2082.7026827981963,A02,existing
P1_24_356,G2,A_batteries,G2-A_batteries-01,T022,4290.571699124282,7157.600692042686,,,A02,existing
P1_24_356,G2,A_batteries,G2-A_batteries-02,T004,2004.1116402878897,5653.515220902664,,,A03,existing
P1_24_356,G2,B_batteries,G2-B_batteries-01,T013,3355.5084827157466,7272.795381688331,,,B01,existing
P1_24_356,G2,B_batteries,G2-B_batteries-02,T021,5313.549854202742,9078.773277607346,,,B02,existing
P1_24_356,G2,C_batteries,G2-C_batteries-01,T010_2,0.0,2880.8082760764496,T014_2,274.28467768650216,C03,existing
P1_24_356,G2,C_batteries,G2-C_batteries-01,T014_2,3155.0929537629518,7966.52367812528,,,C03,existing
P1_24_356,G2,C_batteries,G2-C_batteries-02,T012,1954.1116402878895,6561.858999018011,,,C04,existing
P1_24_356,G2,relay_aircraft,G2-relay_aircraft-01,R003,2004.2977389089663,7744.455885352581,,,R01,existing
P1_24_356,G2,relay_components,G2-relay_components-01,R003,2004.2977389089663,8588.743789022035,,,RE01,existing
P1_24_356,G3,A_aircraft,G3-A_aircraft-01,T007_HARD,0.0,1712.4416357195464,T020,1974.6325642497181,U03,existing
P1_24_356,G3,A_aircraft,G3-A_aircraft-01,T020,3687.0741999692646,5657.284046946083,,,U03,existing
P1_24_356,G3,A_aircraft,G3-A_aircraft-02,T007_SOFT,0.0,1712.4416357195464,T007,1954.6325642497204,U04,existing
P1_24_356,G3,A_aircraft,G3-A_aircraft-02,T007,3667.074199969267,6275.115097078189,,,U04,existing
P1_24_356,G3,A_aircraft,G3-A_aircraft-03,T014_1,3769.074199969265,5464.83230463773,T016,5.000099999999293,NEW-A_aircraft-01,procurement_required
P1_24_356,G3,A_aircraft,G3-A_aircraft-03,T016,5469.832404637729,7165.590509306194,,,NEW-A_aircraft-01,procurement_required
P1_24_356,G3,B_aircraft,G3-B_aircraft-01,T002_2,0.0,1500.9693925601796,T008,5.000099999999975,U06,existing
P1_24_356,G3,B_aircraft,G3-B_aircraft-01,T008,1505.9694925601796,3350.508382715747,T019_1,2022.1944981790475,U06,existing
P1_24_356,G3,B_aircraft,G3-B_aircraft-01,T019_1,5372.702880894794,6891.727225306649,,,U06,existing
P1_24_356,G3,B_aircraft,G3-B_aircraft-02,T015,0.0,1554.5713591276817,T011,5.000100000000202,NEW-B_aircraft-01,procurement_required
P1_24_356,G3,B_aircraft,G3-B_aircraft-02,T011,1559.571459127682,3503.5959031496714,T006,5.000100000000657,NEW-B_aircraft-01,procurement_required
P1_24_356,G3,B_aircraft,G3-B_aircraft-02,T006,3508.596003149672,4698.226288886111,,,NEW-B_aircraft-01,procurement_required
P1_24_356,G3,C_aircraft,G3-C_aircraft-01,T018,4074.1933815663424,6761.824258936959,,,NEW-C_aircraft-03,procurement_required
P1_24_356,G3,A_batteries,G3-A_batteries-01,T007_HARD,0.0,2761.062337358848,T014_1,1008.0118626104172,A04,existing
P1_24_356,G3,A_batteries,G3-A_batteries-01,T014_1,3769.074199969265,6580.0266291174285,,,A04,existing
P1_24_356,G3,A_batteries,G3-A_batteries-02,T007_SOFT,0.0,2779.9496716386757,T016,2689.8827329990536,A05,existing
P1_24_356,G3,A_batteries,G3-A_batteries-02,T016,5469.832404637729,8301.566821462397,,,A05,existing
P1_24_356,G3,A_batteries,G3-A_batteries-03,T007,3667.074199969267,7728.37856016178,,,A06,existing
P1_24_356,G3,A_batteries,G3-A_batteries-04,T020,3687.0741999692646,6897.284697633159,,,NEW-A_batteries-01,procurement_required
P1_24_356,G3,B_batteries,G3-B_batteries-01,T002_2,0.0,2956.647180248775,T006,551.9488229008971,B03,existing
P1_24_356,G3,B_batteries,G3-B_batteries-01,T006,3508.596003149672,5831.667165848992,,,B03,existing
P1_24_356,G3,B_batteries,G3-B_batteries-02,T015,0.0,3010.3575010505742,T019_1,2362.34537984422,B04,existing
P1_24_356,G3,B_batteries,G3-B_batteries-02,T019_1,5372.702880894794,8356.40930924514,,,B04,existing
P1_24_356,G3,B_batteries,G3-B_batteries-03,T008,1505.9694925601796,4939.170345795129,,,NEW-B_batteries-01,procurement_required
P1_24_356,G3,B_batteries,G3-B_batteries-04,T011,1559.571459127682,5367.702780894794,,,NEW-B_batteries-02,procurement_required
P1_24_356,G3,C_batteries,G3-C_batteries-01,T018,4074.1933815663424,9324.985226007513,,,NEW-C_batteries-01,procurement_required
P1_24_356,G3,relay_aircraft,G3-relay_aircraft-01,R004,96.18236555369045,3902.2114189986755,,,R02,existing
P1_24_356,G3,relay_aircraft,G3-relay_aircraft-02,R001,190.137319029409,1999.297638856333,R002,1907.9138801423414,NEW-relay_aircraft-01,procurement_required
P1_24_356,G3,relay_aircraft,G3-relay_aircraft-02,R002,3907.2115189986744,7516.130043494062,,,NEW-relay_aircraft-01,procurement_required
P1_24_356,G3,relay_components,G3-relay_components-01,R004,96.18236555369045,4498.791383917484,,,RE02,existing
P1_24_356,G3,relay_components,G3-relay_components-02,R001,190.137319029409,2344.3073253046314,R002,1562.904193694043,RE03,existing
P1_24_356,G3,relay_components,G3-relay_components-02,R002,3907.2115189986744,8084.5472154177,,,RE03,existing
P156_2_34,G1,A_aircraft,G1-A_aircraft-01,T005,0.0,1312.470877312685,,,U01,existing
P156_2_34,G1,B_aircraft,G1-B_aircraft-01,T002_2,0.0,1500.9693925601796,T008,5.000099999999975,U05,existing
P156_2_34,G1,B_aircraft,G1-B_aircraft-01,T008,1505.9694925601796,3350.508382715747,T006,158.08762043392517,U05,existing
P156_2_34,G1,B_aircraft,G1-B_aircraft-01,T006,3508.596003149672,4698.226288886111,,,U05,existing
P156_2_34,G1,B_aircraft,G1-B_aircraft-02,T015,0.0,1554.5713591276817,T011,5.000100000000202,U06,existing
P156_2_34,G1,B_aircraft,G1-B_aircraft-02,T011,1559.571459127682,3503.5959031496714,,,U06,existing
P156_2_34,G1,C_aircraft,G1-C_aircraft-01,T001,0.0,1561.4261775174655,,,U07,existing
P156_2_34,G1,C_aircraft,G1-C_aircraft-02,T003,1438.035182877992,2867.4613603954576,,,U08,existing
P156_2_34,G1,A_batteries,G1-A_batteries-01,T005,0.0,2178.7887122874713,,,A01,existing
P156_2_34,G1,B_batteries,G1-B_batteries-01,T002_2,0.0,2956.647180248775,T006,551.9488229008971,B01,existing
P156_2_34,G1,B_batteries,G1-B_batteries-01,T006,3508.596003149672,5831.667165848992,,,B01,existing
P156_2_34,G1,B_batteries,G1-B_batteries-02,T015,0.0,3010.3575010505742,,,B02,existing
P156_2_34,G1,B_batteries,G1-B_batteries-03,T008,1505.9694925601796,4939.170345795129,,,B03,existing
P156_2_34,G1,B_batteries,G1-B_batteries-04,T011,1559.571459127682,5367.702780894794,,,B04,existing
P156_2_34,G1,C_batteries,G1-C_batteries-01,T001,0.0,3150.0928537629516,,,C01,existing
P156_2_34,G1,C_batteries,G1-C_batteries-02,T003,1438.035182877992,4385.641813543676,,,C02,existing
P156_2_34,G1,relay_aircraft,G1-relay_aircraft-01,R004,96.18236555369045,3902.2114189986755,,,R01,existing
P156_2_34,G1,relay_components,G1-relay_components-01,R004,96.18236555369045,4498.791383917484,,,RE01,existing
P156_2_34,G2,A_aircraft,G2-A_aircraft-01,T004,2004.1116402878897,4285.571599124281,T022,5.000100000000202,U02,existing
P156_2_34,G2,A_aircraft,G2-A_aircraft-01,T022,4290.571699124282,5982.106185363231,,,U02,existing
P156_2_34,G2,B_aircraft,G2-B_aircraft-01,T013,3355.5084827157466,5313.549754202741,T021,0.00010000000111176632,NEW-B_aircraft-01,procurement_required
P156_2_34,G2,B_aircraft,G2-B_aircraft-01,T021,5313.549854202742,7211.591125689736,,,NEW-B_aircraft-01,procurement_required
P156_2_34,G2,C_aircraft,G2-C_aircraft-01,T012,1954.1116402878895,4069.193281566342,,,NEW-C_aircraft-01,procurement_required
P156_2_34,G2,C_aircraft,G2-C_aircraft-02,T014_2,3155.0929537629518,5460.277018730793,,,NEW-C_aircraft-02,procurement_required
P156_2_34,G2,A_batteries,G2-A_batteries-01,T004,2004.1116402878897,5653.515220902664,,,A02,existing
P156_2_34,G2,A_batteries,G2-A_batteries-02,T022,4290.571699124282,7157.600692042686,,,A03,existing
P156_2_34,G2,B_batteries,G2-B_batteries-01,T013,3355.5084827157466,7272.795381688331,,,NEW-B_batteries-01,procurement_required
P156_2_34,G2,B_batteries,G2-B_batteries-02,T021,5313.549854202742,9078.773277607346,,,NEW-B_batteries-02,procurement_required
P156_2_34,G2,C_batteries,G2-C_batteries-01,T012,1954.1116402878895,6561.858999018011,,,C03,existing
P156_2_34,G2,C_batteries,G2-C_batteries-02,T014_2,3155.0929537629518,7966.52367812528,,,C04,existing
P156_2_34,G2,relay_aircraft,G2-relay_aircraft-01,R003,2004.2977389089663,7744.455885352581,,,R02,existing
P156_2_34,G2,relay_components,G2-relay_components-01,R003,2004.2977389089663,8588.743789022035,,,RE02,existing
P156_2_34,G3,A_aircraft,G3-A_aircraft-01,T007_HARD,0.0,1712.4416357195464,T020,1974.6325642497181,U03,existing
P156_2_34,G3,A_aircraft,G3-A_aircraft-01,T020,3687.0741999692646,5657.284046946083,,,U03,existing
P156_2_34,G3,A_aircraft,G3-A_aircraft-02,T007_SOFT,0.0,1712.4416357195464,T007,1954.6325642497204,U04,existing
P156_2_34,G3,A_aircraft,G3-A_aircraft-02,T007,3667.074199969267,6275.115097078189,,,U04,existing
P156_2_34,G3,A_aircraft,G3-A_aircraft-03,T009,0.0,1316.0142144169886,T014_1,2453.0599855522764,NEW-A_aircraft-01,procurement_required
P156_2_34,G3,A_aircraft,G3-A_aircraft-03,T014_1,3769.074199969265,5464.83230463773,T016,5.000099999999293,NEW-A_aircraft-01,procurement_required
P156_2_34,G3,A_aircraft,G3-A_aircraft-03,T016,5469.832404637729,7165.590509306194,,,NEW-A_aircraft-01,procurement_required
P156_2_34,G3,B_aircraft,G3-B_aircraft-01,T019_1,5372.702880894794,6891.727225306649,,,NEW-B_aircraft-02,procurement_required
P156_2_34,G3,C_aircraft,G3-C_aircraft-01,T010_2,0.0,1433.035082877992,T018,2641.1582986883504,NEW-C_aircraft-03,procurement_required
P156_2_34,G3,C_aircraft,G3-C_aircraft-01,T018,4074.1933815663424,6761.824258936959,,,NEW-C_aircraft-03,procurement_required
P156_2_34,G3,A_batteries,G3-A_batteries-01,T007_HARD,0.0,2761.062337358848,T014_1,1008.0118626104172,A04,existing
P156_2_34,G3,A_batteries,G3-A_batteries-01,T014_1,3769.074199969265,6580.0266291174285,,,A04,existing
P156_2_34,G3,A_batteries,G3-A_batteries-02,T007_SOFT,0.0,2779.9496716386757,T016,2689.8827329990536,A05,existing
P156_2_34,G3,A_batteries,G3-A_batteries-02,T016,5469.832404637729,8301.566821462397,,,A05,existing
P156_2_34,G3,A_batteries,G3-A_batteries-03,T009,0.0,2207.8690163260853,T007,1459.2051836431815,A06,existing
P156_2_34,G3,A_batteries,G3-A_batteries-03,T007,3667.074199969267,7728.37856016178,,,A06,existing
P156_2_34,G3,A_batteries,G3-A_batteries-04,T020,3687.0741999692646,6897.284697633159,,,NEW-A_batteries-01,procurement_required
P156_2_34,G3,B_batteries,G3-B_batteries-01,T019_1,5372.702880894794,8356.40930924514,,,NEW-B_batteries-03,procurement_required
P156_2_34,G3,C_batteries,G3-C_batteries-01,T010_2,0.0,2880.8082760764496,T018,1193.3851054898928,NEW-C_batteries-01,procurement_required
P156_2_34,G3,C_batteries,G3-C_batteries-01,T018,4074.1933815663424,9324.985226007513,,,NEW-C_batteries-01,procurement_required
P156_2_34,G3,relay_aircraft,G3-relay_aircraft-01,R001,190.137319029409,1999.297638856333,R002,1907.9138801423414,NEW-relay_aircraft-01,procurement_required
P156_2_34,G3,relay_aircraft,G3-relay_aircraft-01,R002,3907.2115189986744,7516.130043494062,,,NEW-relay_aircraft-01,procurement_required
P156_2_34,G3,relay_components,G3-relay_components-01,R001,190.137319029409,2344.3073253046314,R002,1562.904193694043,RE03,existing
P156_2_34,G3,relay_components,G3-relay_components-01,R002,3907.2115189986744,8084.5472154177,,,RE03,existing
P15_26_34,G1,A_aircraft,G1-A_aircraft-01,T005,0.0,1312.470877312685,,,U01,existing
P15_26_34,G1,B_aircraft,G1-B_aircraft-01,T002_2,0.0,1500.9693925601796,T008,5.000099999999975,U05,existing
P15_26_34,G1,B_aircraft,G1-B_aircraft-01,T008,1505.9694925601796,3350.508382715747,,,U05,existing
P15_26_34,G1,B_aircraft,G1-B_aircraft-02,T015,0.0,1554.5713591276817,T011,5.000100000000202,U06,existing
P15_26_34,G1,B_aircraft,G1-B_aircraft-02,T011,1559.571459127682,3503.5959031496714,,,U06,existing
P15_26_34,G1,C_aircraft,G1-C_aircraft-01,T001,0.0,1561.4261775174655,,,U07,existing
P15_26_34,G1,C_aircraft,G1-C_aircraft-02,T003,1438.035182877992,2867.4613603954576,,,U08,existing
P15_26_34,G1,A_batteries,G1-A_batteries-01,T005,0.0,2178.7887122874713,,,A01,existing
P15_26_34,G1,B_batteries,G1-B_batteries-01,T002_2,0.0,2956.647180248775,,,B01,existing
P15_26_34,G1,B_batteries,G1-B_batteries-02,T015,0.0,3010.3575010505742,,,B02,existing
P15_26_34,G1,B_batteries,G1-B_batteries-03,T008,1505.9694925601796,4939.170345795129,,,B03,existing
P15_26_34,G1,B_batteries,G1-B_batteries-04,T011,1559.571459127682,5367.702780894794,,,B04,existing
P15_26_34,G1,C_batteries,G1-C_batteries-01,T001,0.0,3150.0928537629516,,,C01,existing
P15_26_34,G1,C_batteries,G1-C_batteries-02,T003,1438.035182877992,4385.641813543676,,,C02,existing
P15_26_34,G1,relay_aircraft,G1-relay_aircraft-01,R004,96.18236555369045,3902.2114189986755,,,R01,existing
P15_26_34,G1,relay_components,G1-relay_components-01,R004,96.18236555369045,4498.791383917484,,,RE01,existing
P15_26_34,G2,A_aircraft,G2-A_aircraft-01,T004,2004.1116402878897,4285.571599124281,T022,5.000100000000202,U02,existing
P15_26_34,G2,A_aircraft,G2-A_aircraft-01,T022,4290.571699124282,5982.106185363231,,,U02,existing
P15_26_34,G2,B_aircraft,G2-B_aircraft-01,T013,3355.5084827157466,5313.549754202741,,,NEW-B_aircraft-01,procurement_required
P15_26_34,G2,B_aircraft,G2-B_aircraft-02,T006,3508.596003149672,4698.226288886111,T021,615.3235653166303,NEW-B_aircraft-02,procurement_required
P15_26_34,G2,B_aircraft,G2-B_aircraft-02,T021,5313.549854202742,7211.591125689736,,,NEW-B_aircraft-02,procurement_required
P15_26_34,G2,C_aircraft,G2-C_aircraft-01,T012,1954.1116402878895,4069.193281566342,,,NEW-C_aircraft-01,procurement_required
P15_26_34,G2,C_aircraft,G2-C_aircraft-02,T014_2,3155.0929537629518,5460.277018730793,,,NEW-C_aircraft-02,procurement_required
P15_26_34,G2,A_batteries,G2-A_batteries-01,T004,2004.1116402878897,5653.515220902664,,,A02,existing
P15_26_34,G2,A_batteries,G2-A_batteries-02,T022,4290.571699124282,7157.600692042686,,,A03,existing
P15_26_34,G2,B_batteries,G2-B_batteries-01,T013,3355.5084827157466,7272.795381688331,,,NEW-B_batteries-01,procurement_required
P15_26_34,G2,B_batteries,G2-B_batteries-02,T006,3508.596003149672,5831.667165848992,,,NEW-B_batteries-02,procurement_required
P15_26_34,G2,B_batteries,G2-B_batteries-03,T021,5313.549854202742,9078.773277607346,,,NEW-B_batteries-03,procurement_required
P15_26_34,G2,C_batteries,G2-C_batteries-01,T012,1954.1116402878895,6561.858999018011,,,C03,existing
P15_26_34,G2,C_batteries,G2-C_batteries-02,T014_2,3155.0929537629518,7966.52367812528,,,C04,existing
P15_26_34,G2,relay_aircraft,G2-relay_aircraft-01,R003,2004.2977389089663,7744.455885352581,,,R02,existing
P15_26_34,G2,relay_components,G2-relay_components-01,R003,2004.2977389089663,8588.743789022035,,,RE02,existing
P15_26_34,G3,A_aircraft,G3-A_aircraft-01,T007_HARD,0.0,1712.4416357195464,T020,1974.6325642497181,U03,existing
P15_26_34,G3,A_aircraft,G3-A_aircraft-01,T020,3687.0741999692646,5657.284046946083,,,U03,existing
P15_26_34,G3,A_aircraft,G3-A_aircraft-02,T007_SOFT,0.0,1712.4416357195464,T007,1954.6325642497204,U04,existing
P15_26_34,G3,A_aircraft,G3-A_aircraft-02,T007,3667.074199969267,6275.115097078189,,,U04,existing
P15_26_34,G3,A_aircraft,G3-A_aircraft-03,T009,0.0,1316.0142144169886,T014_1,2453.0599855522764,NEW-A_aircraft-01,procurement_required
P15_26_34,G3,A_aircraft,G3-A_aircraft-03,T014_1,3769.074199969265,5464.83230463773,T016,5.000099999999293,NEW-A_aircraft-01,procurement_required
P15_26_34,G3,A_aircraft,G3-A_aircraft-03,T016,5469.832404637729,7165.590509306194,,,NEW-A_aircraft-01,procurement_required
P15_26_34,G3,B_aircraft,G3-B_aircraft-01,T019_1,5372.702880894794,6891.727225306649,,,NEW-B_aircraft-03,procurement_required
P15_26_34,G3,C_aircraft,G3-C_aircraft-01,T010_2,0.0,1433.035082877992,T018,2641.1582986883504,NEW-C_aircraft-03,procurement_required
P15_26_34,G3,C_aircraft,G3-C_aircraft-01,T018,4074.1933815663424,6761.824258936959,,,NEW-C_aircraft-03,procurement_required
P15_26_34,G3,A_batteries,G3-A_batteries-01,T007_HARD,0.0,2761.062337358848,T014_1,1008.0118626104172,A04,existing
P15_26_34,G3,A_batteries,G3-A_batteries-01,T014_1,3769.074199969265,6580.0266291174285,,,A04,existing
P15_26_34,G3,A_batteries,G3-A_batteries-02,T007_SOFT,0.0,2779.9496716386757,T016,2689.8827329990536,A05,existing
P15_26_34,G3,A_batteries,G3-A_batteries-02,T016,5469.832404637729,8301.566821462397,,,A05,existing
P15_26_34,G3,A_batteries,G3-A_batteries-03,T009,0.0,2207.8690163260853,T007,1459.2051836431815,A06,existing
P15_26_34,G3,A_batteries,G3-A_batteries-03,T007,3667.074199969267,7728.37856016178,,,A06,existing
P15_26_34,G3,A_batteries,G3-A_batteries-04,T020,3687.0741999692646,6897.284697633159,,,NEW-A_batteries-01,procurement_required
P15_26_34,G3,B_batteries,G3-B_batteries-01,T019_1,5372.702880894794,8356.40930924514,,,NEW-B_batteries-04,procurement_required
P15_26_34,G3,C_batteries,G3-C_batteries-01,T010_2,0.0,2880.8082760764496,T018,1193.3851054898928,NEW-C_batteries-01,procurement_required
P15_26_34,G3,C_batteries,G3-C_batteries-01,T018,4074.1933815663424,9324.985226007513,,,NEW-C_batteries-01,procurement_required
P15_26_34,G3,relay_aircraft,G3-relay_aircraft-01,R001,190.137319029409,1999.297638856333,R002,1907.9138801423414,NEW-relay_aircraft-01,procurement_required
P15_26_34,G3,relay_aircraft,G3-relay_aircraft-01,R002,3907.2115189986744,7516.130043494062,,,NEW-relay_aircraft-01,procurement_required
P15_26_34,G3,relay_components,G3-relay_components-01,R001,190.137319029409,2344.3073253046314,R002,1562.904193694043,RE03,existing
P15_26_34,G3,relay_components,G3-relay_components-01,R002,3907.2115189986744,8084.5472154177,,,RE03,existing
P15_2_346,G1,A_aircraft,G1-A_aircraft-01,T005,0.0,1312.470877312685,,,U01,existing
P15_2_346,G1,B_aircraft,G1-B_aircraft-01,T002_2,0.0,1500.9693925601796,T008,5.000099999999975,U05,existing
P15_2_346,G1,B_aircraft,G1-B_aircraft-01,T008,1505.9694925601796,3350.508382715747,,,U05,existing
P15_2_346,G1,B_aircraft,G1-B_aircraft-02,T015,0.0,1554.5713591276817,T011,5.000100000000202,U06,existing
P15_2_346,G1,B_aircraft,G1-B_aircraft-02,T011,1559.571459127682,3503.5959031496714,,,U06,existing
P15_2_346,G1,C_aircraft,G1-C_aircraft-01,T001,0.0,1561.4261775174655,,,U07,existing
P15_2_346,G1,C_aircraft,G1-C_aircraft-02,T003,1438.035182877992,2867.4613603954576,,,U08,existing
P15_2_346,G1,A_batteries,G1-A_batteries-01,T005,0.0,2178.7887122874713,,,A01,existing
P15_2_346,G1,B_batteries,G1-B_batteries-01,T002_2,0.0,2956.647180248775,,,B01,existing
P15_2_346,G1,B_batteries,G1-B_batteries-02,T015,0.0,3010.3575010505742,,,B02,existing
P15_2_346,G1,B_batteries,G1-B_batteries-03,T008,1505.9694925601796,4939.170345795129,,,B03,existing
P15_2_346,G1,B_batteries,G1-B_batteries-04,T011,1559.571459127682,5367.702780894794,,,B04,existing
P15_2_346,G1,C_batteries,G1-C_batteries-01,T001,0.0,3150.0928537629516,,,C01,existing
P15_2_346,G1,C_batteries,G1-C_batteries-02,T003,1438.035182877992,4385.641813543676,,,C02,existing
P15_2_346,G1,relay_aircraft,G1-relay_aircraft-01,R004,96.18236555369045,3902.2114189986755,,,R01,existing
P15_2_346,G1,relay_components,G1-relay_components-01,R004,96.18236555369045,4498.791383917484,,,RE01,existing
P15_2_346,G2,A_aircraft,G2-A_aircraft-01,T004,2004.1116402878897,4285.571599124281,T022,5.000100000000202,U02,existing
P15_2_346,G2,A_aircraft,G2-A_aircraft-01,T022,4290.571699124282,5982.106185363231,,,U02,existing
P15_2_346,G2,B_aircraft,G2-B_aircraft-01,T013,3355.5084827157466,5313.549754202741,T021,0.00010000000111176632,NEW-B_aircraft-01,procurement_required
P15_2_346,G2,B_aircraft,G2-B_aircraft-01,T021,5313.549854202742,7211.591125689736,,,NEW-B_aircraft-01,procurement_required
P15_2_346,G2,C_aircraft,G2-C_aircraft-01,T012,1954.1116402878895,4069.193281566342,,,NEW-C_aircraft-01,procurement_required
P15_2_346,G2,C_aircraft,G2-C_aircraft-02,T014_2,3155.0929537629518,5460.277018730793,,,NEW-C_aircraft-02,procurement_required
P15_2_346,G2,A_batteries,G2-A_batteries-01,T004,2004.1116402878897,5653.515220902664,,,A02,existing
P15_2_346,G2,A_batteries,G2-A_batteries-02,T022,4290.571699124282,7157.600692042686,,,A03,existing
P15_2_346,G2,B_batteries,G2-B_batteries-01,T013,3355.5084827157466,7272.795381688331,,,NEW-B_batteries-01,procurement_required
P15_2_346,G2,B_batteries,G2-B_batteries-02,T021,5313.549854202742,9078.773277607346,,,NEW-B_batteries-02,procurement_required
P15_2_346,G2,C_batteries,G2-C_batteries-01,T012,1954.1116402878895,6561.858999018011,,,C03,existing
P15_2_346,G2,C_batteries,G2-C_batteries-02,T014_2,3155.0929537629518,7966.52367812528,,,C04,existing
P15_2_346,G2,relay_aircraft,G2-relay_aircraft-01,R003,2004.2977389089663,7744.455885352581,,,R02,existing
P15_2_346,G2,relay_components,G2-relay_components-01,R003,2004.2977389089663,8588.743789022035,,,RE02,existing
P15_2_346,G3,A_aircraft,G3-A_aircraft-01,T007_HARD,0.0,1712.4416357195464,T020,1974.6325642497181,U03,existing
P15_2_346,G3,A_aircraft,G3-A_aircraft-01,T020,3687.0741999692646,5657.284046946083,,,U03,existing
P15_2_346,G3,A_aircraft,G3-A_aircraft-02,T007_SOFT,0.0,1712.4416357195464,T007,1954.6325642497204,U04,existing
P15_2_346,G3,A_aircraft,G3-A_aircraft-02,T007,3667.074199969267,6275.115097078189,,,U04,existing
P15_2_346,G3,A_aircraft,G3-A_aircraft-03,T009,0.0,1316.0142144169886,T014_1,2453.0599855522764,NEW-A_aircraft-01,procurement_required
P15_2_346,G3,A_aircraft,G3-A_aircraft-03,T014_1,3769.074199969265,5464.83230463773,T016,5.000099999999293,NEW-A_aircraft-01,procurement_required
P15_2_346,G3,A_aircraft,G3-A_aircraft-03,T016,5469.832404637729,7165.590509306194,,,NEW-A_aircraft-01,procurement_required
P15_2_346,G3,B_aircraft,G3-B_aircraft-01,T006,3508.596003149672,4698.226288886111,T019_1,674.4765920086829,NEW-B_aircraft-02,procurement_required
P15_2_346,G3,B_aircraft,G3-B_aircraft-01,T019_1,5372.702880894794,6891.727225306649,,,NEW-B_aircraft-02,procurement_required
P15_2_346,G3,C_aircraft,G3-C_aircraft-01,T010_2,0.0,1433.035082877992,T018,2641.1582986883504,NEW-C_aircraft-03,procurement_required
P15_2_346,G3,C_aircraft,G3-C_aircraft-01,T018,4074.1933815663424,6761.824258936959,,,NEW-C_aircraft-03,procurement_required
P15_2_346,G3,A_batteries,G3-A_batteries-01,T007_HARD,0.0,2761.062337358848,T014_1,1008.0118626104172,A04,existing
P15_2_346,G3,A_batteries,G3-A_batteries-01,T014_1,3769.074199969265,6580.0266291174285,,,A04,existing
P15_2_346,G3,A_batteries,G3-A_batteries-02,T007_SOFT,0.0,2779.9496716386757,T016,2689.8827329990536,A05,existing
P15_2_346,G3,A_batteries,G3-A_batteries-02,T016,5469.832404637729,8301.566821462397,,,A05,existing
P15_2_346,G3,A_batteries,G3-A_batteries-03,T009,0.0,2207.8690163260853,T007,1459.2051836431815,A06,existing
P15_2_346,G3,A_batteries,G3-A_batteries-03,T007,3667.074199969267,7728.37856016178,,,A06,existing
P15_2_346,G3,A_batteries,G3-A_batteries-04,T020,3687.0741999692646,6897.284697633159,,,NEW-A_batteries-01,procurement_required
P15_2_346,G3,B_batteries,G3-B_batteries-01,T006,3508.596003149672,5831.667165848992,,,NEW-B_batteries-03,procurement_required
P15_2_346,G3,B_batteries,G3-B_batteries-02,T019_1,5372.702880894794,8356.40930924514,,,NEW-B_batteries-04,procurement_required
P15_2_346,G3,C_batteries,G3-C_batteries-01,T010_2,0.0,2880.8082760764496,T018,1193.3851054898928,NEW-C_batteries-01,procurement_required
P15_2_346,G3,C_batteries,G3-C_batteries-01,T018,4074.1933815663424,9324.985226007513,,,NEW-C_batteries-01,procurement_required
P15_2_346,G3,relay_aircraft,G3-relay_aircraft-01,R001,190.137319029409,1999.297638856333,R002,1907.9138801423414,NEW-relay_aircraft-01,procurement_required
P15_2_346,G3,relay_aircraft,G3-relay_aircraft-01,R002,3907.2115189986744,7516.130043494062,,,NEW-relay_aircraft-01,procurement_required
P15_2_346,G3,relay_components,G3-relay_components-01,R001,190.137319029409,2344.3073253046314,R002,1562.904193694043,RE03,existing
P15_2_346,G3,relay_components,G3-relay_components-01,R002,3907.2115189986744,8084.5472154177,,,RE03,existing
P16_25_34,G1,A_aircraft,G1-A_aircraft-01,T005,0.0,1312.470877312685,,,U01,existing
P16_25_34,G1,B_aircraft,G1-B_aircraft-01,T006,3508.596003149672,4698.226288886111,,,U05,existing
P16_25_34,G1,C_aircraft,G1-C_aircraft-01,T001,0.0,1561.4261775174655,,,U07,existing
P16_25_34,G1,C_aircraft,G1-C_aircraft-02,T003,1438.035182877992,2867.4613603954576,,,U08,existing
P16_25_34,G1,A_batteries,G1-A_batteries-01,T005,0.0,2178.7887122874713,,,A01,existing
P16_25_34,G1,B_batteries,G1-B_batteries-01,T006,3508.596003149672,5831.667165848992,,,B01,existing
P16_25_34,G1,C_batteries,G1-C_batteries-01,T001,0.0,3150.0928537629516,,,C01,existing
P16_25_34,G1,C_batteries,G1-C_batteries-02,T003,1438.035182877992,4385.641813543676,,,C02,existing
P16_25_34,G2,A_aircraft,G2-A_aircraft-01,T004,2004.1116402878897,4285.571599124281,T022,5.000100000000202,U02,existing
P16_25_34,G2,A_aircraft,G2-A_aircraft-01,T022,4290.571699124282,5982.106185363231,,,U02,existing
P16_25_34,G2,B_aircraft,G2-B_aircraft-01,T002_2,0.0,1500.9693925601796,T008,5.000099999999975,U06,existing
P16_25_34,G2,B_aircraft,G2-B_aircraft-01,T008,1505.9694925601796,3350.508382715747,T013,5.0000999999997475,U06,existing
P16_25_34,G2,B_aircraft,G2-B_aircraft-01,T013,3355.5084827157466,5313.549754202741,,,U06,existing
P16_25_34,G2,B_aircraft,G2-B_aircraft-02,T015,0.0,1554.5713591276817,T011,5.000100000000202,NEW-B_aircraft-01,procurement_required
P16_25_34,G2,B_aircraft,G2-B_aircraft-02,T011,1559.571459127682,3503.5959031496714,T021,1809.9539510530703,NEW-B_aircraft-01,procurement_required
P16_25_34,G2,B_aircraft,G2-B_aircraft-02,T021,5313.549854202742,7211.591125689736,,,NEW-B_aircraft-01,procurement_required
P16_25_34,G2,C_aircraft,G2-C_aircraft-01,T012,1954.1116402878895,4069.193281566342,,,NEW-C_aircraft-01,procurement_required
P16_25_34,G2,C_aircraft,G2-C_aircraft-02,T014_2,3155.0929537629518,5460.277018730793,,,NEW-C_aircraft-02,procurement_required
P16_25_34,G2,A_batteries,G2-A_batteries-01,T004,2004.1116402878897,5653.515220902664,,,A02,existing
P16_25_34,G2,A_batteries,G2-A_batteries-02,T022,4290.571699124282,7157.600692042686,,,A03,existing
P16_25_34,G2,B_batteries,G2-B_batteries-01,T002_2,0.0,2956.647180248775,T013,398.86130246697167,B02,existing
P16_25_34,G2,B_batteries,G2-B_batteries-01,T013,3355.5084827157466,7272.795381688331,,,B02,existing
P16_25_34,G2,B_batteries,G2-B_batteries-02,T015,0.0,3010.3575010505742,T021,2303.1923531521675,B03,existing
P16_25_34,G2,B_batteries,G2-B_batteries-02,T021,5313.549854202742,9078.773277607346,,,B03,existing
P16_25_34,G2,B_batteries,G2-B_batteries-03,T008,1505.9694925601796,4939.170345795129,,,B04,existing
P16_25_34,G2,B_batteries,G2-B_batteries-04,T011,1559.571459127682,5367.702780894794,,,NEW-B_batteries-01,procurement_required
P16_25_34,G2,C_batteries,G2-C_batteries-01,T012,1954.1116402878895,6561.858999018011,,,C03,existing
P16_25_34,G2,C_batteries,G2-C_batteries-02,T014_2,3155.0929537629518,7966.52367812528,,,C04,existing
P16_25_34,G2,relay_aircraft,G2-relay_aircraft-01,R004,96.18236555369045,3902.2114189986755,,,R01,existing
P16_25_34,G2,relay_aircraft,G2-relay_aircraft-02,R003,2004.2977389089663,7744.455885352581,,,R02,existing
P16_25_34,G2,relay_components,G2-relay_components-01,R004,96.18236555369045,4498.791383917484,,,RE01,existing
P16_25_34,G2,relay_components,G2-relay_components-02,R003,2004.2977389089663,8588.743789022035,,,RE02,existing
P16_25_34,G3,A_aircraft,G3-A_aircraft-01,T007_HARD,0.0,1712.4416357195464,T020,1974.6325642497181,U03,existing
P16_25_34,G3,A_aircraft,G3-A_aircraft-01,T020,3687.0741999692646,5657.284046946083,,,U03,existing
P16_25_34,G3,A_aircraft,G3-A_aircraft-02,T007_SOFT,0.0,1712.4416357195464,T007,1954.6325642497204,U04,existing
P16_25_34,G3,A_aircraft,G3-A_aircraft-02,T007,3667.074199969267,6275.115097078189,,,U04,existing
P16_25_34,G3,A_aircraft,G3-A_aircraft-03,T009,0.0,1316.0142144169886,T014_1,2453.0599855522764,NEW-A_aircraft-01,procurement_required
P16_25_34,G3,A_aircraft,G3-A_aircraft-03,T014_1,3769.074199969265,5464.83230463773,T016,5.000099999999293,NEW-A_aircraft-01,procurement_required
P16_25_34,G3,A_aircraft,G3-A_aircraft-03,T016,5469.832404637729,7165.590509306194,,,NEW-A_aircraft-01,procurement_required
P16_25_34,G3,B_aircraft,G3-B_aircraft-01,T019_1,5372.702880894794,6891.727225306649,,,NEW-B_aircraft-02,procurement_required
P16_25_34,G3,C_aircraft,G3-C_aircraft-01,T010_2,0.0,1433.035082877992,T018,2641.1582986883504,NEW-C_aircraft-03,procurement_required
P16_25_34,G3,C_aircraft,G3-C_aircraft-01,T018,4074.1933815663424,6761.824258936959,,,NEW-C_aircraft-03,procurement_required
P16_25_34,G3,A_batteries,G3-A_batteries-01,T007_HARD,0.0,2761.062337358848,T014_1,1008.0118626104172,A04,existing
P16_25_34,G3,A_batteries,G3-A_batteries-01,T014_1,3769.074199969265,6580.0266291174285,,,A04,existing
P16_25_34,G3,A_batteries,G3-A_batteries-02,T007_SOFT,0.0,2779.9496716386757,T016,2689.8827329990536,A05,existing
P16_25_34,G3,A_batteries,G3-A_batteries-02,T016,5469.832404637729,8301.566821462397,,,A05,existing
P16_25_34,G3,A_batteries,G3-A_batteries-03,T009,0.0,2207.8690163260853,T007,1459.2051836431815,A06,existing
P16_25_34,G3,A_batteries,G3-A_batteries-03,T007,3667.074199969267,7728.37856016178,,,A06,existing
P16_25_34,G3,A_batteries,G3-A_batteries-04,T020,3687.0741999692646,6897.284697633159,,,NEW-A_batteries-01,procurement_required
P16_25_34,G3,B_batteries,G3-B_batteries-01,T019_1,5372.702880894794,8356.40930924514,,,NEW-B_batteries-02,procurement_required
P16_25_34,G3,C_batteries,G3-C_batteries-01,T010_2,0.0,2880.8082760764496,T018,1193.3851054898928,NEW-C_batteries-01,procurement_required
P16_25_34,G3,C_batteries,G3-C_batteries-01,T018,4074.1933815663424,9324.985226007513,,,NEW-C_batteries-01,procurement_required
P16_25_34,G3,relay_aircraft,G3-relay_aircraft-01,R001,190.137319029409,1999.297638856333,R002,1907.9138801423414,NEW-relay_aircraft-01,procurement_required
P16_25_34,G3,relay_aircraft,G3-relay_aircraft-01,R002,3907.2115189986744,7516.130043494062,,,NEW-relay_aircraft-01,procurement_required
P16_25_34,G3,relay_components,G3-relay_components-01,R001,190.137319029409,2344.3073253046314,R002,1562.904193694043,RE03,existing
P16_25_34,G3,relay_components,G3-relay_components-01,R002,3907.2115189986744,8084.5472154177,,,RE03,existing
P1_256_34,G1,A_aircraft,G1-A_aircraft-01,T005,0.0,1312.470877312685,,,U01,existing
P1_256_34,G1,C_aircraft,G1-C_aircraft-01,T001,0.0,1561.4261775174655,,,U07,existing
P1_256_34,G1,C_aircraft,G1-C_aircraft-02,T003,1438.035182877992,2867.4613603954576,,,U08,existing
P1_256_34,G1,A_batteries,G1-A_batteries-01,T005,0.0,2178.7887122874713,,,A01,existing
P1_256_34,G1,C_batteries,G1-C_batteries-01,T001,0.0,3150.0928537629516,,,C01,existing
P1_256_34,G1,C_batteries,G1-C_batteries-02,T003,1438.035182877992,4385.641813543676,,,C02,existing
P1_256_34,G2,A_aircraft,G2-A_aircraft-01,T004,2004.1116402878897,4285.571599124281,T022,5.000100000000202,U02,existing
P1_256_34,G2,A_aircraft,G2-A_aircraft-01,T022,4290.571699124282,5982.106185363231,,,U02,existing
P1_256_34,G2,B_aircraft,G2-B_aircraft-01,T002_2,0.0,1500.9693925601796,T008,5.000099999999975,U05,existing
P1_256_34,G2,B_aircraft,G2-B_aircraft-01,T008,1505.9694925601796,3350.508382715747,T013,5.0000999999997475,U05,existing
P1_256_34,G2,B_aircraft,G2-B_aircraft-01,T013,3355.5084827157466,5313.549754202741,,,U05,existing
P1_256_34,G2,B_aircraft,G2-B_aircraft-02,T015,0.0,1554.5713591276817,T011,5.000100000000202,U06,existing
P1_256_34,G2,B_aircraft,G2-B_aircraft-02,T011,1559.571459127682,3503.5959031496714,T006,5.000100000000657,U06,existing
P1_256_34,G2,B_aircraft,G2-B_aircraft-02,T006,3508.596003149672,4698.226288886111,T021,615.3235653166303,U06,existing
P1_256_34,G2,B_aircraft,G2-B_aircraft-02,T021,5313.549854202742,7211.591125689736,,,U06,existing
P1_256_34,G2,C_aircraft,G2-C_aircraft-01,T012,1954.1116402878895,4069.193281566342,,,NEW-C_aircraft-01,procurement_required
P1_256_34,G2,C_aircraft,G2-C_aircraft-02,T014_2,3155.0929537629518,5460.277018730793,,,NEW-C_aircraft-02,procurement_required
P1_256_34,G2,A_batteries,G2-A_batteries-01,T004,2004.1116402878897,5653.515220902664,,,A02,existing
P1_256_34,G2,A_batteries,G2-A_batteries-02,T022,4290.571699124282,7157.600692042686,,,A03,existing
P1_256_34,G2,B_batteries,G2-B_batteries-01,T002_2,0.0,2956.647180248775,T013,398.86130246697167,B01,existing
P1_256_34,G2,B_batteries,G2-B_batteries-01,T013,3355.5084827157466,7272.795381688331,,,B01,existing
P1_256_34,G2,B_batteries,G2-B_batteries-02,T015,0.0,3010.3575010505742,T006,498.2385020990978,B02,existing
P1_256_34,G2,B_batteries,G2-B_batteries-02,T006,3508.596003149672,5831.667165848992,,,B02,existing
P1_256_34,G2,B_batteries,G2-B_batteries-03,T008,1505.9694925601796,4939.170345795129,T021,374.3795084076128,B03,existing
P1_256_34,G2,B_batteries,G2-B_batteries-03,T021,5313.549854202742,9078.773277607346,,,B03,existing
P1_256_34,G2,B_batteries,G2-B_batteries-04,T011,1559.571459127682,5367.702780894794,,,B04,existing
P1_256_34,G2,C_batteries,G2-C_batteries-01,T012,1954.1116402878895,6561.858999018011,,,C03,existing
P1_256_34,G2,C_batteries,G2-C_batteries-02,T014_2,3155.0929537629518,7966.52367812528,,,C04,existing
P1_256_34,G2,relay_aircraft,G2-relay_aircraft-01,R004,96.18236555369045,3902.2114189986755,,,R01,existing
P1_256_34,G2,relay_aircraft,G2-relay_aircraft-02,R003,2004.2977389089663,7744.455885352581,,,R02,existing
P1_256_34,G2,relay_components,G2-relay_components-01,R004,96.18236555369045,4498.791383917484,,,RE01,existing
P1_256_34,G2,relay_components,G2-relay_components-02,R003,2004.2977389089663,8588.743789022035,,,RE02,existing
P1_256_34,G3,A_aircraft,G3-A_aircraft-01,T007_HARD,0.0,1712.4416357195464,T020,1974.6325642497181,U03,existing
P1_256_34,G3,A_aircraft,G3-A_aircraft-01,T020,3687.0741999692646,5657.284046946083,,,U03,existing
P1_256_34,G3,A_aircraft,G3-A_aircraft-02,T007_SOFT,0.0,1712.4416357195464,T007,1954.6325642497204,U04,existing
P1_256_34,G3,A_aircraft,G3-A_aircraft-02,T007,3667.074199969267,6275.115097078189,,,U04,existing
P1_256_34,G3,A_aircraft,G3-A_aircraft-03,T009,0.0,1316.0142144169886,T014_1,2453.0599855522764,NEW-A_aircraft-01,procurement_required
P1_256_34,G3,A_aircraft,G3-A_aircraft-03,T014_1,3769.074199969265,5464.83230463773,T016,5.000099999999293,NEW-A_aircraft-01,procurement_required
P1_256_34,G3,A_aircraft,G3-A_aircraft-03,T016,5469.832404637729,7165.590509306194,,,NEW-A_aircraft-01,procurement_required
P1_256_34,G3,B_aircraft,G3-B_aircraft-01,T019_1,5372.702880894794,6891.727225306649,,,NEW-B_aircraft-01,procurement_required
P1_256_34,G3,C_aircraft,G3-C_aircraft-01,T010_2,0.0,1433.035082877992,T018,2641.1582986883504,NEW-C_aircraft-03,procurement_required
P1_256_34,G3,C_aircraft,G3-C_aircraft-01,T018,4074.1933815663424,6761.824258936959,,,NEW-C_aircraft-03,procurement_required
P1_256_34,G3,A_batteries,G3-A_batteries-01,T007_HARD,0.0,2761.062337358848,T014_1,1008.0118626104172,A04,existing
P1_256_34,G3,A_batteries,G3-A_batteries-01,T014_1,3769.074199969265,6580.0266291174285,,,A04,existing
P1_256_34,G3,A_batteries,G3-A_batteries-02,T007_SOFT,0.0,2779.9496716386757,T016,2689.8827329990536,A05,existing
P1_256_34,G3,A_batteries,G3-A_batteries-02,T016,5469.832404637729,8301.566821462397,,,A05,existing
P1_256_34,G3,A_batteries,G3-A_batteries-03,T009,0.0,2207.8690163260853,T007,1459.2051836431815,A06,existing
P1_256_34,G3,A_batteries,G3-A_batteries-03,T007,3667.074199969267,7728.37856016178,,,A06,existing
P1_256_34,G3,A_batteries,G3-A_batteries-04,T020,3687.0741999692646,6897.284697633159,,,NEW-A_batteries-01,procurement_required
P1_256_34,G3,B_batteries,G3-B_batteries-01,T019_1,5372.702880894794,8356.40930924514,,,NEW-B_batteries-01,procurement_required
P1_256_34,G3,C_batteries,G3-C_batteries-01,T010_2,0.0,2880.8082760764496,T018,1193.3851054898928,NEW-C_batteries-01,procurement_required
P1_256_34,G3,C_batteries,G3-C_batteries-01,T018,4074.1933815663424,9324.985226007513,,,NEW-C_batteries-01,procurement_required
P1_256_34,G3,relay_aircraft,G3-relay_aircraft-01,R001,190.137319029409,1999.297638856333,R002,1907.9138801423414,NEW-relay_aircraft-01,procurement_required
P1_256_34,G3,relay_aircraft,G3-relay_aircraft-01,R002,3907.2115189986744,7516.130043494062,,,NEW-relay_aircraft-01,procurement_required
P1_256_34,G3,relay_components,G3-relay_components-01,R001,190.137319029409,2344.3073253046314,R002,1562.904193694043,RE03,existing
P1_256_34,G3,relay_components,G3-relay_components-01,R002,3907.2115189986744,8084.5472154177,,,RE03,existing
P1_25_346,G1,A_aircraft,G1-A_aircraft-01,T005,0.0,1312.470877312685,,,U01,existing
P1_25_346,G1,C_aircraft,G1-C_aircraft-01,T001,0.0,1561.4261775174655,,,U07,existing
P1_25_346,G1,C_aircraft,G1-C_aircraft-02,T003,1438.035182877992,2867.4613603954576,,,U08,existing
P1_25_346,G1,A_batteries,G1-A_batteries-01,T005,0.0,2178.7887122874713,,,A01,existing
P1_25_346,G1,C_batteries,G1-C_batteries-01,T001,0.0,3150.0928537629516,,,C01,existing
P1_25_346,G1,C_batteries,G1-C_batteries-02,T003,1438.035182877992,4385.641813543676,,,C02,existing
P1_25_346,G2,A_aircraft,G2-A_aircraft-01,T004,2004.1116402878897,4285.571599124281,T022,5.000100000000202,U02,existing
P1_25_346,G2,A_aircraft,G2-A_aircraft-01,T022,4290.571699124282,5982.106185363231,,,U02,existing
P1_25_346,G2,B_aircraft,G2-B_aircraft-01,T002_2,0.0,1500.9693925601796,T008,5.000099999999975,U05,existing
P1_25_346,G2,B_aircraft,G2-B_aircraft-01,T008,1505.9694925601796,3350.508382715747,T013,5.0000999999997475,U05,existing
P1_25_346,G2,B_aircraft,G2-B_aircraft-01,T013,3355.5084827157466,5313.549754202741,,,U05,existing
P1_25_346,G2,B_aircraft,G2-B_aircraft-02,T015,0.0,1554.5713591276817,T011,5.000100000000202,U06,existing
P1_25_346,G2,B_aircraft,G2-B_aircraft-02,T011,1559.571459127682,3503.5959031496714,T021,1809.9539510530703,U06,existing
P1_25_346,G2,B_aircraft,G2-B_aircraft-02,T021,5313.549854202742,7211.591125689736,,,U06,existing
P1_25_346,G2,C_aircraft,G2-C_aircraft-01,T012,1954.1116402878895,4069.193281566342,,,NEW-C_aircraft-01,procurement_required
P1_25_346,G2,C_aircraft,G2-C_aircraft-02,T014_2,3155.0929537629518,5460.277018730793,,,NEW-C_aircraft-02,procurement_required
P1_25_346,G2,A_batteries,G2-A_batteries-01,T004,2004.1116402878897,5653.515220902664,,,A02,existing
P1_25_346,G2,A_batteries,G2-A_batteries-02,T022,4290.571699124282,7157.600692042686,,,A03,existing
P1_25_346,G2,B_batteries,G2-B_batteries-01,T002_2,0.0,2956.647180248775,T013,398.86130246697167,B01,existing
P1_25_346,G2,B_batteries,G2-B_batteries-01,T013,3355.5084827157466,7272.795381688331,,,B01,existing
P1_25_346,G2,B_batteries,G2-B_batteries-02,T015,0.0,3010.3575010505742,T021,2303.1923531521675,B02,existing
P1_25_346,G2,B_batteries,G2-B_batteries-02,T021,5313.549854202742,9078.773277607346,,,B02,existing
P1_25_346,G2,B_batteries,G2-B_batteries-03,T008,1505.9694925601796,4939.170345795129,,,B03,existing
P1_25_346,G2,B_batteries,G2-B_batteries-04,T011,1559.571459127682,5367.702780894794,,,B04,existing
P1_25_346,G2,C_batteries,G2-C_batteries-01,T012,1954.1116402878895,6561.858999018011,,,C03,existing
P1_25_346,G2,C_batteries,G2-C_batteries-02,T014_2,3155.0929537629518,7966.52367812528,,,C04,existing
P1_25_346,G2,relay_aircraft,G2-relay_aircraft-01,R004,96.18236555369045,3902.2114189986755,,,R01,existing
P1_25_346,G2,relay_aircraft,G2-relay_aircraft-02,R003,2004.2977389089663,7744.455885352581,,,R02,existing
P1_25_346,G2,relay_components,G2-relay_components-01,R004,96.18236555369045,4498.791383917484,,,RE01,existing
P1_25_346,G2,relay_components,G2-relay_components-02,R003,2004.2977389089663,8588.743789022035,,,RE02,existing
P1_25_346,G3,A_aircraft,G3-A_aircraft-01,T007_HARD,0.0,1712.4416357195464,T020,1974.6325642497181,U03,existing
P1_25_346,G3,A_aircraft,G3-A_aircraft-01,T020,3687.0741999692646,5657.284046946083,,,U03,existing
P1_25_346,G3,A_aircraft,G3-A_aircraft-02,T007_SOFT,0.0,1712.4416357195464,T007,1954.6325642497204,U04,existing
P1_25_346,G3,A_aircraft,G3-A_aircraft-02,T007,3667.074199969267,6275.115097078189,,,U04,existing
P1_25_346,G3,A_aircraft,G3-A_aircraft-03,T009,0.0,1316.0142144169886,T014_1,2453.0599855522764,NEW-A_aircraft-01,procurement_required
P1_25_346,G3,A_aircraft,G3-A_aircraft-03,T014_1,3769.074199969265,5464.83230463773,T016,5.000099999999293,NEW-A_aircraft-01,procurement_required
P1_25_346,G3,A_aircraft,G3-A_aircraft-03,T016,5469.832404637729,7165.590509306194,,,NEW-A_aircraft-01,procurement_required
P1_25_346,G3,B_aircraft,G3-B_aircraft-01,T006,3508.596003149672,4698.226288886111,T019_1,674.4765920086829,NEW-B_aircraft-01,procurement_required
P1_25_346,G3,B_aircraft,G3-B_aircraft-01,T019_1,5372.702880894794,6891.727225306649,,,NEW-B_aircraft-01,procurement_required
P1_25_346,G3,C_aircraft,G3-C_aircraft-01,T010_2,0.0,1433.035082877992,T018,2641.1582986883504,NEW-C_aircraft-03,procurement_required
P1_25_346,G3,C_aircraft,G3-C_aircraft-01,T018,4074.1933815663424,6761.824258936959,,,NEW-C_aircraft-03,procurement_required
P1_25_346,G3,A_batteries,G3-A_batteries-01,T007_HARD,0.0,2761.062337358848,T014_1,1008.0118626104172,A04,existing
P1_25_346,G3,A_batteries,G3-A_batteries-01,T014_1,3769.074199969265,6580.0266291174285,,,A04,existing
P1_25_346,G3,A_batteries,G3-A_batteries-02,T007_SOFT,0.0,2779.9496716386757,T016,2689.8827329990536,A05,existing
P1_25_346,G3,A_batteries,G3-A_batteries-02,T016,5469.832404637729,8301.566821462397,,,A05,existing
P1_25_346,G3,A_batteries,G3-A_batteries-03,T009,0.0,2207.8690163260853,T007,1459.2051836431815,A06,existing
P1_25_346,G3,A_batteries,G3-A_batteries-03,T007,3667.074199969267,7728.37856016178,,,A06,existing
P1_25_346,G3,A_batteries,G3-A_batteries-04,T020,3687.0741999692646,6897.284697633159,,,NEW-A_batteries-01,procurement_required
P1_25_346,G3,B_batteries,G3-B_batteries-01,T006,3508.596003149672,5831.667165848992,,,NEW-B_batteries-01,procurement_required
P1_25_346,G3,B_batteries,G3-B_batteries-02,T019_1,5372.702880894794,8356.40930924514,,,NEW-B_batteries-02,procurement_required
P1_25_346,G3,C_batteries,G3-C_batteries-01,T010_2,0.0,2880.8082760764496,T018,1193.3851054898928,NEW-C_batteries-01,procurement_required
P1_25_346,G3,C_batteries,G3-C_batteries-01,T018,4074.1933815663424,9324.985226007513,,,NEW-C_batteries-01,procurement_required
P1_25_346,G3,relay_aircraft,G3-relay_aircraft-01,R001,190.137319029409,1999.297638856333,R002,1907.9138801423414,NEW-relay_aircraft-01,procurement_required
P1_25_346,G3,relay_aircraft,G3-relay_aircraft-01,R002,3907.2115189986744,7516.130043494062,,,NEW-relay_aircraft-01,procurement_required
P1_25_346,G3,relay_components,G3-relay_components-01,R001,190.137319029409,2344.3073253046314,R002,1562.904193694043,RE03,existing
P1_25_346,G3,relay_components,G3-relay_components-01,R002,3907.2115189986744,8084.5472154177,,,RE03,existing
P16_2_345,G1,A_aircraft,G1-A_aircraft-01,T005,0.0,1312.470877312685,,,U01,existing
P16_2_345,G1,B_aircraft,G1-B_aircraft-01,T006,3508.596003149672,4698.226288886111,,,U05,existing
P16_2_345,G1,C_aircraft,G1-C_aircraft-01,T001,0.0,1561.4261775174655,,,U07,existing
P16_2_345,G1,C_aircraft,G1-C_aircraft-02,T003,1438.035182877992,2867.4613603954576,,,U08,existing
P16_2_345,G1,A_batteries,G1-A_batteries-01,T005,0.0,2178.7887122874713,,,A01,existing
P16_2_345,G1,B_batteries,G1-B_batteries-01,T006,3508.596003149672,5831.667165848992,,,B01,existing
P16_2_345,G1,C_batteries,G1-C_batteries-01,T001,0.0,3150.0928537629516,,,C01,existing
P16_2_345,G1,C_batteries,G1-C_batteries-02,T003,1438.035182877992,4385.641813543676,,,C02,existing
P16_2_345,G2,A_aircraft,G2-A_aircraft-01,T004,2004.1116402878897,4285.571599124281,T022,5.000100000000202,U02,existing
P16_2_345,G2,A_aircraft,G2-A_aircraft-01,T022,4290.571699124282,5982.106185363231,,,U02,existing
P16_2_345,G2,B_aircraft,G2-B_aircraft-01,T013,3355.5084827157466,5313.549754202741,T021,0.00010000000111176632,U06,existing
P16_2_345,G2,B_aircraft,G2-B_aircraft-01,T021,5313.549854202742,7211.591125689736,,,U06,existing
P16_2_345,G2,C_aircraft,G2-C_aircraft-01,T012,1954.1116402878895,4069.193281566342,,,NEW-C_aircraft-01,procurement_required
P16_2_345,G2,C_aircraft,G2-C_aircraft-02,T014_2,3155.0929537629518,5460.277018730793,,,NEW-C_aircraft-02,procurement_required
P16_2_345,G2,A_batteries,G2-A_batteries-01,T004,2004.1116402878897,5653.515220902664,,,A02,existing
P16_2_345,G2,A_batteries,G2-A_batteries-02,T022,4290.571699124282,7157.600692042686,,,A03,existing
P16_2_345,G2,B_batteries,G2-B_batteries-01,T013,3355.5084827157466,7272.795381688331,,,B02,existing
P16_2_345,G2,B_batteries,G2-B_batteries-02,T021,5313.549854202742,9078.773277607346,,,B03,existing
P16_2_345,G2,C_batteries,G2-C_batteries-01,T012,1954.1116402878895,6561.858999018011,,,C03,existing
P16_2_345,G2,C_batteries,G2-C_batteries-02,T014_2,3155.0929537629518,7966.52367812528,,,C04,existing
P16_2_345,G2,relay_aircraft,G2-relay_aircraft-01,R003,2004.2977389089663,7744.455885352581,,,R01,existing
P16_2_345,G2,relay_components,G2-relay_components-01,R003,2004.2977389089663,8588.743789022035,,,RE01,existing
P16_2_345,G3,A_aircraft,G3-A_aircraft-01,T007_HARD,0.0,1712.4416357195464,T020,1974.6325642497181,U03,existing
P16_2_345,G3,A_aircraft,G3-A_aircraft-01,T020,3687.0741999692646,5657.284046946083,,,U03,existing
P16_2_345,G3,A_aircraft,G3-A_aircraft-02,T007_SOFT,0.0,1712.4416357195464,T007,1954.6325642497204,U04,existing
P16_2_345,G3,A_aircraft,G3-A_aircraft-02,T007,3667.074199969267,6275.115097078189,,,U04,existing
P16_2_345,G3,A_aircraft,G3-A_aircraft-03,T009,0.0,1316.0142144169886,T014_1,2453.0599855522764,NEW-A_aircraft-01,procurement_required
P16_2_345,G3,A_aircraft,G3-A_aircraft-03,T014_1,3769.074199969265,5464.83230463773,T016,5.000099999999293,NEW-A_aircraft-01,procurement_required
P16_2_345,G3,A_aircraft,G3-A_aircraft-03,T016,5469.832404637729,7165.590509306194,,,NEW-A_aircraft-01,procurement_required
P16_2_345,G3,B_aircraft,G3-B_aircraft-01,T002_2,0.0,1500.9693925601796,T008,5.000099999999975,NEW-B_aircraft-01,procurement_required
P16_2_345,G3,B_aircraft,G3-B_aircraft-01,T008,1505.9694925601796,3350.508382715747,T019_1,2022.1944981790475,NEW-B_aircraft-01,procurement_required
P16_2_345,G3,B_aircraft,G3-B_aircraft-01,T019_1,5372.702880894794,6891.727225306649,,,NEW-B_aircraft-01,procurement_required
P16_2_345,G3,B_aircraft,G3-B_aircraft-02,T015,0.0,1554.5713591276817,T011,5.000100000000202,NEW-B_aircraft-02,procurement_required
P16_2_345,G3,B_aircraft,G3-B_aircraft-02,T011,1559.571459127682,3503.5959031496714,,,NEW-B_aircraft-02,procurement_required
P16_2_345,G3,C_aircraft,G3-C_aircraft-01,T010_2,0.0,1433.035082877992,T018,2641.1582986883504,NEW-C_aircraft-03,procurement_required
P16_2_345,G3,C_aircraft,G3-C_aircraft-01,T018,4074.1933815663424,6761.824258936959,,,NEW-C_aircraft-03,procurement_required
P16_2_345,G3,A_batteries,G3-A_batteries-01,T007_HARD,0.0,2761.062337358848,T014_1,1008.0118626104172,A04,existing
P16_2_345,G3,A_batteries,G3-A_batteries-01,T014_1,3769.074199969265,6580.0266291174285,,,A04,existing
P16_2_345,G3,A_batteries,G3-A_batteries-02,T007_SOFT,0.0,2779.9496716386757,T016,2689.8827329990536,A05,existing
P16_2_345,G3,A_batteries,G3-A_batteries-02,T016,5469.832404637729,8301.566821462397,,,A05,existing
P16_2_345,G3,A_batteries,G3-A_batteries-03,T009,0.0,2207.8690163260853,T007,1459.2051836431815,A06,existing
P16_2_345,G3,A_batteries,G3-A_batteries-03,T007,3667.074199969267,7728.37856016178,,,A06,existing
P16_2_345,G3,A_batteries,G3-A_batteries-04,T020,3687.0741999692646,6897.284697633159,,,NEW-A_batteries-01,procurement_required
P16_2_345,G3,B_batteries,G3-B_batteries-01,T002_2,0.0,2956.647180248775,T019_1,2416.0557006460194,B04,existing
P16_2_345,G3,B_batteries,G3-B_batteries-01,T019_1,5372.702880894794,8356.40930924514,,,B04,existing
P16_2_345,G3,B_batteries,G3-B_batteries-02,T015,0.0,3010.3575010505742,,,NEW-B_batteries-01,procurement_required
P16_2_345,G3,B_batteries,G3-B_batteries-03,T008,1505.9694925601796,4939.170345795129,,,NEW-B_batteries-02,procurement_required
P16_2_345,G3,B_batteries,G3-B_batteries-04,T011,1559.571459127682,5367.702780894794,,,NEW-B_batteries-03,procurement_required
P16_2_345,G3,C_batteries,G3-C_batteries-01,T010_2,0.0,2880.8082760764496,T018,1193.3851054898928,NEW-C_batteries-01,procurement_required
P16_2_345,G3,C_batteries,G3-C_batteries-01,T018,4074.1933815663424,9324.985226007513,,,NEW-C_batteries-01,procurement_required
P16_2_345,G3,relay_aircraft,G3-relay_aircraft-01,R004,96.18236555369045,3902.2114189986755,,,R02,existing
P16_2_345,G3,relay_aircraft,G3-relay_aircraft-02,R001,190.137319029409,1999.297638856333,R002,1907.9138801423414,NEW-relay_aircraft-01,procurement_required
P16_2_345,G3,relay_aircraft,G3-relay_aircraft-02,R002,3907.2115189986744,7516.130043494062,,,NEW-relay_aircraft-01,procurement_required
P16_2_345,G3,relay_components,G3-relay_components-01,R004,96.18236555369045,4498.791383917484,,,RE02,existing
P16_2_345,G3,relay_components,G3-relay_components-02,R001,190.137319029409,2344.3073253046314,R002,1562.904193694043,RE03,existing
P16_2_345,G3,relay_components,G3-relay_components-02,R002,3907.2115189986744,8084.5472154177,,,RE03,existing
P1_26_345,G1,A_aircraft,G1-A_aircraft-01,T005,0.0,1312.470877312685,,,U01,existing
P1_26_345,G1,C_aircraft,G1-C_aircraft-01,T001,0.0,1561.4261775174655,,,U07,existing
P1_26_345,G1,C_aircraft,G1-C_aircraft-02,T003,1438.035182877992,2867.4613603954576,,,U08,existing
P1_26_345,G1,A_batteries,G1-A_batteries-01,T005,0.0,2178.7887122874713,,,A01,existing
P1_26_345,G1,C_batteries,G1-C_batteries-01,T001,0.0,3150.0928537629516,,,C01,existing
P1_26_345,G1,C_batteries,G1-C_batteries-02,T003,1438.035182877992,4385.641813543676,,,C02,existing
P1_26_345,G2,A_aircraft,G2-A_aircraft-01,T004,2004.1116402878897,4285.571599124281,T022,5.000100000000202,U02,existing
P1_26_345,G2,A_aircraft,G2-A_aircraft-01,T022,4290.571699124282,5982.106185363231,,,U02,existing
P1_26_345,G2,B_aircraft,G2-B_aircraft-01,T013,3355.5084827157466,5313.549754202741,,,U05,existing
P1_26_345,G2,B_aircraft,G2-B_aircraft-02,T006,3508.596003149672,4698.226288886111,T021,615.3235653166303,U06,existing
P1_26_345,G2,B_aircraft,G2-B_aircraft-02,T021,5313.549854202742,7211.591125689736,,,U06,existing
P1_26_345,G2,C_aircraft,G2-C_aircraft-01,T012,1954.1116402878895,4069.193281566342,,,NEW-C_aircraft-01,procurement_required
P1_26_345,G2,C_aircraft,G2-C_aircraft-02,T014_2,3155.0929537629518,5460.277018730793,,,NEW-C_aircraft-02,procurement_required
P1_26_345,G2,A_batteries,G2-A_batteries-01,T004,2004.1116402878897,5653.515220902664,,,A02,existing
P1_26_345,G2,A_batteries,G2-A_batteries-02,T022,4290.571699124282,7157.600692042686,,,A03,existing
P1_26_345,G2,B_batteries,G2-B_batteries-01,T013,3355.5084827157466,7272.795381688331,,,B01,existing
P1_26_345,G2,B_batteries,G2-B_batteries-02,T006,3508.596003149672,5831.667165848992,,,B02,existing
P1_26_345,G2,B_batteries,G2-B_batteries-03,T021,5313.549854202742,9078.773277607346,,,B03,existing
P1_26_345,G2,C_batteries,G2-C_batteries-01,T012,1954.1116402878895,6561.858999018011,,,C03,existing
P1_26_345,G2,C_batteries,G2-C_batteries-02,T014_2,3155.0929537629518,7966.52367812528,,,C04,existing
P1_26_345,G2,relay_aircraft,G2-relay_aircraft-01,R003,2004.2977389089663,7744.455885352581,,,R01,existing
P1_26_345,G2,relay_components,G2-relay_components-01,R003,2004.2977389089663,8588.743789022035,,,RE01,existing
P1_26_345,G3,A_aircraft,G3-A_aircraft-01,T007_HARD,0.0,1712.4416357195464,T020,1974.6325642497181,U03,existing
P1_26_345,G3,A_aircraft,G3-A_aircraft-01,T020,3687.0741999692646,5657.284046946083,,,U03,existing
P1_26_345,G3,A_aircraft,G3-A_aircraft-02,T007_SOFT,0.0,1712.4416357195464,T007,1954.6325642497204,U04,existing
P1_26_345,G3,A_aircraft,G3-A_aircraft-02,T007,3667.074199969267,6275.115097078189,,,U04,existing
P1_26_345,G3,A_aircraft,G3-A_aircraft-03,T009,0.0,1316.0142144169886,T014_1,2453.0599855522764,NEW-A_aircraft-01,procurement_required
P1_26_345,G3,A_aircraft,G3-A_aircraft-03,T014_1,3769.074199969265,5464.83230463773,T016,5.000099999999293,NEW-A_aircraft-01,procurement_required
P1_26_345,G3,A_aircraft,G3-A_aircraft-03,T016,5469.832404637729,7165.590509306194,,,NEW-A_aircraft-01,procurement_required
P1_26_345,G3,B_aircraft,G3-B_aircraft-01,T002_2,0.0,1500.9693925601796,T008,5.000099999999975,NEW-B_aircraft-01,procurement_required
P1_26_345,G3,B_aircraft,G3-B_aircraft-01,T008,1505.9694925601796,3350.508382715747,T019_1,2022.1944981790475,NEW-B_aircraft-01,procurement_required
P1_26_345,G3,B_aircraft,G3-B_aircraft-01,T019_1,5372.702880894794,6891.727225306649,,,NEW-B_aircraft-01,procurement_required
P1_26_345,G3,B_aircraft,G3-B_aircraft-02,T015,0.0,1554.5713591276817,T011,5.000100000000202,NEW-B_aircraft-02,procurement_required
P1_26_345,G3,B_aircraft,G3-B_aircraft-02,T011,1559.571459127682,3503.5959031496714,,,NEW-B_aircraft-02,procurement_required
P1_26_345,G3,C_aircraft,G3-C_aircraft-01,T010_2,0.0,1433.035082877992,T018,2641.1582986883504,NEW-C_aircraft-03,procurement_required
P1_26_345,G3,C_aircraft,G3-C_aircraft-01,T018,4074.1933815663424,6761.824258936959,,,NEW-C_aircraft-03,procurement_required
P1_26_345,G3,A_batteries,G3-A_batteries-01,T007_HARD,0.0,2761.062337358848,T014_1,1008.0118626104172,A04,existing
P1_26_345,G3,A_batteries,G3-A_batteries-01,T014_1,3769.074199969265,6580.0266291174285,,,A04,existing
P1_26_345,G3,A_batteries,G3-A_batteries-02,T007_SOFT,0.0,2779.9496716386757,T016,2689.8827329990536,A05,existing
P1_26_345,G3,A_batteries,G3-A_batteries-02,T016,5469.832404637729,8301.566821462397,,,A05,existing
P1_26_345,G3,A_batteries,G3-A_batteries-03,T009,0.0,2207.8690163260853,T007,1459.2051836431815,A06,existing
P1_26_345,G3,A_batteries,G3-A_batteries-03,T007,3667.074199969267,7728.37856016178,,,A06,existing
P1_26_345,G3,A_batteries,G3-A_batteries-04,T020,3687.0741999692646,6897.284697633159,,,NEW-A_batteries-01,procurement_required
P1_26_345,G3,B_batteries,G3-B_batteries-01,T002_2,0.0,2956.647180248775,T019_1,2416.0557006460194,B04,existing
P1_26_345,G3,B_batteries,G3-B_batteries-01,T019_1,5372.702880894794,8356.40930924514,,,B04,existing
P1_26_345,G3,B_batteries,G3-B_batteries-02,T015,0.0,3010.3575010505742,,,NEW-B_batteries-01,procurement_required
P1_26_345,G3,B_batteries,G3-B_batteries-03,T008,1505.9694925601796,4939.170345795129,,,NEW-B_batteries-02,procurement_required
P1_26_345,G3,B_batteries,G3-B_batteries-04,T011,1559.571459127682,5367.702780894794,,,NEW-B_batteries-03,procurement_required
P1_26_345,G3,C_batteries,G3-C_batteries-01,T010_2,0.0,2880.8082760764496,T018,1193.3851054898928,NEW-C_batteries-01,procurement_required
P1_26_345,G3,C_batteries,G3-C_batteries-01,T018,4074.1933815663424,9324.985226007513,,,NEW-C_batteries-01,procurement_required
P1_26_345,G3,relay_aircraft,G3-relay_aircraft-01,R004,96.18236555369045,3902.2114189986755,,,R02,existing
P1_26_345,G3,relay_aircraft,G3-relay_aircraft-02,R001,190.137319029409,1999.297638856333,R002,1907.9138801423414,NEW-relay_aircraft-01,procurement_required
P1_26_345,G3,relay_aircraft,G3-relay_aircraft-02,R002,3907.2115189986744,7516.130043494062,,,NEW-relay_aircraft-01,procurement_required
P1_26_345,G3,relay_components,G3-relay_components-01,R004,96.18236555369045,4498.791383917484,,,RE02,existing
P1_26_345,G3,relay_components,G3-relay_components-02,R001,190.137319029409,2344.3073253046314,R002,1562.904193694043,RE03,existing
P1_26_345,G3,relay_components,G3-relay_components-02,R002,3907.2115189986744,8084.5472154177,,,RE03,existing
P1_2_3456,G1,A_aircraft,G1-A_aircraft-01,T005,0.0,1312.470877312685,,,U01,existing
P1_2_3456,G1,C_aircraft,G1-C_aircraft-01,T001,0.0,1561.4261775174655,,,U07,existing
P1_2_3456,G1,C_aircraft,G1-C_aircraft-02,T003,1438.035182877992,2867.4613603954576,,,U08,existing
P1_2_3456,G1,A_batteries,G1-A_batteries-01,T005,0.0,2178.7887122874713,,,A01,existing
P1_2_3456,G1,C_batteries,G1-C_batteries-01,T001,0.0,3150.0928537629516,,,C01,existing
P1_2_3456,G1,C_batteries,G1-C_batteries-02,T003,1438.035182877992,4385.641813543676,,,C02,existing
P1_2_3456,G2,A_aircraft,G2-A_aircraft-01,T004,2004.1116402878897,4285.571599124281,T022,5.000100000000202,U02,existing
P1_2_3456,G2,A_aircraft,G2-A_aircraft-01,T022,4290.571699124282,5982.106185363231,,,U02,existing
P1_2_3456,G2,B_aircraft,G2-B_aircraft-01,T013,3355.5084827157466,5313.549754202741,T021,0.00010000000111176632,U05,existing
P1_2_3456,G2,B_aircraft,G2-B_aircraft-01,T021,5313.549854202742,7211.591125689736,,,U05,existing
P1_2_3456,G2,C_aircraft,G2-C_aircraft-01,T012,1954.1116402878895,4069.193281566342,,,NEW-C_aircraft-01,procurement_required
P1_2_3456,G2,C_aircraft,G2-C_aircraft-02,T014_2,3155.0929537629518,5460.277018730793,,,NEW-C_aircraft-02,procurement_required
P1_2_3456,G2,A_batteries,G2-A_batteries-01,T004,2004.1116402878897,5653.515220902664,,,A02,existing
P1_2_3456,G2,A_batteries,G2-A_batteries-02,T022,4290.571699124282,7157.600692042686,,,A03,existing
P1_2_3456,G2,B_batteries,G2-B_batteries-01,T013,3355.5084827157466,7272.795381688331,,,B01,existing
P1_2_3456,G2,B_batteries,G2-B_batteries-02,T021,5313.549854202742,9078.773277607346,,,B02,existing
P1_2_3456,G2,C_batteries,G2-C_batteries-01,T012,1954.1116402878895,6561.858999018011,,,C03,existing
P1_2_3456,G2,C_batteries,G2-C_batteries-02,T014_2,3155.0929537629518,7966.52367812528,,,C04,existing
P1_2_3456,G2,relay_aircraft,G2-relay_aircraft-01,R003,2004.2977389089663,7744.455885352581,,,R01,existing
P1_2_3456,G2,relay_components,G2-relay_components-01,R003,2004.2977389089663,8588.743789022035,,,RE01,existing
P1_2_3456,G3,A_aircraft,G3-A_aircraft-01,T007_HARD,0.0,1712.4416357195464,T020,1974.6325642497181,U03,existing
P1_2_3456,G3,A_aircraft,G3-A_aircraft-01,T020,3687.0741999692646,5657.284046946083,,,U03,existing
P1_2_3456,G3,A_aircraft,G3-A_aircraft-02,T007_SOFT,0.0,1712.4416357195464,T007,1954.6325642497204,U04,existing
P1_2_3456,G3,A_aircraft,G3-A_aircraft-02,T007,3667.074199969267,6275.115097078189,,,U04,existing
P1_2_3456,G3,A_aircraft,G3-A_aircraft-03,T009,0.0,1316.0142144169886,T014_1,2453.0599855522764,NEW-A_aircraft-01,procurement_required
P1_2_3456,G3,A_aircraft,G3-A_aircraft-03,T014_1,3769.074199969265,5464.83230463773,T016,5.000099999999293,NEW-A_aircraft-01,procurement_required
P1_2_3456,G3,A_aircraft,G3-A_aircraft-03,T016,5469.832404637729,7165.590509306194,,,NEW-A_aircraft-01,procurement_required
P1_2_3456,G3,B_aircraft,G3-B_aircraft-01,T002_2,0.0,1500.9693925601796,T008,5.000099999999975,U06,existing
P1_2_3456,G3,B_aircraft,G3-B_aircraft-01,T008,1505.9694925601796,3350.508382715747,T019_1,2022.1944981790475,U06,existing
P1_2_3456,G3,B_aircraft,G3-B_aircraft-01,T019_1,5372.702880894794,6891.727225306649,,,U06,existing
P1_2_3456,G3,B_aircraft,G3-B_aircraft-02,T015,0.0,1554.5713591276817,T011,5.000100000000202,NEW-B_aircraft-01,procurement_required
P1_2_3456,G3,B_aircraft,G3-B_aircraft-02,T011,1559.571459127682,3503.5959031496714,T006,5.000100000000657,NEW-B_aircraft-01,procurement_required
P1_2_3456,G3,B_aircraft,G3-B_aircraft-02,T006,3508.596003149672,4698.226288886111,,,NEW-B_aircraft-01,procurement_required
P1_2_3456,G3,C_aircraft,G3-C_aircraft-01,T010_2,0.0,1433.035082877992,T018,2641.1582986883504,NEW-C_aircraft-03,procurement_required
P1_2_3456,G3,C_aircraft,G3-C_aircraft-01,T018,4074.1933815663424,6761.824258936959,,,NEW-C_aircraft-03,procurement_required
P1_2_3456,G3,A_batteries,G3-A_batteries-01,T007_HARD,0.0,2761.062337358848,T014_1,1008.0118626104172,A04,existing
P1_2_3456,G3,A_batteries,G3-A_batteries-01,T014_1,3769.074199969265,6580.0266291174285,,,A04,existing
P1_2_3456,G3,A_batteries,G3-A_batteries-02,T007_SOFT,0.0,2779.9496716386757,T016,2689.8827329990536,A05,existing
P1_2_3456,G3,A_batteries,G3-A_batteries-02,T016,5469.832404637729,8301.566821462397,,,A05,existing
P1_2_3456,G3,A_batteries,G3-A_batteries-03,T009,0.0,2207.8690163260853,T007,1459.2051836431815,A06,existing
P1_2_3456,G3,A_batteries,G3-A_batteries-03,T007,3667.074199969267,7728.37856016178,,,A06,existing
P1_2_3456,G3,A_batteries,G3-A_batteries-04,T020,3687.0741999692646,6897.284697633159,,,NEW-A_batteries-01,procurement_required
P1_2_3456,G3,B_batteries,G3-B_batteries-01,T002_2,0.0,2956.647180248775,T006,551.9488229008971,B03,existing
P1_2_3456,G3,B_batteries,G3-B_batteries-01,T006,3508.596003149672,5831.667165848992,,,B03,existing
P1_2_3456,G3,B_batteries,G3-B_batteries-02,T015,0.0,3010.3575010505742,T019_1,2362.34537984422,B04,existing
P1_2_3456,G3,B_batteries,G3-B_batteries-02,T019_1,5372.702880894794,8356.40930924514,,,B04,existing
P1_2_3456,G3,B_batteries,G3-B_batteries-03,T008,1505.9694925601796,4939.170345795129,,,NEW-B_batteries-01,procurement_required
P1_2_3456,G3,B_batteries,G3-B_batteries-04,T011,1559.571459127682,5367.702780894794,,,NEW-B_batteries-02,procurement_required
P1_2_3456,G3,C_batteries,G3-C_batteries-01,T010_2,0.0,2880.8082760764496,T018,1193.3851054898928,NEW-C_batteries-01,procurement_required
P1_2_3456,G3,C_batteries,G3-C_batteries-01,T018,4074.1933815663424,9324.985226007513,,,NEW-C_batteries-01,procurement_required
P1_2_3456,G3,relay_aircraft,G3-relay_aircraft-01,R004,96.18236555369045,3902.2114189986755,,,R02,existing
P1_2_3456,G3,relay_aircraft,G3-relay_aircraft-02,R001,190.137319029409,1999.297638856333,R002,1907.9138801423414,NEW-relay_aircraft-01,procurement_required
P1_2_3456,G3,relay_aircraft,G3-relay_aircraft-02,R002,3907.2115189986744,7516.130043494062,,,NEW-relay_aircraft-01,procurement_required
P1_2_3456,G3,relay_components,G3-relay_components-01,R004,96.18236555369045,4498.791383917484,,,RE02,existing
P1_2_3456,G3,relay_components,G3-relay_components-02,R001,190.137319029409,2344.3073253046314,R002,1562.904193694043,RE03,existing
P1_2_3456,G3,relay_components,G3-relay_components-02,R002,3907.2115189986744,8084.5472154177,,,RE03,existing
