partition,group,resource_type,resource_id,task,start,release,next_task,handoff_slack_seconds,physical_id,inventory_status
P12345_6,G1,A_aircraft,G1-A_aircraft-01,T002_1,0.0,1652.4416357195464,T002_2,395.6737375830976,U01,existing
P12345_6,G1,A_aircraft,G1-A_aircraft-01,T002_2,2048.115373302644,3650.7081092828166,T016,909.5119714289131,U01,existing
P12345_6,G1,A_aircraft,G1-A_aircraft-01,T016,4560.22008071173,6255.978185380194,T019_1,5.000099999998383,U01,existing
P12345_6,G1,A_aircraft,G1-A_aircraft-01,T019_1,6260.978285380193,7896.736390048657,,,U01,existing
P12345_6,G1,A_aircraft,G1-A_aircraft-02,T005,0.0,1312.470877312685,T009,5.000099999999975,U02,existing
P12345_6,G1,A_aircraft,G1-A_aircraft-02,T009,1317.470977312685,2633.4851917296737,T014_2,5.0000999999997475,U02,existing
P12345_6,G1,A_aircraft,G1-A_aircraft-02,T014_2,2638.4852917296735,4762.444692702658,T022,5.000099999999293,U02,existing
P12345_6,G1,A_aircraft,G1-A_aircraft-02,T022,4767.444792702658,6458.979278941607,,,U02,existing
P12345_6,G1,A_aircraft,G1-A_aircraft-03,T017,2048.115373302644,4391.962448014616,T020,328.2576326971148,U03,existing
P12345_6,G1,A_aircraft,G1-A_aircraft-03,T020,4720.220080711731,6690.4299276885495,,,U03,existing
P12345_6,G1,A_aircraft,G1-A_aircraft-04,T011,2058.1153733026445,4188.754462062227,T023,1362.7850949684325,U04,existing
P12345_6,G1,A_aircraft,G1-A_aircraft-04,T023,5551.539557030659,7187.297661699124,,,U04,existing
P12345_6,G1,B_aircraft,G1-B_aircraft-01,T014_1,4.16673174186144e-07,1519.0243448285282,T008,465.0910284741158,U05,existing
P12345_6,G1,B_aircraft,G1-B_aircraft-01,T008,1984.115373302644,3828.6542634582115,T007,767.5658172535191,U05,existing
P12345_6,G1,B_aircraft,G1-B_aircraft-01,T007,4596.220080711731,6939.352187396264,,,U05,existing
P12345_6,G1,B_aircraft,G1-B_aircraft-02,T004,1194.630385736439,3227.943287050344,T013,5.000100000000202,U06,existing
P12345_6,G1,B_aircraft,G1-B_aircraft-02,T013,3232.9433870503444,5190.984658537339,T021,5.000100000000202,U06,existing
P12345_6,G1,B_aircraft,G1-B_aircraft-02,T021,5195.984758537339,7094.0260300243335,,,U06,existing
P12345_6,G1,C_aircraft,G1-C_aircraft-01,T010_1,0.0,1823.224406150507,T015,252.89096715213736,U07,existing
P12345_6,G1,C_aircraft,G1-C_aircraft-01,T015,2076.1153733026445,3744.0155776451697,T018,733.2045030665608,U07,existing
P12345_6,G1,C_aircraft,G1-C_aircraft-01,T018,4477.220080711731,6913.029601569379,,,U07,existing
P12345_6,G1,C_aircraft,G1-C_aircraft-02,T010_2,0.0,1433.035082877992,T003,5.000099999999975,U08,existing
P12345_6,G1,C_aircraft,G1-C_aircraft-02,T003,1438.035182877992,2867.4613603954576,T001,18.347015680992172,U08,existing
P12345_6,G1,C_aircraft,G1-C_aircraft-02,T001,2885.80837607645,4447.234553593915,T019_2,5.000100000001112,U08,existing
P12345_6,G1,C_aircraft,G1-C_aircraft-02,T019_2,4452.234653593916,6691.4187185617575,T012,5.000099999999293,U08,existing
P12345_6,G1,C_aircraft,G1-C_aircraft-02,T012,6696.418818561757,8811.50045984021,,,U08,existing
P12345_6,G1,A_batteries,G1-A_batteries-01,T002_1,0.0,2667.5322461730734,T016,1892.6878345386563,A01,existing
P12345_6,G1,A_batteries,G1-A_batteries-01,T016,4560.22008071173,7391.954497536396,,,A01,existing
P12345_6,G1,A_batteries,G1-A_batteries-02,T005,0.0,2178.7887122874713,T014_2,459.69657944220216,A02,existing
P12345_6,G1,A_batteries,G1-A_batteries-02,T014_2,2638.4852917296735,6105.968766534681,,,A02,existing
P12345_6,G1,A_batteries,G1-A_batteries-03,T009,1317.470977312685,3525.3399936387705,T022,1242.1047990638872,A03,existing
P12345_6,G1,A_batteries,G1-A_batteries-03,T022,4767.444792702658,7634.473785621062,,,A03,existing
P12345_6,G1,A_batteries,G1-A_batteries-04,T002_2,2048.115373302644,4715.175270999501,T020,5.044809712229835,A04,existing
P12345_6,G1,A_batteries,G1-A_batteries-04,T020,4720.220080711731,7930.430578375625,,,A04,existing
P12345_6,G1,A_batteries,G1-A_batteries-05,T017,2048.115373302644,5755.52643126419,T019_1,505.4518541160023,A05,existing
P12345_6,G1,A_batteries,G1-A_batteries-05,T019_1,6260.978285380193,8981.354683688944,,,A05,existing
P12345_6,G1,A_batteries,G1-A_batteries-06,T011,2058.1153733026445,5546.53945703066,T023,5.000099999999293,A06,existing
P12345_6,G1,A_batteries,G1-A_batteries-06,T023,5551.539557030659,8292.236282374923,,,A06,existing
P12345_6,G1,B_batteries,G1-B_batteries-01,T014_1,4.16673174186144e-07,2956.2905629638744,T013,276.65282408647,B01,existing
P12345_6,G1,B_batteries,G1-B_batteries-01,T013,3232.9433870503444,7150.230286022929,,,B01,existing
P12345_6,G1,B_batteries,G1-B_batteries-02,T004,1194.630385736439,4994.129999948263,T021,201.85475858907648,B02,existing
P12345_6,G1,B_batteries,G1-B_batteries-02,T021,5195.984758537339,8961.208181941944,,,B02,existing
P12345_6,G1,B_batteries,G1-B_batteries-03,T008,1984.115373302644,5417.316226537593,,,B03,existing
P12345_6,G1,B_batteries,G1-B_batteries-04,T007,4596.220080711731,8817.149572633247,,,B04,existing
P12345_6,G1,C_batteries,G1-C_batteries-01,T010_1,0.0,3563.4170832737245,T018,913.8029974380061,C01,existing
P12345_6,G1,C_batteries,G1-C_batteries-01,T018,4477.220080711731,9411.383881543894,,,C01,existing
P12345_6,G1,C_batteries,G1-C_batteries-02,T010_2,0.0,2880.8082760764496,T001,5.000100000000202,C02,existing
P12345_6,G1,C_batteries,G1-C_batteries-02,T001,2885.80837607645,6035.901229839401,,,C02,existing
P12345_6,G1,C_batteries,G1-C_batteries-03,T003,1438.035182877992,4385.641813543676,T019_2,66.59284005023983,C03,existing
P12345_6,G1,C_batteries,G1-C_batteries-03,T019_2,4452.234653593916,9160.096499981806,,,C03,existing
P12345_6,G1,C_batteries,G1-C_batteries-04,T015,2076.1153733026445,5451.076587273992,T012,1245.3422312877647,C04,existing
P12345_6,G1,C_batteries,G1-C_batteries-04,T012,6696.418818561757,11304.166177291878,,,C04,existing
P12345_6,G1,relay_aircraft,G1-relay_aircraft-01,R001,113.13731944608116,2129.2976388563347,R004,5.000100000000202,R01,existing
P12345_6,G1,relay_aircraft,G1-relay_aircraft-01,R004,2134.297738856335,4789.357299741141,R002,5.000099999998383,R01,existing
P12345_6,G1,relay_aircraft,G1-relay_aircraft-01,R002,4794.3573997411395,8150.275924236526,,,R01,existing
P12345_6,G1,relay_aircraft,G1-relay_aircraft-02,R003,1094.8164843575157,9390.324849711596,,,R02,existing
P12345_6,G1,relay_components,G1-relay_components-01,R001,113.13731944608116,2500.002637752911,R002,2294.3547619882283,RE01,existing
P12345_6,G1,relay_components,G1-relay_components-01,R002,4794.3573997411395,8687.28771421572,,,RE01,existing
P12345_6,G1,relay_components,G1-relay_components-02,R003,1094.8164843575157,10551.813344790942,,,RE02,existing
P12345_6,G1,relay_components,G1-relay_components-03,R004,2134.297738856335,5243.065183552219,,,RE03,existing
P12345_6,G2,B_aircraft,G2-B_aircraft-01,T006,0.0,1189.630285736439,,,NEW-B_aircraft-01,procurement_required
P12345_6,G2,B_batteries,G2-B_batteries-01,T006,0.0,2323.07116269932,,,NEW-B_batteries-01,procurement_required
P12346_5,G1,A_aircraft,G1-A_aircraft-01,T002_1,0.0,1652.4416357195464,T016,2907.7784449921833,U01,existing
P12346_5,G1,A_aircraft,G1-A_aircraft-01,T016,4560.22008071173,6255.978185380194,T019_1,5.000099999998383,U01,existing
P12346_5,G1,A_aircraft,G1-A_aircraft-01,T019_1,6260.978285380193,7896.736390048657,,,U01,existing
P12346_5,G1,A_aircraft,G1-A_aircraft-02,T005,0.0,1312.470877312685,T009,5.000099999999975,U02,existing
P12346_5,G1,A_aircraft,G1-A_aircraft-02,T009,1317.470977312685,2633.4851917296737,T014_2,5.0000999999997475,U02,existing
P12346_5,G1,A_aircraft,G1-A_aircraft-02,T014_2,2638.4852917296735,4762.444692702658,T022,5.000099999999293,U02,existing
P12346_5,G1,A_aircraft,G1-A_aircraft-02,T022,4767.444792702658,6458.979278941607,,,U02,existing
P12346_5,G1,A_aircraft,G1-A_aircraft-03,T020,4720.220080711731,6690.4299276885495,,,U03,existing
P12346_5,G1,A_aircraft,G1-A_aircraft-04,T023,5551.539557030659,7187.297661699124,,,U04,existing
P12346_5,G1,B_aircraft,G1-B_aircraft-01,T006,0.0,1189.630285736439,T004,5.000099999999975,U05,existing
P12346_5,G1,B_aircraft,G1-B_aircraft-01,T004,1194.630385736439,3227.943287050344,T013,5.000100000000202,U05,existing
P12346_5,G1,B_aircraft,G1-B_aircraft-01,T013,3232.9433870503444,5190.984658537339,T021,5.000100000000202,U05,existing
P12346_5,G1,B_aircraft,G1-B_aircraft-01,T021,5195.984758537339,7094.0260300243335,,,U05,existing
P12346_5,G1,B_aircraft,G1-B_aircraft-02,T014_1,4.16673174186144e-07,1519.0243448285282,T007,3077.1957358832024,U06,existing
P12346_5,G1,B_aircraft,G1-B_aircraft-02,T007,4596.220080711731,6939.352187396264,,,U06,existing
P12346_5,G1,C_aircraft,G1-C_aircraft-01,T010_1,0.0,1823.224406150507,T001,1062.5839699259427,U07,existing
P12346_5,G1,C_aircraft,G1-C_aircraft-01,T001,2885.80837607645,4447.234553593915,T019_2,5.000100000001112,U07,existing
P12346_5,G1,C_aircraft,G1-C_aircraft-01,T019_2,4452.234653593916,6691.4187185617575,T012,5.000099999999293,U07,existing
P12346_5,G1,C_aircraft,G1-C_aircraft-01,T012,6696.418818561757,8811.50045984021,,,U07,existing
P12346_5,G1,C_aircraft,G1-C_aircraft-02,T010_2,0.0,1433.035082877992,T003,5.000099999999975,U08,existing
P12346_5,G1,C_aircraft,G1-C_aircraft-02,T003,1438.035182877992,2867.4613603954576,T018,1609.758720316273,U08,existing
P12346_5,G1,C_aircraft,G1-C_aircraft-02,T018,4477.220080711731,6913.029601569379,,,U08,existing
P12346_5,G1,A_batteries,G1-A_batteries-01,T002_1,0.0,2667.5322461730734,T020,2052.687834538657,A01,existing
P12346_5,G1,A_batteries,G1-A_batteries-01,T020,4720.220080711731,7930.430578375625,,,A01,existing
P12346_5,G1,A_batteries,G1-A_batteries-02,T005,0.0,2178.7887122874713,T014_2,459.69657944220216,A02,existing
P12346_5,G1,A_batteries,G1-A_batteries-02,T014_2,2638.4852917296735,6105.968766534681,T019_1,155.0095188455116,A02,existing
P12346_5,G1,A_batteries,G1-A_batteries-02,T019_1,6260.978285380193,8981.354683688944,,,A02,existing
P12346_5,G1,A_batteries,G1-A_batteries-03,T009,1317.470977312685,3525.3399936387705,T016,1034.8800870729592,A03,existing
P12346_5,G1,A_batteries,G1-A_batteries-03,T016,4560.22008071173,7391.954497536396,,,A03,existing
P12346_5,G1,A_batteries,G1-A_batteries-04,T022,4767.444792702658,7634.473785621062,,,A04,existing
P12346_5,G1,A_batteries,G1-A_batteries-05,T023,5551.539557030659,8292.236282374923,,,A05,existing
P12346_5,G1,B_batteries,G1-B_batteries-01,T006,0.0,2323.07116269932,T007,2273.1489180124104,B01,existing
P12346_5,G1,B_batteries,G1-B_batteries-01,T007,4596.220080711731,8817.149572633247,,,B01,existing
P12346_5,G1,B_batteries,G1-B_batteries-02,T014_1,4.16673174186144e-07,2956.2905629638744,T013,276.65282408647,B02,existing
P12346_5,G1,B_batteries,G1-B_batteries-02,T013,3232.9433870503444,7150.230286022929,,,B02,existing
P12346_5,G1,B_batteries,G1-B_batteries-03,T004,1194.630385736439,4994.129999948263,T021,201.85475858907648,B03,existing
P12346_5,G1,B_batteries,G1-B_batteries-03,T021,5195.984758537339,8961.208181941944,,,B03,existing
P12346_5,G1,C_batteries,G1-C_batteries-01,T010_1,0.0,3563.4170832737245,T018,913.8029974380061,C01,existing
P12346_5,G1,C_batteries,G1-C_batteries-01,T018,4477.220080711731,9411.383881543894,,,C01,existing
P12346_5,G1,C_batteries,G1-C_batteries-02,T010_2,0.0,2880.8082760764496,T001,5.000100000000202,C02,existing
P12346_5,G1,C_batteries,G1-C_batteries-02,T001,2885.80837607645,6035.901229839401,T012,660.5175887223559,C02,existing
P12346_5,G1,C_batteries,G1-C_batteries-02,T012,6696.418818561757,11304.166177291878,,,C02,existing
P12346_5,G1,C_batteries,G1-C_batteries-03,T003,1438.035182877992,4385.641813543676,T019_2,66.59284005023983,C03,existing
P12346_5,G1,C_batteries,G1-C_batteries-03,T019_2,4452.234653593916,9160.096499981806,,,C03,existing
P12346_5,G1,relay_aircraft,G1-relay_aircraft-01,R001,113.13731944608116,2129.2976388563347,R002,2665.0597608848047,R01,existing
P12346_5,G1,relay_aircraft,G1-relay_aircraft-01,R002,4794.3573997411395,8150.275924236526,,,R01,existing
P12346_5,G1,relay_aircraft,G1-relay_aircraft-02,R003,1094.8164843575157,9390.324849711596,,,R02,existing
P12346_5,G1,relay_components,G1-relay_components-01,R001,113.13731944608116,2500.002637752911,R002,2294.3547619882283,RE01,existing
P12346_5,G1,relay_components,G1-relay_components-01,R002,4794.3573997411395,8687.28771421572,,,RE01,existing
P12346_5,G1,relay_components,G1-relay_components-02,R003,1094.8164843575157,10551.813344790942,,,RE02,existing
P12346_5,G2,A_aircraft,G2-A_aircraft-01,T002_2,2048.115373302644,3650.7081092828166,,,NEW-A_aircraft-01,procurement_required
P12346_5,G2,A_aircraft,G2-A_aircraft-02,T017,2048.115373302644,4391.962448014616,,,NEW-A_aircraft-02,procurement_required
P12346_5,G2,A_aircraft,G2-A_aircraft-03,T011,2058.1153733026445,4188.754462062227,,,NEW-A_aircraft-03,procurement_required
P12346_5,G2,B_aircraft,G2-B_aircraft-01,T008,1984.115373302644,3828.6542634582115,,,NEW-B_aircraft-01,procurement_required
P12346_5,G2,C_aircraft,G2-C_aircraft-01,T015,2076.1153733026445,3744.0155776451697,,,NEW-C_aircraft-01,procurement_required
P12346_5,G2,A_batteries,G2-A_batteries-01,T002_2,2048.115373302644,4715.175270999501,,,A06,existing
P12346_5,G2,A_batteries,G2-A_batteries-02,T017,2048.115373302644,5755.52643126419,,,NEW-A_batteries-01,procurement_required
P12346_5,G2,A_batteries,G2-A_batteries-03,T011,2058.1153733026445,5546.53945703066,,,NEW-A_batteries-02,procurement_required
P12346_5,G2,B_batteries,G2-B_batteries-01,T008,1984.115373302644,5417.316226537593,,,B04,existing
P12346_5,G2,C_batteries,G2-C_batteries-01,T015,2076.1153733026445,5451.076587273992,,,C04,existing
P12346_5,G2,relay_aircraft,G2-relay_aircraft-01,R004,2134.297738856335,4789.357299741141,,,NEW-relay_aircraft-01,procurement_required
P12346_5,G2,relay_components,G2-relay_components-01,R004,2134.297738856335,5243.065183552219,,,RE03,existing
P1234_56,G1,A_aircraft,G1-A_aircraft-01,T002_1,0.0,1652.4416357195464,T016,2907.7784449921833,U01,existing
P1234_56,G1,A_aircraft,G1-A_aircraft-01,T016,4560.22008071173,6255.978185380194,T019_1,5.000099999998383,U01,existing
P1234_56,G1,A_aircraft,G1-A_aircraft-01,T019_1,6260.978285380193,7896.736390048657,,,U01,existing
P1234_56,G1,A_aircraft,G1-A_aircraft-02,T005,0.0,1312.470877312685,T009,5.000099999999975,U02,existing
P1234_56,G1,A_aircraft,G1-A_aircraft-02,T009,1317.470977312685,2633.4851917296737,T014_2,5.0000999999997475,U02,existing
P1234_56,G1,A_aircraft,G1-A_aircraft-02,T014_2,2638.4852917296735,4762.444692702658,T022,5.000099999999293,U02,existing
P1234_56,G1,A_aircraft,G1-A_aircraft-02,T022,4767.444792702658,6458.979278941607,,,U02,existing
P1234_56,G1,A_aircraft,G1-A_aircraft-03,T020,4720.220080711731,6690.4299276885495,,,U03,existing
P1234_56,G1,A_aircraft,G1-A_aircraft-04,T023,5551.539557030659,7187.297661699124,,,U04,existing
P1234_56,G1,B_aircraft,G1-B_aircraft-01,T014_1,4.16673174186144e-07,1519.0243448285282,T007,3077.1957358832024,U05,existing
P1234_56,G1,B_aircraft,G1-B_aircraft-01,T007,4596.220080711731,6939.352187396264,,,U05,existing
P1234_56,G1,B_aircraft,G1-B_aircraft-02,T004,1194.630385736439,3227.943287050344,T013,5.000100000000202,U06,existing
P1234_56,G1,B_aircraft,G1-B_aircraft-02,T013,3232.9433870503444,5190.984658537339,T021,5.000100000000202,U06,existing
P1234_56,G1,B_aircraft,G1-B_aircraft-02,T021,5195.984758537339,7094.0260300243335,,,U06,existing
P1234_56,G1,C_aircraft,G1-C_aircraft-01,T010_1,0.0,1823.224406150507,T001,1062.5839699259427,U07,existing
P1234_56,G1,C_aircraft,G1-C_aircraft-01,T001,2885.80837607645,4447.234553593915,T019_2,5.000100000001112,U07,existing
P1234_56,G1,C_aircraft,G1-C_aircraft-01,T019_2,4452.234653593916,6691.4187185617575,T012,5.000099999999293,U07,existing
P1234_56,G1,C_aircraft,G1-C_aircraft-01,T012,6696.418818561757,8811.50045984021,,,U07,existing
P1234_56,G1,C_aircraft,G1-C_aircraft-02,T010_2,0.0,1433.035082877992,T003,5.000099999999975,U08,existing
P1234_56,G1,C_aircraft,G1-C_aircraft-02,T003,1438.035182877992,2867.4613603954576,T018,1609.758720316273,U08,existing
P1234_56,G1,C_aircraft,G1-C_aircraft-02,T018,4477.220080711731,6913.029601569379,,,U08,existing
P1234_56,G1,A_batteries,G1-A_batteries-01,T002_1,0.0,2667.5322461730734,T020,2052.687834538657,A01,existing
P1234_56,G1,A_batteries,G1-A_batteries-01,T020,4720.220080711731,7930.430578375625,,,A01,existing
P1234_56,G1,A_batteries,G1-A_batteries-02,T005,0.0,2178.7887122874713,T014_2,459.69657944220216,A02,existing
P1234_56,G1,A_batteries,G1-A_batteries-02,T014_2,2638.4852917296735,6105.968766534681,T019_1,155.0095188455116,A02,existing
P1234_56,G1,A_batteries,G1-A_batteries-02,T019_1,6260.978285380193,8981.354683688944,,,A02,existing
P1234_56,G1,A_batteries,G1-A_batteries-03,T009,1317.470977312685,3525.3399936387705,T016,1034.8800870729592,A03,existing
P1234_56,G1,A_batteries,G1-A_batteries-03,T016,4560.22008071173,7391.954497536396,,,A03,existing
P1234_56,G1,A_batteries,G1-A_batteries-04,T022,4767.444792702658,7634.473785621062,,,A04,existing
P1234_56,G1,A_batteries,G1-A_batteries-05,T023,5551.539557030659,8292.236282374923,,,A05,existing
P1234_56,G1,B_batteries,G1-B_batteries-01,T014_1,4.16673174186144e-07,2956.2905629638744,T013,276.65282408647,B01,existing
P1234_56,G1,B_batteries,G1-B_batteries-01,T013,3232.9433870503444,7150.230286022929,,,B01,existing
P1234_56,G1,B_batteries,G1-B_batteries-02,T004,1194.630385736439,4994.129999948263,T021,201.85475858907648,B02,existing
P1234_56,G1,B_batteries,G1-B_batteries-02,T021,5195.984758537339,8961.208181941944,,,B02,existing
P1234_56,G1,B_batteries,G1-B_batteries-03,T007,4596.220080711731,8817.149572633247,,,B03,existing
P1234_56,G1,C_batteries,G1-C_batteries-01,T010_1,0.0,3563.4170832737245,T018,913.8029974380061,C01,existing
P1234_56,G1,C_batteries,G1-C_batteries-01,T018,4477.220080711731,9411.383881543894,,,C01,existing
P1234_56,G1,C_batteries,G1-C_batteries-02,T010_2,0.0,2880.8082760764496,T001,5.000100000000202,C02,existing
P1234_56,G1,C_batteries,G1-C_batteries-02,T001,2885.80837607645,6035.901229839401,T012,660.5175887223559,C02,existing
P1234_56,G1,C_batteries,G1-C_batteries-02,T012,6696.418818561757,11304.166177291878,,,C02,existing
P1234_56,G1,C_batteries,G1-C_batteries-03,T003,1438.035182877992,4385.641813543676,T019_2,66.59284005023983,C03,existing
P1234_56,G1,C_batteries,G1-C_batteries-03,T019_2,4452.234653593916,9160.096499981806,,,C03,existing
P1234_56,G1,relay_aircraft,G1-relay_aircraft-01,R001,113.13731944608116,2129.2976388563347,R002,2665.0597608848047,R01,existing
P1234_56,G1,relay_aircraft,G1-relay_aircraft-01,R002,4794.3573997411395,8150.275924236526,,,R01,existing
P1234_56,G1,relay_aircraft,G1-relay_aircraft-02,R003,1094.8164843575157,9390.324849711596,,,R02,existing
P1234_56,G1,relay_components,G1-relay_components-01,R001,113.13731944608116,2500.002637752911,R002,2294.3547619882283,RE01,existing
P1234_56,G1,relay_components,G1-relay_components-01,R002,4794.3573997411395,8687.28771421572,,,RE01,existing
P1234_56,G1,relay_components,G1-relay_components-02,R003,1094.8164843575157,10551.813344790942,,,RE02,existing
P1234_56,G2,A_aircraft,G2-A_aircraft-01,T002_2,2048.115373302644,3650.7081092828166,,,NEW-A_aircraft-01,procurement_required
P1234_56,G2,A_aircraft,G2-A_aircraft-02,T017,2048.115373302644,4391.962448014616,,,NEW-A_aircraft-02,procurement_required
P1234_56,G2,A_aircraft,G2-A_aircraft-03,T011,2058.1153733026445,4188.754462062227,,,NEW-A_aircraft-03,procurement_required
P1234_56,G2,B_aircraft,G2-B_aircraft-01,T006,0.0,1189.630285736439,T008,794.485087566205,NEW-B_aircraft-01,procurement_required
P1234_56,G2,B_aircraft,G2-B_aircraft-01,T008,1984.115373302644,3828.6542634582115,,,NEW-B_aircraft-01,procurement_required
P1234_56,G2,C_aircraft,G2-C_aircraft-01,T015,2076.1153733026445,3744.0155776451697,,,NEW-C_aircraft-01,procurement_required
P1234_56,G2,A_batteries,G2-A_batteries-01,T002_2,2048.115373302644,4715.175270999501,,,A06,existing
P1234_56,G2,A_batteries,G2-A_batteries-02,T017,2048.115373302644,5755.52643126419,,,NEW-A_batteries-01,procurement_required
P1234_56,G2,A_batteries,G2-A_batteries-03,T011,2058.1153733026445,5546.53945703066,,,NEW-A_batteries-02,procurement_required
P1234_56,G2,B_batteries,G2-B_batteries-01,T006,0.0,2323.07116269932,,,B04,existing
P1234_56,G2,B_batteries,G2-B_batteries-02,T008,1984.115373302644,5417.316226537593,,,NEW-B_batteries-01,procurement_required
P1234_56,G2,C_batteries,G2-C_batteries-01,T015,2076.1153733026445,5451.076587273992,,,C04,existing
P1234_56,G2,relay_aircraft,G2-relay_aircraft-01,R004,2134.297738856335,4789.357299741141,,,NEW-relay_aircraft-01,procurement_required
P1234_56,G2,relay_components,G2-relay_components-01,R004,2134.297738856335,5243.065183552219,,,RE03,existing
P12356_4,G1,A_aircraft,G1-A_aircraft-01,T002_1,0.0,1652.4416357195464,T002_2,395.6737375830976,U01,existing
P12356_4,G1,A_aircraft,G1-A_aircraft-01,T002_2,2048.115373302644,3650.7081092828166,T016,909.5119714289131,U01,existing
P12356_4,G1,A_aircraft,G1-A_aircraft-01,T016,4560.22008071173,6255.978185380194,T019_1,5.000099999998383,U01,existing
P12356_4,G1,A_aircraft,G1-A_aircraft-01,T019_1,6260.978285380193,7896.736390048657,,,U01,existing
P12356_4,G1,A_aircraft,G1-A_aircraft-02,T005,0.0,1312.470877312685,T017,735.6444959899591,U02,existing
P12356_4,G1,A_aircraft,G1-A_aircraft-02,T017,2048.115373302644,4391.962448014616,T020,328.2576326971148,U02,existing
P12356_4,G1,A_aircraft,G1-A_aircraft-02,T020,4720.220080711731,6690.4299276885495,,,U02,existing
P12356_4,G1,A_aircraft,G1-A_aircraft-03,T011,2058.1153733026445,4188.754462062227,T023,1362.7850949684325,U03,existing
P12356_4,G1,A_aircraft,G1-A_aircraft-03,T023,5551.539557030659,7187.297661699124,,,U03,existing
P12356_4,G1,A_aircraft,G1-A_aircraft-04,T014_2,2638.4852917296735,4762.444692702658,T022,5.000099999999293,U04,existing
P12356_4,G1,A_aircraft,G1-A_aircraft-04,T022,4767.444792702658,6458.979278941607,,,U04,existing
P12356_4,G1,B_aircraft,G1-B_aircraft-01,T006,0.0,1189.630285736439,T004,5.000099999999975,U05,existing
P12356_4,G1,B_aircraft,G1-B_aircraft-01,T004,1194.630385736439,3227.943287050344,T013,5.000100000000202,U05,existing
P12356_4,G1,B_aircraft,G1-B_aircraft-01,T013,3232.9433870503444,5190.984658537339,T021,5.000100000000202,U05,existing
P12356_4,G1,B_aircraft,G1-B_aircraft-01,T021,5195.984758537339,7094.0260300243335,,,U05,existing
P12356_4,G1,B_aircraft,G1-B_aircraft-02,T014_1,4.16673174186144e-07,1519.0243448285282,T008,465.0910284741158,U06,existing
P12356_4,G1,B_aircraft,G1-B_aircraft-02,T008,1984.115373302644,3828.6542634582115,T007,767.5658172535191,U06,existing
P12356_4,G1,B_aircraft,G1-B_aircraft-02,T007,4596.220080711731,6939.352187396264,,,U06,existing
P12356_4,G1,C_aircraft,G1-C_aircraft-01,T010_1,0.0,1823.224406150507,T015,252.89096715213736,U07,existing
P12356_4,G1,C_aircraft,G1-C_aircraft-01,T015,2076.1153733026445,3744.0155776451697,T018,733.2045030665608,U07,existing
P12356_4,G1,C_aircraft,G1-C_aircraft-01,T018,4477.220080711731,6913.029601569379,,,U07,existing
P12356_4,G1,C_aircraft,G1-C_aircraft-02,T003,1438.035182877992,2867.4613603954576,T001,18.347015680992172,U08,existing
P12356_4,G1,C_aircraft,G1-C_aircraft-02,T001,2885.80837607645,4447.234553593915,T019_2,5.000100000001112,U08,existing
P12356_4,G1,C_aircraft,G1-C_aircraft-02,T019_2,4452.234653593916,6691.4187185617575,T012,5.000099999999293,U08,existing
P12356_4,G1,C_aircraft,G1-C_aircraft-02,T012,6696.418818561757,8811.50045984021,,,U08,existing
P12356_4,G1,A_batteries,G1-A_batteries-01,T002_1,0.0,2667.5322461730734,T016,1892.6878345386563,A01,existing
P12356_4,G1,A_batteries,G1-A_batteries-01,T016,4560.22008071173,7391.954497536396,,,A01,existing
P12356_4,G1,A_batteries,G1-A_batteries-02,T005,0.0,2178.7887122874713,T014_2,459.69657944220216,A02,existing
P12356_4,G1,A_batteries,G1-A_batteries-02,T014_2,2638.4852917296735,6105.968766534681,,,A02,existing
P12356_4,G1,A_batteries,G1-A_batteries-03,T002_2,2048.115373302644,4715.175270999501,T020,5.044809712229835,A03,existing
P12356_4,G1,A_batteries,G1-A_batteries-03,T020,4720.220080711731,7930.430578375625,,,A03,existing
P12356_4,G1,A_batteries,G1-A_batteries-04,T017,2048.115373302644,5755.52643126419,T019_1,505.4518541160023,A04,existing
P12356_4,G1,A_batteries,G1-A_batteries-04,T019_1,6260.978285380193,8981.354683688944,,,A04,existing
P12356_4,G1,A_batteries,G1-A_batteries-05,T011,2058.1153733026445,5546.53945703066,T023,5.000099999999293,A05,existing
P12356_4,G1,A_batteries,G1-A_batteries-05,T023,5551.539557030659,8292.236282374923,,,A05,existing
P12356_4,G1,A_batteries,G1-A_batteries-06,T022,4767.444792702658,7634.473785621062,,,A06,existing
P12356_4,G1,B_batteries,G1-B_batteries-01,T006,0.0,2323.07116269932,T007,2273.1489180124104,B01,existing
P12356_4,G1,B_batteries,G1-B_batteries-01,T007,4596.220080711731,8817.149572633247,,,B01,existing
P12356_4,G1,B_batteries,G1-B_batteries-02,T014_1,4.16673174186144e-07,2956.2905629638744,T013,276.65282408647,B02,existing
P12356_4,G1,B_batteries,G1-B_batteries-02,T013,3232.9433870503444,7150.230286022929,,,B02,existing
P12356_4,G1,B_batteries,G1-B_batteries-03,T004,1194.630385736439,4994.129999948263,T021,201.85475858907648,B03,existing
P12356_4,G1,B_batteries,G1-B_batteries-03,T021,5195.984758537339,8961.208181941944,,,B03,existing
P12356_4,G1,B_batteries,G1-B_batteries-04,T008,1984.115373302644,5417.316226537593,,,B04,existing
P12356_4,G1,C_batteries,G1-C_batteries-01,T010_1,0.0,3563.4170832737245,T019_2,888.8175703201914,C01,existing
P12356_4,G1,C_batteries,G1-C_batteries-01,T019_2,4452.234653593916,9160.096499981806,,,C01,existing
P12356_4,G1,C_batteries,G1-C_batteries-02,T003,1438.035182877992,4385.641813543676,T018,91.57826716805448,C02,existing
P12356_4,G1,C_batteries,G1-C_batteries-02,T018,4477.220080711731,9411.383881543894,,,C02,existing
P12356_4,G1,C_batteries,G1-C_batteries-03,T015,2076.1153733026445,5451.076587273992,T012,1245.3422312877647,C03,existing
P12356_4,G1,C_batteries,G1-C_batteries-03,T012,6696.418818561757,11304.166177291878,,,C03,existing
P12356_4,G1,C_batteries,G1-C_batteries-04,T001,2885.80837607645,6035.901229839401,,,C04,existing
P12356_4,G1,relay_aircraft,G1-relay_aircraft-01,R001,113.13731944608116,2129.2976388563347,R004,5.000100000000202,R01,existing
P12356_4,G1,relay_aircraft,G1-relay_aircraft-01,R004,2134.297738856335,4789.357299741141,R002,5.000099999998383,R01,existing
P12356_4,G1,relay_aircraft,G1-relay_aircraft-01,R002,4794.3573997411395,8150.275924236526,,,R01,existing
P12356_4,G1,relay_aircraft,G1-relay_aircraft-02,R003,1094.8164843575157,9390.324849711596,,,R02,existing
P12356_4,G1,relay_components,G1-relay_components-01,R001,113.13731944608116,2500.002637752911,R002,2294.3547619882283,RE01,existing
P12356_4,G1,relay_components,G1-relay_components-01,R002,4794.3573997411395,8687.28771421572,,,RE01,existing
P12356_4,G1,relay_components,G1-relay_components-02,R003,1094.8164843575157,10551.813344790942,,,RE02,existing
P12356_4,G1,relay_components,G1-relay_components-03,R004,2134.297738856335,5243.065183552219,,,RE03,existing
P12356_4,G2,A_aircraft,G2-A_aircraft-01,T009,1317.470977312685,2633.4851917296737,,,NEW-A_aircraft-01,procurement_required
P12356_4,G2,C_aircraft,G2-C_aircraft-01,T010_2,0.0,1433.035082877992,,,NEW-C_aircraft-01,procurement_required
P12356_4,G2,A_batteries,G2-A_batteries-01,T009,1317.470977312685,3525.3399936387705,,,NEW-A_batteries-01,procurement_required
P12356_4,G2,C_batteries,G2-C_batteries-01,T010_2,0.0,2880.8082760764496,,,NEW-C_batteries-01,procurement_required
P1235_46,G1,A_aircraft,G1-A_aircraft-01,T002_1,0.0,1652.4416357195464,T002_2,395.6737375830976,U01,existing
P1235_46,G1,A_aircraft,G1-A_aircraft-01,T002_2,2048.115373302644,3650.7081092828166,T016,909.5119714289131,U01,existing
P1235_46,G1,A_aircraft,G1-A_aircraft-01,T016,4560.22008071173,6255.978185380194,T019_1,5.000099999998383,U01,existing
P1235_46,G1,A_aircraft,G1-A_aircraft-01,T019_1,6260.978285380193,7896.736390048657,,,U01,existing
P1235_46,G1,A_aircraft,G1-A_aircraft-02,T005,0.0,1312.470877312685,T017,735.6444959899591,U02,existing
P1235_46,G1,A_aircraft,G1-A_aircraft-02,T017,2048.115373302644,4391.962448014616,T020,328.2576326971148,U02,existing
P1235_46,G1,A_aircraft,G1-A_aircraft-02,T020,4720.220080711731,6690.4299276885495,,,U02,existing
P1235_46,G1,A_aircraft,G1-A_aircraft-03,T011,2058.1153733026445,4188.754462062227,T023,1362.7850949684325,U03,existing
P1235_46,G1,A_aircraft,G1-A_aircraft-03,T023,5551.539557030659,7187.297661699124,,,U03,existing
P1235_46,G1,A_aircraft,G1-A_aircraft-04,T014_2,2638.4852917296735,4762.444692702658,T022,5.000099999999293,U04,existing
P1235_46,G1,A_aircraft,G1-A_aircraft-04,T022,4767.444792702658,6458.979278941607,,,U04,existing
P1235_46,G1,B_aircraft,G1-B_aircraft-01,T014_1,4.16673174186144e-07,1519.0243448285282,T008,465.0910284741158,U05,existing
P1235_46,G1,B_aircraft,G1-B_aircraft-01,T008,1984.115373302644,3828.6542634582115,T007,767.5658172535191,U05,existing
P1235_46,G1,B_aircraft,G1-B_aircraft-01,T007,4596.220080711731,6939.352187396264,,,U05,existing
P1235_46,G1,B_aircraft,G1-B_aircraft-02,T004,1194.630385736439,3227.943287050344,T013,5.000100000000202,U06,existing
P1235_46,G1,B_aircraft,G1-B_aircraft-02,T013,3232.9433870503444,5190.984658537339,T021,5.000100000000202,U06,existing
P1235_46,G1,B_aircraft,G1-B_aircraft-02,T021,5195.984758537339,7094.0260300243335,,,U06,existing
P1235_46,G1,C_aircraft,G1-C_aircraft-01,T010_1,0.0,1823.224406150507,T015,252.89096715213736,U07,existing
P1235_46,G1,C_aircraft,G1-C_aircraft-01,T015,2076.1153733026445,3744.0155776451697,T018,733.2045030665608,U07,existing
P1235_46,G1,C_aircraft,G1-C_aircraft-01,T018,4477.220080711731,6913.029601569379,,,U07,existing
P1235_46,G1,C_aircraft,G1-C_aircraft-02,T003,1438.035182877992,2867.4613603954576,T001,18.347015680992172,U08,existing
P1235_46,G1,C_aircraft,G1-C_aircraft-02,T001,2885.80837607645,4447.234553593915,T019_2,5.000100000001112,U08,existing
P1235_46,G1,C_aircraft,G1-C_aircraft-02,T019_2,4452.234653593916,6691.4187185617575,T012,5.000099999999293,U08,existing
P1235_46,G1,C_aircraft,G1-C_aircraft-02,T012,6696.418818561757,8811.50045984021,,,U08,existing
P1235_46,G1,A_batteries,G1-A_batteries-01,T002_1,0.0,2667.5322461730734,T016,1892.6878345386563,A01,existing
P1235_46,G1,A_batteries,G1-A_batteries-01,T016,4560.22008071173,7391.954497536396,,,A01,existing
P1235_46,G1,A_batteries,G1-A_batteries-02,T005,0.0,2178.7887122874713,T014_2,459.69657944220216,A02,existing
P1235_46,G1,A_batteries,G1-A_batteries-02,T014_2,2638.4852917296735,6105.968766534681,,,A02,existing
P1235_46,G1,A_batteries,G1-A_batteries-03,T002_2,2048.115373302644,4715.175270999501,T020,5.044809712229835,A03,existing
P1235_46,G1,A_batteries,G1-A_batteries-03,T020,4720.220080711731,7930.430578375625,,,A03,existing
P1235_46,G1,A_batteries,G1-A_batteries-04,T017,2048.115373302644,5755.52643126419,T019_1,505.4518541160023,A04,existing
P1235_46,G1,A_batteries,G1-A_batteries-04,T019_1,6260.978285380193,8981.354683688944,,,A04,existing
P1235_46,G1,A_batteries,G1-A_batteries-05,T011,2058.1153733026445,5546.53945703066,T023,5.000099999999293,A05,existing
P1235_46,G1,A_batteries,G1-A_batteries-05,T023,5551.539557030659,8292.236282374923,,,A05,existing
P1235_46,G1,A_batteries,G1-A_batteries-06,T022,4767.444792702658,7634.473785621062,,,A06,existing
P1235_46,G1,B_batteries,G1-B_batteries-01,T014_1,4.16673174186144e-07,2956.2905629638744,T013,276.65282408647,B01,existing
P1235_46,G1,B_batteries,G1-B_batteries-01,T013,3232.9433870503444,7150.230286022929,,,B01,existing
P1235_46,G1,B_batteries,G1-B_batteries-02,T004,1194.630385736439,4994.129999948263,T021,201.85475858907648,B02,existing
P1235_46,G1,B_batteries,G1-B_batteries-02,T021,5195.984758537339,8961.208181941944,,,B02,existing
P1235_46,G1,B_batteries,G1-B_batteries-03,T008,1984.115373302644,5417.316226537593,,,B03,existing
P1235_46,G1,B_batteries,G1-B_batteries-04,T007,4596.220080711731,8817.149572633247,,,B04,existing
P1235_46,G1,C_batteries,G1-C_batteries-01,T010_1,0.0,3563.4170832737245,T019_2,888.8175703201914,C01,existing
P1235_46,G1,C_batteries,G1-C_batteries-01,T019_2,4452.234653593916,9160.096499981806,,,C01,existing
P1235_46,G1,C_batteries,G1-C_batteries-02,T003,1438.035182877992,4385.641813543676,T018,91.57826716805448,C02,existing
P1235_46,G1,C_batteries,G1-C_batteries-02,T018,4477.220080711731,9411.383881543894,,,C02,existing
P1235_46,G1,C_batteries,G1-C_batteries-03,T015,2076.1153733026445,5451.076587273992,T012,1245.3422312877647,C03,existing
P1235_46,G1,C_batteries,G1-C_batteries-03,T012,6696.418818561757,11304.166177291878,,,C03,existing
P1235_46,G1,C_batteries,G1-C_batteries-04,T001,2885.80837607645,6035.901229839401,,,C04,existing
P1235_46,G1,relay_aircraft,G1-relay_aircraft-01,R001,113.13731944608116,2129.2976388563347,R004,5.000100000000202,R01,existing
P1235_46,G1,relay_aircraft,G1-relay_aircraft-01,R004,2134.297738856335,4789.357299741141,R002,5.000099999998383,R01,existing
P1235_46,G1,relay_aircraft,G1-relay_aircraft-01,R002,4794.3573997411395,8150.275924236526,,,R01,existing
P1235_46,G1,relay_aircraft,G1-relay_aircraft-02,R003,1094.8164843575157,9390.324849711596,,,R02,existing
P1235_46,G1,relay_components,G1-relay_components-01,R001,113.13731944608116,2500.002637752911,R002,2294.3547619882283,RE01,existing
P1235_46,G1,relay_components,G1-relay_components-01,R002,4794.3573997411395,8687.28771421572,,,RE01,existing
P1235_46,G1,relay_components,G1-relay_components-02,R003,1094.8164843575157,10551.813344790942,,,RE02,existing
P1235_46,G1,relay_components,G1-relay_components-03,R004,2134.297738856335,5243.065183552219,,,RE03,existing
P1235_46,G2,A_aircraft,G2-A_aircraft-01,T009,1317.470977312685,2633.4851917296737,,,NEW-A_aircraft-01,procurement_required
P1235_46,G2,B_aircraft,G2-B_aircraft-01,T006,0.0,1189.630285736439,,,NEW-B_aircraft-01,procurement_required
P1235_46,G2,C_aircraft,G2-C_aircraft-01,T010_2,0.0,1433.035082877992,,,NEW-C_aircraft-01,procurement_required
P1235_46,G2,A_batteries,G2-A_batteries-01,T009,1317.470977312685,3525.3399936387705,,,NEW-A_batteries-01,procurement_required
P1235_46,G2,B_batteries,G2-B_batteries-01,T006,0.0,2323.07116269932,,,NEW-B_batteries-01,procurement_required
P1235_46,G2,C_batteries,G2-C_batteries-01,T010_2,0.0,2880.8082760764496,,,NEW-C_batteries-01,procurement_required
P1236_45,G1,A_aircraft,G1-A_aircraft-01,T002_1,0.0,1652.4416357195464,T014_2,986.043656010127,U01,existing
P1236_45,G1,A_aircraft,G1-A_aircraft-01,T014_2,2638.4852917296735,4762.444692702658,T022,5.000099999999293,U01,existing
P1236_45,G1,A_aircraft,G1-A_aircraft-01,T022,4767.444792702658,6458.979278941607,,,U01,existing
P1236_45,G1,A_aircraft,G1-A_aircraft-02,T005,0.0,1312.470877312685,T016,3247.7492033990447,U02,existing
P1236_45,G1,A_aircraft,G1-A_aircraft-02,T016,4560.22008071173,6255.978185380194,T019_1,5.000099999998383,U02,existing
P1236_45,G1,A_aircraft,G1-A_aircraft-02,T019_1,6260.978285380193,7896.736390048657,,,U02,existing
P1236_45,G1,A_aircraft,G1-A_aircraft-03,T020,4720.220080711731,6690.4299276885495,,,U03,existing
P1236_45,G1,A_aircraft,G1-A_aircraft-04,T023,5551.539557030659,7187.297661699124,,,U04,existing
P1236_45,G1,B_aircraft,G1-B_aircraft-01,T006,0.0,1189.630285736439,T004,5.000099999999975,U05,existing
P1236_45,G1,B_aircraft,G1-B_aircraft-01,T004,1194.630385736439,3227.943287050344,T013,5.000100000000202,U05,existing
P1236_45,G1,B_aircraft,G1-B_aircraft-01,T013,3232.9433870503444,5190.984658537339,T021,5.000100000000202,U05,existing
P1236_45,G1,B_aircraft,G1-B_aircraft-01,T021,5195.984758537339,7094.0260300243335,,,U05,existing
P1236_45,G1,B_aircraft,G1-B_aircraft-02,T014_1,4.16673174186144e-07,1519.0243448285282,T007,3077.1957358832024,U06,existing
P1236_45,G1,B_aircraft,G1-B_aircraft-02,T007,4596.220080711731,6939.352187396264,,,U06,existing
P1236_45,G1,C_aircraft,G1-C_aircraft-01,T010_1,0.0,1823.224406150507,T001,1062.5839699259427,U07,existing
P1236_45,G1,C_aircraft,G1-C_aircraft-01,T001,2885.80837607645,4447.234553593915,T019_2,5.000100000001112,U07,existing
P1236_45,G1,C_aircraft,G1-C_aircraft-01,T019_2,4452.234653593916,6691.4187185617575,T012,5.000099999999293,U07,existing
P1236_45,G1,C_aircraft,G1-C_aircraft-01,T012,6696.418818561757,8811.50045984021,,,U07,existing
P1236_45,G1,C_aircraft,G1-C_aircraft-02,T003,1438.035182877992,2867.4613603954576,T018,1609.758720316273,U08,existing
P1236_45,G1,C_aircraft,G1-C_aircraft-02,T018,4477.220080711731,6913.029601569379,,,U08,existing
P1236_45,G1,A_batteries,G1-A_batteries-01,T002_1,0.0,2667.5322461730734,T016,1892.6878345386563,A01,existing
P1236_45,G1,A_batteries,G1-A_batteries-01,T016,4560.22008071173,7391.954497536396,,,A01,existing
P1236_45,G1,A_batteries,G1-A_batteries-02,T005,0.0,2178.7887122874713,T014_2,459.69657944220216,A02,existing
P1236_45,G1,A_batteries,G1-A_batteries-02,T014_2,2638.4852917296735,6105.968766534681,T019_1,155.0095188455116,A02,existing
P1236_45,G1,A_batteries,G1-A_batteries-02,T019_1,6260.978285380193,8981.354683688944,,,A02,existing
P1236_45,G1,A_batteries,G1-A_batteries-03,T020,4720.220080711731,7930.430578375625,,,A03,existing
P1236_45,G1,A_batteries,G1-A_batteries-04,T022,4767.444792702658,7634.473785621062,,,A04,existing
P1236_45,G1,A_batteries,G1-A_batteries-05,T023,5551.539557030659,8292.236282374923,,,A05,existing
P1236_45,G1,B_batteries,G1-B_batteries-01,T006,0.0,2323.07116269932,T007,2273.1489180124104,B01,existing
P1236_45,G1,B_batteries,G1-B_batteries-01,T007,4596.220080711731,8817.149572633247,,,B01,existing
P1236_45,G1,B_batteries,G1-B_batteries-02,T014_1,4.16673174186144e-07,2956.2905629638744,T013,276.65282408647,B02,existing
P1236_45,G1,B_batteries,G1-B_batteries-02,T013,3232.9433870503444,7150.230286022929,,,B02,existing
P1236_45,G1,B_batteries,G1-B_batteries-03,T004,1194.630385736439,4994.129999948263,T021,201.85475858907648,B03,existing
P1236_45,G1,B_batteries,G1-B_batteries-03,T021,5195.984758537339,8961.208181941944,,,B03,existing
P1236_45,G1,C_batteries,G1-C_batteries-01,T010_1,0.0,3563.4170832737245,T019_2,888.8175703201914,C01,existing
P1236_45,G1,C_batteries,G1-C_batteries-01,T019_2,4452.234653593916,9160.096499981806,,,C01,existing
P1236_45,G1,C_batteries,G1-C_batteries-02,T003,1438.035182877992,4385.641813543676,T018,91.57826716805448,C02,existing
P1236_45,G1,C_batteries,G1-C_batteries-02,T018,4477.220080711731,9411.383881543894,,,C02,existing
P1236_45,G1,C_batteries,G1-C_batteries-03,T001,2885.80837607645,6035.901229839401,T012,660.5175887223559,C03,existing
P1236_45,G1,C_batteries,G1-C_batteries-03,T012,6696.418818561757,11304.166177291878,,,C03,existing
P1236_45,G1,relay_aircraft,G1-relay_aircraft-01,R001,113.13731944608116,2129.2976388563347,R002,2665.0597608848047,R01,existing
P1236_45,G1,relay_aircraft,G1-relay_aircraft-01,R002,4794.3573997411395,8150.275924236526,,,R01,existing
P1236_45,G1,relay_aircraft,G1-relay_aircraft-02,R003,1094.8164843575157,9390.324849711596,,,R02,existing
P1236_45,G1,relay_components,G1-relay_components-01,R001,113.13731944608116,2500.002637752911,R002,2294.3547619882283,RE01,existing
P1236_45,G1,relay_components,G1-relay_components-01,R002,4794.3573997411395,8687.28771421572,,,RE01,existing
P1236_45,G1,relay_components,G1-relay_components-02,R003,1094.8164843575157,10551.813344790942,,,RE02,existing
P1236_45,G2,A_aircraft,G2-A_aircraft-01,T009,1317.470977312685,2633.4851917296737,,,NEW-A_aircraft-01,procurement_required
P1236_45,G2,A_aircraft,G2-A_aircraft-02,T002_2,2048.115373302644,3650.7081092828166,,,NEW-A_aircraft-02,procurement_required
P1236_45,G2,A_aircraft,G2-A_aircraft-03,T017,2048.115373302644,4391.962448014616,,,NEW-A_aircraft-03,procurement_required
P1236_45,G2,A_aircraft,G2-A_aircraft-04,T011,2058.1153733026445,4188.754462062227,,,NEW-A_aircraft-04,procurement_required
P1236_45,G2,B_aircraft,G2-B_aircraft-01,T008,1984.115373302644,3828.6542634582115,,,NEW-B_aircraft-01,procurement_required
P1236_45,G2,C_aircraft,G2-C_aircraft-01,T010_2,0.0,1433.035082877992,T015,643.0802904246525,NEW-C_aircraft-01,procurement_required
P1236_45,G2,C_aircraft,G2-C_aircraft-01,T015,2076.1153733026445,3744.0155776451697,,,NEW-C_aircraft-01,procurement_required
P1236_45,G2,A_batteries,G2-A_batteries-01,T009,1317.470977312685,3525.3399936387705,,,A06,existing
P1236_45,G2,A_batteries,G2-A_batteries-02,T002_2,2048.115373302644,4715.175270999501,,,NEW-A_batteries-01,procurement_required
P1236_45,G2,A_batteries,G2-A_batteries-03,T017,2048.115373302644,5755.52643126419,,,NEW-A_batteries-02,procurement_required
P1236_45,G2,A_batteries,G2-A_batteries-04,T011,2058.1153733026445,5546.53945703066,,,NEW-A_batteries-03,procurement_required
P1236_45,G2,B_batteries,G2-B_batteries-01,T008,1984.115373302644,5417.316226537593,,,B04,existing
P1236_45,G2,C_batteries,G2-C_batteries-01,T010_2,0.0,2880.8082760764496,,,C04,existing
P1236_45,G2,C_batteries,G2-C_batteries-02,T015,2076.1153733026445,5451.076587273992,,,NEW-C_batteries-01,procurement_required
P1236_45,G2,relay_aircraft,G2-relay_aircraft-01,R004,2134.297738856335,4789.357299741141,,,NEW-relay_aircraft-01,procurement_required
P1236_45,G2,relay_components,G2-relay_components-01,R004,2134.297738856335,5243.065183552219,,,RE03,existing
P123_456,G1,A_aircraft,G1-A_aircraft-01,T002_1,0.0,1652.4416357195464,T014_2,986.043656010127,U01,existing
P123_456,G1,A_aircraft,G1-A_aircraft-01,T014_2,2638.4852917296735,4762.444692702658,T022,5.000099999999293,U01,existing
P123_456,G1,A_aircraft,G1-A_aircraft-01,T022,4767.444792702658,6458.979278941607,,,U01,existing
P123_456,G1,A_aircraft,G1-A_aircraft-02,T005,0.0,1312.470877312685,T016,3247.7492033990447,U02,existing
P123_456,G1,A_aircraft,G1-A_aircraft-02,T016,4560.22008071173,6255.978185380194,T019_1,5.000099999998383,U02,existing
P123_456,G1,A_aircraft,G1-A_aircraft-02,T019_1,6260.978285380193,7896.736390048657,,,U02,existing
P123_456,G1,A_aircraft,G1-A_aircraft-03,T020,4720.220080711731,6690.4299276885495,,,U03,existing
P123_456,G1,A_aircraft,G1-A_aircraft-04,T023,5551.539557030659,7187.297661699124,,,U04,existing
P123_456,G1,B_aircraft,G1-B_aircraft-01,T014_1,4.16673174186144e-07,1519.0243448285282,T007,3077.1957358832024,U05,existing
P123_456,G1,B_aircraft,G1-B_aircraft-01,T007,4596.220080711731,6939.352187396264,,,U05,existing
P123_456,G1,B_aircraft,G1-B_aircraft-02,T004,1194.630385736439,3227.943287050344,T013,5.000100000000202,U06,existing
P123_456,G1,B_aircraft,G1-B_aircraft-02,T013,3232.9433870503444,5190.984658537339,T021,5.000100000000202,U06,existing
P123_456,G1,B_aircraft,G1-B_aircraft-02,T021,5195.984758537339,7094.0260300243335,,,U06,existing
P123_456,G1,C_aircraft,G1-C_aircraft-01,T010_1,0.0,1823.224406150507,T001,1062.5839699259427,U07,existing
P123_456,G1,C_aircraft,G1-C_aircraft-01,T001,2885.80837607645,4447.234553593915,T019_2,5.000100000001112,U07,existing
P123_456,G1,C_aircraft,G1-C_aircraft-01,T019_2,4452.234653593916,6691.4187185617575,T012,5.000099999999293,U07,existing
P123_456,G1,C_aircraft,G1-C_aircraft-01,T012,6696.418818561757,8811.50045984021,,,U07,existing
P123_456,G1,C_aircraft,G1-C_aircraft-02,T003,1438.035182877992,2867.4613603954576,T018,1609.758720316273,U08,existing
P123_456,G1,C_aircraft,G1-C_aircraft-02,T018,4477.220080711731,6913.029601569379,,,U08,existing
P123_456,G1,A_batteries,G1-A_batteries-01,T002_1,0.0,2667.5322461730734,T016,1892.6878345386563,A01,existing
P123_456,G1,A_batteries,G1-A_batteries-01,T016,4560.22008071173,7391.954497536396,,,A01,existing
P123_456,G1,A_batteries,G1-A_batteries-02,T005,0.0,2178.7887122874713,T014_2,459.69657944220216,A02,existing
P123_456,G1,A_batteries,G1-A_batteries-02,T014_2,2638.4852917296735,6105.968766534681,T019_1,155.0095188455116,A02,existing
P123_456,G1,A_batteries,G1-A_batteries-02,T019_1,6260.978285380193,8981.354683688944,,,A02,existing
P123_456,G1,A_batteries,G1-A_batteries-03,T020,4720.220080711731,7930.430578375625,,,A03,existing
P123_456,G1,A_batteries,G1-A_batteries-04,T022,4767.444792702658,7634.473785621062,,,A04,existing
P123_456,G1,A_batteries,G1-A_batteries-05,T023,5551.539557030659,8292.236282374923,,,A05,existing
P123_456,G1,B_batteries,G1-B_batteries-01,T014_1,4.16673174186144e-07,2956.2905629638744,T013,276.65282408647,B01,existing
P123_456,G1,B_batteries,G1-B_batteries-01,T013,3232.9433870503444,7150.230286022929,,,B01,existing
P123_456,G1,B_batteries,G1-B_batteries-02,T004,1194.630385736439,4994.129999948263,T021,201.85475858907648,B02,existing
P123_456,G1,B_batteries,G1-B_batteries-02,T021,5195.984758537339,8961.208181941944,,,B02,existing
P123_456,G1,B_batteries,G1-B_batteries-03,T007,4596.220080711731,8817.149572633247,,,B03,existing
P123_456,G1,C_batteries,G1-C_batteries-01,T010_1,0.0,3563.4170832737245,T019_2,888.8175703201914,C01,existing
P123_456,G1,C_batteries,G1-C_batteries-01,T019_2,4452.234653593916,9160.096499981806,,,C01,existing
P123_456,G1,C_batteries,G1-C_batteries-02,T003,1438.035182877992,4385.641813543676,T018,91.57826716805448,C02,existing
P123_456,G1,C_batteries,G1-C_batteries-02,T018,4477.220080711731,9411.383881543894,,,C02,existing
P123_456,G1,C_batteries,G1-C_batteries-03,T001,2885.80837607645,6035.901229839401,T012,660.5175887223559,C03,existing
P123_456,G1,C_batteries,G1-C_batteries-03,T012,6696.418818561757,11304.166177291878,,,C03,existing
P123_456,G1,relay_aircraft,G1-relay_aircraft-01,R001,113.13731944608116,2129.2976388563347,R002,2665.0597608848047,R01,existing
P123_456,G1,relay_aircraft,G1-relay_aircraft-01,R002,4794.3573997411395,8150.275924236526,,,R01,existing
P123_456,G1,relay_aircraft,G1-relay_aircraft-02,R003,1094.8164843575157,9390.324849711596,,,R02,existing
P123_456,G1,relay_components,G1-relay_components-01,R001,113.13731944608116,2500.002637752911,R002,2294.3547619882283,RE01,existing
P123_456,G1,relay_components,G1-relay_components-01,R002,4794.3573997411395,8687.28771421572,,,RE01,existing
P123_456,G1,relay_components,G1-relay_components-02,R003,1094.8164843575157,10551.813344790942,,,RE02,existing
P123_456,G2,A_aircraft,G2-A_aircraft-01,T009,1317.470977312685,2633.4851917296737,,,NEW-A_aircraft-01,procurement_required
P123_456,G2,A_aircraft,G2-A_aircraft-02,T002_2,2048.115373302644,3650.7081092828166,,,NEW-A_aircraft-02,procurement_required
P123_456,G2,A_aircraft,G2-A_aircraft-03,T017,2048.115373302644,4391.962448014616,,,NEW-A_aircraft-03,procurement_required
P123_456,G2,A_aircraft,G2-A_aircraft-04,T011,2058.1153733026445,4188.754462062227,,,NEW-A_aircraft-04,procurement_required
P123_456,G2,B_aircraft,G2-B_aircraft-01,T006,0.0,1189.630285736439,T008,794.485087566205,NEW-B_aircraft-01,procurement_required
P123_456,G2,B_aircraft,G2-B_aircraft-01,T008,1984.115373302644,3828.6542634582115,,,NEW-B_aircraft-01,procurement_required
P123_456,G2,C_aircraft,G2-C_aircraft-01,T010_2,0.0,1433.035082877992,T015,643.0802904246525,NEW-C_aircraft-01,procurement_required
P123_456,G2,C_aircraft,G2-C_aircraft-01,T015,2076.1153733026445,3744.0155776451697,,,NEW-C_aircraft-01,procurement_required
P123_456,G2,A_batteries,G2-A_batteries-01,T009,1317.470977312685,3525.3399936387705,,,A06,existing
P123_456,G2,A_batteries,G2-A_batteries-02,T002_2,2048.115373302644,4715.175270999501,,,NEW-A_batteries-01,procurement_required
P123_456,G2,A_batteries,G2-A_batteries-03,T017,2048.115373302644,5755.52643126419,,,NEW-A_batteries-02,procurement_required
P123_456,G2,A_batteries,G2-A_batteries-04,T011,2058.1153733026445,5546.53945703066,,,NEW-A_batteries-03,procurement_required
P123_456,G2,B_batteries,G2-B_batteries-01,T006,0.0,2323.07116269932,,,B04,existing
P123_456,G2,B_batteries,G2-B_batteries-02,T008,1984.115373302644,5417.316226537593,,,NEW-B_batteries-01,procurement_required
P123_456,G2,C_batteries,G2-C_batteries-01,T010_2,0.0,2880.8082760764496,,,C04,existing
P123_456,G2,C_batteries,G2-C_batteries-02,T015,2076.1153733026445,5451.076587273992,,,NEW-C_batteries-01,procurement_required
P123_456,G2,relay_aircraft,G2-relay_aircraft-01,R004,2134.297738856335,4789.357299741141,,,NEW-relay_aircraft-01,procurement_required
P123_456,G2,relay_components,G2-relay_components-01,R004,2134.297738856335,5243.065183552219,,,RE03,existing
P12456_3,G1,A_aircraft,G1-A_aircraft-01,T005,0.0,1312.470877312685,T009,5.000099999999975,U01,existing
P12456_3,G1,A_aircraft,G1-A_aircraft-01,T009,1317.470977312685,2633.4851917296737,T014_2,5.0000999999997475,U01,existing
P12456_3,G1,A_aircraft,G1-A_aircraft-01,T014_2,2638.4852917296735,4762.444692702658,,,U01,existing
P12456_3,G1,A_aircraft,G1-A_aircraft-02,T002_2,2048.115373302644,3650.7081092828166,T022,1116.736683419841,U02,existing
P12456_3,G1,A_aircraft,G1-A_aircraft-02,T022,4767.444792702658,6458.979278941607,,,U02,existing
P12456_3,G1,A_aircraft,G1-A_aircraft-03,T017,2048.115373302644,4391.962448014616,,,U03,existing
P12456_3,G1,A_aircraft,G1-A_aircraft-04,T011,2058.1153733026445,4188.754462062227,,,U04,existing
P12456_3,G1,B_aircraft,G1-B_aircraft-01,T006,0.0,1189.630285736439,T008,794.485087566205,U05,existing
P12456_3,G1,B_aircraft,G1-B_aircraft-01,T008,1984.115373302644,3828.6542634582115,T021,1367.3304950791276,U05,existing
P12456_3,G1,B_aircraft,G1-B_aircraft-01,T021,5195.984758537339,7094.0260300243335,,,U05,existing
P12456_3,G1,B_aircraft,G1-B_aircraft-02,T004,1194.630385736439,3227.943287050344,T013,5.000100000000202,U06,existing
P12456_3,G1,B_aircraft,G1-B_aircraft-02,T013,3232.9433870503444,5190.984658537339,,,U06,existing
P12456_3,G1,C_aircraft,G1-C_aircraft-01,T010_2,0.0,1433.035082877992,T015,643.0802904246525,U07,existing
P12456_3,G1,C_aircraft,G1-C_aircraft-01,T015,2076.1153733026445,3744.0155776451697,T019_2,708.2190759487462,U07,existing
P12456_3,G1,C_aircraft,G1-C_aircraft-01,T019_2,4452.234653593916,6691.4187185617575,,,U07,existing
P12456_3,G1,C_aircraft,G1-C_aircraft-02,T003,1438.035182877992,2867.4613603954576,T001,18.347015680992172,U08,existing
P12456_3,G1,C_aircraft,G1-C_aircraft-02,T001,2885.80837607645,4447.234553593915,T012,2249.184264967842,U08,existing
P12456_3,G1,C_aircraft,G1-C_aircraft-02,T012,6696.418818561757,8811.50045984021,,,U08,existing
P12456_3,G1,A_batteries,G1-A_batteries-01,T005,0.0,2178.7887122874713,T014_2,459.69657944220216,A01,existing
P12456_3,G1,A_batteries,G1-A_batteries-01,T014_2,2638.4852917296735,6105.968766534681,,,A01,existing
P12456_3,G1,A_batteries,G1-A_batteries-02,T009,1317.470977312685,3525.3399936387705,T022,1242.1047990638872,A02,existing
P12456_3,G1,A_batteries,G1-A_batteries-02,T022,4767.444792702658,7634.473785621062,,,A02,existing
P12456_3,G1,A_batteries,G1-A_batteries-03,T002_2,2048.115373302644,4715.175270999501,,,A03,existing
P12456_3,G1,A_batteries,G1-A_batteries-04,T017,2048.115373302644,5755.52643126419,,,A04,existing
P12456_3,G1,A_batteries,G1-A_batteries-05,T011,2058.1153733026445,5546.53945703066,,,A05,existing
P12456_3,G1,B_batteries,G1-B_batteries-01,T006,0.0,2323.07116269932,T013,909.8722243510242,B01,existing
P12456_3,G1,B_batteries,G1-B_batteries-01,T013,3232.9433870503444,7150.230286022929,,,B01,existing
P12456_3,G1,B_batteries,G1-B_batteries-02,T004,1194.630385736439,4994.129999948263,T021,201.85475858907648,B02,existing
P12456_3,G1,B_batteries,G1-B_batteries-02,T021,5195.984758537339,8961.208181941944,,,B02,existing
P12456_3,G1,B_batteries,G1-B_batteries-03,T008,1984.115373302644,5417.316226537593,,,B03,existing
P12456_3,G1,C_batteries,G1-C_batteries-01,T010_2,0.0,2880.8082760764496,T001,5.000100000000202,C01,existing
P12456_3,G1,C_batteries,G1-C_batteries-01,T001,2885.80837607645,6035.901229839401,,,C01,existing
P12456_3,G1,C_batteries,G1-C_batteries-02,T003,1438.035182877992,4385.641813543676,T019_2,66.59284005023983,C02,existing
P12456_3,G1,C_batteries,G1-C_batteries-02,T019_2,4452.234653593916,9160.096499981806,,,C02,existing
P12456_3,G1,C_batteries,G1-C_batteries-03,T015,2076.1153733026445,5451.076587273992,T012,1245.3422312877647,C03,existing
P12456_3,G1,C_batteries,G1-C_batteries-03,T012,6696.418818561757,11304.166177291878,,,C03,existing
P12456_3,G1,relay_aircraft,G1-relay_aircraft-01,R003,1094.8164843575157,9390.324849711596,,,R01,existing
P12456_3,G1,relay_aircraft,G1-relay_aircraft-02,R004,2134.297738856335,4789.357299741141,,,R02,existing
P12456_3,G1,relay_components,G1-relay_components-01,R003,1094.8164843575157,10551.813344790942,,,RE01,existing
P12456_3,G1,relay_components,G1-relay_components-02,R004,2134.297738856335,5243.065183552219,,,RE02,existing
P12456_3,G2,A_aircraft,G2-A_aircraft-01,T002_1,0.0,1652.4416357195464,T016,2907.7784449921833,NEW-A_aircraft-01,procurement_required
P12456_3,G2,A_aircraft,G2-A_aircraft-01,T016,4560.22008071173,6255.978185380194,T019_1,5.000099999998383,NEW-A_aircraft-01,procurement_required
P12456_3,G2,A_aircraft,G2-A_aircraft-01,T019_1,6260.978285380193,7896.736390048657,,,NEW-A_aircraft-01,procurement_required
P12456_3,G2,A_aircraft,G2-A_aircraft-02,T020,4720.220080711731,6690.4299276885495,,,NEW-A_aircraft-02,procurement_required
P12456_3,G2,A_aircraft,G2-A_aircraft-03,T023,5551.539557030659,7187.297661699124,,,NEW-A_aircraft-03,procurement_required
P12456_3,G2,B_aircraft,G2-B_aircraft-01,T014_1,4.16673174186144e-07,1519.0243448285282,T007,3077.1957358832024,NEW-B_aircraft-01,procurement_required
P12456_3,G2,B_aircraft,G2-B_aircraft-01,T007,4596.220080711731,6939.352187396264,,,NEW-B_aircraft-01,procurement_required
P12456_3,G2,C_aircraft,G2-C_aircraft-01,T010_1,0.0,1823.224406150507,T018,2653.9956745612235,NEW-C_aircraft-01,procurement_required
P12456_3,G2,C_aircraft,G2-C_aircraft-01,T018,4477.220080711731,6913.029601569379,,,NEW-C_aircraft-01,procurement_required
P12456_3,G2,A_batteries,G2-A_batteries-01,T002_1,0.0,2667.5322461730734,T019_1,3593.446039207119,A06,existing
P12456_3,G2,A_batteries,G2-A_batteries-01,T019_1,6260.978285380193,8981.354683688944,,,A06,existing
P12456_3,G2,A_batteries,G2-A_batteries-02,T016,4560.22008071173,7391.954497536396,,,NEW-A_batteries-01,procurement_required
P12456_3,G2,A_batteries,G2-A_batteries-03,T020,4720.220080711731,7930.430578375625,,,NEW-A_batteries-02,procurement_required
P12456_3,G2,A_batteries,G2-A_batteries-04,T023,5551.539557030659,8292.236282374923,,,NEW-A_batteries-03,procurement_required
P12456_3,G2,B_batteries,G2-B_batteries-01,T014_1,4.16673174186144e-07,2956.2905629638744,T007,1639.9295177478562,B04,existing
P12456_3,G2,B_batteries,G2-B_batteries-01,T007,4596.220080711731,8817.149572633247,,,B04,existing
P12456_3,G2,C_batteries,G2-C_batteries-01,T010_1,0.0,3563.4170832737245,T018,913.8029974380061,C04,existing
P12456_3,G2,C_batteries,G2-C_batteries-01,T018,4477.220080711731,9411.383881543894,,,C04,existing
P12456_3,G2,relay_aircraft,G2-relay_aircraft-01,R001,113.13731944608116,2129.2976388563347,R002,2665.0597608848047,NEW-relay_aircraft-01,procurement_required
P12456_3,G2,relay_aircraft,G2-relay_aircraft-01,R002,4794.3573997411395,8150.275924236526,,,NEW-relay_aircraft-01,procurement_required
P12456_3,G2,relay_components,G2-relay_components-01,R001,113.13731944608116,2500.002637752911,R002,2294.3547619882283,RE03,existing
P12456_3,G2,relay_components,G2-relay_components-01,R002,4794.3573997411395,8687.28771421572,,,RE03,existing
P1245_36,G1,A_aircraft,G1-A_aircraft-01,T005,0.0,1312.470877312685,T009,5.000099999999975,U01,existing
P1245_36,G1,A_aircraft,G1-A_aircraft-01,T009,1317.470977312685,2633.4851917296737,T014_2,5.0000999999997475,U01,existing
P1245_36,G1,A_aircraft,G1-A_aircraft-01,T014_2,2638.4852917296735,4762.444692702658,,,U01,existing
P1245_36,G1,A_aircraft,G1-A_aircraft-02,T002_2,2048.115373302644,3650.7081092828166,T022,1116.736683419841,U02,existing
P1245_36,G1,A_aircraft,G1-A_aircraft-02,T022,4767.444792702658,6458.979278941607,,,U02,existing
P1245_36,G1,A_aircraft,G1-A_aircraft-03,T017,2048.115373302644,4391.962448014616,,,U03,existing
P1245_36,G1,A_aircraft,G1-A_aircraft-04,T011,2058.1153733026445,4188.754462062227,,,U04,existing
P1245_36,G1,B_aircraft,G1-B_aircraft-01,T004,1194.630385736439,3227.943287050344,T013,5.000100000000202,U05,existing
P1245_36,G1,B_aircraft,G1-B_aircraft-01,T013,3232.9433870503444,5190.984658537339,,,U05,existing
P1245_36,G1,B_aircraft,G1-B_aircraft-02,T008,1984.115373302644,3828.6542634582115,T021,1367.3304950791276,U06,existing
P1245_36,G1,B_aircraft,G1-B_aircraft-02,T021,5195.984758537339,7094.0260300243335,,,U06,existing
P1245_36,G1,C_aircraft,G1-C_aircraft-01,T010_2,0.0,1433.035082877992,T015,643.0802904246525,U07,existing
P1245_36,G1,C_aircraft,G1-C_aircraft-01,T015,2076.1153733026445,3744.0155776451697,T019_2,708.2190759487462,U07,existing
P1245_36,G1,C_aircraft,G1-C_aircraft-01,T019_2,4452.234653593916,6691.4187185617575,,,U07,existing
P1245_36,G1,C_aircraft,G1-C_aircraft-02,T003,1438.035182877992,2867.4613603954576,T001,18.347015680992172,U08,existing
P1245_36,G1,C_aircraft,G1-C_aircraft-02,T001,2885.80837607645,4447.234553593915,T012,2249.184264967842,U08,existing
P1245_36,G1,C_aircraft,G1-C_aircraft-02,T012,6696.418818561757,8811.50045984021,,,U08,existing
P1245_36,G1,A_batteries,G1-A_batteries-01,T005,0.0,2178.7887122874713,T014_2,459.69657944220216,A01,existing
P1245_36,G1,A_batteries,G1-A_batteries-01,T014_2,2638.4852917296735,6105.968766534681,,,A01,existing
P1245_36,G1,A_batteries,G1-A_batteries-02,T009,1317.470977312685,3525.3399936387705,T022,1242.1047990638872,A02,existing
P1245_36,G1,A_batteries,G1-A_batteries-02,T022,4767.444792702658,7634.473785621062,,,A02,existing
P1245_36,G1,A_batteries,G1-A_batteries-03,T002_2,2048.115373302644,4715.175270999501,,,A03,existing
P1245_36,G1,A_batteries,G1-A_batteries-04,T017,2048.115373302644,5755.52643126419,,,A04,existing
P1245_36,G1,A_batteries,G1-A_batteries-05,T011,2058.1153733026445,5546.53945703066,,,A05,existing
P1245_36,G1,B_batteries,G1-B_batteries-01,T004,1194.630385736439,4994.129999948263,T021,201.85475858907648,B01,existing
P1245_36,G1,B_batteries,G1-B_batteries-01,T021,5195.984758537339,8961.208181941944,,,B01,existing
P1245_36,G1,B_batteries,G1-B_batteries-02,T008,1984.115373302644,5417.316226537593,,,B02,existing
P1245_36,G1,B_batteries,G1-B_batteries-03,T013,3232.9433870503444,7150.230286022929,,,B03,existing
P1245_36,G1,C_batteries,G1-C_batteries-01,T010_2,0.0,2880.8082760764496,T001,5.000100000000202,C01,existing
P1245_36,G1,C_batteries,G1-C_batteries-01,T001,2885.80837607645,6035.901229839401,,,C01,existing
P1245_36,G1,C_batteries,G1-C_batteries-02,T003,1438.035182877992,4385.641813543676,T019_2,66.59284005023983,C02,existing
P1245_36,G1,C_batteries,G1-C_batteries-02,T019_2,4452.234653593916,9160.096499981806,,,C02,existing
P1245_36,G1,C_batteries,G1-C_batteries-03,T015,2076.1153733026445,5451.076587273992,T012,1245.3422312877647,C03,existing
P1245_36,G1,C_batteries,G1-C_batteries-03,T012,6696.418818561757,11304.166177291878,,,C03,existing
P1245_36,G1,relay_aircraft,G1-relay_aircraft-01,R003,1094.8164843575157,9390.324849711596,,,R01,existing
P1245_36,G1,relay_aircraft,G1-relay_aircraft-02,R004,2134.297738856335,4789.357299741141,,,R02,existing
P1245_36,G1,relay_components,G1-relay_components-01,R003,1094.8164843575157,10551.813344790942,,,RE01,existing
P1245_36,G1,relay_components,G1-relay_components-02,R004,2134.297738856335,5243.065183552219,,,RE02,existing
P1245_36,G2,A_aircraft,G2-A_aircraft-01,T002_1,0.0,1652.4416357195464,T016,2907.7784449921833,NEW-A_aircraft-01,procurement_required
P1245_36,G2,A_aircraft,G2-A_aircraft-01,T016,4560.22008071173,6255.978185380194,T019_1,5.000099999998383,NEW-A_aircraft-01,procurement_required
P1245_36,G2,A_aircraft,G2-A_aircraft-01,T019_1,6260.978285380193,7896.736390048657,,,NEW-A_aircraft-01,procurement_required
P1245_36,G2,A_aircraft,G2-A_aircraft-02,T020,4720.220080711731,6690.4299276885495,,,NEW-A_aircraft-02,procurement_required
P1245_36,G2,A_aircraft,G2-A_aircraft-03,T023,5551.539557030659,7187.297661699124,,,NEW-A_aircraft-03,procurement_required
P1245_36,G2,B_aircraft,G2-B_aircraft-01,T006,0.0,1189.630285736439,T007,3406.5897949752916,NEW-B_aircraft-01,procurement_required
P1245_36,G2,B_aircraft,G2-B_aircraft-01,T007,4596.220080711731,6939.352187396264,,,NEW-B_aircraft-01,procurement_required
P1245_36,G2,B_aircraft,G2-B_aircraft-02,T014_1,4.16673174186144e-07,1519.0243448285282,,,NEW-B_aircraft-02,procurement_required
P1245_36,G2,C_aircraft,G2-C_aircraft-01,T010_1,0.0,1823.224406150507,T018,2653.9956745612235,NEW-C_aircraft-01,procurement_required
P1245_36,G2,C_aircraft,G2-C_aircraft-01,T018,4477.220080711731,6913.029601569379,,,NEW-C_aircraft-01,procurement_required
P1245_36,G2,A_batteries,G2-A_batteries-01,T002_1,0.0,2667.5322461730734,T019_1,3593.446039207119,A06,existing
P1245_36,G2,A_batteries,G2-A_batteries-01,T019_1,6260.978285380193,8981.354683688944,,,A06,existing
P1245_36,G2,A_batteries,G2-A_batteries-02,T016,4560.22008071173,7391.954497536396,,,NEW-A_batteries-01,procurement_required
P1245_36,G2,A_batteries,G2-A_batteries-03,T020,4720.220080711731,7930.430578375625,,,NEW-A_batteries-02,procurement_required
P1245_36,G2,A_batteries,G2-A_batteries-04,T023,5551.539557030659,8292.236282374923,,,NEW-A_batteries-03,procurement_required
P1245_36,G2,B_batteries,G2-B_batteries-01,T006,0.0,2323.07116269932,T007,2273.1489180124104,B04,existing
P1245_36,G2,B_batteries,G2-B_batteries-01,T007,4596.220080711731,8817.149572633247,,,B04,existing
P1245_36,G2,B_batteries,G2-B_batteries-02,T014_1,4.16673174186144e-07,2956.2905629638744,,,NEW-B_batteries-01,procurement_required
P1245_36,G2,C_batteries,G2-C_batteries-01,T010_1,0.0,3563.4170832737245,T018,913.8029974380061,C04,existing
P1245_36,G2,C_batteries,G2-C_batteries-01,T018,4477.220080711731,9411.383881543894,,,C04,existing
P1245_36,G2,relay_aircraft,G2-relay_aircraft-01,R001,113.13731944608116,2129.2976388563347,R002,2665.0597608848047,NEW-relay_aircraft-01,procurement_required
P1245_36,G2,relay_aircraft,G2-relay_aircraft-01,R002,4794.3573997411395,8150.275924236526,,,NEW-relay_aircraft-01,procurement_required
P1245_36,G2,relay_components,G2-relay_components-01,R001,113.13731944608116,2500.002637752911,R002,2294.3547619882283,RE03,existing
P1245_36,G2,relay_components,G2-relay_components-01,R002,4794.3573997411395,8687.28771421572,,,RE03,existing
P1246_35,G1,A_aircraft,G1-A_aircraft-01,T005,0.0,1312.470877312685,T009,5.000099999999975,U01,existing
P1246_35,G1,A_aircraft,G1-A_aircraft-01,T009,1317.470977312685,2633.4851917296737,T014_2,5.0000999999997475,U01,existing
P1246_35,G1,A_aircraft,G1-A_aircraft-01,T014_2,2638.4852917296735,4762.444692702658,T022,5.000099999999293,U01,existing
P1246_35,G1,A_aircraft,G1-A_aircraft-01,T022,4767.444792702658,6458.979278941607,,,U01,existing
P1246_35,G1,B_aircraft,G1-B_aircraft-01,T006,0.0,1189.630285736439,T004,5.000099999999975,U05,existing
P1246_35,G1,B_aircraft,G1-B_aircraft-01,T004,1194.630385736439,3227.943287050344,T013,5.000100000000202,U05,existing
P1246_35,G1,B_aircraft,G1-B_aircraft-01,T013,3232.9433870503444,5190.984658537339,T021,5.000100000000202,U05,existing
P1246_35,G1,B_aircraft,G1-B_aircraft-01,T021,5195.984758537339,7094.0260300243335,,,U05,existing
P1246_35,G1,C_aircraft,G1-C_aircraft-01,T010_2,0.0,1433.035082877992,T003,5.000099999999975,U07,existing
P1246_35,G1,C_aircraft,G1-C_aircraft-01,T003,1438.035182877992,2867.4613603954576,T001,18.347015680992172,U07,existing
P1246_35,G1,C_aircraft,G1-C_aircraft-01,T001,2885.80837607645,4447.234553593915,T019_2,5.000100000001112,U07,existing
P1246_35,G1,C_aircraft,G1-C_aircraft-01,T019_2,4452.234653593916,6691.4187185617575,T012,5.000099999999293,U07,existing
P1246_35,G1,C_aircraft,G1-C_aircraft-01,T012,6696.418818561757,8811.50045984021,,,U07,existing
P1246_35,G1,A_batteries,G1-A_batteries-01,T005,0.0,2178.7887122874713,T014_2,459.69657944220216,A01,existing
P1246_35,G1,A_batteries,G1-A_batteries-01,T014_2,2638.4852917296735,6105.968766534681,,,A01,existing
P1246_35,G1,A_batteries,G1-A_batteries-02,T009,1317.470977312685,3525.3399936387705,T022,1242.1047990638872,A02,existing
P1246_35,G1,A_batteries,G1-A_batteries-02,T022,4767.444792702658,7634.473785621062,,,A02,existing
P1246_35,G1,B_batteries,G1-B_batteries-01,T006,0.0,2323.07116269932,T013,909.8722243510242,B01,existing
P1246_35,G1,B_batteries,G1-B_batteries-01,T013,3232.9433870503444,7150.230286022929,,,B01,existing
P1246_35,G1,B_batteries,G1-B_batteries-02,T004,1194.630385736439,4994.129999948263,T021,201.85475858907648,B02,existing
P1246_35,G1,B_batteries,G1-B_batteries-02,T021,5195.984758537339,8961.208181941944,,,B02,existing
P1246_35,G1,C_batteries,G1-C_batteries-01,T010_2,0.0,2880.8082760764496,T001,5.000100000000202,C01,existing
P1246_35,G1,C_batteries,G1-C_batteries-01,T001,2885.80837607645,6035.901229839401,T012,660.5175887223559,C01,existing
P1246_35,G1,C_batteries,G1-C_batteries-01,T012,6696.418818561757,11304.166177291878,,,C01,existing
P1246_35,G1,C_batteries,G1-C_batteries-02,T003,1438.035182877992,4385.641813543676,T019_2,66.59284005023983,C02,existing
P1246_35,G1,C_batteries,G1-C_batteries-02,T019_2,4452.234653593916,9160.096499981806,,,C02,existing
P1246_35,G1,relay_aircraft,G1-relay_aircraft-01,R003,1094.8164843575157,9390.324849711596,,,R01,existing
P1246_35,G1,relay_components,G1-relay_components-01,R003,1094.8164843575157,10551.813344790942,,,RE01,existing
P1246_35,G2,A_aircraft,G2-A_aircraft-01,T002_1,0.0,1652.4416357195464,T002_2,395.6737375830976,U02,existing
P1246_35,G2,A_aircraft,G2-A_aircraft-01,T002_2,2048.115373302644,3650.7081092828166,T023,1900.8314477478425,U02,existing
P1246_35,G2,A_aircraft,G2-A_aircraft-01,T023,5551.539557030659,7187.297661699124,,,U02,existing
P1246_35,G2,A_aircraft,G2-A_aircraft-02,T017,2048.115373302644,4391.962448014616,T016,168.25763269711388,U03,existing
P1246_35,G2,A_aircraft,G2-A_aircraft-02,T016,4560.22008071173,6255.978185380194,T019_1,5.000099999998383,U03,existing
P1246_35,G2,A_aircraft,G2-A_aircraft-02,T019_1,6260.978285380193,7896.736390048657,,,U03,existing
P1246_35,G2,A_aircraft,G2-A_aircraft-03,T011,2058.1153733026445,4188.754462062227,T020,531.465618649504,U04,existing
P1246_35,G2,A_aircraft,G2-A_aircraft-03,T020,4720.220080711731,6690.4299276885495,,,U04,existing
P1246_35,G2,B_aircraft,G2-B_aircraft-01,T014_1,4.16673174186144e-07,1519.0243448285282,T008,465.0910284741158,U06,existing
P1246_35,G2,B_aircraft,G2-B_aircraft-01,T008,1984.115373302644,3828.6542634582115,T007,767.5658172535191,U06,existing
P1246_35,G2,B_aircraft,G2-B_aircraft-01,T007,4596.220080711731,6939.352187396264,,,U06,existing
P1246_35,G2,C_aircraft,G2-C_aircraft-01,T010_1,0.0,1823.224406150507,T015,252.89096715213736,U08,existing
P1246_35,G2,C_aircraft,G2-C_aircraft-01,T015,2076.1153733026445,3744.0155776451697,T018,733.2045030665608,U08,existing
P1246_35,G2,C_aircraft,G2-C_aircraft-01,T018,4477.220080711731,6913.029601569379,,,U08,existing
P1246_35,G2,A_batteries,G2-A_batteries-01,T002_1,0.0,2667.5322461730734,T016,1892.6878345386563,A03,existing
P1246_35,G2,A_batteries,G2-A_batteries-01,T016,4560.22008071173,7391.954497536396,,,A03,existing
P1246_35,G2,A_batteries,G2-A_batteries-02,T002_2,2048.115373302644,4715.175270999501,T020,5.044809712229835,A04,existing
P1246_35,G2,A_batteries,G2-A_batteries-02,T020,4720.220080711731,7930.430578375625,,,A04,existing
P1246_35,G2,A_batteries,G2-A_batteries-03,T017,2048.115373302644,5755.52643126419,T019_1,505.4518541160023,A05,existing
P1246_35,G2,A_batteries,G2-A_batteries-03,T019_1,6260.978285380193,8981.354683688944,,,A05,existing
P1246_35,G2,A_batteries,G2-A_batteries-04,T011,2058.1153733026445,5546.53945703066,T023,5.000099999999293,A06,existing
P1246_35,G2,A_batteries,G2-A_batteries-04,T023,5551.539557030659,8292.236282374923,,,A06,existing
P1246_35,G2,B_batteries,G2-B_batteries-01,T014_1,4.16673174186144e-07,2956.2905629638744,T007,1639.9295177478562,B03,existing
P1246_35,G2,B_batteries,G2-B_batteries-01,T007,4596.220080711731,8817.149572633247,,,B03,existing
P1246_35,G2,B_batteries,G2-B_batteries-02,T008,1984.115373302644,5417.316226537593,,,B04,existing
P1246_35,G2,C_batteries,G2-C_batteries-01,T010_1,0.0,3563.4170832737245,T018,913.8029974380061,C03,existing
P1246_35,G2,C_batteries,G2-C_batteries-01,T018,4477.220080711731,9411.383881543894,,,C03,existing
P1246_35,G2,C_batteries,G2-C_batteries-02,T015,2076.1153733026445,5451.076587273992,,,C04,existing
P1246_35,G2,relay_aircraft,G2-relay_aircraft-01,R001,113.13731944608116,2129.2976388563347,R004,5.000100000000202,R02,existing
P1246_35,G2,relay_aircraft,G2-relay_aircraft-01,R004,2134.297738856335,4789.357299741141,R002,5.000099999998383,R02,existing
P1246_35,G2,relay_aircraft,G2-relay_aircraft-01,R002,4794.3573997411395,8150.275924236526,,,R02,existing
P1246_35,G2,relay_components,G2-relay_components-01,R001,113.13731944608116,2500.002637752911,R002,2294.3547619882283,RE02,existing
P1246_35,G2,relay_components,G2-relay_components-01,R002,4794.3573997411395,8687.28771421572,,,RE02,existing
P1246_35,G2,relay_components,G2-relay_components-02,R004,2134.297738856335,5243.065183552219,,,RE03,existing
P124_356,G1,A_aircraft,G1-A_aircraft-01,T005,0.0,1312.470877312685,T009,5.000099999999975,U01,existing
P124_356,G1,A_aircraft,G1-A_aircraft-01,T009,1317.470977312685,2633.4851917296737,T014_2,5.0000999999997475,U01,existing
P124_356,G1,A_aircraft,G1-A_aircraft-01,T014_2,2638.4852917296735,4762.444692702658,T022,5.000099999999293,U01,existing
P124_356,G1,A_aircraft,G1-A_aircraft-01,T022,4767.444792702658,6458.979278941607,,,U01,existing
P124_356,G1,B_aircraft,G1-B_aircraft-01,T004,1194.630385736439,3227.943287050344,T013,5.000100000000202,U05,existing
P124_356,G1,B_aircraft,G1-B_aircraft-01,T013,3232.9433870503444,5190.984658537339,T021,5.000100000000202,U05,existing
P124_356,G1,B_aircraft,G1-B_aircraft-01,T021,5195.984758537339,7094.0260300243335,,,U05,existing
P124_356,G1,C_aircraft,G1-C_aircraft-01,T010_2,0.0,1433.035082877992,T003,5.000099999999975,U07,existing
P124_356,G1,C_aircraft,G1-C_aircraft-01,T003,1438.035182877992,2867.4613603954576,T001,18.347015680992172,U07,existing
P124_356,G1,C_aircraft,G1-C_aircraft-01,T001,2885.80837607645,4447.234553593915,T019_2,5.000100000001112,U07,existing
P124_356,G1,C_aircraft,G1-C_aircraft-01,T019_2,4452.234653593916,6691.4187185617575,T012,5.000099999999293,U07,existing
P124_356,G1,C_aircraft,G1-C_aircraft-01,T012,6696.418818561757,8811.50045984021,,,U07,existing
P124_356,G1,A_batteries,G1-A_batteries-01,T005,0.0,2178.7887122874713,T014_2,459.69657944220216,A01,existing
P124_356,G1,A_batteries,G1-A_batteries-01,T014_2,2638.4852917296735,6105.968766534681,,,A01,existing
P124_356,G1,A_batteries,G1-A_batteries-02,T009,1317.470977312685,3525.3399936387705,T022,1242.1047990638872,A02,existing
P124_356,G1,A_batteries,G1-A_batteries-02,T022,4767.444792702658,7634.473785621062,,,A02,existing
P124_356,G1,B_batteries,G1-B_batteries-01,T004,1194.630385736439,4994.129999948263,T021,201.85475858907648,B01,existing
P124_356,G1,B_batteries,G1-B_batteries-01,T021,5195.984758537339,8961.208181941944,,,B01,existing
P124_356,G1,B_batteries,G1-B_batteries-02,T013,3232.9433870503444,7150.230286022929,,,B02,existing
P124_356,G1,C_batteries,G1-C_batteries-01,T010_2,0.0,2880.8082760764496,T001,5.000100000000202,C01,existing
P124_356,G1,C_batteries,G1-C_batteries-01,T001,2885.80837607645,6035.901229839401,T012,660.5175887223559,C01,existing
P124_356,G1,C_batteries,G1-C_batteries-01,T012,6696.418818561757,11304.166177291878,,,C01,existing
P124_356,G1,C_batteries,G1-C_batteries-02,T003,1438.035182877992,4385.641813543676,T019_2,66.59284005023983,C02,existing
P124_356,G1,C_batteries,G1-C_batteries-02,T019_2,4452.234653593916,9160.096499981806,,,C02,existing
P124_356,G1,relay_aircraft,G1-relay_aircraft-01,R003,1094.8164843575157,9390.324849711596,,,R01,existing
P124_356,G1,relay_components,G1-relay_components-01,R003,1094.8164843575157,10551.813344790942,,,RE01,existing
P124_356,G2,A_aircraft,G2-A_aircraft-01,T002_1,0.0,1652.4416357195464,T002_2,395.6737375830976,U02,existing
P124_356,G2,A_aircraft,G2-A_aircraft-01,T002_2,2048.115373302644,3650.7081092828166,T023,1900.8314477478425,U02,existing
P124_356,G2,A_aircraft,G2-A_aircraft-01,T023,5551.539557030659,7187.297661699124,,,U02,existing
P124_356,G2,A_aircraft,G2-A_aircraft-02,T017,2048.115373302644,4391.962448014616,T016,168.25763269711388,U03,existing
P124_356,G2,A_aircraft,G2-A_aircraft-02,T016,4560.22008071173,6255.978185380194,T019_1,5.000099999998383,U03,existing
P124_356,G2,A_aircraft,G2-A_aircraft-02,T019_1,6260.978285380193,7896.736390048657,,,U03,existing
P124_356,G2,A_aircraft,G2-A_aircraft-03,T011,2058.1153733026445,4188.754462062227,T020,531.465618649504,U04,existing
P124_356,G2,A_aircraft,G2-A_aircraft-03,T020,4720.220080711731,6690.4299276885495,,,U04,existing
P124_356,G2,B_aircraft,G2-B_aircraft-01,T006,0.0,1189.630285736439,T008,794.485087566205,U06,existing
P124_356,G2,B_aircraft,G2-B_aircraft-01,T008,1984.115373302644,3828.6542634582115,,,U06,existing
P124_356,G2,B_aircraft,G2-B_aircraft-02,T014_1,4.16673174186144e-07,1519.0243448285282,T007,3077.1957358832024,NEW-B_aircraft-01,procurement_required
P124_356,G2,B_aircraft,G2-B_aircraft-02,T007,4596.220080711731,6939.352187396264,,,NEW-B_aircraft-01,procurement_required
P124_356,G2,C_aircraft,G2-C_aircraft-01,T010_1,0.0,1823.224406150507,T015,252.89096715213736,U08,existing
P124_356,G2,C_aircraft,G2-C_aircraft-01,T015,2076.1153733026445,3744.0155776451697,T018,733.2045030665608,U08,existing
P124_356,G2,C_aircraft,G2-C_aircraft-01,T018,4477.220080711731,6913.029601569379,,,U08,existing
P124_356,G2,A_batteries,G2-A_batteries-01,T002_1,0.0,2667.5322461730734,T016,1892.6878345386563,A03,existing
P124_356,G2,A_batteries,G2-A_batteries-01,T016,4560.22008071173,7391.954497536396,,,A03,existing
P124_356,G2,A_batteries,G2-A_batteries-02,T002_2,2048.115373302644,4715.175270999501,T020,5.044809712229835,A04,existing
P124_356,G2,A_batteries,G2-A_batteries-02,T020,4720.220080711731,7930.430578375625,,,A04,existing
P124_356,G2,A_batteries,G2-A_batteries-03,T017,2048.115373302644,5755.52643126419,T019_1,505.4518541160023,A05,existing
P124_356,G2,A_batteries,G2-A_batteries-03,T019_1,6260.978285380193,8981.354683688944,,,A05,existing
P124_356,G2,A_batteries,G2-A_batteries-04,T011,2058.1153733026445,5546.53945703066,T023,5.000099999999293,A06,existing
P124_356,G2,A_batteries,G2-A_batteries-04,T023,5551.539557030659,8292.236282374923,,,A06,existing
P124_356,G2,B_batteries,G2-B_batteries-01,T006,0.0,2323.07116269932,T007,2273.1489180124104,B03,existing
P124_356,G2,B_batteries,G2-B_batteries-01,T007,4596.220080711731,8817.149572633247,,,B03,existing
P124_356,G2,B_batteries,G2-B_batteries-02,T014_1,4.16673174186144e-07,2956.2905629638744,,,B04,existing
P124_356,G2,B_batteries,G2-B_batteries-03,T008,1984.115373302644,5417.316226537593,,,NEW-B_batteries-01,procurement_required
P124_356,G2,C_batteries,G2-C_batteries-01,T010_1,0.0,3563.4170832737245,T018,913.8029974380061,C03,existing
P124_356,G2,C_batteries,G2-C_batteries-01,T018,4477.220080711731,9411.383881543894,,,C03,existing
P124_356,G2,C_batteries,G2-C_batteries-02,T015,2076.1153733026445,5451.076587273992,,,C04,existing
P124_356,G2,relay_aircraft,G2-relay_aircraft-01,R001,113.13731944608116,2129.2976388563347,R004,5.000100000000202,R02,existing
P124_356,G2,relay_aircraft,G2-relay_aircraft-01,R004,2134.297738856335,4789.357299741141,R002,5.000099999998383,R02,existing
P124_356,G2,relay_aircraft,G2-relay_aircraft-01,R002,4794.3573997411395,8150.275924236526,,,R02,existing
P124_356,G2,relay_components,G2-relay_components-01,R001,113.13731944608116,2500.002637752911,R002,2294.3547619882283,RE02,existing
P124_356,G2,relay_components,G2-relay_components-01,R002,4794.3573997411395,8687.28771421572,,,RE02,existing
P124_356,G2,relay_components,G2-relay_components-02,R004,2134.297738856335,5243.065183552219,,,RE03,existing
P1256_34,G1,A_aircraft,G1-A_aircraft-01,T005,0.0,1312.470877312685,T014_2,1326.0144144169885,U01,existing
P1256_34,G1,A_aircraft,G1-A_aircraft-01,T014_2,2638.4852917296735,4762.444692702658,,,U01,existing
P1256_34,G1,A_aircraft,G1-A_aircraft-02,T002_2,2048.115373302644,3650.7081092828166,T022,1116.736683419841,U02,existing
P1256_34,G1,A_aircraft,G1-A_aircraft-02,T022,4767.444792702658,6458.979278941607,,,U02,existing
P1256_34,G1,A_aircraft,G1-A_aircraft-03,T017,2048.115373302644,4391.962448014616,,,U03,existing
P1256_34,G1,A_aircraft,G1-A_aircraft-04,T011,2058.1153733026445,4188.754462062227,,,U04,existing
P1256_34,G1,B_aircraft,G1-B_aircraft-01,T006,0.0,1189.630285736439,T008,794.485087566205,U05,existing
P1256_34,G1,B_aircraft,G1-B_aircraft-01,T008,1984.115373302644,3828.6542634582115,T021,1367.3304950791276,U05,existing
P1256_34,G1,B_aircraft,G1-B_aircraft-01,T021,5195.984758537339,7094.0260300243335,,,U05,existing
P1256_34,G1,B_aircraft,G1-B_aircraft-02,T004,1194.630385736439,3227.943287050344,T013,5.000100000000202,U06,existing
P1256_34,G1,B_aircraft,G1-B_aircraft-02,T013,3232.9433870503444,5190.984658537339,,,U06,existing
P1256_34,G1,C_aircraft,G1-C_aircraft-01,T003,1438.035182877992,2867.4613603954576,T001,18.347015680992172,U07,existing
P1256_34,G1,C_aircraft,G1-C_aircraft-01,T001,2885.80837607645,4447.234553593915,T012,2249.184264967842,U07,existing
P1256_34,G1,C_aircraft,G1-C_aircraft-01,T012,6696.418818561757,8811.50045984021,,,U07,existing
P1256_34,G1,C_aircraft,G1-C_aircraft-02,T015,2076.1153733026445,3744.0155776451697,T019_2,708.2190759487462,U08,existing
P1256_34,G1,C_aircraft,G1-C_aircraft-02,T019_2,4452.234653593916,6691.4187185617575,,,U08,existing
P1256_34,G1,A_batteries,G1-A_batteries-01,T005,0.0,2178.7887122874713,T014_2,459.69657944220216,A01,existing
P1256_34,G1,A_batteries,G1-A_batteries-01,T014_2,2638.4852917296735,6105.968766534681,,,A01,existing
P1256_34,G1,A_batteries,G1-A_batteries-02,T002_2,2048.115373302644,4715.175270999501,T022,52.2695217031569,A02,existing
P1256_34,G1,A_batteries,G1-A_batteries-02,T022,4767.444792702658,7634.473785621062,,,A02,existing
P1256_34,G1,A_batteries,G1-A_batteries-03,T017,2048.115373302644,5755.52643126419,,,A03,existing
P1256_34,G1,A_batteries,G1-A_batteries-04,T011,2058.1153733026445,5546.53945703066,,,A04,existing
P1256_34,G1,B_batteries,G1-B_batteries-01,T006,0.0,2323.07116269932,T013,909.8722243510242,B01,existing
P1256_34,G1,B_batteries,G1-B_batteries-01,T013,3232.9433870503444,7150.230286022929,,,B01,existing
P1256_34,G1,B_batteries,G1-B_batteries-02,T004,1194.630385736439,4994.129999948263,T021,201.85475858907648,B02,existing
P1256_34,G1,B_batteries,G1-B_batteries-02,T021,5195.984758537339,8961.208181941944,,,B02,existing
P1256_34,G1,B_batteries,G1-B_batteries-03,T008,1984.115373302644,5417.316226537593,,,B03,existing
P1256_34,G1,C_batteries,G1-C_batteries-01,T003,1438.035182877992,4385.641813543676,T019_2,66.59284005023983,C01,existing
P1256_34,G1,C_batteries,G1-C_batteries-01,T019_2,4452.234653593916,9160.096499981806,,,C01,existing
P1256_34,G1,C_batteries,G1-C_batteries-02,T015,2076.1153733026445,5451.076587273992,T012,1245.3422312877647,C02,existing
P1256_34,G1,C_batteries,G1-C_batteries-02,T012,6696.418818561757,11304.166177291878,,,C02,existing
P1256_34,G1,C_batteries,G1-C_batteries-03,T001,2885.80837607645,6035.901229839401,,,C03,existing
P1256_34,G1,relay_aircraft,G1-relay_aircraft-01,R003,1094.8164843575157,9390.324849711596,,,R01,existing
P1256_34,G1,relay_aircraft,G1-relay_aircraft-02,R004,2134.297738856335,4789.357299741141,,,R02,existing
P1256_34,G1,relay_components,G1-relay_components-01,R003,1094.8164843575157,10551.813344790942,,,RE01,existing
P1256_34,G1,relay_components,G1-relay_components-02,R004,2134.297738856335,5243.065183552219,,,RE02,existing
P1256_34,G2,A_aircraft,G2-A_aircraft-01,T002_1,0.0,1652.4416357195464,T020,3067.778444992184,NEW-A_aircraft-01,procurement_required
P1256_34,G2,A_aircraft,G2-A_aircraft-01,T020,4720.220080711731,6690.4299276885495,,,NEW-A_aircraft-01,procurement_required
P1256_34,G2,A_aircraft,G2-A_aircraft-02,T009,1317.470977312685,2633.4851917296737,T016,1926.734888982056,NEW-A_aircraft-02,procurement_required
P1256_34,G2,A_aircraft,G2-A_aircraft-02,T016,4560.22008071173,6255.978185380194,T019_1,5.000099999998383,NEW-A_aircraft-02,procurement_required
P1256_34,G2,A_aircraft,G2-A_aircraft-02,T019_1,6260.978285380193,7896.736390048657,,,NEW-A_aircraft-02,procurement_required
P1256_34,G2,A_aircraft,G2-A_aircraft-03,T023,5551.539557030659,7187.297661699124,,,NEW-A_aircraft-03,procurement_required
P1256_34,G2,B_aircraft,G2-B_aircraft-01,T014_1,4.16673174186144e-07,1519.0243448285282,T007,3077.1957358832024,NEW-B_aircraft-01,procurement_required
P1256_34,G2,B_aircraft,G2-B_aircraft-01,T007,4596.220080711731,6939.352187396264,,,NEW-B_aircraft-01,procurement_required
P1256_34,G2,C_aircraft,G2-C_aircraft-01,T010_1,0.0,1823.224406150507,,,NEW-C_aircraft-01,procurement_required
P1256_34,G2,C_aircraft,G2-C_aircraft-02,T010_2,0.0,1433.035082877992,T018,3044.1849978337386,NEW-C_aircraft-02,procurement_required
P1256_34,G2,C_aircraft,G2-C_aircraft-02,T018,4477.220080711731,6913.029601569379,,,NEW-C_aircraft-02,procurement_required
P1256_34,G2,A_batteries,G2-A_batteries-01,T002_1,0.0,2667.5322461730734,T023,2884.0073108575857,A05,existing
P1256_34,G2,A_batteries,G2-A_batteries-01,T023,5551.539557030659,8292.236282374923,,,A05,existing
P1256_34,G2,A_batteries,G2-A_batteries-02,T009,1317.470977312685,3525.3399936387705,T019_1,2735.638291741422,A06,existing
P1256_34,G2,A_batteries,G2-A_batteries-02,T019_1,6260.978285380193,8981.354683688944,,,A06,existing
P1256_34,G2,A_batteries,G2-A_batteries-03,T016,4560.22008071173,7391.954497536396,,,NEW-A_batteries-01,procurement_required
P1256_34,G2,A_batteries,G2-A_batteries-04,T020,4720.220080711731,7930.430578375625,,,NEW-A_batteries-02,procurement_required
P1256_34,G2,B_batteries,G2-B_batteries-01,T014_1,4.16673174186144e-07,2956.2905629638744,T007,1639.9295177478562,B04,existing
P1256_34,G2,B_batteries,G2-B_batteries-01,T007,4596.220080711731,8817.149572633247,,,B04,existing
P1256_34,G2,C_batteries,G2-C_batteries-01,T010_1,0.0,3563.4170832737245,,,C04,existing
P1256_34,G2,C_batteries,G2-C_batteries-02,T010_2,0.0,2880.8082760764496,T018,1596.411804635281,NEW-C_batteries-01,procurement_required
P1256_34,G2,C_batteries,G2-C_batteries-02,T018,4477.220080711731,9411.383881543894,,,NEW-C_batteries-01,procurement_required
P1256_34,G2,relay_aircraft,G2-relay_aircraft-01,R001,113.13731944608116,2129.2976388563347,R002,2665.0597608848047,NEW-relay_aircraft-01,procurement_required
P1256_34,G2,relay_aircraft,G2-relay_aircraft-01,R002,4794.3573997411395,8150.275924236526,,,NEW-relay_aircraft-01,procurement_required
P1256_34,G2,relay_components,G2-relay_components-01,R001,113.13731944608116,2500.002637752911,R002,2294.3547619882283,RE03,existing
P1256_34,G2,relay_components,G2-relay_components-01,R002,4794.3573997411395,8687.28771421572,,,RE03,existing
P125_346,G1,A_aircraft,G1-A_aircraft-01,T005,0.0,1312.470877312685,T014_2,1326.0144144169885,U01,existing
P125_346,G1,A_aircraft,G1-A_aircraft-01,T014_2,2638.4852917296735,4762.444692702658,,,U01,existing
P125_346,G1,A_aircraft,G1-A_aircraft-02,T002_2,2048.115373302644,3650.7081092828166,T022,1116.736683419841,U02,existing
P125_346,G1,A_aircraft,G1-A_aircraft-02,T022,4767.444792702658,6458.979278941607,,,U02,existing
P125_346,G1,A_aircraft,G1-A_aircraft-03,T017,2048.115373302644,4391.962448014616,,,U03,existing
P125_346,G1,A_aircraft,G1-A_aircraft-04,T011,2058.1153733026445,4188.754462062227,,,U04,existing
P125_346,G1,B_aircraft,G1-B_aircraft-01,T004,1194.630385736439,3227.943287050344,T013,5.000100000000202,U05,existing
P125_346,G1,B_aircraft,G1-B_aircraft-01,T013,3232.9433870503444,5190.984658537339,,,U05,existing
P125_346,G1,B_aircraft,G1-B_aircraft-02,T008,1984.115373302644,3828.6542634582115,T021,1367.3304950791276,U06,existing
P125_346,G1,B_aircraft,G1-B_aircraft-02,T021,5195.984758537339,7094.0260300243335,,,U06,existing
P125_346,G1,C_aircraft,G1-C_aircraft-01,T003,1438.035182877992,2867.4613603954576,T001,18.347015680992172,U07,existing
P125_346,G1,C_aircraft,G1-C_aircraft-01,T001,2885.80837607645,4447.234553593915,T012,2249.184264967842,U07,existing
P125_346,G1,C_aircraft,G1-C_aircraft-01,T012,6696.418818561757,8811.50045984021,,,U07,existing
P125_346,G1,C_aircraft,G1-C_aircraft-02,T015,2076.1153733026445,3744.0155776451697,T019_2,708.2190759487462,U08,existing
P125_346,G1,C_aircraft,G1-C_aircraft-02,T019_2,4452.234653593916,6691.4187185617575,,,U08,existing
P125_346,G1,A_batteries,G1-A_batteries-01,T005,0.0,2178.7887122874713,T014_2,459.69657944220216,A01,existing
P125_346,G1,A_batteries,G1-A_batteries-01,T014_2,2638.4852917296735,6105.968766534681,,,A01,existing
P125_346,G1,A_batteries,G1-A_batteries-02,T002_2,2048.115373302644,4715.175270999501,T022,52.2695217031569,A02,existing
P125_346,G1,A_batteries,G1-A_batteries-02,T022,4767.444792702658,7634.473785621062,,,A02,existing
P125_346,G1,A_batteries,G1-A_batteries-03,T017,2048.115373302644,5755.52643126419,,,A03,existing
P125_346,G1,A_batteries,G1-A_batteries-04,T011,2058.1153733026445,5546.53945703066,,,A04,existing
P125_346,G1,B_batteries,G1-B_batteries-01,T004,1194.630385736439,4994.129999948263,T021,201.85475858907648,B01,existing
P125_346,G1,B_batteries,G1-B_batteries-01,T021,5195.984758537339,8961.208181941944,,,B01,existing
P125_346,G1,B_batteries,G1-B_batteries-02,T008,1984.115373302644,5417.316226537593,,,B02,existing
P125_346,G1,B_batteries,G1-B_batteries-03,T013,3232.9433870503444,7150.230286022929,,,B03,existing
P125_346,G1,C_batteries,G1-C_batteries-01,T003,1438.035182877992,4385.641813543676,T019_2,66.59284005023983,C01,existing
P125_346,G1,C_batteries,G1-C_batteries-01,T019_2,4452.234653593916,9160.096499981806,,,C01,existing
P125_346,G1,C_batteries,G1-C_batteries-02,T015,2076.1153733026445,5451.076587273992,T012,1245.3422312877647,C02,existing
P125_346,G1,C_batteries,G1-C_batteries-02,T012,6696.418818561757,11304.166177291878,,,C02,existing
P125_346,G1,C_batteries,G1-C_batteries-03,T001,2885.80837607645,6035.901229839401,,,C03,existing
P125_346,G1,relay_aircraft,G1-relay_aircraft-01,R003,1094.8164843575157,9390.324849711596,,,R01,existing
P125_346,G1,relay_aircraft,G1-relay_aircraft-02,R004,2134.297738856335,4789.357299741141,,,R02,existing
P125_346,G1,relay_components,G1-relay_components-01,R003,1094.8164843575157,10551.813344790942,,,RE01,existing
P125_346,G1,relay_components,G1-relay_components-02,R004,2134.297738856335,5243.065183552219,,,RE02,existing
P125_346,G2,A_aircraft,G2-A_aircraft-01,T002_1,0.0,1652.4416357195464,T020,3067.778444992184,NEW-A_aircraft-01,procurement_required
P125_346,G2,A_aircraft,G2-A_aircraft-01,T020,4720.220080711731,6690.4299276885495,,,NEW-A_aircraft-01,procurement_required
P125_346,G2,A_aircraft,G2-A_aircraft-02,T009,1317.470977312685,2633.4851917296737,T016,1926.734888982056,NEW-A_aircraft-02,procurement_required
P125_346,G2,A_aircraft,G2-A_aircraft-02,T016,4560.22008071173,6255.978185380194,T019_1,5.000099999998383,NEW-A_aircraft-02,procurement_required
P125_346,G2,A_aircraft,G2-A_aircraft-02,T019_1,6260.978285380193,7896.736390048657,,,NEW-A_aircraft-02,procurement_required
P125_346,G2,A_aircraft,G2-A_aircraft-03,T023,5551.539557030659,7187.297661699124,,,NEW-A_aircraft-03,procurement_required
P125_346,G2,B_aircraft,G2-B_aircraft-01,T006,0.0,1189.630285736439,T007,3406.5897949752916,NEW-B_aircraft-01,procurement_required
P125_346,G2,B_aircraft,G2-B_aircraft-01,T007,4596.220080711731,6939.352187396264,,,NEW-B_aircraft-01,procurement_required
P125_346,G2,B_aircraft,G2-B_aircraft-02,T014_1,4.16673174186144e-07,1519.0243448285282,,,NEW-B_aircraft-02,procurement_required
P125_346,G2,C_aircraft,G2-C_aircraft-01,T010_1,0.0,1823.224406150507,,,NEW-C_aircraft-01,procurement_required
P125_346,G2,C_aircraft,G2-C_aircraft-02,T010_2,0.0,1433.035082877992,T018,3044.1849978337386,NEW-C_aircraft-02,procurement_required
P125_346,G2,C_aircraft,G2-C_aircraft-02,T018,4477.220080711731,6913.029601569379,,,NEW-C_aircraft-02,procurement_required
P125_346,G2,A_batteries,G2-A_batteries-01,T002_1,0.0,2667.5322461730734,T023,2884.0073108575857,A05,existing
P125_346,G2,A_batteries,G2-A_batteries-01,T023,5551.539557030659,8292.236282374923,,,A05,existing
P125_346,G2,A_batteries,G2-A_batteries-02,T009,1317.470977312685,3525.3399936387705,T019_1,2735.638291741422,A06,existing
P125_346,G2,A_batteries,G2-A_batteries-02,T019_1,6260.978285380193,8981.354683688944,,,A06,existing
P125_346,G2,A_batteries,G2-A_batteries-03,T016,4560.22008071173,7391.954497536396,,,NEW-A_batteries-01,procurement_required
P125_346,G2,A_batteries,G2-A_batteries-04,T020,4720.220080711731,7930.430578375625,,,NEW-A_batteries-02,procurement_required
P125_346,G2,B_batteries,G2-B_batteries-01,T006,0.0,2323.07116269932,T007,2273.1489180124104,B04,existing
P125_346,G2,B_batteries,G2-B_batteries-01,T007,4596.220080711731,8817.149572633247,,,B04,existing
P125_346,G2,B_batteries,G2-B_batteries-02,T014_1,4.16673174186144e-07,2956.2905629638744,,,NEW-B_batteries-01,procurement_required
P125_346,G2,C_batteries,G2-C_batteries-01,T010_1,0.0,3563.4170832737245,,,C04,existing
P125_346,G2,C_batteries,G2-C_batteries-02,T010_2,0.0,2880.8082760764496,T018,1596.411804635281,NEW-C_batteries-01,procurement_required
P125_346,G2,C_batteries,G2-C_batteries-02,T018,4477.220080711731,9411.383881543894,,,NEW-C_batteries-01,procurement_required
P125_346,G2,relay_aircraft,G2-relay_aircraft-01,R001,113.13731944608116,2129.2976388563347,R002,2665.0597608848047,NEW-relay_aircraft-01,procurement_required
P125_346,G2,relay_aircraft,G2-relay_aircraft-01,R002,4794.3573997411395,8150.275924236526,,,NEW-relay_aircraft-01,procurement_required
P125_346,G2,relay_components,G2-relay_components-01,R001,113.13731944608116,2500.002637752911,R002,2294.3547619882283,RE03,existing
P125_346,G2,relay_components,G2-relay_components-01,R002,4794.3573997411395,8687.28771421572,,,RE03,existing
P126_345,G1,A_aircraft,G1-A_aircraft-01,T005,0.0,1312.470877312685,T014_2,1326.0144144169885,U01,existing
P126_345,G1,A_aircraft,G1-A_aircraft-01,T014_2,2638.4852917296735,4762.444692702658,T022,5.000099999999293,U01,existing
P126_345,G1,A_aircraft,G1-A_aircraft-01,T022,4767.444792702658,6458.979278941607,,,U01,existing
P126_345,G1,B_aircraft,G1-B_aircraft-01,T006,0.0,1189.630285736439,T004,5.000099999999975,U05,existing
P126_345,G1,B_aircraft,G1-B_aircraft-01,T004,1194.630385736439,3227.943287050344,T013,5.000100000000202,U05,existing
P126_345,G1,B_aircraft,G1-B_aircraft-01,T013,3232.9433870503444,5190.984658537339,T021,5.000100000000202,U05,existing
P126_345,G1,B_aircraft,G1-B_aircraft-01,T021,5195.984758537339,7094.0260300243335,,,U05,existing
P126_345,G1,C_aircraft,G1-C_aircraft-01,T003,1438.035182877992,2867.4613603954576,T001,18.347015680992172,U07,existing
P126_345,G1,C_aircraft,G1-C_aircraft-01,T001,2885.80837607645,4447.234553593915,T019_2,5.000100000001112,U07,existing
P126_345,G1,C_aircraft,G1-C_aircraft-01,T019_2,4452.234653593916,6691.4187185617575,T012,5.000099999999293,U07,existing
P126_345,G1,C_aircraft,G1-C_aircraft-01,T012,6696.418818561757,8811.50045984021,,,U07,existing
P126_345,G1,A_batteries,G1-A_batteries-01,T005,0.0,2178.7887122874713,T022,2588.6560804151864,A01,existing
P126_345,G1,A_batteries,G1-A_batteries-01,T022,4767.444792702658,7634.473785621062,,,A01,existing
P126_345,G1,A_batteries,G1-A_batteries-02,T014_2,2638.4852917296735,6105.968766534681,,,A02,existing
P126_345,G1,B_batteries,G1-B_batteries-01,T006,0.0,2323.07116269932,T013,909.8722243510242,B01,existing
P126_345,G1,B_batteries,G1-B_batteries-01,T013,3232.9433870503444,7150.230286022929,,,B01,existing
P126_345,G1,B_batteries,G1-B_batteries-02,T004,1194.630385736439,4994.129999948263,T021,201.85475858907648,B02,existing
P126_345,G1,B_batteries,G1-B_batteries-02,T021,5195.984758537339,8961.208181941944,,,B02,existing
P126_345,G1,C_batteries,G1-C_batteries-01,T003,1438.035182877992,4385.641813543676,T019_2,66.59284005023983,C01,existing
P126_345,G1,C_batteries,G1-C_batteries-01,T019_2,4452.234653593916,9160.096499981806,,,C01,existing
P126_345,G1,C_batteries,G1-C_batteries-02,T001,2885.80837607645,6035.901229839401,T012,660.5175887223559,C02,existing
P126_345,G1,C_batteries,G1-C_batteries-02,T012,6696.418818561757,11304.166177291878,,,C02,existing
P126_345,G1,relay_aircraft,G1-relay_aircraft-01,R003,1094.8164843575157,9390.324849711596,,,R01,existing
P126_345,G1,relay_components,G1-relay_components-01,R003,1094.8164843575157,10551.813344790942,,,RE01,existing
P126_345,G2,A_aircraft,G2-A_aircraft-01,T002_1,0.0,1652.4416357195464,T011,405.67373758309805,U02,existing
P126_345,G2,A_aircraft,G2-A_aircraft-01,T011,2058.1153733026445,4188.754462062227,T019_1,2072.223823317966,U02,existing
P126_345,G2,A_aircraft,G2-A_aircraft-01,T019_1,6260.978285380193,7896.736390048657,,,U02,existing
P126_345,G2,A_aircraft,G2-A_aircraft-02,T009,1317.470977312685,2633.4851917296737,T020,2086.734888982057,U03,existing
P126_345,G2,A_aircraft,G2-A_aircraft-02,T020,4720.220080711731,6690.4299276885495,,,U03,existing
P126_345,G2,A_aircraft,G2-A_aircraft-03,T002_2,2048.115373302644,3650.7081092828166,T016,909.5119714289131,U04,existing
P126_345,G2,A_aircraft,G2-A_aircraft-03,T016,4560.22008071173,6255.978185380194,,,U04,existing
P126_345,G2,A_aircraft,G2-A_aircraft-04,T017,2048.115373302644,4391.962448014616,T023,1159.5771090160433,NEW-A_aircraft-01,procurement_required
P126_345,G2,A_aircraft,G2-A_aircraft-04,T023,5551.539557030659,7187.297661699124,,,NEW-A_aircraft-01,procurement_required
P126_345,G2,B_aircraft,G2-B_aircraft-01,T014_1,4.16673174186144e-07,1519.0243448285282,T008,465.0910284741158,U06,existing
P126_345,G2,B_aircraft,G2-B_aircraft-01,T008,1984.115373302644,3828.6542634582115,T007,767.5658172535191,U06,existing
P126_345,G2,B_aircraft,G2-B_aircraft-01,T007,4596.220080711731,6939.352187396264,,,U06,existing
P126_345,G2,C_aircraft,G2-C_aircraft-01,T010_1,0.0,1823.224406150507,T018,2653.9956745612235,U08,existing
P126_345,G2,C_aircraft,G2-C_aircraft-01,T018,4477.220080711731,6913.029601569379,,,U08,existing
P126_345,G2,C_aircraft,G2-C_aircraft-02,T010_2,0.0,1433.035082877992,T015,643.0802904246525,NEW-C_aircraft-01,procurement_required
P126_345,G2,C_aircraft,G2-C_aircraft-02,T015,2076.1153733026445,3744.0155776451697,,,NEW-C_aircraft-01,procurement_required
P126_345,G2,A_batteries,G2-A_batteries-01,T002_1,0.0,2667.5322461730734,T020,2052.687834538657,A03,existing
P126_345,G2,A_batteries,G2-A_batteries-01,T020,4720.220080711731,7930.430578375625,,,A03,existing
P126_345,G2,A_batteries,G2-A_batteries-02,T009,1317.470977312685,3525.3399936387705,T016,1034.8800870729592,A04,existing
P126_345,G2,A_batteries,G2-A_batteries-02,T016,4560.22008071173,7391.954497536396,,,A04,existing
P126_345,G2,A_batteries,G2-A_batteries-03,T002_2,2048.115373302644,4715.175270999501,T023,836.3642860311584,A05,existing
P126_345,G2,A_batteries,G2-A_batteries-03,T023,5551.539557030659,8292.236282374923,,,A05,existing
P126_345,G2,A_batteries,G2-A_batteries-04,T017,2048.115373302644,5755.52643126419,,,A06,existing
P126_345,G2,A_batteries,G2-A_batteries-05,T011,2058.1153733026445,5546.53945703066,T019_1,714.4388283495327,NEW-A_batteries-01,procurement_required
P126_345,G2,A_batteries,G2-A_batteries-05,T019_1,6260.978285380193,8981.354683688944,,,NEW-A_batteries-01,procurement_required
P126_345,G2,B_batteries,G2-B_batteries-01,T014_1,4.16673174186144e-07,2956.2905629638744,T007,1639.9295177478562,B03,existing
P126_345,G2,B_batteries,G2-B_batteries-01,T007,4596.220080711731,8817.149572633247,,,B03,existing
P126_345,G2,B_batteries,G2-B_batteries-02,T008,1984.115373302644,5417.316226537593,,,B04,existing
P126_345,G2,C_batteries,G2-C_batteries-01,T010_1,0.0,3563.4170832737245,,,C03,existing
P126_345,G2,C_batteries,G2-C_batteries-02,T010_2,0.0,2880.8082760764496,T018,1596.411804635281,C04,existing
P126_345,G2,C_batteries,G2-C_batteries-02,T018,4477.220080711731,9411.383881543894,,,C04,existing
P126_345,G2,C_batteries,G2-C_batteries-03,T015,2076.1153733026445,5451.076587273992,,,NEW-C_batteries-01,procurement_required
P126_345,G2,relay_aircraft,G2-relay_aircraft-01,R001,113.13731944608116,2129.2976388563347,R004,5.000100000000202,R02,existing
P126_345,G2,relay_aircraft,G2-relay_aircraft-01,R004,2134.297738856335,4789.357299741141,R002,5.000099999998383,R02,existing
P126_345,G2,relay_aircraft,G2-relay_aircraft-01,R002,4794.3573997411395,8150.275924236526,,,R02,existing
P126_345,G2,relay_components,G2-relay_components-01,R001,113.13731944608116,2500.002637752911,R002,2294.3547619882283,RE02,existing
P126_345,G2,relay_components,G2-relay_components-01,R002,4794.3573997411395,8687.28771421572,,,RE02,existing
P126_345,G2,relay_components,G2-relay_components-02,R004,2134.297738856335,5243.065183552219,,,RE03,existing
P12_3456,G1,A_aircraft,G1-A_aircraft-01,T005,0.0,1312.470877312685,T014_2,1326.0144144169885,U01,existing
P12_3456,G1,A_aircraft,G1-A_aircraft-01,T014_2,2638.4852917296735,4762.444692702658,T022,5.000099999999293,U01,existing
P12_3456,G1,A_aircraft,G1-A_aircraft-01,T022,4767.444792702658,6458.979278941607,,,U01,existing
P12_3456,G1,B_aircraft,G1-B_aircraft-01,T004,1194.630385736439,3227.943287050344,T013,5.000100000000202,U05,existing
P12_3456,G1,B_aircraft,G1-B_aircraft-01,T013,3232.9433870503444,5190.984658537339,T021,5.000100000000202,U05,existing
P12_3456,G1,B_aircraft,G1-B_aircraft-01,T021,5195.984758537339,7094.0260300243335,,,U05,existing
P12_3456,G1,C_aircraft,G1-C_aircraft-01,T003,1438.035182877992,2867.4613603954576,T001,18.347015680992172,U07,existing
P12_3456,G1,C_aircraft,G1-C_aircraft-01,T001,2885.80837607645,4447.234553593915,T019_2,5.000100000001112,U07,existing
P12_3456,G1,C_aircraft,G1-C_aircraft-01,T019_2,4452.234653593916,6691.4187185617575,T012,5.000099999999293,U07,existing
P12_3456,G1,C_aircraft,G1-C_aircraft-01,T012,6696.418818561757,8811.50045984021,,,U07,existing
P12_3456,G1,A_batteries,G1-A_batteries-01,T005,0.0,2178.7887122874713,T022,2588.6560804151864,A01,existing
P12_3456,G1,A_batteries,G1-A_batteries-01,T022,4767.444792702658,7634.473785621062,,,A01,existing
P12_3456,G1,A_batteries,G1-A_batteries-02,T014_2,2638.4852917296735,6105.968766534681,,,A02,existing
P12_3456,G1,B_batteries,G1-B_batteries-01,T004,1194.630385736439,4994.129999948263,T021,201.85475858907648,B01,existing
P12_3456,G1,B_batteries,G1-B_batteries-01,T021,5195.984758537339,8961.208181941944,,,B01,existing
P12_3456,G1,B_batteries,G1-B_batteries-02,T013,3232.9433870503444,7150.230286022929,,,B02,existing
P12_3456,G1,C_batteries,G1-C_batteries-01,T003,1438.035182877992,4385.641813543676,T019_2,66.59284005023983,C01,existing
P12_3456,G1,C_batteries,G1-C_batteries-01,T019_2,4452.234653593916,9160.096499981806,,,C01,existing
P12_3456,G1,C_batteries,G1-C_batteries-02,T001,2885.80837607645,6035.901229839401,T012,660.5175887223559,C02,existing
P12_3456,G1,C_batteries,G1-C_batteries-02,T012,6696.418818561757,11304.166177291878,,,C02,existing
P12_3456,G1,relay_aircraft,G1-relay_aircraft-01,R003,1094.8164843575157,9390.324849711596,,,R01,existing
P12_3456,G1,relay_components,G1-relay_components-01,R003,1094.8164843575157,10551.813344790942,,,RE01,existing
P12_3456,G2,A_aircraft,G2-A_aircraft-01,T002_1,0.0,1652.4416357195464,T011,405.67373758309805,U02,existing
P12_3456,G2,A_aircraft,G2-A_aircraft-01,T011,2058.1153733026445,4188.754462062227,T019_1,2072.223823317966,U02,existing
P12_3456,G2,A_aircraft,G2-A_aircraft-01,T019_1,6260.978285380193,7896.736390048657,,,U02,existing
P12_3456,G2,A_aircraft,G2-A_aircraft-02,T009,1317.470977312685,2633.4851917296737,T020,2086.734888982057,U03,existing
P12_3456,G2,A_aircraft,G2-A_aircraft-02,T020,4720.220080711731,6690.4299276885495,,,U03,existing
P12_3456,G2,A_aircraft,G2-A_aircraft-03,T002_2,2048.115373302644,3650.7081092828166,T016,909.5119714289131,U04,existing
P12_3456,G2,A_aircraft,G2-A_aircraft-03,T016,4560.22008071173,6255.978185380194,,,U04,existing
P12_3456,G2,A_aircraft,G2-A_aircraft-04,T017,2048.115373302644,4391.962448014616,T023,1159.5771090160433,NEW-A_aircraft-01,procurement_required
P12_3456,G2,A_aircraft,G2-A_aircraft-04,T023,5551.539557030659,7187.297661699124,,,NEW-A_aircraft-01,procurement_required
P12_3456,G2,B_aircraft,G2-B_aircraft-01,T006,0.0,1189.630285736439,T008,794.485087566205,U06,existing
P12_3456,G2,B_aircraft,G2-B_aircraft-01,T008,1984.115373302644,3828.6542634582115,,,U06,existing
P12_3456,G2,B_aircraft,G2-B_aircraft-02,T014_1,4.16673174186144e-07,1519.0243448285282,T007,3077.1957358832024,NEW-B_aircraft-01,procurement_required
P12_3456,G2,B_aircraft,G2-B_aircraft-02,T007,4596.220080711731,6939.352187396264,,,NEW-B_aircraft-01,procurement_required
P12_3456,G2,C_aircraft,G2-C_aircraft-01,T010_1,0.0,1823.224406150507,T018,2653.9956745612235,U08,existing
P12_3456,G2,C_aircraft,G2-C_aircraft-01,T018,4477.220080711731,6913.029601569379,,,U08,existing
P12_3456,G2,C_aircraft,G2-C_aircraft-02,T010_2,0.0,1433.035082877992,T015,643.0802904246525,NEW-C_aircraft-01,procurement_required
P12_3456,G2,C_aircraft,G2-C_aircraft-02,T015,2076.1153733026445,3744.0155776451697,,,NEW-C_aircraft-01,procurement_required
P12_3456,G2,A_batteries,G2-A_batteries-01,T002_1,0.0,2667.5322461730734,T020,2052.687834538657,A03,existing
P12_3456,G2,A_batteries,G2-A_batteries-01,T020,4720.220080711731,7930.430578375625,,,A03,existing
P12_3456,G2,A_batteries,G2-A_batteries-02,T009,1317.470977312685,3525.3399936387705,T016,1034.8800870729592,A04,existing
P12_3456,G2,A_batteries,G2-A_batteries-02,T016,4560.22008071173,7391.954497536396,,,A04,existing
P12_3456,G2,A_batteries,G2-A_batteries-03,T002_2,2048.115373302644,4715.175270999501,T023,836.3642860311584,A05,existing
P12_3456,G2,A_batteries,G2-A_batteries-03,T023,5551.539557030659,8292.236282374923,,,A05,existing
P12_3456,G2,A_batteries,G2-A_batteries-04,T017,2048.115373302644,5755.52643126419,,,A06,existing
P12_3456,G2,A_batteries,G2-A_batteries-05,T011,2058.1153733026445,5546.53945703066,T019_1,714.4388283495327,NEW-A_batteries-01,procurement_required
P12_3456,G2,A_batteries,G2-A_batteries-05,T019_1,6260.978285380193,8981.354683688944,,,NEW-A_batteries-01,procurement_required
P12_3456,G2,B_batteries,G2-B_batteries-01,T006,0.0,2323.07116269932,T007,2273.1489180124104,B03,existing
P12_3456,G2,B_batteries,G2-B_batteries-01,T007,4596.220080711731,8817.149572633247,,,B03,existing
P12_3456,G2,B_batteries,G2-B_batteries-02,T014_1,4.16673174186144e-07,2956.2905629638744,,,B04,existing
P12_3456,G2,B_batteries,G2-B_batteries-03,T008,1984.115373302644,5417.316226537593,,,NEW-B_batteries-01,procurement_required
P12_3456,G2,C_batteries,G2-C_batteries-01,T010_1,0.0,3563.4170832737245,,,C03,existing
P12_3456,G2,C_batteries,G2-C_batteries-02,T010_2,0.0,2880.8082760764496,T018,1596.411804635281,C04,existing
P12_3456,G2,C_batteries,G2-C_batteries-02,T018,4477.220080711731,9411.383881543894,,,C04,existing
P12_3456,G2,C_batteries,G2-C_batteries-03,T015,2076.1153733026445,5451.076587273992,,,NEW-C_batteries-01,procurement_required
P12_3456,G2,relay_aircraft,G2-relay_aircraft-01,R001,113.13731944608116,2129.2976388563347,R004,5.000100000000202,R02,existing
P12_3456,G2,relay_aircraft,G2-relay_aircraft-01,R004,2134.297738856335,4789.357299741141,R002,5.000099999998383,R02,existing
P12_3456,G2,relay_aircraft,G2-relay_aircraft-01,R002,4794.3573997411395,8150.275924236526,,,R02,existing
P12_3456,G2,relay_components,G2-relay_components-01,R001,113.13731944608116,2500.002637752911,R002,2294.3547619882283,RE02,existing
P12_3456,G2,relay_components,G2-relay_components-01,R002,4794.3573997411395,8687.28771421572,,,RE02,existing
P12_3456,G2,relay_components,G2-relay_components-02,R004,2134.297738856335,5243.065183552219,,,RE03,existing
P13456_2,G1,A_aircraft,G1-A_aircraft-01,T002_1,0.0,1652.4416357195464,T011,405.67373758309805,U01,existing
P13456_2,G1,A_aircraft,G1-A_aircraft-01,T011,2058.1153733026445,4188.754462062227,T019_1,2072.223823317966,U01,existing
P13456_2,G1,A_aircraft,G1-A_aircraft-01,T019_1,6260.978285380193,7896.736390048657,,,U01,existing
P13456_2,G1,A_aircraft,G1-A_aircraft-02,T005,0.0,1312.470877312685,T002_2,735.6444959899591,U02,existing
P13456_2,G1,A_aircraft,G1-A_aircraft-02,T002_2,2048.115373302644,3650.7081092828166,T016,909.5119714289131,U02,existing
P13456_2,G1,A_aircraft,G1-A_aircraft-02,T016,4560.22008071173,6255.978185380194,,,U02,existing
P13456_2,G1,A_aircraft,G1-A_aircraft-03,T009,1317.470977312685,2633.4851917296737,T020,2086.734888982057,U03,existing
P13456_2,G1,A_aircraft,G1-A_aircraft-03,T020,4720.220080711731,6690.4299276885495,,,U03,existing
P13456_2,G1,A_aircraft,G1-A_aircraft-04,T017,2048.115373302644,4391.962448014616,T023,1159.5771090160433,U04,existing
P13456_2,G1,A_aircraft,G1-A_aircraft-04,T023,5551.539557030659,7187.297661699124,,,U04,existing
P13456_2,G1,B_aircraft,G1-B_aircraft-01,T006,0.0,1189.630285736439,T008,794.485087566205,U05,existing
P13456_2,G1,B_aircraft,G1-B_aircraft-01,T008,1984.115373302644,3828.6542634582115,,,U05,existing
P13456_2,G1,B_aircraft,G1-B_aircraft-02,T014_1,4.16673174186144e-07,1519.0243448285282,T007,3077.1957358832024,U06,existing
P13456_2,G1,B_aircraft,G1-B_aircraft-02,T007,4596.220080711731,6939.352187396264,,,U06,existing
P13456_2,G1,C_aircraft,G1-C_aircraft-01,T010_1,0.0,1823.224406150507,T015,252.89096715213736,U07,existing
P13456_2,G1,C_aircraft,G1-C_aircraft-01,T015,2076.1153733026445,3744.0155776451697,T018,733.2045030665608,U07,existing
P13456_2,G1,C_aircraft,G1-C_aircraft-01,T018,4477.220080711731,6913.029601569379,,,U07,existing
P13456_2,G1,C_aircraft,G1-C_aircraft-02,T010_2,0.0,1433.035082877992,T003,5.000099999999975,U08,existing
P13456_2,G1,C_aircraft,G1-C_aircraft-02,T003,1438.035182877992,2867.4613603954576,T001,18.347015680992172,U08,existing
P13456_2,G1,C_aircraft,G1-C_aircraft-02,T001,2885.80837607645,4447.234553593915,,,U08,existing
P13456_2,G1,A_batteries,G1-A_batteries-01,T002_1,0.0,2667.5322461730734,T016,1892.6878345386563,A01,existing
P13456_2,G1,A_batteries,G1-A_batteries-01,T016,4560.22008071173,7391.954497536396,,,A01,existing
P13456_2,G1,A_batteries,G1-A_batteries-02,T005,0.0,2178.7887122874713,T020,2541.4313684242593,A02,existing
P13456_2,G1,A_batteries,G1-A_batteries-02,T020,4720.220080711731,7930.430578375625,,,A02,existing
P13456_2,G1,A_batteries,G1-A_batteries-03,T009,1317.470977312685,3525.3399936387705,T023,2026.1995633918887,A03,existing
P13456_2,G1,A_batteries,G1-A_batteries-03,T023,5551.539557030659,8292.236282374923,,,A03,existing
P13456_2,G1,A_batteries,G1-A_batteries-04,T002_2,2048.115373302644,4715.175270999501,T019_1,1545.8030143806918,A04,existing
P13456_2,G1,A_batteries,G1-A_batteries-04,T019_1,6260.978285380193,8981.354683688944,,,A04,existing
P13456_2,G1,A_batteries,G1-A_batteries-05,T017,2048.115373302644,5755.52643126419,,,A05,existing
P13456_2,G1,A_batteries,G1-A_batteries-06,T011,2058.1153733026445,5546.53945703066,,,A06,existing
P13456_2,G1,B_batteries,G1-B_batteries-01,T006,0.0,2323.07116269932,T007,2273.1489180124104,B01,existing
P13456_2,G1,B_batteries,G1-B_batteries-01,T007,4596.220080711731,8817.149572633247,,,B01,existing
P13456_2,G1,B_batteries,G1-B_batteries-02,T014_1,4.16673174186144e-07,2956.2905629638744,,,B02,existing
P13456_2,G1,B_batteries,G1-B_batteries-03,T008,1984.115373302644,5417.316226537593,,,B03,existing
P13456_2,G1,C_batteries,G1-C_batteries-01,T010_1,0.0,3563.4170832737245,T018,913.8029974380061,C01,existing
P13456_2,G1,C_batteries,G1-C_batteries-01,T018,4477.220080711731,9411.383881543894,,,C01,existing
P13456_2,G1,C_batteries,G1-C_batteries-02,T010_2,0.0,2880.8082760764496,T001,5.000100000000202,C02,existing
P13456_2,G1,C_batteries,G1-C_batteries-02,T001,2885.80837607645,6035.901229839401,,,C02,existing
P13456_2,G1,C_batteries,G1-C_batteries-03,T003,1438.035182877992,4385.641813543676,,,C03,existing
P13456_2,G1,C_batteries,G1-C_batteries-04,T015,2076.1153733026445,5451.076587273992,,,C04,existing
P13456_2,G1,relay_aircraft,G1-relay_aircraft-01,R001,113.13731944608116,2129.2976388563347,R004,5.000100000000202,R01,existing
P13456_2,G1,relay_aircraft,G1-relay_aircraft-01,R004,2134.297738856335,4789.357299741141,R002,5.000099999998383,R01,existing
P13456_2,G1,relay_aircraft,G1-relay_aircraft-01,R002,4794.3573997411395,8150.275924236526,,,R01,existing
P13456_2,G1,relay_components,G1-relay_components-01,R001,113.13731944608116,2500.002637752911,R002,2294.3547619882283,RE01,existing
P13456_2,G1,relay_components,G1-relay_components-01,R002,4794.3573997411395,8687.28771421572,,,RE01,existing
P13456_2,G1,relay_components,G1-relay_components-02,R004,2134.297738856335,5243.065183552219,,,RE02,existing
P13456_2,G2,A_aircraft,G2-A_aircraft-01,T014_2,2638.4852917296735,4762.444692702658,T022,5.000099999999293,NEW-A_aircraft-01,procurement_required
P13456_2,G2,A_aircraft,G2-A_aircraft-01,T022,4767.444792702658,6458.979278941607,,,NEW-A_aircraft-01,procurement_required
P13456_2,G2,B_aircraft,G2-B_aircraft-01,T004,1194.630385736439,3227.943287050344,T013,5.000100000000202,NEW-B_aircraft-01,procurement_required
P13456_2,G2,B_aircraft,G2-B_aircraft-01,T013,3232.9433870503444,5190.984658537339,T021,5.000100000000202,NEW-B_aircraft-01,procurement_required
P13456_2,G2,B_aircraft,G2-B_aircraft-01,T021,5195.984758537339,7094.0260300243335,,,NEW-B_aircraft-01,procurement_required
P13456_2,G2,C_aircraft,G2-C_aircraft-01,T019_2,4452.234653593916,6691.4187185617575,T012,5.000099999999293,NEW-C_aircraft-01,procurement_required
P13456_2,G2,C_aircraft,G2-C_aircraft-01,T012,6696.418818561757,8811.50045984021,,,NEW-C_aircraft-01,procurement_required
P13456_2,G2,A_batteries,G2-A_batteries-01,T014_2,2638.4852917296735,6105.968766534681,,,NEW-A_batteries-01,procurement_required
P13456_2,G2,A_batteries,G2-A_batteries-02,T022,4767.444792702658,7634.473785621062,,,NEW-A_batteries-02,procurement_required
P13456_2,G2,B_batteries,G2-B_batteries-01,T004,1194.630385736439,4994.129999948263,T021,201.85475858907648,B04,existing
P13456_2,G2,B_batteries,G2-B_batteries-01,T021,5195.984758537339,8961.208181941944,,,B04,existing
P13456_2,G2,B_batteries,G2-B_batteries-02,T013,3232.9433870503444,7150.230286022929,,,NEW-B_batteries-01,procurement_required
P13456_2,G2,C_batteries,G2-C_batteries-01,T019_2,4452.234653593916,9160.096499981806,,,NEW-C_batteries-01,procurement_required
P13456_2,G2,C_batteries,G2-C_batteries-02,T012,6696.418818561757,11304.166177291878,,,NEW-C_batteries-02,procurement_required
P13456_2,G2,relay_aircraft,G2-relay_aircraft-01,R003,1094.8164843575157,9390.324849711596,,,R02,existing
P13456_2,G2,relay_components,G2-relay_components-01,R003,1094.8164843575157,10551.813344790942,,,RE03,existing
P1345_26,G1,A_aircraft,G1-A_aircraft-01,T002_1,0.0,1652.4416357195464,T011,405.67373758309805,U01,existing
P1345_26,G1,A_aircraft,G1-A_aircraft-01,T011,2058.1153733026445,4188.754462062227,T019_1,2072.223823317966,U01,existing
P1345_26,G1,A_aircraft,G1-A_aircraft-01,T019_1,6260.978285380193,7896.736390048657,,,U01,existing
P1345_26,G1,A_aircraft,G1-A_aircraft-02,T005,0.0,1312.470877312685,T002_2,735.6444959899591,U02,existing
P1345_26,G1,A_aircraft,G1-A_aircraft-02,T002_2,2048.115373302644,3650.7081092828166,T016,909.5119714289131,U02,existing
P1345_26,G1,A_aircraft,G1-A_aircraft-02,T016,4560.22008071173,6255.978185380194,,,U02,existing
P1345_26,G1,A_aircraft,G1-A_aircraft-03,T009,1317.470977312685,2633.4851917296737,T020,2086.734888982057,U03,existing
P1345_26,G1,A_aircraft,G1-A_aircraft-03,T020,4720.220080711731,6690.4299276885495,,,U03,existing
P1345_26,G1,A_aircraft,G1-A_aircraft-04,T017,2048.115373302644,4391.962448014616,T023,1159.5771090160433,U04,existing
P1345_26,G1,A_aircraft,G1-A_aircraft-04,T023,5551.539557030659,7187.297661699124,,,U04,existing
P1345_26,G1,B_aircraft,G1-B_aircraft-01,T014_1,4.16673174186144e-07,1519.0243448285282,T008,465.0910284741158,U05,existing
P1345_26,G1,B_aircraft,G1-B_aircraft-01,T008,1984.115373302644,3828.6542634582115,T007,767.5658172535191,U05,existing
P1345_26,G1,B_aircraft,G1-B_aircraft-01,T007,4596.220080711731,6939.352187396264,,,U05,existing
P1345_26,G1,C_aircraft,G1-C_aircraft-01,T010_1,0.0,1823.224406150507,T015,252.89096715213736,U07,existing
P1345_26,G1,C_aircraft,G1-C_aircraft-01,T015,2076.1153733026445,3744.0155776451697,T018,733.2045030665608,U07,existing
P1345_26,G1,C_aircraft,G1-C_aircraft-01,T018,4477.220080711731,6913.029601569379,,,U07,existing
P1345_26,G1,C_aircraft,G1-C_aircraft-02,T010_2,0.0,1433.035082877992,T003,5.000099999999975,U08,existing
P1345_26,G1,C_aircraft,G1-C_aircraft-02,T003,1438.035182877992,2867.4613603954576,T001,18.347015680992172,U08,existing
P1345_26,G1,C_aircraft,G1-C_aircraft-02,T001,2885.80837607645,4447.234553593915,,,U08,existing
P1345_26,G1,A_batteries,G1-A_batteries-01,T002_1,0.0,2667.5322461730734,T016,1892.6878345386563,A01,existing
P1345_26,G1,A_batteries,G1-A_batteries-01,T016,4560.22008071173,7391.954497536396,,,A01,existing
P1345_26,G1,A_batteries,G1-A_batteries-02,T005,0.0,2178.7887122874713,T020,2541.4313684242593,A02,existing
P1345_26,G1,A_batteries,G1-A_batteries-02,T020,4720.220080711731,7930.430578375625,,,A02,existing
P1345_26,G1,A_batteries,G1-A_batteries-03,T009,1317.470977312685,3525.3399936387705,T023,2026.1995633918887,A03,existing
P1345_26,G1,A_batteries,G1-A_batteries-03,T023,5551.539557030659,8292.236282374923,,,A03,existing
P1345_26,G1,A_batteries,G1-A_batteries-04,T002_2,2048.115373302644,4715.175270999501,T019_1,1545.8030143806918,A04,existing
P1345_26,G1,A_batteries,G1-A_batteries-04,T019_1,6260.978285380193,8981.354683688944,,,A04,existing
P1345_26,G1,A_batteries,G1-A_batteries-05,T017,2048.115373302644,5755.52643126419,,,A05,existing
P1345_26,G1,A_batteries,G1-A_batteries-06,T011,2058.1153733026445,5546.53945703066,,,A06,existing
P1345_26,G1,B_batteries,G1-B_batteries-01,T014_1,4.16673174186144e-07,2956.2905629638744,T007,1639.9295177478562,B01,existing
P1345_26,G1,B_batteries,G1-B_batteries-01,T007,4596.220080711731,8817.149572633247,,,B01,existing
P1345_26,G1,B_batteries,G1-B_batteries-02,T008,1984.115373302644,5417.316226537593,,,B02,existing
P1345_26,G1,C_batteries,G1-C_batteries-01,T010_1,0.0,3563.4170832737245,T018,913.8029974380061,C01,existing
P1345_26,G1,C_batteries,G1-C_batteries-01,T018,4477.220080711731,9411.383881543894,,,C01,existing
P1345_26,G1,C_batteries,G1-C_batteries-02,T010_2,0.0,2880.8082760764496,T001,5.000100000000202,C02,existing
P1345_26,G1,C_batteries,G1-C_batteries-02,T001,2885.80837607645,6035.901229839401,,,C02,existing
P1345_26,G1,C_batteries,G1-C_batteries-03,T003,1438.035182877992,4385.641813543676,,,C03,existing
P1345_26,G1,C_batteries,G1-C_batteries-04,T015,2076.1153733026445,5451.076587273992,,,C04,existing
P1345_26,G1,relay_aircraft,G1-relay_aircraft-01,R001,113.13731944608116,2129.2976388563347,R004,5.000100000000202,R01,existing
P1345_26,G1,relay_aircraft,G1-relay_aircraft-01,R004,2134.297738856335,4789.357299741141,R002,5.000099999998383,R01,existing
P1345_26,G1,relay_aircraft,G1-relay_aircraft-01,R002,4794.3573997411395,8150.275924236526,,,R01,existing
P1345_26,G1,relay_components,G1-relay_components-01,R001,113.13731944608116,2500.002637752911,R002,2294.3547619882283,RE01,existing
P1345_26,G1,relay_components,G1-relay_components-01,R002,4794.3573997411395,8687.28771421572,,,RE01,existing
P1345_26,G1,relay_components,G1-relay_components-02,R004,2134.297738856335,5243.065183552219,,,RE02,existing
P1345_26,G2,A_aircraft,G2-A_aircraft-01,T014_2,2638.4852917296735,4762.444692702658,T022,5.000099999999293,NEW-A_aircraft-01,procurement_required
P1345_26,G2,A_aircraft,G2-A_aircraft-01,T022,4767.444792702658,6458.979278941607,,,NEW-A_aircraft-01,procurement_required
P1345_26,G2,B_aircraft,G2-B_aircraft-01,T006,0.0,1189.630285736439,T004,5.000099999999975,U06,existing
P1345_26,G2,B_aircraft,G2-B_aircraft-01,T004,1194.630385736439,3227.943287050344,T013,5.000100000000202,U06,existing
P1345_26,G2,B_aircraft,G2-B_aircraft-01,T013,3232.9433870503444,5190.984658537339,T021,5.000100000000202,U06,existing
P1345_26,G2,B_aircraft,G2-B_aircraft-01,T021,5195.984758537339,7094.0260300243335,,,U06,existing
P1345_26,G2,C_aircraft,G2-C_aircraft-01,T019_2,4452.234653593916,6691.4187185617575,T012,5.000099999999293,NEW-C_aircraft-01,procurement_required
P1345_26,G2,C_aircraft,G2-C_aircraft-01,T012,6696.418818561757,8811.50045984021,,,NEW-C_aircraft-01,procurement_required
P1345_26,G2,A_batteries,G2-A_batteries-01,T014_2,2638.4852917296735,6105.968766534681,,,NEW-A_batteries-01,procurement_required
P1345_26,G2,A_batteries,G2-A_batteries-02,T022,4767.444792702658,7634.473785621062,,,NEW-A_batteries-02,procurement_required
P1345_26,G2,B_batteries,G2-B_batteries-01,T006,0.0,2323.07116269932,T013,909.8722243510242,B03,existing
P1345_26,G2,B_batteries,G2-B_batteries-01,T013,3232.9433870503444,7150.230286022929,,,B03,existing
P1345_26,G2,B_batteries,G2-B_batteries-02,T004,1194.630385736439,4994.129999948263,T021,201.85475858907648,B04,existing
P1345_26,G2,B_batteries,G2-B_batteries-02,T021,5195.984758537339,8961.208181941944,,,B04,existing
P1345_26,G2,C_batteries,G2-C_batteries-01,T019_2,4452.234653593916,9160.096499981806,,,NEW-C_batteries-01,procurement_required
P1345_26,G2,C_batteries,G2-C_batteries-02,T012,6696.418818561757,11304.166177291878,,,NEW-C_batteries-02,procurement_required
P1345_26,G2,relay_aircraft,G2-relay_aircraft-01,R003,1094.8164843575157,9390.324849711596,,,R02,existing
P1345_26,G2,relay_components,G2-relay_components-01,R003,1094.8164843575157,10551.813344790942,,,RE03,existing
P1346_25,G1,A_aircraft,G1-A_aircraft-01,T002_1,0.0,1652.4416357195464,T020,3067.778444992184,U01,existing
P1346_25,G1,A_aircraft,G1-A_aircraft-01,T020,4720.220080711731,6690.4299276885495,,,U01,existing
P1346_25,G1,A_aircraft,G1-A_aircraft-02,T005,0.0,1312.470877312685,T009,5.000099999999975,U02,existing
P1346_25,G1,A_aircraft,G1-A_aircraft-02,T009,1317.470977312685,2633.4851917296737,T016,1926.734888982056,U02,existing
P1346_25,G1,A_aircraft,G1-A_aircraft-02,T016,4560.22008071173,6255.978185380194,T019_1,5.000099999998383,U02,existing
P1346_25,G1,A_aircraft,G1-A_aircraft-02,T019_1,6260.978285380193,7896.736390048657,,,U02,existing
P1346_25,G1,A_aircraft,G1-A_aircraft-03,T023,5551.539557030659,7187.297661699124,,,U03,existing
P1346_25,G1,B_aircraft,G1-B_aircraft-01,T006,0.0,1189.630285736439,T007,3406.5897949752916,U05,existing
P1346_25,G1,B_aircraft,G1-B_aircraft-01,T007,4596.220080711731,6939.352187396264,,,U05,existing
P1346_25,G1,B_aircraft,G1-B_aircraft-02,T014_1,4.16673174186144e-07,1519.0243448285282,,,U06,existing
P1346_25,G1,C_aircraft,G1-C_aircraft-01,T010_1,0.0,1823.224406150507,T018,2653.9956745612235,U07,existing
P1346_25,G1,C_aircraft,G1-C_aircraft-01,T018,4477.220080711731,6913.029601569379,,,U07,existing
P1346_25,G1,C_aircraft,G1-C_aircraft-02,T010_2,0.0,1433.035082877992,T003,5.000099999999975,U08,existing
P1346_25,G1,C_aircraft,G1-C_aircraft-02,T003,1438.035182877992,2867.4613603954576,T001,18.347015680992172,U08,existing
P1346_25,G1,C_aircraft,G1-C_aircraft-02,T001,2885.80837607645,4447.234553593915,,,U08,existing
P1346_25,G1,A_batteries,G1-A_batteries-01,T002_1,0.0,2667.5322461730734,T023,2884.0073108575857,A01,existing
P1346_25,G1,A_batteries,G1-A_batteries-01,T023,5551.539557030659,8292.236282374923,,,A01,existing
P1346_25,G1,A_batteries,G1-A_batteries-02,T005,0.0,2178.7887122874713,T020,2541.4313684242593,A02,existing
P1346_25,G1,A_batteries,G1-A_batteries-02,T020,4720.220080711731,7930.430578375625,,,A02,existing
P1346_25,G1,A_batteries,G1-A_batteries-03,T009,1317.470977312685,3525.3399936387705,T019_1,2735.638291741422,A03,existing
P1346_25,G1,A_batteries,G1-A_batteries-03,T019_1,6260.978285380193,8981.354683688944,,,A03,existing
P1346_25,G1,A_batteries,G1-A_batteries-04,T016,4560.22008071173,7391.954497536396,,,A04,existing
P1346_25,G1,B_batteries,G1-B_batteries-01,T006,0.0,2323.07116269932,T007,2273.1489180124104,B01,existing
P1346_25,G1,B_batteries,G1-B_batteries-01,T007,4596.220080711731,8817.149572633247,,,B01,existing
P1346_25,G1,B_batteries,G1-B_batteries-02,T014_1,4.16673174186144e-07,2956.2905629638744,,,B02,existing
P1346_25,G1,C_batteries,G1-C_batteries-01,T010_1,0.0,3563.4170832737245,T018,913.8029974380061,C01,existing
P1346_25,G1,C_batteries,G1-C_batteries-01,T018,4477.220080711731,9411.383881543894,,,C01,existing
P1346_25,G1,C_batteries,G1-C_batteries-02,T010_2,0.0,2880.8082760764496,T001,5.000100000000202,C02,existing
P1346_25,G1,C_batteries,G1-C_batteries-02,T001,2885.80837607645,6035.901229839401,,,C02,existing
P1346_25,G1,C_batteries,G1-C_batteries-03,T003,1438.035182877992,4385.641813543676,,,C03,existing
P1346_25,G1,relay_aircraft,G1-relay_aircraft-01,R001,113.13731944608116,2129.2976388563347,R002,2665.0597608848047,R01,existing
P1346_25,G1,relay_aircraft,G1-relay_aircraft-01,R002,4794.3573997411395,8150.275924236526,,,R01,existing
P1346_25,G1,relay_components,G1-relay_components-01,R001,113.13731944608116,2500.002637752911,R002,2294.3547619882283,RE01,existing
P1346_25,G1,relay_components,G1-relay_components-01,R002,4794.3573997411395,8687.28771421572,,,RE01,existing
P1346_25,G2,A_aircraft,G2-A_aircraft-01,T002_2,2048.115373302644,3650.7081092828166,T022,1116.736683419841,U04,existing
P1346_25,G2,A_aircraft,G2-A_aircraft-01,T022,4767.444792702658,6458.979278941607,,,U04,existing
P1346_25,G2,A_aircraft,G2-A_aircraft-02,T017,2048.115373302644,4391.962448014616,,,NEW-A_aircraft-01,procurement_required
P1346_25,G2,A_aircraft,G2-A_aircraft-03,T011,2058.1153733026445,4188.754462062227,,,NEW-A_aircraft-02,procurement_required
P1346_25,G2,A_aircraft,G2-A_aircraft-04,T014_2,2638.4852917296735,4762.444692702658,,,NEW-A_aircraft-03,procurement_required
P1346_25,G2,B_aircraft,G2-B_aircraft-01,T004,1194.630385736439,3227.943287050344,T013,5.000100000000202,NEW-B_aircraft-01,procurement_required
P1346_25,G2,B_aircraft,G2-B_aircraft-01,T013,3232.9433870503444,5190.984658537339,,,NEW-B_aircraft-01,procurement_required
P1346_25,G2,B_aircraft,G2-B_aircraft-02,T008,1984.115373302644,3828.6542634582115,T021,1367.3304950791276,NEW-B_aircraft-02,procurement_required
P1346_25,G2,B_aircraft,G2-B_aircraft-02,T021,5195.984758537339,7094.0260300243335,,,NEW-B_aircraft-02,procurement_required
P1346_25,G2,C_aircraft,G2-C_aircraft-01,T015,2076.1153733026445,3744.0155776451697,T019_2,708.2190759487462,NEW-C_aircraft-01,procurement_required
P1346_25,G2,C_aircraft,G2-C_aircraft-01,T019_2,4452.234653593916,6691.4187185617575,T012,5.000099999999293,NEW-C_aircraft-01,procurement_required
P1346_25,G2,C_aircraft,G2-C_aircraft-01,T012,6696.418818561757,8811.50045984021,,,NEW-C_aircraft-01,procurement_required
P1346_25,G2,A_batteries,G2-A_batteries-01,T002_2,2048.115373302644,4715.175270999501,T022,52.2695217031569,A05,existing
P1346_25,G2,A_batteries,G2-A_batteries-01,T022,4767.444792702658,7634.473785621062,,,A05,existing
P1346_25,G2,A_batteries,G2-A_batteries-02,T017,2048.115373302644,5755.52643126419,,,A06,existing
P1346_25,G2,A_batteries,G2-A_batteries-03,T011,2058.1153733026445,5546.53945703066,,,NEW-A_batteries-01,procurement_required
P1346_25,G2,A_batteries,G2-A_batteries-04,T014_2,2638.4852917296735,6105.968766534681,,,NEW-A_batteries-02,procurement_required
P1346_25,G2,B_batteries,G2-B_batteries-01,T004,1194.630385736439,4994.129999948263,T021,201.85475858907648,B03,existing
P1346_25,G2,B_batteries,G2-B_batteries-01,T021,5195.984758537339,8961.208181941944,,,B03,existing
P1346_25,G2,B_batteries,G2-B_batteries-02,T008,1984.115373302644,5417.316226537593,,,B04,existing
P1346_25,G2,B_batteries,G2-B_batteries-03,T013,3232.9433870503444,7150.230286022929,,,NEW-B_batteries-01,procurement_required
P1346_25,G2,C_batteries,G2-C_batteries-01,T015,2076.1153733026445,5451.076587273992,T012,1245.3422312877647,C04,existing
P1346_25,G2,C_batteries,G2-C_batteries-01,T012,6696.418818561757,11304.166177291878,,,C04,existing
P1346_25,G2,C_batteries,G2-C_batteries-02,T019_2,4452.234653593916,9160.096499981806,,,NEW-C_batteries-01,procurement_required
P1346_25,G2,relay_aircraft,G2-relay_aircraft-01,R003,1094.8164843575157,9390.324849711596,,,R02,existing
P1346_25,G2,relay_aircraft,G2-relay_aircraft-02,R004,2134.297738856335,4789.357299741141,,,NEW-relay_aircraft-01,procurement_required
P1346_25,G2,relay_components,G2-relay_components-01,R003,1094.8164843575157,10551.813344790942,,,RE02,existing
P1346_25,G2,relay_components,G2-relay_components-02,R004,2134.297738856335,5243.065183552219,,,RE03,existing
P134_256,G1,A_aircraft,G1-A_aircraft-01,T002_1,0.0,1652.4416357195464,T020,3067.778444992184,U01,existing
P134_256,G1,A_aircraft,G1-A_aircraft-01,T020,4720.220080711731,6690.4299276885495,,,U01,existing
P134_256,G1,A_aircraft,G1-A_aircraft-02,T005,0.0,1312.470877312685,T009,5.000099999999975,U02,existing
P134_256,G1,A_aircraft,G1-A_aircraft-02,T009,1317.470977312685,2633.4851917296737,T016,1926.734888982056,U02,existing
P134_256,G1,A_aircraft,G1-A_aircraft-02,T016,4560.22008071173,6255.978185380194,T019_1,5.000099999998383,U02,existing
P134_256,G1,A_aircraft,G1-A_aircraft-02,T019_1,6260.978285380193,7896.736390048657,,,U02,existing
P134_256,G1,A_aircraft,G1-A_aircraft-03,T023,5551.539557030659,7187.297661699124,,,U03,existing
P134_256,G1,B_aircraft,G1-B_aircraft-01,T014_1,4.16673174186144e-07,1519.0243448285282,T007,3077.1957358832024,U05,existing
P134_256,G1,B_aircraft,G1-B_aircraft-01,T007,4596.220080711731,6939.352187396264,,,U05,existing
P134_256,G1,C_aircraft,G1-C_aircraft-01,T010_1,0.0,1823.224406150507,T018,2653.9956745612235,U07,existing
P134_256,G1,C_aircraft,G1-C_aircraft-01,T018,4477.220080711731,6913.029601569379,,,U07,existing
P134_256,G1,C_aircraft,G1-C_aircraft-02,T010_2,0.0,1433.035082877992,T003,5.000099999999975,U08,existing
P134_256,G1,C_aircraft,G1-C_aircraft-02,T003,1438.035182877992,2867.4613603954576,T001,18.347015680992172,U08,existing
P134_256,G1,C_aircraft,G1-C_aircraft-02,T001,2885.80837607645,4447.234553593915,,,U08,existing
P134_256,G1,A_batteries,G1-A_batteries-01,T002_1,0.0,2667.5322461730734,T023,2884.0073108575857,A01,existing
P134_256,G1,A_batteries,G1-A_batteries-01,T023,5551.539557030659,8292.236282374923,,,A01,existing
P134_256,G1,A_batteries,G1-A_batteries-02,T005,0.0,2178.7887122874713,T020,2541.4313684242593,A02,existing
P134_256,G1,A_batteries,G1-A_batteries-02,T020,4720.220080711731,7930.430578375625,,,A02,existing
P134_256,G1,A_batteries,G1-A_batteries-03,T009,1317.470977312685,3525.3399936387705,T019_1,2735.638291741422,A03,existing
P134_256,G1,A_batteries,G1-A_batteries-03,T019_1,6260.978285380193,8981.354683688944,,,A03,existing
P134_256,G1,A_batteries,G1-A_batteries-04,T016,4560.22008071173,7391.954497536396,,,A04,existing
P134_256,G1,B_batteries,G1-B_batteries-01,T014_1,4.16673174186144e-07,2956.2905629638744,T007,1639.9295177478562,B01,existing
P134_256,G1,B_batteries,G1-B_batteries-01,T007,4596.220080711731,8817.149572633247,,,B01,existing
P134_256,G1,C_batteries,G1-C_batteries-01,T010_1,0.0,3563.4170832737245,T018,913.8029974380061,C01,existing
P134_256,G1,C_batteries,G1-C_batteries-01,T018,4477.220080711731,9411.383881543894,,,C01,existing
P134_256,G1,C_batteries,G1-C_batteries-02,T010_2,0.0,2880.8082760764496,T001,5.000100000000202,C02,existing
P134_256,G1,C_batteries,G1-C_batteries-02,T001,2885.80837607645,6035.901229839401,,,C02,existing
P134_256,G1,C_batteries,G1-C_batteries-03,T003,1438.035182877992,4385.641813543676,,,C03,existing
P134_256,G1,relay_aircraft,G1-relay_aircraft-01,R001,113.13731944608116,2129.2976388563347,R002,2665.0597608848047,R01,existing
P134_256,G1,relay_aircraft,G1-relay_aircraft-01,R002,4794.3573997411395,8150.275924236526,,,R01,existing
P134_256,G1,relay_components,G1-relay_components-01,R001,113.13731944608116,2500.002637752911,R002,2294.3547619882283,RE01,existing
P134_256,G1,relay_components,G1-relay_components-01,R002,4794.3573997411395,8687.28771421572,,,RE01,existing
P134_256,G2,A_aircraft,G2-A_aircraft-01,T002_2,2048.115373302644,3650.7081092828166,T022,1116.736683419841,U04,existing
P134_256,G2,A_aircraft,G2-A_aircraft-01,T022,4767.444792702658,6458.979278941607,,,U04,existing
P134_256,G2,A_aircraft,G2-A_aircraft-02,T017,2048.115373302644,4391.962448014616,,,NEW-A_aircraft-01,procurement_required
P134_256,G2,A_aircraft,G2-A_aircraft-03,T011,2058.1153733026445,4188.754462062227,,,NEW-A_aircraft-02,procurement_required
P134_256,G2,A_aircraft,G2-A_aircraft-04,T014_2,2638.4852917296735,4762.444692702658,,,NEW-A_aircraft-03,procurement_required
P134_256,G2,B_aircraft,G2-B_aircraft-01,T006,0.0,1189.630285736439,T008,794.485087566205,U06,existing
P134_256,G2,B_aircraft,G2-B_aircraft-01,T008,1984.115373302644,3828.6542634582115,T021,1367.3304950791276,U06,existing
P134_256,G2,B_aircraft,G2-B_aircraft-01,T021,5195.984758537339,7094.0260300243335,,,U06,existing
P134_256,G2,B_aircraft,G2-B_aircraft-02,T004,1194.630385736439,3227.943287050344,T013,5.000100000000202,NEW-B_aircraft-01,procurement_required
P134_256,G2,B_aircraft,G2-B_aircraft-02,T013,3232.9433870503444,5190.984658537339,,,NEW-B_aircraft-01,procurement_required
P134_256,G2,C_aircraft,G2-C_aircraft-01,T015,2076.1153733026445,3744.0155776451697,T019_2,708.2190759487462,NEW-C_aircraft-01,procurement_required
P134_256,G2,C_aircraft,G2-C_aircraft-01,T019_2,4452.234653593916,6691.4187185617575,T012,5.000099999999293,NEW-C_aircraft-01,procurement_required
P134_256,G2,C_aircraft,G2-C_aircraft-01,T012,6696.418818561757,8811.50045984021,,,NEW-C_aircraft-01,procurement_required
P134_256,G2,A_batteries,G2-A_batteries-01,T002_2,2048.115373302644,4715.175270999501,T022,52.2695217031569,A05,existing
P134_256,G2,A_batteries,G2-A_batteries-01,T022,4767.444792702658,7634.473785621062,,,A05,existing
P134_256,G2,A_batteries,G2-A_batteries-02,T017,2048.115373302644,5755.52643126419,,,A06,existing
P134_256,G2,A_batteries,G2-A_batteries-03,T011,2058.1153733026445,5546.53945703066,,,NEW-A_batteries-01,procurement_required
P134_256,G2,A_batteries,G2-A_batteries-04,T014_2,2638.4852917296735,6105.968766534681,,,NEW-A_batteries-02,procurement_required
P134_256,G2,B_batteries,G2-B_batteries-01,T006,0.0,2323.07116269932,T013,909.8722243510242,B02,existing
P134_256,G2,B_batteries,G2-B_batteries-01,T013,3232.9433870503444,7150.230286022929,,,B02,existing
P134_256,G2,B_batteries,G2-B_batteries-02,T004,1194.630385736439,4994.129999948263,T021,201.85475858907648,B03,existing
P134_256,G2,B_batteries,G2-B_batteries-02,T021,5195.984758537339,8961.208181941944,,,B03,existing
P134_256,G2,B_batteries,G2-B_batteries-03,T008,1984.115373302644,5417.316226537593,,,B04,existing
P134_256,G2,C_batteries,G2-C_batteries-01,T015,2076.1153733026445,5451.076587273992,T012,1245.3422312877647,C04,existing
P134_256,G2,C_batteries,G2-C_batteries-01,T012,6696.418818561757,11304.166177291878,,,C04,existing
P134_256,G2,C_batteries,G2-C_batteries-02,T019_2,4452.234653593916,9160.096499981806,,,NEW-C_batteries-01,procurement_required
P134_256,G2,relay_aircraft,G2-relay_aircraft-01,R003,1094.8164843575157,9390.324849711596,,,R02,existing
P134_256,G2,relay_aircraft,G2-relay_aircraft-02,R004,2134.297738856335,4789.357299741141,,,NEW-relay_aircraft-01,procurement_required
P134_256,G2,relay_components,G2-relay_components-01,R003,1094.8164843575157,10551.813344790942,,,RE02,existing
P134_256,G2,relay_components,G2-relay_components-02,R004,2134.297738856335,5243.065183552219,,,RE03,existing
P1356_24,G1,A_aircraft,G1-A_aircraft-01,T002_1,0.0,1652.4416357195464,T002_2,395.6737375830976,U01,existing
P1356_24,G1,A_aircraft,G1-A_aircraft-01,T002_2,2048.115373302644,3650.7081092828166,T023,1900.8314477478425,U01,existing
P1356_24,G1,A_aircraft,G1-A_aircraft-01,T023,5551.539557030659,7187.297661699124,,,U01,existing
P1356_24,G1,A_aircraft,G1-A_aircraft-02,T005,0.0,1312.470877312685,T017,735.6444959899591,U02,existing
P1356_24,G1,A_aircraft,G1-A_aircraft-02,T017,2048.115373302644,4391.962448014616,T016,168.25763269711388,U02,existing
P1356_24,G1,A_aircraft,G1-A_aircraft-02,T016,4560.22008071173,6255.978185380194,T019_1,5.000099999998383,U02,existing
P1356_24,G1,A_aircraft,G1-A_aircraft-02,T019_1,6260.978285380193,7896.736390048657,,,U02,existing
P1356_24,G1,A_aircraft,G1-A_aircraft-03,T011,2058.1153733026445,4188.754462062227,T020,531.465618649504,U03,existing
P1356_24,G1,A_aircraft,G1-A_aircraft-03,T020,4720.220080711731,6690.4299276885495,,,U03,existing
P1356_24,G1,B_aircraft,G1-B_aircraft-01,T006,0.0,1189.630285736439,T008,794.485087566205,U05,existing
P1356_24,G1,B_aircraft,G1-B_aircraft-01,T008,1984.115373302644,3828.6542634582115,,,U05,existing
P1356_24,G1,B_aircraft,G1-B_aircraft-02,T014_1,4.16673174186144e-07,1519.0243448285282,T007,3077.1957358832024,U06,existing
P1356_24,G1,B_aircraft,G1-B_aircraft-02,T007,4596.220080711731,6939.352187396264,,,U06,existing
P1356_24,G1,C_aircraft,G1-C_aircraft-01,T010_1,0.0,1823.224406150507,T015,252.89096715213736,U07,existing
P1356_24,G1,C_aircraft,G1-C_aircraft-01,T015,2076.1153733026445,3744.0155776451697,T018,733.2045030665608,U07,existing
P1356_24,G1,C_aircraft,G1-C_aircraft-01,T018,4477.220080711731,6913.029601569379,,,U07,existing
P1356_24,G1,C_aircraft,G1-C_aircraft-02,T003,1438.035182877992,2867.4613603954576,T001,18.347015680992172,U08,existing
P1356_24,G1,C_aircraft,G1-C_aircraft-02,T001,2885.80837607645,4447.234553593915,,,U08,existing
P1356_24,G1,A_batteries,G1-A_batteries-01,T002_1,0.0,2667.5322461730734,T016,1892.6878345386563,A01,existing
P1356_24,G1,A_batteries,G1-A_batteries-01,T016,4560.22008071173,7391.954497536396,,,A01,existing
P1356_24,G1,A_batteries,G1-A_batteries-02,T005,0.0,2178.7887122874713,T020,2541.4313684242593,A02,existing
P1356_24,G1,A_batteries,G1-A_batteries-02,T020,4720.220080711731,7930.430578375625,,,A02,existing
P1356_24,G1,A_batteries,G1-A_batteries-03,T002_2,2048.115373302644,4715.175270999501,T023,836.3642860311584,A03,existing
P1356_24,G1,A_batteries,G1-A_batteries-03,T023,5551.539557030659,8292.236282374923,,,A03,existing
P1356_24,G1,A_batteries,G1-A_batteries-04,T017,2048.115373302644,5755.52643126419,,,A04,existing
P1356_24,G1,A_batteries,G1-A_batteries-05,T011,2058.1153733026445,5546.53945703066,T019_1,714.4388283495327,A05,existing
P1356_24,G1,A_batteries,G1-A_batteries-05,T019_1,6260.978285380193,8981.354683688944,,,A05,existing
P1356_24,G1,B_batteries,G1-B_batteries-01,T006,0.0,2323.07116269932,T007,2273.1489180124104,B01,existing
P1356_24,G1,B_batteries,G1-B_batteries-01,T007,4596.220080711731,8817.149572633247,,,B01,existing
P1356_24,G1,B_batteries,G1-B_batteries-02,T014_1,4.16673174186144e-07,2956.2905629638744,,,B02,existing
P1356_24,G1,B_batteries,G1-B_batteries-03,T008,1984.115373302644,5417.316226537593,,,B03,existing
P1356_24,G1,C_batteries,G1-C_batteries-01,T010_1,0.0,3563.4170832737245,T018,913.8029974380061,C01,existing
P1356_24,G1,C_batteries,G1-C_batteries-01,T018,4477.220080711731,9411.383881543894,,,C01,existing
P1356_24,G1,C_batteries,G1-C_batteries-02,T003,1438.035182877992,4385.641813543676,,,C02,existing
P1356_24,G1,C_batteries,G1-C_batteries-03,T015,2076.1153733026445,5451.076587273992,,,C03,existing
P1356_24,G1,C_batteries,G1-C_batteries-04,T001,2885.80837607645,6035.901229839401,,,C04,existing
P1356_24,G1,relay_aircraft,G1-relay_aircraft-01,R001,113.13731944608116,2129.2976388563347,R004,5.000100000000202,R01,existing
P1356_24,G1,relay_aircraft,G1-relay_aircraft-01,R004,2134.297738856335,4789.357299741141,R002,5.000099999998383,R01,existing
P1356_24,G1,relay_aircraft,G1-relay_aircraft-01,R002,4794.3573997411395,8150.275924236526,,,R01,existing
P1356_24,G1,relay_components,G1-relay_components-01,R001,113.13731944608116,2500.002637752911,R002,2294.3547619882283,RE01,existing
P1356_24,G1,relay_components,G1-relay_components-01,R002,4794.3573997411395,8687.28771421572,,,RE01,existing
P1356_24,G1,relay_components,G1-relay_components-02,R004,2134.297738856335,5243.065183552219,,,RE02,existing
P1356_24,G2,A_aircraft,G2-A_aircraft-01,T009,1317.470977312685,2633.4851917296737,T014_2,5.0000999999997475,U04,existing
P1356_24,G2,A_aircraft,G2-A_aircraft-01,T014_2,2638.4852917296735,4762.444692702658,T022,5.000099999999293,U04,existing
P1356_24,G2,A_aircraft,G2-A_aircraft-01,T022,4767.444792702658,6458.979278941607,,,U04,existing
P1356_24,G2,B_aircraft,G2-B_aircraft-01,T004,1194.630385736439,3227.943287050344,T013,5.000100000000202,NEW-B_aircraft-01,procurement_required
P1356_24,G2,B_aircraft,G2-B_aircraft-01,T013,3232.9433870503444,5190.984658537339,T021,5.000100000000202,NEW-B_aircraft-01,procurement_required
P1356_24,G2,B_aircraft,G2-B_aircraft-01,T021,5195.984758537339,7094.0260300243335,,,NEW-B_aircraft-01,procurement_required
P1356_24,G2,C_aircraft,G2-C_aircraft-01,T010_2,0.0,1433.035082877992,T019_2,3019.199570715924,NEW-C_aircraft-01,procurement_required
P1356_24,G2,C_aircraft,G2-C_aircraft-01,T019_2,4452.234653593916,6691.4187185617575,T012,5.000099999999293,NEW-C_aircraft-01,procurement_required
P1356_24,G2,C_aircraft,G2-C_aircraft-01,T012,6696.418818561757,8811.50045984021,,,NEW-C_aircraft-01,procurement_required
P1356_24,G2,A_batteries,G2-A_batteries-01,T009,1317.470977312685,3525.3399936387705,T022,1242.1047990638872,A06,existing
P1356_24,G2,A_batteries,G2-A_batteries-01,T022,4767.444792702658,7634.473785621062,,,A06,existing
P1356_24,G2,A_batteries,G2-A_batteries-02,T014_2,2638.4852917296735,6105.968766534681,,,NEW-A_batteries-01,procurement_required
P1356_24,G2,B_batteries,G2-B_batteries-01,T004,1194.630385736439,4994.129999948263,T021,201.85475858907648,B04,existing
P1356_24,G2,B_batteries,G2-B_batteries-01,T021,5195.984758537339,8961.208181941944,,,B04,existing
P1356_24,G2,B_batteries,G2-B_batteries-02,T013,3232.9433870503444,7150.230286022929,,,NEW-B_batteries-01,procurement_required
P1356_24,G2,C_batteries,G2-C_batteries-01,T010_2,0.0,2880.8082760764496,T012,3815.610542485307,NEW-C_batteries-01,procurement_required
P1356_24,G2,C_batteries,G2-C_batteries-01,T012,6696.418818561757,11304.166177291878,,,NEW-C_batteries-01,procurement_required
P1356_24,G2,C_batteries,G2-C_batteries-02,T019_2,4452.234653593916,9160.096499981806,,,NEW-C_batteries-02,procurement_required
P1356_24,G2,relay_aircraft,G2-relay_aircraft-01,R003,1094.8164843575157,9390.324849711596,,,R02,existing
P1356_24,G2,relay_components,G2-relay_components-01,R003,1094.8164843575157,10551.813344790942,,,RE03,existing
P135_246,G1,A_aircraft,G1-A_aircraft-01,T002_1,0.0,1652.4416357195464,T002_2,395.6737375830976,U01,existing
P135_246,G1,A_aircraft,G1-A_aircraft-01,T002_2,2048.115373302644,3650.7081092828166,T023,1900.8314477478425,U01,existing
P135_246,G1,A_aircraft,G1-A_aircraft-01,T023,5551.539557030659,7187.297661699124,,,U01,existing
P135_246,G1,A_aircraft,G1-A_aircraft-02,T005,0.0,1312.470877312685,T017,735.6444959899591,U02,existing
P135_246,G1,A_aircraft,G1-A_aircraft-02,T017,2048.115373302644,4391.962448014616,T016,168.25763269711388,U02,existing
P135_246,G1,A_aircraft,G1-A_aircraft-02,T016,4560.22008071173,6255.978185380194,T019_1,5.000099999998383,U02,existing
P135_246,G1,A_aircraft,G1-A_aircraft-02,T019_1,6260.978285380193,7896.736390048657,,,U02,existing
P135_246,G1,A_aircraft,G1-A_aircraft-03,T011,2058.1153733026445,4188.754462062227,T020,531.465618649504,U03,existing
P135_246,G1,A_aircraft,G1-A_aircraft-03,T020,4720.220080711731,6690.4299276885495,,,U03,existing
P135_246,G1,B_aircraft,G1-B_aircraft-01,T014_1,4.16673174186144e-07,1519.0243448285282,T008,465.0910284741158,U05,existing
P135_246,G1,B_aircraft,G1-B_aircraft-01,T008,1984.115373302644,3828.6542634582115,T007,767.5658172535191,U05,existing
P135_246,G1,B_aircraft,G1-B_aircraft-01,T007,4596.220080711731,6939.352187396264,,,U05,existing
P135_246,G1,C_aircraft,G1-C_aircraft-01,T010_1,0.0,1823.224406150507,T015,252.89096715213736,U07,existing
P135_246,G1,C_aircraft,G1-C_aircraft-01,T015,2076.1153733026445,3744.0155776451697,T018,733.2045030665608,U07,existing
P135_246,G1,C_aircraft,G1-C_aircraft-01,T018,4477.220080711731,6913.029601569379,,,U07,existing
P135_246,G1,C_aircraft,G1-C_aircraft-02,T003,1438.035182877992,2867.4613603954576,T001,18.347015680992172,U08,existing
P135_246,G1,C_aircraft,G1-C_aircraft-02,T001,2885.80837607645,4447.234553593915,,,U08,existing
P135_246,G1,A_batteries,G1-A_batteries-01,T002_1,0.0,2667.5322461730734,T016,1892.6878345386563,A01,existing
P135_246,G1,A_batteries,G1-A_batteries-01,T016,4560.22008071173,7391.954497536396,,,A01,existing
P135_246,G1,A_batteries,G1-A_batteries-02,T005,0.0,2178.7887122874713,T020,2541.4313684242593,A02,existing
P135_246,G1,A_batteries,G1-A_batteries-02,T020,4720.220080711731,7930.430578375625,,,A02,existing
P135_246,G1,A_batteries,G1-A_batteries-03,T002_2,2048.115373302644,4715.175270999501,T023,836.3642860311584,A03,existing
P135_246,G1,A_batteries,G1-A_batteries-03,T023,5551.539557030659,8292.236282374923,,,A03,existing
P135_246,G1,A_batteries,G1-A_batteries-04,T017,2048.115373302644,5755.52643126419,,,A04,existing
P135_246,G1,A_batteries,G1-A_batteries-05,T011,2058.1153733026445,5546.53945703066,T019_1,714.4388283495327,A05,existing
P135_246,G1,A_batteries,G1-A_batteries-05,T019_1,6260.978285380193,8981.354683688944,,,A05,existing
P135_246,G1,B_batteries,G1-B_batteries-01,T014_1,4.16673174186144e-07,2956.2905629638744,T007,1639.9295177478562,B01,existing
P135_246,G1,B_batteries,G1-B_batteries-01,T007,4596.220080711731,8817.149572633247,,,B01,existing
P135_246,G1,B_batteries,G1-B_batteries-02,T008,1984.115373302644,5417.316226537593,,,B02,existing
P135_246,G1,C_batteries,G1-C_batteries-01,T010_1,0.0,3563.4170832737245,T018,913.8029974380061,C01,existing
P135_246,G1,C_batteries,G1-C_batteries-01,T018,4477.220080711731,9411.383881543894,,,C01,existing
P135_246,G1,C_batteries,G1-C_batteries-02,T003,1438.035182877992,4385.641813543676,,,C02,existing
P135_246,G1,C_batteries,G1-C_batteries-03,T015,2076.1153733026445,5451.076587273992,,,C03,existing
P135_246,G1,C_batteries,G1-C_batteries-04,T001,2885.80837607645,6035.901229839401,,,C04,existing
P135_246,G1,relay_aircraft,G1-relay_aircraft-01,R001,113.13731944608116,2129.2976388563347,R004,5.000100000000202,R01,existing
P135_246,G1,relay_aircraft,G1-relay_aircraft-01,R004,2134.297738856335,4789.357299741141,R002,5.000099999998383,R01,existing
P135_246,G1,relay_aircraft,G1-relay_aircraft-01,R002,4794.3573997411395,8150.275924236526,,,R01,existing
P135_246,G1,relay_components,G1-relay_components-01,R001,113.13731944608116,2500.002637752911,R002,2294.3547619882283,RE01,existing
P135_246,G1,relay_components,G1-relay_components-01,R002,4794.3573997411395,8687.28771421572,,,RE01,existing
P135_246,G1,relay_components,G1-relay_components-02,R004,2134.297738856335,5243.065183552219,,,RE02,existing
P135_246,G2,A_aircraft,G2-A_aircraft-01,T009,1317.470977312685,2633.4851917296737,T014_2,5.0000999999997475,U04,existing
P135_246,G2,A_aircraft,G2-A_aircraft-01,T014_2,2638.4852917296735,4762.444692702658,T022,5.000099999999293,U04,existing
P135_246,G2,A_aircraft,G2-A_aircraft-01,T022,4767.444792702658,6458.979278941607,,,U04,existing
P135_246,G2,B_aircraft,G2-B_aircraft-01,T006,0.0,1189.630285736439,T004,5.000099999999975,U06,existing
P135_246,G2,B_aircraft,G2-B_aircraft-01,T004,1194.630385736439,3227.943287050344,T013,5.000100000000202,U06,existing
P135_246,G2,B_aircraft,G2-B_aircraft-01,T013,3232.9433870503444,5190.984658537339,T021,5.000100000000202,U06,existing
P135_246,G2,B_aircraft,G2-B_aircraft-01,T021,5195.984758537339,7094.0260300243335,,,U06,existing
P135_246,G2,C_aircraft,G2-C_aircraft-01,T010_2,0.0,1433.035082877992,T019_2,3019.199570715924,NEW-C_aircraft-01,procurement_required
P135_246,G2,C_aircraft,G2-C_aircraft-01,T019_2,4452.234653593916,6691.4187185617575,T012,5.000099999999293,NEW-C_aircraft-01,procurement_required
P135_246,G2,C_aircraft,G2-C_aircraft-01,T012,6696.418818561757,8811.50045984021,,,NEW-C_aircraft-01,procurement_required
P135_246,G2,A_batteries,G2-A_batteries-01,T009,1317.470977312685,3525.3399936387705,T022,1242.1047990638872,A06,existing
P135_246,G2,A_batteries,G2-A_batteries-01,T022,4767.444792702658,7634.473785621062,,,A06,existing
P135_246,G2,A_batteries,G2-A_batteries-02,T014_2,2638.4852917296735,6105.968766534681,,,NEW-A_batteries-01,procurement_required
P135_246,G2,B_batteries,G2-B_batteries-01,T006,0.0,2323.07116269932,T013,909.8722243510242,B03,existing
P135_246,G2,B_batteries,G2-B_batteries-01,T013,3232.9433870503444,7150.230286022929,,,B03,existing
P135_246,G2,B_batteries,G2-B_batteries-02,T004,1194.630385736439,4994.129999948263,T021,201.85475858907648,B04,existing
P135_246,G2,B_batteries,G2-B_batteries-02,T021,5195.984758537339,8961.208181941944,,,B04,existing
P135_246,G2,C_batteries,G2-C_batteries-01,T010_2,0.0,2880.8082760764496,T012,3815.610542485307,NEW-C_batteries-01,procurement_required
P135_246,G2,C_batteries,G2-C_batteries-01,T012,6696.418818561757,11304.166177291878,,,NEW-C_batteries-01,procurement_required
P135_246,G2,C_batteries,G2-C_batteries-02,T019_2,4452.234653593916,9160.096499981806,,,NEW-C_batteries-02,procurement_required
P135_246,G2,relay_aircraft,G2-relay_aircraft-01,R003,1094.8164843575157,9390.324849711596,,,R02,existing
P135_246,G2,relay_components,G2-relay_components-01,R003,1094.8164843575157,10551.813344790942,,,RE03,existing
P136_245,G1,A_aircraft,G1-A_aircraft-01,T002_1,0.0,1652.4416357195464,T016,2907.7784449921833,U01,existing
P136_245,G1,A_aircraft,G1-A_aircraft-01,T016,4560.22008071173,6255.978185380194,T019_1,5.000099999998383,U01,existing
P136_245,G1,A_aircraft,G1-A_aircraft-01,T019_1,6260.978285380193,7896.736390048657,,,U01,existing
P136_245,G1,A_aircraft,G1-A_aircraft-02,T005,0.0,1312.470877312685,T020,3407.7492033990457,U02,existing
P136_245,G1,A_aircraft,G1-A_aircraft-02,T020,4720.220080711731,6690.4299276885495,,,U02,existing
P136_245,G1,A_aircraft,G1-A_aircraft-03,T023,5551.539557030659,7187.297661699124,,,U03,existing
P136_245,G1,B_aircraft,G1-B_aircraft-01,T006,0.0,1189.630285736439,T007,3406.5897949752916,U05,existing
P136_245,G1,B_aircraft,G1-B_aircraft-01,T007,4596.220080711731,6939.352187396264,,,U05,existing
P136_245,G1,B_aircraft,G1-B_aircraft-02,T014_1,4.16673174186144e-07,1519.0243448285282,,,U06,existing
P136_245,G1,C_aircraft,G1-C_aircraft-01,T010_1,0.0,1823.224406150507,T001,1062.5839699259427,U07,existing
P136_245,G1,C_aircraft,G1-C_aircraft-01,T001,2885.80837607645,4447.234553593915,,,U07,existing
P136_245,G1,C_aircraft,G1-C_aircraft-02,T003,1438.035182877992,2867.4613603954576,T018,1609.758720316273,U08,existing
P136_245,G1,C_aircraft,G1-C_aircraft-02,T018,4477.220080711731,6913.029601569379,,,U08,existing
P136_245,G1,A_batteries,G1-A_batteries-01,T002_1,0.0,2667.5322461730734,T019_1,3593.446039207119,A01,existing
P136_245,G1,A_batteries,G1-A_batteries-01,T019_1,6260.978285380193,8981.354683688944,,,A01,existing
P136_245,G1,A_batteries,G1-A_batteries-02,T005,0.0,2178.7887122874713,T023,3372.750844743188,A02,existing
P136_245,G1,A_batteries,G1-A_batteries-02,T023,5551.539557030659,8292.236282374923,,,A02,existing
P136_245,G1,A_batteries,G1-A_batteries-03,T016,4560.22008071173,7391.954497536396,,,A03,existing
P136_245,G1,A_batteries,G1-A_batteries-04,T020,4720.220080711731,7930.430578375625,,,A04,existing
P136_245,G1,B_batteries,G1-B_batteries-01,T006,0.0,2323.07116269932,T007,2273.1489180124104,B01,existing
P136_245,G1,B_batteries,G1-B_batteries-01,T007,4596.220080711731,8817.149572633247,,,B01,existing
P136_245,G1,B_batteries,G1-B_batteries-02,T014_1,4.16673174186144e-07,2956.2905629638744,,,B02,existing
P136_245,G1,C_batteries,G1-C_batteries-01,T010_1,0.0,3563.4170832737245,T018,913.8029974380061,C01,existing
P136_245,G1,C_batteries,G1-C_batteries-01,T018,4477.220080711731,9411.383881543894,,,C01,existing
P136_245,G1,C_batteries,G1-C_batteries-02,T003,1438.035182877992,4385.641813543676,,,C02,existing
P136_245,G1,C_batteries,G1-C_batteries-03,T001,2885.80837607645,6035.901229839401,,,C03,existing
P136_245,G1,relay_aircraft,G1-relay_aircraft-01,R001,113.13731944608116,2129.2976388563347,R002,2665.0597608848047,R01,existing
P136_245,G1,relay_aircraft,G1-relay_aircraft-01,R002,4794.3573997411395,8150.275924236526,,,R01,existing
P136_245,G1,relay_components,G1-relay_components-01,R001,113.13731944608116,2500.002637752911,R002,2294.3547619882283,RE01,existing
P136_245,G1,relay_components,G1-relay_components-01,R002,4794.3573997411395,8687.28771421572,,,RE01,existing
P136_245,G2,A_aircraft,G2-A_aircraft-01,T009,1317.470977312685,2633.4851917296737,T014_2,5.0000999999997475,U04,existing
P136_245,G2,A_aircraft,G2-A_aircraft-01,T014_2,2638.4852917296735,4762.444692702658,,,U04,existing
P136_245,G2,A_aircraft,G2-A_aircraft-02,T002_2,2048.115373302644,3650.7081092828166,T022,1116.736683419841,NEW-A_aircraft-01,procurement_required
P136_245,G2,A_aircraft,G2-A_aircraft-02,T022,4767.444792702658,6458.979278941607,,,NEW-A_aircraft-01,procurement_required
P136_245,G2,A_aircraft,G2-A_aircraft-03,T017,2048.115373302644,4391.962448014616,,,NEW-A_aircraft-02,procurement_required
P136_245,G2,A_aircraft,G2-A_aircraft-04,T011,2058.1153733026445,4188.754462062227,,,NEW-A_aircraft-03,procurement_required
P136_245,G2,B_aircraft,G2-B_aircraft-01,T004,1194.630385736439,3227.943287050344,T013,5.000100000000202,NEW-B_aircraft-01,procurement_required
P136_245,G2,B_aircraft,G2-B_aircraft-01,T013,3232.9433870503444,5190.984658537339,,,NEW-B_aircraft-01,procurement_required
P136_245,G2,B_aircraft,G2-B_aircraft-02,T008,1984.115373302644,3828.6542634582115,T021,1367.3304950791276,NEW-B_aircraft-02,procurement_required
P136_245,G2,B_aircraft,G2-B_aircraft-02,T021,5195.984758537339,7094.0260300243335,,,NEW-B_aircraft-02,procurement_required
P136_245,G2,C_aircraft,G2-C_aircraft-01,T010_2,0.0,1433.035082877992,T015,643.0802904246525,NEW-C_aircraft-01,procurement_required
P136_245,G2,C_aircraft,G2-C_aircraft-01,T015,2076.1153733026445,3744.0155776451697,T019_2,708.2190759487462,NEW-C_aircraft-01,procurement_required
P136_245,G2,C_aircraft,G2-C_aircraft-01,T019_2,4452.234653593916,6691.4187185617575,T012,5.000099999999293,NEW-C_aircraft-01,procurement_required
P136_245,G2,C_aircraft,G2-C_aircraft-01,T012,6696.418818561757,8811.50045984021,,,NEW-C_aircraft-01,procurement_required
P136_245,G2,A_batteries,G2-A_batteries-01,T009,1317.470977312685,3525.3399936387705,T022,1242.1047990638872,A05,existing
P136_245,G2,A_batteries,G2-A_batteries-01,T022,4767.444792702658,7634.473785621062,,,A05,existing
P136_245,G2,A_batteries,G2-A_batteries-02,T002_2,2048.115373302644,4715.175270999501,,,A06,existing
P136_245,G2,A_batteries,G2-A_batteries-03,T017,2048.115373302644,5755.52643126419,,,NEW-A_batteries-01,procurement_required
P136_245,G2,A_batteries,G2-A_batteries-04,T011,2058.1153733026445,5546.53945703066,,,NEW-A_batteries-02,procurement_required
P136_245,G2,A_batteries,G2-A_batteries-05,T014_2,2638.4852917296735,6105.968766534681,,,NEW-A_batteries-03,procurement_required
P136_245,G2,B_batteries,G2-B_batteries-01,T004,1194.630385736439,4994.129999948263,T021,201.85475858907648,B03,existing
P136_245,G2,B_batteries,G2-B_batteries-01,T021,5195.984758537339,8961.208181941944,,,B03,existing
P136_245,G2,B_batteries,G2-B_batteries-02,T008,1984.115373302644,5417.316226537593,,,B04,existing
P136_245,G2,B_batteries,G2-B_batteries-03,T013,3232.9433870503444,7150.230286022929,,,NEW-B_batteries-01,procurement_required
P136_245,G2,C_batteries,G2-C_batteries-01,T010_2,0.0,2880.8082760764496,T019_2,1571.4263775174663,C04,existing
P136_245,G2,C_batteries,G2-C_batteries-01,T019_2,4452.234653593916,9160.096499981806,,,C04,existing
P136_245,G2,C_batteries,G2-C_batteries-02,T015,2076.1153733026445,5451.076587273992,T012,1245.3422312877647,NEW-C_batteries-01,procurement_required
P136_245,G2,C_batteries,G2-C_batteries-02,T012,6696.418818561757,11304.166177291878,,,NEW-C_batteries-01,procurement_required
P136_245,G2,relay_aircraft,G2-relay_aircraft-01,R003,1094.8164843575157,9390.324849711596,,,R02,existing
P136_245,G2,relay_aircraft,G2-relay_aircraft-02,R004,2134.297738856335,4789.357299741141,,,NEW-relay_aircraft-01,procurement_required
P136_245,G2,relay_components,G2-relay_components-01,R003,1094.8164843575157,10551.813344790942,,,RE02,existing
P136_245,G2,relay_components,G2-relay_components-02,R004,2134.297738856335,5243.065183552219,,,RE03,existing
P13_2456,G1,A_aircraft,G1-A_aircraft-01,T002_1,0.0,1652.4416357195464,T016,2907.7784449921833,U01,existing
P13_2456,G1,A_aircraft,G1-A_aircraft-01,T016,4560.22008071173,6255.978185380194,T019_1,5.000099999998383,U01,existing
P13_2456,G1,A_aircraft,G1-A_aircraft-01,T019_1,6260.978285380193,7896.736390048657,,,U01,existing
P13_2456,G1,A_aircraft,G1-A_aircraft-02,T005,0.0,1312.470877312685,T020,3407.7492033990457,U02,existing
P13_2456,G1,A_aircraft,G1-A_aircraft-02,T020,4720.220080711731,6690.4299276885495,,,U02,existing
P13_2456,G1,A_aircraft,G1-A_aircraft-03,T023,5551.539557030659,7187.297661699124,,,U03,existing
P13_2456,G1,B_aircraft,G1-B_aircraft-01,T014_1,4.16673174186144e-07,1519.0243448285282,T007,3077.1957358832024,U05,existing
P13_2456,G1,B_aircraft,G1-B_aircraft-01,T007,4596.220080711731,6939.352187396264,,,U05,existing
P13_2456,G1,C_aircraft,G1-C_aircraft-01,T010_1,0.0,1823.224406150507,T001,1062.5839699259427,U07,existing
P13_2456,G1,C_aircraft,G1-C_aircraft-01,T001,2885.80837607645,4447.234553593915,,,U07,existing
P13_2456,G1,C_aircraft,G1-C_aircraft-02,T003,1438.035182877992,2867.4613603954576,T018,1609.758720316273,U08,existing
P13_2456,G1,C_aircraft,G1-C_aircraft-02,T018,4477.220080711731,6913.029601569379,,,U08,existing
P13_2456,G1,A_batteries,G1-A_batteries-01,T002_1,0.0,2667.5322461730734,T019_1,3593.446039207119,A01,existing
P13_2456,G1,A_batteries,G1-A_batteries-01,T019_1,6260.978285380193,8981.354683688944,,,A01,existing
P13_2456,G1,A_batteries,G1-A_batteries-02,T005,0.0,2178.7887122874713,T023,3372.750844743188,A02,existing
P13_2456,G1,A_batteries,G1-A_batteries-02,T023,5551.539557030659,8292.236282374923,,,A02,existing
P13_2456,G1,A_batteries,G1-A_batteries-03,T016,4560.22008071173,7391.954497536396,,,A03,existing
P13_2456,G1,A_batteries,G1-A_batteries-04,T020,4720.220080711731,7930.430578375625,,,A04,existing
P13_2456,G1,B_batteries,G1-B_batteries-01,T014_1,4.16673174186144e-07,2956.2905629638744,T007,1639.9295177478562,B01,existing
P13_2456,G1,B_batteries,G1-B_batteries-01,T007,4596.220080711731,8817.149572633247,,,B01,existing
P13_2456,G1,C_batteries,G1-C_batteries-01,T010_1,0.0,3563.4170832737245,T018,913.8029974380061,C01,existing
P13_2456,G1,C_batteries,G1-C_batteries-01,T018,4477.220080711731,9411.383881543894,,,C01,existing
P13_2456,G1,C_batteries,G1-C_batteries-02,T003,1438.035182877992,4385.641813543676,,,C02,existing
P13_2456,G1,C_batteries,G1-C_batteries-03,T001,2885.80837607645,6035.901229839401,,,C03,existing
P13_2456,G1,relay_aircraft,G1-relay_aircraft-01,R001,113.13731944608116,2129.2976388563347,R002,2665.0597608848047,R01,existing
P13_2456,G1,relay_aircraft,G1-relay_aircraft-01,R002,4794.3573997411395,8150.275924236526,,,R01,existing
P13_2456,G1,relay_components,G1-relay_components-01,R001,113.13731944608116,2500.002637752911,R002,2294.3547619882283,RE01,existing
P13_2456,G1,relay_components,G1-relay_components-01,R002,4794.3573997411395,8687.28771421572,,,RE01,existing
P13_2456,G2,A_aircraft,G2-A_aircraft-01,T009,1317.470977312685,2633.4851917296737,T014_2,5.0000999999997475,U04,existing
P13_2456,G2,A_aircraft,G2-A_aircraft-01,T014_2,2638.4852917296735,4762.444692702658,,,U04,existing
P13_2456,G2,A_aircraft,G2-A_aircraft-02,T002_2,2048.115373302644,3650.7081092828166,T022,1116.736683419841,NEW-A_aircraft-01,procurement_required
P13_2456,G2,A_aircraft,G2-A_aircraft-02,T022,4767.444792702658,6458.979278941607,,,NEW-A_aircraft-01,procurement_required
P13_2456,G2,A_aircraft,G2-A_aircraft-03,T017,2048.115373302644,4391.962448014616,,,NEW-A_aircraft-02,procurement_required
P13_2456,G2,A_aircraft,G2-A_aircraft-04,T011,2058.1153733026445,4188.754462062227,,,NEW-A_aircraft-03,procurement_required
P13_2456,G2,B_aircraft,G2-B_aircraft-01,T006,0.0,1189.630285736439,T008,794.485087566205,U06,existing
P13_2456,G2,B_aircraft,G2-B_aircraft-01,T008,1984.115373302644,3828.6542634582115,T021,1367.3304950791276,U06,existing
P13_2456,G2,B_aircraft,G2-B_aircraft-01,T021,5195.984758537339,7094.0260300243335,,,U06,existing
P13_2456,G2,B_aircraft,G2-B_aircraft-02,T004,1194.630385736439,3227.943287050344,T013,5.000100000000202,NEW-B_aircraft-01,procurement_required
P13_2456,G2,B_aircraft,G2-B_aircraft-02,T013,3232.9433870503444,5190.984658537339,,,NEW-B_aircraft-01,procurement_required
P13_2456,G2,C_aircraft,G2-C_aircraft-01,T010_2,0.0,1433.035082877992,T015,643.0802904246525,NEW-C_aircraft-01,procurement_required
P13_2456,G2,C_aircraft,G2-C_aircraft-01,T015,2076.1153733026445,3744.0155776451697,T019_2,708.2190759487462,NEW-C_aircraft-01,procurement_required
P13_2456,G2,C_aircraft,G2-C_aircraft-01,T019_2,4452.234653593916,6691.4187185617575,T012,5.000099999999293,NEW-C_aircraft-01,procurement_required
P13_2456,G2,C_aircraft,G2-C_aircraft-01,T012,6696.418818561757,8811.50045984021,,,NEW-C_aircraft-01,procurement_required
P13_2456,G2,A_batteries,G2-A_batteries-01,T009,1317.470977312685,3525.3399936387705,T022,1242.1047990638872,A05,existing
P13_2456,G2,A_batteries,G2-A_batteries-01,T022,4767.444792702658,7634.473785621062,,,A05,existing
P13_2456,G2,A_batteries,G2-A_batteries-02,T002_2,2048.115373302644,4715.175270999501,,,A06,existing
P13_2456,G2,A_batteries,G2-A_batteries-03,T017,2048.115373302644,5755.52643126419,,,NEW-A_batteries-01,procurement_required
P13_2456,G2,A_batteries,G2-A_batteries-04,T011,2058.1153733026445,5546.53945703066,,,NEW-A_batteries-02,procurement_required
P13_2456,G2,A_batteries,G2-A_batteries-05,T014_2,2638.4852917296735,6105.968766534681,,,NEW-A_batteries-03,procurement_required
P13_2456,G2,B_batteries,G2-B_batteries-01,T006,0.0,2323.07116269932,T013,909.8722243510242,B02,existing
P13_2456,G2,B_batteries,G2-B_batteries-01,T013,3232.9433870503444,7150.230286022929,,,B02,existing
P13_2456,G2,B_batteries,G2-B_batteries-02,T004,1194.630385736439,4994.129999948263,T021,201.85475858907648,B03,existing
P13_2456,G2,B_batteries,G2-B_batteries-02,T021,5195.984758537339,8961.208181941944,,,B03,existing
P13_2456,G2,B_batteries,G2-B_batteries-03,T008,1984.115373302644,5417.316226537593,,,B04,existing
P13_2456,G2,C_batteries,G2-C_batteries-01,T010_2,0.0,2880.8082760764496,T019_2,1571.4263775174663,C04,existing
P13_2456,G2,C_batteries,G2-C_batteries-01,T019_2,4452.234653593916,9160.096499981806,,,C04,existing
P13_2456,G2,C_batteries,G2-C_batteries-02,T015,2076.1153733026445,5451.076587273992,T012,1245.3422312877647,NEW-C_batteries-01,procurement_required
P13_2456,G2,C_batteries,G2-C_batteries-02,T012,6696.418818561757,11304.166177291878,,,NEW-C_batteries-01,procurement_required
P13_2456,G2,relay_aircraft,G2-relay_aircraft-01,R003,1094.8164843575157,9390.324849711596,,,R02,existing
P13_2456,G2,relay_aircraft,G2-relay_aircraft-02,R004,2134.297738856335,4789.357299741141,,,NEW-relay_aircraft-01,procurement_required
P13_2456,G2,relay_components,G2-relay_components-01,R003,1094.8164843575157,10551.813344790942,,,RE02,existing
P13_2456,G2,relay_components,G2-relay_components-02,R004,2134.297738856335,5243.065183552219,,,RE03,existing
P1456_23,G1,A_aircraft,G1-A_aircraft-01,T005,0.0,1312.470877312685,T011,745.6444959899595,U01,existing
P1456_23,G1,A_aircraft,G1-A_aircraft-01,T011,2058.1153733026445,4188.754462062227,,,U01,existing
P1456_23,G1,A_aircraft,G1-A_aircraft-02,T009,1317.470977312685,2633.4851917296737,,,U02,existing
P1456_23,G1,A_aircraft,G1-A_aircraft-03,T002_2,2048.115373302644,3650.7081092828166,,,U03,existing
P1456_23,G1,A_aircraft,G1-A_aircraft-04,T017,2048.115373302644,4391.962448014616,,,U04,existing
P1456_23,G1,B_aircraft,G1-B_aircraft-01,T006,0.0,1189.630285736439,T008,794.485087566205,U05,existing
P1456_23,G1,B_aircraft,G1-B_aircraft-01,T008,1984.115373302644,3828.6542634582115,,,U05,existing
P1456_23,G1,C_aircraft,G1-C_aircraft-01,T010_2,0.0,1433.035082877992,T015,643.0802904246525,U07,existing
P1456_23,G1,C_aircraft,G1-C_aircraft-01,T015,2076.1153733026445,3744.0155776451697,,,U07,existing
P1456_23,G1,C_aircraft,G1-C_aircraft-02,T003,1438.035182877992,2867.4613603954576,T001,18.347015680992172,U08,existing
P1456_23,G1,C_aircraft,G1-C_aircraft-02,T001,2885.80837607645,4447.234553593915,,,U08,existing
P1456_23,G1,A_batteries,G1-A_batteries-01,T005,0.0,2178.7887122874713,,,A01,existing
P1456_23,G1,A_batteries,G1-A_batteries-02,T009,1317.470977312685,3525.3399936387705,,,A02,existing
P1456_23,G1,A_batteries,G1-A_batteries-03,T002_2,2048.115373302644,4715.175270999501,,,A03,existing
P1456_23,G1,A_batteries,G1-A_batteries-04,T017,2048.115373302644,5755.52643126419,,,A04,existing
P1456_23,G1,A_batteries,G1-A_batteries-05,T011,2058.1153733026445,5546.53945703066,,,A05,existing
P1456_23,G1,B_batteries,G1-B_batteries-01,T006,0.0,2323.07116269932,,,B01,existing
P1456_23,G1,B_batteries,G1-B_batteries-02,T008,1984.115373302644,5417.316226537593,,,B02,existing
P1456_23,G1,C_batteries,G1-C_batteries-01,T010_2,0.0,2880.8082760764496,T001,5.000100000000202,C01,existing
P1456_23,G1,C_batteries,G1-C_batteries-01,T001,2885.80837607645,6035.901229839401,,,C01,existing
P1456_23,G1,C_batteries,G1-C_batteries-02,T003,1438.035182877992,4385.641813543676,,,C02,existing
P1456_23,G1,C_batteries,G1-C_batteries-03,T015,2076.1153733026445,5451.076587273992,,,C03,existing
P1456_23,G1,relay_aircraft,G1-relay_aircraft-01,R004,2134.297738856335,4789.357299741141,,,R01,existing
P1456_23,G1,relay_components,G1-relay_components-01,R004,2134.297738856335,5243.065183552219,,,RE01,existing
P1456_23,G2,A_aircraft,G2-A_aircraft-01,T002_1,0.0,1652.4416357195464,T014_2,986.043656010127,NEW-A_aircraft-01,procurement_required
P1456_23,G2,A_aircraft,G2-A_aircraft-01,T014_2,2638.4852917296735,4762.444692702658,T022,5.000099999999293,NEW-A_aircraft-01,procurement_required
P1456_23,G2,A_aircraft,G2-A_aircraft-01,T022,4767.444792702658,6458.979278941607,,,NEW-A_aircraft-01,procurement_required
P1456_23,G2,A_aircraft,G2-A_aircraft-02,T016,4560.22008071173,6255.978185380194,T019_1,5.000099999998383,NEW-A_aircraft-02,procurement_required
P1456_23,G2,A_aircraft,G2-A_aircraft-02,T019_1,6260.978285380193,7896.736390048657,,,NEW-A_aircraft-02,procurement_required
P1456_23,G2,A_aircraft,G2-A_aircraft-03,T020,4720.220080711731,6690.4299276885495,,,NEW-A_aircraft-03,procurement_required
P1456_23,G2,A_aircraft,G2-A_aircraft-04,T023,5551.539557030659,7187.297661699124,,,NEW-A_aircraft-04,procurement_required
P1456_23,G2,B_aircraft,G2-B_aircraft-01,T014_1,4.16673174186144e-07,1519.0243448285282,T007,3077.1957358832024,U06,existing
P1456_23,G2,B_aircraft,G2-B_aircraft-01,T007,4596.220080711731,6939.352187396264,,,U06,existing
P1456_23,G2,B_aircraft,G2-B_aircraft-02,T004,1194.630385736439,3227.943287050344,T013,5.000100000000202,NEW-B_aircraft-01,procurement_required
P1456_23,G2,B_aircraft,G2-B_aircraft-02,T013,3232.9433870503444,5190.984658537339,T021,5.000100000000202,NEW-B_aircraft-01,procurement_required
P1456_23,G2,B_aircraft,G2-B_aircraft-02,T021,5195.984758537339,7094.0260300243335,,,NEW-B_aircraft-01,procurement_required
P1456_23,G2,C_aircraft,G2-C_aircraft-01,T010_1,0.0,1823.224406150507,T019_2,2629.010247443409,NEW-C_aircraft-01,procurement_required
P1456_23,G2,C_aircraft,G2-C_aircraft-01,T019_2,4452.234653593916,6691.4187185617575,T012,5.000099999999293,NEW-C_aircraft-01,procurement_required
P1456_23,G2,C_aircraft,G2-C_aircraft-01,T012,6696.418818561757,8811.50045984021,,,NEW-C_aircraft-01,procurement_required
P1456_23,G2,C_aircraft,G2-C_aircraft-02,T018,4477.220080711731,6913.029601569379,,,NEW-C_aircraft-02,procurement_required
P1456_23,G2,A_batteries,G2-A_batteries-01,T002_1,0.0,2667.5322461730734,T016,1892.6878345386563,A06,existing
P1456_23,G2,A_batteries,G2-A_batteries-01,T016,4560.22008071173,7391.954497536396,,,A06,existing
P1456_23,G2,A_batteries,G2-A_batteries-02,T014_2,2638.4852917296735,6105.968766534681,T019_1,155.0095188455116,NEW-A_batteries-01,procurement_required
P1456_23,G2,A_batteries,G2-A_batteries-02,T019_1,6260.978285380193,8981.354683688944,,,NEW-A_batteries-01,procurement_required
P1456_23,G2,A_batteries,G2-A_batteries-03,T020,4720.220080711731,7930.430578375625,,,NEW-A_batteries-02,procurement_required
P1456_23,G2,A_batteries,G2-A_batteries-04,T022,4767.444792702658,7634.473785621062,,,NEW-A_batteries-03,procurement_required
P1456_23,G2,A_batteries,G2-A_batteries-05,T023,5551.539557030659,8292.236282374923,,,NEW-A_batteries-04,procurement_required
P1456_23,G2,B_batteries,G2-B_batteries-01,T014_1,4.16673174186144e-07,2956.2905629638744,T013,276.65282408647,B03,existing
P1456_23,G2,B_batteries,G2-B_batteries-01,T013,3232.9433870503444,7150.230286022929,,,B03,existing
P1456_23,G2,B_batteries,G2-B_batteries-02,T004,1194.630385736439,4994.129999948263,T021,201.85475858907648,B04,existing
P1456_23,G2,B_batteries,G2-B_batteries-02,T021,5195.984758537339,8961.208181941944,,,B04,existing
P1456_23,G2,B_batteries,G2-B_batteries-03,T007,4596.220080711731,8817.149572633247,,,NEW-B_batteries-01,procurement_required
P1456_23,G2,C_batteries,G2-C_batteries-01,T010_1,0.0,3563.4170832737245,T012,3133.0017352880323,C04,existing
P1456_23,G2,C_batteries,G2-C_batteries-01,T012,6696.418818561757,11304.166177291878,,,C04,existing
P1456_23,G2,C_batteries,G2-C_batteries-02,T019_2,4452.234653593916,9160.096499981806,,,NEW-C_batteries-01,procurement_required
P1456_23,G2,C_batteries,G2-C_batteries-03,T018,4477.220080711731,9411.383881543894,,,NEW-C_batteries-02,procurement_required
P1456_23,G2,relay_aircraft,G2-relay_aircraft-01,R001,113.13731944608116,2129.2976388563347,R002,2665.0597608848047,R02,existing
P1456_23,G2,relay_aircraft,G2-relay_aircraft-01,R002,4794.3573997411395,8150.275924236526,,,R02,existing
P1456_23,G2,relay_aircraft,G2-relay_aircraft-02,R003,1094.8164843575157,9390.324849711596,,,NEW-relay_aircraft-01,procurement_required
P1456_23,G2,relay_components,G2-relay_components-01,R001,113.13731944608116,2500.002637752911,R002,2294.3547619882283,RE02,existing
P1456_23,G2,relay_components,G2-relay_components-01,R002,4794.3573997411395,8687.28771421572,,,RE02,existing
P1456_23,G2,relay_components,G2-relay_components-02,R003,1094.8164843575157,10551.813344790942,,,RE03,existing
P145_236,G1,A_aircraft,G1-A_aircraft-01,T005,0.0,1312.470877312685,T011,745.6444959899595,U01,existing
P145_236,G1,A_aircraft,G1-A_aircraft-01,T011,2058.1153733026445,4188.754462062227,,,U01,existing
P145_236,G1,A_aircraft,G1-A_aircraft-02,T009,1317.470977312685,2633.4851917296737,,,U02,existing
P145_236,G1,A_aircraft,G1-A_aircraft-03,T002_2,2048.115373302644,3650.7081092828166,,,U03,existing
P145_236,G1,A_aircraft,G1-A_aircraft-04,T017,2048.115373302644,4391.962448014616,,,U04,existing
P145_236,G1,B_aircraft,G1-B_aircraft-01,T008,1984.115373302644,3828.6542634582115,,,U05,existing
P145_236,G1,C_aircraft,G1-C_aircraft-01,T010_2,0.0,1433.035082877992,T015,643.0802904246525,U07,existing
P145_236,G1,C_aircraft,G1-C_aircraft-01,T015,2076.1153733026445,3744.0155776451697,,,U07,existing
P145_236,G1,C_aircraft,G1-C_aircraft-02,T003,1438.035182877992,2867.4613603954576,T001,18.347015680992172,U08,existing
P145_236,G1,C_aircraft,G1-C_aircraft-02,T001,2885.80837607645,4447.234553593915,,,U08,existing
P145_236,G1,A_batteries,G1-A_batteries-01,T005,0.0,2178.7887122874713,,,A01,existing
P145_236,G1,A_batteries,G1-A_batteries-02,T009,1317.470977312685,3525.3399936387705,,,A02,existing
P145_236,G1,A_batteries,G1-A_batteries-03,T002_2,2048.115373302644,4715.175270999501,,,A03,existing
P145_236,G1,A_batteries,G1-A_batteries-04,T017,2048.115373302644,5755.52643126419,,,A04,existing
P145_236,G1,A_batteries,G1-A_batteries-05,T011,2058.1153733026445,5546.53945703066,,,A05,existing
P145_236,G1,B_batteries,G1-B_batteries-01,T008,1984.115373302644,5417.316226537593,,,B01,existing
P145_236,G1,C_batteries,G1-C_batteries-01,T010_2,0.0,2880.8082760764496,T001,5.000100000000202,C01,existing
P145_236,G1,C_batteries,G1-C_batteries-01,T001,2885.80837607645,6035.901229839401,,,C01,existing
P145_236,G1,C_batteries,G1-C_batteries-02,T003,1438.035182877992,4385.641813543676,,,C02,existing
P145_236,G1,C_batteries,G1-C_batteries-03,T015,2076.1153733026445,5451.076587273992,,,C03,existing
P145_236,G1,relay_aircraft,G1-relay_aircraft-01,R004,2134.297738856335,4789.357299741141,,,R01,existing
P145_236,G1,relay_components,G1-relay_components-01,R004,2134.297738856335,5243.065183552219,,,RE01,existing
P145_236,G2,A_aircraft,G2-A_aircraft-01,T002_1,0.0,1652.4416357195464,T014_2,986.043656010127,NEW-A_aircraft-01,procurement_required
P145_236,G2,A_aircraft,G2-A_aircraft-01,T014_2,2638.4852917296735,4762.444692702658,T022,5.000099999999293,NEW-A_aircraft-01,procurement_required
P145_236,G2,A_aircraft,G2-A_aircraft-01,T022,4767.444792702658,6458.979278941607,,,NEW-A_aircraft-01,procurement_required
P145_236,G2,A_aircraft,G2-A_aircraft-02,T016,4560.22008071173,6255.978185380194,T019_1,5.000099999998383,NEW-A_aircraft-02,procurement_required
P145_236,G2,A_aircraft,G2-A_aircraft-02,T019_1,6260.978285380193,7896.736390048657,,,NEW-A_aircraft-02,procurement_required
P145_236,G2,A_aircraft,G2-A_aircraft-03,T020,4720.220080711731,6690.4299276885495,,,NEW-A_aircraft-03,procurement_required
P145_236,G2,A_aircraft,G2-A_aircraft-04,T023,5551.539557030659,7187.297661699124,,,NEW-A_aircraft-04,procurement_required
P145_236,G2,B_aircraft,G2-B_aircraft-01,T006,0.0,1189.630285736439,T004,5.000099999999975,U06,existing
P145_236,G2,B_aircraft,G2-B_aircraft-01,T004,1194.630385736439,3227.943287050344,T013,5.000100000000202,U06,existing
P145_236,G2,B_aircraft,G2-B_aircraft-01,T013,3232.9433870503444,5190.984658537339,T021,5.000100000000202,U06,existing
P145_236,G2,B_aircraft,G2-B_aircraft-01,T021,5195.984758537339,7094.0260300243335,,,U06,existing
P145_236,G2,B_aircraft,G2-B_aircraft-02,T014_1,4.16673174186144e-07,1519.0243448285282,T007,3077.1957358832024,NEW-B_aircraft-01,procurement_required
P145_236,G2,B_aircraft,G2-B_aircraft-02,T007,4596.220080711731,6939.352187396264,,,NEW-B_aircraft-01,procurement_required
P145_236,G2,C_aircraft,G2-C_aircraft-01,T010_1,0.0,1823.224406150507,T019_2,2629.010247443409,NEW-C_aircraft-01,procurement_required
P145_236,G2,C_aircraft,G2-C_aircraft-01,T019_2,4452.234653593916,6691.4187185617575,T012,5.000099999999293,NEW-C_aircraft-01,procurement_required
P145_236,G2,C_aircraft,G2-C_aircraft-01,T012,6696.418818561757,8811.50045984021,,,NEW-C_aircraft-01,procurement_required
P145_236,G2,C_aircraft,G2-C_aircraft-02,T018,4477.220080711731,6913.029601569379,,,NEW-C_aircraft-02,procurement_required
P145_236,G2,A_batteries,G2-A_batteries-01,T002_1,0.0,2667.5322461730734,T016,1892.6878345386563,A06,existing
P145_236,G2,A_batteries,G2-A_batteries-01,T016,4560.22008071173,7391.954497536396,,,A06,existing
P145_236,G2,A_batteries,G2-A_batteries-02,T014_2,2638.4852917296735,6105.968766534681,T019_1,155.0095188455116,NEW-A_batteries-01,procurement_required
P145_236,G2,A_batteries,G2-A_batteries-02,T019_1,6260.978285380193,8981.354683688944,,,NEW-A_batteries-01,procurement_required
P145_236,G2,A_batteries,G2-A_batteries-03,T020,4720.220080711731,7930.430578375625,,,NEW-A_batteries-02,procurement_required
P145_236,G2,A_batteries,G2-A_batteries-04,T022,4767.444792702658,7634.473785621062,,,NEW-A_batteries-03,procurement_required
P145_236,G2,A_batteries,G2-A_batteries-05,T023,5551.539557030659,8292.236282374923,,,NEW-A_batteries-04,procurement_required
P145_236,G2,B_batteries,G2-B_batteries-01,T006,0.0,2323.07116269932,T007,2273.1489180124104,B02,existing
P145_236,G2,B_batteries,G2-B_batteries-01,T007,4596.220080711731,8817.149572633247,,,B02,existing
P145_236,G2,B_batteries,G2-B_batteries-02,T014_1,4.16673174186144e-07,2956.2905629638744,T013,276.65282408647,B03,existing
P145_236,G2,B_batteries,G2-B_batteries-02,T013,3232.9433870503444,7150.230286022929,,,B03,existing
P145_236,G2,B_batteries,G2-B_batteries-03,T004,1194.630385736439,4994.129999948263,T021,201.85475858907648,B04,existing
P145_236,G2,B_batteries,G2-B_batteries-03,T021,5195.984758537339,8961.208181941944,,,B04,existing
P145_236,G2,C_batteries,G2-C_batteries-01,T010_1,0.0,3563.4170832737245,T012,3133.0017352880323,C04,existing
P145_236,G2,C_batteries,G2-C_batteries-01,T012,6696.418818561757,11304.166177291878,,,C04,existing
P145_236,G2,C_batteries,G2-C_batteries-02,T019_2,4452.234653593916,9160.096499981806,,,NEW-C_batteries-01,procurement_required
P145_236,G2,C_batteries,G2-C_batteries-03,T018,4477.220080711731,9411.383881543894,,,NEW-C_batteries-02,procurement_required
P145_236,G2,relay_aircraft,G2-relay_aircraft-01,R001,113.13731944608116,2129.2976388563347,R002,2665.0597608848047,R02,existing
P145_236,G2,relay_aircraft,G2-relay_aircraft-01,R002,4794.3573997411395,8150.275924236526,,,R02,existing
P145_236,G2,relay_aircraft,G2-relay_aircraft-02,R003,1094.8164843575157,9390.324849711596,,,NEW-relay_aircraft-01,procurement_required
P145_236,G2,relay_components,G2-relay_components-01,R001,113.13731944608116,2500.002637752911,R002,2294.3547619882283,RE02,existing
P145_236,G2,relay_components,G2-relay_components-01,R002,4794.3573997411395,8687.28771421572,,,RE02,existing
P145_236,G2,relay_components,G2-relay_components-02,R003,1094.8164843575157,10551.813344790942,,,RE03,existing
P146_235,G1,A_aircraft,G1-A_aircraft-01,T005,0.0,1312.470877312685,T009,5.000099999999975,U01,existing
P146_235,G1,A_aircraft,G1-A_aircraft-01,T009,1317.470977312685,2633.4851917296737,,,U01,existing
P146_235,G1,B_aircraft,G1-B_aircraft-01,T006,0.0,1189.630285736439,,,U05,existing
P146_235,G1,C_aircraft,G1-C_aircraft-01,T010_2,0.0,1433.035082877992,T003,5.000099999999975,U07,existing
P146_235,G1,C_aircraft,G1-C_aircraft-01,T003,1438.035182877992,2867.4613603954576,T001,18.347015680992172,U07,existing
P146_235,G1,C_aircraft,G1-C_aircraft-01,T001,2885.80837607645,4447.234553593915,,,U07,existing
P146_235,G1,A_batteries,G1-A_batteries-01,T005,0.0,2178.7887122874713,,,A01,existing
P146_235,G1,A_batteries,G1-A_batteries-02,T009,1317.470977312685,3525.3399936387705,,,A02,existing
P146_235,G1,B_batteries,G1-B_batteries-01,T006,0.0,2323.07116269932,,,B01,existing
P146_235,G1,C_batteries,G1-C_batteries-01,T010_2,0.0,2880.8082760764496,T001,5.000100000000202,C01,existing
P146_235,G1,C_batteries,G1-C_batteries-01,T001,2885.80837607645,6035.901229839401,,,C01,existing
P146_235,G1,C_batteries,G1-C_batteries-02,T003,1438.035182877992,4385.641813543676,,,C02,existing
P146_235,G2,A_aircraft,G2-A_aircraft-01,T002_1,0.0,1652.4416357195464,T002_2,395.6737375830976,U02,existing
P146_235,G2,A_aircraft,G2-A_aircraft-01,T002_2,2048.115373302644,3650.7081092828166,T016,909.5119714289131,U02,existing
P146_235,G2,A_aircraft,G2-A_aircraft-01,T016,4560.22008071173,6255.978185380194,T019_1,5.000099999998383,U02,existing
P146_235,G2,A_aircraft,G2-A_aircraft-01,T019_1,6260.978285380193,7896.736390048657,,,U02,existing
P146_235,G2,A_aircraft,G2-A_aircraft-02,T017,2048.115373302644,4391.962448014616,T020,328.2576326971148,U03,existing
P146_235,G2,A_aircraft,G2-A_aircraft-02,T020,4720.220080711731,6690.4299276885495,,,U03,existing
P146_235,G2,A_aircraft,G2-A_aircraft-03,T011,2058.1153733026445,4188.754462062227,T023,1362.7850949684325,U04,existing
P146_235,G2,A_aircraft,G2-A_aircraft-03,T023,5551.539557030659,7187.297661699124,,,U04,existing
P146_235,G2,A_aircraft,G2-A_aircraft-04,T014_2,2638.4852917296735,4762.444692702658,T022,5.000099999999293,NEW-A_aircraft-01,procurement_required
P146_235,G2,A_aircraft,G2-A_aircraft-04,T022,4767.444792702658,6458.979278941607,,,NEW-A_aircraft-01,procurement_required
P146_235,G2,B_aircraft,G2-B_aircraft-01,T014_1,4.16673174186144e-07,1519.0243448285282,T008,465.0910284741158,U06,existing
P146_235,G2,B_aircraft,G2-B_aircraft-01,T008,1984.115373302644,3828.6542634582115,T007,767.5658172535191,U06,existing
P146_235,G2,B_aircraft,G2-B_aircraft-01,T007,4596.220080711731,6939.352187396264,,,U06,existing
P146_235,G2,B_aircraft,G2-B_aircraft-02,T004,1194.630385736439,3227.943287050344,T013,5.000100000000202,NEW-B_aircraft-01,procurement_required
P146_235,G2,B_aircraft,G2-B_aircraft-02,T013,3232.9433870503444,5190.984658537339,T021,5.000100000000202,NEW-B_aircraft-01,procurement_required
P146_235,G2,B_aircraft,G2-B_aircraft-02,T021,5195.984758537339,7094.0260300243335,,,NEW-B_aircraft-01,procurement_required
P146_235,G2,C_aircraft,G2-C_aircraft-01,T010_1,0.0,1823.224406150507,T015,252.89096715213736,U08,existing
P146_235,G2,C_aircraft,G2-C_aircraft-01,T015,2076.1153733026445,3744.0155776451697,T019_2,708.2190759487462,U08,existing
P146_235,G2,C_aircraft,G2-C_aircraft-01,T019_2,4452.234653593916,6691.4187185617575,T012,5.000099999999293,U08,existing
P146_235,G2,C_aircraft,G2-C_aircraft-01,T012,6696.418818561757,8811.50045984021,,,U08,existing
P146_235,G2,C_aircraft,G2-C_aircraft-02,T018,4477.220080711731,6913.029601569379,,,NEW-C_aircraft-01,procurement_required
P146_235,G2,A_batteries,G2-A_batteries-01,T002_1,0.0,2667.5322461730734,T016,1892.6878345386563,A03,existing
P146_235,G2,A_batteries,G2-A_batteries-01,T016,4560.22008071173,7391.954497536396,,,A03,existing
P146_235,G2,A_batteries,G2-A_batteries-02,T002_2,2048.115373302644,4715.175270999501,T020,5.044809712229835,A04,existing
P146_235,G2,A_batteries,G2-A_batteries-02,T020,4720.220080711731,7930.430578375625,,,A04,existing
P146_235,G2,A_batteries,G2-A_batteries-03,T017,2048.115373302644,5755.52643126419,T019_1,505.4518541160023,A05,existing
P146_235,G2,A_batteries,G2-A_batteries-03,T019_1,6260.978285380193,8981.354683688944,,,A05,existing
P146_235,G2,A_batteries,G2-A_batteries-04,T011,2058.1153733026445,5546.53945703066,T023,5.000099999999293,A06,existing
P146_235,G2,A_batteries,G2-A_batteries-04,T023,5551.539557030659,8292.236282374923,,,A06,existing
P146_235,G2,A_batteries,G2-A_batteries-05,T014_2,2638.4852917296735,6105.968766534681,,,NEW-A_batteries-01,procurement_required
P146_235,G2,A_batteries,G2-A_batteries-06,T022,4767.444792702658,7634.473785621062,,,NEW-A_batteries-02,procurement_required
P146_235,G2,B_batteries,G2-B_batteries-01,T014_1,4.16673174186144e-07,2956.2905629638744,T013,276.65282408647,B02,existing
P146_235,G2,B_batteries,G2-B_batteries-01,T013,3232.9433870503444,7150.230286022929,,,B02,existing
P146_235,G2,B_batteries,G2-B_batteries-02,T004,1194.630385736439,4994.129999948263,T021,201.85475858907648,B03,existing
P146_235,G2,B_batteries,G2-B_batteries-02,T021,5195.984758537339,8961.208181941944,,,B03,existing
P146_235,G2,B_batteries,G2-B_batteries-03,T008,1984.115373302644,5417.316226537593,,,B04,existing
P146_235,G2,B_batteries,G2-B_batteries-04,T007,4596.220080711731,8817.149572633247,,,NEW-B_batteries-01,procurement_required
P146_235,G2,C_batteries,G2-C_batteries-01,T010_1,0.0,3563.4170832737245,T018,913.8029974380061,C03,existing
P146_235,G2,C_batteries,G2-C_batteries-01,T018,4477.220080711731,9411.383881543894,,,C03,existing
P146_235,G2,C_batteries,G2-C_batteries-02,T015,2076.1153733026445,5451.076587273992,T012,1245.3422312877647,C04,existing
P146_235,G2,C_batteries,G2-C_batteries-02,T012,6696.418818561757,11304.166177291878,,,C04,existing
P146_235,G2,C_batteries,G2-C_batteries-03,T019_2,4452.234653593916,9160.096499981806,,,NEW-C_batteries-01,procurement_required
P146_235,G2,relay_aircraft,G2-relay_aircraft-01,R001,113.13731944608116,2129.2976388563347,R004,5.000100000000202,R01,existing
P146_235,G2,relay_aircraft,G2-relay_aircraft-01,R004,2134.297738856335,4789.357299741141,R002,5.000099999998383,R01,existing
P146_235,G2,relay_aircraft,G2-relay_aircraft-01,R002,4794.3573997411395,8150.275924236526,,,R01,existing
P146_235,G2,relay_aircraft,G2-relay_aircraft-02,R003,1094.8164843575157,9390.324849711596,,,R02,existing
P146_235,G2,relay_components,G2-relay_components-01,R001,113.13731944608116,2500.002637752911,R002,2294.3547619882283,RE01,existing
P146_235,G2,relay_components,G2-relay_components-01,R002,4794.3573997411395,8687.28771421572,,,RE01,existing
P146_235,G2,relay_components,G2-relay_components-02,R003,1094.8164843575157,10551.813344790942,,,RE02,existing
P146_235,G2,relay_components,G2-relay_components-03,R004,2134.297738856335,5243.065183552219,,,RE03,existing
P14_2356,G1,A_aircraft,G1-A_aircraft-01,T005,0.0,1312.470877312685,T009,5.000099999999975,U01,existing
P14_2356,G1,A_aircraft,G1-A_aircraft-01,T009,1317.470977312685,2633.4851917296737,,,U01,existing
P14_2356,G1,C_aircraft,G1-C_aircraft-01,T010_2,0.0,1433.035082877992,T003,5.000099999999975,U07,existing
P14_2356,G1,C_aircraft,G1-C_aircraft-01,T003,1438.035182877992,2867.4613603954576,T001,18.347015680992172,U07,existing
P14_2356,G1,C_aircraft,G1-C_aircraft-01,T001,2885.80837607645,4447.234553593915,,,U07,existing
P14_2356,G1,A_batteries,G1-A_batteries-01,T005,0.0,2178.7887122874713,,,A01,existing
P14_2356,G1,A_batteries,G1-A_batteries-02,T009,1317.470977312685,3525.3399936387705,,,A02,existing
P14_2356,G1,C_batteries,G1-C_batteries-01,T010_2,0.0,2880.8082760764496,T001,5.000100000000202,C01,existing
P14_2356,G1,C_batteries,G1-C_batteries-01,T001,2885.80837607645,6035.901229839401,,,C01,existing
P14_2356,G1,C_batteries,G1-C_batteries-02,T003,1438.035182877992,4385.641813543676,,,C02,existing
P14_2356,G2,A_aircraft,G2-A_aircraft-01,T002_1,0.0,1652.4416357195464,T002_2,395.6737375830976,U02,existing
P14_2356,G2,A_aircraft,G2-A_aircraft-01,T002_2,2048.115373302644,3650.7081092828166,T016,909.5119714289131,U02,existing
P14_2356,G2,A_aircraft,G2-A_aircraft-01,T016,4560.22008071173,6255.978185380194,T019_1,5.000099999998383,U02,existing
P14_2356,G2,A_aircraft,G2-A_aircraft-01,T019_1,6260.978285380193,7896.736390048657,,,U02,existing
P14_2356,G2,A_aircraft,G2-A_aircraft-02,T017,2048.115373302644,4391.962448014616,T020,328.2576326971148,U03,existing
P14_2356,G2,A_aircraft,G2-A_aircraft-02,T020,4720.220080711731,6690.4299276885495,,,U03,existing
P14_2356,G2,A_aircraft,G2-A_aircraft-03,T011,2058.1153733026445,4188.754462062227,T023,1362.7850949684325,U04,existing
P14_2356,G2,A_aircraft,G2-A_aircraft-03,T023,5551.539557030659,7187.297661699124,,,U04,existing
P14_2356,G2,A_aircraft,G2-A_aircraft-04,T014_2,2638.4852917296735,4762.444692702658,T022,5.000099999999293,NEW-A_aircraft-01,procurement_required
P14_2356,G2,A_aircraft,G2-A_aircraft-04,T022,4767.444792702658,6458.979278941607,,,NEW-A_aircraft-01,procurement_required
P14_2356,G2,B_aircraft,G2-B_aircraft-01,T006,0.0,1189.630285736439,T004,5.000099999999975,U05,existing
P14_2356,G2,B_aircraft,G2-B_aircraft-01,T004,1194.630385736439,3227.943287050344,T013,5.000100000000202,U05,existing
P14_2356,G2,B_aircraft,G2-B_aircraft-01,T013,3232.9433870503444,5190.984658537339,T021,5.000100000000202,U05,existing
P14_2356,G2,B_aircraft,G2-B_aircraft-01,T021,5195.984758537339,7094.0260300243335,,,U05,existing
P14_2356,G2,B_aircraft,G2-B_aircraft-02,T014_1,4.16673174186144e-07,1519.0243448285282,T008,465.0910284741158,U06,existing
P14_2356,G2,B_aircraft,G2-B_aircraft-02,T008,1984.115373302644,3828.6542634582115,T007,767.5658172535191,U06,existing
P14_2356,G2,B_aircraft,G2-B_aircraft-02,T007,4596.220080711731,6939.352187396264,,,U06,existing
P14_2356,G2,C_aircraft,G2-C_aircraft-01,T010_1,0.0,1823.224406150507,T015,252.89096715213736,U08,existing
P14_2356,G2,C_aircraft,G2-C_aircraft-01,T015,2076.1153733026445,3744.0155776451697,T019_2,708.2190759487462,U08,existing
P14_2356,G2,C_aircraft,G2-C_aircraft-01,T019_2,4452.234653593916,6691.4187185617575,T012,5.000099999999293,U08,existing
P14_2356,G2,C_aircraft,G2-C_aircraft-01,T012,6696.418818561757,8811.50045984021,,,U08,existing
P14_2356,G2,C_aircraft,G2-C_aircraft-02,T018,4477.220080711731,6913.029601569379,,,NEW-C_aircraft-01,procurement_required
P14_2356,G2,A_batteries,G2-A_batteries-01,T002_1,0.0,2667.5322461730734,T016,1892.6878345386563,A03,existing
P14_2356,G2,A_batteries,G2-A_batteries-01,T016,4560.22008071173,7391.954497536396,,,A03,existing
P14_2356,G2,A_batteries,G2-A_batteries-02,T002_2,2048.115373302644,4715.175270999501,T020,5.044809712229835,A04,existing
P14_2356,G2,A_batteries,G2-A_batteries-02,T020,4720.220080711731,7930.430578375625,,,A04,existing
P14_2356,G2,A_batteries,G2-A_batteries-03,T017,2048.115373302644,5755.52643126419,T019_1,505.4518541160023,A05,existing
P14_2356,G2,A_batteries,G2-A_batteries-03,T019_1,6260.978285380193,8981.354683688944,,,A05,existing
P14_2356,G2,A_batteries,G2-A_batteries-04,T011,2058.1153733026445,5546.53945703066,T023,5.000099999999293,A06,existing
P14_2356,G2,A_batteries,G2-A_batteries-04,T023,5551.539557030659,8292.236282374923,,,A06,existing
P14_2356,G2,A_batteries,G2-A_batteries-05,T014_2,2638.4852917296735,6105.968766534681,,,NEW-A_batteries-01,procurement_required
P14_2356,G2,A_batteries,G2-A_batteries-06,T022,4767.444792702658,7634.473785621062,,,NEW-A_batteries-02,procurement_required
P14_2356,G2,B_batteries,G2-B_batteries-01,T006,0.0,2323.07116269932,T007,2273.1489180124104,B01,existing
P14_2356,G2,B_batteries,G2-B_batteries-01,T007,4596.220080711731,8817.149572633247,,,B01,existing
P14_2356,G2,B_batteries,G2-B_batteries-02,T014_1,4.16673174186144e-07,2956.2905629638744,T013,276.65282408647,B02,existing
P14_2356,G2,B_batteries,G2-B_batteries-02,T013,3232.9433870503444,7150.230286022929,,,B02,existing
P14_2356,G2,B_batteries,G2-B_batteries-03,T004,1194.630385736439,4994.129999948263,T021,201.85475858907648,B03,existing
P14_2356,G2,B_batteries,G2-B_batteries-03,T021,5195.984758537339,8961.208181941944,,,B03,existing
P14_2356,G2,B_batteries,G2-B_batteries-04,T008,1984.115373302644,5417.316226537593,,,B04,existing
P14_2356,G2,C_batteries,G2-C_batteries-01,T010_1,0.0,3563.4170832737245,T018,913.8029974380061,C03,existing
P14_2356,G2,C_batteries,G2-C_batteries-01,T018,4477.220080711731,9411.383881543894,,,C03,existing
P14_2356,G2,C_batteries,G2-C_batteries-02,T015,2076.1153733026445,5451.076587273992,T012,1245.3422312877647,C04,existing
P14_2356,G2,C_batteries,G2-C_batteries-02,T012,6696.418818561757,11304.166177291878,,,C04,existing
P14_2356,G2,C_batteries,G2-C_batteries-03,T019_2,4452.234653593916,9160.096499981806,,,NEW-C_batteries-01,procurement_required
P14_2356,G2,relay_aircraft,G2-relay_aircraft-01,R001,113.13731944608116,2129.2976388563347,R004,5.000100000000202,R01,existing
P14_2356,G2,relay_aircraft,G2-relay_aircraft-01,R004,2134.297738856335,4789.357299741141,R002,5.000099999998383,R01,existing
P14_2356,G2,relay_aircraft,G2-relay_aircraft-01,R002,4794.3573997411395,8150.275924236526,,,R01,existing
P14_2356,G2,relay_aircraft,G2-relay_aircraft-02,R003,1094.8164843575157,9390.324849711596,,,R02,existing
P14_2356,G2,relay_components,G2-relay_components-01,R001,113.13731944608116,2500.002637752911,R002,2294.3547619882283,RE01,existing
P14_2356,G2,relay_components,G2-relay_components-01,R002,4794.3573997411395,8687.28771421572,,,RE01,existing
P14_2356,G2,relay_components,G2-relay_components-02,R003,1094.8164843575157,10551.813344790942,,,RE02,existing
P14_2356,G2,relay_components,G2-relay_components-03,R004,2134.297738856335,5243.065183552219,,,RE03,existing
P156_234,G1,A_aircraft,G1-A_aircraft-01,T005,0.0,1312.470877312685,T011,745.6444959899595,U01,existing
P156_234,G1,A_aircraft,G1-A_aircraft-01,T011,2058.1153733026445,4188.754462062227,,,U01,existing
P156_234,G1,A_aircraft,G1-A_aircraft-02,T002_2,2048.115373302644,3650.7081092828166,,,U02,existing
P156_234,G1,A_aircraft,G1-A_aircraft-03,T017,2048.115373302644,4391.962448014616,,,U03,existing
P156_234,G1,B_aircraft,G1-B_aircraft-01,T006,0.0,1189.630285736439,T008,794.485087566205,U05,existing
P156_234,G1,B_aircraft,G1-B_aircraft-01,T008,1984.115373302644,3828.6542634582115,,,U05,existing
P156_234,G1,C_aircraft,G1-C_aircraft-01,T003,1438.035182877992,2867.4613603954576,T001,18.347015680992172,U07,existing
P156_234,G1,C_aircraft,G1-C_aircraft-01,T001,2885.80837607645,4447.234553593915,,,U07,existing
P156_234,G1,C_aircraft,G1-C_aircraft-02,T015,2076.1153733026445,3744.0155776451697,,,U08,existing
P156_234,G1,A_batteries,G1-A_batteries-01,T005,0.0,2178.7887122874713,,,A01,existing
P156_234,G1,A_batteries,G1-A_batteries-02,T002_2,2048.115373302644,4715.175270999501,,,A02,existing
P156_234,G1,A_batteries,G1-A_batteries-03,T017,2048.115373302644,5755.52643126419,,,A03,existing
P156_234,G1,A_batteries,G1-A_batteries-04,T011,2058.1153733026445,5546.53945703066,,,A04,existing
P156_234,G1,B_batteries,G1-B_batteries-01,T006,0.0,2323.07116269932,,,B01,existing
P156_234,G1,B_batteries,G1-B_batteries-02,T008,1984.115373302644,5417.316226537593,,,B02,existing
P156_234,G1,C_batteries,G1-C_batteries-01,T003,1438.035182877992,4385.641813543676,,,C01,existing
P156_234,G1,C_batteries,G1-C_batteries-02,T015,2076.1153733026445,5451.076587273992,,,C02,existing
P156_234,G1,C_batteries,G1-C_batteries-03,T001,2885.80837607645,6035.901229839401,,,C03,existing
P156_234,G1,relay_aircraft,G1-relay_aircraft-01,R004,2134.297738856335,4789.357299741141,,,R01,existing
P156_234,G1,relay_components,G1-relay_components-01,R004,2134.297738856335,5243.065183552219,,,RE01,existing
P156_234,G2,A_aircraft,G2-A_aircraft-01,T002_1,0.0,1652.4416357195464,T016,2907.7784449921833,U04,existing
P156_234,G2,A_aircraft,G2-A_aircraft-01,T016,4560.22008071173,6255.978185380194,T019_1,5.000099999998383,U04,existing
P156_234,G2,A_aircraft,G2-A_aircraft-01,T019_1,6260.978285380193,7896.736390048657,,,U04,existing
P156_234,G2,A_aircraft,G2-A_aircraft-02,T009,1317.470977312685,2633.4851917296737,T014_2,5.0000999999997475,NEW-A_aircraft-01,procurement_required
P156_234,G2,A_aircraft,G2-A_aircraft-02,T014_2,2638.4852917296735,4762.444692702658,T022,5.000099999999293,NEW-A_aircraft-01,procurement_required
P156_234,G2,A_aircraft,G2-A_aircraft-02,T022,4767.444792702658,6458.979278941607,,,NEW-A_aircraft-01,procurement_required
P156_234,G2,A_aircraft,G2-A_aircraft-03,T020,4720.220080711731,6690.4299276885495,,,NEW-A_aircraft-02,procurement_required
P156_234,G2,A_aircraft,G2-A_aircraft-04,T023,5551.539557030659,7187.297661699124,,,NEW-A_aircraft-03,procurement_required
P156_234,G2,B_aircraft,G2-B_aircraft-01,T014_1,4.16673174186144e-07,1519.0243448285282,T007,3077.1957358832024,U06,existing
P156_234,G2,B_aircraft,G2-B_aircraft-01,T007,4596.220080711731,6939.352187396264,,,U06,existing
P156_234,G2,B_aircraft,G2-B_aircraft-02,T004,1194.630385736439,3227.943287050344,T013,5.000100000000202,NEW-B_aircraft-01,procurement_required
P156_234,G2,B_aircraft,G2-B_aircraft-02,T013,3232.9433870503444,5190.984658537339,T021,5.000100000000202,NEW-B_aircraft-01,procurement_required
P156_234,G2,B_aircraft,G2-B_aircraft-02,T021,5195.984758537339,7094.0260300243335,,,NEW-B_aircraft-01,procurement_required
P156_234,G2,C_aircraft,G2-C_aircraft-01,T010_1,0.0,1823.224406150507,T019_2,2629.010247443409,NEW-C_aircraft-01,procurement_required
P156_234,G2,C_aircraft,G2-C_aircraft-01,T019_2,4452.234653593916,6691.4187185617575,T012,5.000099999999293,NEW-C_aircraft-01,procurement_required
P156_234,G2,C_aircraft,G2-C_aircraft-01,T012,6696.418818561757,8811.50045984021,,,NEW-C_aircraft-01,procurement_required
P156_234,G2,C_aircraft,G2-C_aircraft-02,T010_2,0.0,1433.035082877992,T018,3044.1849978337386,NEW-C_aircraft-02,procurement_required
P156_234,G2,C_aircraft,G2-C_aircraft-02,T018,4477.220080711731,6913.029601569379,,,NEW-C_aircraft-02,procurement_required
P156_234,G2,A_batteries,G2-A_batteries-01,T002_1,0.0,2667.5322461730734,T020,2052.687834538657,A05,existing
P156_234,G2,A_batteries,G2-A_batteries-01,T020,4720.220080711731,7930.430578375625,,,A05,existing
P156_234,G2,A_batteries,G2-A_batteries-02,T009,1317.470977312685,3525.3399936387705,T016,1034.8800870729592,A06,existing
P156_234,G2,A_batteries,G2-A_batteries-02,T016,4560.22008071173,7391.954497536396,,,A06,existing
P156_234,G2,A_batteries,G2-A_batteries-03,T014_2,2638.4852917296735,6105.968766534681,T019_1,155.0095188455116,NEW-A_batteries-01,procurement_required
P156_234,G2,A_batteries,G2-A_batteries-03,T019_1,6260.978285380193,8981.354683688944,,,NEW-A_batteries-01,procurement_required
P156_234,G2,A_batteries,G2-A_batteries-04,T022,4767.444792702658,7634.473785621062,,,NEW-A_batteries-02,procurement_required
P156_234,G2,A_batteries,G2-A_batteries-05,T023,5551.539557030659,8292.236282374923,,,NEW-A_batteries-03,procurement_required
P156_234,G2,B_batteries,G2-B_batteries-01,T014_1,4.16673174186144e-07,2956.2905629638744,T013,276.65282408647,B03,existing
P156_234,G2,B_batteries,G2-B_batteries-01,T013,3232.9433870503444,7150.230286022929,,,B03,existing
P156_234,G2,B_batteries,G2-B_batteries-02,T004,1194.630385736439,4994.129999948263,T021,201.85475858907648,B04,existing
P156_234,G2,B_batteries,G2-B_batteries-02,T021,5195.984758537339,8961.208181941944,,,B04,existing
P156_234,G2,B_batteries,G2-B_batteries-03,T007,4596.220080711731,8817.149572633247,,,NEW-B_batteries-01,procurement_required
P156_234,G2,C_batteries,G2-C_batteries-01,T010_1,0.0,3563.4170832737245,T012,3133.0017352880323,C04,existing
P156_234,G2,C_batteries,G2-C_batteries-01,T012,6696.418818561757,11304.166177291878,,,C04,existing
P156_234,G2,C_batteries,G2-C_batteries-02,T010_2,0.0,2880.8082760764496,T018,1596.411804635281,NEW-C_batteries-01,procurement_required
P156_234,G2,C_batteries,G2-C_batteries-02,T018,4477.220080711731,9411.383881543894,,,NEW-C_batteries-01,procurement_required
P156_234,G2,C_batteries,G2-C_batteries-03,T019_2,4452.234653593916,9160.096499981806,,,NEW-C_batteries-02,procurement_required
P156_234,G2,relay_aircraft,G2-relay_aircraft-01,R001,113.13731944608116,2129.2976388563347,R002,2665.0597608848047,R02,existing
P156_234,G2,relay_aircraft,G2-relay_aircraft-01,R002,4794.3573997411395,8150.275924236526,,,R02,existing
P156_234,G2,relay_aircraft,G2-relay_aircraft-02,R003,1094.8164843575157,9390.324849711596,,,NEW-relay_aircraft-01,procurement_required
P156_234,G2,relay_components,G2-relay_components-01,R001,113.13731944608116,2500.002637752911,R002,2294.3547619882283,RE02,existing
P156_234,G2,relay_components,G2-relay_components-01,R002,4794.3573997411395,8687.28771421572,,,RE02,existing
P156_234,G2,relay_components,G2-relay_components-02,R003,1094.8164843575157,10551.813344790942,,,RE03,existing
P15_2346,G1,A_aircraft,G1-A_aircraft-01,T005,0.0,1312.470877312685,T011,745.6444959899595,U01,existing
P15_2346,G1,A_aircraft,G1-A_aircraft-01,T011,2058.1153733026445,4188.754462062227,,,U01,existing
P15_2346,G1,A_aircraft,G1-A_aircraft-02,T002_2,2048.115373302644,3650.7081092828166,,,U02,existing
P15_2346,G1,A_aircraft,G1-A_aircraft-03,T017,2048.115373302644,4391.962448014616,,,U03,existing
P15_2346,G1,B_aircraft,G1-B_aircraft-01,T008,1984.115373302644,3828.6542634582115,,,U05,existing
P15_2346,G1,C_aircraft,G1-C_aircraft-01,T003,1438.035182877992,2867.4613603954576,T001,18.347015680992172,U07,existing
P15_2346,G1,C_aircraft,G1-C_aircraft-01,T001,2885.80837607645,4447.234553593915,,,U07,existing
P15_2346,G1,C_aircraft,G1-C_aircraft-02,T015,2076.1153733026445,3744.0155776451697,,,U08,existing
P15_2346,G1,A_batteries,G1-A_batteries-01,T005,0.0,2178.7887122874713,,,A01,existing
P15_2346,G1,A_batteries,G1-A_batteries-02,T002_2,2048.115373302644,4715.175270999501,,,A02,existing
P15_2346,G1,A_batteries,G1-A_batteries-03,T017,2048.115373302644,5755.52643126419,,,A03,existing
P15_2346,G1,A_batteries,G1-A_batteries-04,T011,2058.1153733026445,5546.53945703066,,,A04,existing
P15_2346,G1,B_batteries,G1-B_batteries-01,T008,1984.115373302644,5417.316226537593,,,B01,existing
P15_2346,G1,C_batteries,G1-C_batteries-01,T003,1438.035182877992,4385.641813543676,,,C01,existing
P15_2346,G1,C_batteries,G1-C_batteries-02,T015,2076.1153733026445,5451.076587273992,,,C02,existing
P15_2346,G1,C_batteries,G1-C_batteries-03,T001,2885.80837607645,6035.901229839401,,,C03,existing
P15_2346,G1,relay_aircraft,G1-relay_aircraft-01,R004,2134.297738856335,4789.357299741141,,,R01,existing
P15_2346,G1,relay_components,G1-relay_components-01,R004,2134.297738856335,5243.065183552219,,,RE01,existing
P15_2346,G2,A_aircraft,G2-A_aircraft-01,T002_1,0.0,1652.4416357195464,T016,2907.7784449921833,U04,existing
P15_2346,G2,A_aircraft,G2-A_aircraft-01,T016,4560.22008071173,6255.978185380194,T019_1,5.000099999998383,U04,existing
P15_2346,G2,A_aircraft,G2-A_aircraft-01,T019_1,6260.978285380193,7896.736390048657,,,U04,existing
P15_2346,G2,A_aircraft,G2-A_aircraft-02,T009,1317.470977312685,2633.4851917296737,T014_2,5.0000999999997475,NEW-A_aircraft-01,procurement_required
P15_2346,G2,A_aircraft,G2-A_aircraft-02,T014_2,2638.4852917296735,4762.444692702658,T022,5.000099999999293,NEW-A_aircraft-01,procurement_required
P15_2346,G2,A_aircraft,G2-A_aircraft-02,T022,4767.444792702658,6458.979278941607,,,NEW-A_aircraft-01,procurement_required
P15_2346,G2,A_aircraft,G2-A_aircraft-03,T020,4720.220080711731,6690.4299276885495,,,NEW-A_aircraft-02,procurement_required
P15_2346,G2,A_aircraft,G2-A_aircraft-04,T023,5551.539557030659,7187.297661699124,,,NEW-A_aircraft-03,procurement_required
P15_2346,G2,B_aircraft,G2-B_aircraft-01,T006,0.0,1189.630285736439,T004,5.000099999999975,U06,existing
P15_2346,G2,B_aircraft,G2-B_aircraft-01,T004,1194.630385736439,3227.943287050344,T013,5.000100000000202,U06,existing
P15_2346,G2,B_aircraft,G2-B_aircraft-01,T013,3232.9433870503444,5190.984658537339,T021,5.000100000000202,U06,existing
P15_2346,G2,B_aircraft,G2-B_aircraft-01,T021,5195.984758537339,7094.0260300243335,,,U06,existing
P15_2346,G2,B_aircraft,G2-B_aircraft-02,T014_1,4.16673174186144e-07,1519.0243448285282,T007,3077.1957358832024,NEW-B_aircraft-01,procurement_required
P15_2346,G2,B_aircraft,G2-B_aircraft-02,T007,4596.220080711731,6939.352187396264,,,NEW-B_aircraft-01,procurement_required
P15_2346,G2,C_aircraft,G2-C_aircraft-01,T010_1,0.0,1823.224406150507,T019_2,2629.010247443409,NEW-C_aircraft-01,procurement_required
P15_2346,G2,C_aircraft,G2-C_aircraft-01,T019_2,4452.234653593916,6691.4187185617575,T012,5.000099999999293,NEW-C_aircraft-01,procurement_required
P15_2346,G2,C_aircraft,G2-C_aircraft-01,T012,6696.418818561757,8811.50045984021,,,NEW-C_aircraft-01,procurement_required
P15_2346,G2,C_aircraft,G2-C_aircraft-02,T010_2,0.0,1433.035082877992,T018,3044.1849978337386,NEW-C_aircraft-02,procurement_required
P15_2346,G2,C_aircraft,G2-C_aircraft-02,T018,4477.220080711731,6913.029601569379,,,NEW-C_aircraft-02,procurement_required
P15_2346,G2,A_batteries,G2-A_batteries-01,T002_1,0.0,2667.5322461730734,T020,2052.687834538657,A05,existing
P15_2346,G2,A_batteries,G2-A_batteries-01,T020,4720.220080711731,7930.430578375625,,,A05,existing
P15_2346,G2,A_batteries,G2-A_batteries-02,T009,1317.470977312685,3525.3399936387705,T016,1034.8800870729592,A06,existing
P15_2346,G2,A_batteries,G2-A_batteries-02,T016,4560.22008071173,7391.954497536396,,,A06,existing
P15_2346,G2,A_batteries,G2-A_batteries-03,T014_2,2638.4852917296735,6105.968766534681,T019_1,155.0095188455116,NEW-A_batteries-01,procurement_required
P15_2346,G2,A_batteries,G2-A_batteries-03,T019_1,6260.978285380193,8981.354683688944,,,NEW-A_batteries-01,procurement_required
P15_2346,G2,A_batteries,G2-A_batteries-04,T022,4767.444792702658,7634.473785621062,,,NEW-A_batteries-02,procurement_required
P15_2346,G2,A_batteries,G2-A_batteries-05,T023,5551.539557030659,8292.236282374923,,,NEW-A_batteries-03,procurement_required
P15_2346,G2,B_batteries,G2-B_batteries-01,T006,0.0,2323.07116269932,T007,2273.1489180124104,B02,existing
P15_2346,G2,B_batteries,G2-B_batteries-01,T007,4596.220080711731,8817.149572633247,,,B02,existing
P15_2346,G2,B_batteries,G2-B_batteries-02,T014_1,4.16673174186144e-07,2956.2905629638744,T013,276.65282408647,B03,existing
P15_2346,G2,B_batteries,G2-B_batteries-02,T013,3232.9433870503444,7150.230286022929,,,B03,existing
P15_2346,G2,B_batteries,G2-B_batteries-03,T004,1194.630385736439,4994.129999948263,T021,201.85475858907648,B04,existing
P15_2346,G2,B_batteries,G2-B_batteries-03,T021,5195.984758537339,8961.208181941944,,,B04,existing
P15_2346,G2,C_batteries,G2-C_batteries-01,T010_1,0.0,3563.4170832737245,T012,3133.0017352880323,C04,existing
P15_2346,G2,C_batteries,G2-C_batteries-01,T012,6696.418818561757,11304.166177291878,,,C04,existing
P15_2346,G2,C_batteries,G2-C_batteries-02,T010_2,0.0,2880.8082760764496,T018,1596.411804635281,NEW-C_batteries-01,procurement_required
P15_2346,G2,C_batteries,G2-C_batteries-02,T018,4477.220080711731,9411.383881543894,,,NEW-C_batteries-01,procurement_required
P15_2346,G2,C_batteries,G2-C_batteries-03,T019_2,4452.234653593916,9160.096499981806,,,NEW-C_batteries-02,procurement_required
P15_2346,G2,relay_aircraft,G2-relay_aircraft-01,R001,113.13731944608116,2129.2976388563347,R002,2665.0597608848047,R02,existing
P15_2346,G2,relay_aircraft,G2-relay_aircraft-01,R002,4794.3573997411395,8150.275924236526,,,R02,existing
P15_2346,G2,relay_aircraft,G2-relay_aircraft-02,R003,1094.8164843575157,9390.324849711596,,,NEW-relay_aircraft-01,procurement_required
P15_2346,G2,relay_components,G2-relay_components-01,R001,113.13731944608116,2500.002637752911,R002,2294.3547619882283,RE02,existing
P15_2346,G2,relay_components,G2-relay_components-01,R002,4794.3573997411395,8687.28771421572,,,RE02,existing
P15_2346,G2,relay_components,G2-relay_components-02,R003,1094.8164843575157,10551.813344790942,,,RE03,existing
P16_2345,G1,A_aircraft,G1-A_aircraft-01,T005,0.0,1312.470877312685,,,U01,existing
P16_2345,G1,B_aircraft,G1-B_aircraft-01,T006,0.0,1189.630285736439,,,U05,existing
P16_2345,G1,C_aircraft,G1-C_aircraft-01,T003,1438.035182877992,2867.4613603954576,T001,18.347015680992172,U07,existing
P16_2345,G1,C_aircraft,G1-C_aircraft-01,T001,2885.80837607645,4447.234553593915,,,U07,existing
P16_2345,G1,A_batteries,G1-A_batteries-01,T005,0.0,2178.7887122874713,,,A01,existing
P16_2345,G1,B_batteries,G1-B_batteries-01,T006,0.0,2323.07116269932,,,B01,existing
P16_2345,G1,C_batteries,G1-C_batteries-01,T003,1438.035182877992,4385.641813543676,,,C01,existing
P16_2345,G1,C_batteries,G1-C_batteries-02,T001,2885.80837607645,6035.901229839401,,,C02,existing
P16_2345,G2,A_aircraft,G2-A_aircraft-01,T002_1,0.0,1652.4416357195464,T002_2,395.6737375830976,U02,existing
P16_2345,G2,A_aircraft,G2-A_aircraft-01,T002_2,2048.115373302644,3650.7081092828166,T016,909.5119714289131,U02,existing
P16_2345,G2,A_aircraft,G2-A_aircraft-01,T016,4560.22008071173,6255.978185380194,T019_1,5.000099999998383,U02,existing
P16_2345,G2,A_aircraft,G2-A_aircraft-01,T019_1,6260.978285380193,7896.736390048657,,,U02,existing
P16_2345,G2,A_aircraft,G2-A_aircraft-02,T009,1317.470977312685,2633.4851917296737,T014_2,5.0000999999997475,U03,existing
P16_2345,G2,A_aircraft,G2-A_aircraft-02,T014_2,2638.4852917296735,4762.444692702658,T022,5.000099999999293,U03,existing
P16_2345,G2,A_aircraft,G2-A_aircraft-02,T022,4767.444792702658,6458.979278941607,,,U03,existing
P16_2345,G2,A_aircraft,G2-A_aircraft-03,T017,2048.115373302644,4391.962448014616,T020,328.2576326971148,U04,existing
P16_2345,G2,A_aircraft,G2-A_aircraft-03,T020,4720.220080711731,6690.4299276885495,,,U04,existing
P16_2345,G2,A_aircraft,G2-A_aircraft-04,T011,2058.1153733026445,4188.754462062227,T023,1362.7850949684325,NEW-A_aircraft-01,procurement_required
P16_2345,G2,A_aircraft,G2-A_aircraft-04,T023,5551.539557030659,7187.297661699124,,,NEW-A_aircraft-01,procurement_required
P16_2345,G2,B_aircraft,G2-B_aircraft-01,T014_1,4.16673174186144e-07,1519.0243448285282,T008,465.0910284741158,U06,existing
P16_2345,G2,B_aircraft,G2-B_aircraft-01,T008,1984.115373302644,3828.6542634582115,T007,767.5658172535191,U06,existing
P16_2345,G2,B_aircraft,G2-B_aircraft-01,T007,4596.220080711731,6939.352187396264,,,U06,existing
P16_2345,G2,B_aircraft,G2-B_aircraft-02,T004,1194.630385736439,3227.943287050344,T013,5.000100000000202,NEW-B_aircraft-01,procurement_required
P16_2345,G2,B_aircraft,G2-B_aircraft-02,T013,3232.9433870503444,5190.984658537339,T021,5.000100000000202,NEW-B_aircraft-01,procurement_required
P16_2345,G2,B_aircraft,G2-B_aircraft-02,T021,5195.984758537339,7094.0260300243335,,,NEW-B_aircraft-01,procurement_required
P16_2345,G2,C_aircraft,G2-C_aircraft-01,T010_1,0.0,1823.224406150507,T018,2653.9956745612235,U08,existing
P16_2345,G2,C_aircraft,G2-C_aircraft-01,T018,4477.220080711731,6913.029601569379,,,U08,existing
P16_2345,G2,C_aircraft,G2-C_aircraft-02,T010_2,0.0,1433.035082877992,T015,643.0802904246525,NEW-C_aircraft-01,procurement_required
P16_2345,G2,C_aircraft,G2-C_aircraft-02,T015,2076.1153733026445,3744.0155776451697,T019_2,708.2190759487462,NEW-C_aircraft-01,procurement_required
P16_2345,G2,C_aircraft,G2-C_aircraft-02,T019_2,4452.234653593916,6691.4187185617575,T012,5.000099999999293,NEW-C_aircraft-01,procurement_required
P16_2345,G2,C_aircraft,G2-C_aircraft-02,T012,6696.418818561757,8811.50045984021,,,NEW-C_aircraft-01,procurement_required
P16_2345,G2,A_batteries,G2-A_batteries-01,T002_1,0.0,2667.5322461730734,T016,1892.6878345386563,A02,existing
P16_2345,G2,A_batteries,G2-A_batteries-01,T016,4560.22008071173,7391.954497536396,,,A02,existing
P16_2345,G2,A_batteries,G2-A_batteries-02,T009,1317.470977312685,3525.3399936387705,T022,1242.1047990638872,A03,existing
P16_2345,G2,A_batteries,G2-A_batteries-02,T022,4767.444792702658,7634.473785621062,,,A03,existing
P16_2345,G2,A_batteries,G2-A_batteries-03,T002_2,2048.115373302644,4715.175270999501,T020,5.044809712229835,A04,existing
P16_2345,G2,A_batteries,G2-A_batteries-03,T020,4720.220080711731,7930.430578375625,,,A04,existing
P16_2345,G2,A_batteries,G2-A_batteries-04,T017,2048.115373302644,5755.52643126419,T019_1,505.4518541160023,A05,existing
P16_2345,G2,A_batteries,G2-A_batteries-04,T019_1,6260.978285380193,8981.354683688944,,,A05,existing
P16_2345,G2,A_batteries,G2-A_batteries-05,T011,2058.1153733026445,5546.53945703066,T023,5.000099999999293,A06,existing
P16_2345,G2,A_batteries,G2-A_batteries-05,T023,5551.539557030659,8292.236282374923,,,A06,existing
P16_2345,G2,A_batteries,G2-A_batteries-06,T014_2,2638.4852917296735,6105.968766534681,,,NEW-A_batteries-01,procurement_required
P16_2345,G2,B_batteries,G2-B_batteries-01,T014_1,4.16673174186144e-07,2956.2905629638744,T013,276.65282408647,B02,existing
P16_2345,G2,B_batteries,G2-B_batteries-01,T013,3232.9433870503444,7150.230286022929,,,B02,existing
P16_2345,G2,B_batteries,G2-B_batteries-02,T004,1194.630385736439,4994.129999948263,T021,201.85475858907648,B03,existing
P16_2345,G2,B_batteries,G2-B_batteries-02,T021,5195.984758537339,8961.208181941944,,,B03,existing
P16_2345,G2,B_batteries,G2-B_batteries-03,T008,1984.115373302644,5417.316226537593,,,B04,existing
P16_2345,G2,B_batteries,G2-B_batteries-04,T007,4596.220080711731,8817.149572633247,,,NEW-B_batteries-01,procurement_required
P16_2345,G2,C_batteries,G2-C_batteries-01,T010_1,0.0,3563.4170832737245,T018,913.8029974380061,C03,existing
P16_2345,G2,C_batteries,G2-C_batteries-01,T018,4477.220080711731,9411.383881543894,,,C03,existing
P16_2345,G2,C_batteries,G2-C_batteries-02,T010_2,0.0,2880.8082760764496,T019_2,1571.4263775174663,C04,existing
P16_2345,G2,C_batteries,G2-C_batteries-02,T019_2,4452.234653593916,9160.096499981806,,,C04,existing
P16_2345,G2,C_batteries,G2-C_batteries-03,T015,2076.1153733026445,5451.076587273992,T012,1245.3422312877647,NEW-C_batteries-01,procurement_required
P16_2345,G2,C_batteries,G2-C_batteries-03,T012,6696.418818561757,11304.166177291878,,,NEW-C_batteries-01,procurement_required
P16_2345,G2,relay_aircraft,G2-relay_aircraft-01,R001,113.13731944608116,2129.2976388563347,R004,5.000100000000202,R01,existing
P16_2345,G2,relay_aircraft,G2-relay_aircraft-01,R004,2134.297738856335,4789.357299741141,R002,5.000099999998383,R01,existing
P16_2345,G2,relay_aircraft,G2-relay_aircraft-01,R002,4794.3573997411395,8150.275924236526,,,R01,existing
P16_2345,G2,relay_aircraft,G2-relay_aircraft-02,R003,1094.8164843575157,9390.324849711596,,,R02,existing
P16_2345,G2,relay_components,G2-relay_components-01,R001,113.13731944608116,2500.002637752911,R002,2294.3547619882283,RE01,existing
P16_2345,G2,relay_components,G2-relay_components-01,R002,4794.3573997411395,8687.28771421572,,,RE01,existing
P16_2345,G2,relay_components,G2-relay_components-02,R003,1094.8164843575157,10551.813344790942,,,RE02,existing
P16_2345,G2,relay_components,G2-relay_components-03,R004,2134.297738856335,5243.065183552219,,,RE03,existing
P1_23456,G1,A_aircraft,G1-A_aircraft-01,T005,0.0,1312.470877312685,,,U01,existing
P1_23456,G1,C_aircraft,G1-C_aircraft-01,T003,1438.035182877992,2867.4613603954576,T001,18.347015680992172,U07,existing
P1_23456,G1,C_aircraft,G1-C_aircraft-01,T001,2885.80837607645,4447.234553593915,,,U07,existing
P1_23456,G1,A_batteries,G1-A_batteries-01,T005,0.0,2178.7887122874713,,,A01,existing
P1_23456,G1,C_batteries,G1-C_batteries-01,T003,1438.035182877992,4385.641813543676,,,C01,existing
P1_23456,G1,C_batteries,G1-C_batteries-02,T001,2885.80837607645,6035.901229839401,,,C02,existing
P1_23456,G2,A_aircraft,G2-A_aircraft-01,T002_1,0.0,1652.4416357195464,T002_2,395.6737375830976,U02,existing
P1_23456,G2,A_aircraft,G2-A_aircraft-01,T002_2,2048.115373302644,3650.7081092828166,T016,909.5119714289131,U02,existing
P1_23456,G2,A_aircraft,G2-A_aircraft-01,T016,4560.22008071173,6255.978185380194,T019_1,5.000099999998383,U02,existing
P1_23456,G2,A_aircraft,G2-A_aircraft-01,T019_1,6260.978285380193,7896.736390048657,,,U02,existing
P1_23456,G2,A_aircraft,G2-A_aircraft-02,T009,1317.470977312685,2633.4851917296737,T014_2,5.0000999999997475,U03,existing
P1_23456,G2,A_aircraft,G2-A_aircraft-02,T014_2,2638.4852917296735,4762.444692702658,T022,5.000099999999293,U03,existing
P1_23456,G2,A_aircraft,G2-A_aircraft-02,T022,4767.444792702658,6458.979278941607,,,U03,existing
P1_23456,G2,A_aircraft,G2-A_aircraft-03,T017,2048.115373302644,4391.962448014616,T020,328.2576326971148,U04,existing
P1_23456,G2,A_aircraft,G2-A_aircraft-03,T020,4720.220080711731,6690.4299276885495,,,U04,existing
P1_23456,G2,A_aircraft,G2-A_aircraft-04,T011,2058.1153733026445,4188.754462062227,T023,1362.7850949684325,NEW-A_aircraft-01,procurement_required
P1_23456,G2,A_aircraft,G2-A_aircraft-04,T023,5551.539557030659,7187.297661699124,,,NEW-A_aircraft-01,procurement_required
P1_23456,G2,B_aircraft,G2-B_aircraft-01,T006,0.0,1189.630285736439,T004,5.000099999999975,U05,existing
P1_23456,G2,B_aircraft,G2-B_aircraft-01,T004,1194.630385736439,3227.943287050344,T013,5.000100000000202,U05,existing
P1_23456,G2,B_aircraft,G2-B_aircraft-01,T013,3232.9433870503444,5190.984658537339,T021,5.000100000000202,U05,existing
P1_23456,G2,B_aircraft,G2-B_aircraft-01,T021,5195.984758537339,7094.0260300243335,,,U05,existing
P1_23456,G2,B_aircraft,G2-B_aircraft-02,T014_1,4.16673174186144e-07,1519.0243448285282,T008,465.0910284741158,U06,existing
P1_23456,G2,B_aircraft,G2-B_aircraft-02,T008,1984.115373302644,3828.6542634582115,T007,767.5658172535191,U06,existing
P1_23456,G2,B_aircraft,G2-B_aircraft-02,T007,4596.220080711731,6939.352187396264,,,U06,existing
P1_23456,G2,C_aircraft,G2-C_aircraft-01,T010_1,0.0,1823.224406150507,T018,2653.9956745612235,U08,existing
P1_23456,G2,C_aircraft,G2-C_aircraft-01,T018,4477.220080711731,6913.029601569379,,,U08,existing
P1_23456,G2,C_aircraft,G2-C_aircraft-02,T010_2,0.0,1433.035082877992,T015,643.0802904246525,NEW-C_aircraft-01,procurement_required
P1_23456,G2,C_aircraft,G2-C_aircraft-02,T015,2076.1153733026445,3744.0155776451697,T019_2,708.2190759487462,NEW-C_aircraft-01,procurement_required
P1_23456,G2,C_aircraft,G2-C_aircraft-02,T019_2,4452.234653593916,6691.4187185617575,T012,5.000099999999293,NEW-C_aircraft-01,procurement_required
P1_23456,G2,C_aircraft,G2-C_aircraft-02,T012,6696.418818561757,8811.50045984021,,,NEW-C_aircraft-01,procurement_required
P1_23456,G2,A_batteries,G2-A_batteries-01,T002_1,0.0,2667.5322461730734,T016,1892.6878345386563,A02,existing
P1_23456,G2,A_batteries,G2-A_batteries-01,T016,4560.22008071173,7391.954497536396,,,A02,existing
P1_23456,G2,A_batteries,G2-A_batteries-02,T009,1317.470977312685,3525.3399936387705,T022,1242.1047990638872,A03,existing
P1_23456,G2,A_batteries,G2-A_batteries-02,T022,4767.444792702658,7634.473785621062,,,A03,existing
P1_23456,G2,A_batteries,G2-A_batteries-03,T002_2,2048.115373302644,4715.175270999501,T020,5.044809712229835,A04,existing
P1_23456,G2,A_batteries,G2-A_batteries-03,T020,4720.220080711731,7930.430578375625,,,A04,existing
P1_23456,G2,A_batteries,G2-A_batteries-04,T017,2048.115373302644,5755.52643126419,T019_1,505.4518541160023,A05,existing
P1_23456,G2,A_batteries,G2-A_batteries-04,T019_1,6260.978285380193,8981.354683688944,,,A05,existing
P1_23456,G2,A_batteries,G2-A_batteries-05,T011,2058.1153733026445,5546.53945703066,T023,5.000099999999293,A06,existing
P1_23456,G2,A_batteries,G2-A_batteries-05,T023,5551.539557030659,8292.236282374923,,,A06,existing
P1_23456,G2,A_batteries,G2-A_batteries-06,T014_2,2638.4852917296735,6105.968766534681,,,NEW-A_batteries-01,procurement_required
P1_23456,G2,B_batteries,G2-B_batteries-01,T006,0.0,2323.07116269932,T007,2273.1489180124104,B01,existing
P1_23456,G2,B_batteries,G2-B_batteries-01,T007,4596.220080711731,8817.149572633247,,,B01,existing
P1_23456,G2,B_batteries,G2-B_batteries-02,T014_1,4.16673174186144e-07,2956.2905629638744,T013,276.65282408647,B02,existing
P1_23456,G2,B_batteries,G2-B_batteries-02,T013,3232.9433870503444,7150.230286022929,,,B02,existing
P1_23456,G2,B_batteries,G2-B_batteries-03,T004,1194.630385736439,4994.129999948263,T021,201.85475858907648,B03,existing
P1_23456,G2,B_batteries,G2-B_batteries-03,T021,5195.984758537339,8961.208181941944,,,B03,existing
P1_23456,G2,B_batteries,G2-B_batteries-04,T008,1984.115373302644,5417.316226537593,,,B04,existing
P1_23456,G2,C_batteries,G2-C_batteries-01,T010_1,0.0,3563.4170832737245,T018,913.8029974380061,C03,existing
P1_23456,G2,C_batteries,G2-C_batteries-01,T018,4477.220080711731,9411.383881543894,,,C03,existing
P1_23456,G2,C_batteries,G2-C_batteries-02,T010_2,0.0,2880.8082760764496,T019_2,1571.4263775174663,C04,existing
P1_23456,G2,C_batteries,G2-C_batteries-02,T019_2,4452.234653593916,9160.096499981806,,,C04,existing
P1_23456,G2,C_batteries,G2-C_batteries-03,T015,2076.1153733026445,5451.076587273992,T012,1245.3422312877647,NEW-C_batteries-01,procurement_required
P1_23456,G2,C_batteries,G2-C_batteries-03,T012,6696.418818561757,11304.166177291878,,,NEW-C_batteries-01,procurement_required
P1_23456,G2,relay_aircraft,G2-relay_aircraft-01,R001,113.13731944608116,2129.2976388563347,R004,5.000100000000202,R01,existing
P1_23456,G2,relay_aircraft,G2-relay_aircraft-01,R004,2134.297738856335,4789.357299741141,R002,5.000099999998383,R01,existing
P1_23456,G2,relay_aircraft,G2-relay_aircraft-01,R002,4794.3573997411395,8150.275924236526,,,R01,existing
P1_23456,G2,relay_aircraft,G2-relay_aircraft-02,R003,1094.8164843575157,9390.324849711596,,,R02,existing
P1_23456,G2,relay_components,G2-relay_components-01,R001,113.13731944608116,2500.002637752911,R002,2294.3547619882283,RE01,existing
P1_23456,G2,relay_components,G2-relay_components-01,R002,4794.3573997411395,8687.28771421572,,,RE01,existing
P1_23456,G2,relay_components,G2-relay_components-02,R003,1094.8164843575157,10551.813344790942,,,RE02,existing
P1_23456,G2,relay_components,G2-relay_components-03,R004,2134.297738856335,5243.065183552219,,,RE03,existing
P1234_5_6,G1,A_aircraft,G1-A_aircraft-01,T002_1,0.0,1652.4416357195464,T016,2907.7784449921833,U01,existing
P1234_5_6,G1,A_aircraft,G1-A_aircraft-01,T016,4560.22008071173,6255.978185380194,T019_1,5.000099999998383,U01,existing
P1234_5_6,G1,A_aircraft,G1-A_aircraft-01,T019_1,6260.978285380193,7896.736390048657,,,U01,existing
P1234_5_6,G1,A_aircraft,G1-A_aircraft-02,T005,0.0,1312.470877312685,T009,5.000099999999975,U02,existing
P1234_5_6,G1,A_aircraft,G1-A_aircraft-02,T009,1317.470977312685,2633.4851917296737,T014_2,5.0000999999997475,U02,existing
P1234_5_6,G1,A_aircraft,G1-A_aircraft-02,T014_2,2638.4852917296735,4762.444692702658,T022,5.000099999999293,U02,existing
P1234_5_6,G1,A_aircraft,G1-A_aircraft-02,T022,4767.444792702658,6458.979278941607,,,U02,existing
P1234_5_6,G1,A_aircraft,G1-A_aircraft-03,T020,4720.220080711731,6690.4299276885495,,,U03,existing
P1234_5_6,G1,A_aircraft,G1-A_aircraft-04,T023,5551.539557030659,7187.297661699124,,,U04,existing
P1234_5_6,G1,B_aircraft,G1-B_aircraft-01,T014_1,4.16673174186144e-07,1519.0243448285282,T007,3077.1957358832024,U05,existing
P1234_5_6,G1,B_aircraft,G1-B_aircraft-01,T007,4596.220080711731,6939.352187396264,,,U05,existing
P1234_5_6,G1,B_aircraft,G1-B_aircraft-02,T004,1194.630385736439,3227.943287050344,T013,5.000100000000202,U06,existing
P1234_5_6,G1,B_aircraft,G1-B_aircraft-02,T013,3232.9433870503444,5190.984658537339,T021,5.000100000000202,U06,existing
P1234_5_6,G1,B_aircraft,G1-B_aircraft-02,T021,5195.984758537339,7094.0260300243335,,,U06,existing
P1234_5_6,G1,C_aircraft,G1-C_aircraft-01,T010_1,0.0,1823.224406150507,T001,1062.5839699259427,U07,existing
P1234_5_6,G1,C_aircraft,G1-C_aircraft-01,T001,2885.80837607645,4447.234553593915,T019_2,5.000100000001112,U07,existing
P1234_5_6,G1,C_aircraft,G1-C_aircraft-01,T019_2,4452.234653593916,6691.4187185617575,T012,5.000099999999293,U07,existing
P1234_5_6,G1,C_aircraft,G1-C_aircraft-01,T012,6696.418818561757,8811.50045984021,,,U07,existing
P1234_5_6,G1,C_aircraft,G1-C_aircraft-02,T010_2,0.0,1433.035082877992,T003,5.000099999999975,U08,existing
P1234_5_6,G1,C_aircraft,G1-C_aircraft-02,T003,1438.035182877992,2867.4613603954576,T018,1609.758720316273,U08,existing
P1234_5_6,G1,C_aircraft,G1-C_aircraft-02,T018,4477.220080711731,6913.029601569379,,,U08,existing
P1234_5_6,G1,A_batteries,G1-A_batteries-01,T002_1,0.0,2667.5322461730734,T020,2052.687834538657,A01,existing
P1234_5_6,G1,A_batteries,G1-A_batteries-01,T020,4720.220080711731,7930.430578375625,,,A01,existing
P1234_5_6,G1,A_batteries,G1-A_batteries-02,T005,0.0,2178.7887122874713,T014_2,459.69657944220216,A02,existing
P1234_5_6,G1,A_batteries,G1-A_batteries-02,T014_2,2638.4852917296735,6105.968766534681,T019_1,155.0095188455116,A02,existing
P1234_5_6,G1,A_batteries,G1-A_batteries-02,T019_1,6260.978285380193,8981.354683688944,,,A02,existing
P1234_5_6,G1,A_batteries,G1-A_batteries-03,T009,1317.470977312685,3525.3399936387705,T016,1034.8800870729592,A03,existing
P1234_5_6,G1,A_batteries,G1-A_batteries-03,T016,4560.22008071173,7391.954497536396,,,A03,existing
P1234_5_6,G1,A_batteries,G1-A_batteries-04,T022,4767.444792702658,7634.473785621062,,,A04,existing
P1234_5_6,G1,A_batteries,G1-A_batteries-05,T023,5551.539557030659,8292.236282374923,,,A05,existing
P1234_5_6,G1,B_batteries,G1-B_batteries-01,T014_1,4.16673174186144e-07,2956.2905629638744,T013,276.65282408647,B01,existing
P1234_5_6,G1,B_batteries,G1-B_batteries-01,T013,3232.9433870503444,7150.230286022929,,,B01,existing
P1234_5_6,G1,B_batteries,G1-B_batteries-02,T004,1194.630385736439,4994.129999948263,T021,201.85475858907648,B02,existing
P1234_5_6,G1,B_batteries,G1-B_batteries-02,T021,5195.984758537339,8961.208181941944,,,B02,existing
P1234_5_6,G1,B_batteries,G1-B_batteries-03,T007,4596.220080711731,8817.149572633247,,,B03,existing
P1234_5_6,G1,C_batteries,G1-C_batteries-01,T010_1,0.0,3563.4170832737245,T018,913.8029974380061,C01,existing
P1234_5_6,G1,C_batteries,G1-C_batteries-01,T018,4477.220080711731,9411.383881543894,,,C01,existing
P1234_5_6,G1,C_batteries,G1-C_batteries-02,T010_2,0.0,2880.8082760764496,T001,5.000100000000202,C02,existing
P1234_5_6,G1,C_batteries,G1-C_batteries-02,T001,2885.80837607645,6035.901229839401,T012,660.5175887223559,C02,existing
P1234_5_6,G1,C_batteries,G1-C_batteries-02,T012,6696.418818561757,11304.166177291878,,,C02,existing
P1234_5_6,G1,C_batteries,G1-C_batteries-03,T003,1438.035182877992,4385.641813543676,T019_2,66.59284005023983,C03,existing
P1234_5_6,G1,C_batteries,G1-C_batteries-03,T019_2,4452.234653593916,9160.096499981806,,,C03,existing
P1234_5_6,G1,relay_aircraft,G1-relay_aircraft-01,R001,113.13731944608116,2129.2976388563347,R002,2665.0597608848047,R01,existing
P1234_5_6,G1,relay_aircraft,G1-relay_aircraft-01,R002,4794.3573997411395,8150.275924236526,,,R01,existing
P1234_5_6,G1,relay_aircraft,G1-relay_aircraft-02,R003,1094.8164843575157,9390.324849711596,,,R02,existing
P1234_5_6,G1,relay_components,G1-relay_components-01,R001,113.13731944608116,2500.002637752911,R002,2294.3547619882283,RE01,existing
P1234_5_6,G1,relay_components,G1-relay_components-01,R002,4794.3573997411395,8687.28771421572,,,RE01,existing
P1234_5_6,G1,relay_components,G1-relay_components-02,R003,1094.8164843575157,10551.813344790942,,,RE02,existing
P1234_5_6,G2,A_aircraft,G2-A_aircraft-01,T002_2,2048.115373302644,3650.7081092828166,,,NEW-A_aircraft-01,procurement_required
P1234_5_6,G2,A_aircraft,G2-A_aircraft-02,T017,2048.115373302644,4391.962448014616,,,NEW-A_aircraft-02,procurement_required
P1234_5_6,G2,A_aircraft,G2-A_aircraft-03,T011,2058.1153733026445,4188.754462062227,,,NEW-A_aircraft-03,procurement_required
P1234_5_6,G2,B_aircraft,G2-B_aircraft-01,T008,1984.115373302644,3828.6542634582115,,,NEW-B_aircraft-01,procurement_required
P1234_5_6,G2,C_aircraft,G2-C_aircraft-01,T015,2076.1153733026445,3744.0155776451697,,,NEW-C_aircraft-01,procurement_required
P1234_5_6,G2,A_batteries,G2-A_batteries-01,T002_2,2048.115373302644,4715.175270999501,,,A06,existing
P1234_5_6,G2,A_batteries,G2-A_batteries-02,T017,2048.115373302644,5755.52643126419,,,NEW-A_batteries-01,procurement_required
P1234_5_6,G2,A_batteries,G2-A_batteries-03,T011,2058.1153733026445,5546.53945703066,,,NEW-A_batteries-02,procurement_required
P1234_5_6,G2,B_batteries,G2-B_batteries-01,T008,1984.115373302644,5417.316226537593,,,B04,existing
P1234_5_6,G2,C_batteries,G2-C_batteries-01,T015,2076.1153733026445,5451.076587273992,,,C04,existing
P1234_5_6,G2,relay_aircraft,G2-relay_aircraft-01,R004,2134.297738856335,4789.357299741141,,,NEW-relay_aircraft-01,procurement_required
P1234_5_6,G2,relay_components,G2-relay_components-01,R004,2134.297738856335,5243.065183552219,,,RE03,existing
P1234_5_6,G3,B_aircraft,G3-B_aircraft-01,T006,0.0,1189.630285736439,,,NEW-B_aircraft-02,procurement_required
P1234_5_6,G3,B_batteries,G3-B_batteries-01,T006,0.0,2323.07116269932,,,NEW-B_batteries-01,procurement_required
P1235_4_6,G1,A_aircraft,G1-A_aircraft-01,T002_1,0.0,1652.4416357195464,T002_2,395.6737375830976,U01,existing
P1235_4_6,G1,A_aircraft,G1-A_aircraft-01,T002_2,2048.115373302644,3650.7081092828166,T016,909.5119714289131,U01,existing
P1235_4_6,G1,A_aircraft,G1-A_aircraft-01,T016,4560.22008071173,6255.978185380194,T019_1,5.000099999998383,U01,existing
P1235_4_6,G1,A_aircraft,G1-A_aircraft-01,T019_1,6260.978285380193,7896.736390048657,,,U01,existing
P1235_4_6,G1,A_aircraft,G1-A_aircraft-02,T005,0.0,1312.470877312685,T017,735.6444959899591,U02,existing
P1235_4_6,G1,A_aircraft,G1-A_aircraft-02,T017,2048.115373302644,4391.962448014616,T020,328.2576326971148,U02,existing
P1235_4_6,G1,A_aircraft,G1-A_aircraft-02,T020,4720.220080711731,6690.4299276885495,,,U02,existing
P1235_4_6,G1,A_aircraft,G1-A_aircraft-03,T011,2058.1153733026445,4188.754462062227,T023,1362.7850949684325,U03,existing
P1235_4_6,G1,A_aircraft,G1-A_aircraft-03,T023,5551.539557030659,7187.297661699124,,,U03,existing
P1235_4_6,G1,A_aircraft,G1-A_aircraft-04,T014_2,2638.4852917296735,4762.444692702658,T022,5.000099999999293,U04,existing
P1235_4_6,G1,A_aircraft,G1-A_aircraft-04,T022,4767.444792702658,6458.979278941607,,,U04,existing
P1235_4_6,G1,B_aircraft,G1-B_aircraft-01,T014_1,4.16673174186144e-07,1519.0243448285282,T008,465.0910284741158,U05,existing
P1235_4_6,G1,B_aircraft,G1-B_aircraft-01,T008,1984.115373302644,3828.6542634582115,T007,767.5658172535191,U05,existing
P1235_4_6,G1,B_aircraft,G1-B_aircraft-01,T007,4596.220080711731,6939.352187396264,,,U05,existing
P1235_4_6,G1,B_aircraft,G1-B_aircraft-02,T004,1194.630385736439,3227.943287050344,T013,5.000100000000202,U06,existing
P1235_4_6,G1,B_aircraft,G1-B_aircraft-02,T013,3232.9433870503444,5190.984658537339,T021,5.000100000000202,U06,existing
P1235_4_6,G1,B_aircraft,G1-B_aircraft-02,T021,5195.984758537339,7094.0260300243335,,,U06,existing
P1235_4_6,G1,C_aircraft,G1-C_aircraft-01,T010_1,0.0,1823.224406150507,T015,252.89096715213736,U07,existing
P1235_4_6,G1,C_aircraft,G1-C_aircraft-01,T015,2076.1153733026445,3744.0155776451697,T018,733.2045030665608,U07,existing
P1235_4_6,G1,C_aircraft,G1-C_aircraft-01,T018,4477.220080711731,6913.029601569379,,,U07,existing
P1235_4_6,G1,C_aircraft,G1-C_aircraft-02,T003,1438.035182877992,2867.4613603954576,T001,18.347015680992172,U08,existing
P1235_4_6,G1,C_aircraft,G1-C_aircraft-02,T001,2885.80837607645,4447.234553593915,T019_2,5.000100000001112,U08,existing
P1235_4_6,G1,C_aircraft,G1-C_aircraft-02,T019_2,4452.234653593916,6691.4187185617575,T012,5.000099999999293,U08,existing
P1235_4_6,G1,C_aircraft,G1-C_aircraft-02,T012,6696.418818561757,8811.50045984021,,,U08,existing
P1235_4_6,G1,A_batteries,G1-A_batteries-01,T002_1,0.0,2667.5322461730734,T016,1892.6878345386563,A01,existing
P1235_4_6,G1,A_batteries,G1-A_batteries-01,T016,4560.22008071173,7391.954497536396,,,A01,existing
P1235_4_6,G1,A_batteries,G1-A_batteries-02,T005,0.0,2178.7887122874713,T014_2,459.69657944220216,A02,existing
P1235_4_6,G1,A_batteries,G1-A_batteries-02,T014_2,2638.4852917296735,6105.968766534681,,,A02,existing
P1235_4_6,G1,A_batteries,G1-A_batteries-03,T002_2,2048.115373302644,4715.175270999501,T020,5.044809712229835,A03,existing
P1235_4_6,G1,A_batteries,G1-A_batteries-03,T020,4720.220080711731,7930.430578375625,,,A03,existing
P1235_4_6,G1,A_batteries,G1-A_batteries-04,T017,2048.115373302644,5755.52643126419,T019_1,505.4518541160023,A04,existing
P1235_4_6,G1,A_batteries,G1-A_batteries-04,T019_1,6260.978285380193,8981.354683688944,,,A04,existing
P1235_4_6,G1,A_batteries,G1-A_batteries-05,T011,2058.1153733026445,5546.53945703066,T023,5.000099999999293,A05,existing
P1235_4_6,G1,A_batteries,G1-A_batteries-05,T023,5551.539557030659,8292.236282374923,,,A05,existing
P1235_4_6,G1,A_batteries,G1-A_batteries-06,T022,4767.444792702658,7634.473785621062,,,A06,existing
P1235_4_6,G1,B_batteries,G1-B_batteries-01,T014_1,4.16673174186144e-07,2956.2905629638744,T013,276.65282408647,B01,existing
P1235_4_6,G1,B_batteries,G1-B_batteries-01,T013,3232.9433870503444,7150.230286022929,,,B01,existing
P1235_4_6,G1,B_batteries,G1-B_batteries-02,T004,1194.630385736439,4994.129999948263,T021,201.85475858907648,B02,existing
P1235_4_6,G1,B_batteries,G1-B_batteries-02,T021,5195.984758537339,8961.208181941944,,,B02,existing
P1235_4_6,G1,B_batteries,G1-B_batteries-03,T008,1984.115373302644,5417.316226537593,,,B03,existing
P1235_4_6,G1,B_batteries,G1-B_batteries-04,T007,4596.220080711731,8817.149572633247,,,B04,existing
P1235_4_6,G1,C_batteries,G1-C_batteries-01,T010_1,0.0,3563.4170832737245,T019_2,888.8175703201914,C01,existing
P1235_4_6,G1,C_batteries,G1-C_batteries-01,T019_2,4452.234653593916,9160.096499981806,,,C01,existing
P1235_4_6,G1,C_batteries,G1-C_batteries-02,T003,1438.035182877992,4385.641813543676,T018,91.57826716805448,C02,existing
P1235_4_6,G1,C_batteries,G1-C_batteries-02,T018,4477.220080711731,9411.383881543894,,,C02,existing
P1235_4_6,G1,C_batteries,G1-C_batteries-03,T015,2076.1153733026445,5451.076587273992,T012,1245.3422312877647,C03,existing
P1235_4_6,G1,C_batteries,G1-C_batteries-03,T012,6696.418818561757,11304.166177291878,,,C03,existing
P1235_4_6,G1,C_batteries,G1-C_batteries-04,T001,2885.80837607645,6035.901229839401,,,C04,existing
P1235_4_6,G1,relay_aircraft,G1-relay_aircraft-01,R001,113.13731944608116,2129.2976388563347,R004,5.000100000000202,R01,existing
P1235_4_6,G1,relay_aircraft,G1-relay_aircraft-01,R004,2134.297738856335,4789.357299741141,R002,5.000099999998383,R01,existing
P1235_4_6,G1,relay_aircraft,G1-relay_aircraft-01,R002,4794.3573997411395,8150.275924236526,,,R01,existing
P1235_4_6,G1,relay_aircraft,G1-relay_aircraft-02,R003,1094.8164843575157,9390.324849711596,,,R02,existing
P1235_4_6,G1,relay_components,G1-relay_components-01,R001,113.13731944608116,2500.002637752911,R002,2294.3547619882283,RE01,existing
P1235_4_6,G1,relay_components,G1-relay_components-01,R002,4794.3573997411395,8687.28771421572,,,RE01,existing
P1235_4_6,G1,relay_components,G1-relay_components-02,R003,1094.8164843575157,10551.813344790942,,,RE02,existing
P1235_4_6,G1,relay_components,G1-relay_components-03,R004,2134.297738856335,5243.065183552219,,,RE03,existing
P1235_4_6,G2,A_aircraft,G2-A_aircraft-01,T009,1317.470977312685,2633.4851917296737,,,NEW-A_aircraft-01,procurement_required
P1235_4_6,G2,C_aircraft,G2-C_aircraft-01,T010_2,0.0,1433.035082877992,,,NEW-C_aircraft-01,procurement_required
P1235_4_6,G2,A_batteries,G2-A_batteries-01,T009,1317.470977312685,3525.3399936387705,,,NEW-A_batteries-01,procurement_required
P1235_4_6,G2,C_batteries,G2-C_batteries-01,T010_2,0.0,2880.8082760764496,,,NEW-C_batteries-01,procurement_required
P1235_4_6,G3,B_aircraft,G3-B_aircraft-01,T006,0.0,1189.630285736439,,,NEW-B_aircraft-01,procurement_required
P1235_4_6,G3,B_batteries,G3-B_batteries-01,T006,0.0,2323.07116269932,,,NEW-B_batteries-01,procurement_required
P123_45_6,G1,A_aircraft,G1-A_aircraft-01,T002_1,0.0,1652.4416357195464,T014_2,986.043656010127,U01,existing
P123_45_6,G1,A_aircraft,G1-A_aircraft-01,T014_2,2638.4852917296735,4762.444692702658,T022,5.000099999999293,U01,existing
P123_45_6,G1,A_aircraft,G1-A_aircraft-01,T022,4767.444792702658,6458.979278941607,,,U01,existing
P123_45_6,G1,A_aircraft,G1-A_aircraft-02,T005,0.0,1312.470877312685,T016,3247.7492033990447,U02,existing
P123_45_6,G1,A_aircraft,G1-A_aircraft-02,T016,4560.22008071173,6255.978185380194,T019_1,5.000099999998383,U02,existing
P123_45_6,G1,A_aircraft,G1-A_aircraft-02,T019_1,6260.978285380193,7896.736390048657,,,U02,existing
P123_45_6,G1,A_aircraft,G1-A_aircraft-03,T020,4720.220080711731,6690.4299276885495,,,U03,existing
P123_45_6,G1,A_aircraft,G1-A_aircraft-04,T023,5551.539557030659,7187.297661699124,,,U04,existing
P123_45_6,G1,B_aircraft,G1-B_aircraft-01,T014_1,4.16673174186144e-07,1519.0243448285282,T007,3077.1957358832024,U05,existing
P123_45_6,G1,B_aircraft,G1-B_aircraft-01,T007,4596.220080711731,6939.352187396264,,,U05,existing
P123_45_6,G1,B_aircraft,G1-B_aircraft-02,T004,1194.630385736439,3227.943287050344,T013,5.000100000000202,U06,existing
P123_45_6,G1,B_aircraft,G1-B_aircraft-02,T013,3232.9433870503444,5190.984658537339,T021,5.000100000000202,U06,existing
P123_45_6,G1,B_aircraft,G1-B_aircraft-02,T021,5195.984758537339,7094.0260300243335,,,U06,existing
P123_45_6,G1,C_aircraft,G1-C_aircraft-01,T010_1,0.0,1823.224406150507,T001,1062.5839699259427,U07,existing
P123_45_6,G1,C_aircraft,G1-C_aircraft-01,T001,2885.80837607645,4447.234553593915,T019_2,5.000100000001112,U07,existing
P123_45_6,G1,C_aircraft,G1-C_aircraft-01,T019_2,4452.234653593916,6691.4187185617575,T012,5.000099999999293,U07,existing
P123_45_6,G1,C_aircraft,G1-C_aircraft-01,T012,6696.418818561757,8811.50045984021,,,U07,existing
P123_45_6,G1,C_aircraft,G1-C_aircraft-02,T003,1438.035182877992,2867.4613603954576,T018,1609.758720316273,U08,existing
P123_45_6,G1,C_aircraft,G1-C_aircraft-02,T018,4477.220080711731,6913.029601569379,,,U08,existing
P123_45_6,G1,A_batteries,G1-A_batteries-01,T002_1,0.0,2667.5322461730734,T016,1892.6878345386563,A01,existing
P123_45_6,G1,A_batteries,G1-A_batteries-01,T016,4560.22008071173,7391.954497536396,,,A01,existing
P123_45_6,G1,A_batteries,G1-A_batteries-02,T005,0.0,2178.7887122874713,T014_2,459.69657944220216,A02,existing
P123_45_6,G1,A_batteries,G1-A_batteries-02,T014_2,2638.4852917296735,6105.968766534681,T019_1,155.0095188455116,A02,existing
P123_45_6,G1,A_batteries,G1-A_batteries-02,T019_1,6260.978285380193,8981.354683688944,,,A02,existing
P123_45_6,G1,A_batteries,G1-A_batteries-03,T020,4720.220080711731,7930.430578375625,,,A03,existing
P123_45_6,G1,A_batteries,G1-A_batteries-04,T022,4767.444792702658,7634.473785621062,,,A04,existing
P123_45_6,G1,A_batteries,G1-A_batteries-05,T023,5551.539557030659,8292.236282374923,,,A05,existing
P123_45_6,G1,B_batteries,G1-B_batteries-01,T014_1,4.16673174186144e-07,2956.2905629638744,T013,276.65282408647,B01,existing
P123_45_6,G1,B_batteries,G1-B_batteries-01,T013,3232.9433870503444,7150.230286022929,,,B01,existing
P123_45_6,G1,B_batteries,G1-B_batteries-02,T004,1194.630385736439,4994.129999948263,T021,201.85475858907648,B02,existing
P123_45_6,G1,B_batteries,G1-B_batteries-02,T021,5195.984758537339,8961.208181941944,,,B02,existing
P123_45_6,G1,B_batteries,G1-B_batteries-03,T007,4596.220080711731,8817.149572633247,,,B03,existing
P123_45_6,G1,C_batteries,G1-C_batteries-01,T010_1,0.0,3563.4170832737245,T019_2,888.8175703201914,C01,existing
P123_45_6,G1,C_batteries,G1-C_batteries-01,T019_2,4452.234653593916,9160.096499981806,,,C01,existing
P123_45_6,G1,C_batteries,G1-C_batteries-02,T003,1438.035182877992,4385.641813543676,T018,91.57826716805448,C02,existing
P123_45_6,G1,C_batteries,G1-C_batteries-02,T018,4477.220080711731,9411.383881543894,,,C02,existing
P123_45_6,G1,C_batteries,G1-C_batteries-03,T001,2885.80837607645,6035.901229839401,T012,660.5175887223559,C03,existing
P123_45_6,G1,C_batteries,G1-C_batteries-03,T012,6696.418818561757,11304.166177291878,,,C03,existing
P123_45_6,G1,relay_aircraft,G1-relay_aircraft-01,R001,113.13731944608116,2129.2976388563347,R002,2665.0597608848047,R01,existing
P123_45_6,G1,relay_aircraft,G1-relay_aircraft-01,R002,4794.3573997411395,8150.275924236526,,,R01,existing
P123_45_6,G1,relay_aircraft,G1-relay_aircraft-02,R003,1094.8164843575157,9390.324849711596,,,R02,existing
P123_45_6,G1,relay_components,G1-relay_components-01,R001,113.13731944608116,2500.002637752911,R002,2294.3547619882283,RE01,existing
P123_45_6,G1,relay_components,G1-relay_components-01,R002,4794.3573997411395,8687.28771421572,,,RE01,existing
P123_45_6,G1,relay_components,G1-relay_components-02,R003,1094.8164843575157,10551.813344790942,,,RE02,existing
P123_45_6,G2,A_aircraft,G2-A_aircraft-01,T009,1317.470977312685,2633.4851917296737,,,NEW-A_aircraft-01,procurement_required
P123_45_6,G2,A_aircraft,G2-A_aircraft-02,T002_2,2048.115373302644,3650.7081092828166,,,NEW-A_aircraft-02,procurement_required
P123_45_6,G2,A_aircraft,G2-A_aircraft-03,T017,2048.115373302644,4391.962448014616,,,NEW-A_aircraft-03,procurement_required
P123_45_6,G2,A_aircraft,G2-A_aircraft-04,T011,2058.1153733026445,4188.754462062227,,,NEW-A_aircraft-04,procurement_required
P123_45_6,G2,B_aircraft,G2-B_aircraft-01,T008,1984.115373302644,3828.6542634582115,,,NEW-B_aircraft-01,procurement_required
P123_45_6,G2,C_aircraft,G2-C_aircraft-01,T010_2,0.0,1433.035082877992,T015,643.0802904246525,NEW-C_aircraft-01,procurement_required
P123_45_6,G2,C_aircraft,G2-C_aircraft-01,T015,2076.1153733026445,3744.0155776451697,,,NEW-C_aircraft-01,procurement_required
P123_45_6,G2,A_batteries,G2-A_batteries-01,T009,1317.470977312685,3525.3399936387705,,,A06,existing
P123_45_6,G2,A_batteries,G2-A_batteries-02,T002_2,2048.115373302644,4715.175270999501,,,NEW-A_batteries-01,procurement_required
P123_45_6,G2,A_batteries,G2-A_batteries-03,T017,2048.115373302644,5755.52643126419,,,NEW-A_batteries-02,procurement_required
P123_45_6,G2,A_batteries,G2-A_batteries-04,T011,2058.1153733026445,5546.53945703066,,,NEW-A_batteries-03,procurement_required
P123_45_6,G2,B_batteries,G2-B_batteries-01,T008,1984.115373302644,5417.316226537593,,,B04,existing
P123_45_6,G2,C_batteries,G2-C_batteries-01,T010_2,0.0,2880.8082760764496,,,C04,existing
P123_45_6,G2,C_batteries,G2-C_batteries-02,T015,2076.1153733026445,5451.076587273992,,,NEW-C_batteries-01,procurement_required
P123_45_6,G2,relay_aircraft,G2-relay_aircraft-01,R004,2134.297738856335,4789.357299741141,,,NEW-relay_aircraft-01,procurement_required
P123_45_6,G2,relay_components,G2-relay_components-01,R004,2134.297738856335,5243.065183552219,,,RE03,existing
P123_45_6,G3,B_aircraft,G3-B_aircraft-01,T006,0.0,1189.630285736439,,,NEW-B_aircraft-02,procurement_required
P123_45_6,G3,B_batteries,G3-B_batteries-01,T006,0.0,2323.07116269932,,,NEW-B_batteries-01,procurement_required
P1236_4_5,G1,A_aircraft,G1-A_aircraft-01,T002_1,0.0,1652.4416357195464,T014_2,986.043656010127,U01,existing
P1236_4_5,G1,A_aircraft,G1-A_aircraft-01,T014_2,2638.4852917296735,4762.444692702658,T022,5.000099999999293,U01,existing
P1236_4_5,G1,A_aircraft,G1-A_aircraft-01,T022,4767.444792702658,6458.979278941607,,,U01,existing
P1236_4_5,G1,A_aircraft,G1-A_aircraft-02,T005,0.0,1312.470877312685,T016,3247.7492033990447,U02,existing
P1236_4_5,G1,A_aircraft,G1-A_aircraft-02,T016,4560.22008071173,6255.978185380194,T019_1,5.000099999998383,U02,existing
P1236_4_5,G1,A_aircraft,G1-A_aircraft-02,T019_1,6260.978285380193,7896.736390048657,,,U02,existing
P1236_4_5,G1,A_aircraft,G1-A_aircraft-03,T020,4720.220080711731,6690.4299276885495,,,U03,existing
P1236_4_5,G1,A_aircraft,G1-A_aircraft-04,T023,5551.539557030659,7187.297661699124,,,U04,existing
P1236_4_5,G1,B_aircraft,G1-B_aircraft-01,T006,0.0,1189.630285736439,T004,5.000099999999975,U05,existing
P1236_4_5,G1,B_aircraft,G1-B_aircraft-01,T004,1194.630385736439,3227.943287050344,T013,5.000100000000202,U05,existing
P1236_4_5,G1,B_aircraft,G1-B_aircraft-01,T013,3232.9433870503444,5190.984658537339,T021,5.000100000000202,U05,existing
P1236_4_5,G1,B_aircraft,G1-B_aircraft-01,T021,5195.984758537339,7094.0260300243335,,,U05,existing
P1236_4_5,G1,B_aircraft,G1-B_aircraft-02,T014_1,4.16673174186144e-07,1519.0243448285282,T007,3077.1957358832024,U06,existing
P1236_4_5,G1,B_aircraft,G1-B_aircraft-02,T007,4596.220080711731,6939.352187396264,,,U06,existing
P1236_4_5,G1,C_aircraft,G1-C_aircraft-01,T010_1,0.0,1823.224406150507,T001,1062.5839699259427,U07,existing
P1236_4_5,G1,C_aircraft,G1-C_aircraft-01,T001,2885.80837607645,4447.234553593915,T019_2,5.000100000001112,U07,existing
P1236_4_5,G1,C_aircraft,G1-C_aircraft-01,T019_2,4452.234653593916,6691.4187185617575,T012,5.000099999999293,U07,existing
P1236_4_5,G1,C_aircraft,G1-C_aircraft-01,T012,6696.418818561757,8811.50045984021,,,U07,existing
P1236_4_5,G1,C_aircraft,G1-C_aircraft-02,T003,1438.035182877992,2867.4613603954576,T018,1609.758720316273,U08,existing
P1236_4_5,G1,C_aircraft,G1-C_aircraft-02,T018,4477.220080711731,6913.029601569379,,,U08,existing
P1236_4_5,G1,A_batteries,G1-A_batteries-01,T002_1,0.0,2667.5322461730734,T016,1892.6878345386563,A01,existing
P1236_4_5,G1,A_batteries,G1-A_batteries-01,T016,4560.22008071173,7391.954497536396,,,A01,existing
P1236_4_5,G1,A_batteries,G1-A_batteries-02,T005,0.0,2178.7887122874713,T014_2,459.69657944220216,A02,existing
P1236_4_5,G1,A_batteries,G1-A_batteries-02,T014_2,2638.4852917296735,6105.968766534681,T019_1,155.0095188455116,A02,existing
P1236_4_5,G1,A_batteries,G1-A_batteries-02,T019_1,6260.978285380193,8981.354683688944,,,A02,existing
P1236_4_5,G1,A_batteries,G1-A_batteries-03,T020,4720.220080711731,7930.430578375625,,,A03,existing
P1236_4_5,G1,A_batteries,G1-A_batteries-04,T022,4767.444792702658,7634.473785621062,,,A04,existing
P1236_4_5,G1,A_batteries,G1-A_batteries-05,T023,5551.539557030659,8292.236282374923,,,A05,existing
P1236_4_5,G1,B_batteries,G1-B_batteries-01,T006,0.0,2323.07116269932,T007,2273.1489180124104,B01,existing
P1236_4_5,G1,B_batteries,G1-B_batteries-01,T007,4596.220080711731,8817.149572633247,,,B01,existing
P1236_4_5,G1,B_batteries,G1-B_batteries-02,T014_1,4.16673174186144e-07,2956.2905629638744,T013,276.65282408647,B02,existing
P1236_4_5,G1,B_batteries,G1-B_batteries-02,T013,3232.9433870503444,7150.230286022929,,,B02,existing
P1236_4_5,G1,B_batteries,G1-B_batteries-03,T004,1194.630385736439,4994.129999948263,T021,201.85475858907648,B03,existing
P1236_4_5,G1,B_batteries,G1-B_batteries-03,T021,5195.984758537339,8961.208181941944,,,B03,existing
P1236_4_5,G1,C_batteries,G1-C_batteries-01,T010_1,0.0,3563.4170832737245,T019_2,888.8175703201914,C01,existing
P1236_4_5,G1,C_batteries,G1-C_batteries-01,T019_2,4452.234653593916,9160.096499981806,,,C01,existing
P1236_4_5,G1,C_batteries,G1-C_batteries-02,T003,1438.035182877992,4385.641813543676,T018,91.57826716805448,C02,existing
P1236_4_5,G1,C_batteries,G1-C_batteries-02,T018,4477.220080711731,9411.383881543894,,,C02,existing
P1236_4_5,G1,C_batteries,G1-C_batteries-03,T001,2885.80837607645,6035.901229839401,T012,660.5175887223559,C03,existing
P1236_4_5,G1,C_batteries,G1-C_batteries-03,T012,6696.418818561757,11304.166177291878,,,C03,existing
P1236_4_5,G1,relay_aircraft,G1-relay_aircraft-01,R001,113.13731944608116,2129.2976388563347,R002,2665.0597608848047,R01,existing
P1236_4_5,G1,relay_aircraft,G1-relay_aircraft-01,R002,4794.3573997411395,8150.275924236526,,,R01,existing
P1236_4_5,G1,relay_aircraft,G1-relay_aircraft-02,R003,1094.8164843575157,9390.324849711596,,,R02,existing
P1236_4_5,G1,relay_components,G1-relay_components-01,R001,113.13731944608116,2500.002637752911,R002,2294.3547619882283,RE01,existing
P1236_4_5,G1,relay_components,G1-relay_components-01,R002,4794.3573997411395,8687.28771421572,,,RE01,existing
P1236_4_5,G1,relay_components,G1-relay_components-02,R003,1094.8164843575157,10551.813344790942,,,RE02,existing
P1236_4_5,G2,A_aircraft,G2-A_aircraft-01,T009,1317.470977312685,2633.4851917296737,,,NEW-A_aircraft-01,procurement_required
P1236_4_5,G2,C_aircraft,G2-C_aircraft-01,T010_2,0.0,1433.035082877992,,,NEW-C_aircraft-01,procurement_required
P1236_4_5,G2,A_batteries,G2-A_batteries-01,T009,1317.470977312685,3525.3399936387705,,,A06,existing
P1236_4_5,G2,C_batteries,G2-C_batteries-01,T010_2,0.0,2880.8082760764496,,,C04,existing
P1236_4_5,G3,A_aircraft,G3-A_aircraft-01,T002_2,2048.115373302644,3650.7081092828166,,,NEW-A_aircraft-02,procurement_required
P1236_4_5,G3,A_aircraft,G3-A_aircraft-02,T017,2048.115373302644,4391.962448014616,,,NEW-A_aircraft-03,procurement_required
P1236_4_5,G3,A_aircraft,G3-A_aircraft-03,T011,2058.1153733026445,4188.754462062227,,,NEW-A_aircraft-04,procurement_required
P1236_4_5,G3,B_aircraft,G3-B_aircraft-01,T008,1984.115373302644,3828.6542634582115,,,NEW-B_aircraft-01,procurement_required
P1236_4_5,G3,C_aircraft,G3-C_aircraft-01,T015,2076.1153733026445,3744.0155776451697,,,NEW-C_aircraft-02,procurement_required
P1236_4_5,G3,A_batteries,G3-A_batteries-01,T002_2,2048.115373302644,4715.175270999501,,,NEW-A_batteries-01,procurement_required
P1236_4_5,G3,A_batteries,G3-A_batteries-02,T017,2048.115373302644,5755.52643126419,,,NEW-A_batteries-02,procurement_required
P1236_4_5,G3,A_batteries,G3-A_batteries-03,T011,2058.1153733026445,5546.53945703066,,,NEW-A_batteries-03,procurement_required
P1236_4_5,G3,B_batteries,G3-B_batteries-01,T008,1984.115373302644,5417.316226537593,,,B04,existing
P1236_4_5,G3,C_batteries,G3-C_batteries-01,T015,2076.1153733026445,5451.076587273992,,,NEW-C_batteries-01,procurement_required
P1236_4_5,G3,relay_aircraft,G3-relay_aircraft-01,R004,2134.297738856335,4789.357299741141,,,NEW-relay_aircraft-01,procurement_required
P1236_4_5,G3,relay_components,G3-relay_components-01,R004,2134.297738856335,5243.065183552219,,,RE03,existing
P123_46_5,G1,A_aircraft,G1-A_aircraft-01,T002_1,0.0,1652.4416357195464,T014_2,986.043656010127,U01,existing
P123_46_5,G1,A_aircraft,G1-A_aircraft-01,T014_2,2638.4852917296735,4762.444692702658,T022,5.000099999999293,U01,existing
P123_46_5,G1,A_aircraft,G1-A_aircraft-01,T022,4767.444792702658,6458.979278941607,,,U01,existing
P123_46_5,G1,A_aircraft,G1-A_aircraft-02,T005,0.0,1312.470877312685,T016,3247.7492033990447,U02,existing
P123_46_5,G1,A_aircraft,G1-A_aircraft-02,T016,4560.22008071173,6255.978185380194,T019_1,5.000099999998383,U02,existing
P123_46_5,G1,A_aircraft,G1-A_aircraft-02,T019_1,6260.978285380193,7896.736390048657,,,U02,existing
P123_46_5,G1,A_aircraft,G1-A_aircraft-03,T020,4720.220080711731,6690.4299276885495,,,U03,existing
P123_46_5,G1,A_aircraft,G1-A_aircraft-04,T023,5551.539557030659,7187.297661699124,,,U04,existing
P123_46_5,G1,B_aircraft,G1-B_aircraft-01,T014_1,4.16673174186144e-07,1519.0243448285282,T007,3077.1957358832024,U05,existing
P123_46_5,G1,B_aircraft,G1-B_aircraft-01,T007,4596.220080711731,6939.352187396264,,,U05,existing
P123_46_5,G1,B_aircraft,G1-B_aircraft-02,T004,1194.630385736439,3227.943287050344,T013,5.000100000000202,U06,existing
P123_46_5,G1,B_aircraft,G1-B_aircraft-02,T013,3232.9433870503444,5190.984658537339,T021,5.000100000000202,U06,existing
P123_46_5,G1,B_aircraft,G1-B_aircraft-02,T021,5195.984758537339,7094.0260300243335,,,U06,existing
P123_46_5,G1,C_aircraft,G1-C_aircraft-01,T010_1,0.0,1823.224406150507,T001,1062.5839699259427,U07,existing
P123_46_5,G1,C_aircraft,G1-C_aircraft-01,T001,2885.80837607645,4447.234553593915,T019_2,5.000100000001112,U07,existing
P123_46_5,G1,C_aircraft,G1-C_aircraft-01,T019_2,4452.234653593916,6691.4187185617575,T012,5.000099999999293,U07,existing
P123_46_5,G1,C_aircraft,G1-C_aircraft-01,T012,6696.418818561757,8811.50045984021,,,U07,existing
P123_46_5,G1,C_aircraft,G1-C_aircraft-02,T003,1438.035182877992,2867.4613603954576,T018,1609.758720316273,U08,existing
P123_46_5,G1,C_aircraft,G1-C_aircraft-02,T018,4477.220080711731,6913.029601569379,,,U08,existing
P123_46_5,G1,A_batteries,G1-A_batteries-01,T002_1,0.0,2667.5322461730734,T016,1892.6878345386563,A01,existing
P123_46_5,G1,A_batteries,G1-A_batteries-01,T016,4560.22008071173,7391.954497536396,,,A01,existing
P123_46_5,G1,A_batteries,G1-A_batteries-02,T005,0.0,2178.7887122874713,T014_2,459.69657944220216,A02,existing
P123_46_5,G1,A_batteries,G1-A_batteries-02,T014_2,2638.4852917296735,6105.968766534681,T019_1,155.0095188455116,A02,existing
P123_46_5,G1,A_batteries,G1-A_batteries-02,T019_1,6260.978285380193,8981.354683688944,,,A02,existing
P123_46_5,G1,A_batteries,G1-A_batteries-03,T020,4720.220080711731,7930.430578375625,,,A03,existing
P123_46_5,G1,A_batteries,G1-A_batteries-04,T022,4767.444792702658,7634.473785621062,,,A04,existing
P123_46_5,G1,A_batteries,G1-A_batteries-05,T023,5551.539557030659,8292.236282374923,,,A05,existing
P123_46_5,G1,B_batteries,G1-B_batteries-01,T014_1,4.16673174186144e-07,2956.2905629638744,T013,276.65282408647,B01,existing
P123_46_5,G1,B_batteries,G1-B_batteries-01,T013,3232.9433870503444,7150.230286022929,,,B01,existing
P123_46_5,G1,B_batteries,G1-B_batteries-02,T004,1194.630385736439,4994.129999948263,T021,201.85475858907648,B02,existing
P123_46_5,G1,B_batteries,G1-B_batteries-02,T021,5195.984758537339,8961.208181941944,,,B02,existing
P123_46_5,G1,B_batteries,G1-B_batteries-03,T007,4596.220080711731,8817.149572633247,,,B03,existing
P123_46_5,G1,C_batteries,G1-C_batteries-01,T010_1,0.0,3563.4170832737245,T019_2,888.8175703201914,C01,existing
P123_46_5,G1,C_batteries,G1-C_batteries-01,T019_2,4452.234653593916,9160.096499981806,,,C01,existing
P123_46_5,G1,C_batteries,G1-C_batteries-02,T003,1438.035182877992,4385.641813543676,T018,91.57826716805448,C02,existing
P123_46_5,G1,C_batteries,G1-C_batteries-02,T018,4477.220080711731,9411.383881543894,,,C02,existing
P123_46_5,G1,C_batteries,G1-C_batteries-03,T001,2885.80837607645,6035.901229839401,T012,660.5175887223559,C03,existing
P123_46_5,G1,C_batteries,G1-C_batteries-03,T012,6696.418818561757,11304.166177291878,,,C03,existing
P123_46_5,G1,relay_aircraft,G1-relay_aircraft-01,R001,113.13731944608116,2129.2976388563347,R002,2665.0597608848047,R01,existing
P123_46_5,G1,relay_aircraft,G1-relay_aircraft-01,R002,4794.3573997411395,8150.275924236526,,,R01,existing
P123_46_5,G1,relay_aircraft,G1-relay_aircraft-02,R003,1094.8164843575157,9390.324849711596,,,R02,existing
P123_46_5,G1,relay_components,G1-relay_components-01,R001,113.13731944608116,2500.002637752911,R002,2294.3547619882283,RE01,existing
P123_46_5,G1,relay_components,G1-relay_components-01,R002,4794.3573997411395,8687.28771421572,,,RE01,existing
P123_46_5,G1,relay_components,G1-relay_components-02,R003,1094.8164843575157,10551.813344790942,,,RE02,existing
P123_46_5,G2,A_aircraft,G2-A_aircraft-01,T009,1317.470977312685,2633.4851917296737,,,NEW-A_aircraft-01,procurement_required
P123_46_5,G2,B_aircraft,G2-B_aircraft-01,T006,0.0,1189.630285736439,,,NEW-B_aircraft-01,procurement_required
P123_46_5,G2,C_aircraft,G2-C_aircraft-01,T010_2,0.0,1433.035082877992,,,NEW-C_aircraft-01,procurement_required
P123_46_5,G2,A_batteries,G2-A_batteries-01,T009,1317.470977312685,3525.3399936387705,,,A06,existing
P123_46_5,G2,B_batteries,G2-B_batteries-01,T006,0.0,2323.07116269932,,,B04,existing
P123_46_5,G2,C_batteries,G2-C_batteries-01,T010_2,0.0,2880.8082760764496,,,C04,existing
P123_46_5,G3,A_aircraft,G3-A_aircraft-01,T002_2,2048.115373302644,3650.7081092828166,,,NEW-A_aircraft-02,procurement_required
P123_46_5,G3,A_aircraft,G3-A_aircraft-02,T017,2048.115373302644,4391.962448014616,,,NEW-A_aircraft-03,procurement_required
P123_46_5,G3,A_aircraft,G3-A_aircraft-03,T011,2058.1153733026445,4188.754462062227,,,NEW-A_aircraft-04,procurement_required
P123_46_5,G3,B_aircraft,G3-B_aircraft-01,T008,1984.115373302644,3828.6542634582115,,,NEW-B_aircraft-02,procurement_required
P123_46_5,G3,C_aircraft,G3-C_aircraft-01,T015,2076.1153733026445,3744.0155776451697,,,NEW-C_aircraft-02,procurement_required
P123_46_5,G3,A_batteries,G3-A_batteries-01,T002_2,2048.115373302644,4715.175270999501,,,NEW-A_batteries-01,procurement_required
P123_46_5,G3,A_batteries,G3-A_batteries-02,T017,2048.115373302644,5755.52643126419,,,NEW-A_batteries-02,procurement_required
P123_46_5,G3,A_batteries,G3-A_batteries-03,T011,2058.1153733026445,5546.53945703066,,,NEW-A_batteries-03,procurement_required
P123_46_5,G3,B_batteries,G3-B_batteries-01,T008,1984.115373302644,5417.316226537593,,,NEW-B_batteries-01,procurement_required
P123_46_5,G3,C_batteries,G3-C_batteries-01,T015,2076.1153733026445,5451.076587273992,,,NEW-C_batteries-01,procurement_required
P123_46_5,G3,relay_aircraft,G3-relay_aircraft-01,R004,2134.297738856335,4789.357299741141,,,NEW-relay_aircraft-01,procurement_required
P123_46_5,G3,relay_components,G3-relay_components-01,R004,2134.297738856335,5243.065183552219,,,RE03,existing
P123_4_56,G1,A_aircraft,G1-A_aircraft-01,T002_1,0.0,1652.4416357195464,T014_2,986.043656010127,U01,existing
P123_4_56,G1,A_aircraft,G1-A_aircraft-01,T014_2,2638.4852917296735,4762.444692702658,T022,5.000099999999293,U01,existing
P123_4_56,G1,A_aircraft,G1-A_aircraft-01,T022,4767.444792702658,6458.979278941607,,,U01,existing
P123_4_56,G1,A_aircraft,G1-A_aircraft-02,T005,0.0,1312.470877312685,T016,3247.7492033990447,U02,existing
P123_4_56,G1,A_aircraft,G1-A_aircraft-02,T016,4560.22008071173,6255.978185380194,T019_1,5.000099999998383,U02,existing
P123_4_56,G1,A_aircraft,G1-A_aircraft-02,T019_1,6260.978285380193,7896.736390048657,,,U02,existing
P123_4_56,G1,A_aircraft,G1-A_aircraft-03,T020,4720.220080711731,6690.4299276885495,,,U03,existing
P123_4_56,G1,A_aircraft,G1-A_aircraft-04,T023,5551.539557030659,7187.297661699124,,,U04,existing
P123_4_56,G1,B_aircraft,G1-B_aircraft-01,T014_1,4.16673174186144e-07,1519.0243448285282,T007,3077.1957358832024,U05,existing
P123_4_56,G1,B_aircraft,G1-B_aircraft-01,T007,4596.220080711731,6939.352187396264,,,U05,existing
P123_4_56,G1,B_aircraft,G1-B_aircraft-02,T004,1194.630385736439,3227.943287050344,T013,5.000100000000202,U06,existing
P123_4_56,G1,B_aircraft,G1-B_aircraft-02,T013,3232.9433870503444,5190.984658537339,T021,5.000100000000202,U06,existing
P123_4_56,G1,B_aircraft,G1-B_aircraft-02,T021,5195.984758537339,7094.0260300243335,,,U06,existing
P123_4_56,G1,C_aircraft,G1-C_aircraft-01,T010_1,0.0,1823.224406150507,T001,1062.5839699259427,U07,existing
P123_4_56,G1,C_aircraft,G1-C_aircraft-01,T001,2885.80837607645,4447.234553593915,T019_2,5.000100000001112,U07,existing
P123_4_56,G1,C_aircraft,G1-C_aircraft-01,T019_2,4452.234653593916,6691.4187185617575,T012,5.000099999999293,U07,existing
P123_4_56,G1,C_aircraft,G1-C_aircraft-01,T012,6696.418818561757,8811.50045984021,,,U07,existing
P123_4_56,G1,C_aircraft,G1-C_aircraft-02,T003,1438.035182877992,2867.4613603954576,T018,1609.758720316273,U08,existing
P123_4_56,G1,C_aircraft,G1-C_aircraft-02,T018,4477.220080711731,6913.029601569379,,,U08,existing
P123_4_56,G1,A_batteries,G1-A_batteries-01,T002_1,0.0,2667.5322461730734,T016,1892.6878345386563,A01,existing
P123_4_56,G1,A_batteries,G1-A_batteries-01,T016,4560.22008071173,7391.954497536396,,,A01,existing
P123_4_56,G1,A_batteries,G1-A_batteries-02,T005,0.0,2178.7887122874713,T014_2,459.69657944220216,A02,existing
P123_4_56,G1,A_batteries,G1-A_batteries-02,T014_2,2638.4852917296735,6105.968766534681,T019_1,155.0095188455116,A02,existing
P123_4_56,G1,A_batteries,G1-A_batteries-02,T019_1,6260.978285380193,8981.354683688944,,,A02,existing
P123_4_56,G1,A_batteries,G1-A_batteries-03,T020,4720.220080711731,7930.430578375625,,,A03,existing
P123_4_56,G1,A_batteries,G1-A_batteries-04,T022,4767.444792702658,7634.473785621062,,,A04,existing
P123_4_56,G1,A_batteries,G1-A_batteries-05,T023,5551.539557030659,8292.236282374923,,,A05,existing
P123_4_56,G1,B_batteries,G1-B_batteries-01,T014_1,4.16673174186144e-07,2956.2905629638744,T013,276.65282408647,B01,existing
P123_4_56,G1,B_batteries,G1-B_batteries-01,T013,3232.9433870503444,7150.230286022929,,,B01,existing
P123_4_56,G1,B_batteries,G1-B_batteries-02,T004,1194.630385736439,4994.129999948263,T021,201.85475858907648,B02,existing
P123_4_56,G1,B_batteries,G1-B_batteries-02,T021,5195.984758537339,8961.208181941944,,,B02,existing
P123_4_56,G1,B_batteries,G1-B_batteries-03,T007,4596.220080711731,8817.149572633247,,,B03,existing
P123_4_56,G1,C_batteries,G1-C_batteries-01,T010_1,0.0,3563.4170832737245,T019_2,888.8175703201914,C01,existing
P123_4_56,G1,C_batteries,G1-C_batteries-01,T019_2,4452.234653593916,9160.096499981806,,,C01,existing
P123_4_56,G1,C_batteries,G1-C_batteries-02,T003,1438.035182877992,4385.641813543676,T018,91.57826716805448,C02,existing
P123_4_56,G1,C_batteries,G1-C_batteries-02,T018,4477.220080711731,9411.383881543894,,,C02,existing
P123_4_56,G1,C_batteries,G1-C_batteries-03,T001,2885.80837607645,6035.901229839401,T012,660.5175887223559,C03,existing
P123_4_56,G1,C_batteries,G1-C_batteries-03,T012,6696.418818561757,11304.166177291878,,,C03,existing
P123_4_56,G1,relay_aircraft,G1-relay_aircraft-01,R001,113.13731944608116,2129.2976388563347,R002,2665.0597608848047,R01,existing
P123_4_56,G1,relay_aircraft,G1-relay_aircraft-01,R002,4794.3573997411395,8150.275924236526,,,R01,existing
P123_4_56,G1,relay_aircraft,G1-relay_aircraft-02,R003,1094.8164843575157,9390.324849711596,,,R02,existing
P123_4_56,G1,relay_components,G1-relay_components-01,R001,113.13731944608116,2500.002637752911,R002,2294.3547619882283,RE01,existing
P123_4_56,G1,relay_components,G1-relay_components-01,R002,4794.3573997411395,8687.28771421572,,,RE01,existing
P123_4_56,G1,relay_components,G1-relay_components-02,R003,1094.8164843575157,10551.813344790942,,,RE02,existing
P123_4_56,G2,A_aircraft,G2-A_aircraft-01,T009,1317.470977312685,2633.4851917296737,,,NEW-A_aircraft-01,procurement_required
P123_4_56,G2,C_aircraft,G2-C_aircraft-01,T010_2,0.0,1433.035082877992,,,NEW-C_aircraft-01,procurement_required
P123_4_56,G2,A_batteries,G2-A_batteries-01,T009,1317.470977312685,3525.3399936387705,,,A06,existing
P123_4_56,G2,C_batteries,G2-C_batteries-01,T010_2,0.0,2880.8082760764496,,,C04,existing
P123_4_56,G3,A_aircraft,G3-A_aircraft-01,T002_2,2048.115373302644,3650.7081092828166,,,NEW-A_aircraft-02,procurement_required
P123_4_56,G3,A_aircraft,G3-A_aircraft-02,T017,2048.115373302644,4391.962448014616,,,NEW-A_aircraft-03,procurement_required
P123_4_56,G3,A_aircraft,G3-A_aircraft-03,T011,2058.1153733026445,4188.754462062227,,,NEW-A_aircraft-04,procurement_required
P123_4_56,G3,B_aircraft,G3-B_aircraft-01,T006,0.0,1189.630285736439,T008,794.485087566205,NEW-B_aircraft-01,procurement_required
P123_4_56,G3,B_aircraft,G3-B_aircraft-01,T008,1984.115373302644,3828.6542634582115,,,NEW-B_aircraft-01,procurement_required
P123_4_56,G3,C_aircraft,G3-C_aircraft-01,T015,2076.1153733026445,3744.0155776451697,,,NEW-C_aircraft-02,procurement_required
P123_4_56,G3,A_batteries,G3-A_batteries-01,T002_2,2048.115373302644,4715.175270999501,,,NEW-A_batteries-01,procurement_required
P123_4_56,G3,A_batteries,G3-A_batteries-02,T017,2048.115373302644,5755.52643126419,,,NEW-A_batteries-02,procurement_required
P123_4_56,G3,A_batteries,G3-A_batteries-03,T011,2058.1153733026445,5546.53945703066,,,NEW-A_batteries-03,procurement_required
P123_4_56,G3,B_batteries,G3-B_batteries-01,T006,0.0,2323.07116269932,,,B04,existing
P123_4_56,G3,B_batteries,G3-B_batteries-02,T008,1984.115373302644,5417.316226537593,,,NEW-B_batteries-01,procurement_required
P123_4_56,G3,C_batteries,G3-C_batteries-01,T015,2076.1153733026445,5451.076587273992,,,NEW-C_batteries-01,procurement_required
P123_4_56,G3,relay_aircraft,G3-relay_aircraft-01,R004,2134.297738856335,4789.357299741141,,,NEW-relay_aircraft-01,procurement_required
P123_4_56,G3,relay_components,G3-relay_components-01,R004,2134.297738856335,5243.065183552219,,,RE03,existing
P1245_3_6,G1,A_aircraft,G1-A_aircraft-01,T005,0.0,1312.470877312685,T009,5.000099999999975,U01,existing
P1245_3_6,G1,A_aircraft,G1-A_aircraft-01,T009,1317.470977312685,2633.4851917296737,T014_2,5.0000999999997475,U01,existing
P1245_3_6,G1,A_aircraft,G1-A_aircraft-01,T014_2,2638.4852917296735,4762.444692702658,,,U01,existing
P1245_3_6,G1,A_aircraft,G1-A_aircraft-02,T002_2,2048.115373302644,3650.7081092828166,T022,1116.736683419841,U02,existing
P1245_3_6,G1,A_aircraft,G1-A_aircraft-02,T022,4767.444792702658,6458.979278941607,,,U02,existing
P1245_3_6,G1,A_aircraft,G1-A_aircraft-03,T017,2048.115373302644,4391.962448014616,,,U03,existing
P1245_3_6,G1,A_aircraft,G1-A_aircraft-04,T011,2058.1153733026445,4188.754462062227,,,U04,existing
P1245_3_6,G1,B_aircraft,G1-B_aircraft-01,T004,1194.630385736439,3227.943287050344,T013,5.000100000000202,U05,existing
P1245_3_6,G1,B_aircraft,G1-B_aircraft-01,T013,3232.9433870503444,5190.984658537339,,,U05,existing
P1245_3_6,G1,B_aircraft,G1-B_aircraft-02,T008,1984.115373302644,3828.6542634582115,T021,1367.3304950791276,U06,existing
P1245_3_6,G1,B_aircraft,G1-B_aircraft-02,T021,5195.984758537339,7094.0260300243335,,,U06,existing
P1245_3_6,G1,C_aircraft,G1-C_aircraft-01,T010_2,0.0,1433.035082877992,T015,643.0802904246525,U07,existing
P1245_3_6,G1,C_aircraft,G1-C_aircraft-01,T015,2076.1153733026445,3744.0155776451697,T019_2,708.2190759487462,U07,existing
P1245_3_6,G1,C_aircraft,G1-C_aircraft-01,T019_2,4452.234653593916,6691.4187185617575,,,U07,existing
P1245_3_6,G1,C_aircraft,G1-C_aircraft-02,T003,1438.035182877992,2867.4613603954576,T001,18.347015680992172,U08,existing
P1245_3_6,G1,C_aircraft,G1-C_aircraft-02,T001,2885.80837607645,4447.234553593915,T012,2249.184264967842,U08,existing
P1245_3_6,G1,C_aircraft,G1-C_aircraft-02,T012,6696.418818561757,8811.50045984021,,,U08,existing
P1245_3_6,G1,A_batteries,G1-A_batteries-01,T005,0.0,2178.7887122874713,T014_2,459.69657944220216,A01,existing
P1245_3_6,G1,A_batteries,G1-A_batteries-01,T014_2,2638.4852917296735,6105.968766534681,,,A01,existing
P1245_3_6,G1,A_batteries,G1-A_batteries-02,T009,1317.470977312685,3525.3399936387705,T022,1242.1047990638872,A02,existing
P1245_3_6,G1,A_batteries,G1-A_batteries-02,T022,4767.444792702658,7634.473785621062,,,A02,existing
P1245_3_6,G1,A_batteries,G1-A_batteries-03,T002_2,2048.115373302644,4715.175270999501,,,A03,existing
P1245_3_6,G1,A_batteries,G1-A_batteries-04,T017,2048.115373302644,5755.52643126419,,,A04,existing
P1245_3_6,G1,A_batteries,G1-A_batteries-05,T011,2058.1153733026445,5546.53945703066,,,A05,existing
P1245_3_6,G1,B_batteries,G1-B_batteries-01,T004,1194.630385736439,4994.129999948263,T021,201.85475858907648,B01,existing
P1245_3_6,G1,B_batteries,G1-B_batteries-01,T021,5195.984758537339,8961.208181941944,,,B01,existing
P1245_3_6,G1,B_batteries,G1-B_batteries-02,T008,1984.115373302644,5417.316226537593,,,B02,existing
P1245_3_6,G1,B_batteries,G1-B_batteries-03,T013,3232.9433870503444,7150.230286022929,,,B03,existing
P1245_3_6,G1,C_batteries,G1-C_batteries-01,T010_2,0.0,2880.8082760764496,T001,5.000100000000202,C01,existing
P1245_3_6,G1,C_batteries,G1-C_batteries-01,T001,2885.80837607645,6035.901229839401,,,C01,existing
P1245_3_6,G1,C_batteries,G1-C_batteries-02,T003,1438.035182877992,4385.641813543676,T019_2,66.59284005023983,C02,existing
P1245_3_6,G1,C_batteries,G1-C_batteries-02,T019_2,4452.234653593916,9160.096499981806,,,C02,existing
P1245_3_6,G1,C_batteries,G1-C_batteries-03,T015,2076.1153733026445,5451.076587273992,T012,1245.3422312877647,C03,existing
P1245_3_6,G1,C_batteries,G1-C_batteries-03,T012,6696.418818561757,11304.166177291878,,,C03,existing
P1245_3_6,G1,relay_aircraft,G1-relay_aircraft-01,R003,1094.8164843575157,9390.324849711596,,,R01,existing
P1245_3_6,G1,relay_aircraft,G1-relay_aircraft-02,R004,2134.297738856335,4789.357299741141,,,R02,existing
P1245_3_6,G1,relay_components,G1-relay_components-01,R003,1094.8164843575157,10551.813344790942,,,RE01,existing
P1245_3_6,G1,relay_components,G1-relay_components-02,R004,2134.297738856335,5243.065183552219,,,RE02,existing
P1245_3_6,G2,A_aircraft,G2-A_aircraft-01,T002_1,0.0,1652.4416357195464,T016,2907.7784449921833,NEW-A_aircraft-01,procurement_required
P1245_3_6,G2,A_aircraft,G2-A_aircraft-01,T016,4560.22008071173,6255.978185380194,T019_1,5.000099999998383,NEW-A_aircraft-01,procurement_required
P1245_3_6,G2,A_aircraft,G2-A_aircraft-01,T019_1,6260.978285380193,7896.736390048657,,,NEW-A_aircraft-01,procurement_required
P1245_3_6,G2,A_aircraft,G2-A_aircraft-02,T020,4720.220080711731,6690.4299276885495,,,NEW-A_aircraft-02,procurement_required
P1245_3_6,G2,A_aircraft,G2-A_aircraft-03,T023,5551.539557030659,7187.297661699124,,,NEW-A_aircraft-03,procurement_required
P1245_3_6,G2,B_aircraft,G2-B_aircraft-01,T014_1,4.16673174186144e-07,1519.0243448285282,T007,3077.1957358832024,NEW-B_aircraft-01,procurement_required
P1245_3_6,G2,B_aircraft,G2-B_aircraft-01,T007,4596.220080711731,6939.352187396264,,,NEW-B_aircraft-01,procurement_required
P1245_3_6,G2,C_aircraft,G2-C_aircraft-01,T010_1,0.0,1823.224406150507,T018,2653.9956745612235,NEW-C_aircraft-01,procurement_required
P1245_3_6,G2,C_aircraft,G2-C_aircraft-01,T018,4477.220080711731,6913.029601569379,,,NEW-C_aircraft-01,procurement_required
P1245_3_6,G2,A_batteries,G2-A_batteries-01,T002_1,0.0,2667.5322461730734,T019_1,3593.446039207119,A06,existing
P1245_3_6,G2,A_batteries,G2-A_batteries-01,T019_1,6260.978285380193,8981.354683688944,,,A06,existing
P1245_3_6,G2,A_batteries,G2-A_batteries-02,T016,4560.22008071173,7391.954497536396,,,NEW-A_batteries-01,procurement_required
P1245_3_6,G2,A_batteries,G2-A_batteries-03,T020,4720.220080711731,7930.430578375625,,,NEW-A_batteries-02,procurement_required
P1245_3_6,G2,A_batteries,G2-A_batteries-04,T023,5551.539557030659,8292.236282374923,,,NEW-A_batteries-03,procurement_required
P1245_3_6,G2,B_batteries,G2-B_batteries-01,T014_1,4.16673174186144e-07,2956.2905629638744,T007,1639.9295177478562,B04,existing
P1245_3_6,G2,B_batteries,G2-B_batteries-01,T007,4596.220080711731,8817.149572633247,,,B04,existing
P1245_3_6,G2,C_batteries,G2-C_batteries-01,T010_1,0.0,3563.4170832737245,T018,913.8029974380061,C04,existing
P1245_3_6,G2,C_batteries,G2-C_batteries-01,T018,4477.220080711731,9411.383881543894,,,C04,existing
P1245_3_6,G2,relay_aircraft,G2-relay_aircraft-01,R001,113.13731944608116,2129.2976388563347,R002,2665.0597608848047,NEW-relay_aircraft-01,procurement_required
P1245_3_6,G2,relay_aircraft,G2-relay_aircraft-01,R002,4794.3573997411395,8150.275924236526,,,NEW-relay_aircraft-01,procurement_required
P1245_3_6,G2,relay_components,G2-relay_components-01,R001,113.13731944608116,2500.002637752911,R002,2294.3547619882283,RE03,existing
P1245_3_6,G2,relay_components,G2-relay_components-01,R002,4794.3573997411395,8687.28771421572,,,RE03,existing
P1245_3_6,G3,B_aircraft,G3-B_aircraft-01,T006,0.0,1189.630285736439,,,NEW-B_aircraft-02,procurement_required
P1245_3_6,G3,B_batteries,G3-B_batteries-01,T006,0.0,2323.07116269932,,,NEW-B_batteries-01,procurement_required
P124_35_6,G1,A_aircraft,G1-A_aircraft-01,T005,0.0,1312.470877312685,T009,5.000099999999975,U01,existing
P124_35_6,G1,A_aircraft,G1-A_aircraft-01,T009,1317.470977312685,2633.4851917296737,T014_2,5.0000999999997475,U01,existing
P124_35_6,G1,A_aircraft,G1-A_aircraft-01,T014_2,2638.4852917296735,4762.444692702658,T022,5.000099999999293,U01,existing
P124_35_6,G1,A_aircraft,G1-A_aircraft-01,T022,4767.444792702658,6458.979278941607,,,U01,existing
P124_35_6,G1,B_aircraft,G1-B_aircraft-01,T004,1194.630385736439,3227.943287050344,T013,5.000100000000202,U05,existing
P124_35_6,G1,B_aircraft,G1-B_aircraft-01,T013,3232.9433870503444,5190.984658537339,T021,5.000100000000202,U05,existing
P124_35_6,G1,B_aircraft,G1-B_aircraft-01,T021,5195.984758537339,7094.0260300243335,,,U05,existing
P124_35_6,G1,C_aircraft,G1-C_aircraft-01,T010_2,0.0,1433.035082877992,T003,5.000099999999975,U07,existing
P124_35_6,G1,C_aircraft,G1-C_aircraft-01,T003,1438.035182877992,2867.4613603954576,T001,18.347015680992172,U07,existing
P124_35_6,G1,C_aircraft,G1-C_aircraft-01,T001,2885.80837607645,4447.234553593915,T019_2,5.000100000001112,U07,existing
P124_35_6,G1,C_aircraft,G1-C_aircraft-01,T019_2,4452.234653593916,6691.4187185617575,T012,5.000099999999293,U07,existing
P124_35_6,G1,C_aircraft,G1-C_aircraft-01,T012,6696.418818561757,8811.50045984021,,,U07,existing
P124_35_6,G1,A_batteries,G1-A_batteries-01,T005,0.0,2178.7887122874713,T014_2,459.69657944220216,A01,existing
P124_35_6,G1,A_batteries,G1-A_batteries-01,T014_2,2638.4852917296735,6105.968766534681,,,A01,existing
P124_35_6,G1,A_batteries,G1-A_batteries-02,T009,1317.470977312685,3525.3399936387705,T022,1242.1047990638872,A02,existing
P124_35_6,G1,A_batteries,G1-A_batteries-02,T022,4767.444792702658,7634.473785621062,,,A02,existing
P124_35_6,G1,B_batteries,G1-B_batteries-01,T004,1194.630385736439,4994.129999948263,T021,201.85475858907648,B01,existing
P124_35_6,G1,B_batteries,G1-B_batteries-01,T021,5195.984758537339,8961.208181941944,,,B01,existing
P124_35_6,G1,B_batteries,G1-B_batteries-02,T013,3232.9433870503444,7150.230286022929,,,B02,existing
P124_35_6,G1,C_batteries,G1-C_batteries-01,T010_2,0.0,2880.8082760764496,T001,5.000100000000202,C01,existing
P124_35_6,G1,C_batteries,G1-C_batteries-01,T001,2885.80837607645,6035.901229839401,T012,660.5175887223559,C01,existing
P124_35_6,G1,C_batteries,G1-C_batteries-01,T012,6696.418818561757,11304.166177291878,,,C01,existing
P124_35_6,G1,C_batteries,G1-C_batteries-02,T003,1438.035182877992,4385.641813543676,T019_2,66.59284005023983,C02,existing
P124_35_6,G1,C_batteries,G1-C_batteries-02,T019_2,4452.234653593916,9160.096499981806,,,C02,existing
P124_35_6,G1,relay_aircraft,G1-relay_aircraft-01,R003,1094.8164843575157,9390.324849711596,,,R01,existing
P124_35_6,G1,relay_components,G1-relay_components-01,R003,1094.8164843575157,10551.813344790942,,,RE01,existing
P124_35_6,G2,A_aircraft,G2-A_aircraft-01,T002_1,0.0,1652.4416357195464,T002_2,395.6737375830976,U02,existing
P124_35_6,G2,A_aircraft,G2-A_aircraft-01,T002_2,2048.115373302644,3650.7081092828166,T023,1900.8314477478425,U02,existing
P124_35_6,G2,A_aircraft,G2-A_aircraft-01,T023,5551.539557030659,7187.297661699124,,,U02,existing
P124_35_6,G2,A_aircraft,G2-A_aircraft-02,T017,2048.115373302644,4391.962448014616,T016,168.25763269711388,U03,existing
P124_35_6,G2,A_aircraft,G2-A_aircraft-02,T016,4560.22008071173,6255.978185380194,T019_1,5.000099999998383,U03,existing
P124_35_6,G2,A_aircraft,G2-A_aircraft-02,T019_1,6260.978285380193,7896.736390048657,,,U03,existing
P124_35_6,G2,A_aircraft,G2-A_aircraft-03,T011,2058.1153733026445,4188.754462062227,T020,531.465618649504,U04,existing
P124_35_6,G2,A_aircraft,G2-A_aircraft-03,T020,4720.220080711731,6690.4299276885495,,,U04,existing
P124_35_6,G2,B_aircraft,G2-B_aircraft-01,T014_1,4.16673174186144e-07,1519.0243448285282,T008,465.0910284741158,U06,existing
P124_35_6,G2,B_aircraft,G2-B_aircraft-01,T008,1984.115373302644,3828.6542634582115,T007,767.5658172535191,U06,existing
P124_35_6,G2,B_aircraft,G2-B_aircraft-01,T007,4596.220080711731,6939.352187396264,,,U06,existing
P124_35_6,G2,C_aircraft,G2-C_aircraft-01,T010_1,0.0,1823.224406150507,T015,252.89096715213736,U08,existing
P124_35_6,G2,C_aircraft,G2-C_aircraft-01,T015,2076.1153733026445,3744.0155776451697,T018,733.2045030665608,U08,existing
P124_35_6,G2,C_aircraft,G2-C_aircraft-01,T018,4477.220080711731,6913.029601569379,,,U08,existing
P124_35_6,G2,A_batteries,G2-A_batteries-01,T002_1,0.0,2667.5322461730734,T016,1892.6878345386563,A03,existing
P124_35_6,G2,A_batteries,G2-A_batteries-01,T016,4560.22008071173,7391.954497536396,,,A03,existing
P124_35_6,G2,A_batteries,G2-A_batteries-02,T002_2,2048.115373302644,4715.175270999501,T020,5.044809712229835,A04,existing
P124_35_6,G2,A_batteries,G2-A_batteries-02,T020,4720.220080711731,7930.430578375625,,,A04,existing
P124_35_6,G2,A_batteries,G2-A_batteries-03,T017,2048.115373302644,5755.52643126419,T019_1,505.4518541160023,A05,existing
P124_35_6,G2,A_batteries,G2-A_batteries-03,T019_1,6260.978285380193,8981.354683688944,,,A05,existing
P124_35_6,G2,A_batteries,G2-A_batteries-04,T011,2058.1153733026445,5546.53945703066,T023,5.000099999999293,A06,existing
P124_35_6,G2,A_batteries,G2-A_batteries-04,T023,5551.539557030659,8292.236282374923,,,A06,existing
P124_35_6,G2,B_batteries,G2-B_batteries-01,T014_1,4.16673174186144e-07,2956.2905629638744,T007,1639.9295177478562,B03,existing
P124_35_6,G2,B_batteries,G2-B_batteries-01,T007,4596.220080711731,8817.149572633247,,,B03,existing
P124_35_6,G2,B_batteries,G2-B_batteries-02,T008,1984.115373302644,5417.316226537593,,,B04,existing
P124_35_6,G2,C_batteries,G2-C_batteries-01,T010_1,0.0,3563.4170832737245,T018,913.8029974380061,C03,existing
P124_35_6,G2,C_batteries,G2-C_batteries-01,T018,4477.220080711731,9411.383881543894,,,C03,existing
P124_35_6,G2,C_batteries,G2-C_batteries-02,T015,2076.1153733026445,5451.076587273992,,,C04,existing
P124_35_6,G2,relay_aircraft,G2-relay_aircraft-01,R001,113.13731944608116,2129.2976388563347,R004,5.000100000000202,R02,existing
P124_35_6,G2,relay_aircraft,G2-relay_aircraft-01,R004,2134.297738856335,4789.357299741141,R002,5.000099999998383,R02,existing
P124_35_6,G2,relay_aircraft,G2-relay_aircraft-01,R002,4794.3573997411395,8150.275924236526,,,R02,existing
P124_35_6,G2,relay_components,G2-relay_components-01,R001,113.13731944608116,2500.002637752911,R002,2294.3547619882283,RE02,existing
P124_35_6,G2,relay_components,G2-relay_components-01,R002,4794.3573997411395,8687.28771421572,,,RE02,existing
P124_35_6,G2,relay_components,G2-relay_components-02,R004,2134.297738856335,5243.065183552219,,,RE03,existing
P124_35_6,G3,B_aircraft,G3-B_aircraft-01,T006,0.0,1189.630285736439,,,NEW-B_aircraft-01,procurement_required
P124_35_6,G3,B_batteries,G3-B_batteries-01,T006,0.0,2323.07116269932,,,NEW-B_batteries-01,procurement_required
P1246_3_5,G1,A_aircraft,G1-A_aircraft-01,T005,0.0,1312.470877312685,T009,5.000099999999975,U01,existing
P1246_3_5,G1,A_aircraft,G1-A_aircraft-01,T009,1317.470977312685,2633.4851917296737,T014_2,5.0000999999997475,U01,existing
P1246_3_5,G1,A_aircraft,G1-A_aircraft-01,T014_2,2638.4852917296735,4762.444692702658,T022,5.000099999999293,U01,existing
P1246_3_5,G1,A_aircraft,G1-A_aircraft-01,T022,4767.444792702658,6458.979278941607,,,U01,existing
P1246_3_5,G1,B_aircraft,G1-B_aircraft-01,T006,0.0,1189.630285736439,T004,5.000099999999975,U05,existing
P1246_3_5,G1,B_aircraft,G1-B_aircraft-01,T004,1194.630385736439,3227.943287050344,T013,5.000100000000202,U05,existing
P1246_3_5,G1,B_aircraft,G1-B_aircraft-01,T013,3232.9433870503444,5190.984658537339,T021,5.000100000000202,U05,existing
P1246_3_5,G1,B_aircraft,G1-B_aircraft-01,T021,5195.984758537339,7094.0260300243335,,,U05,existing
P1246_3_5,G1,C_aircraft,G1-C_aircraft-01,T010_2,0.0,1433.035082877992,T003,5.000099999999975,U07,existing
P1246_3_5,G1,C_aircraft,G1-C_aircraft-01,T003,1438.035182877992,2867.4613603954576,T001,18.347015680992172,U07,existing
P1246_3_5,G1,C_aircraft,G1-C_aircraft-01,T001,2885.80837607645,4447.234553593915,T019_2,5.000100000001112,U07,existing
P1246_3_5,G1,C_aircraft,G1-C_aircraft-01,T019_2,4452.234653593916,6691.4187185617575,T012,5.000099999999293,U07,existing
P1246_3_5,G1,C_aircraft,G1-C_aircraft-01,T012,6696.418818561757,8811.50045984021,,,U07,existing
P1246_3_5,G1,A_batteries,G1-A_batteries-01,T005,0.0,2178.7887122874713,T014_2,459.69657944220216,A01,existing
P1246_3_5,G1,A_batteries,G1-A_batteries-01,T014_2,2638.4852917296735,6105.968766534681,,,A01,existing
P1246_3_5,G1,A_batteries,G1-A_batteries-02,T009,1317.470977312685,3525.3399936387705,T022,1242.1047990638872,A02,existing
P1246_3_5,G1,A_batteries,G1-A_batteries-02,T022,4767.444792702658,7634.473785621062,,,A02,existing
P1246_3_5,G1,B_batteries,G1-B_batteries-01,T006,0.0,2323.07116269932,T013,909.8722243510242,B01,existing
P1246_3_5,G1,B_batteries,G1-B_batteries-01,T013,3232.9433870503444,7150.230286022929,,,B01,existing
P1246_3_5,G1,B_batteries,G1-B_batteries-02,T004,1194.630385736439,4994.129999948263,T021,201.85475858907648,B02,existing
P1246_3_5,G1,B_batteries,G1-B_batteries-02,T021,5195.984758537339,8961.208181941944,,,B02,existing
P1246_3_5,G1,C_batteries,G1-C_batteries-01,T010_2,0.0,2880.8082760764496,T001,5.000100000000202,C01,existing
P1246_3_5,G1,C_batteries,G1-C_batteries-01,T001,2885.80837607645,6035.901229839401,T012,660.5175887223559,C01,existing
P1246_3_5,G1,C_batteries,G1-C_batteries-01,T012,6696.418818561757,11304.166177291878,,,C01,existing
P1246_3_5,G1,C_batteries,G1-C_batteries-02,T003,1438.035182877992,4385.641813543676,T019_2,66.59284005023983,C02,existing
P1246_3_5,G1,C_batteries,G1-C_batteries-02,T019_2,4452.234653593916,9160.096499981806,,,C02,existing
P1246_3_5,G1,relay_aircraft,G1-relay_aircraft-01,R003,1094.8164843575157,9390.324849711596,,,R01,existing
P1246_3_5,G1,relay_components,G1-relay_components-01,R003,1094.8164843575157,10551.813344790942,,,RE01,existing
P1246_3_5,G2,A_aircraft,G2-A_aircraft-01,T002_1,0.0,1652.4416357195464,T016,2907.7784449921833,U02,existing
P1246_3_5,G2,A_aircraft,G2-A_aircraft-01,T016,4560.22008071173,6255.978185380194,T019_1,5.000099999998383,U02,existing
P1246_3_5,G2,A_aircraft,G2-A_aircraft-01,T019_1,6260.978285380193,7896.736390048657,,,U02,existing
P1246_3_5,G2,A_aircraft,G2-A_aircraft-02,T020,4720.220080711731,6690.4299276885495,,,U03,existing
P1246_3_5,G2,A_aircraft,G2-A_aircraft-03,T023,5551.539557030659,7187.297661699124,,,U04,existing
P1246_3_5,G2,B_aircraft,G2-B_aircraft-01,T014_1,4.16673174186144e-07,1519.0243448285282,T007,3077.1957358832024,U06,existing
P1246_3_5,G2,B_aircraft,G2-B_aircraft-01,T007,4596.220080711731,6939.352187396264,,,U06,existing
P1246_3_5,G2,C_aircraft,G2-C_aircraft-01,T010_1,0.0,1823.224406150507,T018,2653.9956745612235,U08,existing
P1246_3_5,G2,C_aircraft,G2-C_aircraft-01,T018,4477.220080711731,6913.029601569379,,,U08,existing
P1246_3_5,G2,A_batteries,G2-A_batteries-01,T002_1,0.0,2667.5322461730734,T019_1,3593.446039207119,A03,existing
P1246_3_5,G2,A_batteries,G2-A_batteries-01,T019_1,6260.978285380193,8981.354683688944,,,A03,existing
P1246_3_5,G2,A_batteries,G2-A_batteries-02,T016,4560.22008071173,7391.954497536396,,,A04,existing
P1246_3_5,G2,A_batteries,G2-A_batteries-03,T020,4720.220080711731,7930.430578375625,,,A05,existing
P1246_3_5,G2,A_batteries,G2-A_batteries-04,T023,5551.539557030659,8292.236282374923,,,A06,existing
P1246_3_5,G2,B_batteries,G2-B_batteries-01,T014_1,4.16673174186144e-07,2956.2905629638744,T007,1639.9295177478562,B03,existing
P1246_3_5,G2,B_batteries,G2-B_batteries-01,T007,4596.220080711731,8817.149572633247,,,B03,existing
P1246_3_5,G2,C_batteries,G2-C_batteries-01,T010_1,0.0,3563.4170832737245,T018,913.8029974380061,C03,existing
P1246_3_5,G2,C_batteries,G2-C_batteries-01,T018,4477.220080711731,9411.383881543894,,,C03,existing
P1246_3_5,G2,relay_aircraft,G2-relay_aircraft-01,R001,113.13731944608116,2129.2976388563347,R002,2665.0597608848047,R02,existing
P1246_3_5,G2,relay_aircraft,G2-relay_aircraft-01,R002,4794.3573997411395,8150.275924236526,,,R02,existing
P1246_3_5,G2,relay_components,G2-relay_components-01,R001,113.13731944608116,2500.002637752911,R002,2294.3547619882283,RE02,existing
P1246_3_5,G2,relay_components,G2-relay_components-01,R002,4794.3573997411395,8687.28771421572,,,RE02,existing
P1246_3_5,G3,A_aircraft,G3-A_aircraft-01,T002_2,2048.115373302644,3650.7081092828166,,,NEW-A_aircraft-01,procurement_required
P1246_3_5,G3,A_aircraft,G3-A_aircraft-02,T017,2048.115373302644,4391.962448014616,,,NEW-A_aircraft-02,procurement_required
P1246_3_5,G3,A_aircraft,G3-A_aircraft-03,T011,2058.1153733026445,4188.754462062227,,,NEW-A_aircraft-03,procurement_required
P1246_3_5,G3,B_aircraft,G3-B_aircraft-01,T008,1984.115373302644,3828.6542634582115,,,NEW-B_aircraft-01,procurement_required
P1246_3_5,G3,C_aircraft,G3-C_aircraft-01,T015,2076.1153733026445,3744.0155776451697,,,NEW-C_aircraft-01,procurement_required
P1246_3_5,G3,A_batteries,G3-A_batteries-01,T002_2,2048.115373302644,4715.175270999501,,,NEW-A_batteries-01,procurement_required
P1246_3_5,G3,A_batteries,G3-A_batteries-02,T017,2048.115373302644,5755.52643126419,,,NEW-A_batteries-02,procurement_required
P1246_3_5,G3,A_batteries,G3-A_batteries-03,T011,2058.1153733026445,5546.53945703066,,,NEW-A_batteries-03,procurement_required
P1246_3_5,G3,B_batteries,G3-B_batteries-01,T008,1984.115373302644,5417.316226537593,,,B04,existing
P1246_3_5,G3,C_batteries,G3-C_batteries-01,T015,2076.1153733026445,5451.076587273992,,,C04,existing
P1246_3_5,G3,relay_aircraft,G3-relay_aircraft-01,R004,2134.297738856335,4789.357299741141,,,NEW-relay_aircraft-01,procurement_required
P1246_3_5,G3,relay_components,G3-relay_components-01,R004,2134.297738856335,5243.065183552219,,,RE03,existing
P124_36_5,G1,A_aircraft,G1-A_aircraft-01,T005,0.0,1312.470877312685,T009,5.000099999999975,U01,existing
P124_36_5,G1,A_aircraft,G1-A_aircraft-01,T009,1317.470977312685,2633.4851917296737,T014_2,5.0000999999997475,U01,existing
P124_36_5,G1,A_aircraft,G1-A_aircraft-01,T014_2,2638.4852917296735,4762.444692702658,T022,5.000099999999293,U01,existing
P124_36_5,G1,A_aircraft,G1-A_aircraft-01,T022,4767.444792702658,6458.979278941607,,,U01,existing
P124_36_5,G1,B_aircraft,G1-B_aircraft-01,T004,1194.630385736439,3227.943287050344,T013,5.000100000000202,U05,existing
P124_36_5,G1,B_aircraft,G1-B_aircraft-01,T013,3232.9433870503444,5190.984658537339,T021,5.000100000000202,U05,existing
P124_36_5,G1,B_aircraft,G1-B_aircraft-01,T021,5195.984758537339,7094.0260300243335,,,U05,existing
P124_36_5,G1,C_aircraft,G1-C_aircraft-01,T010_2,0.0,1433.035082877992,T003,5.000099999999975,U07,existing
P124_36_5,G1,C_aircraft,G1-C_aircraft-01,T003,1438.035182877992,2867.4613603954576,T001,18.347015680992172,U07,existing
P124_36_5,G1,C_aircraft,G1-C_aircraft-01,T001,2885.80837607645,4447.234553593915,T019_2,5.000100000001112,U07,existing
P124_36_5,G1,C_aircraft,G1-C_aircraft-01,T019_2,4452.234653593916,6691.4187185617575,T012,5.000099999999293,U07,existing
P124_36_5,G1,C_aircraft,G1-C_aircraft-01,T012,6696.418818561757,8811.50045984021,,,U07,existing
P124_36_5,G1,A_batteries,G1-A_batteries-01,T005,0.0,2178.7887122874713,T014_2,459.69657944220216,A01,existing
P124_36_5,G1,A_batteries,G1-A_batteries-01,T014_2,2638.4852917296735,6105.968766534681,,,A01,existing
P124_36_5,G1,A_batteries,G1-A_batteries-02,T009,1317.470977312685,3525.3399936387705,T022,1242.1047990638872,A02,existing
P124_36_5,G1,A_batteries,G1-A_batteries-02,T022,4767.444792702658,7634.473785621062,,,A02,existing
P124_36_5,G1,B_batteries,G1-B_batteries-01,T004,1194.630385736439,4994.129999948263,T021,201.85475858907648,B01,existing
P124_36_5,G1,B_batteries,G1-B_batteries-01,T021,5195.984758537339,8961.208181941944,,,B01,existing
P124_36_5,G1,B_batteries,G1-B_batteries-02,T013,3232.9433870503444,7150.230286022929,,,B02,existing
P124_36_5,G1,C_batteries,G1-C_batteries-01,T010_2,0.0,2880.8082760764496,T001,5.000100000000202,C01,existing
P124_36_5,G1,C_batteries,G1-C_batteries-01,T001,2885.80837607645,6035.901229839401,T012,660.5175887223559,C01,existing
P124_36_5,G1,C_batteries,G1-C_batteries-01,T012,6696.418818561757,11304.166177291878,,,C01,existing
P124_36_5,G1,C_batteries,G1-C_batteries-02,T003,1438.035182877992,4385.641813543676,T019_2,66.59284005023983,C02,existing
P124_36_5,G1,C_batteries,G1-C_batteries-02,T019_2,4452.234653593916,9160.096499981806,,,C02,existing
P124_36_5,G1,relay_aircraft,G1-relay_aircraft-01,R003,1094.8164843575157,9390.324849711596,,,R01,existing
P124_36_5,G1,relay_components,G1-relay_components-01,R003,1094.8164843575157,10551.813344790942,,,RE01,existing
P124_36_5,G2,A_aircraft,G2-A_aircraft-01,T002_1,0.0,1652.4416357195464,T016,2907.7784449921833,U02,existing
P124_36_5,G2,A_aircraft,G2-A_aircraft-01,T016,4560.22008071173,6255.978185380194,T019_1,5.000099999998383,U02,existing
P124_36_5,G2,A_aircraft,G2-A_aircraft-01,T019_1,6260.978285380193,7896.736390048657,,,U02,existing
P124_36_5,G2,A_aircraft,G2-A_aircraft-02,T020,4720.220080711731,6690.4299276885495,,,U03,existing
P124_36_5,G2,A_aircraft,G2-A_aircraft-03,T023,5551.539557030659,7187.297661699124,,,U04,existing
P124_36_5,G2,B_aircraft,G2-B_aircraft-01,T006,0.0,1189.630285736439,T007,3406.5897949752916,U06,existing
P124_36_5,G2,B_aircraft,G2-B_aircraft-01,T007,4596.220080711731,6939.352187396264,,,U06,existing
P124_36_5,G2,B_aircraft,G2-B_aircraft-02,T014_1,4.16673174186144e-07,1519.0243448285282,,,NEW-B_aircraft-01,procurement_required
P124_36_5,G2,C_aircraft,G2-C_aircraft-01,T010_1,0.0,1823.224406150507,T018,2653.9956745612235,U08,existing
P124_36_5,G2,C_aircraft,G2-C_aircraft-01,T018,4477.220080711731,6913.029601569379,,,U08,existing
P124_36_5,G2,A_batteries,G2-A_batteries-01,T002_1,0.0,2667.5322461730734,T019_1,3593.446039207119,A03,existing
P124_36_5,G2,A_batteries,G2-A_batteries-01,T019_1,6260.978285380193,8981.354683688944,,,A03,existing
P124_36_5,G2,A_batteries,G2-A_batteries-02,T016,4560.22008071173,7391.954497536396,,,A04,existing
P124_36_5,G2,A_batteries,G2-A_batteries-03,T020,4720.220080711731,7930.430578375625,,,A05,existing
P124_36_5,G2,A_batteries,G2-A_batteries-04,T023,5551.539557030659,8292.236282374923,,,A06,existing
P124_36_5,G2,B_batteries,G2-B_batteries-01,T006,0.0,2323.07116269932,T007,2273.1489180124104,B03,existing
P124_36_5,G2,B_batteries,G2-B_batteries-01,T007,4596.220080711731,8817.149572633247,,,B03,existing
P124_36_5,G2,B_batteries,G2-B_batteries-02,T014_1,4.16673174186144e-07,2956.2905629638744,,,B04,existing
P124_36_5,G2,C_batteries,G2-C_batteries-01,T010_1,0.0,3563.4170832737245,T018,913.8029974380061,C03,existing
P124_36_5,G2,C_batteries,G2-C_batteries-01,T018,4477.220080711731,9411.383881543894,,,C03,existing
P124_36_5,G2,relay_aircraft,G2-relay_aircraft-01,R001,113.13731944608116,2129.2976388563347,R002,2665.0597608848047,R02,existing
P124_36_5,G2,relay_aircraft,G2-relay_aircraft-01,R002,4794.3573997411395,8150.275924236526,,,R02,existing
P124_36_5,G2,relay_components,G2-relay_components-01,R001,113.13731944608116,2500.002637752911,R002,2294.3547619882283,RE02,existing
P124_36_5,G2,relay_components,G2-relay_components-01,R002,4794.3573997411395,8687.28771421572,,,RE02,existing
P124_36_5,G3,A_aircraft,G3-A_aircraft-01,T002_2,2048.115373302644,3650.7081092828166,,,NEW-A_aircraft-01,procurement_required
P124_36_5,G3,A_aircraft,G3-A_aircraft-02,T017,2048.115373302644,4391.962448014616,,,NEW-A_aircraft-02,procurement_required
P124_36_5,G3,A_aircraft,G3-A_aircraft-03,T011,2058.1153733026445,4188.754462062227,,,NEW-A_aircraft-03,procurement_required
P124_36_5,G3,B_aircraft,G3-B_aircraft-01,T008,1984.115373302644,3828.6542634582115,,,NEW-B_aircraft-02,procurement_required
P124_36_5,G3,C_aircraft,G3-C_aircraft-01,T015,2076.1153733026445,3744.0155776451697,,,NEW-C_aircraft-01,procurement_required
P124_36_5,G3,A_batteries,G3-A_batteries-01,T002_2,2048.115373302644,4715.175270999501,,,NEW-A_batteries-01,procurement_required
P124_36_5,G3,A_batteries,G3-A_batteries-02,T017,2048.115373302644,5755.52643126419,,,NEW-A_batteries-02,procurement_required
P124_36_5,G3,A_batteries,G3-A_batteries-03,T011,2058.1153733026445,5546.53945703066,,,NEW-A_batteries-03,procurement_required
P124_36_5,G3,B_batteries,G3-B_batteries-01,T008,1984.115373302644,5417.316226537593,,,NEW-B_batteries-01,procurement_required
P124_36_5,G3,C_batteries,G3-C_batteries-01,T015,2076.1153733026445,5451.076587273992,,,C04,existing
P124_36_5,G3,relay_aircraft,G3-relay_aircraft-01,R004,2134.297738856335,4789.357299741141,,,NEW-relay_aircraft-01,procurement_required
P124_36_5,G3,relay_components,G3-relay_components-01,R004,2134.297738856335,5243.065183552219,,,RE03,existing
P124_3_56,G1,A_aircraft,G1-A_aircraft-01,T005,0.0,1312.470877312685,T009,5.000099999999975,U01,existing
P124_3_56,G1,A_aircraft,G1-A_aircraft-01,T009,1317.470977312685,2633.4851917296737,T014_2,5.0000999999997475,U01,existing
P124_3_56,G1,A_aircraft,G1-A_aircraft-01,T014_2,2638.4852917296735,4762.444692702658,T022,5.000099999999293,U01,existing
P124_3_56,G1,A_aircraft,G1-A_aircraft-01,T022,4767.444792702658,6458.979278941607,,,U01,existing
P124_3_56,G1,B_aircraft,G1-B_aircraft-01,T004,1194.630385736439,3227.943287050344,T013,5.000100000000202,U05,existing
P124_3_56,G1,B_aircraft,G1-B_aircraft-01,T013,3232.9433870503444,5190.984658537339,T021,5.000100000000202,U05,existing
P124_3_56,G1,B_aircraft,G1-B_aircraft-01,T021,5195.984758537339,7094.0260300243335,,,U05,existing
P124_3_56,G1,C_aircraft,G1-C_aircraft-01,T010_2,0.0,1433.035082877992,T003,5.000099999999975,U07,existing
P124_3_56,G1,C_aircraft,G1-C_aircraft-01,T003,1438.035182877992,2867.4613603954576,T001,18.347015680992172,U07,existing
P124_3_56,G1,C_aircraft,G1-C_aircraft-01,T001,2885.80837607645,4447.234553593915,T019_2,5.000100000001112,U07,existing
P124_3_56,G1,C_aircraft,G1-C_aircraft-01,T019_2,4452.234653593916,6691.4187185617575,T012,5.000099999999293,U07,existing
P124_3_56,G1,C_aircraft,G1-C_aircraft-01,T012,6696.418818561757,8811.50045984021,,,U07,existing
P124_3_56,G1,A_batteries,G1-A_batteries-01,T005,0.0,2178.7887122874713,T014_2,459.69657944220216,A01,existing
P124_3_56,G1,A_batteries,G1-A_batteries-01,T014_2,2638.4852917296735,6105.968766534681,,,A01,existing
P124_3_56,G1,A_batteries,G1-A_batteries-02,T009,1317.470977312685,3525.3399936387705,T022,1242.1047990638872,A02,existing
P124_3_56,G1,A_batteries,G1-A_batteries-02,T022,4767.444792702658,7634.473785621062,,,A02,existing
P124_3_56,G1,B_batteries,G1-B_batteries-01,T004,1194.630385736439,4994.129999948263,T021,201.85475858907648,B01,existing
P124_3_56,G1,B_batteries,G1-B_batteries-01,T021,5195.984758537339,8961.208181941944,,,B01,existing
P124_3_56,G1,B_batteries,G1-B_batteries-02,T013,3232.9433870503444,7150.230286022929,,,B02,existing
P124_3_56,G1,C_batteries,G1-C_batteries-01,T010_2,0.0,2880.8082760764496,T001,5.000100000000202,C01,existing
P124_3_56,G1,C_batteries,G1-C_batteries-01,T001,2885.80837607645,6035.901229839401,T012,660.5175887223559,C01,existing
P124_3_56,G1,C_batteries,G1-C_batteries-01,T012,6696.418818561757,11304.166177291878,,,C01,existing
P124_3_56,G1,C_batteries,G1-C_batteries-02,T003,1438.035182877992,4385.641813543676,T019_2,66.59284005023983,C02,existing
P124_3_56,G1,C_batteries,G1-C_batteries-02,T019_2,4452.234653593916,9160.096499981806,,,C02,existing
P124_3_56,G1,relay_aircraft,G1-relay_aircraft-01,R003,1094.8164843575157,9390.324849711596,,,R01,existing
P124_3_56,G1,relay_components,G1-relay_components-01,R003,1094.8164843575157,10551.813344790942,,,RE01,existing
P124_3_56,G2,A_aircraft,G2-A_aircraft-01,T002_1,0.0,1652.4416357195464,T016,2907.7784449921833,U02,existing
P124_3_56,G2,A_aircraft,G2-A_aircraft-01,T016,4560.22008071173,6255.978185380194,T019_1,5.000099999998383,U02,existing
P124_3_56,G2,A_aircraft,G2-A_aircraft-01,T019_1,6260.978285380193,7896.736390048657,,,U02,existing
P124_3_56,G2,A_aircraft,G2-A_aircraft-02,T020,4720.220080711731,6690.4299276885495,,,U03,existing
P124_3_56,G2,A_aircraft,G2-A_aircraft-03,T023,5551.539557030659,7187.297661699124,,,U04,existing
P124_3_56,G2,B_aircraft,G2-B_aircraft-01,T014_1,4.16673174186144e-07,1519.0243448285282,T007,3077.1957358832024,U06,existing
P124_3_56,G2,B_aircraft,G2-B_aircraft-01,T007,4596.220080711731,6939.352187396264,,,U06,existing
P124_3_56,G2,C_aircraft,G2-C_aircraft-01,T010_1,0.0,1823.224406150507,T018,2653.9956745612235,U08,existing
P124_3_56,G2,C_aircraft,G2-C_aircraft-01,T018,4477.220080711731,6913.029601569379,,,U08,existing
P124_3_56,G2,A_batteries,G2-A_batteries-01,T002_1,0.0,2667.5322461730734,T019_1,3593.446039207119,A03,existing
P124_3_56,G2,A_batteries,G2-A_batteries-01,T019_1,6260.978285380193,8981.354683688944,,,A03,existing
P124_3_56,G2,A_batteries,G2-A_batteries-02,T016,4560.22008071173,7391.954497536396,,,A04,existing
P124_3_56,G2,A_batteries,G2-A_batteries-03,T020,4720.220080711731,7930.430578375625,,,A05,existing
P124_3_56,G2,A_batteries,G2-A_batteries-04,T023,5551.539557030659,8292.236282374923,,,A06,existing
P124_3_56,G2,B_batteries,G2-B_batteries-01,T014_1,4.16673174186144e-07,2956.2905629638744,T007,1639.9295177478562,B03,existing
P124_3_56,G2,B_batteries,G2-B_batteries-01,T007,4596.220080711731,8817.149572633247,,,B03,existing
P124_3_56,G2,C_batteries,G2-C_batteries-01,T010_1,0.0,3563.4170832737245,T018,913.8029974380061,C03,existing
P124_3_56,G2,C_batteries,G2-C_batteries-01,T018,4477.220080711731,9411.383881543894,,,C03,existing
P124_3_56,G2,relay_aircraft,G2-relay_aircraft-01,R001,113.13731944608116,2129.2976388563347,R002,2665.0597608848047,R02,existing
P124_3_56,G2,relay_aircraft,G2-relay_aircraft-01,R002,4794.3573997411395,8150.275924236526,,,R02,existing
P124_3_56,G2,relay_components,G2-relay_components-01,R001,113.13731944608116,2500.002637752911,R002,2294.3547619882283,RE02,existing
P124_3_56,G2,relay_components,G2-relay_components-01,R002,4794.3573997411395,8687.28771421572,,,RE02,existing
P124_3_56,G3,A_aircraft,G3-A_aircraft-01,T002_2,2048.115373302644,3650.7081092828166,,,NEW-A_aircraft-01,procurement_required
P124_3_56,G3,A_aircraft,G3-A_aircraft-02,T017,2048.115373302644,4391.962448014616,,,NEW-A_aircraft-02,procurement_required
P124_3_56,G3,A_aircraft,G3-A_aircraft-03,T011,2058.1153733026445,4188.754462062227,,,NEW-A_aircraft-03,procurement_required
P124_3_56,G3,B_aircraft,G3-B_aircraft-01,T006,0.0,1189.630285736439,T008,794.485087566205,NEW-B_aircraft-01,procurement_required
P124_3_56,G3,B_aircraft,G3-B_aircraft-01,T008,1984.115373302644,3828.6542634582115,,,NEW-B_aircraft-01,procurement_required
P124_3_56,G3,C_aircraft,G3-C_aircraft-01,T015,2076.1153733026445,3744.0155776451697,,,NEW-C_aircraft-01,procurement_required
P124_3_56,G3,A_batteries,G3-A_batteries-01,T002_2,2048.115373302644,4715.175270999501,,,NEW-A_batteries-01,procurement_required
P124_3_56,G3,A_batteries,G3-A_batteries-02,T017,2048.115373302644,5755.52643126419,,,NEW-A_batteries-02,procurement_required
P124_3_56,G3,A_batteries,G3-A_batteries-03,T011,2058.1153733026445,5546.53945703066,,,NEW-A_batteries-03,procurement_required
P124_3_56,G3,B_batteries,G3-B_batteries-01,T006,0.0,2323.07116269932,,,B04,existing
P124_3_56,G3,B_batteries,G3-B_batteries-02,T008,1984.115373302644,5417.316226537593,,,NEW-B_batteries-01,procurement_required
P124_3_56,G3,C_batteries,G3-C_batteries-01,T015,2076.1153733026445,5451.076587273992,,,C04,existing
P124_3_56,G3,relay_aircraft,G3-relay_aircraft-01,R004,2134.297738856335,4789.357299741141,,,NEW-relay_aircraft-01,procurement_required
P124_3_56,G3,relay_components,G3-relay_components-01,R004,2134.297738856335,5243.065183552219,,,RE03,existing
P125_34_6,G1,A_aircraft,G1-A_aircraft-01,T005,0.0,1312.470877312685,T014_2,1326.0144144169885,U01,existing
P125_34_6,G1,A_aircraft,G1-A_aircraft-01,T014_2,2638.4852917296735,4762.444692702658,,,U01,existing
P125_34_6,G1,A_aircraft,G1-A_aircraft-02,T002_2,2048.115373302644,3650.7081092828166,T022,1116.736683419841,U02,existing
P125_34_6,G1,A_aircraft,G1-A_aircraft-02,T022,4767.444792702658,6458.979278941607,,,U02,existing
P125_34_6,G1,A_aircraft,G1-A_aircraft-03,T017,2048.115373302644,4391.962448014616,,,U03,existing
P125_34_6,G1,A_aircraft,G1-A_aircraft-04,T011,2058.1153733026445,4188.754462062227,,,U04,existing
P125_34_6,G1,B_aircraft,G1-B_aircraft-01,T004,1194.630385736439,3227.943287050344,T013,5.000100000000202,U05,existing
P125_34_6,G1,B_aircraft,G1-B_aircraft-01,T013,3232.9433870503444,5190.984658537339,,,U05,existing
P125_34_6,G1,B_aircraft,G1-B_aircraft-02,T008,1984.115373302644,3828.6542634582115,T021,1367.3304950791276,U06,existing
P125_34_6,G1,B_aircraft,G1-B_aircraft-02,T021,5195.984758537339,7094.0260300243335,,,U06,existing
P125_34_6,G1,C_aircraft,G1-C_aircraft-01,T003,1438.035182877992,2867.4613603954576,T001,18.347015680992172,U07,existing
P125_34_6,G1,C_aircraft,G1-C_aircraft-01,T001,2885.80837607645,4447.234553593915,T012,2249.184264967842,U07,existing
P125_34_6,G1,C_aircraft,G1-C_aircraft-01,T012,6696.418818561757,8811.50045984021,,,U07,existing
P125_34_6,G1,C_aircraft,G1-C_aircraft-02,T015,2076.1153733026445,3744.0155776451697,T019_2,708.2190759487462,U08,existing
P125_34_6,G1,C_aircraft,G1-C_aircraft-02,T019_2,4452.234653593916,6691.4187185617575,,,U08,existing
P125_34_6,G1,A_batteries,G1-A_batteries-01,T005,0.0,2178.7887122874713,T014_2,459.69657944220216,A01,existing
P125_34_6,G1,A_batteries,G1-A_batteries-01,T014_2,2638.4852917296735,6105.968766534681,,,A01,existing
P125_34_6,G1,A_batteries,G1-A_batteries-02,T002_2,2048.115373302644,4715.175270999501,T022,52.2695217031569,A02,existing
P125_34_6,G1,A_batteries,G1-A_batteries-02,T022,4767.444792702658,7634.473785621062,,,A02,existing
P125_34_6,G1,A_batteries,G1-A_batteries-03,T017,2048.115373302644,5755.52643126419,,,A03,existing
P125_34_6,G1,A_batteries,G1-A_batteries-04,T011,2058.1153733026445,5546.53945703066,,,A04,existing
P125_34_6,G1,B_batteries,G1-B_batteries-01,T004,1194.630385736439,4994.129999948263,T021,201.85475858907648,B01,existing
P125_34_6,G1,B_batteries,G1-B_batteries-01,T021,5195.984758537339,8961.208181941944,,,B01,existing
P125_34_6,G1,B_batteries,G1-B_batteries-02,T008,1984.115373302644,5417.316226537593,,,B02,existing
P125_34_6,G1,B_batteries,G1-B_batteries-03,T013,3232.9433870503444,7150.230286022929,,,B03,existing
P125_34_6,G1,C_batteries,G1-C_batteries-01,T003,1438.035182877992,4385.641813543676,T019_2,66.59284005023983,C01,existing
P125_34_6,G1,C_batteries,G1-C_batteries-01,T019_2,4452.234653593916,9160.096499981806,,,C01,existing
P125_34_6,G1,C_batteries,G1-C_batteries-02,T015,2076.1153733026445,5451.076587273992,T012,1245.3422312877647,C02,existing
P125_34_6,G1,C_batteries,G1-C_batteries-02,T012,6696.418818561757,11304.166177291878,,,C02,existing
P125_34_6,G1,C_batteries,G1-C_batteries-03,T001,2885.80837607645,6035.901229839401,,,C03,existing
P125_34_6,G1,relay_aircraft,G1-relay_aircraft-01,R003,1094.8164843575157,9390.324849711596,,,R01,existing
P125_34_6,G1,relay_aircraft,G1-relay_aircraft-02,R004,2134.297738856335,4789.357299741141,,,R02,existing
P125_34_6,G1,relay_components,G1-relay_components-01,R003,1094.8164843575157,10551.813344790942,,,RE01,existing
P125_34_6,G1,relay_components,G1-relay_components-02,R004,2134.297738856335,5243.065183552219,,,RE02,existing
P125_34_6,G2,A_aircraft,G2-A_aircraft-01,T002_1,0.0,1652.4416357195464,T020,3067.778444992184,NEW-A_aircraft-01,procurement_required
P125_34_6,G2,A_aircraft,G2-A_aircraft-01,T020,4720.220080711731,6690.4299276885495,,,NEW-A_aircraft-01,procurement_required
P125_34_6,G2,A_aircraft,G2-A_aircraft-02,T009,1317.470977312685,2633.4851917296737,T016,1926.734888982056,NEW-A_aircraft-02,procurement_required
P125_34_6,G2,A_aircraft,G2-A_aircraft-02,T016,4560.22008071173,6255.978185380194,T019_1,5.000099999998383,NEW-A_aircraft-02,procurement_required
P125_34_6,G2,A_aircraft,G2-A_aircraft-02,T019_1,6260.978285380193,7896.736390048657,,,NEW-A_aircraft-02,procurement_required
P125_34_6,G2,A_aircraft,G2-A_aircraft-03,T023,5551.539557030659,7187.297661699124,,,NEW-A_aircraft-03,procurement_required
P125_34_6,G2,B_aircraft,G2-B_aircraft-01,T014_1,4.16673174186144e-07,1519.0243448285282,T007,3077.1957358832024,NEW-B_aircraft-01,procurement_required
P125_34_6,G2,B_aircraft,G2-B_aircraft-01,T007,4596.220080711731,6939.352187396264,,,NEW-B_aircraft-01,procurement_required
P125_34_6,G2,C_aircraft,G2-C_aircraft-01,T010_1,0.0,1823.224406150507,,,NEW-C_aircraft-01,procurement_required
P125_34_6,G2,C_aircraft,G2-C_aircraft-02,T010_2,0.0,1433.035082877992,T018,3044.1849978337386,NEW-C_aircraft-02,procurement_required
P125_34_6,G2,C_aircraft,G2-C_aircraft-02,T018,4477.220080711731,6913.029601569379,,,NEW-C_aircraft-02,procurement_required
P125_34_6,G2,A_batteries,G2-A_batteries-01,T002_1,0.0,2667.5322461730734,T023,2884.0073108575857,A05,existing
P125_34_6,G2,A_batteries,G2-A_batteries-01,T023,5551.539557030659,8292.236282374923,,,A05,existing
P125_34_6,G2,A_batteries,G2-A_batteries-02,T009,1317.470977312685,3525.3399936387705,T019_1,2735.638291741422,A06,existing
P125_34_6,G2,A_batteries,G2-A_batteries-02,T019_1,6260.978285380193,8981.354683688944,,,A06,existing
P125_34_6,G2,A_batteries,G2-A_batteries-03,T016,4560.22008071173,7391.954497536396,,,NEW-A_batteries-01,procurement_required
P125_34_6,G2,A_batteries,G2-A_batteries-04,T020,4720.220080711731,7930.430578375625,,,NEW-A_batteries-02,procurement_required
P125_34_6,G2,B_batteries,G2-B_batteries-01,T014_1,4.16673174186144e-07,2956.2905629638744,T007,1639.9295177478562,B04,existing
P125_34_6,G2,B_batteries,G2-B_batteries-01,T007,4596.220080711731,8817.149572633247,,,B04,existing
P125_34_6,G2,C_batteries,G2-C_batteries-01,T010_1,0.0,3563.4170832737245,,,C04,existing
P125_34_6,G2,C_batteries,G2-C_batteries-02,T010_2,0.0,2880.8082760764496,T018,1596.411804635281,NEW-C_batteries-01,procurement_required
P125_34_6,G2,C_batteries,G2-C_batteries-02,T018,4477.220080711731,9411.383881543894,,,NEW-C_batteries-01,procurement_required
P125_34_6,G2,relay_aircraft,G2-relay_aircraft-01,R001,113.13731944608116,2129.2976388563347,R002,2665.0597608848047,NEW-relay_aircraft-01,procurement_required
P125_34_6,G2,relay_aircraft,G2-relay_aircraft-01,R002,4794.3573997411395,8150.275924236526,,,NEW-relay_aircraft-01,procurement_required
P125_34_6,G2,relay_components,G2-relay_components-01,R001,113.13731944608116,2500.002637752911,R002,2294.3547619882283,RE03,existing
P125_34_6,G2,relay_components,G2-relay_components-01,R002,4794.3573997411395,8687.28771421572,,,RE03,existing
P125_34_6,G3,B_aircraft,G3-B_aircraft-01,T006,0.0,1189.630285736439,,,NEW-B_aircraft-02,procurement_required
P125_34_6,G3,B_batteries,G3-B_batteries-01,T006,0.0,2323.07116269932,,,NEW-B_batteries-01,procurement_required
P12_345_6,G1,A_aircraft,G1-A_aircraft-01,T005,0.0,1312.470877312685,T014_2,1326.0144144169885,U01,existing
P12_345_6,G1,A_aircraft,G1-A_aircraft-01,T014_2,2638.4852917296735,4762.444692702658,T022,5.000099999999293,U01,existing
P12_345_6,G1,A_aircraft,G1-A_aircraft-01,T022,4767.444792702658,6458.979278941607,,,U01,existing
P12_345_6,G1,B_aircraft,G1-B_aircraft-01,T004,1194.630385736439,3227.943287050344,T013,5.000100000000202,U05,existing
P12_345_6,G1,B_aircraft,G1-B_aircraft-01,T013,3232.9433870503444,5190.984658537339,T021,5.000100000000202,U05,existing
P12_345_6,G1,B_aircraft,G1-B_aircraft-01,T021,5195.984758537339,7094.0260300243335,,,U05,existing
P12_345_6,G1,C_aircraft,G1-C_aircraft-01,T003,1438.035182877992,2867.4613603954576,T001,18.347015680992172,U07,existing
P12_345_6,G1,C_aircraft,G1-C_aircraft-01,T001,2885.80837607645,4447.234553593915,T019_2,5.000100000001112,U07,existing
P12_345_6,G1,C_aircraft,G1-C_aircraft-01,T019_2,4452.234653593916,6691.4187185617575,T012,5.000099999999293,U07,existing
P12_345_6,G1,C_aircraft,G1-C_aircraft-01,T012,6696.418818561757,8811.50045984021,,,U07,existing
P12_345_6,G1,A_batteries,G1-A_batteries-01,T005,0.0,2178.7887122874713,T022,2588.6560804151864,A01,existing
P12_345_6,G1,A_batteries,G1-A_batteries-01,T022,4767.444792702658,7634.473785621062,,,A01,existing
P12_345_6,G1,A_batteries,G1-A_batteries-02,T014_2,2638.4852917296735,6105.968766534681,,,A02,existing
P12_345_6,G1,B_batteries,G1-B_batteries-01,T004,1194.630385736439,4994.129999948263,T021,201.85475858907648,B01,existing
P12_345_6,G1,B_batteries,G1-B_batteries-01,T021,5195.984758537339,8961.208181941944,,,B01,existing
P12_345_6,G1,B_batteries,G1-B_batteries-02,T013,3232.9433870503444,7150.230286022929,,,B02,existing
P12_345_6,G1,C_batteries,G1-C_batteries-01,T003,1438.035182877992,4385.641813543676,T019_2,66.59284005023983,C01,existing
P12_345_6,G1,C_batteries,G1-C_batteries-01,T019_2,4452.234653593916,9160.096499981806,,,C01,existing
P12_345_6,G1,C_batteries,G1-C_batteries-02,T001,2885.80837607645,6035.901229839401,T012,660.5175887223559,C02,existing
P12_345_6,G1,C_batteries,G1-C_batteries-02,T012,6696.418818561757,11304.166177291878,,,C02,existing
P12_345_6,G1,relay_aircraft,G1-relay_aircraft-01,R003,1094.8164843575157,9390.324849711596,,,R01,existing
P12_345_6,G1,relay_components,G1-relay_components-01,R003,1094.8164843575157,10551.813344790942,,,RE01,existing
P12_345_6,G2,A_aircraft,G2-A_aircraft-01,T002_1,0.0,1652.4416357195464,T011,405.67373758309805,U02,existing
P12_345_6,G2,A_aircraft,G2-A_aircraft-01,T011,2058.1153733026445,4188.754462062227,T019_1,2072.223823317966,U02,existing
P12_345_6,G2,A_aircraft,G2-A_aircraft-01,T019_1,6260.978285380193,7896.736390048657,,,U02,existing
P12_345_6,G2,A_aircraft,G2-A_aircraft-02,T009,1317.470977312685,2633.4851917296737,T020,2086.734888982057,U03,existing
P12_345_6,G2,A_aircraft,G2-A_aircraft-02,T020,4720.220080711731,6690.4299276885495,,,U03,existing
P12_345_6,G2,A_aircraft,G2-A_aircraft-03,T002_2,2048.115373302644,3650.7081092828166,T016,909.5119714289131,U04,existing
P12_345_6,G2,A_aircraft,G2-A_aircraft-03,T016,4560.22008071173,6255.978185380194,,,U04,existing
P12_345_6,G2,A_aircraft,G2-A_aircraft-04,T017,2048.115373302644,4391.962448014616,T023,1159.5771090160433,NEW-A_aircraft-01,procurement_required
P12_345_6,G2,A_aircraft,G2-A_aircraft-04,T023,5551.539557030659,7187.297661699124,,,NEW-A_aircraft-01,procurement_required
P12_345_6,G2,B_aircraft,G2-B_aircraft-01,T014_1,4.16673174186144e-07,1519.0243448285282,T008,465.0910284741158,U06,existing
P12_345_6,G2,B_aircraft,G2-B_aircraft-01,T008,1984.115373302644,3828.6542634582115,T007,767.5658172535191,U06,existing
P12_345_6,G2,B_aircraft,G2-B_aircraft-01,T007,4596.220080711731,6939.352187396264,,,U06,existing
P12_345_6,G2,C_aircraft,G2-C_aircraft-01,T010_1,0.0,1823.224406150507,T018,2653.9956745612235,U08,existing
P12_345_6,G2,C_aircraft,G2-C_aircraft-01,T018,4477.220080711731,6913.029601569379,,,U08,existing
P12_345_6,G2,C_aircraft,G2-C_aircraft-02,T010_2,0.0,1433.035082877992,T015,643.0802904246525,NEW-C_aircraft-01,procurement_required
P12_345_6,G2,C_aircraft,G2-C_aircraft-02,T015,2076.1153733026445,3744.0155776451697,,,NEW-C_aircraft-01,procurement_required
P12_345_6,G2,A_batteries,G2-A_batteries-01,T002_1,0.0,2667.5322461730734,T020,2052.687834538657,A03,existing
P12_345_6,G2,A_batteries,G2-A_batteries-01,T020,4720.220080711731,7930.430578375625,,,A03,existing
P12_345_6,G2,A_batteries,G2-A_batteries-02,T009,1317.470977312685,3525.3399936387705,T016,1034.8800870729592,A04,existing
P12_345_6,G2,A_batteries,G2-A_batteries-02,T016,4560.22008071173,7391.954497536396,,,A04,existing
P12_345_6,G2,A_batteries,G2-A_batteries-03,T002_2,2048.115373302644,4715.175270999501,T023,836.3642860311584,A05,existing
P12_345_6,G2,A_batteries,G2-A_batteries-03,T023,5551.539557030659,8292.236282374923,,,A05,existing
P12_345_6,G2,A_batteries,G2-A_batteries-04,T017,2048.115373302644,5755.52643126419,,,A06,existing
P12_345_6,G2,A_batteries,G2-A_batteries-05,T011,2058.1153733026445,5546.53945703066,T019_1,714.4388283495327,NEW-A_batteries-01,procurement_required
P12_345_6,G2,A_batteries,G2-A_batteries-05,T019_1,6260.978285380193,8981.354683688944,,,NEW-A_batteries-01,procurement_required
P12_345_6,G2,B_batteries,G2-B_batteries-01,T014_1,4.16673174186144e-07,2956.2905629638744,T007,1639.9295177478562,B03,existing
P12_345_6,G2,B_batteries,G2-B_batteries-01,T007,4596.220080711731,8817.149572633247,,,B03,existing
P12_345_6,G2,B_batteries,G2-B_batteries-02,T008,1984.115373302644,5417.316226537593,,,B04,existing
P12_345_6,G2,C_batteries,G2-C_batteries-01,T010_1,0.0,3563.4170832737245,,,C03,existing
P12_345_6,G2,C_batteries,G2-C_batteries-02,T010_2,0.0,2880.8082760764496,T018,1596.411804635281,C04,existing
P12_345_6,G2,C_batteries,G2-C_batteries-02,T018,4477.220080711731,9411.383881543894,,,C04,existing
P12_345_6,G2,C_batteries,G2-C_batteries-03,T015,2076.1153733026445,5451.076587273992,,,NEW-C_batteries-01,procurement_required
P12_345_6,G2,relay_aircraft,G2-relay_aircraft-01,R001,113.13731944608116,2129.2976388563347,R004,5.000100000000202,R02,existing
P12_345_6,G2,relay_aircraft,G2-relay_aircraft-01,R004,2134.297738856335,4789.357299741141,R002,5.000099999998383,R02,existing
P12_345_6,G2,relay_aircraft,G2-relay_aircraft-01,R002,4794.3573997411395,8150.275924236526,,,R02,existing
P12_345_6,G2,relay_components,G2-relay_components-01,R001,113.13731944608116,2500.002637752911,R002,2294.3547619882283,RE02,existing
P12_345_6,G2,relay_components,G2-relay_components-01,R002,4794.3573997411395,8687.28771421572,,,RE02,existing
P12_345_6,G2,relay_components,G2-relay_components-02,R004,2134.297738856335,5243.065183552219,,,RE03,existing
P12_345_6,G3,B_aircraft,G3-B_aircraft-01,T006,0.0,1189.630285736439,,,NEW-B_aircraft-01,procurement_required
P12_345_6,G3,B_batteries,G3-B_batteries-01,T006,0.0,2323.07116269932,,,NEW-B_batteries-01,procurement_required
P126_34_5,G1,A_aircraft,G1-A_aircraft-01,T005,0.0,1312.470877312685,T014_2,1326.0144144169885,U01,existing
P126_34_5,G1,A_aircraft,G1-A_aircraft-01,T014_2,2638.4852917296735,4762.444692702658,T022,5.000099999999293,U01,existing
P126_34_5,G1,A_aircraft,G1-A_aircraft-01,T022,4767.444792702658,6458.979278941607,,,U01,existing
P126_34_5,G1,B_aircraft,G1-B_aircraft-01,T006,0.0,1189.630285736439,T004,5.000099999999975,U05,existing
P126_34_5,G1,B_aircraft,G1-B_aircraft-01,T004,1194.630385736439,3227.943287050344,T013,5.000100000000202,U05,existing
P126_34_5,G1,B_aircraft,G1-B_aircraft-01,T013,3232.9433870503444,5190.984658537339,T021,5.000100000000202,U05,existing
P126_34_5,G1,B_aircraft,G1-B_aircraft-01,T021,5195.984758537339,7094.0260300243335,,,U05,existing
P126_34_5,G1,C_aircraft,G1-C_aircraft-01,T003,1438.035182877992,2867.4613603954576,T001,18.347015680992172,U07,existing
P126_34_5,G1,C_aircraft,G1-C_aircraft-01,T001,2885.80837607645,4447.234553593915,T019_2,5.000100000001112,U07,existing
P126_34_5,G1,C_aircraft,G1-C_aircraft-01,T019_2,4452.234653593916,6691.4187185617575,T012,5.000099999999293,U07,existing
P126_34_5,G1,C_aircraft,G1-C_aircraft-01,T012,6696.418818561757,8811.50045984021,,,U07,existing
P126_34_5,G1,A_batteries,G1-A_batteries-01,T005,0.0,2178.7887122874713,T022,2588.6560804151864,A01,existing
P126_34_5,G1,A_batteries,G1-A_batteries-01,T022,4767.444792702658,7634.473785621062,,,A01,existing
P126_34_5,G1,A_batteries,G1-A_batteries-02,T014_2,2638.4852917296735,6105.968766534681,,,A02,existing
P126_34_5,G1,B_batteries,G1-B_batteries-01,T006,0.0,2323.07116269932,T013,909.8722243510242,B01,existing
P126_34_5,G1,B_batteries,G1-B_batteries-01,T013,3232.9433870503444,7150.230286022929,,,B01,existing
P126_34_5,G1,B_batteries,G1-B_batteries-02,T004,1194.630385736439,4994.129999948263,T021,201.85475858907648,B02,existing
P126_34_5,G1,B_batteries,G1-B_batteries-02,T021,5195.984758537339,8961.208181941944,,,B02,existing
P126_34_5,G1,C_batteries,G1-C_batteries-01,T003,1438.035182877992,4385.641813543676,T019_2,66.59284005023983,C01,existing
P126_34_5,G1,C_batteries,G1-C_batteries-01,T019_2,4452.234653593916,9160.096499981806,,,C01,existing
P126_34_5,G1,C_batteries,G1-C_batteries-02,T001,2885.80837607645,6035.901229839401,T012,660.5175887223559,C02,existing
P126_34_5,G1,C_batteries,G1-C_batteries-02,T012,6696.418818561757,11304.166177291878,,,C02,existing
P126_34_5,G1,relay_aircraft,G1-relay_aircraft-01,R003,1094.8164843575157,9390.324849711596,,,R01,existing
P126_34_5,G1,relay_components,G1-relay_components-01,R003,1094.8164843575157,10551.813344790942,,,RE01,existing
P126_34_5,G2,A_aircraft,G2-A_aircraft-01,T002_1,0.0,1652.4416357195464,T020,3067.778444992184,U02,existing
P126_34_5,G2,A_aircraft,G2-A_aircraft-01,T020,4720.220080711731,6690.4299276885495,,,U02,existing
P126_34_5,G2,A_aircraft,G2-A_aircraft-02,T009,1317.470977312685,2633.4851917296737,T016,1926.734888982056,U03,existing
P126_34_5,G2,A_aircraft,G2-A_aircraft-02,T016,4560.22008071173,6255.978185380194,T019_1,5.000099999998383,U03,existing
P126_34_5,G2,A_aircraft,G2-A_aircraft-02,T019_1,6260.978285380193,7896.736390048657,,,U03,existing
P126_34_5,G2,A_aircraft,G2-A_aircraft-03,T023,5551.539557030659,7187.297661699124,,,U04,existing
P126_34_5,G2,B_aircraft,G2-B_aircraft-01,T014_1,4.16673174186144e-07,1519.0243448285282,T007,3077.1957358832024,U06,existing
P126_34_5,G2,B_aircraft,G2-B_aircraft-01,T007,4596.220080711731,6939.352187396264,,,U06,existing
P126_34_5,G2,C_aircraft,G2-C_aircraft-01,T010_1,0.0,1823.224406150507,,,U08,existing
P126_34_5,G2,C_aircraft,G2-C_aircraft-02,T010_2,0.0,1433.035082877992,T018,3044.1849978337386,NEW-C_aircraft-01,procurement_required
P126_34_5,G2,C_aircraft,G2-C_aircraft-02,T018,4477.220080711731,6913.029601569379,,,NEW-C_aircraft-01,procurement_required
P126_34_5,G2,A_batteries,G2-A_batteries-01,T002_1,0.0,2667.5322461730734,T023,2884.0073108575857,A03,existing
P126_34_5,G2,A_batteries,G2-A_batteries-01,T023,5551.539557030659,8292.236282374923,,,A03,existing
P126_34_5,G2,A_batteries,G2-A_batteries-02,T009,1317.470977312685,3525.3399936387705,T019_1,2735.638291741422,A04,existing
P126_34_5,G2,A_batteries,G2-A_batteries-02,T019_1,6260.978285380193,8981.354683688944,,,A04,existing
P126_34_5,G2,A_batteries,G2-A_batteries-03,T016,4560.22008071173,7391.954497536396,,,A05,existing
P126_34_5,G2,A_batteries,G2-A_batteries-04,T020,4720.220080711731,7930.430578375625,,,A06,existing
P126_34_5,G2,B_batteries,G2-B_batteries-01,T014_1,4.16673174186144e-07,2956.2905629638744,T007,1639.9295177478562,B03,existing
P126_34_5,G2,B_batteries,G2-B_batteries-01,T007,4596.220080711731,8817.149572633247,,,B03,existing
P126_34_5,G2,C_batteries,G2-C_batteries-01,T010_1,0.0,3563.4170832737245,,,C03,existing
P126_34_5,G2,C_batteries,G2-C_batteries-02,T010_2,0.0,2880.8082760764496,T018,1596.411804635281,C04,existing
P126_34_5,G2,C_batteries,G2-C_batteries-02,T018,4477.220080711731,9411.383881543894,,,C04,existing
P126_34_5,G2,relay_aircraft,G2-relay_aircraft-01,R001,113.13731944608116,2129.2976388563347,R002,2665.0597608848047,R02,existing
P126_34_5,G2,relay_aircraft,G2-relay_aircraft-01,R002,4794.3573997411395,8150.275924236526,,,R02,existing
P126_34_5,G2,relay_components,G2-relay_components-01,R001,113.13731944608116,2500.002637752911,R002,2294.3547619882283,RE02,existing
P126_34_5,G2,relay_components,G2-relay_components-01,R002,4794.3573997411395,8687.28771421572,,,RE02,existing
P126_34_5,G3,A_aircraft,G3-A_aircraft-01,T002_2,2048.115373302644,3650.7081092828166,,,NEW-A_aircraft-01,procurement_required
P126_34_5,G3,A_aircraft,G3-A_aircraft-02,T017,2048.115373302644,4391.962448014616,,,NEW-A_aircraft-02,procurement_required
P126_34_5,G3,A_aircraft,G3-A_aircraft-03,T011,2058.1153733026445,4188.754462062227,,,NEW-A_aircraft-03,procurement_required
P126_34_5,G3,B_aircraft,G3-B_aircraft-01,T008,1984.115373302644,3828.6542634582115,,,NEW-B_aircraft-01,procurement_required
P126_34_5,G3,C_aircraft,G3-C_aircraft-01,T015,2076.1153733026445,3744.0155776451697,,,NEW-C_aircraft-02,procurement_required
P126_34_5,G3,A_batteries,G3-A_batteries-01,T002_2,2048.115373302644,4715.175270999501,,,NEW-A_batteries-01,procurement_required
P126_34_5,G3,A_batteries,G3-A_batteries-02,T017,2048.115373302644,5755.52643126419,,,NEW-A_batteries-02,procurement_required
P126_34_5,G3,A_batteries,G3-A_batteries-03,T011,2058.1153733026445,5546.53945703066,,,NEW-A_batteries-03,procurement_required
P126_34_5,G3,B_batteries,G3-B_batteries-01,T008,1984.115373302644,5417.316226537593,,,B04,existing
P126_34_5,G3,C_batteries,G3-C_batteries-01,T015,2076.1153733026445,5451.076587273992,,,NEW-C_batteries-01,procurement_required
P126_34_5,G3,relay_aircraft,G3-relay_aircraft-01,R004,2134.297738856335,4789.357299741141,,,NEW-relay_aircraft-01,procurement_required
P126_34_5,G3,relay_components,G3-relay_components-01,R004,2134.297738856335,5243.065183552219,,,RE03,existing
P12_346_5,G1,A_aircraft,G1-A_aircraft-01,T005,0.0,1312.470877312685,T014_2,1326.0144144169885,U01,existing
P12_346_5,G1,A_aircraft,G1-A_aircraft-01,T014_2,2638.4852917296735,4762.444692702658,T022,5.000099999999293,U01,existing
P12_346_5,G1,A_aircraft,G1-A_aircraft-01,T022,4767.444792702658,6458.979278941607,,,U01,existing
P12_346_5,G1,B_aircraft,G1-B_aircraft-01,T004,1194.630385736439,3227.943287050344,T013,5.000100000000202,U05,existing
P12_346_5,G1,B_aircraft,G1-B_aircraft-01,T013,3232.9433870503444,5190.984658537339,T021,5.000100000000202,U05,existing
P12_346_5,G1,B_aircraft,G1-B_aircraft-01,T021,5195.984758537339,7094.0260300243335,,,U05,existing
P12_346_5,G1,C_aircraft,G1-C_aircraft-01,T003,1438.035182877992,2867.4613603954576,T001,18.347015680992172,U07,existing
P12_346_5,G1,C_aircraft,G1-C_aircraft-01,T001,2885.80837607645,4447.234553593915,T019_2,5.000100000001112,U07,existing
P12_346_5,G1,C_aircraft,G1-C_aircraft-01,T019_2,4452.234653593916,6691.4187185617575,T012,5.000099999999293,U07,existing
P12_346_5,G1,C_aircraft,G1-C_aircraft-01,T012,6696.418818561757,8811.50045984021,,,U07,existing
P12_346_5,G1,A_batteries,G1-A_batteries-01,T005,0.0,2178.7887122874713,T022,2588.6560804151864,A01,existing
P12_346_5,G1,A_batteries,G1-A_batteries-01,T022,4767.444792702658,7634.473785621062,,,A01,existing
P12_346_5,G1,A_batteries,G1-A_batteries-02,T014_2,2638.4852917296735,6105.968766534681,,,A02,existing
P12_346_5,G1,B_batteries,G1-B_batteries-01,T004,1194.630385736439,4994.129999948263,T021,201.85475858907648,B01,existing
P12_346_5,G1,B_batteries,G1-B_batteries-01,T021,5195.984758537339,8961.208181941944,,,B01,existing
P12_346_5,G1,B_batteries,G1-B_batteries-02,T013,3232.9433870503444,7150.230286022929,,,B02,existing
P12_346_5,G1,C_batteries,G1-C_batteries-01,T003,1438.035182877992,4385.641813543676,T019_2,66.59284005023983,C01,existing
P12_346_5,G1,C_batteries,G1-C_batteries-01,T019_2,4452.234653593916,9160.096499981806,,,C01,existing
P12_346_5,G1,C_batteries,G1-C_batteries-02,T001,2885.80837607645,6035.901229839401,T012,660.5175887223559,C02,existing
P12_346_5,G1,C_batteries,G1-C_batteries-02,T012,6696.418818561757,11304.166177291878,,,C02,existing
P12_346_5,G1,relay_aircraft,G1-relay_aircraft-01,R003,1094.8164843575157,9390.324849711596,,,R01,existing
P12_346_5,G1,relay_components,G1-relay_components-01,R003,1094.8164843575157,10551.813344790942,,,RE01,existing
P12_346_5,G2,A_aircraft,G2-A_aircraft-01,T002_1,0.0,1652.4416357195464,T020,3067.778444992184,U02,existing
P12_346_5,G2,A_aircraft,G2-A_aircraft-01,T020,4720.220080711731,6690.4299276885495,,,U02,existing
P12_346_5,G2,A_aircraft,G2-A_aircraft-02,T009,1317.470977312685,2633.4851917296737,T016,1926.734888982056,U03,existing
P12_346_5,G2,A_aircraft,G2-A_aircraft-02,T016,4560.22008071173,6255.978185380194,T019_1,5.000099999998383,U03,existing
P12_346_5,G2,A_aircraft,G2-A_aircraft-02,T019_1,6260.978285380193,7896.736390048657,,,U03,existing
P12_346_5,G2,A_aircraft,G2-A_aircraft-03,T023,5551.539557030659,7187.297661699124,,,U04,existing
P12_346_5,G2,B_aircraft,G2-B_aircraft-01,T006,0.0,1189.630285736439,T007,3406.5897949752916,U06,existing
P12_346_5,G2,B_aircraft,G2-B_aircraft-01,T007,4596.220080711731,6939.352187396264,,,U06,existing
P12_346_5,G2,B_aircraft,G2-B_aircraft-02,T014_1,4.16673174186144e-07,1519.0243448285282,,,NEW-B_aircraft-01,procurement_required
P12_346_5,G2,C_aircraft,G2-C_aircraft-01,T010_1,0.0,1823.224406150507,,,U08,existing
P12_346_5,G2,C_aircraft,G2-C_aircraft-02,T010_2,0.0,1433.035082877992,T018,3044.1849978337386,NEW-C_aircraft-01,procurement_required
P12_346_5,G2,C_aircraft,G2-C_aircraft-02,T018,4477.220080711731,6913.029601569379,,,NEW-C_aircraft-01,procurement_required
P12_346_5,G2,A_batteries,G2-A_batteries-01,T002_1,0.0,2667.5322461730734,T023,2884.0073108575857,A03,existing
P12_346_5,G2,A_batteries,G2-A_batteries-01,T023,5551.539557030659,8292.236282374923,,,A03,existing
P12_346_5,G2,A_batteries,G2-A_batteries-02,T009,1317.470977312685,3525.3399936387705,T019_1,2735.638291741422,A04,existing
P12_346_5,G2,A_batteries,G2-A_batteries-02,T019_1,6260.978285380193,8981.354683688944,,,A04,existing
P12_346_5,G2,A_batteries,G2-A_batteries-03,T016,4560.22008071173,7391.954497536396,,,A05,existing
P12_346_5,G2,A_batteries,G2-A_batteries-04,T020,4720.220080711731,7930.430578375625,,,A06,existing
P12_346_5,G2,B_batteries,G2-B_batteries-01,T006,0.0,2323.07116269932,T007,2273.1489180124104,B03,existing
P12_346_5,G2,B_batteries,G2-B_batteries-01,T007,4596.220080711731,8817.149572633247,,,B03,existing
P12_346_5,G2,B_batteries,G2-B_batteries-02,T014_1,4.16673174186144e-07,2956.2905629638744,,,B04,existing
P12_346_5,G2,C_batteries,G2-C_batteries-01,T010_1,0.0,3563.4170832737245,,,C03,existing
P12_346_5,G2,C_batteries,G2-C_batteries-02,T010_2,0.0,2880.8082760764496,T018,1596.411804635281,C04,existing
P12_346_5,G2,C_batteries,G2-C_batteries-02,T018,4477.220080711731,9411.383881543894,,,C04,existing
P12_346_5,G2,relay_aircraft,G2-relay_aircraft-01,R001,113.13731944608116,2129.2976388563347,R002,2665.0597608848047,R02,existing
P12_346_5,G2,relay_aircraft,G2-relay_aircraft-01,R002,4794.3573997411395,8150.275924236526,,,R02,existing
P12_346_5,G2,relay_components,G2-relay_components-01,R001,113.13731944608116,2500.002637752911,R002,2294.3547619882283,RE02,existing
P12_346_5,G2,relay_components,G2-relay_components-01,R002,4794.3573997411395,8687.28771421572,,,RE02,existing
P12_346_5,G3,A_aircraft,G3-A_aircraft-01,T002_2,2048.115373302644,3650.7081092828166,,,NEW-A_aircraft-01,procurement_required
P12_346_5,G3,A_aircraft,G3-A_aircraft-02,T017,2048.115373302644,4391.962448014616,,,NEW-A_aircraft-02,procurement_required
P12_346_5,G3,A_aircraft,G3-A_aircraft-03,T011,2058.1153733026445,4188.754462062227,,,NEW-A_aircraft-03,procurement_required
P12_346_5,G3,B_aircraft,G3-B_aircraft-01,T008,1984.115373302644,3828.6542634582115,,,NEW-B_aircraft-02,procurement_required
P12_346_5,G3,C_aircraft,G3-C_aircraft-01,T015,2076.1153733026445,3744.0155776451697,,,NEW-C_aircraft-02,procurement_required
P12_346_5,G3,A_batteries,G3-A_batteries-01,T002_2,2048.115373302644,4715.175270999501,,,NEW-A_batteries-01,procurement_required
P12_346_5,G3,A_batteries,G3-A_batteries-02,T017,2048.115373302644,5755.52643126419,,,NEW-A_batteries-02,procurement_required
P12_346_5,G3,A_batteries,G3-A_batteries-03,T011,2058.1153733026445,5546.53945703066,,,NEW-A_batteries-03,procurement_required
P12_346_5,G3,B_batteries,G3-B_batteries-01,T008,1984.115373302644,5417.316226537593,,,NEW-B_batteries-01,procurement_required
P12_346_5,G3,C_batteries,G3-C_batteries-01,T015,2076.1153733026445,5451.076587273992,,,NEW-C_batteries-01,procurement_required
P12_346_5,G3,relay_aircraft,G3-relay_aircraft-01,R004,2134.297738856335,4789.357299741141,,,NEW-relay_aircraft-01,procurement_required
P12_346_5,G3,relay_components,G3-relay_components-01,R004,2134.297738856335,5243.065183552219,,,RE03,existing
P12_34_56,G1,A_aircraft,G1-A_aircraft-01,T005,0.0,1312.470877312685,T014_2,1326.0144144169885,U01,existing
P12_34_56,G1,A_aircraft,G1-A_aircraft-01,T014_2,2638.4852917296735,4762.444692702658,T022,5.000099999999293,U01,existing
P12_34_56,G1,A_aircraft,G1-A_aircraft-01,T022,4767.444792702658,6458.979278941607,,,U01,existing
P12_34_56,G1,B_aircraft,G1-B_aircraft-01,T004,1194.630385736439,3227.943287050344,T013,5.000100000000202,U05,existing
P12_34_56,G1,B_aircraft,G1-B_aircraft-01,T013,3232.9433870503444,5190.984658537339,T021,5.000100000000202,U05,existing
P12_34_56,G1,B_aircraft,G1-B_aircraft-01,T021,5195.984758537339,7094.0260300243335,,,U05,existing
P12_34_56,G1,C_aircraft,G1-C_aircraft-01,T003,1438.035182877992,2867.4613603954576,T001,18.347015680992172,U07,existing
P12_34_56,G1,C_aircraft,G1-C_aircraft-01,T001,2885.80837607645,4447.234553593915,T019_2,5.000100000001112,U07,existing
P12_34_56,G1,C_aircraft,G1-C_aircraft-01,T019_2,4452.234653593916,6691.4187185617575,T012,5.000099999999293,U07,existing
P12_34_56,G1,C_aircraft,G1-C_aircraft-01,T012,6696.418818561757,8811.50045984021,,,U07,existing
P12_34_56,G1,A_batteries,G1-A_batteries-01,T005,0.0,2178.7887122874713,T022,2588.6560804151864,A01,existing
P12_34_56,G1,A_batteries,G1-A_batteries-01,T022,4767.444792702658,7634.473785621062,,,A01,existing
P12_34_56,G1,A_batteries,G1-A_batteries-02,T014_2,2638.4852917296735,6105.968766534681,,,A02,existing
P12_34_56,G1,B_batteries,G1-B_batteries-01,T004,1194.630385736439,4994.129999948263,T021,201.85475858907648,B01,existing
P12_34_56,G1,B_batteries,G1-B_batteries-01,T021,5195.984758537339,8961.208181941944,,,B01,existing
P12_34_56,G1,B_batteries,G1-B_batteries-02,T013,3232.9433870503444,7150.230286022929,,,B02,existing
P12_34_56,G1,C_batteries,G1-C_batteries-01,T003,1438.035182877992,4385.641813543676,T019_2,66.59284005023983,C01,existing
P12_34_56,G1,C_batteries,G1-C_batteries-01,T019_2,4452.234653593916,9160.096499981806,,,C01,existing
P12_34_56,G1,C_batteries,G1-C_batteries-02,T001,2885.80837607645,6035.901229839401,T012,660.5175887223559,C02,existing
P12_34_56,G1,C_batteries,G1-C_batteries-02,T012,6696.418818561757,11304.166177291878,,,C02,existing
P12_34_56,G1,relay_aircraft,G1-relay_aircraft-01,R003,1094.8164843575157,9390.324849711596,,,R01,existing
P12_34_56,G1,relay_components,G1-relay_components-01,R003,1094.8164843575157,10551.813344790942,,,RE01,existing
P12_34_56,G2,A_aircraft,G2-A_aircraft-01,T002_1,0.0,1652.4416357195464,T020,3067.778444992184,U02,existing
P12_34_56,G2,A_aircraft,G2-A_aircraft-01,T020,4720.220080711731,6690.4299276885495,,,U02,existing
P12_34_56,G2,A_aircraft,G2-A_aircraft-02,T009,1317.470977312685,2633.4851917296737,T016,1926.734888982056,U03,existing
P12_34_56,G2,A_aircraft,G2-A_aircraft-02,T016,4560.22008071173,6255.978185380194,T019_1,5.000099999998383,U03,existing
P12_34_56,G2,A_aircraft,G2-A_aircraft-02,T019_1,6260.978285380193,7896.736390048657,,,U03,existing
P12_34_56,G2,A_aircraft,G2-A_aircraft-03,T023,5551.539557030659,7187.297661699124,,,U04,existing
P12_34_56,G2,B_aircraft,G2-B_aircraft-01,T014_1,4.16673174186144e-07,1519.0243448285282,T007,3077.1957358832024,U06,existing
P12_34_56,G2,B_aircraft,G2-B_aircraft-01,T007,4596.220080711731,6939.352187396264,,,U06,existing
P12_34_56,G2,C_aircraft,G2-C_aircraft-01,T010_1,0.0,1823.224406150507,,,U08,existing
P12_34_56,G2,C_aircraft,G2-C_aircraft-02,T010_2,0.0,1433.035082877992,T018,3044.1849978337386,NEW-C_aircraft-01,procurement_required
P12_34_56,G2,C_aircraft,G2-C_aircraft-02,T018,4477.220080711731,6913.029601569379,,,NEW-C_aircraft-01,procurement_required
P12_34_56,G2,A_batteries,G2-A_batteries-01,T002_1,0.0,2667.5322461730734,T023,2884.0073108575857,A03,existing
P12_34_56,G2,A_batteries,G2-A_batteries-01,T023,5551.539557030659,8292.236282374923,,,A03,existing
P12_34_56,G2,A_batteries,G2-A_batteries-02,T009,1317.470977312685,3525.3399936387705,T019_1,2735.638291741422,A04,existing
P12_34_56,G2,A_batteries,G2-A_batteries-02,T019_1,6260.978285380193,8981.354683688944,,,A04,existing
P12_34_56,G2,A_batteries,G2-A_batteries-03,T016,4560.22008071173,7391.954497536396,,,A05,existing
P12_34_56,G2,A_batteries,G2-A_batteries-04,T020,4720.220080711731,7930.430578375625,,,A06,existing
P12_34_56,G2,B_batteries,G2-B_batteries-01,T014_1,4.16673174186144e-07,2956.2905629638744,T007,1639.9295177478562,B03,existing
P12_34_56,G2,B_batteries,G2-B_batteries-01,T007,4596.220080711731,8817.149572633247,,,B03,existing
P12_34_56,G2,C_batteries,G2-C_batteries-01,T010_1,0.0,3563.4170832737245,,,C03,existing
P12_34_56,G2,C_batteries,G2-C_batteries-02,T010_2,0.0,2880.8082760764496,T018,1596.411804635281,C04,existing
P12_34_56,G2,C_batteries,G2-C_batteries-02,T018,4477.220080711731,9411.383881543894,,,C04,existing
P12_34_56,G2,relay_aircraft,G2-relay_aircraft-01,R001,113.13731944608116,2129.2976388563347,R002,2665.0597608848047,R02,existing
P12_34_56,G2,relay_aircraft,G2-relay_aircraft-01,R002,4794.3573997411395,8150.275924236526,,,R02,existing
P12_34_56,G2,relay_components,G2-relay_components-01,R001,113.13731944608116,2500.002637752911,R002,2294.3547619882283,RE02,existing
P12_34_56,G2,relay_components,G2-relay_components-01,R002,4794.3573997411395,8687.28771421572,,,RE02,existing
P12_34_56,G3,A_aircraft,G3-A_aircraft-01,T002_2,2048.115373302644,3650.7081092828166,,,NEW-A_aircraft-01,procurement_required
P12_34_56,G3,A_aircraft,G3-A_aircraft-02,T017,2048.115373302644,4391.962448014616,,,NEW-A_aircraft-02,procurement_required
P12_34_56,G3,A_aircraft,G3-A_aircraft-03,T011,2058.1153733026445,4188.754462062227,,,NEW-A_aircraft-03,procurement_required
P12_34_56,G3,B_aircraft,G3-B_aircraft-01,T006,0.0,1189.630285736439,T008,794.485087566205,NEW-B_aircraft-01,procurement_required
P12_34_56,G3,B_aircraft,G3-B_aircraft-01,T008,1984.115373302644,3828.6542634582115,,,NEW-B_aircraft-01,procurement_required
P12_34_56,G3,C_aircraft,G3-C_aircraft-01,T015,2076.1153733026445,3744.0155776451697,,,NEW-C_aircraft-02,procurement_required
P12_34_56,G3,A_batteries,G3-A_batteries-01,T002_2,2048.115373302644,4715.175270999501,,,NEW-A_batteries-01,procurement_required
P12_34_56,G3,A_batteries,G3-A_batteries-02,T017,2048.115373302644,5755.52643126419,,,NEW-A_batteries-02,procurement_required
P12_34_56,G3,A_batteries,G3-A_batteries-03,T011,2058.1153733026445,5546.53945703066,,,NEW-A_batteries-03,procurement_required
P12_34_56,G3,B_batteries,G3-B_batteries-01,T006,0.0,2323.07116269932,,,B04,existing
P12_34_56,G3,B_batteries,G3-B_batteries-02,T008,1984.115373302644,5417.316226537593,,,NEW-B_batteries-01,procurement_required
P12_34_56,G3,C_batteries,G3-C_batteries-01,T015,2076.1153733026445,5451.076587273992,,,NEW-C_batteries-01,procurement_required
P12_34_56,G3,relay_aircraft,G3-relay_aircraft-01,R004,2134.297738856335,4789.357299741141,,,NEW-relay_aircraft-01,procurement_required
P12_34_56,G3,relay_components,G3-relay_components-01,R004,2134.297738856335,5243.065183552219,,,RE03,existing
P1256_3_4,G1,A_aircraft,G1-A_aircraft-01,T005,0.0,1312.470877312685,T014_2,1326.0144144169885,U01,existing
P1256_3_4,G1,A_aircraft,G1-A_aircraft-01,T014_2,2638.4852917296735,4762.444692702658,,,U01,existing
P1256_3_4,G1,A_aircraft,G1-A_aircraft-02,T002_2,2048.115373302644,3650.7081092828166,T022,1116.736683419841,U02,existing
P1256_3_4,G1,A_aircraft,G1-A_aircraft-02,T022,4767.444792702658,6458.979278941607,,,U02,existing
P1256_3_4,G1,A_aircraft,G1-A_aircraft-03,T017,2048.115373302644,4391.962448014616,,,U03,existing
P1256_3_4,G1,A_aircraft,G1-A_aircraft-04,T011,2058.1153733026445,4188.754462062227,,,U04,existing
P1256_3_4,G1,B_aircraft,G1-B_aircraft-01,T006,0.0,1189.630285736439,T008,794.485087566205,U05,existing
P1256_3_4,G1,B_aircraft,G1-B_aircraft-01,T008,1984.115373302644,3828.6542634582115,T021,1367.3304950791276,U05,existing
P1256_3_4,G1,B_aircraft,G1-B_aircraft-01,T021,5195.984758537339,7094.0260300243335,,,U05,existing
P1256_3_4,G1,B_aircraft,G1-B_aircraft-02,T004,1194.630385736439,3227.943287050344,T013,5.000100000000202,U06,existing
P1256_3_4,G1,B_aircraft,G1-B_aircraft-02,T013,3232.9433870503444,5190.984658537339,,,U06,existing
P1256_3_4,G1,C_aircraft,G1-C_aircraft-01,T003,1438.035182877992,2867.4613603954576,T001,18.347015680992172,U07,existing
P1256_3_4,G1,C_aircraft,G1-C_aircraft-01,T001,2885.80837607645,4447.234553593915,T012,2249.184264967842,U07,existing
P1256_3_4,G1,C_aircraft,G1-C_aircraft-01,T012,6696.418818561757,8811.50045984021,,,U07,existing
P1256_3_4,G1,C_aircraft,G1-C_aircraft-02,T015,2076.1153733026445,3744.0155776451697,T019_2,708.2190759487462,U08,existing
P1256_3_4,G1,C_aircraft,G1-C_aircraft-02,T019_2,4452.234653593916,6691.4187185617575,,,U08,existing
P1256_3_4,G1,A_batteries,G1-A_batteries-01,T005,0.0,2178.7887122874713,T014_2,459.69657944220216,A01,existing
P1256_3_4,G1,A_batteries,G1-A_batteries-01,T014_2,2638.4852917296735,6105.968766534681,,,A01,existing
P1256_3_4,G1,A_batteries,G1-A_batteries-02,T002_2,2048.115373302644,4715.175270999501,T022,52.2695217031569,A02,existing
P1256_3_4,G1,A_batteries,G1-A_batteries-02,T022,4767.444792702658,7634.473785621062,,,A02,existing
P1256_3_4,G1,A_batteries,G1-A_batteries-03,T017,2048.115373302644,5755.52643126419,,,A03,existing
P1256_3_4,G1,A_batteries,G1-A_batteries-04,T011,2058.1153733026445,5546.53945703066,,,A04,existing
P1256_3_4,G1,B_batteries,G1-B_batteries-01,T006,0.0,2323.07116269932,T013,909.8722243510242,B01,existing
P1256_3_4,G1,B_batteries,G1-B_batteries-01,T013,3232.9433870503444,7150.230286022929,,,B01,existing
P1256_3_4,G1,B_batteries,G1-B_batteries-02,T004,1194.630385736439,4994.129999948263,T021,201.85475858907648,B02,existing
P1256_3_4,G1,B_batteries,G1-B_batteries-02,T021,5195.984758537339,8961.208181941944,,,B02,existing
P1256_3_4,G1,B_batteries,G1-B_batteries-03,T008,1984.115373302644,5417.316226537593,,,B03,existing
P1256_3_4,G1,C_batteries,G1-C_batteries-01,T003,1438.035182877992,4385.641813543676,T019_2,66.59284005023983,C01,existing
P1256_3_4,G1,C_batteries,G1-C_batteries-01,T019_2,4452.234653593916,9160.096499981806,,,C01,existing
P1256_3_4,G1,C_batteries,G1-C_batteries-02,T015,2076.1153733026445,5451.076587273992,T012,1245.3422312877647,C02,existing
P1256_3_4,G1,C_batteries,G1-C_batteries-02,T012,6696.418818561757,11304.166177291878,,,C02,existing
P1256_3_4,G1,C_batteries,G1-C_batteries-03,T001,2885.80837607645,6035.901229839401,,,C03,existing
P1256_3_4,G1,relay_aircraft,G1-relay_aircraft-01,R003,1094.8164843575157,9390.324849711596,,,R01,existing
P1256_3_4,G1,relay_aircraft,G1-relay_aircraft-02,R004,2134.297738856335,4789.357299741141,,,R02,existing
P1256_3_4,G1,relay_components,G1-relay_components-01,R003,1094.8164843575157,10551.813344790942,,,RE01,existing
P1256_3_4,G1,relay_components,G1-relay_components-02,R004,2134.297738856335,5243.065183552219,,,RE02,existing
P1256_3_4,G2,A_aircraft,G2-A_aircraft-01,T002_1,0.0,1652.4416357195464,T016,2907.7784449921833,NEW-A_aircraft-01,procurement_required
P1256_3_4,G2,A_aircraft,G2-A_aircraft-01,T016,4560.22008071173,6255.978185380194,T019_1,5.000099999998383,NEW-A_aircraft-01,procurement_required
P1256_3_4,G2,A_aircraft,G2-A_aircraft-01,T019_1,6260.978285380193,7896.736390048657,,,NEW-A_aircraft-01,procurement_required
P1256_3_4,G2,A_aircraft,G2-A_aircraft-02,T020,4720.220080711731,6690.4299276885495,,,NEW-A_aircraft-02,procurement_required
P1256_3_4,G2,A_aircraft,G2-A_aircraft-03,T023,5551.539557030659,7187.297661699124,,,NEW-A_aircraft-03,procurement_required
P1256_3_4,G2,B_aircraft,G2-B_aircraft-01,T014_1,4.16673174186144e-07,1519.0243448285282,T007,3077.1957358832024,NEW-B_aircraft-01,procurement_required
P1256_3_4,G2,B_aircraft,G2-B_aircraft-01,T007,4596.220080711731,6939.352187396264,,,NEW-B_aircraft-01,procurement_required
P1256_3_4,G2,C_aircraft,G2-C_aircraft-01,T010_1,0.0,1823.224406150507,T018,2653.9956745612235,NEW-C_aircraft-01,procurement_required
P1256_3_4,G2,C_aircraft,G2-C_aircraft-01,T018,4477.220080711731,6913.029601569379,,,NEW-C_aircraft-01,procurement_required
P1256_3_4,G2,A_batteries,G2-A_batteries-01,T002_1,0.0,2667.5322461730734,T019_1,3593.446039207119,A05,existing
P1256_3_4,G2,A_batteries,G2-A_batteries-01,T019_1,6260.978285380193,8981.354683688944,,,A05,existing
P1256_3_4,G2,A_batteries,G2-A_batteries-02,T016,4560.22008071173,7391.954497536396,,,A06,existing
P1256_3_4,G2,A_batteries,G2-A_batteries-03,T020,4720.220080711731,7930.430578375625,,,NEW-A_batteries-01,procurement_required
P1256_3_4,G2,A_batteries,G2-A_batteries-04,T023,5551.539557030659,8292.236282374923,,,NEW-A_batteries-02,procurement_required
P1256_3_4,G2,B_batteries,G2-B_batteries-01,T014_1,4.16673174186144e-07,2956.2905629638744,T007,1639.9295177478562,B04,existing
P1256_3_4,G2,B_batteries,G2-B_batteries-01,T007,4596.220080711731,8817.149572633247,,,B04,existing
P1256_3_4,G2,C_batteries,G2-C_batteries-01,T010_1,0.0,3563.4170832737245,T018,913.8029974380061,C04,existing
P1256_3_4,G2,C_batteries,G2-C_batteries-01,T018,4477.220080711731,9411.383881543894,,,C04,existing
P1256_3_4,G2,relay_aircraft,G2-relay_aircraft-01,R001,113.13731944608116,2129.2976388563347,R002,2665.0597608848047,NEW-relay_aircraft-01,procurement_required
P1256_3_4,G2,relay_aircraft,G2-relay_aircraft-01,R002,4794.3573997411395,8150.275924236526,,,NEW-relay_aircraft-01,procurement_required
P1256_3_4,G2,relay_components,G2-relay_components-01,R001,113.13731944608116,2500.002637752911,R002,2294.3547619882283,RE03,existing
P1256_3_4,G2,relay_components,G2-relay_components-01,R002,4794.3573997411395,8687.28771421572,,,RE03,existing
P1256_3_4,G3,A_aircraft,G3-A_aircraft-01,T009,1317.470977312685,2633.4851917296737,,,NEW-A_aircraft-04,procurement_required
P1256_3_4,G3,C_aircraft,G3-C_aircraft-01,T010_2,0.0,1433.035082877992,,,NEW-C_aircraft-02,procurement_required
P1256_3_4,G3,A_batteries,G3-A_batteries-01,T009,1317.470977312685,3525.3399936387705,,,NEW-A_batteries-03,procurement_required
P1256_3_4,G3,C_batteries,G3-C_batteries-01,T010_2,0.0,2880.8082760764496,,,NEW-C_batteries-01,procurement_required
P125_36_4,G1,A_aircraft,G1-A_aircraft-01,T005,0.0,1312.470877312685,T014_2,1326.0144144169885,U01,existing
P125_36_4,G1,A_aircraft,G1-A_aircraft-01,T014_2,2638.4852917296735,4762.444692702658,,,U01,existing
P125_36_4,G1,A_aircraft,G1-A_aircraft-02,T002_2,2048.115373302644,3650.7081092828166,T022,1116.736683419841,U02,existing
P125_36_4,G1,A_aircraft,G1-A_aircraft-02,T022,4767.444792702658,6458.979278941607,,,U02,existing
P125_36_4,G1,A_aircraft,G1-A_aircraft-03,T017,2048.115373302644,4391.962448014616,,,U03,existing
P125_36_4,G1,A_aircraft,G1-A_aircraft-04,T011,2058.1153733026445,4188.754462062227,,,U04,existing
P125_36_4,G1,B_aircraft,G1-B_aircraft-01,T004,1194.630385736439,3227.943287050344,T013,5.000100000000202,U05,existing
P125_36_4,G1,B_aircraft,G1-B_aircraft-01,T013,3232.9433870503444,5190.984658537339,,,U05,existing
P125_36_4,G1,B_aircraft,G1-B_aircraft-02,T008,1984.115373302644,3828.6542634582115,T021,1367.3304950791276,U06,existing
P125_36_4,G1,B_aircraft,G1-B_aircraft-02,T021,5195.984758537339,7094.0260300243335,,,U06,existing
P125_36_4,G1,C_aircraft,G1-C_aircraft-01,T003,1438.035182877992,2867.4613603954576,T001,18.347015680992172,U07,existing
P125_36_4,G1,C_aircraft,G1-C_aircraft-01,T001,2885.80837607645,4447.234553593915,T012,2249.184264967842,U07,existing
P125_36_4,G1,C_aircraft,G1-C_aircraft-01,T012,6696.418818561757,8811.50045984021,,,U07,existing
P125_36_4,G1,C_aircraft,G1-C_aircraft-02,T015,2076.1153733026445,3744.0155776451697,T019_2,708.2190759487462,U08,existing
P125_36_4,G1,C_aircraft,G1-C_aircraft-02,T019_2,4452.234653593916,6691.4187185617575,,,U08,existing
P125_36_4,G1,A_batteries,G1-A_batteries-01,T005,0.0,2178.7887122874713,T014_2,459.69657944220216,A01,existing
P125_36_4,G1,A_batteries,G1-A_batteries-01,T014_2,2638.4852917296735,6105.968766534681,,,A01,existing
P125_36_4,G1,A_batteries,G1-A_batteries-02,T002_2,2048.115373302644,4715.175270999501,T022,52.2695217031569,A02,existing
P125_36_4,G1,A_batteries,G1-A_batteries-02,T022,4767.444792702658,7634.473785621062,,,A02,existing
P125_36_4,G1,A_batteries,G1-A_batteries-03,T017,2048.115373302644,5755.52643126419,,,A03,existing
P125_36_4,G1,A_batteries,G1-A_batteries-04,T011,2058.1153733026445,5546.53945703066,,,A04,existing
P125_36_4,G1,B_batteries,G1-B_batteries-01,T004,1194.630385736439,4994.129999948263,T021,201.85475858907648,B01,existing
P125_36_4,G1,B_batteries,G1-B_batteries-01,T021,5195.984758537339,8961.208181941944,,,B01,existing
P125_36_4,G1,B_batteries,G1-B_batteries-02,T008,1984.115373302644,5417.316226537593,,,B02,existing
P125_36_4,G1,B_batteries,G1-B_batteries-03,T013,3232.9433870503444,7150.230286022929,,,B03,existing
P125_36_4,G1,C_batteries,G1-C_batteries-01,T003,1438.035182877992,4385.641813543676,T019_2,66.59284005023983,C01,existing
P125_36_4,G1,C_batteries,G1-C_batteries-01,T019_2,4452.234653593916,9160.096499981806,,,C01,existing
P125_36_4,G1,C_batteries,G1-C_batteries-02,T015,2076.1153733026445,5451.076587273992,T012,1245.3422312877647,C02,existing
P125_36_4,G1,C_batteries,G1-C_batteries-02,T012,6696.418818561757,11304.166177291878,,,C02,existing
P125_36_4,G1,C_batteries,G1-C_batteries-03,T001,2885.80837607645,6035.901229839401,,,C03,existing
P125_36_4,G1,relay_aircraft,G1-relay_aircraft-01,R003,1094.8164843575157,9390.324849711596,,,R01,existing
P125_36_4,G1,relay_aircraft,G1-relay_aircraft-02,R004,2134.297738856335,4789.357299741141,,,R02,existing
P125_36_4,G1,relay_components,G1-relay_components-01,R003,1094.8164843575157,10551.813344790942,,,RE01,existing
P125_36_4,G1,relay_components,G1-relay_components-02,R004,2134.297738856335,5243.065183552219,,,RE02,existing
P125_36_4,G2,A_aircraft,G2-A_aircraft-01,T002_1,0.0,1652.4416357195464,T016,2907.7784449921833,NEW-A_aircraft-01,procurement_required
P125_36_4,G2,A_aircraft,G2-A_aircraft-01,T016,4560.22008071173,6255.978185380194,T019_1,5.000099999998383,NEW-A_aircraft-01,procurement_required
P125_36_4,G2,A_aircraft,G2-A_aircraft-01,T019_1,6260.978285380193,7896.736390048657,,,NEW-A_aircraft-01,procurement_required
P125_36_4,G2,A_aircraft,G2-A_aircraft-02,T020,4720.220080711731,6690.4299276885495,,,NEW-A_aircraft-02,procurement_required
P125_36_4,G2,A_aircraft,G2-A_aircraft-03,T023,5551.539557030659,7187.297661699124,,,NEW-A_aircraft-03,procurement_required
P125_36_4,G2,B_aircraft,G2-B_aircraft-01,T006,0.0,1189.630285736439,T007,3406.5897949752916,NEW-B_aircraft-01,procurement_required
P125_36_4,G2,B_aircraft,G2-B_aircraft-01,T007,4596.220080711731,6939.352187396264,,,NEW-B_aircraft-01,procurement_required
P125_36_4,G2,B_aircraft,G2-B_aircraft-02,T014_1,4.16673174186144e-07,1519.0243448285282,,,NEW-B_aircraft-02,procurement_required
P125_36_4,G2,C_aircraft,G2-C_aircraft-01,T010_1,0.0,1823.224406150507,T018,2653.9956745612235,NEW-C_aircraft-01,procurement_required
P125_36_4,G2,C_aircraft,G2-C_aircraft-01,T018,4477.220080711731,6913.029601569379,,,NEW-C_aircraft-01,procurement_required
P125_36_4,G2,A_batteries,G2-A_batteries-01,T002_1,0.0,2667.5322461730734,T019_1,3593.446039207119,A05,existing
P125_36_4,G2,A_batteries,G2-A_batteries-01,T019_1,6260.978285380193,8981.354683688944,,,A05,existing
P125_36_4,G2,A_batteries,G2-A_batteries-02,T016,4560.22008071173,7391.954497536396,,,A06,existing
P125_36_4,G2,A_batteries,G2-A_batteries-03,T020,4720.220080711731,7930.430578375625,,,NEW-A_batteries-01,procurement_required
P125_36_4,G2,A_batteries,G2-A_batteries-04,T023,5551.539557030659,8292.236282374923,,,NEW-A_batteries-02,procurement_required
P125_36_4,G2,B_batteries,G2-B_batteries-01,T006,0.0,2323.07116269932,T007,2273.1489180124104,B04,existing
P125_36_4,G2,B_batteries,G2-B_batteries-01,T007,4596.220080711731,8817.149572633247,,,B04,existing
P125_36_4,G2,B_batteries,G2-B_batteries-02,T014_1,4.16673174186144e-07,2956.2905629638744,,,NEW-B_batteries-01,procurement_required
P125_36_4,G2,C_batteries,G2-C_batteries-01,T010_1,0.0,3563.4170832737245,T018,913.8029974380061,C04,existing
P125_36_4,G2,C_batteries,G2-C_batteries-01,T018,4477.220080711731,9411.383881543894,,,C04,existing
P125_36_4,G2,relay_aircraft,G2-relay_aircraft-01,R001,113.13731944608116,2129.2976388563347,R002,2665.0597608848047,NEW-relay_aircraft-01,procurement_required
P125_36_4,G2,relay_aircraft,G2-relay_aircraft-01,R002,4794.3573997411395,8150.275924236526,,,NEW-relay_aircraft-01,procurement_required
P125_36_4,G2,relay_components,G2-relay_components-01,R001,113.13731944608116,2500.002637752911,R002,2294.3547619882283,RE03,existing
P125_36_4,G2,relay_components,G2-relay_components-01,R002,4794.3573997411395,8687.28771421572,,,RE03,existing
P125_36_4,G3,A_aircraft,G3-A_aircraft-01,T009,1317.470977312685,2633.4851917296737,,,NEW-A_aircraft-04,procurement_required
P125_36_4,G3,C_aircraft,G3-C_aircraft-01,T010_2,0.0,1433.035082877992,,,NEW-C_aircraft-02,procurement_required
P125_36_4,G3,A_batteries,G3-A_batteries-01,T009,1317.470977312685,3525.3399936387705,,,NEW-A_batteries-03,procurement_required
P125_36_4,G3,C_batteries,G3-C_batteries-01,T010_2,0.0,2880.8082760764496,,,NEW-C_batteries-01,procurement_required
P125_3_46,G1,A_aircraft,G1-A_aircraft-01,T005,0.0,1312.470877312685,T014_2,1326.0144144169885,U01,existing
P125_3_46,G1,A_aircraft,G1-A_aircraft-01,T014_2,2638.4852917296735,4762.444692702658,,,U01,existing
P125_3_46,G1,A_aircraft,G1-A_aircraft-02,T002_2,2048.115373302644,3650.7081092828166,T022,1116.736683419841,U02,existing
P125_3_46,G1,A_aircraft,G1-A_aircraft-02,T022,4767.444792702658,6458.979278941607,,,U02,existing
P125_3_46,G1,A_aircraft,G1-A_aircraft-03,T017,2048.115373302644,4391.962448014616,,,U03,existing
P125_3_46,G1,A_aircraft,G1-A_aircraft-04,T011,2058.1153733026445,4188.754462062227,,,U04,existing
P125_3_46,G1,B_aircraft,G1-B_aircraft-01,T004,1194.630385736439,3227.943287050344,T013,5.000100000000202,U05,existing
P125_3_46,G1,B_aircraft,G1-B_aircraft-01,T013,3232.9433870503444,5190.984658537339,,,U05,existing
P125_3_46,G1,B_aircraft,G1-B_aircraft-02,T008,1984.115373302644,3828.6542634582115,T021,1367.3304950791276,U06,existing
P125_3_46,G1,B_aircraft,G1-B_aircraft-02,T021,5195.984758537339,7094.0260300243335,,,U06,existing
P125_3_46,G1,C_aircraft,G1-C_aircraft-01,T003,1438.035182877992,2867.4613603954576,T001,18.347015680992172,U07,existing
P125_3_46,G1,C_aircraft,G1-C_aircraft-01,T001,2885.80837607645,4447.234553593915,T012,2249.184264967842,U07,existing
P125_3_46,G1,C_aircraft,G1-C_aircraft-01,T012,6696.418818561757,8811.50045984021,,,U07,existing
P125_3_46,G1,C_aircraft,G1-C_aircraft-02,T015,2076.1153733026445,3744.0155776451697,T019_2,708.2190759487462,U08,existing
P125_3_46,G1,C_aircraft,G1-C_aircraft-02,T019_2,4452.234653593916,6691.4187185617575,,,U08,existing
P125_3_46,G1,A_batteries,G1-A_batteries-01,T005,0.0,2178.7887122874713,T014_2,459.69657944220216,A01,existing
P125_3_46,G1,A_batteries,G1-A_batteries-01,T014_2,2638.4852917296735,6105.968766534681,,,A01,existing
P125_3_46,G1,A_batteries,G1-A_batteries-02,T002_2,2048.115373302644,4715.175270999501,T022,52.2695217031569,A02,existing
P125_3_46,G1,A_batteries,G1-A_batteries-02,T022,4767.444792702658,7634.473785621062,,,A02,existing
P125_3_46,G1,A_batteries,G1-A_batteries-03,T017,2048.115373302644,5755.52643126419,,,A03,existing
P125_3_46,G1,A_batteries,G1-A_batteries-04,T011,2058.1153733026445,5546.53945703066,,,A04,existing
P125_3_46,G1,B_batteries,G1-B_batteries-01,T004,1194.630385736439,4994.129999948263,T021,201.85475858907648,B01,existing
P125_3_46,G1,B_batteries,G1-B_batteries-01,T021,5195.984758537339,8961.208181941944,,,B01,existing
P125_3_46,G1,B_batteries,G1-B_batteries-02,T008,1984.115373302644,5417.316226537593,,,B02,existing
P125_3_46,G1,B_batteries,G1-B_batteries-03,T013,3232.9433870503444,7150.230286022929,,,B03,existing
P125_3_46,G1,C_batteries,G1-C_batteries-01,T003,1438.035182877992,4385.641813543676,T019_2,66.59284005023983,C01,existing
P125_3_46,G1,C_batteries,G1-C_batteries-01,T019_2,4452.234653593916,9160.096499981806,,,C01,existing
P125_3_46,G1,C_batteries,G1-C_batteries-02,T015,2076.1153733026445,5451.076587273992,T012,1245.3422312877647,C02,existing
P125_3_46,G1,C_batteries,G1-C_batteries-02,T012,6696.418818561757,11304.166177291878,,,C02,existing
P125_3_46,G1,C_batteries,G1-C_batteries-03,T001,2885.80837607645,6035.901229839401,,,C03,existing
P125_3_46,G1,relay_aircraft,G1-relay_aircraft-01,R003,1094.8164843575157,9390.324849711596,,,R01,existing
P125_3_46,G1,relay_aircraft,G1-relay_aircraft-02,R004,2134.297738856335,4789.357299741141,,,R02,existing
P125_3_46,G1,relay_components,G1-relay_components-01,R003,1094.8164843575157,10551.813344790942,,,RE01,existing
P125_3_46,G1,relay_components,G1-relay_components-02,R004,2134.297738856335,5243.065183552219,,,RE02,existing
P125_3_46,G2,A_aircraft,G2-A_aircraft-01,T002_1,0.0,1652.4416357195464,T016,2907.7784449921833,NEW-A_aircraft-01,procurement_required
P125_3_46,G2,A_aircraft,G2-A_aircraft-01,T016,4560.22008071173,6255.978185380194,T019_1,5.000099999998383,NEW-A_aircraft-01,procurement_required
P125_3_46,G2,A_aircraft,G2-A_aircraft-01,T019_1,6260.978285380193,7896.736390048657,,,NEW-A_aircraft-01,procurement_required
P125_3_46,G2,A_aircraft,G2-A_aircraft-02,T020,4720.220080711731,6690.4299276885495,,,NEW-A_aircraft-02,procurement_required
P125_3_46,G2,A_aircraft,G2-A_aircraft-03,T023,5551.539557030659,7187.297661699124,,,NEW-A_aircraft-03,procurement_required
P125_3_46,G2,B_aircraft,G2-B_aircraft-01,T014_1,4.16673174186144e-07,1519.0243448285282,T007,3077.1957358832024,NEW-B_aircraft-01,procurement_required
P125_3_46,G2,B_aircraft,G2-B_aircraft-01,T007,4596.220080711731,6939.352187396264,,,NEW-B_aircraft-01,procurement_required
P125_3_46,G2,C_aircraft,G2-C_aircraft-01,T010_1,0.0,1823.224406150507,T018,2653.9956745612235,NEW-C_aircraft-01,procurement_required
P125_3_46,G2,C_aircraft,G2-C_aircraft-01,T018,4477.220080711731,6913.029601569379,,,NEW-C_aircraft-01,procurement_required
P125_3_46,G2,A_batteries,G2-A_batteries-01,T002_1,0.0,2667.5322461730734,T019_1,3593.446039207119,A05,existing
P125_3_46,G2,A_batteries,G2-A_batteries-01,T019_1,6260.978285380193,8981.354683688944,,,A05,existing
P125_3_46,G2,A_batteries,G2-A_batteries-02,T016,4560.22008071173,7391.954497536396,,,A06,existing
P125_3_46,G2,A_batteries,G2-A_batteries-03,T020,4720.220080711731,7930.430578375625,,,NEW-A_batteries-01,procurement_required
P125_3_46,G2,A_batteries,G2-A_batteries-04,T023,5551.539557030659,8292.236282374923,,,NEW-A_batteries-02,procurement_required
P125_3_46,G2,B_batteries,G2-B_batteries-01,T014_1,4.16673174186144e-07,2956.2905629638744,T007,1639.9295177478562,B04,existing
P125_3_46,G2,B_batteries,G2-B_batteries-01,T007,4596.220080711731,8817.149572633247,,,B04,existing
P125_3_46,G2,C_batteries,G2-C_batteries-01,T010_1,0.0,3563.4170832737245,T018,913.8029974380061,C04,existing
P125_3_46,G2,C_batteries,G2-C_batteries-01,T018,4477.220080711731,9411.383881543894,,,C04,existing
P125_3_46,G2,relay_aircraft,G2-relay_aircraft-01,R001,113.13731944608116,2129.2976388563347,R002,2665.0597608848047,NEW-relay_aircraft-01,procurement_required
P125_3_46,G2,relay_aircraft,G2-relay_aircraft-01,R002,4794.3573997411395,8150.275924236526,,,NEW-relay_aircraft-01,procurement_required
P125_3_46,G2,relay_components,G2-relay_components-01,R001,113.13731944608116,2500.002637752911,R002,2294.3547619882283,RE03,existing
P125_3_46,G2,relay_components,G2-relay_components-01,R002,4794.3573997411395,8687.28771421572,,,RE03,existing
P125_3_46,G3,A_aircraft,G3-A_aircraft-01,T009,1317.470977312685,2633.4851917296737,,,NEW-A_aircraft-04,procurement_required
P125_3_46,G3,B_aircraft,G3-B_aircraft-01,T006,0.0,1189.630285736439,,,NEW-B_aircraft-02,procurement_required
P125_3_46,G3,C_aircraft,G3-C_aircraft-01,T010_2,0.0,1433.035082877992,,,NEW-C_aircraft-02,procurement_required
P125_3_46,G3,A_batteries,G3-A_batteries-01,T009,1317.470977312685,3525.3399936387705,,,NEW-A_batteries-03,procurement_required
P125_3_46,G3,B_batteries,G3-B_batteries-01,T006,0.0,2323.07116269932,,,NEW-B_batteries-01,procurement_required
P125_3_46,G3,C_batteries,G3-C_batteries-01,T010_2,0.0,2880.8082760764496,,,NEW-C_batteries-01,procurement_required
P126_35_4,G1,A_aircraft,G1-A_aircraft-01,T005,0.0,1312.470877312685,T014_2,1326.0144144169885,U01,existing
P126_35_4,G1,A_aircraft,G1-A_aircraft-01,T014_2,2638.4852917296735,4762.444692702658,T022,5.000099999999293,U01,existing
P126_35_4,G1,A_aircraft,G1-A_aircraft-01,T022,4767.444792702658,6458.979278941607,,,U01,existing
P126_35_4,G1,B_aircraft,G1-B_aircraft-01,T006,0.0,1189.630285736439,T004,5.000099999999975,U05,existing
P126_35_4,G1,B_aircraft,G1-B_aircraft-01,T004,1194.630385736439,3227.943287050344,T013,5.000100000000202,U05,existing
P126_35_4,G1,B_aircraft,G1-B_aircraft-01,T013,3232.9433870503444,5190.984658537339,T021,5.000100000000202,U05,existing
P126_35_4,G1,B_aircraft,G1-B_aircraft-01,T021,5195.984758537339,7094.0260300243335,,,U05,existing
P126_35_4,G1,C_aircraft,G1-C_aircraft-01,T003,1438.035182877992,2867.4613603954576,T001,18.347015680992172,U07,existing
P126_35_4,G1,C_aircraft,G1-C_aircraft-01,T001,2885.80837607645,4447.234553593915,T019_2,5.000100000001112,U07,existing
P126_35_4,G1,C_aircraft,G1-C_aircraft-01,T019_2,4452.234653593916,6691.4187185617575,T012,5.000099999999293,U07,existing
P126_35_4,G1,C_aircraft,G1-C_aircraft-01,T012,6696.418818561757,8811.50045984021,,,U07,existing
P126_35_4,G1,A_batteries,G1-A_batteries-01,T005,0.0,2178.7887122874713,T022,2588.6560804151864,A01,existing
P126_35_4,G1,A_batteries,G1-A_batteries-01,T022,4767.444792702658,7634.473785621062,,,A01,existing
P126_35_4,G1,A_batteries,G1-A_batteries-02,T014_2,2638.4852917296735,6105.968766534681,,,A02,existing
P126_35_4,G1,B_batteries,G1-B_batteries-01,T006,0.0,2323.07116269932,T013,909.8722243510242,B01,existing
P126_35_4,G1,B_batteries,G1-B_batteries-01,T013,3232.9433870503444,7150.230286022929,,,B01,existing
P126_35_4,G1,B_batteries,G1-B_batteries-02,T004,1194.630385736439,4994.129999948263,T021,201.85475858907648,B02,existing
P126_35_4,G1,B_batteries,G1-B_batteries-02,T021,5195.984758537339,8961.208181941944,,,B02,existing
P126_35_4,G1,C_batteries,G1-C_batteries-01,T003,1438.035182877992,4385.641813543676,T019_2,66.59284005023983,C01,existing
P126_35_4,G1,C_batteries,G1-C_batteries-01,T019_2,4452.234653593916,9160.096499981806,,,C01,existing
P126_35_4,G1,C_batteries,G1-C_batteries-02,T001,2885.80837607645,6035.901229839401,T012,660.5175887223559,C02,existing
P126_35_4,G1,C_batteries,G1-C_batteries-02,T012,6696.418818561757,11304.166177291878,,,C02,existing
P126_35_4,G1,relay_aircraft,G1-relay_aircraft-01,R003,1094.8164843575157,9390.324849711596,,,R01,existing
P126_35_4,G1,relay_components,G1-relay_components-01,R003,1094.8164843575157,10551.813344790942,,,RE01,existing
P126_35_4,G2,A_aircraft,G2-A_aircraft-01,T002_1,0.0,1652.4416357195464,T002_2,395.6737375830976,U02,existing
P126_35_4,G2,A_aircraft,G2-A_aircraft-01,T002_2,2048.115373302644,3650.7081092828166,T023,1900.8314477478425,U02,existing
P126_35_4,G2,A_aircraft,G2-A_aircraft-01,T023,5551.539557030659,7187.297661699124,,,U02,existing
P126_35_4,G2,A_aircraft,G2-A_aircraft-02,T017,2048.115373302644,4391.962448014616,T016,168.25763269711388,U03,existing
P126_35_4,G2,A_aircraft,G2-A_aircraft-02,T016,4560.22008071173,6255.978185380194,T019_1,5.000099999998383,U03,existing
P126_35_4,G2,A_aircraft,G2-A_aircraft-02,T019_1,6260.978285380193,7896.736390048657,,,U03,existing
P126_35_4,G2,A_aircraft,G2-A_aircraft-03,T011,2058.1153733026445,4188.754462062227,T020,531.465618649504,U04,existing
P126_35_4,G2,A_aircraft,G2-A_aircraft-03,T020,4720.220080711731,6690.4299276885495,,,U04,existing
P126_35_4,G2,B_aircraft,G2-B_aircraft-01,T014_1,4.16673174186144e-07,1519.0243448285282,T008,465.0910284741158,U06,existing
P126_35_4,G2,B_aircraft,G2-B_aircraft-01,T008,1984.115373302644,3828.6542634582115,T007,767.5658172535191,U06,existing
P126_35_4,G2,B_aircraft,G2-B_aircraft-01,T007,4596.220080711731,6939.352187396264,,,U06,existing
P126_35_4,G2,C_aircraft,G2-C_aircraft-01,T010_1,0.0,1823.224406150507,T015,252.89096715213736,U08,existing
P126_35_4,G2,C_aircraft,G2-C_aircraft-01,T015,2076.1153733026445,3744.0155776451697,T018,733.2045030665608,U08,existing
P126_35_4,G2,C_aircraft,G2-C_aircraft-01,T018,4477.220080711731,6913.029601569379,,,U08,existing
P126_35_4,G2,A_batteries,G2-A_batteries-01,T002_1,0.0,2667.5322461730734,T016,1892.6878345386563,A03,existing
P126_35_4,G2,A_batteries,G2-A_batteries-01,T016,4560.22008071173,7391.954497536396,,,A03,existing
P126_35_4,G2,A_batteries,G2-A_batteries-02,T002_2,2048.115373302644,4715.175270999501,T020,5.044809712229835,A04,existing
P126_35_4,G2,A_batteries,G2-A_batteries-02,T020,4720.220080711731,7930.430578375625,,,A04,existing
P126_35_4,G2,A_batteries,G2-A_batteries-03,T017,2048.115373302644,5755.52643126419,T019_1,505.4518541160023,A05,existing
P126_35_4,G2,A_batteries,G2-A_batteries-03,T019_1,6260.978285380193,8981.354683688944,,,A05,existing
P126_35_4,G2,A_batteries,G2-A_batteries-04,T011,2058.1153733026445,5546.53945703066,T023,5.000099999999293,A06,existing
P126_35_4,G2,A_batteries,G2-A_batteries-04,T023,5551.539557030659,8292.236282374923,,,A06,existing
P126_35_4,G2,B_batteries,G2-B_batteries-01,T014_1,4.16673174186144e-07,2956.2905629638744,T007,1639.9295177478562,B03,existing
P126_35_4,G2,B_batteries,G2-B_batteries-01,T007,4596.220080711731,8817.149572633247,,,B03,existing
P126_35_4,G2,B_batteries,G2-B_batteries-02,T008,1984.115373302644,5417.316226537593,,,B04,existing
P126_35_4,G2,C_batteries,G2-C_batteries-01,T010_1,0.0,3563.4170832737245,T018,913.8029974380061,C03,existing
P126_35_4,G2,C_batteries,G2-C_batteries-01,T018,4477.220080711731,9411.383881543894,,,C03,existing
P126_35_4,G2,C_batteries,G2-C_batteries-02,T015,2076.1153733026445,5451.076587273992,,,C04,existing
P126_35_4,G2,relay_aircraft,G2-relay_aircraft-01,R001,113.13731944608116,2129.2976388563347,R004,5.000100000000202,R02,existing
P126_35_4,G2,relay_aircraft,G2-relay_aircraft-01,R004,2134.297738856335,4789.357299741141,R002,5.000099999998383,R02,existing
P126_35_4,G2,relay_aircraft,G2-relay_aircraft-01,R002,4794.3573997411395,8150.275924236526,,,R02,existing
P126_35_4,G2,relay_components,G2-relay_components-01,R001,113.13731944608116,2500.002637752911,R002,2294.3547619882283,RE02,existing
P126_35_4,G2,relay_components,G2-relay_components-01,R002,4794.3573997411395,8687.28771421572,,,RE02,existing
P126_35_4,G2,relay_components,G2-relay_components-02,R004,2134.297738856335,5243.065183552219,,,RE03,existing
P126_35_4,G3,A_aircraft,G3-A_aircraft-01,T009,1317.470977312685,2633.4851917296737,,,NEW-A_aircraft-01,procurement_required
P126_35_4,G3,C_aircraft,G3-C_aircraft-01,T010_2,0.0,1433.035082877992,,,NEW-C_aircraft-01,procurement_required
P126_35_4,G3,A_batteries,G3-A_batteries-01,T009,1317.470977312685,3525.3399936387705,,,NEW-A_batteries-01,procurement_required
P126_35_4,G3,C_batteries,G3-C_batteries-01,T010_2,0.0,2880.8082760764496,,,NEW-C_batteries-01,procurement_required
P12_356_4,G1,A_aircraft,G1-A_aircraft-01,T005,0.0,1312.470877312685,T014_2,1326.0144144169885,U01,existing
P12_356_4,G1,A_aircraft,G1-A_aircraft-01,T014_2,2638.4852917296735,4762.444692702658,T022,5.000099999999293,U01,existing
P12_356_4,G1,A_aircraft,G1-A_aircraft-01,T022,4767.444792702658,6458.979278941607,,,U01,existing
P12_356_4,G1,B_aircraft,G1-B_aircraft-01,T004,1194.630385736439,3227.943287050344,T013,5.000100000000202,U05,existing
P12_356_4,G1,B_aircraft,G1-B_aircraft-01,T013,3232.9433870503444,5190.984658537339,T021,5.000100000000202,U05,existing
P12_356_4,G1,B_aircraft,G1-B_aircraft-01,T021,5195.984758537339,7094.0260300243335,,,U05,existing
P12_356_4,G1,C_aircraft,G1-C_aircraft-01,T003,1438.035182877992,2867.4613603954576,T001,18.347015680992172,U07,existing
P12_356_4,G1,C_aircraft,G1-C_aircraft-01,T001,2885.80837607645,4447.234553593915,T019_2,5.000100000001112,U07,existing
P12_356_4,G1,C_aircraft,G1-C_aircraft-01,T019_2,4452.234653593916,6691.4187185617575,T012,5.000099999999293,U07,existing
P12_356_4,G1,C_aircraft,G1-C_aircraft-01,T012,6696.418818561757,8811.50045984021,,,U07,existing
P12_356_4,G1,A_batteries,G1-A_batteries-01,T005,0.0,2178.7887122874713,T022,2588.6560804151864,A01,existing
P12_356_4,G1,A_batteries,G1-A_batteries-01,T022,4767.444792702658,7634.473785621062,,,A01,existing
P12_356_4,G1,A_batteries,G1-A_batteries-02,T014_2,2638.4852917296735,6105.968766534681,,,A02,existing
P12_356_4,G1,B_batteries,G1-B_batteries-01,T004,1194.630385736439,4994.129999948263,T021,201.85475858907648,B01,existing
P12_356_4,G1,B_batteries,G1-B_batteries-01,T021,5195.984758537339,8961.208181941944,,,B01,existing
P12_356_4,G1,B_batteries,G1-B_batteries-02,T013,3232.9433870503444,7150.230286022929,,,B02,existing
P12_356_4,G1,C_batteries,G1-C_batteries-01,T003,1438.035182877992,4385.641813543676,T019_2,66.59284005023983,C01,existing
P12_356_4,G1,C_batteries,G1-C_batteries-01,T019_2,4452.234653593916,9160.096499981806,,,C01,existing
P12_356_4,G1,C_batteries,G1-C_batteries-02,T001,2885.80837607645,6035.901229839401,T012,660.5175887223559,C02,existing
P12_356_4,G1,C_batteries,G1-C_batteries-02,T012,6696.418818561757,11304.166177291878,,,C02,existing
P12_356_4,G1,relay_aircraft,G1-relay_aircraft-01,R003,1094.8164843575157,9390.324849711596,,,R01,existing
P12_356_4,G1,relay_components,G1-relay_components-01,R003,1094.8164843575157,10551.813344790942,,,RE01,existing
P12_356_4,G2,A_aircraft,G2-A_aircraft-01,T002_1,0.0,1652.4416357195464,T002_2,395.6737375830976,U02,existing
P12_356_4,G2,A_aircraft,G2-A_aircraft-01,T002_2,2048.115373302644,3650.7081092828166,T023,1900.8314477478425,U02,existing
P12_356_4,G2,A_aircraft,G2-A_aircraft-01,T023,5551.539557030659,7187.297661699124,,,U02,existing
P12_356_4,G2,A_aircraft,G2-A_aircraft-02,T017,2048.115373302644,4391.962448014616,T016,168.25763269711388,U03,existing
P12_356_4,G2,A_aircraft,G2-A_aircraft-02,T016,4560.22008071173,6255.978185380194,T019_1,5.000099999998383,U03,existing
P12_356_4,G2,A_aircraft,G2-A_aircraft-02,T019_1,6260.978285380193,7896.736390048657,,,U03,existing
P12_356_4,G2,A_aircraft,G2-A_aircraft-03,T011,2058.1153733026445,4188.754462062227,T020,531.465618649504,U04,existing
P12_356_4,G2,A_aircraft,G2-A_aircraft-03,T020,4720.220080711731,6690.4299276885495,,,U04,existing
P12_356_4,G2,B_aircraft,G2-B_aircraft-01,T006,0.0,1189.630285736439,T008,794.485087566205,U06,existing
P12_356_4,G2,B_aircraft,G2-B_aircraft-01,T008,1984.115373302644,3828.6542634582115,,,U06,existing
P12_356_4,G2,B_aircraft,G2-B_aircraft-02,T014_1,4.16673174186144e-07,1519.0243448285282,T007,3077.1957358832024,NEW-B_aircraft-01,procurement_required
P12_356_4,G2,B_aircraft,G2-B_aircraft-02,T007,4596.220080711731,6939.352187396264,,,NEW-B_aircraft-01,procurement_required
P12_356_4,G2,C_aircraft,G2-C_aircraft-01,T010_1,0.0,1823.224406150507,T015,252.89096715213736,U08,existing
P12_356_4,G2,C_aircraft,G2-C_aircraft-01,T015,2076.1153733026445,3744.0155776451697,T018,733.2045030665608,U08,existing
P12_356_4,G2,C_aircraft,G2-C_aircraft-01,T018,4477.220080711731,6913.029601569379,,,U08,existing
P12_356_4,G2,A_batteries,G2-A_batteries-01,T002_1,0.0,2667.5322461730734,T016,1892.6878345386563,A03,existing
P12_356_4,G2,A_batteries,G2-A_batteries-01,T016,4560.22008071173,7391.954497536396,,,A03,existing
P12_356_4,G2,A_batteries,G2-A_batteries-02,T002_2,2048.115373302644,4715.175270999501,T020,5.044809712229835,A04,existing
P12_356_4,G2,A_batteries,G2-A_batteries-02,T020,4720.220080711731,7930.430578375625,,,A04,existing
P12_356_4,G2,A_batteries,G2-A_batteries-03,T017,2048.115373302644,5755.52643126419,T019_1,505.4518541160023,A05,existing
P12_356_4,G2,A_batteries,G2-A_batteries-03,T019_1,6260.978285380193,8981.354683688944,,,A05,existing
P12_356_4,G2,A_batteries,G2-A_batteries-04,T011,2058.1153733026445,5546.53945703066,T023,5.000099999999293,A06,existing
P12_356_4,G2,A_batteries,G2-A_batteries-04,T023,5551.539557030659,8292.236282374923,,,A06,existing
P12_356_4,G2,B_batteries,G2-B_batteries-01,T006,0.0,2323.07116269932,T007,2273.1489180124104,B03,existing
P12_356_4,G2,B_batteries,G2-B_batteries-01,T007,4596.220080711731,8817.149572633247,,,B03,existing
P12_356_4,G2,B_batteries,G2-B_batteries-02,T014_1,4.16673174186144e-07,2956.2905629638744,,,B04,existing
P12_356_4,G2,B_batteries,G2-B_batteries-03,T008,1984.115373302644,5417.316226537593,,,NEW-B_batteries-01,procurement_required
P12_356_4,G2,C_batteries,G2-C_batteries-01,T010_1,0.0,3563.4170832737245,T018,913.8029974380061,C03,existing
P12_356_4,G2,C_batteries,G2-C_batteries-01,T018,4477.220080711731,9411.383881543894,,,C03,existing
P12_356_4,G2,C_batteries,G2-C_batteries-02,T015,2076.1153733026445,5451.076587273992,,,C04,existing
P12_356_4,G2,relay_aircraft,G2-relay_aircraft-01,R001,113.13731944608116,2129.2976388563347,R004,5.000100000000202,R02,existing
P12_356_4,G2,relay_aircraft,G2-relay_aircraft-01,R004,2134.297738856335,4789.357299741141,R002,5.000099999998383,R02,existing
P12_356_4,G2,relay_aircraft,G2-relay_aircraft-01,R002,4794.3573997411395,8150.275924236526,,,R02,existing
P12_356_4,G2,relay_components,G2-relay_components-01,R001,113.13731944608116,2500.002637752911,R002,2294.3547619882283,RE02,existing
P12_356_4,G2,relay_components,G2-relay_components-01,R002,4794.3573997411395,8687.28771421572,,,RE02,existing
P12_356_4,G2,relay_components,G2-relay_components-02,R004,2134.297738856335,5243.065183552219,,,RE03,existing
P12_356_4,G3,A_aircraft,G3-A_aircraft-01,T009,1317.470977312685,2633.4851917296737,,,NEW-A_aircraft-01,procurement_required
P12_356_4,G3,C_aircraft,G3-C_aircraft-01,T010_2,0.0,1433.035082877992,,,NEW-C_aircraft-01,procurement_required
P12_356_4,G3,A_batteries,G3-A_batteries-01,T009,1317.470977312685,3525.3399936387705,,,NEW-A_batteries-01,procurement_required
P12_356_4,G3,C_batteries,G3-C_batteries-01,T010_2,0.0,2880.8082760764496,,,NEW-C_batteries-01,procurement_required
P12_35_46,G1,A_aircraft,G1-A_aircraft-01,T005,0.0,1312.470877312685,T014_2,1326.0144144169885,U01,existing
P12_35_46,G1,A_aircraft,G1-A_aircraft-01,T014_2,2638.4852917296735,4762.444692702658,T022,5.000099999999293,U01,existing
P12_35_46,G1,A_aircraft,G1-A_aircraft-01,T022,4767.444792702658,6458.979278941607,,,U01,existing
P12_35_46,G1,B_aircraft,G1-B_aircraft-01,T004,1194.630385736439,3227.943287050344,T013,5.000100000000202,U05,existing
P12_35_46,G1,B_aircraft,G1-B_aircraft-01,T013,3232.9433870503444,5190.984658537339,T021,5.000100000000202,U05,existing
P12_35_46,G1,B_aircraft,G1-B_aircraft-01,T021,5195.984758537339,7094.0260300243335,,,U05,existing
P12_35_46,G1,C_aircraft,G1-C_aircraft-01,T003,1438.035182877992,2867.4613603954576,T001,18.347015680992172,U07,existing
P12_35_46,G1,C_aircraft,G1-C_aircraft-01,T001,2885.80837607645,4447.234553593915,T019_2,5.000100000001112,U07,existing
P12_35_46,G1,C_aircraft,G1-C_aircraft-01,T019_2,4452.234653593916,6691.4187185617575,T012,5.000099999999293,U07,existing
P12_35_46,G1,C_aircraft,G1-C_aircraft-01,T012,6696.418818561757,8811.50045984021,,,U07,existing
P12_35_46,G1,A_batteries,G1-A_batteries-01,T005,0.0,2178.7887122874713,T022,2588.6560804151864,A01,existing
P12_35_46,G1,A_batteries,G1-A_batteries-01,T022,4767.444792702658,7634.473785621062,,,A01,existing
P12_35_46,G1,A_batteries,G1-A_batteries-02,T014_2,2638.4852917296735,6105.968766534681,,,A02,existing
P12_35_46,G1,B_batteries,G1-B_batteries-01,T004,1194.630385736439,4994.129999948263,T021,201.85475858907648,B01,existing
P12_35_46,G1,B_batteries,G1-B_batteries-01,T021,5195.984758537339,8961.208181941944,,,B01,existing
P12_35_46,G1,B_batteries,G1-B_batteries-02,T013,3232.9433870503444,7150.230286022929,,,B02,existing
P12_35_46,G1,C_batteries,G1-C_batteries-01,T003,1438.035182877992,4385.641813543676,T019_2,66.59284005023983,C01,existing
P12_35_46,G1,C_batteries,G1-C_batteries-01,T019_2,4452.234653593916,9160.096499981806,,,C01,existing
P12_35_46,G1,C_batteries,G1-C_batteries-02,T001,2885.80837607645,6035.901229839401,T012,660.5175887223559,C02,existing
P12_35_46,G1,C_batteries,G1-C_batteries-02,T012,6696.418818561757,11304.166177291878,,,C02,existing
P12_35_46,G1,relay_aircraft,G1-relay_aircraft-01,R003,1094.8164843575157,9390.324849711596,,,R01,existing
P12_35_46,G1,relay_components,G1-relay_components-01,R003,1094.8164843575157,10551.813344790942,,,RE01,existing
P12_35_46,G2,A_aircraft,G2-A_aircraft-01,T002_1,0.0,1652.4416357195464,T002_2,395.6737375830976,U02,existing
P12_35_46,G2,A_aircraft,G2-A_aircraft-01,T002_2,2048.115373302644,3650.7081092828166,T023,1900.8314477478425,U02,existing
P12_35_46,G2,A_aircraft,G2-A_aircraft-01,T023,5551.539557030659,7187.297661699124,,,U02,existing
P12_35_46,G2,A_aircraft,G2-A_aircraft-02,T017,2048.115373302644,4391.962448014616,T016,168.25763269711388,U03,existing
P12_35_46,G2,A_aircraft,G2-A_aircraft-02,T016,4560.22008071173,6255.978185380194,T019_1,5.000099999998383,U03,existing
P12_35_46,G2,A_aircraft,G2-A_aircraft-02,T019_1,6260.978285380193,7896.736390048657,,,U03,existing
P12_35_46,G2,A_aircraft,G2-A_aircraft-03,T011,2058.1153733026445,4188.754462062227,T020,531.465618649504,U04,existing
P12_35_46,G2,A_aircraft,G2-A_aircraft-03,T020,4720.220080711731,6690.4299276885495,,,U04,existing
P12_35_46,G2,B_aircraft,G2-B_aircraft-01,T014_1,4.16673174186144e-07,1519.0243448285282,T008,465.0910284741158,U06,existing
P12_35_46,G2,B_aircraft,G2-B_aircraft-01,T008,1984.115373302644,3828.6542634582115,T007,767.5658172535191,U06,existing
P12_35_46,G2,B_aircraft,G2-B_aircraft-01,T007,4596.220080711731,6939.352187396264,,,U06,existing
P12_35_46,G2,C_aircraft,G2-C_aircraft-01,T010_1,0.0,1823.224406150507,T015,252.89096715213736,U08,existing
P12_35_46,G2,C_aircraft,G2-C_aircraft-01,T015,2076.1153733026445,3744.0155776451697,T018,733.2045030665608,U08,existing
P12_35_46,G2,C_aircraft,G2-C_aircraft-01,T018,4477.220080711731,6913.029601569379,,,U08,existing
P12_35_46,G2,A_batteries,G2-A_batteries-01,T002_1,0.0,2667.5322461730734,T016,1892.6878345386563,A03,existing
P12_35_46,G2,A_batteries,G2-A_batteries-01,T016,4560.22008071173,7391.954497536396,,,A03,existing
P12_35_46,G2,A_batteries,G2-A_batteries-02,T002_2,2048.115373302644,4715.175270999501,T020,5.044809712229835,A04,existing
P12_35_46,G2,A_batteries,G2-A_batteries-02,T020,4720.220080711731,7930.430578375625,,,A04,existing
P12_35_46,G2,A_batteries,G2-A_batteries-03,T017,2048.115373302644,5755.52643126419,T019_1,505.4518541160023,A05,existing
P12_35_46,G2,A_batteries,G2-A_batteries-03,T019_1,6260.978285380193,8981.354683688944,,,A05,existing
P12_35_46,G2,A_batteries,G2-A_batteries-04,T011,2058.1153733026445,5546.53945703066,T023,5.000099999999293,A06,existing
P12_35_46,G2,A_batteries,G2-A_batteries-04,T023,5551.539557030659,8292.236282374923,,,A06,existing
P12_35_46,G2,B_batteries,G2-B_batteries-01,T014_1,4.16673174186144e-07,2956.2905629638744,T007,1639.9295177478562,B03,existing
P12_35_46,G2,B_batteries,G2-B_batteries-01,T007,4596.220080711731,8817.149572633247,,,B03,existing
P12_35_46,G2,B_batteries,G2-B_batteries-02,T008,1984.115373302644,5417.316226537593,,,B04,existing
P12_35_46,G2,C_batteries,G2-C_batteries-01,T010_1,0.0,3563.4170832737245,T018,913.8029974380061,C03,existing
P12_35_46,G2,C_batteries,G2-C_batteries-01,T018,4477.220080711731,9411.383881543894,,,C03,existing
P12_35_46,G2,C_batteries,G2-C_batteries-02,T015,2076.1153733026445,5451.076587273992,,,C04,existing
P12_35_46,G2,relay_aircraft,G2-relay_aircraft-01,R001,113.13731944608116,2129.2976388563347,R004,5.000100000000202,R02,existing
P12_35_46,G2,relay_aircraft,G2-relay_aircraft-01,R004,2134.297738856335,4789.357299741141,R002,5.000099999998383,R02,existing
P12_35_46,G2,relay_aircraft,G2-relay_aircraft-01,R002,4794.3573997411395,8150.275924236526,,,R02,existing
P12_35_46,G2,relay_components,G2-relay_components-01,R001,113.13731944608116,2500.002637752911,R002,2294.3547619882283,RE02,existing
P12_35_46,G2,relay_components,G2-relay_components-01,R002,4794.3573997411395,8687.28771421572,,,RE02,existing
P12_35_46,G2,relay_components,G2-relay_components-02,R004,2134.297738856335,5243.065183552219,,,RE03,existing
P12_35_46,G3,A_aircraft,G3-A_aircraft-01,T009,1317.470977312685,2633.4851917296737,,,NEW-A_aircraft-01,procurement_required
P12_35_46,G3,B_aircraft,G3-B_aircraft-01,T006,0.0,1189.630285736439,,,NEW-B_aircraft-01,procurement_required
P12_35_46,G3,C_aircraft,G3-C_aircraft-01,T010_2,0.0,1433.035082877992,,,NEW-C_aircraft-01,procurement_required
P12_35_46,G3,A_batteries,G3-A_batteries-01,T009,1317.470977312685,3525.3399936387705,,,NEW-A_batteries-01,procurement_required
P12_35_46,G3,B_batteries,G3-B_batteries-01,T006,0.0,2323.07116269932,,,NEW-B_batteries-01,procurement_required
P12_35_46,G3,C_batteries,G3-C_batteries-01,T010_2,0.0,2880.8082760764496,,,NEW-C_batteries-01,procurement_required
P126_3_45,G1,A_aircraft,G1-A_aircraft-01,T005,0.0,1312.470877312685,T014_2,1326.0144144169885,U01,existing
P126_3_45,G1,A_aircraft,G1-A_aircraft-01,T014_2,2638.4852917296735,4762.444692702658,T022,5.000099999999293,U01,existing
P126_3_45,G1,A_aircraft,G1-A_aircraft-01,T022,4767.444792702658,6458.979278941607,,,U01,existing
P126_3_45,G1,B_aircraft,G1-B_aircraft-01,T006,0.0,1189.630285736439,T004,5.000099999999975,U05,existing
P126_3_45,G1,B_aircraft,G1-B_aircraft-01,T004,1194.630385736439,3227.943287050344,T013,5.000100000000202,U05,existing
P126_3_45,G1,B_aircraft,G1-B_aircraft-01,T013,3232.9433870503444,5190.984658537339,T021,5.000100000000202,U05,existing
P126_3_45,G1,B_aircraft,G1-B_aircraft-01,T021,5195.984758537339,7094.0260300243335,,,U05,existing
P126_3_45,G1,C_aircraft,G1-C_aircraft-01,T003,1438.035182877992,2867.4613603954576,T001,18.347015680992172,U07,existing
P126_3_45,G1,C_aircraft,G1-C_aircraft-01,T001,2885.80837607645,4447.234553593915,T019_2,5.000100000001112,U07,existing
P126_3_45,G1,C_aircraft,G1-C_aircraft-01,T019_2,4452.234653593916,6691.4187185617575,T012,5.000099999999293,U07,existing
P126_3_45,G1,C_aircraft,G1-C_aircraft-01,T012,6696.418818561757,8811.50045984021,,,U07,existing
P126_3_45,G1,A_batteries,G1-A_batteries-01,T005,0.0,2178.7887122874713,T022,2588.6560804151864,A01,existing
P126_3_45,G1,A_batteries,G1-A_batteries-01,T022,4767.444792702658,7634.473785621062,,,A01,existing
P126_3_45,G1,A_batteries,G1-A_batteries-02,T014_2,2638.4852917296735,6105.968766534681,,,A02,existing
P126_3_45,G1,B_batteries,G1-B_batteries-01,T006,0.0,2323.07116269932,T013,909.8722243510242,B01,existing
P126_3_45,G1,B_batteries,G1-B_batteries-01,T013,3232.9433870503444,7150.230286022929,,,B01,existing
P126_3_45,G1,B_batteries,G1-B_batteries-02,T004,1194.630385736439,4994.129999948263,T021,201.85475858907648,B02,existing
P126_3_45,G1,B_batteries,G1-B_batteries-02,T021,5195.984758537339,8961.208181941944,,,B02,existing
P126_3_45,G1,C_batteries,G1-C_batteries-01,T003,1438.035182877992,4385.641813543676,T019_2,66.59284005023983,C01,existing
P126_3_45,G1,C_batteries,G1-C_batteries-01,T019_2,4452.234653593916,9160.096499981806,,,C01,existing
P126_3_45,G1,C_batteries,G1-C_batteries-02,T001,2885.80837607645,6035.901229839401,T012,660.5175887223559,C02,existing
P126_3_45,G1,C_batteries,G1-C_batteries-02,T012,6696.418818561757,11304.166177291878,,,C02,existing
P126_3_45,G1,relay_aircraft,G1-relay_aircraft-01,R003,1094.8164843575157,9390.324849711596,,,R01,existing
P126_3_45,G1,relay_components,G1-relay_components-01,R003,1094.8164843575157,10551.813344790942,,,RE01,existing
P126_3_45,G2,A_aircraft,G2-A_aircraft-01,T002_1,0.0,1652.4416357195464,T016,2907.7784449921833,U02,existing
P126_3_45,G2,A_aircraft,G2-A_aircraft-01,T016,4560.22008071173,6255.978185380194,T019_1,5.000099999998383,U02,existing
P126_3_45,G2,A_aircraft,G2-A_aircraft-01,T019_1,6260.978285380193,7896.736390048657,,,U02,existing
P126_3_45,G2,A_aircraft,G2-A_aircraft-02,T020,4720.220080711731,6690.4299276885495,,,U03,existing
P126_3_45,G2,A_aircraft,G2-A_aircraft-03,T023,5551.539557030659,7187.297661699124,,,U04,existing
P126_3_45,G2,B_aircraft,G2-B_aircraft-01,T014_1,4.16673174186144e-07,1519.0243448285282,T007,3077.1957358832024,U06,existing
P126_3_45,G2,B_aircraft,G2-B_aircraft-01,T007,4596.220080711731,6939.352187396264,,,U06,existing
P126_3_45,G2,C_aircraft,G2-C_aircraft-01,T010_1,0.0,1823.224406150507,T018,2653.9956745612235,U08,existing
P126_3_45,G2,C_aircraft,G2-C_aircraft-01,T018,4477.220080711731,6913.029601569379,,,U08,existing
P126_3_45,G2,A_batteries,G2-A_batteries-01,T002_1,0.0,2667.5322461730734,T019_1,3593.446039207119,A03,existing
P126_3_45,G2,A_batteries,G2-A_batteries-01,T019_1,6260.978285380193,8981.354683688944,,,A03,existing
P126_3_45,G2,A_batteries,G2-A_batteries-02,T016,4560.22008071173,7391.954497536396,,,A04,existing
P126_3_45,G2,A_batteries,G2-A_batteries-03,T020,4720.220080711731,7930.430578375625,,,A05,existing
P126_3_45,G2,A_batteries,G2-A_batteries-04,T023,5551.539557030659,8292.236282374923,,,A06,existing
P126_3_45,G2,B_batteries,G2-B_batteries-01,T014_1,4.16673174186144e-07,2956.2905629638744,T007,1639.9295177478562,B03,existing
P126_3_45,G2,B_batteries,G2-B_batteries-01,T007,4596.220080711731,8817.149572633247,,,B03,existing
P126_3_45,G2,C_batteries,G2-C_batteries-01,T010_1,0.0,3563.4170832737245,T018,913.8029974380061,C03,existing
P126_3_45,G2,C_batteries,G2-C_batteries-01,T018,4477.220080711731,9411.383881543894,,,C03,existing
P126_3_45,G2,relay_aircraft,G2-relay_aircraft-01,R001,113.13731944608116,2129.2976388563347,R002,2665.0597608848047,R02,existing
P126_3_45,G2,relay_aircraft,G2-relay_aircraft-01,R002,4794.3573997411395,8150.275924236526,,,R02,existing
P126_3_45,G2,relay_components,G2-relay_components-01,R001,113.13731944608116,2500.002637752911,R002,2294.3547619882283,RE02,existing
P126_3_45,G2,relay_components,G2-relay_components-01,R002,4794.3573997411395,8687.28771421572,,,RE02,existing
P126_3_45,G3,A_aircraft,G3-A_aircraft-01,T009,1317.470977312685,2633.4851917296737,,,NEW-A_aircraft-01,procurement_required
P126_3_45,G3,A_aircraft,G3-A_aircraft-02,T002_2,2048.115373302644,3650.7081092828166,,,NEW-A_aircraft-02,procurement_required
P126_3_45,G3,A_aircraft,G3-A_aircraft-03,T017,2048.115373302644,4391.962448014616,,,NEW-A_aircraft-03,procurement_required
P126_3_45,G3,A_aircraft,G3-A_aircraft-04,T011,2058.1153733026445,4188.754462062227,,,NEW-A_aircraft-04,procurement_required
P126_3_45,G3,B_aircraft,G3-B_aircraft-01,T008,1984.115373302644,3828.6542634582115,,,NEW-B_aircraft-01,procurement_required
P126_3_45,G3,C_aircraft,G3-C_aircraft-01,T010_2,0.0,1433.035082877992,T015,643.0802904246525,NEW-C_aircraft-01,procurement_required
P126_3_45,G3,C_aircraft,G3-C_aircraft-01,T015,2076.1153733026445,3744.0155776451697,,,NEW-C_aircraft-01,procurement_required
P126_3_45,G3,A_batteries,G3-A_batteries-01,T009,1317.470977312685,3525.3399936387705,,,NEW-A_batteries-01,procurement_required
P126_3_45,G3,A_batteries,G3-A_batteries-02,T002_2,2048.115373302644,4715.175270999501,,,NEW-A_batteries-02,procurement_required
P126_3_45,G3,A_batteries,G3-A_batteries-03,T017,2048.115373302644,5755.52643126419,,,NEW-A_batteries-03,procurement_required
P126_3_45,G3,A_batteries,G3-A_batteries-04,T011,2058.1153733026445,5546.53945703066,,,NEW-A_batteries-04,procurement_required
P126_3_45,G3,B_batteries,G3-B_batteries-01,T008,1984.115373302644,5417.316226537593,,,B04,existing
P126_3_45,G3,C_batteries,G3-C_batteries-01,T010_2,0.0,2880.8082760764496,,,C04,existing
P126_3_45,G3,C_batteries,G3-C_batteries-02,T015,2076.1153733026445,5451.076587273992,,,NEW-C_batteries-01,procurement_required
P126_3_45,G3,relay_aircraft,G3-relay_aircraft-01,R004,2134.297738856335,4789.357299741141,,,NEW-relay_aircraft-01,procurement_required
P126_3_45,G3,relay_components,G3-relay_components-01,R004,2134.297738856335,5243.065183552219,,,RE03,existing
P12_36_45,G1,A_aircraft,G1-A_aircraft-01,T005,0.0,1312.470877312685,T014_2,1326.0144144169885,U01,existing
P12_36_45,G1,A_aircraft,G1-A_aircraft-01,T014_2,2638.4852917296735,4762.444692702658,T022,5.000099999999293,U01,existing
P12_36_45,G1,A_aircraft,G1-A_aircraft-01,T022,4767.444792702658,6458.979278941607,,,U01,existing
P12_36_45,G1,B_aircraft,G1-B_aircraft-01,T004,1194.630385736439,3227.943287050344,T013,5.000100000000202,U05,existing
P12_36_45,G1,B_aircraft,G1-B_aircraft-01,T013,3232.9433870503444,5190.984658537339,T021,5.000100000000202,U05,existing
P12_36_45,G1,B_aircraft,G1-B_aircraft-01,T021,5195.984758537339,7094.0260300243335,,,U05,existing
P12_36_45,G1,C_aircraft,G1-C_aircraft-01,T003,1438.035182877992,2867.4613603954576,T001,18.347015680992172,U07,existing
P12_36_45,G1,C_aircraft,G1-C_aircraft-01,T001,2885.80837607645,4447.234553593915,T019_2,5.000100000001112,U07,existing
P12_36_45,G1,C_aircraft,G1-C_aircraft-01,T019_2,4452.234653593916,6691.4187185617575,T012,5.000099999999293,U07,existing
P12_36_45,G1,C_aircraft,G1-C_aircraft-01,T012,6696.418818561757,8811.50045984021,,,U07,existing
P12_36_45,G1,A_batteries,G1-A_batteries-01,T005,0.0,2178.7887122874713,T022,2588.6560804151864,A01,existing
P12_36_45,G1,A_batteries,G1-A_batteries-01,T022,4767.444792702658,7634.473785621062,,,A01,existing
P12_36_45,G1,A_batteries,G1-A_batteries-02,T014_2,2638.4852917296735,6105.968766534681,,,A02,existing
P12_36_45,G1,B_batteries,G1-B_batteries-01,T004,1194.630385736439,4994.129999948263,T021,201.85475858907648,B01,existing
P12_36_45,G1,B_batteries,G1-B_batteries-01,T021,5195.984758537339,8961.208181941944,,,B01,existing
P12_36_45,G1,B_batteries,G1-B_batteries-02,T013,3232.9433870503444,7150.230286022929,,,B02,existing
P12_36_45,G1,C_batteries,G1-C_batteries-01,T003,1438.035182877992,4385.641813543676,T019_2,66.59284005023983,C01,existing
P12_36_45,G1,C_batteries,G1-C_batteries-01,T019_2,4452.234653593916,9160.096499981806,,,C01,existing
P12_36_45,G1,C_batteries,G1-C_batteries-02,T001,2885.80837607645,6035.901229839401,T012,660.5175887223559,C02,existing
P12_36_45,G1,C_batteries,G1-C_batteries-02,T012,6696.418818561757,11304.166177291878,,,C02,existing
P12_36_45,G1,relay_aircraft,G1-relay_aircraft-01,R003,1094.8164843575157,9390.324849711596,,,R01,existing
P12_36_45,G1,relay_components,G1-relay_components-01,R003,1094.8164843575157,10551.813344790942,,,RE01,existing
P12_36_45,G2,A_aircraft,G2-A_aircraft-01,T002_1,0.0,1652.4416357195464,T016,2907.7784449921833,U02,existing
P12_36_45,G2,A_aircraft,G2-A_aircraft-01,T016,4560.22008071173,6255.978185380194,T019_1,5.000099999998383,U02,existing
P12_36_45,G2,A_aircraft,G2-A_aircraft-01,T019_1,6260.978285380193,7896.736390048657,,,U02,existing
P12_36_45,G2,A_aircraft,G2-A_aircraft-02,T020,4720.220080711731,6690.4299276885495,,,U03,existing
P12_36_45,G2,A_aircraft,G2-A_aircraft-03,T023,5551.539557030659,7187.297661699124,,,U04,existing
P12_36_45,G2,B_aircraft,G2-B_aircraft-01,T006,0.0,1189.630285736439,T007,3406.5897949752916,U06,existing
P12_36_45,G2,B_aircraft,G2-B_aircraft-01,T007,4596.220080711731,6939.352187396264,,,U06,existing
P12_36_45,G2,B_aircraft,G2-B_aircraft-02,T014_1,4.16673174186144e-07,1519.0243448285282,,,NEW-B_aircraft-01,procurement_required
P12_36_45,G2,C_aircraft,G2-C_aircraft-01,T010_1,0.0,1823.224406150507,T018,2653.9956745612235,U08,existing
P12_36_45,G2,C_aircraft,G2-C_aircraft-01,T018,4477.220080711731,6913.029601569379,,,U08,existing
P12_36_45,G2,A_batteries,G2-A_batteries-01,T002_1,0.0,2667.5322461730734,T019_1,3593.446039207119,A03,existing
P12_36_45,G2,A_batteries,G2-A_batteries-01,T019_1,6260.978285380193,8981.354683688944,,,A03,existing
P12_36_45,G2,A_batteries,G2-A_batteries-02,T016,4560.22008071173,7391.954497536396,,,A04,existing
P12_36_45,G2,A_batteries,G2-A_batteries-03,T020,4720.220080711731,7930.430578375625,,,A05,existing
P12_36_45,G2,A_batteries,G2-A_batteries-04,T023,5551.539557030659,8292.236282374923,,,A06,existing
P12_36_45,G2,B_batteries,G2-B_batteries-01,T006,0.0,2323.07116269932,T007,2273.1489180124104,B03,existing
P12_36_45,G2,B_batteries,G2-B_batteries-01,T007,4596.220080711731,8817.149572633247,,,B03,existing
P12_36_45,G2,B_batteries,G2-B_batteries-02,T014_1,4.16673174186144e-07,2956.2905629638744,,,B04,existing
P12_36_45,G2,C_batteries,G2-C_batteries-01,T010_1,0.0,3563.4170832737245,T018,913.8029974380061,C03,existing
P12_36_45,G2,C_batteries,G2-C_batteries-01,T018,4477.220080711731,9411.383881543894,,,C03,existing
P12_36_45,G2,relay_aircraft,G2-relay_aircraft-01,R001,113.13731944608116,2129.2976388563347,R002,2665.0597608848047,R02,existing
P12_36_45,G2,relay_aircraft,G2-relay_aircraft-01,R002,4794.3573997411395,8150.275924236526,,,R02,existing
P12_36_45,G2,relay_components,G2-relay_components-01,R001,113.13731944608116,2500.002637752911,R002,2294.3547619882283,RE02,existing
P12_36_45,G2,relay_components,G2-relay_components-01,R002,4794.3573997411395,8687.28771421572,,,RE02,existing
P12_36_45,G3,A_aircraft,G3-A_aircraft-01,T009,1317.470977312685,2633.4851917296737,,,NEW-A_aircraft-01,procurement_required
P12_36_45,G3,A_aircraft,G3-A_aircraft-02,T002_2,2048.115373302644,3650.7081092828166,,,NEW-A_aircraft-02,procurement_required
P12_36_45,G3,A_aircraft,G3-A_aircraft-03,T017,2048.115373302644,4391.962448014616,,,NEW-A_aircraft-03,procurement_required
P12_36_45,G3,A_aircraft,G3-A_aircraft-04,T011,2058.1153733026445,4188.754462062227,,,NEW-A_aircraft-04,procurement_required
P12_36_45,G3,B_aircraft,G3-B_aircraft-01,T008,1984.115373302644,3828.6542634582115,,,NEW-B_aircraft-02,procurement_required
P12_36_45,G3,C_aircraft,G3-C_aircraft-01,T010_2,0.0,1433.035082877992,T015,643.0802904246525,NEW-C_aircraft-01,procurement_required
P12_36_45,G3,C_aircraft,G3-C_aircraft-01,T015,2076.1153733026445,3744.0155776451697,,,NEW-C_aircraft-01,procurement_required
P12_36_45,G3,A_batteries,G3-A_batteries-01,T009,1317.470977312685,3525.3399936387705,,,NEW-A_batteries-01,procurement_required
P12_36_45,G3,A_batteries,G3-A_batteries-02,T002_2,2048.115373302644,4715.175270999501,,,NEW-A_batteries-02,procurement_required
P12_36_45,G3,A_batteries,G3-A_batteries-03,T017,2048.115373302644,5755.52643126419,,,NEW-A_batteries-03,procurement_required
P12_36_45,G3,A_batteries,G3-A_batteries-04,T011,2058.1153733026445,5546.53945703066,,,NEW-A_batteries-04,procurement_required
P12_36_45,G3,B_batteries,G3-B_batteries-01,T008,1984.115373302644,5417.316226537593,,,NEW-B_batteries-01,procurement_required
P12_36_45,G3,C_batteries,G3-C_batteries-01,T010_2,0.0,2880.8082760764496,,,C04,existing
P12_36_45,G3,C_batteries,G3-C_batteries-02,T015,2076.1153733026445,5451.076587273992,,,NEW-C_batteries-01,procurement_required
P12_36_45,G3,relay_aircraft,G3-relay_aircraft-01,R004,2134.297738856335,4789.357299741141,,,NEW-relay_aircraft-01,procurement_required
P12_36_45,G3,relay_components,G3-relay_components-01,R004,2134.297738856335,5243.065183552219,,,RE03,existing
P12_3_456,G1,A_aircraft,G1-A_aircraft-01,T005,0.0,1312.470877312685,T014_2,1326.0144144169885,U01,existing
P12_3_456,G1,A_aircraft,G1-A_aircraft-01,T014_2,2638.4852917296735,4762.444692702658,T022,5.000099999999293,U01,existing
P12_3_456,G1,A_aircraft,G1-A_aircraft-01,T022,4767.444792702658,6458.979278941607,,,U01,existing
P12_3_456,G1,B_aircraft,G1-B_aircraft-01,T004,1194.630385736439,3227.943287050344,T013,5.000100000000202,U05,existing
P12_3_456,G1,B_aircraft,G1-B_aircraft-01,T013,3232.9433870503444,5190.984658537339,T021,5.000100000000202,U05,existing
P12_3_456,G1,B_aircraft,G1-B_aircraft-01,T021,5195.984758537339,7094.0260300243335,,,U05,existing
P12_3_456,G1,C_aircraft,G1-C_aircraft-01,T003,1438.035182877992,2867.4613603954576,T001,18.347015680992172,U07,existing
P12_3_456,G1,C_aircraft,G1-C_aircraft-01,T001,2885.80837607645,4447.234553593915,T019_2,5.000100000001112,U07,existing
P12_3_456,G1,C_aircraft,G1-C_aircraft-01,T019_2,4452.234653593916,6691.4187185617575,T012,5.000099999999293,U07,existing
P12_3_456,G1,C_aircraft,G1-C_aircraft-01,T012,6696.418818561757,8811.50045984021,,,U07,existing
P12_3_456,G1,A_batteries,G1-A_batteries-01,T005,0.0,2178.7887122874713,T022,2588.6560804151864,A01,existing
P12_3_456,G1,A_batteries,G1-A_batteries-01,T022,4767.444792702658,7634.473785621062,,,A01,existing
P12_3_456,G1,A_batteries,G1-A_batteries-02,T014_2,2638.4852917296735,6105.968766534681,,,A02,existing
P12_3_456,G1,B_batteries,G1-B_batteries-01,T004,1194.630385736439,4994.129999948263,T021,201.85475858907648,B01,existing
P12_3_456,G1,B_batteries,G1-B_batteries-01,T021,5195.984758537339,8961.208181941944,,,B01,existing
P12_3_456,G1,B_batteries,G1-B_batteries-02,T013,3232.9433870503444,7150.230286022929,,,B02,existing
P12_3_456,G1,C_batteries,G1-C_batteries-01,T003,1438.035182877992,4385.641813543676,T019_2,66.59284005023983,C01,existing
P12_3_456,G1,C_batteries,G1-C_batteries-01,T019_2,4452.234653593916,9160.096499981806,,,C01,existing
P12_3_456,G1,C_batteries,G1-C_batteries-02,T001,2885.80837607645,6035.901229839401,T012,660.5175887223559,C02,existing
P12_3_456,G1,C_batteries,G1-C_batteries-02,T012,6696.418818561757,11304.166177291878,,,C02,existing
P12_3_456,G1,relay_aircraft,G1-relay_aircraft-01,R003,1094.8164843575157,9390.324849711596,,,R01,existing
P12_3_456,G1,relay_components,G1-relay_components-01,R003,1094.8164843575157,10551.813344790942,,,RE01,existing
P12_3_456,G2,A_aircraft,G2-A_aircraft-01,T002_1,0.0,1652.4416357195464,T016,2907.7784449921833,U02,existing
P12_3_456,G2,A_aircraft,G2-A_aircraft-01,T016,4560.22008071173,6255.978185380194,T019_1,5.000099999998383,U02,existing
P12_3_456,G2,A_aircraft,G2-A_aircraft-01,T019_1,6260.978285380193,7896.736390048657,,,U02,existing
P12_3_456,G2,A_aircraft,G2-A_aircraft-02,T020,4720.220080711731,6690.4299276885495,,,U03,existing
P12_3_456,G2,A_aircraft,G2-A_aircraft-03,T023,5551.539557030659,7187.297661699124,,,U04,existing
P12_3_456,G2,B_aircraft,G2-B_aircraft-01,T014_1,4.16673174186144e-07,1519.0243448285282,T007,3077.1957358832024,U06,existing
P12_3_456,G2,B_aircraft,G2-B_aircraft-01,T007,4596.220080711731,6939.352187396264,,,U06,existing
P12_3_456,G2,C_aircraft,G2-C_aircraft-01,T010_1,0.0,1823.224406150507,T018,2653.9956745612235,U08,existing
P12_3_456,G2,C_aircraft,G2-C_aircraft-01,T018,4477.220080711731,6913.029601569379,,,U08,existing
P12_3_456,G2,A_batteries,G2-A_batteries-01,T002_1,0.0,2667.5322461730734,T019_1,3593.446039207119,A03,existing
P12_3_456,G2,A_batteries,G2-A_batteries-01,T019_1,6260.978285380193,8981.354683688944,,,A03,existing
P12_3_456,G2,A_batteries,G2-A_batteries-02,T016,4560.22008071173,7391.954497536396,,,A04,existing
P12_3_456,G2,A_batteries,G2-A_batteries-03,T020,4720.220080711731,7930.430578375625,,,A05,existing
P12_3_456,G2,A_batteries,G2-A_batteries-04,T023,5551.539557030659,8292.236282374923,,,A06,existing
P12_3_456,G2,B_batteries,G2-B_batteries-01,T014_1,4.16673174186144e-07,2956.2905629638744,T007,1639.9295177478562,B03,existing
P12_3_456,G2,B_batteries,G2-B_batteries-01,T007,4596.220080711731,8817.149572633247,,,B03,existing
P12_3_456,G2,C_batteries,G2-C_batteries-01,T010_1,0.0,3563.4170832737245,T018,913.8029974380061,C03,existing
P12_3_456,G2,C_batteries,G2-C_batteries-01,T018,4477.220080711731,9411.383881543894,,,C03,existing
P12_3_456,G2,relay_aircraft,G2-relay_aircraft-01,R001,113.13731944608116,2129.2976388563347,R002,2665.0597608848047,R02,existing
P12_3_456,G2,relay_aircraft,G2-relay_aircraft-01,R002,4794.3573997411395,8150.275924236526,,,R02,existing
P12_3_456,G2,relay_components,G2-relay_components-01,R001,113.13731944608116,2500.002637752911,R002,2294.3547619882283,RE02,existing
P12_3_456,G2,relay_components,G2-relay_components-01,R002,4794.3573997411395,8687.28771421572,,,RE02,existing
P12_3_456,G3,A_aircraft,G3-A_aircraft-01,T009,1317.470977312685,2633.4851917296737,,,NEW-A_aircraft-01,procurement_required
P12_3_456,G3,A_aircraft,G3-A_aircraft-02,T002_2,2048.115373302644,3650.7081092828166,,,NEW-A_aircraft-02,procurement_required
P12_3_456,G3,A_aircraft,G3-A_aircraft-03,T017,2048.115373302644,4391.962448014616,,,NEW-A_aircraft-03,procurement_required
P12_3_456,G3,A_aircraft,G3-A_aircraft-04,T011,2058.1153733026445,4188.754462062227,,,NEW-A_aircraft-04,procurement_required
P12_3_456,G3,B_aircraft,G3-B_aircraft-01,T006,0.0,1189.630285736439,T008,794.485087566205,NEW-B_aircraft-01,procurement_required
P12_3_456,G3,B_aircraft,G3-B_aircraft-01,T008,1984.115373302644,3828.6542634582115,,,NEW-B_aircraft-01,procurement_required
P12_3_456,G3,C_aircraft,G3-C_aircraft-01,T010_2,0.0,1433.035082877992,T015,643.0802904246525,NEW-C_aircraft-01,procurement_required
P12_3_456,G3,C_aircraft,G3-C_aircraft-01,T015,2076.1153733026445,3744.0155776451697,,,NEW-C_aircraft-01,procurement_required
P12_3_456,G3,A_batteries,G3-A_batteries-01,T009,1317.470977312685,3525.3399936387705,,,NEW-A_batteries-01,procurement_required
P12_3_456,G3,A_batteries,G3-A_batteries-02,T002_2,2048.115373302644,4715.175270999501,,,NEW-A_batteries-02,procurement_required
P12_3_456,G3,A_batteries,G3-A_batteries-03,T017,2048.115373302644,5755.52643126419,,,NEW-A_batteries-03,procurement_required
P12_3_456,G3,A_batteries,G3-A_batteries-04,T011,2058.1153733026445,5546.53945703066,,,NEW-A_batteries-04,procurement_required
P12_3_456,G3,B_batteries,G3-B_batteries-01,T006,0.0,2323.07116269932,,,B04,existing
P12_3_456,G3,B_batteries,G3-B_batteries-02,T008,1984.115373302644,5417.316226537593,,,NEW-B_batteries-01,procurement_required
P12_3_456,G3,C_batteries,G3-C_batteries-01,T010_2,0.0,2880.8082760764496,,,C04,existing
P12_3_456,G3,C_batteries,G3-C_batteries-02,T015,2076.1153733026445,5451.076587273992,,,NEW-C_batteries-01,procurement_required
P12_3_456,G3,relay_aircraft,G3-relay_aircraft-01,R004,2134.297738856335,4789.357299741141,,,NEW-relay_aircraft-01,procurement_required
P12_3_456,G3,relay_components,G3-relay_components-01,R004,2134.297738856335,5243.065183552219,,,RE03,existing
P1345_2_6,G1,A_aircraft,G1-A_aircraft-01,T002_1,0.0,1652.4416357195464,T011,405.67373758309805,U01,existing
P1345_2_6,G1,A_aircraft,G1-A_aircraft-01,T011,2058.1153733026445,4188.754462062227,T019_1,2072.223823317966,U01,existing
P1345_2_6,G1,A_aircraft,G1-A_aircraft-01,T019_1,6260.978285380193,7896.736390048657,,,U01,existing
P1345_2_6,G1,A_aircraft,G1-A_aircraft-02,T005,0.0,1312.470877312685,T002_2,735.6444959899591,U02,existing
P1345_2_6,G1,A_aircraft,G1-A_aircraft-02,T002_2,2048.115373302644,3650.7081092828166,T016,909.5119714289131,U02,existing
P1345_2_6,G1,A_aircraft,G1-A_aircraft-02,T016,4560.22008071173,6255.978185380194,,,U02,existing
P1345_2_6,G1,A_aircraft,G1-A_aircraft-03,T009,1317.470977312685,2633.4851917296737,T020,2086.734888982057,U03,existing
P1345_2_6,G1,A_aircraft,G1-A_aircraft-03,T020,4720.220080711731,6690.4299276885495,,,U03,existing
P1345_2_6,G1,A_aircraft,G1-A_aircraft-04,T017,2048.115373302644,4391.962448014616,T023,1159.5771090160433,U04,existing
P1345_2_6,G1,A_aircraft,G1-A_aircraft-04,T023,5551.539557030659,7187.297661699124,,,U04,existing
P1345_2_6,G1,B_aircraft,G1-B_aircraft-01,T014_1,4.16673174186144e-07,1519.0243448285282,T008,465.0910284741158,U05,existing
P1345_2_6,G1,B_aircraft,G1-B_aircraft-01,T008,1984.115373302644,3828.6542634582115,T007,767.5658172535191,U05,existing
P1345_2_6,G1,B_aircraft,G1-B_aircraft-01,T007,4596.220080711731,6939.352187396264,,,U05,existing
P1345_2_6,G1,C_aircraft,G1-C_aircraft-01,T010_1,0.0,1823.224406150507,T015,252.89096715213736,U07,existing
P1345_2_6,G1,C_aircraft,G1-C_aircraft-01,T015,2076.1153733026445,3744.0155776451697,T018,733.2045030665608,U07,existing
P1345_2_6,G1,C_aircraft,G1-C_aircraft-01,T018,4477.220080711731,6913.029601569379,,,U07,existing
P1345_2_6,G1,C_aircraft,G1-C_aircraft-02,T010_2,0.0,1433.035082877992,T003,5.000099999999975,U08,existing
P1345_2_6,G1,C_aircraft,G1-C_aircraft-02,T003,1438.035182877992,2867.4613603954576,T001,18.347015680992172,U08,existing
P1345_2_6,G1,C_aircraft,G1-C_aircraft-02,T001,2885.80837607645,4447.234553593915,,,U08,existing
P1345_2_6,G1,A_batteries,G1-A_batteries-01,T002_1,0.0,2667.5322461730734,T016,1892.6878345386563,A01,existing
P1345_2_6,G1,A_batteries,G1-A_batteries-01,T016,4560.22008071173,7391.954497536396,,,A01,existing
P1345_2_6,G1,A_batteries,G1-A_batteries-02,T005,0.0,2178.7887122874713,T020,2541.4313684242593,A02,existing
P1345_2_6,G1,A_batteries,G1-A_batteries-02,T020,4720.220080711731,7930.430578375625,,,A02,existing
P1345_2_6,G1,A_batteries,G1-A_batteries-03,T009,1317.470977312685,3525.3399936387705,T023,2026.1995633918887,A03,existing
P1345_2_6,G1,A_batteries,G1-A_batteries-03,T023,5551.539557030659,8292.236282374923,,,A03,existing
P1345_2_6,G1,A_batteries,G1-A_batteries-04,T002_2,2048.115373302644,4715.175270999501,T019_1,1545.8030143806918,A04,existing
P1345_2_6,G1,A_batteries,G1-A_batteries-04,T019_1,6260.978285380193,8981.354683688944,,,A04,existing
P1345_2_6,G1,A_batteries,G1-A_batteries-05,T017,2048.115373302644,5755.52643126419,,,A05,existing
P1345_2_6,G1,A_batteries,G1-A_batteries-06,T011,2058.1153733026445,5546.53945703066,,,A06,existing
P1345_2_6,G1,B_batteries,G1-B_batteries-01,T014_1,4.16673174186144e-07,2956.2905629638744,T007,1639.9295177478562,B01,existing
P1345_2_6,G1,B_batteries,G1-B_batteries-01,T007,4596.220080711731,8817.149572633247,,,B01,existing
P1345_2_6,G1,B_batteries,G1-B_batteries-02,T008,1984.115373302644,5417.316226537593,,,B02,existing
P1345_2_6,G1,C_batteries,G1-C_batteries-01,T010_1,0.0,3563.4170832737245,T018,913.8029974380061,C01,existing
P1345_2_6,G1,C_batteries,G1-C_batteries-01,T018,4477.220080711731,9411.383881543894,,,C01,existing
P1345_2_6,G1,C_batteries,G1-C_batteries-02,T010_2,0.0,2880.8082760764496,T001,5.000100000000202,C02,existing
P1345_2_6,G1,C_batteries,G1-C_batteries-02,T001,2885.80837607645,6035.901229839401,,,C02,existing
P1345_2_6,G1,C_batteries,G1-C_batteries-03,T003,1438.035182877992,4385.641813543676,,,C03,existing
P1345_2_6,G1,C_batteries,G1-C_batteries-04,T015,2076.1153733026445,5451.076587273992,,,C04,existing
P1345_2_6,G1,relay_aircraft,G1-relay_aircraft-01,R001,113.13731944608116,2129.2976388563347,R004,5.000100000000202,R01,existing
P1345_2_6,G1,relay_aircraft,G1-relay_aircraft-01,R004,2134.297738856335,4789.357299741141,R002,5.000099999998383,R01,existing
P1345_2_6,G1,relay_aircraft,G1-relay_aircraft-01,R002,4794.3573997411395,8150.275924236526,,,R01,existing
P1345_2_6,G1,relay_components,G1-relay_components-01,R001,113.13731944608116,2500.002637752911,R002,2294.3547619882283,RE01,existing
P1345_2_6,G1,relay_components,G1-relay_components-01,R002,4794.3573997411395,8687.28771421572,,,RE01,existing
P1345_2_6,G1,relay_components,G1-relay_components-02,R004,2134.297738856335,5243.065183552219,,,RE02,existing
P1345_2_6,G2,A_aircraft,G2-A_aircraft-01,T014_2,2638.4852917296735,4762.444692702658,T022,5.000099999999293,NEW-A_aircraft-01,procurement_required
P1345_2_6,G2,A_aircraft,G2-A_aircraft-01,T022,4767.444792702658,6458.979278941607,,,NEW-A_aircraft-01,procurement_required
P1345_2_6,G2,B_aircraft,G2-B_aircraft-01,T004,1194.630385736439,3227.943287050344,T013,5.000100000000202,U06,existing
P1345_2_6,G2,B_aircraft,G2-B_aircraft-01,T013,3232.9433870503444,5190.984658537339,T021,5.000100000000202,U06,existing
P1345_2_6,G2,B_aircraft,G2-B_aircraft-01,T021,5195.984758537339,7094.0260300243335,,,U06,existing
P1345_2_6,G2,C_aircraft,G2-C_aircraft-01,T019_2,4452.234653593916,6691.4187185617575,T012,5.000099999999293,NEW-C_aircraft-01,procurement_required
P1345_2_6,G2,C_aircraft,G2-C_aircraft-01,T012,6696.418818561757,8811.50045984021,,,NEW-C_aircraft-01,procurement_required
P1345_2_6,G2,A_batteries,G2-A_batteries-01,T014_2,2638.4852917296735,6105.968766534681,,,NEW-A_batteries-01,procurement_required
P1345_2_6,G2,A_batteries,G2-A_batteries-02,T022,4767.444792702658,7634.473785621062,,,NEW-A_batteries-02,procurement_required
P1345_2_6,G2,B_batteries,G2-B_batteries-01,T004,1194.630385736439,4994.129999948263,T021,201.85475858907648,B03,existing
P1345_2_6,G2,B_batteries,G2-B_batteries-01,T021,5195.984758537339,8961.208181941944,,,B03,existing
P1345_2_6,G2,B_batteries,G2-B_batteries-02,T013,3232.9433870503444,7150.230286022929,,,B04,existing
P1345_2_6,G2,C_batteries,G2-C_batteries-01,T019_2,4452.234653593916,9160.096499981806,,,NEW-C_batteries-01,procurement_required
P1345_2_6,G2,C_batteries,G2-C_batteries-02,T012,6696.418818561757,11304.166177291878,,,NEW-C_batteries-02,procurement_required
P1345_2_6,G2,relay_aircraft,G2-relay_aircraft-01,R003,1094.8164843575157,9390.324849711596,,,R02,existing
P1345_2_6,G2,relay_components,G2-relay_components-01,R003,1094.8164843575157,10551.813344790942,,,RE03,existing
P1345_2_6,G3,B_aircraft,G3-B_aircraft-01,T006,0.0,1189.630285736439,,,NEW-B_aircraft-01,procurement_required
P1345_2_6,G3,B_batteries,G3-B_batteries-01,T006,0.0,2323.07116269932,,,NEW-B_batteries-01,procurement_required
P134_25_6,G1,A_aircraft,G1-A_aircraft-01,T002_1,0.0,1652.4416357195464,T020,3067.778444992184,U01,existing
P134_25_6,G1,A_aircraft,G1-A_aircraft-01,T020,4720.220080711731,6690.4299276885495,,,U01,existing
P134_25_6,G1,A_aircraft,G1-A_aircraft-02,T005,0.0,1312.470877312685,T009,5.000099999999975,U02,existing
P134_25_6,G1,A_aircraft,G1-A_aircraft-02,T009,1317.470977312685,2633.4851917296737,T016,1926.734888982056,U02,existing
P134_25_6,G1,A_aircraft,G1-A_aircraft-02,T016,4560.22008071173,6255.978185380194,T019_1,5.000099999998383,U02,existing
P134_25_6,G1,A_aircraft,G1-A_aircraft-02,T019_1,6260.978285380193,7896.736390048657,,,U02,existing
P134_25_6,G1,A_aircraft,G1-A_aircraft-03,T023,5551.539557030659,7187.297661699124,,,U03,existing
P134_25_6,G1,B_aircraft,G1-B_aircraft-01,T014_1,4.16673174186144e-07,1519.0243448285282,T007,3077.1957358832024,U05,existing
P134_25_6,G1,B_aircraft,G1-B_aircraft-01,T007,4596.220080711731,6939.352187396264,,,U05,existing
P134_25_6,G1,C_aircraft,G1-C_aircraft-01,T010_1,0.0,1823.224406150507,T018,2653.9956745612235,U07,existing
P134_25_6,G1,C_aircraft,G1-C_aircraft-01,T018,4477.220080711731,6913.029601569379,,,U07,existing
P134_25_6,G1,C_aircraft,G1-C_aircraft-02,T010_2,0.0,1433.035082877992,T003,5.000099999999975,U08,existing
P134_25_6,G1,C_aircraft,G1-C_aircraft-02,T003,1438.035182877992,2867.4613603954576,T001,18.347015680992172,U08,existing
P134_25_6,G1,C_aircraft,G1-C_aircraft-02,T001,2885.80837607645,4447.234553593915,,,U08,existing
P134_25_6,G1,A_batteries,G1-A_batteries-01,T002_1,0.0,2667.5322461730734,T023,2884.0073108575857,A01,existing
P134_25_6,G1,A_batteries,G1-A_batteries-01,T023,5551.539557030659,8292.236282374923,,,A01,existing
P134_25_6,G1,A_batteries,G1-A_batteries-02,T005,0.0,2178.7887122874713,T020,2541.4313684242593,A02,existing
P134_25_6,G1,A_batteries,G1-A_batteries-02,T020,4720.220080711731,7930.430578375625,,,A02,existing
P134_25_6,G1,A_batteries,G1-A_batteries-03,T009,1317.470977312685,3525.3399936387705,T019_1,2735.638291741422,A03,existing
P134_25_6,G1,A_batteries,G1-A_batteries-03,T019_1,6260.978285380193,8981.354683688944,,,A03,existing
P134_25_6,G1,A_batteries,G1-A_batteries-04,T016,4560.22008071173,7391.954497536396,,,A04,existing
P134_25_6,G1,B_batteries,G1-B_batteries-01,T014_1,4.16673174186144e-07,2956.2905629638744,T007,1639.9295177478562,B01,existing
P134_25_6,G1,B_batteries,G1-B_batteries-01,T007,4596.220080711731,8817.149572633247,,,B01,existing
P134_25_6,G1,C_batteries,G1-C_batteries-01,T010_1,0.0,3563.4170832737245,T018,913.8029974380061,C01,existing
P134_25_6,G1,C_batteries,G1-C_batteries-01,T018,4477.220080711731,9411.383881543894,,,C01,existing
P134_25_6,G1,C_batteries,G1-C_batteries-02,T010_2,0.0,2880.8082760764496,T001,5.000100000000202,C02,existing
P134_25_6,G1,C_batteries,G1-C_batteries-02,T001,2885.80837607645,6035.901229839401,,,C02,existing
P134_25_6,G1,C_batteries,G1-C_batteries-03,T003,1438.035182877992,4385.641813543676,,,C03,existing
P134_25_6,G1,relay_aircraft,G1-relay_aircraft-01,R001,113.13731944608116,2129.2976388563347,R002,2665.0597608848047,R01,existing
P134_25_6,G1,relay_aircraft,G1-relay_aircraft-01,R002,4794.3573997411395,8150.275924236526,,,R01,existing
P134_25_6,G1,relay_components,G1-relay_components-01,R001,113.13731944608116,2500.002637752911,R002,2294.3547619882283,RE01,existing
P134_25_6,G1,relay_components,G1-relay_components-01,R002,4794.3573997411395,8687.28771421572,,,RE01,existing
P134_25_6,G2,A_aircraft,G2-A_aircraft-01,T002_2,2048.115373302644,3650.7081092828166,T022,1116.736683419841,U04,existing
P134_25_6,G2,A_aircraft,G2-A_aircraft-01,T022,4767.444792702658,6458.979278941607,,,U04,existing
P134_25_6,G2,A_aircraft,G2-A_aircraft-02,T017,2048.115373302644,4391.962448014616,,,NEW-A_aircraft-01,procurement_required
P134_25_6,G2,A_aircraft,G2-A_aircraft-03,T011,2058.1153733026445,4188.754462062227,,,NEW-A_aircraft-02,procurement_required
P134_25_6,G2,A_aircraft,G2-A_aircraft-04,T014_2,2638.4852917296735,4762.444692702658,,,NEW-A_aircraft-03,procurement_required
P134_25_6,G2,B_aircraft,G2-B_aircraft-01,T004,1194.630385736439,3227.943287050344,T013,5.000100000000202,U06,existing
P134_25_6,G2,B_aircraft,G2-B_aircraft-01,T013,3232.9433870503444,5190.984658537339,,,U06,existing
P134_25_6,G2,B_aircraft,G2-B_aircraft-02,T008,1984.115373302644,3828.6542634582115,T021,1367.3304950791276,NEW-B_aircraft-01,procurement_required
P134_25_6,G2,B_aircraft,G2-B_aircraft-02,T021,5195.984758537339,7094.0260300243335,,,NEW-B_aircraft-01,procurement_required
P134_25_6,G2,C_aircraft,G2-C_aircraft-01,T015,2076.1153733026445,3744.0155776451697,T019_2,708.2190759487462,NEW-C_aircraft-01,procurement_required
P134_25_6,G2,C_aircraft,G2-C_aircraft-01,T019_2,4452.234653593916,6691.4187185617575,T012,5.000099999999293,NEW-C_aircraft-01,procurement_required
P134_25_6,G2,C_aircraft,G2-C_aircraft-01,T012,6696.418818561757,8811.50045984021,,,NEW-C_aircraft-01,procurement_required
P134_25_6,G2,A_batteries,G2-A_batteries-01,T002_2,2048.115373302644,4715.175270999501,T022,52.2695217031569,A05,existing
P134_25_6,G2,A_batteries,G2-A_batteries-01,T022,4767.444792702658,7634.473785621062,,,A05,existing
P134_25_6,G2,A_batteries,G2-A_batteries-02,T017,2048.115373302644,5755.52643126419,,,A06,existing
P134_25_6,G2,A_batteries,G2-A_batteries-03,T011,2058.1153733026445,5546.53945703066,,,NEW-A_batteries-01,procurement_required
P134_25_6,G2,A_batteries,G2-A_batteries-04,T014_2,2638.4852917296735,6105.968766534681,,,NEW-A_batteries-02,procurement_required
P134_25_6,G2,B_batteries,G2-B_batteries-01,T004,1194.630385736439,4994.129999948263,T021,201.85475858907648,B02,existing
P134_25_6,G2,B_batteries,G2-B_batteries-01,T021,5195.984758537339,8961.208181941944,,,B02,existing
P134_25_6,G2,B_batteries,G2-B_batteries-02,T008,1984.115373302644,5417.316226537593,,,B03,existing
P134_25_6,G2,B_batteries,G2-B_batteries-03,T013,3232.9433870503444,7150.230286022929,,,B04,existing
P134_25_6,G2,C_batteries,G2-C_batteries-01,T015,2076.1153733026445,5451.076587273992,T012,1245.3422312877647,C04,existing
P134_25_6,G2,C_batteries,G2-C_batteries-01,T012,6696.418818561757,11304.166177291878,,,C04,existing
P134_25_6,G2,C_batteries,G2-C_batteries-02,T019_2,4452.234653593916,9160.096499981806,,,NEW-C_batteries-01,procurement_required
P134_25_6,G2,relay_aircraft,G2-relay_aircraft-01,R003,1094.8164843575157,9390.324849711596,,,R02,existing
P134_25_6,G2,relay_aircraft,G2-relay_aircraft-02,R004,2134.297738856335,4789.357299741141,,,NEW-relay_aircraft-01,procurement_required
P134_25_6,G2,relay_components,G2-relay_components-01,R003,1094.8164843575157,10551.813344790942,,,RE02,existing
P134_25_6,G2,relay_components,G2-relay_components-02,R004,2134.297738856335,5243.065183552219,,,RE03,existing
P134_25_6,G3,B_aircraft,G3-B_aircraft-01,T006,0.0,1189.630285736439,,,NEW-B_aircraft-02,procurement_required
P134_25_6,G3,B_batteries,G3-B_batteries-01,T006,0.0,2323.07116269932,,,NEW-B_batteries-01,procurement_required
P1346_2_5,G1,A_aircraft,G1-A_aircraft-01,T002_1,0.0,1652.4416357195464,T020,3067.778444992184,U01,existing
P1346_2_5,G1,A_aircraft,G1-A_aircraft-01,T020,4720.220080711731,6690.4299276885495,,,U01,existing
P1346_2_5,G1,A_aircraft,G1-A_aircraft-02,T005,0.0,1312.470877312685,T009,5.000099999999975,U02,existing
P1346_2_5,G1,A_aircraft,G1-A_aircraft-02,T009,1317.470977312685,2633.4851917296737,T016,1926.734888982056,U02,existing
P1346_2_5,G1,A_aircraft,G1-A_aircraft-02,T016,4560.22008071173,6255.978185380194,T019_1,5.000099999998383,U02,existing
P1346_2_5,G1,A_aircraft,G1-A_aircraft-02,T019_1,6260.978285380193,7896.736390048657,,,U02,existing
P1346_2_5,G1,A_aircraft,G1-A_aircraft-03,T023,5551.539557030659,7187.297661699124,,,U03,existing
P1346_2_5,G1,B_aircraft,G1-B_aircraft-01,T006,0.0,1189.630285736439,T007,3406.5897949752916,U05,existing
P1346_2_5,G1,B_aircraft,G1-B_aircraft-01,T007,4596.220080711731,6939.352187396264,,,U05,existing
P1346_2_5,G1,B_aircraft,G1-B_aircraft-02,T014_1,4.16673174186144e-07,1519.0243448285282,,,U06,existing
P1346_2_5,G1,C_aircraft,G1-C_aircraft-01,T010_1,0.0,1823.224406150507,T018,2653.9956745612235,U07,existing
P1346_2_5,G1,C_aircraft,G1-C_aircraft-01,T018,4477.220080711731,6913.029601569379,,,U07,existing
P1346_2_5,G1,C_aircraft,G1-C_aircraft-02,T010_2,0.0,1433.035082877992,T003,5.000099999999975,U08,existing
P1346_2_5,G1,C_aircraft,G1-C_aircraft-02,T003,1438.035182877992,2867.4613603954576,T001,18.347015680992172,U08,existing
P1346_2_5,G1,C_aircraft,G1-C_aircraft-02,T001,2885.80837607645,4447.234553593915,,,U08,existing
P1346_2_5,G1,A_batteries,G1-A_batteries-01,T002_1,0.0,2667.5322461730734,T023,2884.0073108575857,A01,existing
P1346_2_5,G1,A_batteries,G1-A_batteries-01,T023,5551.539557030659,8292.236282374923,,,A01,existing
P1346_2_5,G1,A_batteries,G1-A_batteries-02,T005,0.0,2178.7887122874713,T020,2541.4313684242593,A02,existing
P1346_2_5,G1,A_batteries,G1-A_batteries-02,T020,4720.220080711731,7930.430578375625,,,A02,existing
P1346_2_5,G1,A_batteries,G1-A_batteries-03,T009,1317.470977312685,3525.3399936387705,T019_1,2735.638291741422,A03,existing
P1346_2_5,G1,A_batteries,G1-A_batteries-03,T019_1,6260.978285380193,8981.354683688944,,,A03,existing
P1346_2_5,G1,A_batteries,G1-A_batteries-04,T016,4560.22008071173,7391.954497536396,,,A04,existing
P1346_2_5,G1,B_batteries,G1-B_batteries-01,T006,0.0,2323.07116269932,T007,2273.1489180124104,B01,existing
P1346_2_5,G1,B_batteries,G1-B_batteries-01,T007,4596.220080711731,8817.149572633247,,,B01,existing
P1346_2_5,G1,B_batteries,G1-B_batteries-02,T014_1,4.16673174186144e-07,2956.2905629638744,,,B02,existing
P1346_2_5,G1,C_batteries,G1-C_batteries-01,T010_1,0.0,3563.4170832737245,T018,913.8029974380061,C01,existing
P1346_2_5,G1,C_batteries,G1-C_batteries-01,T018,4477.220080711731,9411.383881543894,,,C01,existing
P1346_2_5,G1,C_batteries,G1-C_batteries-02,T010_2,0.0,2880.8082760764496,T001,5.000100000000202,C02,existing
P1346_2_5,G1,C_batteries,G1-C_batteries-02,T001,2885.80837607645,6035.901229839401,,,C02,existing
P1346_2_5,G1,C_batteries,G1-C_batteries-03,T003,1438.035182877992,4385.641813543676,,,C03,existing
P1346_2_5,G1,relay_aircraft,G1-relay_aircraft-01,R001,113.13731944608116,2129.2976388563347,R002,2665.0597608848047,R01,existing
P1346_2_5,G1,relay_aircraft,G1-relay_aircraft-01,R002,4794.3573997411395,8150.275924236526,,,R01,existing
P1346_2_5,G1,relay_components,G1-relay_components-01,R001,113.13731944608116,2500.002637752911,R002,2294.3547619882283,RE01,existing
P1346_2_5,G1,relay_components,G1-relay_components-01,R002,4794.3573997411395,8687.28771421572,,,RE01,existing
P1346_2_5,G2,A_aircraft,G2-A_aircraft-01,T014_2,2638.4852917296735,4762.444692702658,T022,5.000099999999293,U04,existing
P1346_2_5,G2,A_aircraft,G2-A_aircraft-01,T022,4767.444792702658,6458.979278941607,,,U04,existing
P1346_2_5,G2,B_aircraft,G2-B_aircraft-01,T004,1194.630385736439,3227.943287050344,T013,5.000100000000202,NEW-B_aircraft-01,procurement_required
P1346_2_5,G2,B_aircraft,G2-B_aircraft-01,T013,3232.9433870503444,5190.984658537339,T021,5.000100000000202,NEW-B_aircraft-01,procurement_required
P1346_2_5,G2,B_aircraft,G2-B_aircraft-01,T021,5195.984758537339,7094.0260300243335,,,NEW-B_aircraft-01,procurement_required
P1346_2_5,G2,C_aircraft,G2-C_aircraft-01,T019_2,4452.234653593916,6691.4187185617575,T012,5.000099999999293,NEW-C_aircraft-01,procurement_required
P1346_2_5,G2,C_aircraft,G2-C_aircraft-01,T012,6696.418818561757,8811.50045984021,,,NEW-C_aircraft-01,procurement_required
P1346_2_5,G2,A_batteries,G2-A_batteries-01,T014_2,2638.4852917296735,6105.968766534681,,,A05,existing
P1346_2_5,G2,A_batteries,G2-A_batteries-02,T022,4767.444792702658,7634.473785621062,,,A06,existing
P1346_2_5,G2,B_batteries,G2-B_batteries-01,T004,1194.630385736439,4994.129999948263,T021,201.85475858907648,B03,existing
P1346_2_5,G2,B_batteries,G2-B_batteries-01,T021,5195.984758537339,8961.208181941944,,,B03,existing
P1346_2_5,G2,B_batteries,G2-B_batteries-02,T013,3232.9433870503444,7150.230286022929,,,B04,existing
P1346_2_5,G2,C_batteries,G2-C_batteries-01,T019_2,4452.234653593916,9160.096499981806,,,C04,existing
P1346_2_5,G2,C_batteries,G2-C_batteries-02,T012,6696.418818561757,11304.166177291878,,,NEW-C_batteries-01,procurement_required
P1346_2_5,G2,relay_aircraft,G2-relay_aircraft-01,R003,1094.8164843575157,9390.324849711596,,,R02,existing
P1346_2_5,G2,relay_components,G2-relay_components-01,R003,1094.8164843575157,10551.813344790942,,,RE02,existing
P1346_2_5,G3,A_aircraft,G3-A_aircraft-01,T002_2,2048.115373302644,3650.7081092828166,,,NEW-A_aircraft-01,procurement_required
P1346_2_5,G3,A_aircraft,G3-A_aircraft-02,T017,2048.115373302644,4391.962448014616,,,NEW-A_aircraft-02,procurement_required
P1346_2_5,G3,A_aircraft,G3-A_aircraft-03,T011,2058.1153733026445,4188.754462062227,,,NEW-A_aircraft-03,procurement_required
P1346_2_5,G3,B_aircraft,G3-B_aircraft-01,T008,1984.115373302644,3828.6542634582115,,,NEW-B_aircraft-02,procurement_required
P1346_2_5,G3,C_aircraft,G3-C_aircraft-01,T015,2076.1153733026445,3744.0155776451697,,,NEW-C_aircraft-02,procurement_required
P1346_2_5,G3,A_batteries,G3-A_batteries-01,T002_2,2048.115373302644,4715.175270999501,,,NEW-A_batteries-01,procurement_required
P1346_2_5,G3,A_batteries,G3-A_batteries-02,T017,2048.115373302644,5755.52643126419,,,NEW-A_batteries-02,procurement_required
P1346_2_5,G3,A_batteries,G3-A_batteries-03,T011,2058.1153733026445,5546.53945703066,,,NEW-A_batteries-03,procurement_required
P1346_2_5,G3,B_batteries,G3-B_batteries-01,T008,1984.115373302644,5417.316226537593,,,NEW-B_batteries-01,procurement_required
P1346_2_5,G3,C_batteries,G3-C_batteries-01,T015,2076.1153733026445,5451.076587273992,,,NEW-C_batteries-02,procurement_required
P1346_2_5,G3,relay_aircraft,G3-relay_aircraft-01,R004,2134.297738856335,4789.357299741141,,,NEW-relay_aircraft-01,procurement_required
P1346_2_5,G3,relay_components,G3-relay_components-01,R004,2134.297738856335,5243.065183552219,,,RE03,existing
P134_26_5,G1,A_aircraft,G1-A_aircraft-01,T002_1,0.0,1652.4416357195464,T020,3067.778444992184,U01,existing
P134_26_5,G1,A_aircraft,G1-A_aircraft-01,T020,4720.220080711731,6690.4299276885495,,,U01,existing
P134_26_5,G1,A_aircraft,G1-A_aircraft-02,T005,0.0,1312.470877312685,T009,5.000099999999975,U02,existing
P134_26_5,G1,A_aircraft,G1-A_aircraft-02,T009,1317.470977312685,2633.4851917296737,T016,1926.734888982056,U02,existing
P134_26_5,G1,A_aircraft,G1-A_aircraft-02,T016,4560.22008071173,6255.978185380194,T019_1,5.000099999998383,U02,existing
P134_26_5,G1,A_aircraft,G1-A_aircraft-02,T019_1,6260.978285380193,7896.736390048657,,,U02,existing
P134_26_5,G1,A_aircraft,G1-A_aircraft-03,T023,5551.539557030659,7187.297661699124,,,U03,existing
P134_26_5,G1,B_aircraft,G1-B_aircraft-01,T014_1,4.16673174186144e-07,1519.0243448285282,T007,3077.1957358832024,U05,existing
P134_26_5,G1,B_aircraft,G1-B_aircraft-01,T007,4596.220080711731,6939.352187396264,,,U05,existing
P134_26_5,G1,C_aircraft,G1-C_aircraft-01,T010_1,0.0,1823.224406150507,T018,2653.9956745612235,U07,existing
P134_26_5,G1,C_aircraft,G1-C_aircraft-01,T018,4477.220080711731,6913.029601569379,,,U07,existing
P134_26_5,G1,C_aircraft,G1-C_aircraft-02,T010_2,0.0,1433.035082877992,T003,5.000099999999975,U08,existing
P134_26_5,G1,C_aircraft,G1-C_aircraft-02,T003,1438.035182877992,2867.4613603954576,T001,18.347015680992172,U08,existing
P134_26_5,G1,C_aircraft,G1-C_aircraft-02,T001,2885.80837607645,4447.234553593915,,,U08,existing
P134_26_5,G1,A_batteries,G1-A_batteries-01,T002_1,0.0,2667.5322461730734,T023,2884.0073108575857,A01,existing
P134_26_5,G1,A_batteries,G1-A_batteries-01,T023,5551.539557030659,8292.236282374923,,,A01,existing
P134_26_5,G1,A_batteries,G1-A_batteries-02,T005,0.0,2178.7887122874713,T020,2541.4313684242593,A02,existing
P134_26_5,G1,A_batteries,G1-A_batteries-02,T020,4720.220080711731,7930.430578375625,,,A02,existing
P134_26_5,G1,A_batteries,G1-A_batteries-03,T009,1317.470977312685,3525.3399936387705,T019_1,2735.638291741422,A03,existing
P134_26_5,G1,A_batteries,G1-A_batteries-03,T019_1,6260.978285380193,8981.354683688944,,,A03,existing
P134_26_5,G1,A_batteries,G1-A_batteries-04,T016,4560.22008071173,7391.954497536396,,,A04,existing
P134_26_5,G1,B_batteries,G1-B_batteries-01,T014_1,4.16673174186144e-07,2956.2905629638744,T007,1639.9295177478562,B01,existing
P134_26_5,G1,B_batteries,G1-B_batteries-01,T007,4596.220080711731,8817.149572633247,,,B01,existing
P134_26_5,G1,C_batteries,G1-C_batteries-01,T010_1,0.0,3563.4170832737245,T018,913.8029974380061,C01,existing
P134_26_5,G1,C_batteries,G1-C_batteries-01,T018,4477.220080711731,9411.383881543894,,,C01,existing
P134_26_5,G1,C_batteries,G1-C_batteries-02,T010_2,0.0,2880.8082760764496,T001,5.000100000000202,C02,existing
P134_26_5,G1,C_batteries,G1-C_batteries-02,T001,2885.80837607645,6035.901229839401,,,C02,existing
P134_26_5,G1,C_batteries,G1-C_batteries-03,T003,1438.035182877992,4385.641813543676,,,C03,existing
P134_26_5,G1,relay_aircraft,G1-relay_aircraft-01,R001,113.13731944608116,2129.2976388563347,R002,2665.0597608848047,R01,existing
P134_26_5,G1,relay_aircraft,G1-relay_aircraft-01,R002,4794.3573997411395,8150.275924236526,,,R01,existing
P134_26_5,G1,relay_components,G1-relay_components-01,R001,113.13731944608116,2500.002637752911,R002,2294.3547619882283,RE01,existing
P134_26_5,G1,relay_components,G1-relay_components-01,R002,4794.3573997411395,8687.28771421572,,,RE01,existing
P134_26_5,G2,A_aircraft,G2-A_aircraft-01,T014_2,2638.4852917296735,4762.444692702658,T022,5.000099999999293,U04,existing
P134_26_5,G2,A_aircraft,G2-A_aircraft-01,T022,4767.444792702658,6458.979278941607,,,U04,existing
P134_26_5,G2,B_aircraft,G2-B_aircraft-01,T006,0.0,1189.630285736439,T004,5.000099999999975,U06,existing
P134_26_5,G2,B_aircraft,G2-B_aircraft-01,T004,1194.630385736439,3227.943287050344,T013,5.000100000000202,U06,existing
P134_26_5,G2,B_aircraft,G2-B_aircraft-01,T013,3232.9433870503444,5190.984658537339,T021,5.000100000000202,U06,existing
P134_26_5,G2,B_aircraft,G2-B_aircraft-01,T021,5195.984758537339,7094.0260300243335,,,U06,existing
P134_26_5,G2,C_aircraft,G2-C_aircraft-01,T019_2,4452.234653593916,6691.4187185617575,T012,5.000099999999293,NEW-C_aircraft-01,procurement_required
P134_26_5,G2,C_aircraft,G2-C_aircraft-01,T012,6696.418818561757,8811.50045984021,,,NEW-C_aircraft-01,procurement_required
P134_26_5,G2,A_batteries,G2-A_batteries-01,T014_2,2638.4852917296735,6105.968766534681,,,A05,existing
P134_26_5,G2,A_batteries,G2-A_batteries-02,T022,4767.444792702658,7634.473785621062,,,A06,existing
P134_26_5,G2,B_batteries,G2-B_batteries-01,T006,0.0,2323.07116269932,T013,909.8722243510242,B02,existing
P134_26_5,G2,B_batteries,G2-B_batteries-01,T013,3232.9433870503444,7150.230286022929,,,B02,existing
P134_26_5,G2,B_batteries,G2-B_batteries-02,T004,1194.630385736439,4994.129999948263,T021,201.85475858907648,B03,existing
P134_26_5,G2,B_batteries,G2-B_batteries-02,T021,5195.984758537339,8961.208181941944,,,B03,existing
P134_26_5,G2,C_batteries,G2-C_batteries-01,T019_2,4452.234653593916,9160.096499981806,,,C04,existing
P134_26_5,G2,C_batteries,G2-C_batteries-02,T012,6696.418818561757,11304.166177291878,,,NEW-C_batteries-01,procurement_required
P134_26_5,G2,relay_aircraft,G2-relay_aircraft-01,R003,1094.8164843575157,9390.324849711596,,,R02,existing
P134_26_5,G2,relay_components,G2-relay_components-01,R003,1094.8164843575157,10551.813344790942,,,RE02,existing
P134_26_5,G3,A_aircraft,G3-A_aircraft-01,T002_2,2048.115373302644,3650.7081092828166,,,NEW-A_aircraft-01,procurement_required
P134_26_5,G3,A_aircraft,G3-A_aircraft-02,T017,2048.115373302644,4391.962448014616,,,NEW-A_aircraft-02,procurement_required
P134_26_5,G3,A_aircraft,G3-A_aircraft-03,T011,2058.1153733026445,4188.754462062227,,,NEW-A_aircraft-03,procurement_required
P134_26_5,G3,B_aircraft,G3-B_aircraft-01,T008,1984.115373302644,3828.6542634582115,,,NEW-B_aircraft-01,procurement_required
P134_26_5,G3,C_aircraft,G3-C_aircraft-01,T015,2076.1153733026445,3744.0155776451697,,,NEW-C_aircraft-02,procurement_required
P134_26_5,G3,A_batteries,G3-A_batteries-01,T002_2,2048.115373302644,4715.175270999501,,,NEW-A_batteries-01,procurement_required
P134_26_5,G3,A_batteries,G3-A_batteries-02,T017,2048.115373302644,5755.52643126419,,,NEW-A_batteries-02,procurement_required
P134_26_5,G3,A_batteries,G3-A_batteries-03,T011,2058.1153733026445,5546.53945703066,,,NEW-A_batteries-03,procurement_required
P134_26_5,G3,B_batteries,G3-B_batteries-01,T008,1984.115373302644,5417.316226537593,,,B04,existing
P134_26_5,G3,C_batteries,G3-C_batteries-01,T015,2076.1153733026445,5451.076587273992,,,NEW-C_batteries-02,procurement_required
P134_26_5,G3,relay_aircraft,G3-relay_aircraft-01,R004,2134.297738856335,4789.357299741141,,,NEW-relay_aircraft-01,procurement_required
P134_26_5,G3,relay_components,G3-relay_components-01,R004,2134.297738856335,5243.065183552219,,,RE03,existing
P134_2_56,G1,A_aircraft,G1-A_aircraft-01,T002_1,0.0,1652.4416357195464,T020,3067.778444992184,U01,existing
P134_2_56,G1,A_aircraft,G1-A_aircraft-01,T020,4720.220080711731,6690.4299276885495,,,U01,existing
P134_2_56,G1,A_aircraft,G1-A_aircraft-02,T005,0.0,1312.470877312685,T009,5.000099999999975,U02,existing
P134_2_56,G1,A_aircraft,G1-A_aircraft-02,T009,1317.470977312685,2633.4851917296737,T016,1926.734888982056,U02,existing
P134_2_56,G1,A_aircraft,G1-A_aircraft-02,T016,4560.22008071173,6255.978185380194,T019_1,5.000099999998383,U02,existing
P134_2_56,G1,A_aircraft,G1-A_aircraft-02,T019_1,6260.978285380193,7896.736390048657,,,U02,existing
P134_2_56,G1,A_aircraft,G1-A_aircraft-03,T023,5551.539557030659,7187.297661699124,,,U03,existing
P134_2_56,G1,B_aircraft,G1-B_aircraft-01,T014_1,4.16673174186144e-07,1519.0243448285282,T007,3077.1957358832024,U05,existing
P134_2_56,G1,B_aircraft,G1-B_aircraft-01,T007,4596.220080711731,6939.352187396264,,,U05,existing
P134_2_56,G1,C_aircraft,G1-C_aircraft-01,T010_1,0.0,1823.224406150507,T018,2653.9956745612235,U07,existing
P134_2_56,G1,C_aircraft,G1-C_aircraft-01,T018,4477.220080711731,6913.029601569379,,,U07,existing
P134_2_56,G1,C_aircraft,G1-C_aircraft-02,T010_2,0.0,1433.035082877992,T003,5.000099999999975,U08,existing
P134_2_56,G1,C_aircraft,G1-C_aircraft-02,T003,1438.035182877992,2867.4613603954576,T001,18.347015680992172,U08,existing
P134_2_56,G1,C_aircraft,G1-C_aircraft-02,T001,2885.80837607645,4447.234553593915,,,U08,existing
P134_2_56,G1,A_batteries,G1-A_batteries-01,T002_1,0.0,2667.5322461730734,T023,2884.0073108575857,A01,existing
P134_2_56,G1,A_batteries,G1-A_batteries-01,T023,5551.539557030659,8292.236282374923,,,A01,existing
P134_2_56,G1,A_batteries,G1-A_batteries-02,T005,0.0,2178.7887122874713,T020,2541.4313684242593,A02,existing
P134_2_56,G1,A_batteries,G1-A_batteries-02,T020,4720.220080711731,7930.430578375625,,,A02,existing
P134_2_56,G1,A_batteries,G1-A_batteries-03,T009,1317.470977312685,3525.3399936387705,T019_1,2735.638291741422,A03,existing
P134_2_56,G1,A_batteries,G1-A_batteries-03,T019_1,6260.978285380193,8981.354683688944,,,A03,existing
P134_2_56,G1,A_batteries,G1-A_batteries-04,T016,4560.22008071173,7391.954497536396,,,A04,existing
P134_2_56,G1,B_batteries,G1-B_batteries-01,T014_1,4.16673174186144e-07,2956.2905629638744,T007,1639.9295177478562,B01,existing
P134_2_56,G1,B_batteries,G1-B_batteries-01,T007,4596.220080711731,8817.149572633247,,,B01,existing
P134_2_56,G1,C_batteries,G1-C_batteries-01,T010_1,0.0,3563.4170832737245,T018,913.8029974380061,C01,existing
P134_2_56,G1,C_batteries,G1-C_batteries-01,T018,4477.220080711731,9411.383881543894,,,C01,existing
P134_2_56,G1,C_batteries,G1-C_batteries-02,T010_2,0.0,2880.8082760764496,T001,5.000100000000202,C02,existing
P134_2_56,G1,C_batteries,G1-C_batteries-02,T001,2885.80837607645,6035.901229839401,,,C02,existing
P134_2_56,G1,C_batteries,G1-C_batteries-03,T003,1438.035182877992,4385.641813543676,,,C03,existing
P134_2_56,G1,relay_aircraft,G1-relay_aircraft-01,R001,113.13731944608116,2129.2976388563347,R002,2665.0597608848047,R01,existing
P134_2_56,G1,relay_aircraft,G1-relay_aircraft-01,R002,4794.3573997411395,8150.275924236526,,,R01,existing
P134_2_56,G1,relay_components,G1-relay_components-01,R001,113.13731944608116,2500.002637752911,R002,2294.3547619882283,RE01,existing
P134_2_56,G1,relay_components,G1-relay_components-01,R002,4794.3573997411395,8687.28771421572,,,RE01,existing
P134_2_56,G2,A_aircraft,G2-A_aircraft-01,T014_2,2638.4852917296735,4762.444692702658,T022,5.000099999999293,U04,existing
P134_2_56,G2,A_aircraft,G2-A_aircraft-01,T022,4767.444792702658,6458.979278941607,,,U04,existing
P134_2_56,G2,B_aircraft,G2-B_aircraft-01,T004,1194.630385736439,3227.943287050344,T013,5.000100000000202,U06,existing
P134_2_56,G2,B_aircraft,G2-B_aircraft-01,T013,3232.9433870503444,5190.984658537339,T021,5.000100000000202,U06,existing
P134_2_56,G2,B_aircraft,G2-B_aircraft-01,T021,5195.984758537339,7094.0260300243335,,,U06,existing
P134_2_56,G2,C_aircraft,G2-C_aircraft-01,T019_2,4452.234653593916,6691.4187185617575,T012,5.000099999999293,NEW-C_aircraft-01,procurement_required
P134_2_56,G2,C_aircraft,G2-C_aircraft-01,T012,6696.418818561757,8811.50045984021,,,NEW-C_aircraft-01,procurement_required
P134_2_56,G2,A_batteries,G2-A_batteries-01,T014_2,2638.4852917296735,6105.968766534681,,,A05,existing
P134_2_56,G2,A_batteries,G2-A_batteries-02,T022,4767.444792702658,7634.473785621062,,,A06,existing
P134_2_56,G2,B_batteries,G2-B_batteries-01,T004,1194.630385736439,4994.129999948263,T021,201.85475858907648,B02,existing
P134_2_56,G2,B_batteries,G2-B_batteries-01,T021,5195.984758537339,8961.208181941944,,,B02,existing
P134_2_56,G2,B_batteries,G2-B_batteries-02,T013,3232.9433870503444,7150.230286022929,,,B03,existing
P134_2_56,G2,C_batteries,G2-C_batteries-01,T019_2,4452.234653593916,9160.096499981806,,,C04,existing
P134_2_56,G2,C_batteries,G2-C_batteries-02,T012,6696.418818561757,11304.166177291878,,,NEW-C_batteries-01,procurement_required
P134_2_56,G2,relay_aircraft,G2-relay_aircraft-01,R003,1094.8164843575157,9390.324849711596,,,R02,existing
P134_2_56,G2,relay_components,G2-relay_components-01,R003,1094.8164843575157,10551.813344790942,,,RE02,existing
P134_2_56,G3,A_aircraft,G3-A_aircraft-01,T002_2,2048.115373302644,3650.7081092828166,,,NEW-A_aircraft-01,procurement_required
P134_2_56,G3,A_aircraft,G3-A_aircraft-02,T017,2048.115373302644,4391.962448014616,,,NEW-A_aircraft-02,procurement_required
P134_2_56,G3,A_aircraft,G3-A_aircraft-03,T011,2058.1153733026445,4188.754462062227,,,NEW-A_aircraft-03,procurement_required
P134_2_56,G3,B_aircraft,G3-B_aircraft-01,T006,0.0,1189.630285736439,T008,794.485087566205,NEW-B_aircraft-01,procurement_required
P134_2_56,G3,B_aircraft,G3-B_aircraft-01,T008,1984.115373302644,3828.6542634582115,,,NEW-B_aircraft-01,procurement_required
P134_2_56,G3,C_aircraft,G3-C_aircraft-01,T015,2076.1153733026445,3744.0155776451697,,,NEW-C_aircraft-02,procurement_required
P134_2_56,G3,A_batteries,G3-A_batteries-01,T002_2,2048.115373302644,4715.175270999501,,,NEW-A_batteries-01,procurement_required
P134_2_56,G3,A_batteries,G3-A_batteries-02,T017,2048.115373302644,5755.52643126419,,,NEW-A_batteries-02,procurement_required
P134_2_56,G3,A_batteries,G3-A_batteries-03,T011,2058.1153733026445,5546.53945703066,,,NEW-A_batteries-03,procurement_required
P134_2_56,G3,B_batteries,G3-B_batteries-01,T006,0.0,2323.07116269932,,,B04,existing
P134_2_56,G3,B_batteries,G3-B_batteries-02,T008,1984.115373302644,5417.316226537593,,,NEW-B_batteries-01,procurement_required
P134_2_56,G3,C_batteries,G3-C_batteries-01,T015,2076.1153733026445,5451.076587273992,,,NEW-C_batteries-02,procurement_required
P134_2_56,G3,relay_aircraft,G3-relay_aircraft-01,R004,2134.297738856335,4789.357299741141,,,NEW-relay_aircraft-01,procurement_required
P134_2_56,G3,relay_components,G3-relay_components-01,R004,2134.297738856335,5243.065183552219,,,RE03,existing
P135_24_6,G1,A_aircraft,G1-A_aircraft-01,T002_1,0.0,1652.4416357195464,T002_2,395.6737375830976,U01,existing
P135_24_6,G1,A_aircraft,G1-A_aircraft-01,T002_2,2048.115373302644,3650.7081092828166,T023,1900.8314477478425,U01,existing
P135_24_6,G1,A_aircraft,G1-A_aircraft-01,T023,5551.539557030659,7187.297661699124,,,U01,existing
P135_24_6,G1,A_aircraft,G1-A_aircraft-02,T005,0.0,1312.470877312685,T017,735.6444959899591,U02,existing
P135_24_6,G1,A_aircraft,G1-A_aircraft-02,T017,2048.115373302644,4391.962448014616,T016,168.25763269711388,U02,existing
P135_24_6,G1,A_aircraft,G1-A_aircraft-02,T016,4560.22008071173,6255.978185380194,T019_1,5.000099999998383,U02,existing
P135_24_6,G1,A_aircraft,G1-A_aircraft-02,T019_1,6260.978285380193,7896.736390048657,,,U02,existing
P135_24_6,G1,A_aircraft,G1-A_aircraft-03,T011,2058.1153733026445,4188.754462062227,T020,531.465618649504,U03,existing
P135_24_6,G1,A_aircraft,G1-A_aircraft-03,T020,4720.220080711731,6690.4299276885495,,,U03,existing
P135_24_6,G1,B_aircraft,G1-B_aircraft-01,T014_1,4.16673174186144e-07,1519.0243448285282,T008,465.0910284741158,U05,existing
P135_24_6,G1,B_aircraft,G1-B_aircraft-01,T008,1984.115373302644,3828.6542634582115,T007,767.5658172535191,U05,existing
P135_24_6,G1,B_aircraft,G1-B_aircraft-01,T007,4596.220080711731,6939.352187396264,,,U05,existing
P135_24_6,G1,C_aircraft,G1-C_aircraft-01,T010_1,0.0,1823.224406150507,T015,252.89096715213736,U07,existing
P135_24_6,G1,C_aircraft,G1-C_aircraft-01,T015,2076.1153733026445,3744.0155776451697,T018,733.2045030665608,U07,existing
P135_24_6,G1,C_aircraft,G1-C_aircraft-01,T018,4477.220080711731,6913.029601569379,,,U07,existing
P135_24_6,G1,C_aircraft,G1-C_aircraft-02,T003,1438.035182877992,2867.4613603954576,T001,18.347015680992172,U08,existing
P135_24_6,G1,C_aircraft,G1-C_aircraft-02,T001,2885.80837607645,4447.234553593915,,,U08,existing
P135_24_6,G1,A_batteries,G1-A_batteries-01,T002_1,0.0,2667.5322461730734,T016,1892.6878345386563,A01,existing
P135_24_6,G1,A_batteries,G1-A_batteries-01,T016,4560.22008071173,7391.954497536396,,,A01,existing
P135_24_6,G1,A_batteries,G1-A_batteries-02,T005,0.0,2178.7887122874713,T020,2541.4313684242593,A02,existing
P135_24_6,G1,A_batteries,G1-A_batteries-02,T020,4720.220080711731,7930.430578375625,,,A02,existing
P135_24_6,G1,A_batteries,G1-A_batteries-03,T002_2,2048.115373302644,4715.175270999501,T023,836.3642860311584,A03,existing
P135_24_6,G1,A_batteries,G1-A_batteries-03,T023,5551.539557030659,8292.236282374923,,,A03,existing
P135_24_6,G1,A_batteries,G1-A_batteries-04,T017,2048.115373302644,5755.52643126419,,,A04,existing
P135_24_6,G1,A_batteries,G1-A_batteries-05,T011,2058.1153733026445,5546.53945703066,T019_1,714.4388283495327,A05,existing
P135_24_6,G1,A_batteries,G1-A_batteries-05,T019_1,6260.978285380193,8981.354683688944,,,A05,existing
P135_24_6,G1,B_batteries,G1-B_batteries-01,T014_1,4.16673174186144e-07,2956.2905629638744,T007,1639.9295177478562,B01,existing
P135_24_6,G1,B_batteries,G1-B_batteries-01,T007,4596.220080711731,8817.149572633247,,,B01,existing
P135_24_6,G1,B_batteries,G1-B_batteries-02,T008,1984.115373302644,5417.316226537593,,,B02,existing
P135_24_6,G1,C_batteries,G1-C_batteries-01,T010_1,0.0,3563.4170832737245,T018,913.8029974380061,C01,existing
P135_24_6,G1,C_batteries,G1-C_batteries-01,T018,4477.220080711731,9411.383881543894,,,C01,existing
P135_24_6,G1,C_batteries,G1-C_batteries-02,T003,1438.035182877992,4385.641813543676,,,C02,existing
P135_24_6,G1,C_batteries,G1-C_batteries-03,T015,2076.1153733026445,5451.076587273992,,,C03,existing
P135_24_6,G1,C_batteries,G1-C_batteries-04,T001,2885.80837607645,6035.901229839401,,,C04,existing
P135_24_6,G1,relay_aircraft,G1-relay_aircraft-01,R001,113.13731944608116,2129.2976388563347,R004,5.000100000000202,R01,existing
P135_24_6,G1,relay_aircraft,G1-relay_aircraft-01,R004,2134.297738856335,4789.357299741141,R002,5.000099999998383,R01,existing
P135_24_6,G1,relay_aircraft,G1-relay_aircraft-01,R002,4794.3573997411395,8150.275924236526,,,R01,existing
P135_24_6,G1,relay_components,G1-relay_components-01,R001,113.13731944608116,2500.002637752911,R002,2294.3547619882283,RE01,existing
P135_24_6,G1,relay_components,G1-relay_components-01,R002,4794.3573997411395,8687.28771421572,,,RE01,existing
P135_24_6,G1,relay_components,G1-relay_components-02,R004,2134.297738856335,5243.065183552219,,,RE02,existing
P135_24_6,G2,A_aircraft,G2-A_aircraft-01,T009,1317.470977312685,2633.4851917296737,T014_2,5.0000999999997475,U04,existing
P135_24_6,G2,A_aircraft,G2-A_aircraft-01,T014_2,2638.4852917296735,4762.444692702658,T022,5.000099999999293,U04,existing
P135_24_6,G2,A_aircraft,G2-A_aircraft-01,T022,4767.444792702658,6458.979278941607,,,U04,existing
P135_24_6,G2,B_aircraft,G2-B_aircraft-01,T004,1194.630385736439,3227.943287050344,T013,5.000100000000202,U06,existing
P135_24_6,G2,B_aircraft,G2-B_aircraft-01,T013,3232.9433870503444,5190.984658537339,T021,5.000100000000202,U06,existing
P135_24_6,G2,B_aircraft,G2-B_aircraft-01,T021,5195.984758537339,7094.0260300243335,,,U06,existing
P135_24_6,G2,C_aircraft,G2-C_aircraft-01,T010_2,0.0,1433.035082877992,T019_2,3019.199570715924,NEW-C_aircraft-01,procurement_required
P135_24_6,G2,C_aircraft,G2-C_aircraft-01,T019_2,4452.234653593916,6691.4187185617575,T012,5.000099999999293,NEW-C_aircraft-01,procurement_required
P135_24_6,G2,C_aircraft,G2-C_aircraft-01,T012,6696.418818561757,8811.50045984021,,,NEW-C_aircraft-01,procurement_required
P135_24_6,G2,A_batteries,G2-A_batteries-01,T009,1317.470977312685,3525.3399936387705,T022,1242.1047990638872,A06,existing
P135_24_6,G2,A_batteries,G2-A_batteries-01,T022,4767.444792702658,7634.473785621062,,,A06,existing
P135_24_6,G2,A_batteries,G2-A_batteries-02,T014_2,2638.4852917296735,6105.968766534681,,,NEW-A_batteries-01,procurement_required
P135_24_6,G2,B_batteries,G2-B_batteries-01,T004,1194.630385736439,4994.129999948263,T021,201.85475858907648,B03,existing
P135_24_6,G2,B_batteries,G2-B_batteries-01,T021,5195.984758537339,8961.208181941944,,,B03,existing
P135_24_6,G2,B_batteries,G2-B_batteries-02,T013,3232.9433870503444,7150.230286022929,,,B04,existing
P135_24_6,G2,C_batteries,G2-C_batteries-01,T010_2,0.0,2880.8082760764496,T012,3815.610542485307,NEW-C_batteries-01,procurement_required
P135_24_6,G2,C_batteries,G2-C_batteries-01,T012,6696.418818561757,11304.166177291878,,,NEW-C_batteries-01,procurement_required
P135_24_6,G2,C_batteries,G2-C_batteries-02,T019_2,4452.234653593916,9160.096499981806,,,NEW-C_batteries-02,procurement_required
P135_24_6,G2,relay_aircraft,G2-relay_aircraft-01,R003,1094.8164843575157,9390.324849711596,,,R02,existing
P135_24_6,G2,relay_components,G2-relay_components-01,R003,1094.8164843575157,10551.813344790942,,,RE03,existing
P135_24_6,G3,B_aircraft,G3-B_aircraft-01,T006,0.0,1189.630285736439,,,NEW-B_aircraft-01,procurement_required
P135_24_6,G3,B_batteries,G3-B_batteries-01,T006,0.0,2323.07116269932,,,NEW-B_batteries-01,procurement_required
P13_245_6,G1,A_aircraft,G1-A_aircraft-01,T002_1,0.0,1652.4416357195464,T016,2907.7784449921833,U01,existing
P13_245_6,G1,A_aircraft,G1-A_aircraft-01,T016,4560.22008071173,6255.978185380194,T019_1,5.000099999998383,U01,existing
P13_245_6,G1,A_aircraft,G1-A_aircraft-01,T019_1,6260.978285380193,7896.736390048657,,,U01,existing
P13_245_6,G1,A_aircraft,G1-A_aircraft-02,T005,0.0,1312.470877312685,T020,3407.7492033990457,U02,existing
P13_245_6,G1,A_aircraft,G1-A_aircraft-02,T020,4720.220080711731,6690.4299276885495,,,U02,existing
P13_245_6,G1,A_aircraft,G1-A_aircraft-03,T023,5551.539557030659,7187.297661699124,,,U03,existing
P13_245_6,G1,B_aircraft,G1-B_aircraft-01,T014_1,4.16673174186144e-07,1519.0243448285282,T007,3077.1957358832024,U05,existing
P13_245_6,G1,B_aircraft,G1-B_aircraft-01,T007,4596.220080711731,6939.352187396264,,,U05,existing
P13_245_6,G1,C_aircraft,G1-C_aircraft-01,T010_1,0.0,1823.224406150507,T001,1062.5839699259427,U07,existing
P13_245_6,G1,C_aircraft,G1-C_aircraft-01,T001,2885.80837607645,4447.234553593915,,,U07,existing
P13_245_6,G1,C_aircraft,G1-C_aircraft-02,T003,1438.035182877992,2867.4613603954576,T018,1609.758720316273,U08,existing
P13_245_6,G1,C_aircraft,G1-C_aircraft-02,T018,4477.220080711731,6913.029601569379,,,U08,existing
P13_245_6,G1,A_batteries,G1-A_batteries-01,T002_1,0.0,2667.5322461730734,T019_1,3593.446039207119,A01,existing
P13_245_6,G1,A_batteries,G1-A_batteries-01,T019_1,6260.978285380193,8981.354683688944,,,A01,existing
P13_245_6,G1,A_batteries,G1-A_batteries-02,T005,0.0,2178.7887122874713,T023,3372.750844743188,A02,existing
P13_245_6,G1,A_batteries,G1-A_batteries-02,T023,5551.539557030659,8292.236282374923,,,A02,existing
P13_245_6,G1,A_batteries,G1-A_batteries-03,T016,4560.22008071173,7391.954497536396,,,A03,existing
P13_245_6,G1,A_batteries,G1-A_batteries-04,T020,4720.220080711731,7930.430578375625,,,A04,existing
P13_245_6,G1,B_batteries,G1-B_batteries-01,T014_1,4.16673174186144e-07,2956.2905629638744,T007,1639.9295177478562,B01,existing
P13_245_6,G1,B_batteries,G1-B_batteries-01,T007,4596.220080711731,8817.149572633247,,,B01,existing
P13_245_6,G1,C_batteries,G1-C_batteries-01,T010_1,0.0,3563.4170832737245,T018,913.8029974380061,C01,existing
P13_245_6,G1,C_batteries,G1-C_batteries-01,T018,4477.220080711731,9411.383881543894,,,C01,existing
P13_245_6,G1,C_batteries,G1-C_batteries-02,T003,1438.035182877992,4385.641813543676,,,C02,existing
P13_245_6,G1,C_batteries,G1-C_batteries-03,T001,2885.80837607645,6035.901229839401,,,C03,existing
P13_245_6,G1,relay_aircraft,G1-relay_aircraft-01,R001,113.13731944608116,2129.2976388563347,R002,2665.0597608848047,R01,existing
P13_245_6,G1,relay_aircraft,G1-relay_aircraft-01,R002,4794.3573997411395,8150.275924236526,,,R01,existing
P13_245_6,G1,relay_components,G1-relay_components-01,R001,113.13731944608116,2500.002637752911,R002,2294.3547619882283,RE01,existing
P13_245_6,G1,relay_components,G1-relay_components-01,R002,4794.3573997411395,8687.28771421572,,,RE01,existing
P13_245_6,G2,A_aircraft,G2-A_aircraft-01,T009,1317.470977312685,2633.4851917296737,T014_2,5.0000999999997475,U04,existing
P13_245_6,G2,A_aircraft,G2-A_aircraft-01,T014_2,2638.4852917296735,4762.444692702658,,,U04,existing
P13_245_6,G2,A_aircraft,G2-A_aircraft-02,T002_2,2048.115373302644,3650.7081092828166,T022,1116.736683419841,NEW-A_aircraft-01,procurement_required
P13_245_6,G2,A_aircraft,G2-A_aircraft-02,T022,4767.444792702658,6458.979278941607,,,NEW-A_aircraft-01,procurement_required
P13_245_6,G2,A_aircraft,G2-A_aircraft-03,T017,2048.115373302644,4391.962448014616,,,NEW-A_aircraft-02,procurement_required
P13_245_6,G2,A_aircraft,G2-A_aircraft-04,T011,2058.1153733026445,4188.754462062227,,,NEW-A_aircraft-03,procurement_required
P13_245_6,G2,B_aircraft,G2-B_aircraft-01,T004,1194.630385736439,3227.943287050344,T013,5.000100000000202,U06,existing
P13_245_6,G2,B_aircraft,G2-B_aircraft-01,T013,3232.9433870503444,5190.984658537339,,,U06,existing
P13_245_6,G2,B_aircraft,G2-B_aircraft-02,T008,1984.115373302644,3828.6542634582115,T021,1367.3304950791276,NEW-B_aircraft-01,procurement_required
P13_245_6,G2,B_aircraft,G2-B_aircraft-02,T021,5195.984758537339,7094.0260300243335,,,NEW-B_aircraft-01,procurement_required
P13_245_6,G2,C_aircraft,G2-C_aircraft-01,T010_2,0.0,1433.035082877992,T015,643.0802904246525,NEW-C_aircraft-01,procurement_required
P13_245_6,G2,C_aircraft,G2-C_aircraft-01,T015,2076.1153733026445,3744.0155776451697,T019_2,708.2190759487462,NEW-C_aircraft-01,procurement_required
P13_245_6,G2,C_aircraft,G2-C_aircraft-01,T019_2,4452.234653593916,6691.4187185617575,T012,5.000099999999293,NEW-C_aircraft-01,procurement_required
P13_245_6,G2,C_aircraft,G2-C_aircraft-01,T012,6696.418818561757,8811.50045984021,,,NEW-C_aircraft-01,procurement_required
P13_245_6,G2,A_batteries,G2-A_batteries-01,T009,1317.470977312685,3525.3399936387705,T022,1242.1047990638872,A05,existing
P13_245_6,G2,A_batteries,G2-A_batteries-01,T022,4767.444792702658,7634.473785621062,,,A05,existing
P13_245_6,G2,A_batteries,G2-A_batteries-02,T002_2,2048.115373302644,4715.175270999501,,,A06,existing
P13_245_6,G2,A_batteries,G2-A_batteries-03,T017,2048.115373302644,5755.52643126419,,,NEW-A_batteries-01,procurement_required
P13_245_6,G2,A_batteries,G2-A_batteries-04,T011,2058.1153733026445,5546.53945703066,,,NEW-A_batteries-02,procurement_required
P13_245_6,G2,A_batteries,G2-A_batteries-05,T014_2,2638.4852917296735,6105.968766534681,,,NEW-A_batteries-03,procurement_required
P13_245_6,G2,B_batteries,G2-B_batteries-01,T004,1194.630385736439,4994.129999948263,T021,201.85475858907648,B02,existing
P13_245_6,G2,B_batteries,G2-B_batteries-01,T021,5195.984758537339,8961.208181941944,,,B02,existing
P13_245_6,G2,B_batteries,G2-B_batteries-02,T008,1984.115373302644,5417.316226537593,,,B03,existing
P13_245_6,G2,B_batteries,G2-B_batteries-03,T013,3232.9433870503444,7150.230286022929,,,B04,existing
P13_245_6,G2,C_batteries,G2-C_batteries-01,T010_2,0.0,2880.8082760764496,T019_2,1571.4263775174663,C04,existing
P13_245_6,G2,C_batteries,G2-C_batteries-01,T019_2,4452.234653593916,9160.096499981806,,,C04,existing
P13_245_6,G2,C_batteries,G2-C_batteries-02,T015,2076.1153733026445,5451.076587273992,T012,1245.3422312877647,NEW-C_batteries-01,procurement_required
P13_245_6,G2,C_batteries,G2-C_batteries-02,T012,6696.418818561757,11304.166177291878,,,NEW-C_batteries-01,procurement_required
P13_245_6,G2,relay_aircraft,G2-relay_aircraft-01,R003,1094.8164843575157,9390.324849711596,,,R02,existing
P13_245_6,G2,relay_aircraft,G2-relay_aircraft-02,R004,2134.297738856335,4789.357299741141,,,NEW-relay_aircraft-01,procurement_required
P13_245_6,G2,relay_components,G2-relay_components-01,R003,1094.8164843575157,10551.813344790942,,,RE02,existing
P13_245_6,G2,relay_components,G2-relay_components-02,R004,2134.297738856335,5243.065183552219,,,RE03,existing
P13_245_6,G3,B_aircraft,G3-B_aircraft-01,T006,0.0,1189.630285736439,,,NEW-B_aircraft-02,procurement_required
P13_245_6,G3,B_batteries,G3-B_batteries-01,T006,0.0,2323.07116269932,,,NEW-B_batteries-01,procurement_required
P136_24_5,G1,A_aircraft,G1-A_aircraft-01,T002_1,0.0,1652.4416357195464,T016,2907.7784449921833,U01,existing
P136_24_5,G1,A_aircraft,G1-A_aircraft-01,T016,4560.22008071173,6255.978185380194,T019_1,5.000099999998383,U01,existing
P136_24_5,G1,A_aircraft,G1-A_aircraft-01,T019_1,6260.978285380193,7896.736390048657,,,U01,existing
P136_24_5,G1,A_aircraft,G1-A_aircraft-02,T005,0.0,1312.470877312685,T020,3407.7492033990457,U02,existing
P136_24_5,G1,A_aircraft,G1-A_aircraft-02,T020,4720.220080711731,6690.4299276885495,,,U02,existing
P136_24_5,G1,A_aircraft,G1-A_aircraft-03,T023,5551.539557030659,7187.297661699124,,,U03,existing
P136_24_5,G1,B_aircraft,G1-B_aircraft-01,T006,0.0,1189.630285736439,T007,3406.5897949752916,U05,existing
P136_24_5,G1,B_aircraft,G1-B_aircraft-01,T007,4596.220080711731,6939.352187396264,,,U05,existing
P136_24_5,G1,B_aircraft,G1-B_aircraft-02,T014_1,4.16673174186144e-07,1519.0243448285282,,,U06,existing
P136_24_5,G1,C_aircraft,G1-C_aircraft-01,T010_1,0.0,1823.224406150507,T001,1062.5839699259427,U07,existing
P136_24_5,G1,C_aircraft,G1-C_aircraft-01,T001,2885.80837607645,4447.234553593915,,,U07,existing
P136_24_5,G1,C_aircraft,G1-C_aircraft-02,T003,1438.035182877992,2867.4613603954576,T018,1609.758720316273,U08,existing
P136_24_5,G1,C_aircraft,G1-C_aircraft-02,T018,4477.220080711731,6913.029601569379,,,U08,existing
P136_24_5,G1,A_batteries,G1-A_batteries-01,T002_1,0.0,2667.5322461730734,T019_1,3593.446039207119,A01,existing
P136_24_5,G1,A_batteries,G1-A_batteries-01,T019_1,6260.978285380193,8981.354683688944,,,A01,existing
P136_24_5,G1,A_batteries,G1-A_batteries-02,T005,0.0,2178.7887122874713,T023,3372.750844743188,A02,existing
P136_24_5,G1,A_batteries,G1-A_batteries-02,T023,5551.539557030659,8292.236282374923,,,A02,existing
P136_24_5,G1,A_batteries,G1-A_batteries-03,T016,4560.22008071173,7391.954497536396,,,A03,existing
P136_24_5,G1,A_batteries,G1-A_batteries-04,T020,4720.220080711731,7930.430578375625,,,A04,existing
P136_24_5,G1,B_batteries,G1-B_batteries-01,T006,0.0,2323.07116269932,T007,2273.1489180124104,B01,existing
P136_24_5,G1,B_batteries,G1-B_batteries-01,T007,4596.220080711731,8817.149572633247,,,B01,existing
P136_24_5,G1,B_batteries,G1-B_batteries-02,T014_1,4.16673174186144e-07,2956.2905629638744,,,B02,existing
P136_24_5,G1,C_batteries,G1-C_batteries-01,T010_1,0.0,3563.4170832737245,T018,913.8029974380061,C01,existing
P136_24_5,G1,C_batteries,G1-C_batteries-01,T018,4477.220080711731,9411.383881543894,,,C01,existing
P136_24_5,G1,C_batteries,G1-C_batteries-02,T003,1438.035182877992,4385.641813543676,,,C02,existing
P136_24_5,G1,C_batteries,G1-C_batteries-03,T001,2885.80837607645,6035.901229839401,,,C03,existing
P136_24_5,G1,relay_aircraft,G1-relay_aircraft-01,R001,113.13731944608116,2129.2976388563347,R002,2665.0597608848047,R01,existing
P136_24_5,G1,relay_aircraft,G1-relay_aircraft-01,R002,4794.3573997411395,8150.275924236526,,,R01,existing
P136_24_5,G1,relay_components,G1-relay_components-01,R001,113.13731944608116,2500.002637752911,R002,2294.3547619882283,RE01,existing
P136_24_5,G1,relay_components,G1-relay_components-01,R002,4794.3573997411395,8687.28771421572,,,RE01,existing
P136_24_5,G2,A_aircraft,G2-A_aircraft-01,T009,1317.470977312685,2633.4851917296737,T014_2,5.0000999999997475,U04,existing
P136_24_5,G2,A_aircraft,G2-A_aircraft-01,T014_2,2638.4852917296735,4762.444692702658,T022,5.000099999999293,U04,existing
P136_24_5,G2,A_aircraft,G2-A_aircraft-01,T022,4767.444792702658,6458.979278941607,,,U04,existing
P136_24_5,G2,B_aircraft,G2-B_aircraft-01,T004,1194.630385736439,3227.943287050344,T013,5.000100000000202,NEW-B_aircraft-01,procurement_required
P136_24_5,G2,B_aircraft,G2-B_aircraft-01,T013,3232.9433870503444,5190.984658537339,T021,5.000100000000202,NEW-B_aircraft-01,procurement_required
P136_24_5,G2,B_aircraft,G2-B_aircraft-01,T021,5195.984758537339,7094.0260300243335,,,NEW-B_aircraft-01,procurement_required
P136_24_5,G2,C_aircraft,G2-C_aircraft-01,T010_2,0.0,1433.035082877992,T019_2,3019.199570715924,NEW-C_aircraft-01,procurement_required
P136_24_5,G2,C_aircraft,G2-C_aircraft-01,T019_2,4452.234653593916,6691.4187185617575,T012,5.000099999999293,NEW-C_aircraft-01,procurement_required
P136_24_5,G2,C_aircraft,G2-C_aircraft-01,T012,6696.418818561757,8811.50045984021,,,NEW-C_aircraft-01,procurement_required
P136_24_5,G2,A_batteries,G2-A_batteries-01,T009,1317.470977312685,3525.3399936387705,T022,1242.1047990638872,A05,existing
P136_24_5,G2,A_batteries,G2-A_batteries-01,T022,4767.444792702658,7634.473785621062,,,A05,existing
P136_24_5,G2,A_batteries,G2-A_batteries-02,T014_2,2638.4852917296735,6105.968766534681,,,A06,existing
P136_24_5,G2,B_batteries,G2-B_batteries-01,T004,1194.630385736439,4994.129999948263,T021,201.85475858907648,B03,existing
P136_24_5,G2,B_batteries,G2-B_batteries-01,T021,5195.984758537339,8961.208181941944,,,B03,existing
P136_24_5,G2,B_batteries,G2-B_batteries-02,T013,3232.9433870503444,7150.230286022929,,,B04,existing
P136_24_5,G2,C_batteries,G2-C_batteries-01,T010_2,0.0,2880.8082760764496,T012,3815.610542485307,C04,existing
P136_24_5,G2,C_batteries,G2-C_batteries-01,T012,6696.418818561757,11304.166177291878,,,C04,existing
P136_24_5,G2,C_batteries,G2-C_batteries-02,T019_2,4452.234653593916,9160.096499981806,,,NEW-C_batteries-01,procurement_required
P136_24_5,G2,relay_aircraft,G2-relay_aircraft-01,R003,1094.8164843575157,9390.324849711596,,,R02,existing
P136_24_5,G2,relay_components,G2-relay_components-01,R003,1094.8164843575157,10551.813344790942,,,RE02,existing
P136_24_5,G3,A_aircraft,G3-A_aircraft-01,T002_2,2048.115373302644,3650.7081092828166,,,NEW-A_aircraft-01,procurement_required
P136_24_5,G3,A_aircraft,G3-A_aircraft-02,T017,2048.115373302644,4391.962448014616,,,NEW-A_aircraft-02,procurement_required
P136_24_5,G3,A_aircraft,G3-A_aircraft-03,T011,2058.1153733026445,4188.754462062227,,,NEW-A_aircraft-03,procurement_required
P136_24_5,G3,B_aircraft,G3-B_aircraft-01,T008,1984.115373302644,3828.6542634582115,,,NEW-B_aircraft-02,procurement_required
P136_24_5,G3,C_aircraft,G3-C_aircraft-01,T015,2076.1153733026445,3744.0155776451697,,,NEW-C_aircraft-02,procurement_required
P136_24_5,G3,A_batteries,G3-A_batteries-01,T002_2,2048.115373302644,4715.175270999501,,,NEW-A_batteries-01,procurement_required
P136_24_5,G3,A_batteries,G3-A_batteries-02,T017,2048.115373302644,5755.52643126419,,,NEW-A_batteries-02,procurement_required
P136_24_5,G3,A_batteries,G3-A_batteries-03,T011,2058.1153733026445,5546.53945703066,,,NEW-A_batteries-03,procurement_required
P136_24_5,G3,B_batteries,G3-B_batteries-01,T008,1984.115373302644,5417.316226537593,,,NEW-B_batteries-01,procurement_required
P136_24_5,G3,C_batteries,G3-C_batteries-01,T015,2076.1153733026445,5451.076587273992,,,NEW-C_batteries-02,procurement_required
P136_24_5,G3,relay_aircraft,G3-relay_aircraft-01,R004,2134.297738856335,4789.357299741141,,,NEW-relay_aircraft-01,procurement_required
P136_24_5,G3,relay_components,G3-relay_components-01,R004,2134.297738856335,5243.065183552219,,,RE03,existing
P13_246_5,G1,A_aircraft,G1-A_aircraft-01,T002_1,0.0,1652.4416357195464,T016,2907.7784449921833,U01,existing
P13_246_5,G1,A_aircraft,G1-A_aircraft-01,T016,4560.22008071173,6255.978185380194,T019_1,5.000099999998383,U01,existing
P13_246_5,G1,A_aircraft,G1-A_aircraft-01,T019_1,6260.978285380193,7896.736390048657,,,U01,existing
P13_246_5,G1,A_aircraft,G1-A_aircraft-02,T005,0.0,1312.470877312685,T020,3407.7492033990457,U02,existing
P13_246_5,G1,A_aircraft,G1-A_aircraft-02,T020,4720.220080711731,6690.4299276885495,,,U02,existing
P13_246_5,G1,A_aircraft,G1-A_aircraft-03,T023,5551.539557030659,7187.297661699124,,,U03,existing
P13_246_5,G1,B_aircraft,G1-B_aircraft-01,T014_1,4.16673174186144e-07,1519.0243448285282,T007,3077.1957358832024,U05,existing
P13_246_5,G1,B_aircraft,G1-B_aircraft-01,T007,4596.220080711731,6939.352187396264,,,U05,existing
P13_246_5,G1,C_aircraft,G1-C_aircraft-01,T010_1,0.0,1823.224406150507,T001,1062.5839699259427,U07,existing
P13_246_5,G1,C_aircraft,G1-C_aircraft-01,T001,2885.80837607645,4447.234553593915,,,U07,existing
P13_246_5,G1,C_aircraft,G1-C_aircraft-02,T003,1438.035182877992,2867.4613603954576,T018,1609.758720316273,U08,existing
P13_246_5,G1,C_aircraft,G1-C_aircraft-02,T018,4477.220080711731,6913.029601569379,,,U08,existing
P13_246_5,G1,A_batteries,G1-A_batteries-01,T002_1,0.0,2667.5322461730734,T019_1,3593.446039207119,A01,existing
P13_246_5,G1,A_batteries,G1-A_batteries-01,T019_1,6260.978285380193,8981.354683688944,,,A01,existing
P13_246_5,G1,A_batteries,G1-A_batteries-02,T005,0.0,2178.7887122874713,T023,3372.750844743188,A02,existing
P13_246_5,G1,A_batteries,G1-A_batteries-02,T023,5551.539557030659,8292.236282374923,,,A02,existing
P13_246_5,G1,A_batteries,G1-A_batteries-03,T016,4560.22008071173,7391.954497536396,,,A03,existing
P13_246_5,G1,A_batteries,G1-A_batteries-04,T020,4720.220080711731,7930.430578375625,,,A04,existing
P13_246_5,G1,B_batteries,G1-B_batteries-01,T014_1,4.16673174186144e-07,2956.2905629638744,T007,1639.9295177478562,B01,existing
P13_246_5,G1,B_batteries,G1-B_batteries-01,T007,4596.220080711731,8817.149572633247,,,B01,existing
P13_246_5,G1,C_batteries,G1-C_batteries-01,T010_1,0.0,3563.4170832737245,T018,913.8029974380061,C01,existing
P13_246_5,G1,C_batteries,G1-C_batteries-01,T018,4477.220080711731,9411.383881543894,,,C01,existing
P13_246_5,G1,C_batteries,G1-C_batteries-02,T003,1438.035182877992,4385.641813543676,,,C02,existing
P13_246_5,G1,C_batteries,G1-C_batteries-03,T001,2885.80837607645,6035.901229839401,,,C03,existing
P13_246_5,G1,relay_aircraft,G1-relay_aircraft-01,R001,113.13731944608116,2129.2976388563347,R002,2665.0597608848047,R01,existing
P13_246_5,G1,relay_aircraft,G1-relay_aircraft-01,R002,4794.3573997411395,8150.275924236526,,,R01,existing
P13_246_5,G1,relay_components,G1-relay_components-01,R001,113.13731944608116,2500.002637752911,R002,2294.3547619882283,RE01,existing
P13_246_5,G1,relay_components,G1-relay_components-01,R002,4794.3573997411395,8687.28771421572,,,RE01,existing
P13_246_5,G2,A_aircraft,G2-A_aircraft-01,T009,1317.470977312685,2633.4851917296737,T014_2,5.0000999999997475,U04,existing
P13_246_5,G2,A_aircraft,G2-A_aircraft-01,T014_2,2638.4852917296735,4762.444692702658,T022,5.000099999999293,U04,existing
P13_246_5,G2,A_aircraft,G2-A_aircraft-01,T022,4767.444792702658,6458.979278941607,,,U04,existing
P13_246_5,G2,B_aircraft,G2-B_aircraft-01,T006,0.0,1189.630285736439,T004,5.000099999999975,U06,existing
P13_246_5,G2,B_aircraft,G2-B_aircraft-01,T004,1194.630385736439,3227.943287050344,T013,5.000100000000202,U06,existing
P13_246_5,G2,B_aircraft,G2-B_aircraft-01,T013,3232.9433870503444,5190.984658537339,T021,5.000100000000202,U06,existing
P13_246_5,G2,B_aircraft,G2-B_aircraft-01,T021,5195.984758537339,7094.0260300243335,,,U06,existing
P13_246_5,G2,C_aircraft,G2-C_aircraft-01,T010_2,0.0,1433.035082877992,T019_2,3019.199570715924,NEW-C_aircraft-01,procurement_required
P13_246_5,G2,C_aircraft,G2-C_aircraft-01,T019_2,4452.234653593916,6691.4187185617575,T012,5.000099999999293,NEW-C_aircraft-01,procurement_required
P13_246_5,G2,C_aircraft,G2-C_aircraft-01,T012,6696.418818561757,8811.50045984021,,,NEW-C_aircraft-01,procurement_required
P13_246_5,G2,A_batteries,G2-A_batteries-01,T009,1317.470977312685,3525.3399936387705,T022,1242.1047990638872,A05,existing
P13_246_5,G2,A_batteries,G2-A_batteries-01,T022,4767.444792702658,7634.473785621062,,,A05,existing
P13_246_5,G2,A_batteries,G2-A_batteries-02,T014_2,2638.4852917296735,6105.968766534681,,,A06,existing
P13_246_5,G2,B_batteries,G2-B_batteries-01,T006,0.0,2323.07116269932,T013,909.8722243510242,B02,existing
P13_246_5,G2,B_batteries,G2-B_batteries-01,T013,3232.9433870503444,7150.230286022929,,,B02,existing
P13_246_5,G2,B_batteries,G2-B_batteries-02,T004,1194.630385736439,4994.129999948263,T021,201.85475858907648,B03,existing
P13_246_5,G2,B_batteries,G2-B_batteries-02,T021,5195.984758537339,8961.208181941944,,,B03,existing
P13_246_5,G2,C_batteries,G2-C_batteries-01,T010_2,0.0,2880.8082760764496,T012,3815.610542485307,C04,existing
P13_246_5,G2,C_batteries,G2-C_batteries-01,T012,6696.418818561757,11304.166177291878,,,C04,existing
P13_246_5,G2,C_batteries,G2-C_batteries-02,T019_2,4452.234653593916,9160.096499981806,,,NEW-C_batteries-01,procurement_required
P13_246_5,G2,relay_aircraft,G2-relay_aircraft-01,R003,1094.8164843575157,9390.324849711596,,,R02,existing
P13_246_5,G2,relay_components,G2-relay_components-01,R003,1094.8164843575157,10551.813344790942,,,RE02,existing
P13_246_5,G3,A_aircraft,G3-A_aircraft-01,T002_2,2048.115373302644,3650.7081092828166,,,NEW-A_aircraft-01,procurement_required
P13_246_5,G3,A_aircraft,G3-A_aircraft-02,T017,2048.115373302644,4391.962448014616,,,NEW-A_aircraft-02,procurement_required
P13_246_5,G3,A_aircraft,G3-A_aircraft-03,T011,2058.1153733026445,4188.754462062227,,,NEW-A_aircraft-03,procurement_required
P13_246_5,G3,B_aircraft,G3-B_aircraft-01,T008,1984.115373302644,3828.6542634582115,,,NEW-B_aircraft-01,procurement_required
P13_246_5,G3,C_aircraft,G3-C_aircraft-01,T015,2076.1153733026445,3744.0155776451697,,,NEW-C_aircraft-02,procurement_required
P13_246_5,G3,A_batteries,G3-A_batteries-01,T002_2,2048.115373302644,4715.175270999501,,,NEW-A_batteries-01,procurement_required
P13_246_5,G3,A_batteries,G3-A_batteries-02,T017,2048.115373302644,5755.52643126419,,,NEW-A_batteries-02,procurement_required
P13_246_5,G3,A_batteries,G3-A_batteries-03,T011,2058.1153733026445,5546.53945703066,,,NEW-A_batteries-03,procurement_required
P13_246_5,G3,B_batteries,G3-B_batteries-01,T008,1984.115373302644,5417.316226537593,,,B04,existing
P13_246_5,G3,C_batteries,G3-C_batteries-01,T015,2076.1153733026445,5451.076587273992,,,NEW-C_batteries-02,procurement_required
P13_246_5,G3,relay_aircraft,G3-relay_aircraft-01,R004,2134.297738856335,4789.357299741141,,,NEW-relay_aircraft-01,procurement_required
P13_246_5,G3,relay_components,G3-relay_components-01,R004,2134.297738856335,5243.065183552219,,,RE03,existing
P13_24_56,G1,A_aircraft,G1-A_aircraft-01,T002_1,0.0,1652.4416357195464,T016,2907.7784449921833,U01,existing
P13_24_56,G1,A_aircraft,G1-A_aircraft-01,T016,4560.22008071173,6255.978185380194,T019_1,5.000099999998383,U01,existing
P13_24_56,G1,A_aircraft,G1-A_aircraft-01,T019_1,6260.978285380193,7896.736390048657,,,U01,existing
P13_24_56,G1,A_aircraft,G1-A_aircraft-02,T005,0.0,1312.470877312685,T020,3407.7492033990457,U02,existing
P13_24_56,G1,A_aircraft,G1-A_aircraft-02,T020,4720.220080711731,6690.4299276885495,,,U02,existing
P13_24_56,G1,A_aircraft,G1-A_aircraft-03,T023,5551.539557030659,7187.297661699124,,,U03,existing
P13_24_56,G1,B_aircraft,G1-B_aircraft-01,T014_1,4.16673174186144e-07,1519.0243448285282,T007,3077.1957358832024,U05,existing
P13_24_56,G1,B_aircraft,G1-B_aircraft-01,T007,4596.220080711731,6939.352187396264,,,U05,existing
P13_24_56,G1,C_aircraft,G1-C_aircraft-01,T010_1,0.0,1823.224406150507,T001,1062.5839699259427,U07,existing
P13_24_56,G1,C_aircraft,G1-C_aircraft-01,T001,2885.80837607645,4447.234553593915,,,U07,existing
P13_24_56,G1,C_aircraft,G1-C_aircraft-02,T003,1438.035182877992,2867.4613603954576,T018,1609.758720316273,U08,existing
P13_24_56,G1,C_aircraft,G1-C_aircraft-02,T018,4477.220080711731,6913.029601569379,,,U08,existing
P13_24_56,G1,A_batteries,G1-A_batteries-01,T002_1,0.0,2667.5322461730734,T019_1,3593.446039207119,A01,existing
P13_24_56,G1,A_batteries,G1-A_batteries-01,T019_1,6260.978285380193,8981.354683688944,,,A01,existing
P13_24_56,G1,A_batteries,G1-A_batteries-02,T005,0.0,2178.7887122874713,T023,3372.750844743188,A02,existing
P13_24_56,G1,A_batteries,G1-A_batteries-02,T023,5551.539557030659,8292.236282374923,,,A02,existing
P13_24_56,G1,A_batteries,G1-A_batteries-03,T016,4560.22008071173,7391.954497536396,,,A03,existing
P13_24_56,G1,A_batteries,G1-A_batteries-04,T020,4720.220080711731,7930.430578375625,,,A04,existing
P13_24_56,G1,B_batteries,G1-B_batteries-01,T014_1,4.16673174186144e-07,2956.2905629638744,T007,1639.9295177478562,B01,existing
P13_24_56,G1,B_batteries,G1-B_batteries-01,T007,4596.220080711731,8817.149572633247,,,B01,existing
P13_24_56,G1,C_batteries,G1-C_batteries-01,T010_1,0.0,3563.4170832737245,T018,913.8029974380061,C01,existing
P13_24_56,G1,C_batteries,G1-C_batteries-01,T018,4477.220080711731,9411.383881543894,,,C01,existing
P13_24_56,G1,C_batteries,G1-C_batteries-02,T003,1438.035182877992,4385.641813543676,,,C02,existing
P13_24_56,G1,C_batteries,G1-C_batteries-03,T001,2885.80837607645,6035.901229839401,,,C03,existing
P13_24_56,G1,relay_aircraft,G1-relay_aircraft-01,R001,113.13731944608116,2129.2976388563347,R002,2665.0597608848047,R01,existing
P13_24_56,G1,relay_aircraft,G1-relay_aircraft-01,R002,4794.3573997411395,8150.275924236526,,,R01,existing
P13_24_56,G1,relay_components,G1-relay_components-01,R001,113.13731944608116,2500.002637752911,R002,2294.3547619882283,RE01,existing
P13_24_56,G1,relay_components,G1-relay_components-01,R002,4794.3573997411395,8687.28771421572,,,RE01,existing
P13_24_56,G2,A_aircraft,G2-A_aircraft-01,T009,1317.470977312685,2633.4851917296737,T014_2,5.0000999999997475,U04,existing
P13_24_56,G2,A_aircraft,G2-A_aircraft-01,T014_2,2638.4852917296735,4762.444692702658,T022,5.000099999999293,U04,existing
P13_24_56,G2,A_aircraft,G2-A_aircraft-01,T022,4767.444792702658,6458.979278941607,,,U04,existing
P13_24_56,G2,B_aircraft,G2-B_aircraft-01,T004,1194.630385736439,3227.943287050344,T013,5.000100000000202,U06,existing
P13_24_56,G2,B_aircraft,G2-B_aircraft-01,T013,3232.9433870503444,5190.984658537339,T021,5.000100000000202,U06,existing
P13_24_56,G2,B_aircraft,G2-B_aircraft-01,T021,5195.984758537339,7094.0260300243335,,,U06,existing
P13_24_56,G2,C_aircraft,G2-C_aircraft-01,T010_2,0.0,1433.035082877992,T019_2,3019.199570715924,NEW-C_aircraft-01,procurement_required
P13_24_56,G2,C_aircraft,G2-C_aircraft-01,T019_2,4452.234653593916,6691.4187185617575,T012,5.000099999999293,NEW-C_aircraft-01,procurement_required
P13_24_56,G2,C_aircraft,G2-C_aircraft-01,T012,6696.418818561757,8811.50045984021,,,NEW-C_aircraft-01,procurement_required
P13_24_56,G2,A_batteries,G2-A_batteries-01,T009,1317.470977312685,3525.3399936387705,T022,1242.1047990638872,A05,existing
P13_24_56,G2,A_batteries,G2-A_batteries-01,T022,4767.444792702658,7634.473785621062,,,A05,existing
P13_24_56,G2,A_batteries,G2-A_batteries-02,T014_2,2638.4852917296735,6105.968766534681,,,A06,existing
P13_24_56,G2,B_batteries,G2-B_batteries-01,T004,1194.630385736439,4994.129999948263,T021,201.85475858907648,B02,existing
P13_24_56,G2,B_batteries,G2-B_batteries-01,T021,5195.984758537339,8961.208181941944,,,B02,existing
P13_24_56,G2,B_batteries,G2-B_batteries-02,T013,3232.9433870503444,7150.230286022929,,,B03,existing
P13_24_56,G2,C_batteries,G2-C_batteries-01,T010_2,0.0,2880.8082760764496,T012,3815.610542485307,C04,existing
P13_24_56,G2,C_batteries,G2-C_batteries-01,T012,6696.418818561757,11304.166177291878,,,C04,existing
P13_24_56,G2,C_batteries,G2-C_batteries-02,T019_2,4452.234653593916,9160.096499981806,,,NEW-C_batteries-01,procurement_required
P13_24_56,G2,relay_aircraft,G2-relay_aircraft-01,R003,1094.8164843575157,9390.324849711596,,,R02,existing
P13_24_56,G2,relay_components,G2-relay_components-01,R003,1094.8164843575157,10551.813344790942,,,RE02,existing
P13_24_56,G3,A_aircraft,G3-A_aircraft-01,T002_2,2048.115373302644,3650.7081092828166,,,NEW-A_aircraft-01,procurement_required
P13_24_56,G3,A_aircraft,G3-A_aircraft-02,T017,2048.115373302644,4391.962448014616,,,NEW-A_aircraft-02,procurement_required
P13_24_56,G3,A_aircraft,G3-A_aircraft-03,T011,2058.1153733026445,4188.754462062227,,,NEW-A_aircraft-03,procurement_required
P13_24_56,G3,B_aircraft,G3-B_aircraft-01,T006,0.0,1189.630285736439,T008,794.485087566205,NEW-B_aircraft-01,procurement_required
P13_24_56,G3,B_aircraft,G3-B_aircraft-01,T008,1984.115373302644,3828.6542634582115,,,NEW-B_aircraft-01,procurement_required
P13_24_56,G3,C_aircraft,G3-C_aircraft-01,T015,2076.1153733026445,3744.0155776451697,,,NEW-C_aircraft-02,procurement_required
P13_24_56,G3,A_batteries,G3-A_batteries-01,T002_2,2048.115373302644,4715.175270999501,,,NEW-A_batteries-01,procurement_required
P13_24_56,G3,A_batteries,G3-A_batteries-02,T017,2048.115373302644,5755.52643126419,,,NEW-A_batteries-02,procurement_required
P13_24_56,G3,A_batteries,G3-A_batteries-03,T011,2058.1153733026445,5546.53945703066,,,NEW-A_batteries-03,procurement_required
P13_24_56,G3,B_batteries,G3-B_batteries-01,T006,0.0,2323.07116269932,,,B04,existing
P13_24_56,G3,B_batteries,G3-B_batteries-02,T008,1984.115373302644,5417.316226537593,,,NEW-B_batteries-01,procurement_required
P13_24_56,G3,C_batteries,G3-C_batteries-01,T015,2076.1153733026445,5451.076587273992,,,NEW-C_batteries-02,procurement_required
P13_24_56,G3,relay_aircraft,G3-relay_aircraft-01,R004,2134.297738856335,4789.357299741141,,,NEW-relay_aircraft-01,procurement_required
P13_24_56,G3,relay_components,G3-relay_components-01,R004,2134.297738856335,5243.065183552219,,,RE03,existing
P1356_2_4,G1,A_aircraft,G1-A_aircraft-01,T002_1,0.0,1652.4416357195464,T002_2,395.6737375830976,U01,existing
P1356_2_4,G1,A_aircraft,G1-A_aircraft-01,T002_2,2048.115373302644,3650.7081092828166,T023,1900.8314477478425,U01,existing
P1356_2_4,G1,A_aircraft,G1-A_aircraft-01,T023,5551.539557030659,7187.297661699124,,,U01,existing
P1356_2_4,G1,A_aircraft,G1-A_aircraft-02,T005,0.0,1312.470877312685,T017,735.6444959899591,U02,existing
P1356_2_4,G1,A_aircraft,G1-A_aircraft-02,T017,2048.115373302644,4391.962448014616,T016,168.25763269711388,U02,existing
P1356_2_4,G1,A_aircraft,G1-A_aircraft-02,T016,4560.22008071173,6255.978185380194,T019_1,5.000099999998383,U02,existing
P1356_2_4,G1,A_aircraft,G1-A_aircraft-02,T019_1,6260.978285380193,7896.736390048657,,,U02,existing
P1356_2_4,G1,A_aircraft,G1-A_aircraft-03,T011,2058.1153733026445,4188.754462062227,T020,531.465618649504,U03,existing
P1356_2_4,G1,A_aircraft,G1-A_aircraft-03,T020,4720.220080711731,6690.4299276885495,,,U03,existing
P1356_2_4,G1,B_aircraft,G1-B_aircraft-01,T006,0.0,1189.630285736439,T008,794.485087566205,U05,existing
P1356_2_4,G1,B_aircraft,G1-B_aircraft-01,T008,1984.115373302644,3828.6542634582115,,,U05,existing
P1356_2_4,G1,B_aircraft,G1-B_aircraft-02,T014_1,4.16673174186144e-07,1519.0243448285282,T007,3077.1957358832024,U06,existing
P1356_2_4,G1,B_aircraft,G1-B_aircraft-02,T007,4596.220080711731,6939.352187396264,,,U06,existing
P1356_2_4,G1,C_aircraft,G1-C_aircraft-01,T010_1,0.0,1823.224406150507,T015,252.89096715213736,U07,existing
P1356_2_4,G1,C_aircraft,G1-C_aircraft-01,T015,2076.1153733026445,3744.0155776451697,T018,733.2045030665608,U07,existing
P1356_2_4,G1,C_aircraft,G1-C_aircraft-01,T018,4477.220080711731,6913.029601569379,,,U07,existing
P1356_2_4,G1,C_aircraft,G1-C_aircraft-02,T003,1438.035182877992,2867.4613603954576,T001,18.347015680992172,U08,existing
P1356_2_4,G1,C_aircraft,G1-C_aircraft-02,T001,2885.80837607645,4447.234553593915,,,U08,existing
P1356_2_4,G1,A_batteries,G1-A_batteries-01,T002_1,0.0,2667.5322461730734,T016,1892.6878345386563,A01,existing
P1356_2_4,G1,A_batteries,G1-A_batteries-01,T016,4560.22008071173,7391.954497536396,,,A01,existing
P1356_2_4,G1,A_batteries,G1-A_batteries-02,T005,0.0,2178.7887122874713,T020,2541.4313684242593,A02,existing
P1356_2_4,G1,A_batteries,G1-A_batteries-02,T020,4720.220080711731,7930.430578375625,,,A02,existing
P1356_2_4,G1,A_batteries,G1-A_batteries-03,T002_2,2048.115373302644,4715.175270999501,T023,836.3642860311584,A03,existing
P1356_2_4,G1,A_batteries,G1-A_batteries-03,T023,5551.539557030659,8292.236282374923,,,A03,existing
P1356_2_4,G1,A_batteries,G1-A_batteries-04,T017,2048.115373302644,5755.52643126419,,,A04,existing
P1356_2_4,G1,A_batteries,G1-A_batteries-05,T011,2058.1153733026445,5546.53945703066,T019_1,714.4388283495327,A05,existing
P1356_2_4,G1,A_batteries,G1-A_batteries-05,T019_1,6260.978285380193,8981.354683688944,,,A05,existing
P1356_2_4,G1,B_batteries,G1-B_batteries-01,T006,0.0,2323.07116269932,T007,2273.1489180124104,B01,existing
P1356_2_4,G1,B_batteries,G1-B_batteries-01,T007,4596.220080711731,8817.149572633247,,,B01,existing
P1356_2_4,G1,B_batteries,G1-B_batteries-02,T014_1,4.16673174186144e-07,2956.2905629638744,,,B02,existing
P1356_2_4,G1,B_batteries,G1-B_batteries-03,T008,1984.115373302644,5417.316226537593,,,B03,existing
P1356_2_4,G1,C_batteries,G1-C_batteries-01,T010_1,0.0,3563.4170832737245,T018,913.8029974380061,C01,existing
P1356_2_4,G1,C_batteries,G1-C_batteries-01,T018,4477.220080711731,9411.383881543894,,,C01,existing
P1356_2_4,G1,C_batteries,G1-C_batteries-02,T003,1438.035182877992,4385.641813543676,,,C02,existing
P1356_2_4,G1,C_batteries,G1-C_batteries-03,T015,2076.1153733026445,5451.076587273992,,,C03,existing
P1356_2_4,G1,C_batteries,G1-C_batteries-04,T001,2885.80837607645,6035.901229839401,,,C04,existing
P1356_2_4,G1,relay_aircraft,G1-relay_aircraft-01,R001,113.13731944608116,2129.2976388563347,R004,5.000100000000202,R01,existing
P1356_2_4,G1,relay_aircraft,G1-relay_aircraft-01,R004,2134.297738856335,4789.357299741141,R002,5.000099999998383,R01,existing
P1356_2_4,G1,relay_aircraft,G1-relay_aircraft-01,R002,4794.3573997411395,8150.275924236526,,,R01,existing
P1356_2_4,G1,relay_components,G1-relay_components-01,R001,113.13731944608116,2500.002637752911,R002,2294.3547619882283,RE01,existing
P1356_2_4,G1,relay_components,G1-relay_components-01,R002,4794.3573997411395,8687.28771421572,,,RE01,existing
P1356_2_4,G1,relay_components,G1-relay_components-02,R004,2134.297738856335,5243.065183552219,,,RE02,existing
P1356_2_4,G2,A_aircraft,G2-A_aircraft-01,T014_2,2638.4852917296735,4762.444692702658,T022,5.000099999999293,U04,existing
P1356_2_4,G2,A_aircraft,G2-A_aircraft-01,T022,4767.444792702658,6458.979278941607,,,U04,existing
P1356_2_4,G2,B_aircraft,G2-B_aircraft-01,T004,1194.630385736439,3227.943287050344,T013,5.000100000000202,NEW-B_aircraft-01,procurement_required
P1356_2_4,G2,B_aircraft,G2-B_aircraft-01,T013,3232.9433870503444,5190.984658537339,T021,5.000100000000202,NEW-B_aircraft-01,procurement_required
P1356_2_4,G2,B_aircraft,G2-B_aircraft-01,T021,5195.984758537339,7094.0260300243335,,,NEW-B_aircraft-01,procurement_required
P1356_2_4,G2,C_aircraft,G2-C_aircraft-01,T019_2,4452.234653593916,6691.4187185617575,T012,5.000099999999293,NEW-C_aircraft-01,procurement_required
P1356_2_4,G2,C_aircraft,G2-C_aircraft-01,T012,6696.418818561757,8811.50045984021,,,NEW-C_aircraft-01,procurement_required
P1356_2_4,G2,A_batteries,G2-A_batteries-01,T014_2,2638.4852917296735,6105.968766534681,,,A06,existing
P1356_2_4,G2,A_batteries,G2-A_batteries-02,T022,4767.444792702658,7634.473785621062,,,NEW-A_batteries-01,procurement_required
P1356_2_4,G2,B_batteries,G2-B_batteries-01,T004,1194.630385736439,4994.129999948263,T021,201.85475858907648,B04,existing
P1356_2_4,G2,B_batteries,G2-B_batteries-01,T021,5195.984758537339,8961.208181941944,,,B04,existing
P1356_2_4,G2,B_batteries,G2-B_batteries-02,T013,3232.9433870503444,7150.230286022929,,,NEW-B_batteries-01,procurement_required
P1356_2_4,G2,C_batteries,G2-C_batteries-01,T019_2,4452.234653593916,9160.096499981806,,,NEW-C_batteries-01,procurement_required
P1356_2_4,G2,C_batteries,G2-C_batteries-02,T012,6696.418818561757,11304.166177291878,,,NEW-C_batteries-02,procurement_required
P1356_2_4,G2,relay_aircraft,G2-relay_aircraft-01,R003,1094.8164843575157,9390.324849711596,,,R02,existing
P1356_2_4,G2,relay_components,G2-relay_components-01,R003,1094.8164843575157,10551.813344790942,,,RE03,existing
P1356_2_4,G3,A_aircraft,G3-A_aircraft-01,T009,1317.470977312685,2633.4851917296737,,,NEW-A_aircraft-01,procurement_required
P1356_2_4,G3,C_aircraft,G3-C_aircraft-01,T010_2,0.0,1433.035082877992,,,NEW-C_aircraft-02,procurement_required
P1356_2_4,G3,A_batteries,G3-A_batteries-01,T009,1317.470977312685,3525.3399936387705,,,NEW-A_batteries-02,procurement_required
P1356_2_4,G3,C_batteries,G3-C_batteries-01,T010_2,0.0,2880.8082760764496,,,NEW-C_batteries-03,procurement_required
P135_26_4,G1,A_aircraft,G1-A_aircraft-01,T002_1,0.0,1652.4416357195464,T002_2,395.6737375830976,U01,existing
P135_26_4,G1,A_aircraft,G1-A_aircraft-01,T002_2,2048.115373302644,3650.7081092828166,T023,1900.8314477478425,U01,existing
P135_26_4,G1,A_aircraft,G1-A_aircraft-01,T023,5551.539557030659,7187.297661699124,,,U01,existing
P135_26_4,G1,A_aircraft,G1-A_aircraft-02,T005,0.0,1312.470877312685,T017,735.6444959899591,U02,existing
P135_26_4,G1,A_aircraft,G1-A_aircraft-02,T017,2048.115373302644,4391.962448014616,T016,168.25763269711388,U02,existing
P135_26_4,G1,A_aircraft,G1-A_aircraft-02,T016,4560.22008071173,6255.978185380194,T019_1,5.000099999998383,U02,existing
P135_26_4,G1,A_aircraft,G1-A_aircraft-02,T019_1,6260.978285380193,7896.736390048657,,,U02,existing
P135_26_4,G1,A_aircraft,G1-A_aircraft-03,T011,2058.1153733026445,4188.754462062227,T020,531.465618649504,U03,existing
P135_26_4,G1,A_aircraft,G1-A_aircraft-03,T020,4720.220080711731,6690.4299276885495,,,U03,existing
P135_26_4,G1,B_aircraft,G1-B_aircraft-01,T014_1,4.16673174186144e-07,1519.0243448285282,T008,465.0910284741158,U05,existing
P135_26_4,G1,B_aircraft,G1-B_aircraft-01,T008,1984.115373302644,3828.6542634582115,T007,767.5658172535191,U05,existing
P135_26_4,G1,B_aircraft,G1-B_aircraft-01,T007,4596.220080711731,6939.352187396264,,,U05,existing
P135_26_4,G1,C_aircraft,G1-C_aircraft-01,T010_1,0.0,1823.224406150507,T015,252.89096715213736,U07,existing
P135_26_4,G1,C_aircraft,G1-C_aircraft-01,T015,2076.1153733026445,3744.0155776451697,T018,733.2045030665608,U07,existing
P135_26_4,G1,C_aircraft,G1-C_aircraft-01,T018,4477.220080711731,6913.029601569379,,,U07,existing
P135_26_4,G1,C_aircraft,G1-C_aircraft-02,T003,1438.035182877992,2867.4613603954576,T001,18.347015680992172,U08,existing
P135_26_4,G1,C_aircraft,G1-C_aircraft-02,T001,2885.80837607645,4447.234553593915,,,U08,existing
P135_26_4,G1,A_batteries,G1-A_batteries-01,T002_1,0.0,2667.5322461730734,T016,1892.6878345386563,A01,existing
P135_26_4,G1,A_batteries,G1-A_batteries-01,T016,4560.22008071173,7391.954497536396,,,A01,existing
P135_26_4,G1,A_batteries,G1-A_batteries-02,T005,0.0,2178.7887122874713,T020,2541.4313684242593,A02,existing
P135_26_4,G1,A_batteries,G1-A_batteries-02,T020,4720.220080711731,7930.430578375625,,,A02,existing
P135_26_4,G1,A_batteries,G1-A_batteries-03,T002_2,2048.115373302644,4715.175270999501,T023,836.3642860311584,A03,existing
P135_26_4,G1,A_batteries,G1-A_batteries-03,T023,5551.539557030659,8292.236282374923,,,A03,existing
P135_26_4,G1,A_batteries,G1-A_batteries-04,T017,2048.115373302644,5755.52643126419,,,A04,existing
P135_26_4,G1,A_batteries,G1-A_batteries-05,T011,2058.1153733026445,5546.53945703066,T019_1,714.4388283495327,A05,existing
P135_26_4,G1,A_batteries,G1-A_batteries-05,T019_1,6260.978285380193,8981.354683688944,,,A05,existing
P135_26_4,G1,B_batteries,G1-B_batteries-01,T014_1,4.16673174186144e-07,2956.2905629638744,T007,1639.9295177478562,B01,existing
P135_26_4,G1,B_batteries,G1-B_batteries-01,T007,4596.220080711731,8817.149572633247,,,B01,existing
P135_26_4,G1,B_batteries,G1-B_batteries-02,T008,1984.115373302644,5417.316226537593,,,B02,existing
P135_26_4,G1,C_batteries,G1-C_batteries-01,T010_1,0.0,3563.4170832737245,T018,913.8029974380061,C01,existing
P135_26_4,G1,C_batteries,G1-C_batteries-01,T018,4477.220080711731,9411.383881543894,,,C01,existing
P135_26_4,G1,C_batteries,G1-C_batteries-02,T003,1438.035182877992,4385.641813543676,,,C02,existing
P135_26_4,G1,C_batteries,G1-C_batteries-03,T015,2076.1153733026445,5451.076587273992,,,C03,existing
P135_26_4,G1,C_batteries,G1-C_batteries-04,T001,2885.80837607645,6035.901229839401,,,C04,existing
P135_26_4,G1,relay_aircraft,G1-relay_aircraft-01,R001,113.13731944608116,2129.2976388563347,R004,5.000100000000202,R01,existing
P135_26_4,G1,relay_aircraft,G1-relay_aircraft-01,R004,2134.297738856335,4789.357299741141,R002,5.000099999998383,R01,existing
P135_26_4,G1,relay_aircraft,G1-relay_aircraft-01,R002,4794.3573997411395,8150.275924236526,,,R01,existing
P135_26_4,G1,relay_components,G1-relay_components-01,R001,113.13731944608116,2500.002637752911,R002,2294.3547619882283,RE01,existing
P135_26_4,G1,relay_components,G1-relay_components-01,R002,4794.3573997411395,8687.28771421572,,,RE01,existing
P135_26_4,G1,relay_components,G1-relay_components-02,R004,2134.297738856335,5243.065183552219,,,RE02,existing
P135_26_4,G2,A_aircraft,G2-A_aircraft-01,T014_2,2638.4852917296735,4762.444692702658,T022,5.000099999999293,U04,existing
P135_26_4,G2,A_aircraft,G2-A_aircraft-01,T022,4767.444792702658,6458.979278941607,,,U04,existing
P135_26_4,G2,B_aircraft,G2-B_aircraft-01,T006,0.0,1189.630285736439,T004,5.000099999999975,U06,existing
P135_26_4,G2,B_aircraft,G2-B_aircraft-01,T004,1194.630385736439,3227.943287050344,T013,5.000100000000202,U06,existing
P135_26_4,G2,B_aircraft,G2-B_aircraft-01,T013,3232.9433870503444,5190.984658537339,T021,5.000100000000202,U06,existing
P135_26_4,G2,B_aircraft,G2-B_aircraft-01,T021,5195.984758537339,7094.0260300243335,,,U06,existing
P135_26_4,G2,C_aircraft,G2-C_aircraft-01,T019_2,4452.234653593916,6691.4187185617575,T012,5.000099999999293,NEW-C_aircraft-01,procurement_required
P135_26_4,G2,C_aircraft,G2-C_aircraft-01,T012,6696.418818561757,8811.50045984021,,,NEW-C_aircraft-01,procurement_required
P135_26_4,G2,A_batteries,G2-A_batteries-01,T014_2,2638.4852917296735,6105.968766534681,,,A06,existing
P135_26_4,G2,A_batteries,G2-A_batteries-02,T022,4767.444792702658,7634.473785621062,,,NEW-A_batteries-01,procurement_required
P135_26_4,G2,B_batteries,G2-B_batteries-01,T006,0.0,2323.07116269932,T013,909.8722243510242,B03,existing
P135_26_4,G2,B_batteries,G2-B_batteries-01,T013,3232.9433870503444,7150.230286022929,,,B03,existing
P135_26_4,G2,B_batteries,G2-B_batteries-02,T004,1194.630385736439,4994.129999948263,T021,201.85475858907648,B04,existing
P135_26_4,G2,B_batteries,G2-B_batteries-02,T021,5195.984758537339,8961.208181941944,,,B04,existing
P135_26_4,G2,C_batteries,G2-C_batteries-01,T019_2,4452.234653593916,9160.096499981806,,,NEW-C_batteries-01,procurement_required
P135_26_4,G2,C_batteries,G2-C_batteries-02,T012,6696.418818561757,11304.166177291878,,,NEW-C_batteries-02,procurement_required
P135_26_4,G2,relay_aircraft,G2-relay_aircraft-01,R003,1094.8164843575157,9390.324849711596,,,R02,existing
P135_26_4,G2,relay_components,G2-relay_components-01,R003,1094.8164843575157,10551.813344790942,,,RE03,existing
P135_26_4,G3,A_aircraft,G3-A_aircraft-01,T009,1317.470977312685,2633.4851917296737,,,NEW-A_aircraft-01,procurement_required
P135_26_4,G3,C_aircraft,G3-C_aircraft-01,T010_2,0.0,1433.035082877992,,,NEW-C_aircraft-02,procurement_required
P135_26_4,G3,A_batteries,G3-A_batteries-01,T009,1317.470977312685,3525.3399936387705,,,NEW-A_batteries-02,procurement_required
P135_26_4,G3,C_batteries,G3-C_batteries-01,T010_2,0.0,2880.8082760764496,,,NEW-C_batteries-03,procurement_required
P135_2_46,G1,A_aircraft,G1-A_aircraft-01,T002_1,0.0,1652.4416357195464,T002_2,395.6737375830976,U01,existing
P135_2_46,G1,A_aircraft,G1-A_aircraft-01,T002_2,2048.115373302644,3650.7081092828166,T023,1900.8314477478425,U01,existing
P135_2_46,G1,A_aircraft,G1-A_aircraft-01,T023,5551.539557030659,7187.297661699124,,,U01,existing
P135_2_46,G1,A_aircraft,G1-A_aircraft-02,T005,0.0,1312.470877312685,T017,735.6444959899591,U02,existing
P135_2_46,G1,A_aircraft,G1-A_aircraft-02,T017,2048.115373302644,4391.962448014616,T016,168.25763269711388,U02,existing
P135_2_46,G1,A_aircraft,G1-A_aircraft-02,T016,4560.22008071173,6255.978185380194,T019_1,5.000099999998383,U02,existing
P135_2_46,G1,A_aircraft,G1-A_aircraft-02,T019_1,6260.978285380193,7896.736390048657,,,U02,existing
P135_2_46,G1,A_aircraft,G1-A_aircraft-03,T011,2058.1153733026445,4188.754462062227,T020,531.465618649504,U03,existing
P135_2_46,G1,A_aircraft,G1-A_aircraft-03,T020,4720.220080711731,6690.4299276885495,,,U03,existing
P135_2_46,G1,B_aircraft,G1-B_aircraft-01,T014_1,4.16673174186144e-07,1519.0243448285282,T008,465.0910284741158,U05,existing
P135_2_46,G1,B_aircraft,G1-B_aircraft-01,T008,1984.115373302644,3828.6542634582115,T007,767.5658172535191,U05,existing
P135_2_46,G1,B_aircraft,G1-B_aircraft-01,T007,4596.220080711731,6939.352187396264,,,U05,existing
P135_2_46,G1,C_aircraft,G1-C_aircraft-01,T010_1,0.0,1823.224406150507,T015,252.89096715213736,U07,existing
P135_2_46,G1,C_aircraft,G1-C_aircraft-01,T015,2076.1153733026445,3744.0155776451697,T018,733.2045030665608,U07,existing
P135_2_46,G1,C_aircraft,G1-C_aircraft-01,T018,4477.220080711731,6913.029601569379,,,U07,existing
P135_2_46,G1,C_aircraft,G1-C_aircraft-02,T003,1438.035182877992,2867.4613603954576,T001,18.347015680992172,U08,existing
P135_2_46,G1,C_aircraft,G1-C_aircraft-02,T001,2885.80837607645,4447.234553593915,,,U08,existing
P135_2_46,G1,A_batteries,G1-A_batteries-01,T002_1,0.0,2667.5322461730734,T016,1892.6878345386563,A01,existing
P135_2_46,G1,A_batteries,G1-A_batteries-01,T016,4560.22008071173,7391.954497536396,,,A01,existing
P135_2_46,G1,A_batteries,G1-A_batteries-02,T005,0.0,2178.7887122874713,T020,2541.4313684242593,A02,existing
P135_2_46,G1,A_batteries,G1-A_batteries-02,T020,4720.220080711731,7930.430578375625,,,A02,existing
P135_2_46,G1,A_batteries,G1-A_batteries-03,T002_2,2048.115373302644,4715.175270999501,T023,836.3642860311584,A03,existing
P135_2_46,G1,A_batteries,G1-A_batteries-03,T023,5551.539557030659,8292.236282374923,,,A03,existing
P135_2_46,G1,A_batteries,G1-A_batteries-04,T017,2048.115373302644,5755.52643126419,,,A04,existing
P135_2_46,G1,A_batteries,G1-A_batteries-05,T011,2058.1153733026445,5546.53945703066,T019_1,714.4388283495327,A05,existing
P135_2_46,G1,A_batteries,G1-A_batteries-05,T019_1,6260.978285380193,8981.354683688944,,,A05,existing
P135_2_46,G1,B_batteries,G1-B_batteries-01,T014_1,4.16673174186144e-07,2956.2905629638744,T007,1639.9295177478562,B01,existing
P135_2_46,G1,B_batteries,G1-B_batteries-01,T007,4596.220080711731,8817.149572633247,,,B01,existing
P135_2_46,G1,B_batteries,G1-B_batteries-02,T008,1984.115373302644,5417.316226537593,,,B02,existing
P135_2_46,G1,C_batteries,G1-C_batteries-01,T010_1,0.0,3563.4170832737245,T018,913.8029974380061,C01,existing
P135_2_46,G1,C_batteries,G1-C_batteries-01,T018,4477.220080711731,9411.383881543894,,,C01,existing
P135_2_46,G1,C_batteries,G1-C_batteries-02,T003,1438.035182877992,4385.641813543676,,,C02,existing
P135_2_46,G1,C_batteries,G1-C_batteries-03,T015,2076.1153733026445,5451.076587273992,,,C03,existing
P135_2_46,G1,C_batteries,G1-C_batteries-04,T001,2885.80837607645,6035.901229839401,,,C04,existing
P135_2_46,G1,relay_aircraft,G1-relay_aircraft-01,R001,113.13731944608116,2129.2976388563347,R004,5.000100000000202,R01,existing
P135_2_46,G1,relay_aircraft,G1-relay_aircraft-01,R004,2134.297738856335,4789.357299741141,R002,5.000099999998383,R01,existing
P135_2_46,G1,relay_aircraft,G1-relay_aircraft-01,R002,4794.3573997411395,8150.275924236526,,,R01,existing
P135_2_46,G1,relay_components,G1-relay_components-01,R001,113.13731944608116,2500.002637752911,R002,2294.3547619882283,RE01,existing
P135_2_46,G1,relay_components,G1-relay_components-01,R002,4794.3573997411395,8687.28771421572,,,RE01,existing
P135_2_46,G1,relay_components,G1-relay_components-02,R004,2134.297738856335,5243.065183552219,,,RE02,existing
P135_2_46,G2,A_aircraft,G2-A_aircraft-01,T014_2,2638.4852917296735,4762.444692702658,T022,5.000099999999293,U04,existing
P135_2_46,G2,A_aircraft,G2-A_aircraft-01,T022,4767.444792702658,6458.979278941607,,,U04,existing
P135_2_46,G2,B_aircraft,G2-B_aircraft-01,T004,1194.630385736439,3227.943287050344,T013,5.000100000000202,U06,existing
P135_2_46,G2,B_aircraft,G2-B_aircraft-01,T013,3232.9433870503444,5190.984658537339,T021,5.000100000000202,U06,existing
P135_2_46,G2,B_aircraft,G2-B_aircraft-01,T021,5195.984758537339,7094.0260300243335,,,U06,existing
P135_2_46,G2,C_aircraft,G2-C_aircraft-01,T019_2,4452.234653593916,6691.4187185617575,T012,5.000099999999293,NEW-C_aircraft-01,procurement_required
P135_2_46,G2,C_aircraft,G2-C_aircraft-01,T012,6696.418818561757,8811.50045984021,,,NEW-C_aircraft-01,procurement_required
P135_2_46,G2,A_batteries,G2-A_batteries-01,T014_2,2638.4852917296735,6105.968766534681,,,A06,existing
P135_2_46,G2,A_batteries,G2-A_batteries-02,T022,4767.444792702658,7634.473785621062,,,NEW-A_batteries-01,procurement_required
P135_2_46,G2,B_batteries,G2-B_batteries-01,T004,1194.630385736439,4994.129999948263,T021,201.85475858907648,B03,existing
P135_2_46,G2,B_batteries,G2-B_batteries-01,T021,5195.984758537339,8961.208181941944,,,B03,existing
P135_2_46,G2,B_batteries,G2-B_batteries-02,T013,3232.9433870503444,7150.230286022929,,,B04,existing
P135_2_46,G2,C_batteries,G2-C_batteries-01,T019_2,4452.234653593916,9160.096499981806,,,NEW-C_batteries-01,procurement_required
P135_2_46,G2,C_batteries,G2-C_batteries-02,T012,6696.418818561757,11304.166177291878,,,NEW-C_batteries-02,procurement_required
P135_2_46,G2,relay_aircraft,G2-relay_aircraft-01,R003,1094.8164843575157,9390.324849711596,,,R02,existing
P135_2_46,G2,relay_components,G2-relay_components-01,R003,1094.8164843575157,10551.813344790942,,,RE03,existing
P135_2_46,G3,A_aircraft,G3-A_aircraft-01,T009,1317.470977312685,2633.4851917296737,,,NEW-A_aircraft-01,procurement_required
P135_2_46,G3,B_aircraft,G3-B_aircraft-01,T006,0.0,1189.630285736439,,,NEW-B_aircraft-01,procurement_required
P135_2_46,G3,C_aircraft,G3-C_aircraft-01,T010_2,0.0,1433.035082877992,,,NEW-C_aircraft-02,procurement_required
P135_2_46,G3,A_batteries,G3-A_batteries-01,T009,1317.470977312685,3525.3399936387705,,,NEW-A_batteries-02,procurement_required
P135_2_46,G3,B_batteries,G3-B_batteries-01,T006,0.0,2323.07116269932,,,NEW-B_batteries-01,procurement_required
P135_2_46,G3,C_batteries,G3-C_batteries-01,T010_2,0.0,2880.8082760764496,,,NEW-C_batteries-03,procurement_required
P136_25_4,G1,A_aircraft,G1-A_aircraft-01,T002_1,0.0,1652.4416357195464,T016,2907.7784449921833,U01,existing
P136_25_4,G1,A_aircraft,G1-A_aircraft-01,T016,4560.22008071173,6255.978185380194,T019_1,5.000099999998383,U01,existing
P136_25_4,G1,A_aircraft,G1-A_aircraft-01,T019_1,6260.978285380193,7896.736390048657,,,U01,existing
P136_25_4,G1,A_aircraft,G1-A_aircraft-02,T005,0.0,1312.470877312685,T020,3407.7492033990457,U02,existing
P136_25_4,G1,A_aircraft,G1-A_aircraft-02,T020,4720.220080711731,6690.4299276885495,,,U02,existing
P136_25_4,G1,A_aircraft,G1-A_aircraft-03,T023,5551.539557030659,7187.297661699124,,,U03,existing
P136_25_4,G1,B_aircraft,G1-B_aircraft-01,T006,0.0,1189.630285736439,T007,3406.5897949752916,U05,existing
P136_25_4,G1,B_aircraft,G1-B_aircraft-01,T007,4596.220080711731,6939.352187396264,,,U05,existing
P136_25_4,G1,B_aircraft,G1-B_aircraft-02,T014_1,4.16673174186144e-07,1519.0243448285282,,,U06,existing
P136_25_4,G1,C_aircraft,G1-C_aircraft-01,T010_1,0.0,1823.224406150507,T001,1062.5839699259427,U07,existing
P136_25_4,G1,C_aircraft,G1-C_aircraft-01,T001,2885.80837607645,4447.234553593915,,,U07,existing
P136_25_4,G1,C_aircraft,G1-C_aircraft-02,T003,1438.035182877992,2867.4613603954576,T018,1609.758720316273,U08,existing
P136_25_4,G1,C_aircraft,G1-C_aircraft-02,T018,4477.220080711731,6913.029601569379,,,U08,existing
P136_25_4,G1,A_batteries,G1-A_batteries-01,T002_1,0.0,2667.5322461730734,T019_1,3593.446039207119,A01,existing
P136_25_4,G1,A_batteries,G1-A_batteries-01,T019_1,6260.978285380193,8981.354683688944,,,A01,existing
P136_25_4,G1,A_batteries,G1-A_batteries-02,T005,0.0,2178.7887122874713,T023,3372.750844743188,A02,existing
P136_25_4,G1,A_batteries,G1-A_batteries-02,T023,5551.539557030659,8292.236282374923,,,A02,existing
P136_25_4,G1,A_batteries,G1-A_batteries-03,T016,4560.22008071173,7391.954497536396,,,A03,existing
P136_25_4,G1,A_batteries,G1-A_batteries-04,T020,4720.220080711731,7930.430578375625,,,A04,existing
P136_25_4,G1,B_batteries,G1-B_batteries-01,T006,0.0,2323.07116269932,T007,2273.1489180124104,B01,existing
P136_25_4,G1,B_batteries,G1-B_batteries-01,T007,4596.220080711731,8817.149572633247,,,B01,existing
P136_25_4,G1,B_batteries,G1-B_batteries-02,T014_1,4.16673174186144e-07,2956.2905629638744,,,B02,existing
P136_25_4,G1,C_batteries,G1-C_batteries-01,T010_1,0.0,3563.4170832737245,T018,913.8029974380061,C01,existing
P136_25_4,G1,C_batteries,G1-C_batteries-01,T018,4477.220080711731,9411.383881543894,,,C01,existing
P136_25_4,G1,C_batteries,G1-C_batteries-02,T003,1438.035182877992,4385.641813543676,,,C02,existing
P136_25_4,G1,C_batteries,G1-C_batteries-03,T001,2885.80837607645,6035.901229839401,,,C03,existing
P136_25_4,G1,relay_aircraft,G1-relay_aircraft-01,R001,113.13731944608116,2129.2976388563347,R002,2665.0597608848047,R01,existing
P136_25_4,G1,relay_aircraft,G1-relay_aircraft-01,R002,4794.3573997411395,8150.275924236526,,,R01,existing
P136_25_4,G1,relay_components,G1-relay_components-01,R001,113.13731944608116,2500.002637752911,R002,2294.3547619882283,RE01,existing
P136_25_4,G1,relay_components,G1-relay_components-01,R002,4794.3573997411395,8687.28771421572,,,RE01,existing
P136_25_4,G2,A_aircraft,G2-A_aircraft-01,T002_2,2048.115373302644,3650.7081092828166,T022,1116.736683419841,U04,existing
P136_25_4,G2,A_aircraft,G2-A_aircraft-01,T022,4767.444792702658,6458.979278941607,,,U04,existing
P136_25_4,G2,A_aircraft,G2-A_aircraft-02,T017,2048.115373302644,4391.962448014616,,,NEW-A_aircraft-01,procurement_required
P136_25_4,G2,A_aircraft,G2-A_aircraft-03,T011,2058.1153733026445,4188.754462062227,,,NEW-A_aircraft-02,procurement_required
P136_25_4,G2,A_aircraft,G2-A_aircraft-04,T014_2,2638.4852917296735,4762.444692702658,,,NEW-A_aircraft-03,procurement_required
P136_25_4,G2,B_aircraft,G2-B_aircraft-01,T004,1194.630385736439,3227.943287050344,T013,5.000100000000202,NEW-B_aircraft-01,procurement_required
P136_25_4,G2,B_aircraft,G2-B_aircraft-01,T013,3232.9433870503444,5190.984658537339,,,NEW-B_aircraft-01,procurement_required
P136_25_4,G2,B_aircraft,G2-B_aircraft-02,T008,1984.115373302644,3828.6542634582115,T021,1367.3304950791276,NEW-B_aircraft-02,procurement_required
P136_25_4,G2,B_aircraft,G2-B_aircraft-02,T021,5195.984758537339,7094.0260300243335,,,NEW-B_aircraft-02,procurement_required
P136_25_4,G2,C_aircraft,G2-C_aircraft-01,T015,2076.1153733026445,3744.0155776451697,T019_2,708.2190759487462,NEW-C_aircraft-01,procurement_required
P136_25_4,G2,C_aircraft,G2-C_aircraft-01,T019_2,4452.234653593916,6691.4187185617575,T012,5.000099999999293,NEW-C_aircraft-01,procurement_required
P136_25_4,G2,C_aircraft,G2-C_aircraft-01,T012,6696.418818561757,8811.50045984021,,,NEW-C_aircraft-01,procurement_required
P136_25_4,G2,A_batteries,G2-A_batteries-01,T002_2,2048.115373302644,4715.175270999501,T022,52.2695217031569,A05,existing
P136_25_4,G2,A_batteries,G2-A_batteries-01,T022,4767.444792702658,7634.473785621062,,,A05,existing
P136_25_4,G2,A_batteries,G2-A_batteries-02,T017,2048.115373302644,5755.52643126419,,,A06,existing
P136_25_4,G2,A_batteries,G2-A_batteries-03,T011,2058.1153733026445,5546.53945703066,,,NEW-A_batteries-01,procurement_required
P136_25_4,G2,A_batteries,G2-A_batteries-04,T014_2,2638.4852917296735,6105.968766534681,,,NEW-A_batteries-02,procurement_required
P136_25_4,G2,B_batteries,G2-B_batteries-01,T004,1194.630385736439,4994.129999948263,T021,201.85475858907648,B03,existing
P136_25_4,G2,B_batteries,G2-B_batteries-01,T021,5195.984758537339,8961.208181941944,,,B03,existing
P136_25_4,G2,B_batteries,G2-B_batteries-02,T008,1984.115373302644,5417.316226537593,,,B04,existing
P136_25_4,G2,B_batteries,G2-B_batteries-03,T013,3232.9433870503444,7150.230286022929,,,NEW-B_batteries-01,procurement_required
P136_25_4,G2,C_batteries,G2-C_batteries-01,T015,2076.1153733026445,5451.076587273992,T012,1245.3422312877647,C04,existing
P136_25_4,G2,C_batteries,G2-C_batteries-01,T012,6696.418818561757,11304.166177291878,,,C04,existing
P136_25_4,G2,C_batteries,G2-C_batteries-02,T019_2,4452.234653593916,9160.096499981806,,,NEW-C_batteries-01,procurement_required
P136_25_4,G2,relay_aircraft,G2-relay_aircraft-01,R003,1094.8164843575157,9390.324849711596,,,R02,existing
P136_25_4,G2,relay_aircraft,G2-relay_aircraft-02,R004,2134.297738856335,4789.357299741141,,,NEW-relay_aircraft-01,procurement_required
P136_25_4,G2,relay_components,G2-relay_components-01,R003,1094.8164843575157,10551.813344790942,,,RE02,existing
P136_25_4,G2,relay_components,G2-relay_components-02,R004,2134.297738856335,5243.065183552219,,,RE03,existing
P136_25_4,G3,A_aircraft,G3-A_aircraft-01,T009,1317.470977312685,2633.4851917296737,,,NEW-A_aircraft-04,procurement_required
P136_25_4,G3,C_aircraft,G3-C_aircraft-01,T010_2,0.0,1433.035082877992,,,NEW-C_aircraft-02,procurement_required
P136_25_4,G3,A_batteries,G3-A_batteries-01,T009,1317.470977312685,3525.3399936387705,,,NEW-A_batteries-03,procurement_required
P136_25_4,G3,C_batteries,G3-C_batteries-01,T010_2,0.0,2880.8082760764496,,,NEW-C_batteries-02,procurement_required
P13_256_4,G1,A_aircraft,G1-A_aircraft-01,T002_1,0.0,1652.4416357195464,T016,2907.7784449921833,U01,existing
P13_256_4,G1,A_aircraft,G1-A_aircraft-01,T016,4560.22008071173,6255.978185380194,T019_1,5.000099999998383,U01,existing
P13_256_4,G1,A_aircraft,G1-A_aircraft-01,T019_1,6260.978285380193,7896.736390048657,,,U01,existing
P13_256_4,G1,A_aircraft,G1-A_aircraft-02,T005,0.0,1312.470877312685,T020,3407.7492033990457,U02,existing
P13_256_4,G1,A_aircraft,G1-A_aircraft-02,T020,4720.220080711731,6690.4299276885495,,,U02,existing
P13_256_4,G1,A_aircraft,G1-A_aircraft-03,T023,5551.539557030659,7187.297661699124,,,U03,existing
P13_256_4,G1,B_aircraft,G1-B_aircraft-01,T014_1,4.16673174186144e-07,1519.0243448285282,T007,3077.1957358832024,U05,existing
P13_256_4,G1,B_aircraft,G1-B_aircraft-01,T007,4596.220080711731,6939.352187396264,,,U05,existing
P13_256_4,G1,C_aircraft,G1-C_aircraft-01,T010_1,0.0,1823.224406150507,T001,1062.5839699259427,U07,existing
P13_256_4,G1,C_aircraft,G1-C_aircraft-01,T001,2885.80837607645,4447.234553593915,,,U07,existing
P13_256_4,G1,C_aircraft,G1-C_aircraft-02,T003,1438.035182877992,2867.4613603954576,T018,1609.758720316273,U08,existing
P13_256_4,G1,C_aircraft,G1-C_aircraft-02,T018,4477.220080711731,6913.029601569379,,,U08,existing
P13_256_4,G1,A_batteries,G1-A_batteries-01,T002_1,0.0,2667.5322461730734,T019_1,3593.446039207119,A01,existing
P13_256_4,G1,A_batteries,G1-A_batteries-01,T019_1,6260.978285380193,8981.354683688944,,,A01,existing
P13_256_4,G1,A_batteries,G1-A_batteries-02,T005,0.0,2178.7887122874713,T023,3372.750844743188,A02,existing
P13_256_4,G1,A_batteries,G1-A_batteries-02,T023,5551.539557030659,8292.236282374923,,,A02,existing
P13_256_4,G1,A_batteries,G1-A_batteries-03,T016,4560.22008071173,7391.954497536396,,,A03,existing
P13_256_4,G1,A_batteries,G1-A_batteries-04,T020,4720.220080711731,7930.430578375625,,,A04,existing
P13_256_4,G1,B_batteries,G1-B_batteries-01,T014_1,4.16673174186144e-07,2956.2905629638744,T007,1639.9295177478562,B01,existing
P13_256_4,G1,B_batteries,G1-B_batteries-01,T007,4596.220080711731,8817.149572633247,,,B01,existing
P13_256_4,G1,C_batteries,G1-C_batteries-01,T010_1,0.0,3563.4170832737245,T018,913.8029974380061,C01,existing
P13_256_4,G1,C_batteries,G1-C_batteries-01,T018,4477.220080711731,9411.383881543894,,,C01,existing
P13_256_4,G1,C_batteries,G1-C_batteries-02,T003,1438.035182877992,4385.641813543676,,,C02,existing
P13_256_4,G1,C_batteries,G1-C_batteries-03,T001,2885.80837607645,6035.901229839401,,,C03,existing
P13_256_4,G1,relay_aircraft,G1-relay_aircraft-01,R001,113.13731944608116,2129.2976388563347,R002,2665.0597608848047,R01,existing
P13_256_4,G1,relay_aircraft,G1-relay_aircraft-01,R002,4794.3573997411395,8150.275924236526,,,R01,existing
P13_256_4,G1,relay_components,G1-relay_components-01,R001,113.13731944608116,2500.002637752911,R002,2294.3547619882283,RE01,existing
P13_256_4,G1,relay_components,G1-relay_components-01,R002,4794.3573997411395,8687.28771421572,,,RE01,existing
P13_256_4,G2,A_aircraft,G2-A_aircraft-01,T002_2,2048.115373302644,3650.7081092828166,T022,1116.736683419841,U04,existing
P13_256_4,G2,A_aircraft,G2-A_aircraft-01,T022,4767.444792702658,6458.979278941607,,,U04,existing
P13_256_4,G2,A_aircraft,G2-A_aircraft-02,T017,2048.115373302644,4391.962448014616,,,NEW-A_aircraft-01,procurement_required
P13_256_4,G2,A_aircraft,G2-A_aircraft-03,T011,2058.1153733026445,4188.754462062227,,,NEW-A_aircraft-02,procurement_required
P13_256_4,G2,A_aircraft,G2-A_aircraft-04,T014_2,2638.4852917296735,4762.444692702658,,,NEW-A_aircraft-03,procurement_required
P13_256_4,G2,B_aircraft,G2-B_aircraft-01,T006,0.0,1189.630285736439,T008,794.485087566205,U06,existing
P13_256_4,G2,B_aircraft,G2-B_aircraft-01,T008,1984.115373302644,3828.6542634582115,T021,1367.3304950791276,U06,existing
P13_256_4,G2,B_aircraft,G2-B_aircraft-01,T021,5195.984758537339,7094.0260300243335,,,U06,existing
P13_256_4,G2,B_aircraft,G2-B_aircraft-02,T004,1194.630385736439,3227.943287050344,T013,5.000100000000202,NEW-B_aircraft-01,procurement_required
P13_256_4,G2,B_aircraft,G2-B_aircraft-02,T013,3232.9433870503444,5190.984658537339,,,NEW-B_aircraft-01,procurement_required
P13_256_4,G2,C_aircraft,G2-C_aircraft-01,T015,2076.1153733026445,3744.0155776451697,T019_2,708.2190759487462,NEW-C_aircraft-01,procurement_required
P13_256_4,G2,C_aircraft,G2-C_aircraft-01,T019_2,4452.234653593916,6691.4187185617575,T012,5.000099999999293,NEW-C_aircraft-01,procurement_required
P13_256_4,G2,C_aircraft,G2-C_aircraft-01,T012,6696.418818561757,8811.50045984021,,,NEW-C_aircraft-01,procurement_required
P13_256_4,G2,A_batteries,G2-A_batteries-01,T002_2,2048.115373302644,4715.175270999501,T022,52.2695217031569,A05,existing
P13_256_4,G2,A_batteries,G2-A_batteries-01,T022,4767.444792702658,7634.473785621062,,,A05,existing
P13_256_4,G2,A_batteries,G2-A_batteries-02,T017,2048.115373302644,5755.52643126419,,,A06,existing
P13_256_4,G2,A_batteries,G2-A_batteries-03,T011,2058.1153733026445,5546.53945703066,,,NEW-A_batteries-01,procurement_required
P13_256_4,G2,A_batteries,G2-A_batteries-04,T014_2,2638.4852917296735,6105.968766534681,,,NEW-A_batteries-02,procurement_required
P13_256_4,G2,B_batteries,G2-B_batteries-01,T006,0.0,2323.07116269932,T013,909.8722243510242,B02,existing
P13_256_4,G2,B_batteries,G2-B_batteries-01,T013,3232.9433870503444,7150.230286022929,,,B02,existing
P13_256_4,G2,B_batteries,G2-B_batteries-02,T004,1194.630385736439,4994.129999948263,T021,201.85475858907648,B03,existing
P13_256_4,G2,B_batteries,G2-B_batteries-02,T021,5195.984758537339,8961.208181941944,,,B03,existing
P13_256_4,G2,B_batteries,G2-B_batteries-03,T008,1984.115373302644,5417.316226537593,,,B04,existing
P13_256_4,G2,C_batteries,G2-C_batteries-01,T015,2076.1153733026445,5451.076587273992,T012,1245.3422312877647,C04,existing
P13_256_4,G2,C_batteries,G2-C_batteries-01,T012,6696.418818561757,11304.166177291878,,,C04,existing
P13_256_4,G2,C_batteries,G2-C_batteries-02,T019_2,4452.234653593916,9160.096499981806,,,NEW-C_batteries-01,procurement_required
P13_256_4,G2,relay_aircraft,G2-relay_aircraft-01,R003,1094.8164843575157,9390.324849711596,,,R02,existing
P13_256_4,G2,relay_aircraft,G2-relay_aircraft-02,R004,2134.297738856335,4789.357299741141,,,NEW-relay_aircraft-01,procurement_required
P13_256_4,G2,relay_components,G2-relay_components-01,R003,1094.8164843575157,10551.813344790942,,,RE02,existing
P13_256_4,G2,relay_components,G2-relay_components-02,R004,2134.297738856335,5243.065183552219,,,RE03,existing
P13_256_4,G3,A_aircraft,G3-A_aircraft-01,T009,1317.470977312685,2633.4851917296737,,,NEW-A_aircraft-04,procurement_required
P13_256_4,G3,C_aircraft,G3-C_aircraft-01,T010_2,0.0,1433.035082877992,,,NEW-C_aircraft-02,procurement_required
P13_256_4,G3,A_batteries,G3-A_batteries-01,T009,1317.470977312685,3525.3399936387705,,,NEW-A_batteries-03,procurement_required
P13_256_4,G3,C_batteries,G3-C_batteries-01,T010_2,0.0,2880.8082760764496,,,NEW-C_batteries-02,procurement_required
P13_25_46,G1,A_aircraft,G1-A_aircraft-01,T002_1,0.0,1652.4416357195464,T016,2907.7784449921833,U01,existing
P13_25_46,G1,A_aircraft,G1-A_aircraft-01,T016,4560.22008071173,6255.978185380194,T019_1,5.000099999998383,U01,existing
P13_25_46,G1,A_aircraft,G1-A_aircraft-01,T019_1,6260.978285380193,7896.736390048657,,,U01,existing
P13_25_46,G1,A_aircraft,G1-A_aircraft-02,T005,0.0,1312.470877312685,T020,3407.7492033990457,U02,existing
P13_25_46,G1,A_aircraft,G1-A_aircraft-02,T020,4720.220080711731,6690.4299276885495,,,U02,existing
P13_25_46,G1,A_aircraft,G1-A_aircraft-03,T023,5551.539557030659,7187.297661699124,,,U03,existing
P13_25_46,G1,B_aircraft,G1-B_aircraft-01,T014_1,4.16673174186144e-07,1519.0243448285282,T007,3077.1957358832024,U05,existing
P13_25_46,G1,B_aircraft,G1-B_aircraft-01,T007,4596.220080711731,6939.352187396264,,,U05,existing
P13_25_46,G1,C_aircraft,G1-C_aircraft-01,T010_1,0.0,1823.224406150507,T001,1062.5839699259427,U07,existing
P13_25_46,G1,C_aircraft,G1-C_aircraft-01,T001,2885.80837607645,4447.234553593915,,,U07,existing
P13_25_46,G1,C_aircraft,G1-C_aircraft-02,T003,1438.035182877992,2867.4613603954576,T018,1609.758720316273,U08,existing
P13_25_46,G1,C_aircraft,G1-C_aircraft-02,T018,4477.220080711731,6913.029601569379,,,U08,existing
P13_25_46,G1,A_batteries,G1-A_batteries-01,T002_1,0.0,2667.5322461730734,T019_1,3593.446039207119,A01,existing
P13_25_46,G1,A_batteries,G1-A_batteries-01,T019_1,6260.978285380193,8981.354683688944,,,A01,existing
P13_25_46,G1,A_batteries,G1-A_batteries-02,T005,0.0,2178.7887122874713,T023,3372.750844743188,A02,existing
P13_25_46,G1,A_batteries,G1-A_batteries-02,T023,5551.539557030659,8292.236282374923,,,A02,existing
P13_25_46,G1,A_batteries,G1-A_batteries-03,T016,4560.22008071173,7391.954497536396,,,A03,existing
P13_25_46,G1,A_batteries,G1-A_batteries-04,T020,4720.220080711731,7930.430578375625,,,A04,existing
P13_25_46,G1,B_batteries,G1-B_batteries-01,T014_1,4.16673174186144e-07,2956.2905629638744,T007,1639.9295177478562,B01,existing
P13_25_46,G1,B_batteries,G1-B_batteries-01,T007,4596.220080711731,8817.149572633247,,,B01,existing
P13_25_46,G1,C_batteries,G1-C_batteries-01,T010_1,0.0,3563.4170832737245,T018,913.8029974380061,C01,existing
P13_25_46,G1,C_batteries,G1-C_batteries-01,T018,4477.220080711731,9411.383881543894,,,C01,existing
P13_25_46,G1,C_batteries,G1-C_batteries-02,T003,1438.035182877992,4385.641813543676,,,C02,existing
P13_25_46,G1,C_batteries,G1-C_batteries-03,T001,2885.80837607645,6035.901229839401,,,C03,existing
P13_25_46,G1,relay_aircraft,G1-relay_aircraft-01,R001,113.13731944608116,2129.2976388563347,R002,2665.0597608848047,R01,existing
P13_25_46,G1,relay_aircraft,G1-relay_aircraft-01,R002,4794.3573997411395,8150.275924236526,,,R01,existing
P13_25_46,G1,relay_components,G1-relay_components-01,R001,113.13731944608116,2500.002637752911,R002,2294.3547619882283,RE01,existing
P13_25_46,G1,relay_components,G1-relay_components-01,R002,4794.3573997411395,8687.28771421572,,,RE01,existing
P13_25_46,G2,A_aircraft,G2-A_aircraft-01,T002_2,2048.115373302644,3650.7081092828166,T022,1116.736683419841,U04,existing
P13_25_46,G2,A_aircraft,G2-A_aircraft-01,T022,4767.444792702658,6458.979278941607,,,U04,existing
P13_25_46,G2,A_aircraft,G2-A_aircraft-02,T017,2048.115373302644,4391.962448014616,,,NEW-A_aircraft-01,procurement_required
P13_25_46,G2,A_aircraft,G2-A_aircraft-03,T011,2058.1153733026445,4188.754462062227,,,NEW-A_aircraft-02,procurement_required
P13_25_46,G2,A_aircraft,G2-A_aircraft-04,T014_2,2638.4852917296735,4762.444692702658,,,NEW-A_aircraft-03,procurement_required
P13_25_46,G2,B_aircraft,G2-B_aircraft-01,T004,1194.630385736439,3227.943287050344,T013,5.000100000000202,U06,existing
P13_25_46,G2,B_aircraft,G2-B_aircraft-01,T013,3232.9433870503444,5190.984658537339,,,U06,existing
P13_25_46,G2,B_aircraft,G2-B_aircraft-02,T008,1984.115373302644,3828.6542634582115,T021,1367.3304950791276,NEW-B_aircraft-01,procurement_required
P13_25_46,G2,B_aircraft,G2-B_aircraft-02,T021,5195.984758537339,7094.0260300243335,,,NEW-B_aircraft-01,procurement_required
P13_25_46,G2,C_aircraft,G2-C_aircraft-01,T015,2076.1153733026445,3744.0155776451697,T019_2,708.2190759487462,NEW-C_aircraft-01,procurement_required
P13_25_46,G2,C_aircraft,G2-C_aircraft-01,T019_2,4452.234653593916,6691.4187185617575,T012,5.000099999999293,NEW-C_aircraft-01,procurement_required
P13_25_46,G2,C_aircraft,G2-C_aircraft-01,T012,6696.418818561757,8811.50045984021,,,NEW-C_aircraft-01,procurement_required
P13_25_46,G2,A_batteries,G2-A_batteries-01,T002_2,2048.115373302644,4715.175270999501,T022,52.2695217031569,A05,existing
P13_25_46,G2,A_batteries,G2-A_batteries-01,T022,4767.444792702658,7634.473785621062,,,A05,existing
P13_25_46,G2,A_batteries,G2-A_batteries-02,T017,2048.115373302644,5755.52643126419,,,A06,existing
P13_25_46,G2,A_batteries,G2-A_batteries-03,T011,2058.1153733026445,5546.53945703066,,,NEW-A_batteries-01,procurement_required
P13_25_46,G2,A_batteries,G2-A_batteries-04,T014_2,2638.4852917296735,6105.968766534681,,,NEW-A_batteries-02,procurement_required
P13_25_46,G2,B_batteries,G2-B_batteries-01,T004,1194.630385736439,4994.129999948263,T021,201.85475858907648,B02,existing
P13_25_46,G2,B_batteries,G2-B_batteries-01,T021,5195.984758537339,8961.208181941944,,,B02,existing
P13_25_46,G2,B_batteries,G2-B_batteries-02,T008,1984.115373302644,5417.316226537593,,,B03,existing
P13_25_46,G2,B_batteries,G2-B_batteries-03,T013,3232.9433870503444,7150.230286022929,,,B04,existing
P13_25_46,G2,C_batteries,G2-C_batteries-01,T015,2076.1153733026445,5451.076587273992,T012,1245.3422312877647,C04,existing
P13_25_46,G2,C_batteries,G2-C_batteries-01,T012,6696.418818561757,11304.166177291878,,,C04,existing
P13_25_46,G2,C_batteries,G2-C_batteries-02,T019_2,4452.234653593916,9160.096499981806,,,NEW-C_batteries-01,procurement_required
P13_25_46,G2,relay_aircraft,G2-relay_aircraft-01,R003,1094.8164843575157,9390.324849711596,,,R02,existing
P13_25_46,G2,relay_aircraft,G2-relay_aircraft-02,R004,2134.297738856335,4789.357299741141,,,NEW-relay_aircraft-01,procurement_required
P13_25_46,G2,relay_components,G2-relay_components-01,R003,1094.8164843575157,10551.813344790942,,,RE02,existing
P13_25_46,G2,relay_components,G2-relay_components-02,R004,2134.297738856335,5243.065183552219,,,RE03,existing
P13_25_46,G3,A_aircraft,G3-A_aircraft-01,T009,1317.470977312685,2633.4851917296737,,,NEW-A_aircraft-04,procurement_required
P13_25_46,G3,B_aircraft,G3-B_aircraft-01,T006,0.0,1189.630285736439,,,NEW-B_aircraft-02,procurement_required
P13_25_46,G3,C_aircraft,G3-C_aircraft-01,T010_2,0.0,1433.035082877992,,,NEW-C_aircraft-02,procurement_required
P13_25_46,G3,A_batteries,G3-A_batteries-01,T009,1317.470977312685,3525.3399936387705,,,NEW-A_batteries-03,procurement_required
P13_25_46,G3,B_batteries,G3-B_batteries-01,T006,0.0,2323.07116269932,,,NEW-B_batteries-01,procurement_required
P13_25_46,G3,C_batteries,G3-C_batteries-01,T010_2,0.0,2880.8082760764496,,,NEW-C_batteries-02,procurement_required
P136_2_45,G1,A_aircraft,G1-A_aircraft-01,T002_1,0.0,1652.4416357195464,T016,2907.7784449921833,U01,existing
P136_2_45,G1,A_aircraft,G1-A_aircraft-01,T016,4560.22008071173,6255.978185380194,T019_1,5.000099999998383,U01,existing
P136_2_45,G1,A_aircraft,G1-A_aircraft-01,T019_1,6260.978285380193,7896.736390048657,,,U01,existing
P136_2_45,G1,A_aircraft,G1-A_aircraft-02,T005,0.0,1312.470877312685,T020,3407.7492033990457,U02,existing
P136_2_45,G1,A_aircraft,G1-A_aircraft-02,T020,4720.220080711731,6690.4299276885495,,,U02,existing
P136_2_45,G1,A_aircraft,G1-A_aircraft-03,T023,5551.539557030659,7187.297661699124,,,U03,existing
P136_2_45,G1,B_aircraft,G1-B_aircraft-01,T006,0.0,1189.630285736439,T007,3406.5897949752916,U05,existing
P136_2_45,G1,B_aircraft,G1-B_aircraft-01,T007,4596.220080711731,6939.352187396264,,,U05,existing
P136_2_45,G1,B_aircraft,G1-B_aircraft-02,T014_1,4.16673174186144e-07,1519.0243448285282,,,U06,existing
P136_2_45,G1,C_aircraft,G1-C_aircraft-01,T010_1,0.0,1823.224406150507,T001,1062.5839699259427,U07,existing
P136_2_45,G1,C_aircraft,G1-C_aircraft-01,T001,2885.80837607645,4447.234553593915,,,U07,existing
P136_2_45,G1,C_aircraft,G1-C_aircraft-02,T003,1438.035182877992,2867.4613603954576,T018,1609.758720316273,U08,existing
P136_2_45,G1,C_aircraft,G1-C_aircraft-02,T018,4477.220080711731,6913.029601569379,,,U08,existing
P136_2_45,G1,A_batteries,G1-A_batteries-01,T002_1,0.0,2667.5322461730734,T019_1,3593.446039207119,A01,existing
P136_2_45,G1,A_batteries,G1-A_batteries-01,T019_1,6260.978285380193,8981.354683688944,,,A01,existing
P136_2_45,G1,A_batteries,G1-A_batteries-02,T005,0.0,2178.7887122874713,T023,3372.750844743188,A02,existing
P136_2_45,G1,A_batteries,G1-A_batteries-02,T023,5551.539557030659,8292.236282374923,,,A02,existing
P136_2_45,G1,A_batteries,G1-A_batteries-03,T016,4560.22008071173,7391.954497536396,,,A03,existing
P136_2_45,G1,A_batteries,G1-A_batteries-04,T020,4720.220080711731,7930.430578375625,,,A04,existing
P136_2_45,G1,B_batteries,G1-B_batteries-01,T006,0.0,2323.07116269932,T007,2273.1489180124104,B01,existing
P136_2_45,G1,B_batteries,G1-B_batteries-01,T007,4596.220080711731,8817.149572633247,,,B01,existing
P136_2_45,G1,B_batteries,G1-B_batteries-02,T014_1,4.16673174186144e-07,2956.2905629638744,,,B02,existing
P136_2_45,G1,C_batteries,G1-C_batteries-01,T010_1,0.0,3563.4170832737245,T018,913.8029974380061,C01,existing
P136_2_45,G1,C_batteries,G1-C_batteries-01,T018,4477.220080711731,9411.383881543894,,,C01,existing
P136_2_45,G1,C_batteries,G1-C_batteries-02,T003,1438.035182877992,4385.641813543676,,,C02,existing
P136_2_45,G1,C_batteries,G1-C_batteries-03,T001,2885.80837607645,6035.901229839401,,,C03,existing
P136_2_45,G1,relay_aircraft,G1-relay_aircraft-01,R001,113.13731944608116,2129.2976388563347,R002,2665.0597608848047,R01,existing
P136_2_45,G1,relay_aircraft,G1-relay_aircraft-01,R002,4794.3573997411395,8150.275924236526,,,R01,existing
P136_2_45,G1,relay_components,G1-relay_components-01,R001,113.13731944608116,2500.002637752911,R002,2294.3547619882283,RE01,existing
P136_2_45,G1,relay_components,G1-relay_components-01,R002,4794.3573997411395,8687.28771421572,,,RE01,existing
P136_2_45,G2,A_aircraft,G2-A_aircraft-01,T014_2,2638.4852917296735,4762.444692702658,T022,5.000099999999293,U04,existing
P136_2_45,G2,A_aircraft,G2-A_aircraft-01,T022,4767.444792702658,6458.979278941607,,,U04,existing
P136_2_45,G2,B_aircraft,G2-B_aircraft-01,T004,1194.630385736439,3227.943287050344,T013,5.000100000000202,NEW-B_aircraft-01,procurement_required
P136_2_45,G2,B_aircraft,G2-B_aircraft-01,T013,3232.9433870503444,5190.984658537339,T021,5.000100000000202,NEW-B_aircraft-01,procurement_required
P136_2_45,G2,B_aircraft,G2-B_aircraft-01,T021,5195.984758537339,7094.0260300243335,,,NEW-B_aircraft-01,procurement_required
P136_2_45,G2,C_aircraft,G2-C_aircraft-01,T019_2,4452.234653593916,6691.4187185617575,T012,5.000099999999293,NEW-C_aircraft-01,procurement_required
P136_2_45,G2,C_aircraft,G2-C_aircraft-01,T012,6696.418818561757,8811.50045984021,,,NEW-C_aircraft-01,procurement_required
P136_2_45,G2,A_batteries,G2-A_batteries-01,T014_2,2638.4852917296735,6105.968766534681,,,A05,existing
P136_2_45,G2,A_batteries,G2-A_batteries-02,T022,4767.444792702658,7634.473785621062,,,A06,existing
P136_2_45,G2,B_batteries,G2-B_batteries-01,T004,1194.630385736439,4994.129999948263,T021,201.85475858907648,B03,existing
P136_2_45,G2,B_batteries,G2-B_batteries-01,T021,5195.984758537339,8961.208181941944,,,B03,existing
P136_2_45,G2,B_batteries,G2-B_batteries-02,T013,3232.9433870503444,7150.230286022929,,,B04,existing
P136_2_45,G2,C_batteries,G2-C_batteries-01,T019_2,4452.234653593916,9160.096499981806,,,C04,existing
P136_2_45,G2,C_batteries,G2-C_batteries-02,T012,6696.418818561757,11304.166177291878,,,NEW-C_batteries-01,procurement_required
P136_2_45,G2,relay_aircraft,G2-relay_aircraft-01,R003,1094.8164843575157,9390.324849711596,,,R02,existing
P136_2_45,G2,relay_components,G2-relay_components-01,R003,1094.8164843575157,10551.813344790942,,,RE02,existing
P136_2_45,G3,A_aircraft,G3-A_aircraft-01,T009,1317.470977312685,2633.4851917296737,,,NEW-A_aircraft-01,procurement_required
P136_2_45,G3,A_aircraft,G3-A_aircraft-02,T002_2,2048.115373302644,3650.7081092828166,,,NEW-A_aircraft-02,procurement_required
P136_2_45,G3,A_aircraft,G3-A_aircraft-03,T017,2048.115373302644,4391.962448014616,,,NEW-A_aircraft-03,procurement_required
P136_2_45,G3,A_aircraft,G3-A_aircraft-04,T011,2058.1153733026445,4188.754462062227,,,NEW-A_aircraft-04,procurement_required
P136_2_45,G3,B_aircraft,G3-B_aircraft-01,T008,1984.115373302644,3828.6542634582115,,,NEW-B_aircraft-02,procurement_required
P136_2_45,G3,C_aircraft,G3-C_aircraft-01,T010_2,0.0,1433.035082877992,T015,643.0802904246525,NEW-C_aircraft-02,procurement_required
P136_2_45,G3,C_aircraft,G3-C_aircraft-01,T015,2076.1153733026445,3744.0155776451697,,,NEW-C_aircraft-02,procurement_required
P136_2_45,G3,A_batteries,G3-A_batteries-01,T009,1317.470977312685,3525.3399936387705,,,NEW-A_batteries-01,procurement_required
P136_2_45,G3,A_batteries,G3-A_batteries-02,T002_2,2048.115373302644,4715.175270999501,,,NEW-A_batteries-02,procurement_required
P136_2_45,G3,A_batteries,G3-A_batteries-03,T017,2048.115373302644,5755.52643126419,,,NEW-A_batteries-03,procurement_required
P136_2_45,G3,A_batteries,G3-A_batteries-04,T011,2058.1153733026445,5546.53945703066,,,NEW-A_batteries-04,procurement_required
P136_2_45,G3,B_batteries,G3-B_batteries-01,T008,1984.115373302644,5417.316226537593,,,NEW-B_batteries-01,procurement_required
P136_2_45,G3,C_batteries,G3-C_batteries-01,T010_2,0.0,2880.8082760764496,,,NEW-C_batteries-02,procurement_required
P136_2_45,G3,C_batteries,G3-C_batteries-02,T015,2076.1153733026445,5451.076587273992,,,NEW-C_batteries-03,procurement_required
P136_2_45,G3,relay_aircraft,G3-relay_aircraft-01,R004,2134.297738856335,4789.357299741141,,,NEW-relay_aircraft-01,procurement_required
P136_2_45,G3,relay_components,G3-relay_components-01,R004,2134.297738856335,5243.065183552219,,,RE03,existing
P13_26_45,G1,A_aircraft,G1-A_aircraft-01,T002_1,0.0,1652.4416357195464,T016,2907.7784449921833,U01,existing
P13_26_45,G1,A_aircraft,G1-A_aircraft-01,T016,4560.22008071173,6255.978185380194,T019_1,5.000099999998383,U01,existing
P13_26_45,G1,A_aircraft,G1-A_aircraft-01,T019_1,6260.978285380193,7896.736390048657,,,U01,existing
P13_26_45,G1,A_aircraft,G1-A_aircraft-02,T005,0.0,1312.470877312685,T020,3407.7492033990457,U02,existing
P13_26_45,G1,A_aircraft,G1-A_aircraft-02,T020,4720.220080711731,6690.4299276885495,,,U02,existing
P13_26_45,G1,A_aircraft,G1-A_aircraft-03,T023,5551.539557030659,7187.297661699124,,,U03,existing
P13_26_45,G1,B_aircraft,G1-B_aircraft-01,T014_1,4.16673174186144e-07,1519.0243448285282,T007,3077.1957358832024,U05,existing
P13_26_45,G1,B_aircraft,G1-B_aircraft-01,T007,4596.220080711731,6939.352187396264,,,U05,existing
P13_26_45,G1,C_aircraft,G1-C_aircraft-01,T010_1,0.0,1823.224406150507,T001,1062.5839699259427,U07,existing
P13_26_45,G1,C_aircraft,G1-C_aircraft-01,T001,2885.80837607645,4447.234553593915,,,U07,existing
P13_26_45,G1,C_aircraft,G1-C_aircraft-02,T003,1438.035182877992,2867.4613603954576,T018,1609.758720316273,U08,existing
P13_26_45,G1,C_aircraft,G1-C_aircraft-02,T018,4477.220080711731,6913.029601569379,,,U08,existing
P13_26_45,G1,A_batteries,G1-A_batteries-01,T002_1,0.0,2667.5322461730734,T019_1,3593.446039207119,A01,existing
P13_26_45,G1,A_batteries,G1-A_batteries-01,T019_1,6260.978285380193,8981.354683688944,,,A01,existing
P13_26_45,G1,A_batteries,G1-A_batteries-02,T005,0.0,2178.7887122874713,T023,3372.750844743188,A02,existing
P13_26_45,G1,A_batteries,G1-A_batteries-02,T023,5551.539557030659,8292.236282374923,,,A02,existing
P13_26_45,G1,A_batteries,G1-A_batteries-03,T016,4560.22008071173,7391.954497536396,,,A03,existing
P13_26_45,G1,A_batteries,G1-A_batteries-04,T020,4720.220080711731,7930.430578375625,,,A04,existing
P13_26_45,G1,B_batteries,G1-B_batteries-01,T014_1,4.16673174186144e-07,2956.2905629638744,T007,1639.9295177478562,B01,existing
P13_26_45,G1,B_batteries,G1-B_batteries-01,T007,4596.220080711731,8817.149572633247,,,B01,existing
P13_26_45,G1,C_batteries,G1-C_batteries-01,T010_1,0.0,3563.4170832737245,T018,913.8029974380061,C01,existing
P13_26_45,G1,C_batteries,G1-C_batteries-01,T018,4477.220080711731,9411.383881543894,,,C01,existing
P13_26_45,G1,C_batteries,G1-C_batteries-02,T003,1438.035182877992,4385.641813543676,,,C02,existing
P13_26_45,G1,C_batteries,G1-C_batteries-03,T001,2885.80837607645,6035.901229839401,,,C03,existing
P13_26_45,G1,relay_aircraft,G1-relay_aircraft-01,R001,113.13731944608116,2129.2976388563347,R002,2665.0597608848047,R01,existing
P13_26_45,G1,relay_aircraft,G1-relay_aircraft-01,R002,4794.3573997411395,8150.275924236526,,,R01,existing
P13_26_45,G1,relay_components,G1-relay_components-01,R001,113.13731944608116,2500.002637752911,R002,2294.3547619882283,RE01,existing
P13_26_45,G1,relay_components,G1-relay_components-01,R002,4794.3573997411395,8687.28771421572,,,RE01,existing
P13_26_45,G2,A_aircraft,G2-A_aircraft-01,T014_2,2638.4852917296735,4762.444692702658,T022,5.000099999999293,U04,existing
P13_26_45,G2,A_aircraft,G2-A_aircraft-01,T022,4767.444792702658,6458.979278941607,,,U04,existing
P13_26_45,G2,B_aircraft,G2-B_aircraft-01,T006,0.0,1189.630285736439,T004,5.000099999999975,U06,existing
P13_26_45,G2,B_aircraft,G2-B_aircraft-01,T004,1194.630385736439,3227.943287050344,T013,5.000100000000202,U06,existing
P13_26_45,G2,B_aircraft,G2-B_aircraft-01,T013,3232.9433870503444,5190.984658537339,T021,5.000100000000202,U06,existing
P13_26_45,G2,B_aircraft,G2-B_aircraft-01,T021,5195.984758537339,7094.0260300243335,,,U06,existing
P13_26_45,G2,C_aircraft,G2-C_aircraft-01,T019_2,4452.234653593916,6691.4187185617575,T012,5.000099999999293,NEW-C_aircraft-01,procurement_required
P13_26_45,G2,C_aircraft,G2-C_aircraft-01,T012,6696.418818561757,8811.50045984021,,,NEW-C_aircraft-01,procurement_required
P13_26_45,G2,A_batteries,G2-A_batteries-01,T014_2,2638.4852917296735,6105.968766534681,,,A05,existing
P13_26_45,G2,A_batteries,G2-A_batteries-02,T022,4767.444792702658,7634.473785621062,,,A06,existing
P13_26_45,G2,B_batteries,G2-B_batteries-01,T006,0.0,2323.07116269932,T013,909.8722243510242,B02,existing
P13_26_45,G2,B_batteries,G2-B_batteries-01,T013,3232.9433870503444,7150.230286022929,,,B02,existing
P13_26_45,G2,B_batteries,G2-B_batteries-02,T004,1194.630385736439,4994.129999948263,T021,201.85475858907648,B03,existing
P13_26_45,G2,B_batteries,G2-B_batteries-02,T021,5195.984758537339,8961.208181941944,,,B03,existing
P13_26_45,G2,C_batteries,G2-C_batteries-01,T019_2,4452.234653593916,9160.096499981806,,,C04,existing
P13_26_45,G2,C_batteries,G2-C_batteries-02,T012,6696.418818561757,11304.166177291878,,,NEW-C_batteries-01,procurement_required
P13_26_45,G2,relay_aircraft,G2-relay_aircraft-01,R003,1094.8164843575157,9390.324849711596,,,R02,existing
P13_26_45,G2,relay_components,G2-relay_components-01,R003,1094.8164843575157,10551.813344790942,,,RE02,existing
P13_26_45,G3,A_aircraft,G3-A_aircraft-01,T009,1317.470977312685,2633.4851917296737,,,NEW-A_aircraft-01,procurement_required
P13_26_45,G3,A_aircraft,G3-A_aircraft-02,T002_2,2048.115373302644,3650.7081092828166,,,NEW-A_aircraft-02,procurement_required
P13_26_45,G3,A_aircraft,G3-A_aircraft-03,T017,2048.115373302644,4391.962448014616,,,NEW-A_aircraft-03,procurement_required
P13_26_45,G3,A_aircraft,G3-A_aircraft-04,T011,2058.1153733026445,4188.754462062227,,,NEW-A_aircraft-04,procurement_required
P13_26_45,G3,B_aircraft,G3-B_aircraft-01,T008,1984.115373302644,3828.6542634582115,,,NEW-B_aircraft-01,procurement_required
P13_26_45,G3,C_aircraft,G3-C_aircraft-01,T010_2,0.0,1433.035082877992,T015,643.0802904246525,NEW-C_aircraft-02,procurement_required
P13_26_45,G3,C_aircraft,G3-C_aircraft-01,T015,2076.1153733026445,3744.0155776451697,,,NEW-C_aircraft-02,procurement_required
P13_26_45,G3,A_batteries,G3-A_batteries-01,T009,1317.470977312685,3525.3399936387705,,,NEW-A_batteries-01,procurement_required
P13_26_45,G3,A_batteries,G3-A_batteries-02,T002_2,2048.115373302644,4715.175270999501,,,NEW-A_batteries-02,procurement_required
P13_26_45,G3,A_batteries,G3-A_batteries-03,T017,2048.115373302644,5755.52643126419,,,NEW-A_batteries-03,procurement_required
P13_26_45,G3,A_batteries,G3-A_batteries-04,T011,2058.1153733026445,5546.53945703066,,,NEW-A_batteries-04,procurement_required
P13_26_45,G3,B_batteries,G3-B_batteries-01,T008,1984.115373302644,5417.316226537593,,,B04,existing
P13_26_45,G3,C_batteries,G3-C_batteries-01,T010_2,0.0,2880.8082760764496,,,NEW-C_batteries-02,procurement_required
P13_26_45,G3,C_batteries,G3-C_batteries-02,T015,2076.1153733026445,5451.076587273992,,,NEW-C_batteries-03,procurement_required
P13_26_45,G3,relay_aircraft,G3-relay_aircraft-01,R004,2134.297738856335,4789.357299741141,,,NEW-relay_aircraft-01,procurement_required
P13_26_45,G3,relay_components,G3-relay_components-01,R004,2134.297738856335,5243.065183552219,,,RE03,existing
P13_2_456,G1,A_aircraft,G1-A_aircraft-01,T002_1,0.0,1652.4416357195464,T016,2907.7784449921833,U01,existing
P13_2_456,G1,A_aircraft,G1-A_aircraft-01,T016,4560.22008071173,6255.978185380194,T019_1,5.000099999998383,U01,existing
P13_2_456,G1,A_aircraft,G1-A_aircraft-01,T019_1,6260.978285380193,7896.736390048657,,,U01,existing
P13_2_456,G1,A_aircraft,G1-A_aircraft-02,T005,0.0,1312.470877312685,T020,3407.7492033990457,U02,existing
P13_2_456,G1,A_aircraft,G1-A_aircraft-02,T020,4720.220080711731,6690.4299276885495,,,U02,existing
P13_2_456,G1,A_aircraft,G1-A_aircraft-03,T023,5551.539557030659,7187.297661699124,,,U03,existing
P13_2_456,G1,B_aircraft,G1-B_aircraft-01,T014_1,4.16673174186144e-07,1519.0243448285282,T007,3077.1957358832024,U05,existing
P13_2_456,G1,B_aircraft,G1-B_aircraft-01,T007,4596.220080711731,6939.352187396264,,,U05,existing
P13_2_456,G1,C_aircraft,G1-C_aircraft-01,T010_1,0.0,1823.224406150507,T001,1062.5839699259427,U07,existing
P13_2_456,G1,C_aircraft,G1-C_aircraft-01,T001,2885.80837607645,4447.234553593915,,,U07,existing
P13_2_456,G1,C_aircraft,G1-C_aircraft-02,T003,1438.035182877992,2867.4613603954576,T018,1609.758720316273,U08,existing
P13_2_456,G1,C_aircraft,G1-C_aircraft-02,T018,4477.220080711731,6913.029601569379,,,U08,existing
P13_2_456,G1,A_batteries,G1-A_batteries-01,T002_1,0.0,2667.5322461730734,T019_1,3593.446039207119,A01,existing
P13_2_456,G1,A_batteries,G1-A_batteries-01,T019_1,6260.978285380193,8981.354683688944,,,A01,existing
P13_2_456,G1,A_batteries,G1-A_batteries-02,T005,0.0,2178.7887122874713,T023,3372.750844743188,A02,existing
P13_2_456,G1,A_batteries,G1-A_batteries-02,T023,5551.539557030659,8292.236282374923,,,A02,existing
P13_2_456,G1,A_batteries,G1-A_batteries-03,T016,4560.22008071173,7391.954497536396,,,A03,existing
P13_2_456,G1,A_batteries,G1-A_batteries-04,T020,4720.220080711731,7930.430578375625,,,A04,existing
P13_2_456,G1,B_batteries,G1-B_batteries-01,T014_1,4.16673174186144e-07,2956.2905629638744,T007,1639.9295177478562,B01,existing
P13_2_456,G1,B_batteries,G1-B_batteries-01,T007,4596.220080711731,8817.149572633247,,,B01,existing
P13_2_456,G1,C_batteries,G1-C_batteries-01,T010_1,0.0,3563.4170832737245,T018,913.8029974380061,C01,existing
P13_2_456,G1,C_batteries,G1-C_batteries-01,T018,4477.220080711731,9411.383881543894,,,C01,existing
P13_2_456,G1,C_batteries,G1-C_batteries-02,T003,1438.035182877992,4385.641813543676,,,C02,existing
P13_2_456,G1,C_batteries,G1-C_batteries-03,T001,2885.80837607645,6035.901229839401,,,C03,existing
P13_2_456,G1,relay_aircraft,G1-relay_aircraft-01,R001,113.13731944608116,2129.2976388563347,R002,2665.0597608848047,R01,existing
P13_2_456,G1,relay_aircraft,G1-relay_aircraft-01,R002,4794.3573997411395,8150.275924236526,,,R01,existing
P13_2_456,G1,relay_components,G1-relay_components-01,R001,113.13731944608116,2500.002637752911,R002,2294.3547619882283,RE01,existing
P13_2_456,G1,relay_components,G1-relay_components-01,R002,4794.3573997411395,8687.28771421572,,,RE01,existing
P13_2_456,G2,A_aircraft,G2-A_aircraft-01,T014_2,2638.4852917296735,4762.444692702658,T022,5.000099999999293,U04,existing
P13_2_456,G2,A_aircraft,G2-A_aircraft-01,T022,4767.444792702658,6458.979278941607,,,U04,existing
P13_2_456,G2,B_aircraft,G2-B_aircraft-01,T004,1194.630385736439,3227.943287050344,T013,5.000100000000202,U06,existing
P13_2_456,G2,B_aircraft,G2-B_aircraft-01,T013,3232.9433870503444,5190.984658537339,T021,5.000100000000202,U06,existing
P13_2_456,G2,B_aircraft,G2-B_aircraft-01,T021,5195.984758537339,7094.0260300243335,,,U06,existing
P13_2_456,G2,C_aircraft,G2-C_aircraft-01,T019_2,4452.234653593916,6691.4187185617575,T012,5.000099999999293,NEW-C_aircraft-01,procurement_required
P13_2_456,G2,C_aircraft,G2-C_aircraft-01,T012,6696.418818561757,8811.50045984021,,,NEW-C_aircraft-01,procurement_required
P13_2_456,G2,A_batteries,G2-A_batteries-01,T014_2,2638.4852917296735,6105.968766534681,,,A05,existing
P13_2_456,G2,A_batteries,G2-A_batteries-02,T022,4767.444792702658,7634.473785621062,,,A06,existing
P13_2_456,G2,B_batteries,G2-B_batteries-01,T004,1194.630385736439,4994.129999948263,T021,201.85475858907648,B02,existing
P13_2_456,G2,B_batteries,G2-B_batteries-01,T021,5195.984758537339,8961.208181941944,,,B02,existing
P13_2_456,G2,B_batteries,G2-B_batteries-02,T013,3232.9433870503444,7150.230286022929,,,B03,existing
P13_2_456,G2,C_batteries,G2-C_batteries-01,T019_2,4452.234653593916,9160.096499981806,,,C04,existing
P13_2_456,G2,C_batteries,G2-C_batteries-02,T012,6696.418818561757,11304.166177291878,,,NEW-C_batteries-01,procurement_required
P13_2_456,G2,relay_aircraft,G2-relay_aircraft-01,R003,1094.8164843575157,9390.324849711596,,,R02,existing
P13_2_456,G2,relay_components,G2-relay_components-01,R003,1094.8164843575157,10551.813344790942,,,RE02,existing
P13_2_456,G3,A_aircraft,G3-A_aircraft-01,T009,1317.470977312685,2633.4851917296737,,,NEW-A_aircraft-01,procurement_required
P13_2_456,G3,A_aircraft,G3-A_aircraft-02,T002_2,2048.115373302644,3650.7081092828166,,,NEW-A_aircraft-02,procurement_required
P13_2_456,G3,A_aircraft,G3-A_aircraft-03,T017,2048.115373302644,4391.962448014616,,,NEW-A_aircraft-03,procurement_required
P13_2_456,G3,A_aircraft,G3-A_aircraft-04,T011,2058.1153733026445,4188.754462062227,,,NEW-A_aircraft-04,procurement_required
P13_2_456,G3,B_aircraft,G3-B_aircraft-01,T006,0.0,1189.630285736439,T008,794.485087566205,NEW-B_aircraft-01,procurement_required
P13_2_456,G3,B_aircraft,G3-B_aircraft-01,T008,1984.115373302644,3828.6542634582115,,,NEW-B_aircraft-01,procurement_required
P13_2_456,G3,C_aircraft,G3-C_aircraft-01,T010_2,0.0,1433.035082877992,T015,643.0802904246525,NEW-C_aircraft-02,procurement_required
P13_2_456,G3,C_aircraft,G3-C_aircraft-01,T015,2076.1153733026445,3744.0155776451697,,,NEW-C_aircraft-02,procurement_required
P13_2_456,G3,A_batteries,G3-A_batteries-01,T009,1317.470977312685,3525.3399936387705,,,NEW-A_batteries-01,procurement_required
P13_2_456,G3,A_batteries,G3-A_batteries-02,T002_2,2048.115373302644,4715.175270999501,,,NEW-A_batteries-02,procurement_required
P13_2_456,G3,A_batteries,G3-A_batteries-03,T017,2048.115373302644,5755.52643126419,,,NEW-A_batteries-03,procurement_required
P13_2_456,G3,A_batteries,G3-A_batteries-04,T011,2058.1153733026445,5546.53945703066,,,NEW-A_batteries-04,procurement_required
P13_2_456,G3,B_batteries,G3-B_batteries-01,T006,0.0,2323.07116269932,,,B04,existing
P13_2_456,G3,B_batteries,G3-B_batteries-02,T008,1984.115373302644,5417.316226537593,,,NEW-B_batteries-01,procurement_required
P13_2_456,G3,C_batteries,G3-C_batteries-01,T010_2,0.0,2880.8082760764496,,,NEW-C_batteries-02,procurement_required
P13_2_456,G3,C_batteries,G3-C_batteries-02,T015,2076.1153733026445,5451.076587273992,,,NEW-C_batteries-03,procurement_required
P13_2_456,G3,relay_aircraft,G3-relay_aircraft-01,R004,2134.297738856335,4789.357299741141,,,NEW-relay_aircraft-01,procurement_required
P13_2_456,G3,relay_components,G3-relay_components-01,R004,2134.297738856335,5243.065183552219,,,RE03,existing
P145_23_6,G1,A_aircraft,G1-A_aircraft-01,T005,0.0,1312.470877312685,T011,745.6444959899595,U01,existing
P145_23_6,G1,A_aircraft,G1-A_aircraft-01,T011,2058.1153733026445,4188.754462062227,,,U01,existing
P145_23_6,G1,A_aircraft,G1-A_aircraft-02,T009,1317.470977312685,2633.4851917296737,,,U02,existing
P145_23_6,G1,A_aircraft,G1-A_aircraft-03,T002_2,2048.115373302644,3650.7081092828166,,,U03,existing
P145_23_6,G1,A_aircraft,G1-A_aircraft-04,T017,2048.115373302644,4391.962448014616,,,U04,existing
P145_23_6,G1,B_aircraft,G1-B_aircraft-01,T008,1984.115373302644,3828.6542634582115,,,U05,existing
P145_23_6,G1,C_aircraft,G1-C_aircraft-01,T010_2,0.0,1433.035082877992,T015,643.0802904246525,U07,existing
P145_23_6,G1,C_aircraft,G1-C_aircraft-01,T015,2076.1153733026445,3744.0155776451697,,,U07,existing
P145_23_6,G1,C_aircraft,G1-C_aircraft-02,T003,1438.035182877992,2867.4613603954576,T001,18.347015680992172,U08,existing
P145_23_6,G1,C_aircraft,G1-C_aircraft-02,T001,2885.80837607645,4447.234553593915,,,U08,existing
P145_23_6,G1,A_batteries,G1-A_batteries-01,T005,0.0,2178.7887122874713,,,A01,existing
P145_23_6,G1,A_batteries,G1-A_batteries-02,T009,1317.470977312685,3525.3399936387705,,,A02,existing
P145_23_6,G1,A_batteries,G1-A_batteries-03,T002_2,2048.115373302644,4715.175270999501,,,A03,existing
P145_23_6,G1,A_batteries,G1-A_batteries-04,T017,2048.115373302644,5755.52643126419,,,A04,existing
P145_23_6,G1,A_batteries,G1-A_batteries-05,T011,2058.1153733026445,5546.53945703066,,,A05,existing
P145_23_6,G1,B_batteries,G1-B_batteries-01,T008,1984.115373302644,5417.316226537593,,,B01,existing
P145_23_6,G1,C_batteries,G1-C_batteries-01,T010_2,0.0,2880.8082760764496,T001,5.000100000000202,C01,existing
P145_23_6,G1,C_batteries,G1-C_batteries-01,T001,2885.80837607645,6035.901229839401,,,C01,existing
P145_23_6,G1,C_batteries,G1-C_batteries-02,T003,1438.035182877992,4385.641813543676,,,C02,existing
P145_23_6,G1,C_batteries,G1-C_batteries-03,T015,2076.1153733026445,5451.076587273992,,,C03,existing
P145_23_6,G1,relay_aircraft,G1-relay_aircraft-01,R004,2134.297738856335,4789.357299741141,,,R01,existing
P145_23_6,G1,relay_components,G1-relay_components-01,R004,2134.297738856335,5243.065183552219,,,RE01,existing
P145_23_6,G2,A_aircraft,G2-A_aircraft-01,T002_1,0.0,1652.4416357195464,T014_2,986.043656010127,NEW-A_aircraft-01,procurement_required
P145_23_6,G2,A_aircraft,G2-A_aircraft-01,T014_2,2638.4852917296735,4762.444692702658,T022,5.000099999999293,NEW-A_aircraft-01,procurement_required
P145_23_6,G2,A_aircraft,G2-A_aircraft-01,T022,4767.444792702658,6458.979278941607,,,NEW-A_aircraft-01,procurement_required
P145_23_6,G2,A_aircraft,G2-A_aircraft-02,T016,4560.22008071173,6255.978185380194,T019_1,5.000099999998383,NEW-A_aircraft-02,procurement_required
P145_23_6,G2,A_aircraft,G2-A_aircraft-02,T019_1,6260.978285380193,7896.736390048657,,,NEW-A_aircraft-02,procurement_required
P145_23_6,G2,A_aircraft,G2-A_aircraft-03,T020,4720.220080711731,6690.4299276885495,,,NEW-A_aircraft-03,procurement_required
P145_23_6,G2,A_aircraft,G2-A_aircraft-04,T023,5551.539557030659,7187.297661699124,,,NEW-A_aircraft-04,procurement_required
P145_23_6,G2,B_aircraft,G2-B_aircraft-01,T014_1,4.16673174186144e-07,1519.0243448285282,T007,3077.1957358832024,U06,existing
P145_23_6,G2,B_aircraft,G2-B_aircraft-01,T007,4596.220080711731,6939.352187396264,,,U06,existing
P145_23_6,G2,B_aircraft,G2-B_aircraft-02,T004,1194.630385736439,3227.943287050344,T013,5.000100000000202,NEW-B_aircraft-01,procurement_required
P145_23_6,G2,B_aircraft,G2-B_aircraft-02,T013,3232.9433870503444,5190.984658537339,T021,5.000100000000202,NEW-B_aircraft-01,procurement_required
P145_23_6,G2,B_aircraft,G2-B_aircraft-02,T021,5195.984758537339,7094.0260300243335,,,NEW-B_aircraft-01,procurement_required
P145_23_6,G2,C_aircraft,G2-C_aircraft-01,T010_1,0.0,1823.224406150507,T019_2,2629.010247443409,NEW-C_aircraft-01,procurement_required
P145_23_6,G2,C_aircraft,G2-C_aircraft-01,T019_2,4452.234653593916,6691.4187185617575,T012,5.000099999999293,NEW-C_aircraft-01,procurement_required
P145_23_6,G2,C_aircraft,G2-C_aircraft-01,T012,6696.418818561757,8811.50045984021,,,NEW-C_aircraft-01,procurement_required
P145_23_6,G2,C_aircraft,G2-C_aircraft-02,T018,4477.220080711731,6913.029601569379,,,NEW-C_aircraft-02,procurement_required
P145_23_6,G2,A_batteries,G2-A_batteries-01,T002_1,0.0,2667.5322461730734,T016,1892.6878345386563,A06,existing
P145_23_6,G2,A_batteries,G2-A_batteries-01,T016,4560.22008071173,7391.954497536396,,,A06,existing
P145_23_6,G2,A_batteries,G2-A_batteries-02,T014_2,2638.4852917296735,6105.968766534681,T019_1,155.0095188455116,NEW-A_batteries-01,procurement_required
P145_23_6,G2,A_batteries,G2-A_batteries-02,T019_1,6260.978285380193,8981.354683688944,,,NEW-A_batteries-01,procurement_required
P145_23_6,G2,A_batteries,G2-A_batteries-03,T020,4720.220080711731,7930.430578375625,,,NEW-A_batteries-02,procurement_required
P145_23_6,G2,A_batteries,G2-A_batteries-04,T022,4767.444792702658,7634.473785621062,,,NEW-A_batteries-03,procurement_required
P145_23_6,G2,A_batteries,G2-A_batteries-05,T023,5551.539557030659,8292.236282374923,,,NEW-A_batteries-04,procurement_required
P145_23_6,G2,B_batteries,G2-B_batteries-01,T014_1,4.16673174186144e-07,2956.2905629638744,T013,276.65282408647,B02,existing
P145_23_6,G2,B_batteries,G2-B_batteries-01,T013,3232.9433870503444,7150.230286022929,,,B02,existing
P145_23_6,G2,B_batteries,G2-B_batteries-02,T004,1194.630385736439,4994.129999948263,T021,201.85475858907648,B03,existing
P145_23_6,G2,B_batteries,G2-B_batteries-02,T021,5195.984758537339,8961.208181941944,,,B03,existing
P145_23_6,G2,B_batteries,G2-B_batteries-03,T007,4596.220080711731,8817.149572633247,,,B04,existing
P145_23_6,G2,C_batteries,G2-C_batteries-01,T010_1,0.0,3563.4170832737245,T012,3133.0017352880323,C04,existing
P145_23_6,G2,C_batteries,G2-C_batteries-01,T012,6696.418818561757,11304.166177291878,,,C04,existing
P145_23_6,G2,C_batteries,G2-C_batteries-02,T019_2,4452.234653593916,9160.096499981806,,,NEW-C_batteries-01,procurement_required
P145_23_6,G2,C_batteries,G2-C_batteries-03,T018,4477.220080711731,9411.383881543894,,,NEW-C_batteries-02,procurement_required
P145_23_6,G2,relay_aircraft,G2-relay_aircraft-01,R001,113.13731944608116,2129.2976388563347,R002,2665.0597608848047,R02,existing
P145_23_6,G2,relay_aircraft,G2-relay_aircraft-01,R002,4794.3573997411395,8150.275924236526,,,R02,existing
P145_23_6,G2,relay_aircraft,G2-relay_aircraft-02,R003,1094.8164843575157,9390.324849711596,,,NEW-relay_aircraft-01,procurement_required
P145_23_6,G2,relay_components,G2-relay_components-01,R001,113.13731944608116,2500.002637752911,R002,2294.3547619882283,RE02,existing
P145_23_6,G2,relay_components,G2-relay_components-01,R002,4794.3573997411395,8687.28771421572,,,RE02,existing
P145_23_6,G2,relay_components,G2-relay_components-02,R003,1094.8164843575157,10551.813344790942,,,RE03,existing
P145_23_6,G3,B_aircraft,G3-B_aircraft-01,T006,0.0,1189.630285736439,,,NEW-B_aircraft-02,procurement_required
P145_23_6,G3,B_batteries,G3-B_batteries-01,T006,0.0,2323.07116269932,,,NEW-B_batteries-01,procurement_required
P14_235_6,G1,A_aircraft,G1-A_aircraft-01,T005,0.0,1312.470877312685,T009,5.000099999999975,U01,existing
P14_235_6,G1,A_aircraft,G1-A_aircraft-01,T009,1317.470977312685,2633.4851917296737,,,U01,existing
P14_235_6,G1,C_aircraft,G1-C_aircraft-01,T010_2,0.0,1433.035082877992,T003,5.000099999999975,U07,existing
P14_235_6,G1,C_aircraft,G1-C_aircraft-01,T003,1438.035182877992,2867.4613603954576,T001,18.347015680992172,U07,existing
P14_235_6,G1,C_aircraft,G1-C_aircraft-01,T001,2885.80837607645,4447.234553593915,,,U07,existing
P14_235_6,G1,A_batteries,G1-A_batteries-01,T005,0.0,2178.7887122874713,,,A01,existing
P14_235_6,G1,A_batteries,G1-A_batteries-02,T009,1317.470977312685,3525.3399936387705,,,A02,existing
P14_235_6,G1,C_batteries,G1-C_batteries-01,T010_2,0.0,2880.8082760764496,T001,5.000100000000202,C01,existing
P14_235_6,G1,C_batteries,G1-C_batteries-01,T001,2885.80837607645,6035.901229839401,,,C01,existing
P14_235_6,G1,C_batteries,G1-C_batteries-02,T003,1438.035182877992,4385.641813543676,,,C02,existing
P14_235_6,G2,A_aircraft,G2-A_aircraft-01,T002_1,0.0,1652.4416357195464,T002_2,395.6737375830976,U02,existing
P14_235_6,G2,A_aircraft,G2-A_aircraft-01,T002_2,2048.115373302644,3650.7081092828166,T016,909.5119714289131,U02,existing
P14_235_6,G2,A_aircraft,G2-A_aircraft-01,T016,4560.22008071173,6255.978185380194,T019_1,5.000099999998383,U02,existing
P14_235_6,G2,A_aircraft,G2-A_aircraft-01,T019_1,6260.978285380193,7896.736390048657,,,U02,existing
P14_235_6,G2,A_aircraft,G2-A_aircraft-02,T017,2048.115373302644,4391.962448014616,T020,328.2576326971148,U03,existing
P14_235_6,G2,A_aircraft,G2-A_aircraft-02,T020,4720.220080711731,6690.4299276885495,,,U03,existing
P14_235_6,G2,A_aircraft,G2-A_aircraft-03,T011,2058.1153733026445,4188.754462062227,T023,1362.7850949684325,U04,existing
P14_235_6,G2,A_aircraft,G2-A_aircraft-03,T023,5551.539557030659,7187.297661699124,,,U04,existing
P14_235_6,G2,A_aircraft,G2-A_aircraft-04,T014_2,2638.4852917296735,4762.444692702658,T022,5.000099999999293,NEW-A_aircraft-01,procurement_required
P14_235_6,G2,A_aircraft,G2-A_aircraft-04,T022,4767.444792702658,6458.979278941607,,,NEW-A_aircraft-01,procurement_required
P14_235_6,G2,B_aircraft,G2-B_aircraft-01,T014_1,4.16673174186144e-07,1519.0243448285282,T008,465.0910284741158,U05,existing
P14_235_6,G2,B_aircraft,G2-B_aircraft-01,T008,1984.115373302644,3828.6542634582115,T007,767.5658172535191,U05,existing
P14_235_6,G2,B_aircraft,G2-B_aircraft-01,T007,4596.220080711731,6939.352187396264,,,U05,existing
P14_235_6,G2,B_aircraft,G2-B_aircraft-02,T004,1194.630385736439,3227.943287050344,T013,5.000100000000202,U06,existing
P14_235_6,G2,B_aircraft,G2-B_aircraft-02,T013,3232.9433870503444,5190.984658537339,T021,5.000100000000202,U06,existing
P14_235_6,G2,B_aircraft,G2-B_aircraft-02,T021,5195.984758537339,7094.0260300243335,,,U06,existing
P14_235_6,G2,C_aircraft,G2-C_aircraft-01,T010_1,0.0,1823.224406150507,T015,252.89096715213736,U08,existing
P14_235_6,G2,C_aircraft,G2-C_aircraft-01,T015,2076.1153733026445,3744.0155776451697,T019_2,708.2190759487462,U08,existing
P14_235_6,G2,C_aircraft,G2-C_aircraft-01,T019_2,4452.234653593916,6691.4187185617575,T012,5.000099999999293,U08,existing
P14_235_6,G2,C_aircraft,G2-C_aircraft-01,T012,6696.418818561757,8811.50045984021,,,U08,existing
P14_235_6,G2,C_aircraft,G2-C_aircraft-02,T018,4477.220080711731,6913.029601569379,,,NEW-C_aircraft-01,procurement_required
P14_235_6,G2,A_batteries,G2-A_batteries-01,T002_1,0.0,2667.5322461730734,T016,1892.6878345386563,A03,existing
P14_235_6,G2,A_batteries,G2-A_batteries-01,T016,4560.22008071173,7391.954497536396,,,A03,existing
P14_235_6,G2,A_batteries,G2-A_batteries-02,T002_2,2048.115373302644,4715.175270999501,T020,5.044809712229835,A04,existing
P14_235_6,G2,A_batteries,G2-A_batteries-02,T020,4720.220080711731,7930.430578375625,,,A04,existing
P14_235_6,G2,A_batteries,G2-A_batteries-03,T017,2048.115373302644,5755.52643126419,T019_1,505.4518541160023,A05,existing
P14_235_6,G2,A_batteries,G2-A_batteries-03,T019_1,6260.978285380193,8981.354683688944,,,A05,existing
P14_235_6,G2,A_batteries,G2-A_batteries-04,T011,2058.1153733026445,5546.53945703066,T023,5.000099999999293,A06,existing
P14_235_6,G2,A_batteries,G2-A_batteries-04,T023,5551.539557030659,8292.236282374923,,,A06,existing
P14_235_6,G2,A_batteries,G2-A_batteries-05,T014_2,2638.4852917296735,6105.968766534681,,,NEW-A_batteries-01,procurement_required
P14_235_6,G2,A_batteries,G2-A_batteries-06,T022,4767.444792702658,7634.473785621062,,,NEW-A_batteries-02,procurement_required
P14_235_6,G2,B_batteries,G2-B_batteries-01,T014_1,4.16673174186144e-07,2956.2905629638744,T013,276.65282408647,B01,existing
P14_235_6,G2,B_batteries,G2-B_batteries-01,T013,3232.9433870503444,7150.230286022929,,,B01,existing
P14_235_6,G2,B_batteries,G2-B_batteries-02,T004,1194.630385736439,4994.129999948263,T021,201.85475858907648,B02,existing
P14_235_6,G2,B_batteries,G2-B_batteries-02,T021,5195.984758537339,8961.208181941944,,,B02,existing
P14_235_6,G2,B_batteries,G2-B_batteries-03,T008,1984.115373302644,5417.316226537593,,,B03,existing
P14_235_6,G2,B_batteries,G2-B_batteries-04,T007,4596.220080711731,8817.149572633247,,,B04,existing
P14_235_6,G2,C_batteries,G2-C_batteries-01,T010_1,0.0,3563.4170832737245,T018,913.8029974380061,C03,existing
P14_235_6,G2,C_batteries,G2-C_batteries-01,T018,4477.220080711731,9411.383881543894,,,C03,existing
P14_235_6,G2,C_batteries,G2-C_batteries-02,T015,2076.1153733026445,5451.076587273992,T012,1245.3422312877647,C04,existing
P14_235_6,G2,C_batteries,G2-C_batteries-02,T012,6696.418818561757,11304.166177291878,,,C04,existing
P14_235_6,G2,C_batteries,G2-C_batteries-03,T019_2,4452.234653593916,9160.096499981806,,,NEW-C_batteries-01,procurement_required
P14_235_6,G2,relay_aircraft,G2-relay_aircraft-01,R001,113.13731944608116,2129.2976388563347,R004,5.000100000000202,R01,existing
P14_235_6,G2,relay_aircraft,G2-relay_aircraft-01,R004,2134.297738856335,4789.357299741141,R002,5.000099999998383,R01,existing
P14_235_6,G2,relay_aircraft,G2-relay_aircraft-01,R002,4794.3573997411395,8150.275924236526,,,R01,existing
P14_235_6,G2,relay_aircraft,G2-relay_aircraft-02,R003,1094.8164843575157,9390.324849711596,,,R02,existing
P14_235_6,G2,relay_components,G2-relay_components-01,R001,113.13731944608116,2500.002637752911,R002,2294.3547619882283,RE01,existing
P14_235_6,G2,relay_components,G2-relay_components-01,R002,4794.3573997411395,8687.28771421572,,,RE01,existing
P14_235_6,G2,relay_components,G2-relay_components-02,R003,1094.8164843575157,10551.813344790942,,,RE02,existing
P14_235_6,G2,relay_components,G2-relay_components-03,R004,2134.297738856335,5243.065183552219,,,RE03,existing
P14_235_6,G3,B_aircraft,G3-B_aircraft-01,T006,0.0,1189.630285736439,,,NEW-B_aircraft-01,procurement_required
P14_235_6,G3,B_batteries,G3-B_batteries-01,T006,0.0,2323.07116269932,,,NEW-B_batteries-01,procurement_required
P146_23_5,G1,A_aircraft,G1-A_aircraft-01,T005,0.0,1312.470877312685,T009,5.000099999999975,U01,existing
P146_23_5,G1,A_aircraft,G1-A_aircraft-01,T009,1317.470977312685,2633.4851917296737,,,U01,existing
P146_23_5,G1,B_aircraft,G1-B_aircraft-01,T006,0.0,1189.630285736439,,,U05,existing
P146_23_5,G1,C_aircraft,G1-C_aircraft-01,T010_2,0.0,1433.035082877992,T003,5.000099999999975,U07,existing
P146_23_5,G1,C_aircraft,G1-C_aircraft-01,T003,1438.035182877992,2867.4613603954576,T001,18.347015680992172,U07,existing
P146_23_5,G1,C_aircraft,G1-C_aircraft-01,T001,2885.80837607645,4447.234553593915,,,U07,existing
P146_23_5,G1,A_batteries,G1-A_batteries-01,T005,0.0,2178.7887122874713,,,A01,existing
P146_23_5,G1,A_batteries,G1-A_batteries-02,T009,1317.470977312685,3525.3399936387705,,,A02,existing
P146_23_5,G1,B_batteries,G1-B_batteries-01,T006,0.0,2323.07116269932,,,B01,existing
P146_23_5,G1,C_batteries,G1-C_batteries-01,T010_2,0.0,2880.8082760764496,T001,5.000100000000202,C01,existing
P146_23_5,G1,C_batteries,G1-C_batteries-01,T001,2885.80837607645,6035.901229839401,,,C01,existing
P146_23_5,G1,C_batteries,G1-C_batteries-02,T003,1438.035182877992,4385.641813543676,,,C02,existing
P146_23_5,G2,A_aircraft,G2-A_aircraft-01,T002_1,0.0,1652.4416357195464,T014_2,986.043656010127,U02,existing
P146_23_5,G2,A_aircraft,G2-A_aircraft-01,T014_2,2638.4852917296735,4762.444692702658,T022,5.000099999999293,U02,existing
P146_23_5,G2,A_aircraft,G2-A_aircraft-01,T022,4767.444792702658,6458.979278941607,,,U02,existing
P146_23_5,G2,A_aircraft,G2-A_aircraft-02,T016,4560.22008071173,6255.978185380194,T019_1,5.000099999998383,U03,existing
P146_23_5,G2,A_aircraft,G2-A_aircraft-02,T019_1,6260.978285380193,7896.736390048657,,,U03,existing
P146_23_5,G2,A_aircraft,G2-A_aircraft-03,T020,4720.220080711731,6690.4299276885495,,,U04,existing
P146_23_5,G2,A_aircraft,G2-A_aircraft-04,T023,5551.539557030659,7187.297661699124,,,NEW-A_aircraft-01,procurement_required
P146_23_5,G2,B_aircraft,G2-B_aircraft-01,T014_1,4.16673174186144e-07,1519.0243448285282,T007,3077.1957358832024,U06,existing
P146_23_5,G2,B_aircraft,G2-B_aircraft-01,T007,4596.220080711731,6939.352187396264,,,U06,existing
P146_23_5,G2,B_aircraft,G2-B_aircraft-02,T004,1194.630385736439,3227.943287050344,T013,5.000100000000202,NEW-B_aircraft-01,procurement_required
P146_23_5,G2,B_aircraft,G2-B_aircraft-02,T013,3232.9433870503444,5190.984658537339,T021,5.000100000000202,NEW-B_aircraft-01,procurement_required
P146_23_5,G2,B_aircraft,G2-B_aircraft-02,T021,5195.984758537339,7094.0260300243335,,,NEW-B_aircraft-01,procurement_required
P146_23_5,G2,C_aircraft,G2-C_aircraft-01,T010_1,0.0,1823.224406150507,T019_2,2629.010247443409,U08,existing
P146_23_5,G2,C_aircraft,G2-C_aircraft-01,T019_2,4452.234653593916,6691.4187185617575,T012,5.000099999999293,U08,existing
P146_23_5,G2,C_aircraft,G2-C_aircraft-01,T012,6696.418818561757,8811.50045984021,,,U08,existing
P146_23_5,G2,C_aircraft,G2-C_aircraft-02,T018,4477.220080711731,6913.029601569379,,,NEW-C_aircraft-01,procurement_required
P146_23_5,G2,A_batteries,G2-A_batteries-01,T002_1,0.0,2667.5322461730734,T016,1892.6878345386563,A03,existing
P146_23_5,G2,A_batteries,G2-A_batteries-01,T016,4560.22008071173,7391.954497536396,,,A03,existing
P146_23_5,G2,A_batteries,G2-A_batteries-02,T014_2,2638.4852917296735,6105.968766534681,T019_1,155.0095188455116,A04,existing
P146_23_5,G2,A_batteries,G2-A_batteries-02,T019_1,6260.978285380193,8981.354683688944,,,A04,existing
P146_23_5,G2,A_batteries,G2-A_batteries-03,T020,4720.220080711731,7930.430578375625,,,A05,existing
P146_23_5,G2,A_batteries,G2-A_batteries-04,T022,4767.444792702658,7634.473785621062,,,A06,existing
P146_23_5,G2,A_batteries,G2-A_batteries-05,T023,5551.539557030659,8292.236282374923,,,NEW-A_batteries-01,procurement_required
P146_23_5,G2,B_batteries,G2-B_batteries-01,T014_1,4.16673174186144e-07,2956.2905629638744,T013,276.65282408647,B02,existing
P146_23_5,G2,B_batteries,G2-B_batteries-01,T013,3232.9433870503444,7150.230286022929,,,B02,existing
P146_23_5,G2,B_batteries,G2-B_batteries-02,T004,1194.630385736439,4994.129999948263,T021,201.85475858907648,B03,existing
P146_23_5,G2,B_batteries,G2-B_batteries-02,T021,5195.984758537339,8961.208181941944,,,B03,existing
P146_23_5,G2,B_batteries,G2-B_batteries-03,T007,4596.220080711731,8817.149572633247,,,B04,existing
P146_23_5,G2,C_batteries,G2-C_batteries-01,T010_1,0.0,3563.4170832737245,T012,3133.0017352880323,C03,existing
P146_23_5,G2,C_batteries,G2-C_batteries-01,T012,6696.418818561757,11304.166177291878,,,C03,existing
P146_23_5,G2,C_batteries,G2-C_batteries-02,T019_2,4452.234653593916,9160.096499981806,,,C04,existing
P146_23_5,G2,C_batteries,G2-C_batteries-03,T018,4477.220080711731,9411.383881543894,,,NEW-C_batteries-01,procurement_required
P146_23_5,G2,relay_aircraft,G2-relay_aircraft-01,R001,113.13731944608116,2129.2976388563347,R002,2665.0597608848047,R01,existing
P146_23_5,G2,relay_aircraft,G2-relay_aircraft-01,R002,4794.3573997411395,8150.275924236526,,,R01,existing
P146_23_5,G2,relay_aircraft,G2-relay_aircraft-02,R003,1094.8164843575157,9390.324849711596,,,R02,existing
P146_23_5,G2,relay_components,G2-relay_components-01,R001,113.13731944608116,2500.002637752911,R002,2294.3547619882283,RE01,existing
P146_23_5,G2,relay_components,G2-relay_components-01,R002,4794.3573997411395,8687.28771421572,,,RE01,existing
P146_23_5,G2,relay_components,G2-relay_components-02,R003,1094.8164843575157,10551.813344790942,,,RE02,existing
P146_23_5,G3,A_aircraft,G3-A_aircraft-01,T002_2,2048.115373302644,3650.7081092828166,,,NEW-A_aircraft-02,procurement_required
P146_23_5,G3,A_aircraft,G3-A_aircraft-02,T017,2048.115373302644,4391.962448014616,,,NEW-A_aircraft-03,procurement_required
P146_23_5,G3,A_aircraft,G3-A_aircraft-03,T011,2058.1153733026445,4188.754462062227,,,NEW-A_aircraft-04,procurement_required
P146_23_5,G3,B_aircraft,G3-B_aircraft-01,T008,1984.115373302644,3828.6542634582115,,,NEW-B_aircraft-02,procurement_required
P146_23_5,G3,C_aircraft,G3-C_aircraft-01,T015,2076.1153733026445,3744.0155776451697,,,NEW-C_aircraft-02,procurement_required
P146_23_5,G3,A_batteries,G3-A_batteries-01,T002_2,2048.115373302644,4715.175270999501,,,NEW-A_batteries-02,procurement_required
P146_23_5,G3,A_batteries,G3-A_batteries-02,T017,2048.115373302644,5755.52643126419,,,NEW-A_batteries-03,procurement_required
P146_23_5,G3,A_batteries,G3-A_batteries-03,T011,2058.1153733026445,5546.53945703066,,,NEW-A_batteries-04,procurement_required
P146_23_5,G3,B_batteries,G3-B_batteries-01,T008,1984.115373302644,5417.316226537593,,,NEW-B_batteries-01,procurement_required
P146_23_5,G3,C_batteries,G3-C_batteries-01,T015,2076.1153733026445,5451.076587273992,,,NEW-C_batteries-02,procurement_required
P146_23_5,G3,relay_aircraft,G3-relay_aircraft-01,R004,2134.297738856335,4789.357299741141,,,NEW-relay_aircraft-01,procurement_required
P146_23_5,G3,relay_components,G3-relay_components-01,R004,2134.297738856335,5243.065183552219,,,RE03,existing
P14_236_5,G1,A_aircraft,G1-A_aircraft-01,T005,0.0,1312.470877312685,T009,5.000099999999975,U01,existing
P14_236_5,G1,A_aircraft,G1-A_aircraft-01,T009,1317.470977312685,2633.4851917296737,,,U01,existing
P14_236_5,G1,C_aircraft,G1-C_aircraft-01,T010_2,0.0,1433.035082877992,T003,5.000099999999975,U07,existing
P14_236_5,G1,C_aircraft,G1-C_aircraft-01,T003,1438.035182877992,2867.4613603954576,T001,18.347015680992172,U07,existing
P14_236_5,G1,C_aircraft,G1-C_aircraft-01,T001,2885.80837607645,4447.234553593915,,,U07,existing
P14_236_5,G1,A_batteries,G1-A_batteries-01,T005,0.0,2178.7887122874713,,,A01,existing
P14_236_5,G1,A_batteries,G1-A_batteries-02,T009,1317.470977312685,3525.3399936387705,,,A02,existing
P14_236_5,G1,C_batteries,G1-C_batteries-01,T010_2,0.0,2880.8082760764496,T001,5.000100000000202,C01,existing
P14_236_5,G1,C_batteries,G1-C_batteries-01,T001,2885.80837607645,6035.901229839401,,,C01,existing
P14_236_5,G1,C_batteries,G1-C_batteries-02,T003,1438.035182877992,4385.641813543676,,,C02,existing
P14_236_5,G2,A_aircraft,G2-A_aircraft-01,T002_1,0.0,1652.4416357195464,T014_2,986.043656010127,U02,existing
P14_236_5,G2,A_aircraft,G2-A_aircraft-01,T014_2,2638.4852917296735,4762.444692702658,T022,5.000099999999293,U02,existing
P14_236_5,G2,A_aircraft,G2-A_aircraft-01,T022,4767.444792702658,6458.979278941607,,,U02,existing
P14_236_5,G2,A_aircraft,G2-A_aircraft-02,T016,4560.22008071173,6255.978185380194,T019_1,5.000099999998383,U03,existing
P14_236_5,G2,A_aircraft,G2-A_aircraft-02,T019_1,6260.978285380193,7896.736390048657,,,U03,existing
P14_236_5,G2,A_aircraft,G2-A_aircraft-03,T020,4720.220080711731,6690.4299276885495,,,U04,existing
P14_236_5,G2,A_aircraft,G2-A_aircraft-04,T023,5551.539557030659,7187.297661699124,,,NEW-A_aircraft-01,procurement_required
P14_236_5,G2,B_aircraft,G2-B_aircraft-01,T006,0.0,1189.630285736439,T004,5.000099999999975,U05,existing
P14_236_5,G2,B_aircraft,G2-B_aircraft-01,T004,1194.630385736439,3227.943287050344,T013,5.000100000000202,U05,existing
P14_236_5,G2,B_aircraft,G2-B_aircraft-01,T013,3232.9433870503444,5190.984658537339,T021,5.000100000000202,U05,existing
P14_236_5,G2,B_aircraft,G2-B_aircraft-01,T021,5195.984758537339,7094.0260300243335,,,U05,existing
P14_236_5,G2,B_aircraft,G2-B_aircraft-02,T014_1,4.16673174186144e-07,1519.0243448285282,T007,3077.1957358832024,U06,existing
P14_236_5,G2,B_aircraft,G2-B_aircraft-02,T007,4596.220080711731,6939.352187396264,,,U06,existing
P14_236_5,G2,C_aircraft,G2-C_aircraft-01,T010_1,0.0,1823.224406150507,T019_2,2629.010247443409,U08,existing
P14_236_5,G2,C_aircraft,G2-C_aircraft-01,T019_2,4452.234653593916,6691.4187185617575,T012,5.000099999999293,U08,existing
P14_236_5,G2,C_aircraft,G2-C_aircraft-01,T012,6696.418818561757,8811.50045984021,,,U08,existing
P14_236_5,G2,C_aircraft,G2-C_aircraft-02,T018,4477.220080711731,6913.029601569379,,,NEW-C_aircraft-01,procurement_required
P14_236_5,G2,A_batteries,G2-A_batteries-01,T002_1,0.0,2667.5322461730734,T016,1892.6878345386563,A03,existing
P14_236_5,G2,A_batteries,G2-A_batteries-01,T016,4560.22008071173,7391.954497536396,,,A03,existing
P14_236_5,G2,A_batteries,G2-A_batteries-02,T014_2,2638.4852917296735,6105.968766534681,T019_1,155.0095188455116,A04,existing
P14_236_5,G2,A_batteries,G2-A_batteries-02,T019_1,6260.978285380193,8981.354683688944,,,A04,existing
P14_236_5,G2,A_batteries,G2-A_batteries-03,T020,4720.220080711731,7930.430578375625,,,A05,existing
P14_236_5,G2,A_batteries,G2-A_batteries-04,T022,4767.444792702658,7634.473785621062,,,A06,existing
P14_236_5,G2,A_batteries,G2-A_batteries-05,T023,5551.539557030659,8292.236282374923,,,NEW-A_batteries-01,procurement_required
P14_236_5,G2,B_batteries,G2-B_batteries-01,T006,0.0,2323.07116269932,T007,2273.1489180124104,B01,existing
P14_236_5,G2,B_batteries,G2-B_batteries-01,T007,4596.220080711731,8817.149572633247,,,B01,existing
P14_236_5,G2,B_batteries,G2-B_batteries-02,T014_1,4.16673174186144e-07,2956.2905629638744,T013,276.65282408647,B02,existing
P14_236_5,G2,B_batteries,G2-B_batteries-02,T013,3232.9433870503444,7150.230286022929,,,B02,existing
P14_236_5,G2,B_batteries,G2-B_batteries-03,T004,1194.630385736439,4994.129999948263,T021,201.85475858907648,B03,existing
P14_236_5,G2,B_batteries,G2-B_batteries-03,T021,5195.984758537339,8961.208181941944,,,B03,existing
P14_236_5,G2,C_batteries,G2-C_batteries-01,T010_1,0.0,3563.4170832737245,T012,3133.0017352880323,C03,existing
P14_236_5,G2,C_batteries,G2-C_batteries-01,T012,6696.418818561757,11304.166177291878,,,C03,existing
P14_236_5,G2,C_batteries,G2-C_batteries-02,T019_2,4452.234653593916,9160.096499981806,,,C04,existing
P14_236_5,G2,C_batteries,G2-C_batteries-03,T018,4477.220080711731,9411.383881543894,,,NEW-C_batteries-01,procurement_required
P14_236_5,G2,relay_aircraft,G2-relay_aircraft-01,R001,113.13731944608116,2129.2976388563347,R002,2665.0597608848047,R01,existing
P14_236_5,G2,relay_aircraft,G2-relay_aircraft-01,R002,4794.3573997411395,8150.275924236526,,,R01,existing
P14_236_5,G2,relay_aircraft,G2-relay_aircraft-02,R003,1094.8164843575157,9390.324849711596,,,R02,existing
P14_236_5,G2,relay_components,G2-relay_components-01,R001,113.13731944608116,2500.002637752911,R002,2294.3547619882283,RE01,existing
P14_236_5,G2,relay_components,G2-relay_components-01,R002,4794.3573997411395,8687.28771421572,,,RE01,existing
P14_236_5,G2,relay_components,G2-relay_components-02,R003,1094.8164843575157,10551.813344790942,,,RE02,existing
P14_236_5,G3,A_aircraft,G3-A_aircraft-01,T002_2,2048.115373302644,3650.7081092828166,,,NEW-A_aircraft-02,procurement_required
P14_236_5,G3,A_aircraft,G3-A_aircraft-02,T017,2048.115373302644,4391.962448014616,,,NEW-A_aircraft-03,procurement_required
P14_236_5,G3,A_aircraft,G3-A_aircraft-03,T011,2058.1153733026445,4188.754462062227,,,NEW-A_aircraft-04,procurement_required
P14_236_5,G3,B_aircraft,G3-B_aircraft-01,T008,1984.115373302644,3828.6542634582115,,,NEW-B_aircraft-01,procurement_required
P14_236_5,G3,C_aircraft,G3-C_aircraft-01,T015,2076.1153733026445,3744.0155776451697,,,NEW-C_aircraft-02,procurement_required
P14_236_5,G3,A_batteries,G3-A_batteries-01,T002_2,2048.115373302644,4715.175270999501,,,NEW-A_batteries-02,procurement_required
P14_236_5,G3,A_batteries,G3-A_batteries-02,T017,2048.115373302644,5755.52643126419,,,NEW-A_batteries-03,procurement_required
P14_236_5,G3,A_batteries,G3-A_batteries-03,T011,2058.1153733026445,5546.53945703066,,,NEW-A_batteries-04,procurement_required
P14_236_5,G3,B_batteries,G3-B_batteries-01,T008,1984.115373302644,5417.316226537593,,,B04,existing
P14_236_5,G3,C_batteries,G3-C_batteries-01,T015,2076.1153733026445,5451.076587273992,,,NEW-C_batteries-02,procurement_required
P14_236_5,G3,relay_aircraft,G3-relay_aircraft-01,R004,2134.297738856335,4789.357299741141,,,NEW-relay_aircraft-01,procurement_required
P14_236_5,G3,relay_components,G3-relay_components-01,R004,2134.297738856335,5243.065183552219,,,RE03,existing
P14_23_56,G1,A_aircraft,G1-A_aircraft-01,T005,0.0,1312.470877312685,T009,5.000099999999975,U01,existing
P14_23_56,G1,A_aircraft,G1-A_aircraft-01,T009,1317.470977312685,2633.4851917296737,,,U01,existing
P14_23_56,G1,C_aircraft,G1-C_aircraft-01,T010_2,0.0,1433.035082877992,T003,5.000099999999975,U07,existing
P14_23_56,G1,C_aircraft,G1-C_aircraft-01,T003,1438.035182877992,2867.4613603954576,T001,18.347015680992172,U07,existing
P14_23_56,G1,C_aircraft,G1-C_aircraft-01,T001,2885.80837607645,4447.234553593915,,,U07,existing
P14_23_56,G1,A_batteries,G1-A_batteries-01,T005,0.0,2178.7887122874713,,,A01,existing
P14_23_56,G1,A_batteries,G1-A_batteries-02,T009,1317.470977312685,3525.3399936387705,,,A02,existing
P14_23_56,G1,C_batteries,G1-C_batteries-01,T010_2,0.0,2880.8082760764496,T001,5.000100000000202,C01,existing
P14_23_56,G1,C_batteries,G1-C_batteries-01,T001,2885.80837607645,6035.901229839401,,,C01,existing
P14_23_56,G1,C_batteries,G1-C_batteries-02,T003,1438.035182877992,4385.641813543676,,,C02,existing
P14_23_56,G2,A_aircraft,G2-A_aircraft-01,T002_1,0.0,1652.4416357195464,T014_2,986.043656010127,U02,existing
P14_23_56,G2,A_aircraft,G2-A_aircraft-01,T014_2,2638.4852917296735,4762.444692702658,T022,5.000099999999293,U02,existing
P14_23_56,G2,A_aircraft,G2-A_aircraft-01,T022,4767.444792702658,6458.979278941607,,,U02,existing
P14_23_56,G2,A_aircraft,G2-A_aircraft-02,T016,4560.22008071173,6255.978185380194,T019_1,5.000099999998383,U03,existing
P14_23_56,G2,A_aircraft,G2-A_aircraft-02,T019_1,6260.978285380193,7896.736390048657,,,U03,existing
P14_23_56,G2,A_aircraft,G2-A_aircraft-03,T020,4720.220080711731,6690.4299276885495,,,U04,existing
P14_23_56,G2,A_aircraft,G2-A_aircraft-04,T023,5551.539557030659,7187.297661699124,,,NEW-A_aircraft-01,procurement_required
P14_23_56,G2,B_aircraft,G2-B_aircraft-01,T014_1,4.16673174186144e-07,1519.0243448285282,T007,3077.1957358832024,U05,existing
P14_23_56,G2,B_aircraft,G2-B_aircraft-01,T007,4596.220080711731,6939.352187396264,,,U05,existing
P14_23_56,G2,B_aircraft,G2-B_aircraft-02,T004,1194.630385736439,3227.943287050344,T013,5.000100000000202,U06,existing
P14_23_56,G2,B_aircraft,G2-B_aircraft-02,T013,3232.9433870503444,5190.984658537339,T021,5.000100000000202,U06,existing
P14_23_56,G2,B_aircraft,G2-B_aircraft-02,T021,5195.984758537339,7094.0260300243335,,,U06,existing
P14_23_56,G2,C_aircraft,G2-C_aircraft-01,T010_1,0.0,1823.224406150507,T019_2,2629.010247443409,U08,existing
P14_23_56,G2,C_aircraft,G2-C_aircraft-01,T019_2,4452.234653593916,6691.4187185617575,T012,5.000099999999293,U08,existing
P14_23_56,G2,C_aircraft,G2-C_aircraft-01,T012,6696.418818561757,8811.50045984021,,,U08,existing
P14_23_56,G2,C_aircraft,G2-C_aircraft-02,T018,4477.220080711731,6913.029601569379,,,NEW-C_aircraft-01,procurement_required
P14_23_56,G2,A_batteries,G2-A_batteries-01,T002_1,0.0,2667.5322461730734,T016,1892.6878345386563,A03,existing
P14_23_56,G2,A_batteries,G2-A_batteries-01,T016,4560.22008071173,7391.954497536396,,,A03,existing
P14_23_56,G2,A_batteries,G2-A_batteries-02,T014_2,2638.4852917296735,6105.968766534681,T019_1,155.0095188455116,A04,existing
P14_23_56,G2,A_batteries,G2-A_batteries-02,T019_1,6260.978285380193,8981.354683688944,,,A04,existing
P14_23_56,G2,A_batteries,G2-A_batteries-03,T020,4720.220080711731,7930.430578375625,,,A05,existing
P14_23_56,G2,A_batteries,G2-A_batteries-04,T022,4767.444792702658,7634.473785621062,,,A06,existing
P14_23_56,G2,A_batteries,G2-A_batteries-05,T023,5551.539557030659,8292.236282374923,,,NEW-A_batteries-01,procurement_required
P14_23_56,G2,B_batteries,G2-B_batteries-01,T014_1,4.16673174186144e-07,2956.2905629638744,T013,276.65282408647,B01,existing
P14_23_56,G2,B_batteries,G2-B_batteries-01,T013,3232.9433870503444,7150.230286022929,,,B01,existing
P14_23_56,G2,B_batteries,G2-B_batteries-02,T004,1194.630385736439,4994.129999948263,T021,201.85475858907648,B02,existing
P14_23_56,G2,B_batteries,G2-B_batteries-02,T021,5195.984758537339,8961.208181941944,,,B02,existing
P14_23_56,G2,B_batteries,G2-B_batteries-03,T007,4596.220080711731,8817.149572633247,,,B03,existing
P14_23_56,G2,C_batteries,G2-C_batteries-01,T010_1,0.0,3563.4170832737245,T012,3133.0017352880323,C03,existing
P14_23_56,G2,C_batteries,G2-C_batteries-01,T012,6696.418818561757,11304.166177291878,,,C03,existing
P14_23_56,G2,C_batteries,G2-C_batteries-02,T019_2,4452.234653593916,9160.096499981806,,,C04,existing
P14_23_56,G2,C_batteries,G2-C_batteries-03,T018,4477.220080711731,9411.383881543894,,,NEW-C_batteries-01,procurement_required
P14_23_56,G2,relay_aircraft,G2-relay_aircraft-01,R001,113.13731944608116,2129.2976388563347,R002,2665.0597608848047,R01,existing
P14_23_56,G2,relay_aircraft,G2-relay_aircraft-01,R002,4794.3573997411395,8150.275924236526,,,R01,existing
P14_23_56,G2,relay_aircraft,G2-relay_aircraft-02,R003,1094.8164843575157,9390.324849711596,,,R02,existing
P14_23_56,G2,relay_components,G2-relay_components-01,R001,113.13731944608116,2500.002637752911,R002,2294.3547619882283,RE01,existing
P14_23_56,G2,relay_components,G2-relay_components-01,R002,4794.3573997411395,8687.28771421572,,,RE01,existing
P14_23_56,G2,relay_components,G2-relay_components-02,R003,1094.8164843575157,10551.813344790942,,,RE02,existing
P14_23_56,G3,A_aircraft,G3-A_aircraft-01,T002_2,2048.115373302644,3650.7081092828166,,,NEW-A_aircraft-02,procurement_required
P14_23_56,G3,A_aircraft,G3-A_aircraft-02,T017,2048.115373302644,4391.962448014616,,,NEW-A_aircraft-03,procurement_required
P14_23_56,G3,A_aircraft,G3-A_aircraft-03,T011,2058.1153733026445,4188.754462062227,,,NEW-A_aircraft-04,procurement_required
P14_23_56,G3,B_aircraft,G3-B_aircraft-01,T006,0.0,1189.630285736439,T008,794.485087566205,NEW-B_aircraft-01,procurement_required
P14_23_56,G3,B_aircraft,G3-B_aircraft-01,T008,1984.115373302644,3828.6542634582115,,,NEW-B_aircraft-01,procurement_required
P14_23_56,G3,C_aircraft,G3-C_aircraft-01,T015,2076.1153733026445,3744.0155776451697,,,NEW-C_aircraft-02,procurement_required
P14_23_56,G3,A_batteries,G3-A_batteries-01,T002_2,2048.115373302644,4715.175270999501,,,NEW-A_batteries-02,procurement_required
P14_23_56,G3,A_batteries,G3-A_batteries-02,T017,2048.115373302644,5755.52643126419,,,NEW-A_batteries-03,procurement_required
P14_23_56,G3,A_batteries,G3-A_batteries-03,T011,2058.1153733026445,5546.53945703066,,,NEW-A_batteries-04,procurement_required
P14_23_56,G3,B_batteries,G3-B_batteries-01,T006,0.0,2323.07116269932,,,B04,existing
P14_23_56,G3,B_batteries,G3-B_batteries-02,T008,1984.115373302644,5417.316226537593,,,NEW-B_batteries-01,procurement_required
P14_23_56,G3,C_batteries,G3-C_batteries-01,T015,2076.1153733026445,5451.076587273992,,,NEW-C_batteries-02,procurement_required
P14_23_56,G3,relay_aircraft,G3-relay_aircraft-01,R004,2134.297738856335,4789.357299741141,,,NEW-relay_aircraft-01,procurement_required
P14_23_56,G3,relay_components,G3-relay_components-01,R004,2134.297738856335,5243.065183552219,,,RE03,existing
P15_234_6,G1,A_aircraft,G1-A_aircraft-01,T005,0.0,1312.470877312685,T011,745.6444959899595,U01,existing
P15_234_6,G1,A_aircraft,G1-A_aircraft-01,T011,2058.1153733026445,4188.754462062227,,,U01,existing
P15_234_6,G1,A_aircraft,G1-A_aircraft-02,T002_2,2048.115373302644,3650.7081092828166,,,U02,existing
P15_234_6,G1,A_aircraft,G1-A_aircraft-03,T017,2048.115373302644,4391.962448014616,,,U03,existing
P15_234_6,G1,B_aircraft,G1-B_aircraft-01,T008,1984.115373302644,3828.6542634582115,,,U05,existing
P15_234_6,G1,C_aircraft,G1-C_aircraft-01,T003,1438.035182877992,2867.4613603954576,T001,18.347015680992172,U07,existing
P15_234_6,G1,C_aircraft,G1-C_aircraft-01,T001,2885.80837607645,4447.234553593915,,,U07,existing
P15_234_6,G1,C_aircraft,G1-C_aircraft-02,T015,2076.1153733026445,3744.0155776451697,,,U08,existing
P15_234_6,G1,A_batteries,G1-A_batteries-01,T005,0.0,2178.7887122874713,,,A01,existing
P15_234_6,G1,A_batteries,G1-A_batteries-02,T002_2,2048.115373302644,4715.175270999501,,,A02,existing
P15_234_6,G1,A_batteries,G1-A_batteries-03,T017,2048.115373302644,5755.52643126419,,,A03,existing
P15_234_6,G1,A_batteries,G1-A_batteries-04,T011,2058.1153733026445,5546.53945703066,,,A04,existing
P15_234_6,G1,B_batteries,G1-B_batteries-01,T008,1984.115373302644,5417.316226537593,,,B01,existing
P15_234_6,G1,C_batteries,G1-C_batteries-01,T003,1438.035182877992,4385.641813543676,,,C01,existing
P15_234_6,G1,C_batteries,G1-C_batteries-02,T015,2076.1153733026445,5451.076587273992,,,C02,existing
P15_234_6,G1,C_batteries,G1-C_batteries-03,T001,2885.80837607645,6035.901229839401,,,C03,existing
P15_234_6,G1,relay_aircraft,G1-relay_aircraft-01,R004,2134.297738856335,4789.357299741141,,,R01,existing
P15_234_6,G1,relay_components,G1-relay_components-01,R004,2134.297738856335,5243.065183552219,,,RE01,existing
P15_234_6,G2,A_aircraft,G2-A_aircraft-01,T002_1,0.0,1652.4416357195464,T016,2907.7784449921833,U04,existing
P15_234_6,G2,A_aircraft,G2-A_aircraft-01,T016,4560.22008071173,6255.978185380194,T019_1,5.000099999998383,U04,existing
P15_234_6,G2,A_aircraft,G2-A_aircraft-01,T019_1,6260.978285380193,7896.736390048657,,,U04,existing
P15_234_6,G2,A_aircraft,G2-A_aircraft-02,T009,1317.470977312685,2633.4851917296737,T014_2,5.0000999999997475,NEW-A_aircraft-01,procurement_required
P15_234_6,G2,A_aircraft,G2-A_aircraft-02,T014_2,2638.4852917296735,4762.444692702658,T022,5.000099999999293,NEW-A_aircraft-01,procurement_required
P15_234_6,G2,A_aircraft,G2-A_aircraft-02,T022,4767.444792702658,6458.979278941607,,,NEW-A_aircraft-01,procurement_required
P15_234_6,G2,A_aircraft,G2-A_aircraft-03,T020,4720.220080711731,6690.4299276885495,,,NEW-A_aircraft-02,procurement_required
P15_234_6,G2,A_aircraft,G2-A_aircraft-04,T023,5551.539557030659,7187.297661699124,,,NEW-A_aircraft-03,procurement_required
P15_234_6,G2,B_aircraft,G2-B_aircraft-01,T014_1,4.16673174186144e-07,1519.0243448285282,T007,3077.1957358832024,U06,existing
P15_234_6,G2,B_aircraft,G2-B_aircraft-01,T007,4596.220080711731,6939.352187396264,,,U06,existing
P15_234_6,G2,B_aircraft,G2-B_aircraft-02,T004,1194.630385736439,3227.943287050344,T013,5.000100000000202,NEW-B_aircraft-01,procurement_required
P15_234_6,G2,B_aircraft,G2-B_aircraft-02,T013,3232.9433870503444,5190.984658537339,T021,5.000100000000202,NEW-B_aircraft-01,procurement_required
P15_234_6,G2,B_aircraft,G2-B_aircraft-02,T021,5195.984758537339,7094.0260300243335,,,NEW-B_aircraft-01,procurement_required
P15_234_6,G2,C_aircraft,G2-C_aircraft-01,T010_1,0.0,1823.224406150507,T019_2,2629.010247443409,NEW-C_aircraft-01,procurement_required
P15_234_6,G2,C_aircraft,G2-C_aircraft-01,T019_2,4452.234653593916,6691.4187185617575,T012,5.000099999999293,NEW-C_aircraft-01,procurement_required
P15_234_6,G2,C_aircraft,G2-C_aircraft-01,T012,6696.418818561757,8811.50045984021,,,NEW-C_aircraft-01,procurement_required
P15_234_6,G2,C_aircraft,G2-C_aircraft-02,T010_2,0.0,1433.035082877992,T018,3044.1849978337386,NEW-C_aircraft-02,procurement_required
P15_234_6,G2,C_aircraft,G2-C_aircraft-02,T018,4477.220080711731,6913.029601569379,,,NEW-C_aircraft-02,procurement_required
P15_234_6,G2,A_batteries,G2-A_batteries-01,T002_1,0.0,2667.5322461730734,T020,2052.687834538657,A05,existing
P15_234_6,G2,A_batteries,G2-A_batteries-01,T020,4720.220080711731,7930.430578375625,,,A05,existing
P15_234_6,G2,A_batteries,G2-A_batteries-02,T009,1317.470977312685,3525.3399936387705,T016,1034.8800870729592,A06,existing
P15_234_6,G2,A_batteries,G2-A_batteries-02,T016,4560.22008071173,7391.954497536396,,,A06,existing
P15_234_6,G2,A_batteries,G2-A_batteries-03,T014_2,2638.4852917296735,6105.968766534681,T019_1,155.0095188455116,NEW-A_batteries-01,procurement_required
P15_234_6,G2,A_batteries,G2-A_batteries-03,T019_1,6260.978285380193,8981.354683688944,,,NEW-A_batteries-01,procurement_required
P15_234_6,G2,A_batteries,G2-A_batteries-04,T022,4767.444792702658,7634.473785621062,,,NEW-A_batteries-02,procurement_required
P15_234_6,G2,A_batteries,G2-A_batteries-05,T023,5551.539557030659,8292.236282374923,,,NEW-A_batteries-03,procurement_required
P15_234_6,G2,B_batteries,G2-B_batteries-01,T014_1,4.16673174186144e-07,2956.2905629638744,T013,276.65282408647,B02,existing
P15_234_6,G2,B_batteries,G2-B_batteries-01,T013,3232.9433870503444,7150.230286022929,,,B02,existing
P15_234_6,G2,B_batteries,G2-B_batteries-02,T004,1194.630385736439,4994.129999948263,T021,201.85475858907648,B03,existing
P15_234_6,G2,B_batteries,G2-B_batteries-02,T021,5195.984758537339,8961.208181941944,,,B03,existing
P15_234_6,G2,B_batteries,G2-B_batteries-03,T007,4596.220080711731,8817.149572633247,,,B04,existing
P15_234_6,G2,C_batteries,G2-C_batteries-01,T010_1,0.0,3563.4170832737245,T012,3133.0017352880323,C04,existing
P15_234_6,G2,C_batteries,G2-C_batteries-01,T012,6696.418818561757,11304.166177291878,,,C04,existing
P15_234_6,G2,C_batteries,G2-C_batteries-02,T010_2,0.0,2880.8082760764496,T018,1596.411804635281,NEW-C_batteries-01,procurement_required
P15_234_6,G2,C_batteries,G2-C_batteries-02,T018,4477.220080711731,9411.383881543894,,,NEW-C_batteries-01,procurement_required
P15_234_6,G2,C_batteries,G2-C_batteries-03,T019_2,4452.234653593916,9160.096499981806,,,NEW-C_batteries-02,procurement_required
P15_234_6,G2,relay_aircraft,G2-relay_aircraft-01,R001,113.13731944608116,2129.2976388563347,R002,2665.0597608848047,R02,existing
P15_234_6,G2,relay_aircraft,G2-relay_aircraft-01,R002,4794.3573997411395,8150.275924236526,,,R02,existing
P15_234_6,G2,relay_aircraft,G2-relay_aircraft-02,R003,1094.8164843575157,9390.324849711596,,,NEW-relay_aircraft-01,procurement_required
P15_234_6,G2,relay_components,G2-relay_components-01,R001,113.13731944608116,2500.002637752911,R002,2294.3547619882283,RE02,existing
P15_234_6,G2,relay_components,G2-relay_components-01,R002,4794.3573997411395,8687.28771421572,,,RE02,existing
P15_234_6,G2,relay_components,G2-relay_components-02,R003,1094.8164843575157,10551.813344790942,,,RE03,existing
P15_234_6,G3,B_aircraft,G3-B_aircraft-01,T006,0.0,1189.630285736439,,,NEW-B_aircraft-02,procurement_required
P15_234_6,G3,B_batteries,G3-B_batteries-01,T006,0.0,2323.07116269932,,,NEW-B_batteries-01,procurement_required
P1_2345_6,G1,A_aircraft,G1-A_aircraft-01,T005,0.0,1312.470877312685,,,U01,existing
P1_2345_6,G1,C_aircraft,G1-C_aircraft-01,T003,1438.035182877992,2867.4613603954576,T001,18.347015680992172,U07,existing
P1_2345_6,G1,C_aircraft,G1-C_aircraft-01,T001,2885.80837607645,4447.234553593915,,,U07,existing
P1_2345_6,G1,A_batteries,G1-A_batteries-01,T005,0.0,2178.7887122874713,,,A01,existing
P1_2345_6,G1,C_batteries,G1-C_batteries-01,T003,1438.035182877992,4385.641813543676,,,C01,existing
P1_2345_6,G1,C_batteries,G1-C_batteries-02,T001,2885.80837607645,6035.901229839401,,,C02,existing
P1_2345_6,G2,A_aircraft,G2-A_aircraft-01,T002_1,0.0,1652.4416357195464,T002_2,395.6737375830976,U02,existing
P1_2345_6,G2,A_aircraft,G2-A_aircraft-01,T002_2,2048.115373302644,3650.7081092828166,T016,909.5119714289131,U02,existing
P1_2345_6,G2,A_aircraft,G2-A_aircraft-01,T016,4560.22008071173,6255.978185380194,T019_1,5.000099999998383,U02,existing
P1_2345_6,G2,A_aircraft,G2-A_aircraft-01,T019_1,6260.978285380193,7896.736390048657,,,U02,existing
P1_2345_6,G2,A_aircraft,G2-A_aircraft-02,T009,1317.470977312685,2633.4851917296737,T014_2,5.0000999999997475,U03,existing
P1_2345_6,G2,A_aircraft,G2-A_aircraft-02,T014_2,2638.4852917296735,4762.444692702658,T022,5.000099999999293,U03,existing
P1_2345_6,G2,A_aircraft,G2-A_aircraft-02,T022,4767.444792702658,6458.979278941607,,,U03,existing
P1_2345_6,G2,A_aircraft,G2-A_aircraft-03,T017,2048.115373302644,4391.962448014616,T020,328.2576326971148,U04,existing
P1_2345_6,G2,A_aircraft,G2-A_aircraft-03,T020,4720.220080711731,6690.4299276885495,,,U04,existing
P1_2345_6,G2,A_aircraft,G2-A_aircraft-04,T011,2058.1153733026445,4188.754462062227,T023,1362.7850949684325,NEW-A_aircraft-01,procurement_required
P1_2345_6,G2,A_aircraft,G2-A_aircraft-04,T023,5551.539557030659,7187.297661699124,,,NEW-A_aircraft-01,procurement_required
P1_2345_6,G2,B_aircraft,G2-B_aircraft-01,T014_1,4.16673174186144e-07,1519.0243448285282,T008,465.0910284741158,U05,existing
P1_2345_6,G2,B_aircraft,G2-B_aircraft-01,T008,1984.115373302644,3828.6542634582115,T007,767.5658172535191,U05,existing
P1_2345_6,G2,B_aircraft,G2-B_aircraft-01,T007,4596.220080711731,6939.352187396264,,,U05,existing
P1_2345_6,G2,B_aircraft,G2-B_aircraft-02,T004,1194.630385736439,3227.943287050344,T013,5.000100000000202,U06,existing
P1_2345_6,G2,B_aircraft,G2-B_aircraft-02,T013,3232.9433870503444,5190.984658537339,T021,5.000100000000202,U06,existing
P1_2345_6,G2,B_aircraft,G2-B_aircraft-02,T021,5195.984758537339,7094.0260300243335,,,U06,existing
P1_2345_6,G2,C_aircraft,G2-C_aircraft-01,T010_1,0.0,1823.224406150507,T018,2653.9956745612235,U08,existing
P1_2345_6,G2,C_aircraft,G2-C_aircraft-01,T018,4477.220080711731,6913.029601569379,,,U08,existing
P1_2345_6,G2,C_aircraft,G2-C_aircraft-02,T010_2,0.0,1433.035082877992,T015,643.0802904246525,NEW-C_aircraft-01,procurement_required
P1_2345_6,G2,C_aircraft,G2-C_aircraft-02,T015,2076.1153733026445,3744.0155776451697,T019_2,708.2190759487462,NEW-C_aircraft-01,procurement_required
P1_2345_6,G2,C_aircraft,G2-C_aircraft-02,T019_2,4452.234653593916,6691.4187185617575,T012,5.000099999999293,NEW-C_aircraft-01,procurement_required
P1_2345_6,G2,C_aircraft,G2-C_aircraft-02,T012,6696.418818561757,8811.50045984021,,,NEW-C_aircraft-01,procurement_required
P1_2345_6,G2,A_batteries,G2-A_batteries-01,T002_1,0.0,2667.5322461730734,T016,1892.6878345386563,A02,existing
P1_2345_6,G2,A_batteries,G2-A_batteries-01,T016,4560.22008071173,7391.954497536396,,,A02,existing
P1_2345_6,G2,A_batteries,G2-A_batteries-02,T009,1317.470977312685,3525.3399936387705,T022,1242.1047990638872,A03,existing
P1_2345_6,G2,A_batteries,G2-A_batteries-02,T022,4767.444792702658,7634.473785621062,,,A03,existing
P1_2345_6,G2,A_batteries,G2-A_batteries-03,T002_2,2048.115373302644,4715.175270999501,T020,5.044809712229835,A04,existing
P1_2345_6,G2,A_batteries,G2-A_batteries-03,T020,4720.220080711731,7930.430578375625,,,A04,existing
P1_2345_6,G2,A_batteries,G2-A_batteries-04,T017,2048.115373302644,5755.52643126419,T019_1,505.4518541160023,A05,existing
P1_2345_6,G2,A_batteries,G2-A_batteries-04,T019_1,6260.978285380193,8981.354683688944,,,A05,existing
P1_2345_6,G2,A_batteries,G2-A_batteries-05,T011,2058.1153733026445,5546.53945703066,T023,5.000099999999293,A06,existing
P1_2345_6,G2,A_batteries,G2-A_batteries-05,T023,5551.539557030659,8292.236282374923,,,A06,existing
P1_2345_6,G2,A_batteries,G2-A_batteries-06,T014_2,2638.4852917296735,6105.968766534681,,,NEW-A_batteries-01,procurement_required
P1_2345_6,G2,B_batteries,G2-B_batteries-01,T014_1,4.16673174186144e-07,2956.2905629638744,T013,276.65282408647,B01,existing
P1_2345_6,G2,B_batteries,G2-B_batteries-01,T013,3232.9433870503444,7150.230286022929,,,B01,existing
P1_2345_6,G2,B_batteries,G2-B_batteries-02,T004,1194.630385736439,4994.129999948263,T021,201.85475858907648,B02,existing
P1_2345_6,G2,B_batteries,G2-B_batteries-02,T021,5195.984758537339,8961.208181941944,,,B02,existing
P1_2345_6,G2,B_batteries,G2-B_batteries-03,T008,1984.115373302644,5417.316226537593,,,B03,existing
P1_2345_6,G2,B_batteries,G2-B_batteries-04,T007,4596.220080711731,8817.149572633247,,,B04,existing
P1_2345_6,G2,C_batteries,G2-C_batteries-01,T010_1,0.0,3563.4170832737245,T018,913.8029974380061,C03,existing
P1_2345_6,G2,C_batteries,G2-C_batteries-01,T018,4477.220080711731,9411.383881543894,,,C03,existing
P1_2345_6,G2,C_batteries,G2-C_batteries-02,T010_2,0.0,2880.8082760764496,T019_2,1571.4263775174663,C04,existing
P1_2345_6,G2,C_batteries,G2-C_batteries-02,T019_2,4452.234653593916,9160.096499981806,,,C04,existing
P1_2345_6,G2,C_batteries,G2-C_batteries-03,T015,2076.1153733026445,5451.076587273992,T012,1245.3422312877647,NEW-C_batteries-01,procurement_required
P1_2345_6,G2,C_batteries,G2-C_batteries-03,T012,6696.418818561757,11304.166177291878,,,NEW-C_batteries-01,procurement_required
P1_2345_6,G2,relay_aircraft,G2-relay_aircraft-01,R001,113.13731944608116,2129.2976388563347,R004,5.000100000000202,R01,existing
P1_2345_6,G2,relay_aircraft,G2-relay_aircraft-01,R004,2134.297738856335,4789.357299741141,R002,5.000099999998383,R01,existing
P1_2345_6,G2,relay_aircraft,G2-relay_aircraft-01,R002,4794.3573997411395,8150.275924236526,,,R01,existing
P1_2345_6,G2,relay_aircraft,G2-relay_aircraft-02,R003,1094.8164843575157,9390.324849711596,,,R02,existing
P1_2345_6,G2,relay_components,G2-relay_components-01,R001,113.13731944608116,2500.002637752911,R002,2294.3547619882283,RE01,existing
P1_2345_6,G2,relay_components,G2-relay_components-01,R002,4794.3573997411395,8687.28771421572,,,RE01,existing
P1_2345_6,G2,relay_components,G2-relay_components-02,R003,1094.8164843575157,10551.813344790942,,,RE02,existing
P1_2345_6,G2,relay_components,G2-relay_components-03,R004,2134.297738856335,5243.065183552219,,,RE03,existing
P1_2345_6,G3,B_aircraft,G3-B_aircraft-01,T006,0.0,1189.630285736439,,,NEW-B_aircraft-01,procurement_required
P1_2345_6,G3,B_batteries,G3-B_batteries-01,T006,0.0,2323.07116269932,,,NEW-B_batteries-01,procurement_required
P16_234_5,G1,A_aircraft,G1-A_aircraft-01,T005,0.0,1312.470877312685,,,U01,existing
P16_234_5,G1,B_aircraft,G1-B_aircraft-01,T006,0.0,1189.630285736439,,,U05,existing
P16_234_5,G1,C_aircraft,G1-C_aircraft-01,T003,1438.035182877992,2867.4613603954576,T001,18.347015680992172,U07,existing
P16_234_5,G1,C_aircraft,G1-C_aircraft-01,T001,2885.80837607645,4447.234553593915,,,U07,existing
P16_234_5,G1,A_batteries,G1-A_batteries-01,T005,0.0,2178.7887122874713,,,A01,existing
P16_234_5,G1,B_batteries,G1-B_batteries-01,T006,0.0,2323.07116269932,,,B01,existing
P16_234_5,G1,C_batteries,G1-C_batteries-01,T003,1438.035182877992,4385.641813543676,,,C01,existing
P16_234_5,G1,C_batteries,G1-C_batteries-02,T001,2885.80837607645,6035.901229839401,,,C02,existing
P16_234_5,G2,A_aircraft,G2-A_aircraft-01,T002_1,0.0,1652.4416357195464,T016,2907.7784449921833,U02,existing
P16_234_5,G2,A_aircraft,G2-A_aircraft-01,T016,4560.22008071173,6255.978185380194,T019_1,5.000099999998383,U02,existing
P16_234_5,G2,A_aircraft,G2-A_aircraft-01,T019_1,6260.978285380193,7896.736390048657,,,U02,existing
P16_234_5,G2,A_aircraft,G2-A_aircraft-02,T009,1317.470977312685,2633.4851917296737,T014_2,5.0000999999997475,U03,existing
P16_234_5,G2,A_aircraft,G2-A_aircraft-02,T014_2,2638.4852917296735,4762.444692702658,T022,5.000099999999293,U03,existing
P16_234_5,G2,A_aircraft,G2-A_aircraft-02,T022,4767.444792702658,6458.979278941607,,,U03,existing
P16_234_5,G2,A_aircraft,G2-A_aircraft-03,T020,4720.220080711731,6690.4299276885495,,,U04,existing
P16_234_5,G2,A_aircraft,G2-A_aircraft-04,T023,5551.539557030659,7187.297661699124,,,NEW-A_aircraft-01,procurement_required
P16_234_5,G2,B_aircraft,G2-B_aircraft-01,T014_1,4.16673174186144e-07,1519.0243448285282,T007,3077.1957358832024,U06,existing
P16_234_5,G2,B_aircraft,G2-B_aircraft-01,T007,4596.220080711731,6939.352187396264,,,U06,existing
P16_234_5,G2,B_aircraft,G2-B_aircraft-02,T004,1194.630385736439,3227.943287050344,T013,5.000100000000202,NEW-B_aircraft-01,procurement_required
P16_234_5,G2,B_aircraft,G2-B_aircraft-02,T013,3232.9433870503444,5190.984658537339,T021,5.000100000000202,NEW-B_aircraft-01,procurement_required
P16_234_5,G2,B_aircraft,G2-B_aircraft-02,T021,5195.984758537339,7094.0260300243335,,,NEW-B_aircraft-01,procurement_required
P16_234_5,G2,C_aircraft,G2-C_aircraft-01,T010_1,0.0,1823.224406150507,T019_2,2629.010247443409,U08,existing
P16_234_5,G2,C_aircraft,G2-C_aircraft-01,T019_2,4452.234653593916,6691.4187185617575,T012,5.000099999999293,U08,existing
P16_234_5,G2,C_aircraft,G2-C_aircraft-01,T012,6696.418818561757,8811.50045984021,,,U08,existing
P16_234_5,G2,C_aircraft,G2-C_aircraft-02,T010_2,0.0,1433.035082877992,T018,3044.1849978337386,NEW-C_aircraft-01,procurement_required
P16_234_5,G2,C_aircraft,G2-C_aircraft-02,T018,4477.220080711731,6913.029601569379,,,NEW-C_aircraft-01,procurement_required
P16_234_5,G2,A_batteries,G2-A_batteries-01,T002_1,0.0,2667.5322461730734,T020,2052.687834538657,A02,existing
P16_234_5,G2,A_batteries,G2-A_batteries-01,T020,4720.220080711731,7930.430578375625,,,A02,existing
P16_234_5,G2,A_batteries,G2-A_batteries-02,T009,1317.470977312685,3525.3399936387705,T016,1034.8800870729592,A03,existing
P16_234_5,G2,A_batteries,G2-A_batteries-02,T016,4560.22008071173,7391.954497536396,,,A03,existing
P16_234_5,G2,A_batteries,G2-A_batteries-03,T014_2,2638.4852917296735,6105.968766534681,T019_1,155.0095188455116,A04,existing
P16_234_5,G2,A_batteries,G2-A_batteries-03,T019_1,6260.978285380193,8981.354683688944,,,A04,existing
P16_234_5,G2,A_batteries,G2-A_batteries-04,T022,4767.444792702658,7634.473785621062,,,A05,existing
P16_234_5,G2,A_batteries,G2-A_batteries-05,T023,5551.539557030659,8292.236282374923,,,A06,existing
P16_234_5,G2,B_batteries,G2-B_batteries-01,T014_1,4.16673174186144e-07,2956.2905629638744,T013,276.65282408647,B02,existing
P16_234_5,G2,B_batteries,G2-B_batteries-01,T013,3232.9433870503444,7150.230286022929,,,B02,existing
P16_234_5,G2,B_batteries,G2-B_batteries-02,T004,1194.630385736439,4994.129999948263,T021,201.85475858907648,B03,existing
P16_234_5,G2,B_batteries,G2-B_batteries-02,T021,5195.984758537339,8961.208181941944,,,B03,existing
P16_234_5,G2,B_batteries,G2-B_batteries-03,T007,4596.220080711731,8817.149572633247,,,B04,existing
P16_234_5,G2,C_batteries,G2-C_batteries-01,T010_1,0.0,3563.4170832737245,T012,3133.0017352880323,C03,existing
P16_234_5,G2,C_batteries,G2-C_batteries-01,T012,6696.418818561757,11304.166177291878,,,C03,existing
P16_234_5,G2,C_batteries,G2-C_batteries-02,T010_2,0.0,2880.8082760764496,T018,1596.411804635281,C04,existing
P16_234_5,G2,C_batteries,G2-C_batteries-02,T018,4477.220080711731,9411.383881543894,,,C04,existing
P16_234_5,G2,C_batteries,G2-C_batteries-03,T019_2,4452.234653593916,9160.096499981806,,,NEW-C_batteries-01,procurement_required
P16_234_5,G2,relay_aircraft,G2-relay_aircraft-01,R001,113.13731944608116,2129.2976388563347,R002,2665.0597608848047,R01,existing
P16_234_5,G2,relay_aircraft,G2-relay_aircraft-01,R002,4794.3573997411395,8150.275924236526,,,R01,existing
P16_234_5,G2,relay_aircraft,G2-relay_aircraft-02,R003,1094.8164843575157,9390.324849711596,,,R02,existing
P16_234_5,G2,relay_components,G2-relay_components-01,R001,113.13731944608116,2500.002637752911,R002,2294.3547619882283,RE01,existing
P16_234_5,G2,relay_components,G2-relay_components-01,R002,4794.3573997411395,8687.28771421572,,,RE01,existing
P16_234_5,G2,relay_components,G2-relay_components-02,R003,1094.8164843575157,10551.813344790942,,,RE02,existing
P16_234_5,G3,A_aircraft,G3-A_aircraft-01,T002_2,2048.115373302644,3650.7081092828166,,,NEW-A_aircraft-02,procurement_required
P16_234_5,G3,A_aircraft,G3-A_aircraft-02,T017,2048.115373302644,4391.962448014616,,,NEW-A_aircraft-03,procurement_required
P16_234_5,G3,A_aircraft,G3-A_aircraft-03,T011,2058.1153733026445,4188.754462062227,,,NEW-A_aircraft-04,procurement_required
P16_234_5,G3,B_aircraft,G3-B_aircraft-01,T008,1984.115373302644,3828.6542634582115,,,NEW-B_aircraft-02,procurement_required
P16_234_5,G3,C_aircraft,G3-C_aircraft-01,T015,2076.1153733026445,3744.0155776451697,,,NEW-C_aircraft-02,procurement_required
P16_234_5,G3,A_batteries,G3-A_batteries-01,T002_2,2048.115373302644,4715.175270999501,,,NEW-A_batteries-01,procurement_required
P16_234_5,G3,A_batteries,G3-A_batteries-02,T017,2048.115373302644,5755.52643126419,,,NEW-A_batteries-02,procurement_required
P16_234_5,G3,A_batteries,G3-A_batteries-03,T011,2058.1153733026445,5546.53945703066,,,NEW-A_batteries-03,procurement_required
P16_234_5,G3,B_batteries,G3-B_batteries-01,T008,1984.115373302644,5417.316226537593,,,NEW-B_batteries-01,procurement_required
P16_234_5,G3,C_batteries,G3-C_batteries-01,T015,2076.1153733026445,5451.076587273992,,,NEW-C_batteries-02,procurement_required
P16_234_5,G3,relay_aircraft,G3-relay_aircraft-01,R004,2134.297738856335,4789.357299741141,,,NEW-relay_aircraft-01,procurement_required
P16_234_5,G3,relay_components,G3-relay_components-01,R004,2134.297738856335,5243.065183552219,,,RE03,existing
P1_2346_5,G1,A_aircraft,G1-A_aircraft-01,T005,0.0,1312.470877312685,,,U01,existing
P1_2346_5,G1,C_aircraft,G1-C_aircraft-01,T003,1438.035182877992,2867.4613603954576,T001,18.347015680992172,U07,existing
P1_2346_5,G1,C_aircraft,G1-C_aircraft-01,T001,2885.80837607645,4447.234553593915,,,U07,existing
P1_2346_5,G1,A_batteries,G1-A_batteries-01,T005,0.0,2178.7887122874713,,,A01,existing
P1_2346_5,G1,C_batteries,G1-C_batteries-01,T003,1438.035182877992,4385.641813543676,,,C01,existing
P1_2346_5,G1,C_batteries,G1-C_batteries-02,T001,2885.80837607645,6035.901229839401,,,C02,existing
P1_2346_5,G2,A_aircraft,G2-A_aircraft-01,T002_1,0.0,1652.4416357195464,T016,2907.7784449921833,U02,existing
P1_2346_5,G2,A_aircraft,G2-A_aircraft-01,T016,4560.22008071173,6255.978185380194,T019_1,5.000099999998383,U02,existing
P1_2346_5,G2,A_aircraft,G2-A_aircraft-01,T019_1,6260.978285380193,7896.736390048657,,,U02,existing
P1_2346_5,G2,A_aircraft,G2-A_aircraft-02,T009,1317.470977312685,2633.4851917296737,T014_2,5.0000999999997475,U03,existing
P1_2346_5,G2,A_aircraft,G2-A_aircraft-02,T014_2,2638.4852917296735,4762.444692702658,T022,5.000099999999293,U03,existing
P1_2346_5,G2,A_aircraft,G2-A_aircraft-02,T022,4767.444792702658,6458.979278941607,,,U03,existing
P1_2346_5,G2,A_aircraft,G2-A_aircraft-03,T020,4720.220080711731,6690.4299276885495,,,U04,existing
P1_2346_5,G2,A_aircraft,G2-A_aircraft-04,T023,5551.539557030659,7187.297661699124,,,NEW-A_aircraft-01,procurement_required
P1_2346_5,G2,B_aircraft,G2-B_aircraft-01,T006,0.0,1189.630285736439,T004,5.000099999999975,U05,existing
P1_2346_5,G2,B_aircraft,G2-B_aircraft-01,T004,1194.630385736439,3227.943287050344,T013,5.000100000000202,U05,existing
P1_2346_5,G2,B_aircraft,G2-B_aircraft-01,T013,3232.9433870503444,5190.984658537339,T021,5.000100000000202,U05,existing
P1_2346_5,G2,B_aircraft,G2-B_aircraft-01,T021,5195.984758537339,7094.0260300243335,,,U05,existing
P1_2346_5,G2,B_aircraft,G2-B_aircraft-02,T014_1,4.16673174186144e-07,1519.0243448285282,T007,3077.1957358832024,U06,existing
P1_2346_5,G2,B_aircraft,G2-B_aircraft-02,T007,4596.220080711731,6939.352187396264,,,U06,existing
P1_2346_5,G2,C_aircraft,G2-C_aircraft-01,T010_1,0.0,1823.224406150507,T019_2,2629.010247443409,U08,existing
P1_2346_5,G2,C_aircraft,G2-C_aircraft-01,T019_2,4452.234653593916,6691.4187185617575,T012,5.000099999999293,U08,existing
P1_2346_5,G2,C_aircraft,G2-C_aircraft-01,T012,6696.418818561757,8811.50045984021,,,U08,existing
P1_2346_5,G2,C_aircraft,G2-C_aircraft-02,T010_2,0.0,1433.035082877992,T018,3044.1849978337386,NEW-C_aircraft-01,procurement_required
P1_2346_5,G2,C_aircraft,G2-C_aircraft-02,T018,4477.220080711731,6913.029601569379,,,NEW-C_aircraft-01,procurement_required
P1_2346_5,G2,A_batteries,G2-A_batteries-01,T002_1,0.0,2667.5322461730734,T020,2052.687834538657,A02,existing
P1_2346_5,G2,A_batteries,G2-A_batteries-01,T020,4720.220080711731,7930.430578375625,,,A02,existing
P1_2346_5,G2,A_batteries,G2-A_batteries-02,T009,1317.470977312685,3525.3399936387705,T016,1034.8800870729592,A03,existing
P1_2346_5,G2,A_batteries,G2-A_batteries-02,T016,4560.22008071173,7391.954497536396,,,A03,existing
P1_2346_5,G2,A_batteries,G2-A_batteries-03,T014_2,2638.4852917296735,6105.968766534681,T019_1,155.0095188455116,A04,existing
P1_2346_5,G2,A_batteries,G2-A_batteries-03,T019_1,6260.978285380193,8981.354683688944,,,A04,existing
P1_2346_5,G2,A_batteries,G2-A_batteries-04,T022,4767.444792702658,7634.473785621062,,,A05,existing
P1_2346_5,G2,A_batteries,G2-A_batteries-05,T023,5551.539557030659,8292.236282374923,,,A06,existing
P1_2346_5,G2,B_batteries,G2-B_batteries-01,T006,0.0,2323.07116269932,T007,2273.1489180124104,B01,existing
P1_2346_5,G2,B_batteries,G2-B_batteries-01,T007,4596.220080711731,8817.149572633247,,,B01,existing
P1_2346_5,G2,B_batteries,G2-B_batteries-02,T014_1,4.16673174186144e-07,2956.2905629638744,T013,276.65282408647,B02,existing
P1_2346_5,G2,B_batteries,G2-B_batteries-02,T013,3232.9433870503444,7150.230286022929,,,B02,existing
P1_2346_5,G2,B_batteries,G2-B_batteries-03,T004,1194.630385736439,4994.129999948263,T021,201.85475858907648,B03,existing
P1_2346_5,G2,B_batteries,G2-B_batteries-03,T021,5195.984758537339,8961.208181941944,,,B03,existing
P1_2346_5,G2,C_batteries,G2-C_batteries-01,T010_1,0.0,3563.4170832737245,T012,3133.0017352880323,C03,existing
P1_2346_5,G2,C_batteries,G2-C_batteries-01,T012,6696.418818561757,11304.166177291878,,,C03,existing
P1_2346_5,G2,C_batteries,G2-C_batteries-02,T010_2,0.0,2880.8082760764496,T018,1596.411804635281,C04,existing
P1_2346_5,G2,C_batteries,G2-C_batteries-02,T018,4477.220080711731,9411.383881543894,,,C04,existing
P1_2346_5,G2,C_batteries,G2-C_batteries-03,T019_2,4452.234653593916,9160.096499981806,,,NEW-C_batteries-01,procurement_required
P1_2346_5,G2,relay_aircraft,G2-relay_aircraft-01,R001,113.13731944608116,2129.2976388563347,R002,2665.0597608848047,R01,existing
P1_2346_5,G2,relay_aircraft,G2-relay_aircraft-01,R002,4794.3573997411395,8150.275924236526,,,R01,existing
P1_2346_5,G2,relay_aircraft,G2-relay_aircraft-02,R003,1094.8164843575157,9390.324849711596,,,R02,existing
P1_2346_5,G2,relay_components,G2-relay_components-01,R001,113.13731944608116,2500.002637752911,R002,2294.3547619882283,RE01,existing
P1_2346_5,G2,relay_components,G2-relay_components-01,R002,4794.3573997411395,8687.28771421572,,,RE01,existing
P1_2346_5,G2,relay_components,G2-relay_components-02,R003,1094.8164843575157,10551.813344790942,,,RE02,existing
P1_2346_5,G3,A_aircraft,G3-A_aircraft-01,T002_2,2048.115373302644,3650.7081092828166,,,NEW-A_aircraft-02,procurement_required
P1_2346_5,G3,A_aircraft,G3-A_aircraft-02,T017,2048.115373302644,4391.962448014616,,,NEW-A_aircraft-03,procurement_required
P1_2346_5,G3,A_aircraft,G3-A_aircraft-03,T011,2058.1153733026445,4188.754462062227,,,NEW-A_aircraft-04,procurement_required
P1_2346_5,G3,B_aircraft,G3-B_aircraft-01,T008,1984.115373302644,3828.6542634582115,,,NEW-B_aircraft-01,procurement_required
P1_2346_5,G3,C_aircraft,G3-C_aircraft-01,T015,2076.1153733026445,3744.0155776451697,,,NEW-C_aircraft-02,procurement_required
P1_2346_5,G3,A_batteries,G3-A_batteries-01,T002_2,2048.115373302644,4715.175270999501,,,NEW-A_batteries-01,procurement_required
P1_2346_5,G3,A_batteries,G3-A_batteries-02,T017,2048.115373302644,5755.52643126419,,,NEW-A_batteries-02,procurement_required
P1_2346_5,G3,A_batteries,G3-A_batteries-03,T011,2058.1153733026445,5546.53945703066,,,NEW-A_batteries-03,procurement_required
P1_2346_5,G3,B_batteries,G3-B_batteries-01,T008,1984.115373302644,5417.316226537593,,,B04,existing
P1_2346_5,G3,C_batteries,G3-C_batteries-01,T015,2076.1153733026445,5451.076587273992,,,NEW-C_batteries-02,procurement_required
P1_2346_5,G3,relay_aircraft,G3-relay_aircraft-01,R004,2134.297738856335,4789.357299741141,,,NEW-relay_aircraft-01,procurement_required
P1_2346_5,G3,relay_components,G3-relay_components-01,R004,2134.297738856335,5243.065183552219,,,RE03,existing
P1_234_56,G1,A_aircraft,G1-A_aircraft-01,T005,0.0,1312.470877312685,,,U01,existing
P1_234_56,G1,C_aircraft,G1-C_aircraft-01,T003,1438.035182877992,2867.4613603954576,T001,18.347015680992172,U07,existing
P1_234_56,G1,C_aircraft,G1-C_aircraft-01,T001,2885.80837607645,4447.234553593915,,,U07,existing
P1_234_56,G1,A_batteries,G1-A_batteries-01,T005,0.0,2178.7887122874713,,,A01,existing
P1_234_56,G1,C_batteries,G1-C_batteries-01,T003,1438.035182877992,4385.641813543676,,,C01,existing
P1_234_56,G1,C_batteries,G1-C_batteries-02,T001,2885.80837607645,6035.901229839401,,,C02,existing
P1_234_56,G2,A_aircraft,G2-A_aircraft-01,T002_1,0.0,1652.4416357195464,T016,2907.7784449921833,U02,existing
P1_234_56,G2,A_aircraft,G2-A_aircraft-01,T016,4560.22008071173,6255.978185380194,T019_1,5.000099999998383,U02,existing
P1_234_56,G2,A_aircraft,G2-A_aircraft-01,T019_1,6260.978285380193,7896.736390048657,,,U02,existing
P1_234_56,G2,A_aircraft,G2-A_aircraft-02,T009,1317.470977312685,2633.4851917296737,T014_2,5.0000999999997475,U03,existing
P1_234_56,G2,A_aircraft,G2-A_aircraft-02,T014_2,2638.4852917296735,4762.444692702658,T022,5.000099999999293,U03,existing
P1_234_56,G2,A_aircraft,G2-A_aircraft-02,T022,4767.444792702658,6458.979278941607,,,U03,existing
P1_234_56,G2,A_aircraft,G2-A_aircraft-03,T020,4720.220080711731,6690.4299276885495,,,U04,existing
P1_234_56,G2,A_aircraft,G2-A_aircraft-04,T023,5551.539557030659,7187.297661699124,,,NEW-A_aircraft-01,procurement_required
P1_234_56,G2,B_aircraft,G2-B_aircraft-01,T014_1,4.16673174186144e-07,1519.0243448285282,T007,3077.1957358832024,U05,existing
P1_234_56,G2,B_aircraft,G2-B_aircraft-01,T007,4596.220080711731,6939.352187396264,,,U05,existing
P1_234_56,G2,B_aircraft,G2-B_aircraft-02,T004,1194.630385736439,3227.943287050344,T013,5.000100000000202,U06,existing
P1_234_56,G2,B_aircraft,G2-B_aircraft-02,T013,3232.9433870503444,5190.984658537339,T021,5.000100000000202,U06,existing
P1_234_56,G2,B_aircraft,G2-B_aircraft-02,T021,5195.984758537339,7094.0260300243335,,,U06,existing
P1_234_56,G2,C_aircraft,G2-C_aircraft-01,T010_1,0.0,1823.224406150507,T019_2,2629.010247443409,U08,existing
P1_234_56,G2,C_aircraft,G2-C_aircraft-01,T019_2,4452.234653593916,6691.4187185617575,T012,5.000099999999293,U08,existing
P1_234_56,G2,C_aircraft,G2-C_aircraft-01,T012,6696.418818561757,8811.50045984021,,,U08,existing
P1_234_56,G2,C_aircraft,G2-C_aircraft-02,T010_2,0.0,1433.035082877992,T018,3044.1849978337386,NEW-C_aircraft-01,procurement_required
P1_234_56,G2,C_aircraft,G2-C_aircraft-02,T018,4477.220080711731,6913.029601569379,,,NEW-C_aircraft-01,procurement_required
P1_234_56,G2,A_batteries,G2-A_batteries-01,T002_1,0.0,2667.5322461730734,T020,2052.687834538657,A02,existing
P1_234_56,G2,A_batteries,G2-A_batteries-01,T020,4720.220080711731,7930.430578375625,,,A02,existing
P1_234_56,G2,A_batteries,G2-A_batteries-02,T009,1317.470977312685,3525.3399936387705,T016,1034.8800870729592,A03,existing
P1_234_56,G2,A_batteries,G2-A_batteries-02,T016,4560.22008071173,7391.954497536396,,,A03,existing
P1_234_56,G2,A_batteries,G2-A_batteries-03,T014_2,2638.4852917296735,6105.968766534681,T019_1,155.0095188455116,A04,existing
P1_234_56,G2,A_batteries,G2-A_batteries-03,T019_1,6260.978285380193,8981.354683688944,,,A04,existing
P1_234_56,G2,A_batteries,G2-A_batteries-04,T022,4767.444792702658,7634.473785621062,,,A05,existing
P1_234_56,G2,A_batteries,G2-A_batteries-05,T023,5551.539557030659,8292.236282374923,,,A06,existing
P1_234_56,G2,B_batteries,G2-B_batteries-01,T014_1,4.16673174186144e-07,2956.2905629638744,T013,276.65282408647,B01,existing
P1_234_56,G2,B_batteries,G2-B_batteries-01,T013,3232.9433870503444,7150.230286022929,,,B01,existing
P1_234_56,G2,B_batteries,G2-B_batteries-02,T004,1194.630385736439,4994.129999948263,T021,201.85475858907648,B02,existing
P1_234_56,G2,B_batteries,G2-B_batteries-02,T021,5195.984758537339,8961.208181941944,,,B02,existing
P1_234_56,G2,B_batteries,G2-B_batteries-03,T007,4596.220080711731,8817.149572633247,,,B03,existing
P1_234_56,G2,C_batteries,G2-C_batteries-01,T010_1,0.0,3563.4170832737245,T012,3133.0017352880323,C03,existing
P1_234_56,G2,C_batteries,G2-C_batteries-01,T012,6696.418818561757,11304.166177291878,,,C03,existing
P1_234_56,G2,C_batteries,G2-C_batteries-02,T010_2,0.0,2880.8082760764496,T018,1596.411804635281,C04,existing
P1_234_56,G2,C_batteries,G2-C_batteries-02,T018,4477.220080711731,9411.383881543894,,,C04,existing
P1_234_56,G2,C_batteries,G2-C_batteries-03,T019_2,4452.234653593916,9160.096499981806,,,NEW-C_batteries-01,procurement_required
P1_234_56,G2,relay_aircraft,G2-relay_aircraft-01,R001,113.13731944608116,2129.2976388563347,R002,2665.0597608848047,R01,existing
P1_234_56,G2,relay_aircraft,G2-relay_aircraft-01,R002,4794.3573997411395,8150.275924236526,,,R01,existing
P1_234_56,G2,relay_aircraft,G2-relay_aircraft-02,R003,1094.8164843575157,9390.324849711596,,,R02,existing
P1_234_56,G2,relay_components,G2-relay_components-01,R001,113.13731944608116,2500.002637752911,R002,2294.3547619882283,RE01,existing
P1_234_56,G2,relay_components,G2-relay_components-01,R002,4794.3573997411395,8687.28771421572,,,RE01,existing
P1_234_56,G2,relay_components,G2-relay_components-02,R003,1094.8164843575157,10551.813344790942,,,RE02,existing
P1_234_56,G3,A_aircraft,G3-A_aircraft-01,T002_2,2048.115373302644,3650.7081092828166,,,NEW-A_aircraft-02,procurement_required
P1_234_56,G3,A_aircraft,G3-A_aircraft-02,T017,2048.115373302644,4391.962448014616,,,NEW-A_aircraft-03,procurement_required
P1_234_56,G3,A_aircraft,G3-A_aircraft-03,T011,2058.1153733026445,4188.754462062227,,,NEW-A_aircraft-04,procurement_required
P1_234_56,G3,B_aircraft,G3-B_aircraft-01,T006,0.0,1189.630285736439,T008,794.485087566205,NEW-B_aircraft-01,procurement_required
P1_234_56,G3,B_aircraft,G3-B_aircraft-01,T008,1984.115373302644,3828.6542634582115,,,NEW-B_aircraft-01,procurement_required
P1_234_56,G3,C_aircraft,G3-C_aircraft-01,T015,2076.1153733026445,3744.0155776451697,,,NEW-C_aircraft-02,procurement_required
P1_234_56,G3,A_batteries,G3-A_batteries-01,T002_2,2048.115373302644,4715.175270999501,,,NEW-A_batteries-01,procurement_required
P1_234_56,G3,A_batteries,G3-A_batteries-02,T017,2048.115373302644,5755.52643126419,,,NEW-A_batteries-02,procurement_required
P1_234_56,G3,A_batteries,G3-A_batteries-03,T011,2058.1153733026445,5546.53945703066,,,NEW-A_batteries-03,procurement_required
P1_234_56,G3,B_batteries,G3-B_batteries-01,T006,0.0,2323.07116269932,,,B04,existing
P1_234_56,G3,B_batteries,G3-B_batteries-02,T008,1984.115373302644,5417.316226537593,,,NEW-B_batteries-01,procurement_required
P1_234_56,G3,C_batteries,G3-C_batteries-01,T015,2076.1153733026445,5451.076587273992,,,NEW-C_batteries-02,procurement_required
P1_234_56,G3,relay_aircraft,G3-relay_aircraft-01,R004,2134.297738856335,4789.357299741141,,,NEW-relay_aircraft-01,procurement_required
P1_234_56,G3,relay_components,G3-relay_components-01,R004,2134.297738856335,5243.065183552219,,,RE03,existing
P156_23_4,G1,A_aircraft,G1-A_aircraft-01,T005,0.0,1312.470877312685,T011,745.6444959899595,U01,existing
P156_23_4,G1,A_aircraft,G1-A_aircraft-01,T011,2058.1153733026445,4188.754462062227,,,U01,existing
P156_23_4,G1,A_aircraft,G1-A_aircraft-02,T002_2,2048.115373302644,3650.7081092828166,,,U02,existing
P156_23_4,G1,A_aircraft,G1-A_aircraft-03,T017,2048.115373302644,4391.962448014616,,,U03,existing
P156_23_4,G1,B_aircraft,G1-B_aircraft-01,T006,0.0,1189.630285736439,T008,794.485087566205,U05,existing
P156_23_4,G1,B_aircraft,G1-B_aircraft-01,T008,1984.115373302644,3828.6542634582115,,,U05,existing
P156_23_4,G1,C_aircraft,G1-C_aircraft-01,T003,1438.035182877992,2867.4613603954576,T001,18.347015680992172,U07,existing
P156_23_4,G1,C_aircraft,G1-C_aircraft-01,T001,2885.80837607645,4447.234553593915,,,U07,existing
P156_23_4,G1,C_aircraft,G1-C_aircraft-02,T015,2076.1153733026445,3744.0155776451697,,,U08,existing
P156_23_4,G1,A_batteries,G1-A_batteries-01,T005,0.0,2178.7887122874713,,,A01,existing
P156_23_4,G1,A_batteries,G1-A_batteries-02,T002_2,2048.115373302644,4715.175270999501,,,A02,existing
P156_23_4,G1,A_batteries,G1-A_batteries-03,T017,2048.115373302644,5755.52643126419,,,A03,existing
P156_23_4,G1,A_batteries,G1-A_batteries-04,T011,2058.1153733026445,5546.53945703066,,,A04,existing
P156_23_4,G1,B_batteries,G1-B_batteries-01,T006,0.0,2323.07116269932,,,B01,existing
P156_23_4,G1,B_batteries,G1-B_batteries-02,T008,1984.115373302644,5417.316226537593,,,B02,existing
P156_23_4,G1,C_batteries,G1-C_batteries-01,T003,1438.035182877992,4385.641813543676,,,C01,existing
P156_23_4,G1,C_batteries,G1-C_batteries-02,T015,2076.1153733026445,5451.076587273992,,,C02,existing
P156_23_4,G1,C_batteries,G1-C_batteries-03,T001,2885.80837607645,6035.901229839401,,,C03,existing
P156_23_4,G1,relay_aircraft,G1-relay_aircraft-01,R004,2134.297738856335,4789.357299741141,,,R01,existing
P156_23_4,G1,relay_components,G1-relay_components-01,R004,2134.297738856335,5243.065183552219,,,RE01,existing
P156_23_4,G2,A_aircraft,G2-A_aircraft-01,T002_1,0.0,1652.4416357195464,T014_2,986.043656010127,U04,existing
P156_23_4,G2,A_aircraft,G2-A_aircraft-01,T014_2,2638.4852917296735,4762.444692702658,T022,5.000099999999293,U04,existing
P156_23_4,G2,A_aircraft,G2-A_aircraft-01,T022,4767.444792702658,6458.979278941607,,,U04,existing
P156_23_4,G2,A_aircraft,G2-A_aircraft-02,T016,4560.22008071173,6255.978185380194,T019_1,5.000099999998383,NEW-A_aircraft-01,procurement_required
P156_23_4,G2,A_aircraft,G2-A_aircraft-02,T019_1,6260.978285380193,7896.736390048657,,,NEW-A_aircraft-01,procurement_required
P156_23_4,G2,A_aircraft,G2-A_aircraft-03,T020,4720.220080711731,6690.4299276885495,,,NEW-A_aircraft-02,procurement_required
P156_23_4,G2,A_aircraft,G2-A_aircraft-04,T023,5551.539557030659,7187.297661699124,,,NEW-A_aircraft-03,procurement_required
P156_23_4,G2,B_aircraft,G2-B_aircraft-01,T014_1,4.16673174186144e-07,1519.0243448285282,T007,3077.1957358832024,U06,existing
P156_23_4,G2,B_aircraft,G2-B_aircraft-01,T007,4596.220080711731,6939.352187396264,,,U06,existing
P156_23_4,G2,B_aircraft,G2-B_aircraft-02,T004,1194.630385736439,3227.943287050344,T013,5.000100000000202,NEW-B_aircraft-01,procurement_required
P156_23_4,G2,B_aircraft,G2-B_aircraft-02,T013,3232.9433870503444,5190.984658537339,T021,5.000100000000202,NEW-B_aircraft-01,procurement_required
P156_23_4,G2,B_aircraft,G2-B_aircraft-02,T021,5195.984758537339,7094.0260300243335,,,NEW-B_aircraft-01,procurement_required
P156_23_4,G2,C_aircraft,G2-C_aircraft-01,T010_1,0.0,1823.224406150507,T019_2,2629.010247443409,NEW-C_aircraft-01,procurement_required
P156_23_4,G2,C_aircraft,G2-C_aircraft-01,T019_2,4452.234653593916,6691.4187185617575,T012,5.000099999999293,NEW-C_aircraft-01,procurement_required
P156_23_4,G2,C_aircraft,G2-C_aircraft-01,T012,6696.418818561757,8811.50045984021,,,NEW-C_aircraft-01,procurement_required
P156_23_4,G2,C_aircraft,G2-C_aircraft-02,T018,4477.220080711731,6913.029601569379,,,NEW-C_aircraft-02,procurement_required
P156_23_4,G2,A_batteries,G2-A_batteries-01,T002_1,0.0,2667.5322461730734,T016,1892.6878345386563,A05,existing
P156_23_4,G2,A_batteries,G2-A_batteries-01,T016,4560.22008071173,7391.954497536396,,,A05,existing
P156_23_4,G2,A_batteries,G2-A_batteries-02,T014_2,2638.4852917296735,6105.968766534681,T019_1,155.0095188455116,A06,existing
P156_23_4,G2,A_batteries,G2-A_batteries-02,T019_1,6260.978285380193,8981.354683688944,,,A06,existing
P156_23_4,G2,A_batteries,G2-A_batteries-03,T020,4720.220080711731,7930.430578375625,,,NEW-A_batteries-01,procurement_required
P156_23_4,G2,A_batteries,G2-A_batteries-04,T022,4767.444792702658,7634.473785621062,,,NEW-A_batteries-02,procurement_required
P156_23_4,G2,A_batteries,G2-A_batteries-05,T023,5551.539557030659,8292.236282374923,,,NEW-A_batteries-03,procurement_required
P156_23_4,G2,B_batteries,G2-B_batteries-01,T014_1,4.16673174186144e-07,2956.2905629638744,T013,276.65282408647,B03,existing
P156_23_4,G2,B_batteries,G2-B_batteries-01,T013,3232.9433870503444,7150.230286022929,,,B03,existing
P156_23_4,G2,B_batteries,G2-B_batteries-02,T004,1194.630385736439,4994.129999948263,T021,201.85475858907648,B04,existing
P156_23_4,G2,B_batteries,G2-B_batteries-02,T021,5195.984758537339,8961.208181941944,,,B04,existing
P156_23_4,G2,B_batteries,G2-B_batteries-03,T007,4596.220080711731,8817.149572633247,,,NEW-B_batteries-01,procurement_required
P156_23_4,G2,C_batteries,G2-C_batteries-01,T010_1,0.0,3563.4170832737245,T012,3133.0017352880323,C04,existing
P156_23_4,G2,C_batteries,G2-C_batteries-01,T012,6696.418818561757,11304.166177291878,,,C04,existing
P156_23_4,G2,C_batteries,G2-C_batteries-02,T019_2,4452.234653593916,9160.096499981806,,,NEW-C_batteries-01,procurement_required
P156_23_4,G2,C_batteries,G2-C_batteries-03,T018,4477.220080711731,9411.383881543894,,,NEW-C_batteries-02,procurement_required
P156_23_4,G2,relay_aircraft,G2-relay_aircraft-01,R001,113.13731944608116,2129.2976388563347,R002,2665.0597608848047,R02,existing
P156_23_4,G2,relay_aircraft,G2-relay_aircraft-01,R002,4794.3573997411395,8150.275924236526,,,R02,existing
P156_23_4,G2,relay_aircraft,G2-relay_aircraft-02,R003,1094.8164843575157,9390.324849711596,,,NEW-relay_aircraft-01,procurement_required
P156_23_4,G2,relay_components,G2-relay_components-01,R001,113.13731944608116,2500.002637752911,R002,2294.3547619882283,RE02,existing
P156_23_4,G2,relay_components,G2-relay_components-01,R002,4794.3573997411395,8687.28771421572,,,RE02,existing
P156_23_4,G2,relay_components,G2-relay_components-02,R003,1094.8164843575157,10551.813344790942,,,RE03,existing
P156_23_4,G3,A_aircraft,G3-A_aircraft-01,T009,1317.470977312685,2633.4851917296737,,,NEW-A_aircraft-04,procurement_required
P156_23_4,G3,C_aircraft,G3-C_aircraft-01,T010_2,0.0,1433.035082877992,,,NEW-C_aircraft-03,procurement_required
P156_23_4,G3,A_batteries,G3-A_batteries-01,T009,1317.470977312685,3525.3399936387705,,,NEW-A_batteries-04,procurement_required
P156_23_4,G3,C_batteries,G3-C_batteries-01,T010_2,0.0,2880.8082760764496,,,NEW-C_batteries-03,procurement_required
P15_236_4,G1,A_aircraft,G1-A_aircraft-01,T005,0.0,1312.470877312685,T011,745.6444959899595,U01,existing
P15_236_4,G1,A_aircraft,G1-A_aircraft-01,T011,2058.1153733026445,4188.754462062227,,,U01,existing
P15_236_4,G1,A_aircraft,G1-A_aircraft-02,T002_2,2048.115373302644,3650.7081092828166,,,U02,existing
P15_236_4,G1,A_aircraft,G1-A_aircraft-03,T017,2048.115373302644,4391.962448014616,,,U03,existing
P15_236_4,G1,B_aircraft,G1-B_aircraft-01,T008,1984.115373302644,3828.6542634582115,,,U05,existing
P15_236_4,G1,C_aircraft,G1-C_aircraft-01,T003,1438.035182877992,2867.4613603954576,T001,18.347015680992172,U07,existing
P15_236_4,G1,C_aircraft,G1-C_aircraft-01,T001,2885.80837607645,4447.234553593915,,,U07,existing
P15_236_4,G1,C_aircraft,G1-C_aircraft-02,T015,2076.1153733026445,3744.0155776451697,,,U08,existing
P15_236_4,G1,A_batteries,G1-A_batteries-01,T005,0.0,2178.7887122874713,,,A01,existing
P15_236_4,G1,A_batteries,G1-A_batteries-02,T002_2,2048.115373302644,4715.175270999501,,,A02,existing
P15_236_4,G1,A_batteries,G1-A_batteries-03,T017,2048.115373302644,5755.52643126419,,,A03,existing
P15_236_4,G1,A_batteries,G1-A_batteries-04,T011,2058.1153733026445,5546.53945703066,,,A04,existing
P15_236_4,G1,B_batteries,G1-B_batteries-01,T008,1984.115373302644,5417.316226537593,,,B01,existing
P15_236_4,G1,C_batteries,G1-C_batteries-01,T003,1438.035182877992,4385.641813543676,,,C01,existing
P15_236_4,G1,C_batteries,G1-C_batteries-02,T015,2076.1153733026445,5451.076587273992,,,C02,existing
P15_236_4,G1,C_batteries,G1-C_batteries-03,T001,2885.80837607645,6035.901229839401,,,C03,existing
P15_236_4,G1,relay_aircraft,G1-relay_aircraft-01,R004,2134.297738856335,4789.357299741141,,,R01,existing
P15_236_4,G1,relay_components,G1-relay_components-01,R004,2134.297738856335,5243.065183552219,,,RE01,existing
P15_236_4,G2,A_aircraft,G2-A_aircraft-01,T002_1,0.0,1652.4416357195464,T014_2,986.043656010127,U04,existing
P15_236_4,G2,A_aircraft,G2-A_aircraft-01,T014_2,2638.4852917296735,4762.444692702658,T022,5.000099999999293,U04,existing
P15_236_4,G2,A_aircraft,G2-A_aircraft-01,T022,4767.444792702658,6458.979278941607,,,U04,existing
P15_236_4,G2,A_aircraft,G2-A_aircraft-02,T016,4560.22008071173,6255.978185380194,T019_1,5.000099999998383,NEW-A_aircraft-01,procurement_required
P15_236_4,G2,A_aircraft,G2-A_aircraft-02,T019_1,6260.978285380193,7896.736390048657,,,NEW-A_aircraft-01,procurement_required
P15_236_4,G2,A_aircraft,G2-A_aircraft-03,T020,4720.220080711731,6690.4299276885495,,,NEW-A_aircraft-02,procurement_required
P15_236_4,G2,A_aircraft,G2-A_aircraft-04,T023,5551.539557030659,7187.297661699124,,,NEW-A_aircraft-03,procurement_required
P15_236_4,G2,B_aircraft,G2-B_aircraft-01,T006,0.0,1189.630285736439,T004,5.000099999999975,U06,existing
P15_236_4,G2,B_aircraft,G2-B_aircraft-01,T004,1194.630385736439,3227.943287050344,T013,5.000100000000202,U06,existing
P15_236_4,G2,B_aircraft,G2-B_aircraft-01,T013,3232.9433870503444,5190.984658537339,T021,5.000100000000202,U06,existing
P15_236_4,G2,B_aircraft,G2-B_aircraft-01,T021,5195.984758537339,7094.0260300243335,,,U06,existing
P15_236_4,G2,B_aircraft,G2-B_aircraft-02,T014_1,4.16673174186144e-07,1519.0243448285282,T007,3077.1957358832024,NEW-B_aircraft-01,procurement_required
P15_236_4,G2,B_aircraft,G2-B_aircraft-02,T007,4596.220080711731,6939.352187396264,,,NEW-B_aircraft-01,procurement_required
P15_236_4,G2,C_aircraft,G2-C_aircraft-01,T010_1,0.0,1823.224406150507,T019_2,2629.010247443409,NEW-C_aircraft-01,procurement_required
P15_236_4,G2,C_aircraft,G2-C_aircraft-01,T019_2,4452.234653593916,6691.4187185617575,T012,5.000099999999293,NEW-C_aircraft-01,procurement_required
P15_236_4,G2,C_aircraft,G2-C_aircraft-01,T012,6696.418818561757,8811.50045984021,,,NEW-C_aircraft-01,procurement_required
P15_236_4,G2,C_aircraft,G2-C_aircraft-02,T018,4477.220080711731,6913.029601569379,,,NEW-C_aircraft-02,procurement_required
P15_236_4,G2,A_batteries,G2-A_batteries-01,T002_1,0.0,2667.5322461730734,T016,1892.6878345386563,A05,existing
P15_236_4,G2,A_batteries,G2-A_batteries-01,T016,4560.22008071173,7391.954497536396,,,A05,existing
P15_236_4,G2,A_batteries,G2-A_batteries-02,T014_2,2638.4852917296735,6105.968766534681,T019_1,155.0095188455116,A06,existing
P15_236_4,G2,A_batteries,G2-A_batteries-02,T019_1,6260.978285380193,8981.354683688944,,,A06,existing
P15_236_4,G2,A_batteries,G2-A_batteries-03,T020,4720.220080711731,7930.430578375625,,,NEW-A_batteries-01,procurement_required
P15_236_4,G2,A_batteries,G2-A_batteries-04,T022,4767.444792702658,7634.473785621062,,,NEW-A_batteries-02,procurement_required
P15_236_4,G2,A_batteries,G2-A_batteries-05,T023,5551.539557030659,8292.236282374923,,,NEW-A_batteries-03,procurement_required
P15_236_4,G2,B_batteries,G2-B_batteries-01,T006,0.0,2323.07116269932,T007,2273.1489180124104,B02,existing
P15_236_4,G2,B_batteries,G2-B_batteries-01,T007,4596.220080711731,8817.149572633247,,,B02,existing
P15_236_4,G2,B_batteries,G2-B_batteries-02,T014_1,4.16673174186144e-07,2956.2905629638744,T013,276.65282408647,B03,existing
P15_236_4,G2,B_batteries,G2-B_batteries-02,T013,3232.9433870503444,7150.230286022929,,,B03,existing
P15_236_4,G2,B_batteries,G2-B_batteries-03,T004,1194.630385736439,4994.129999948263,T021,201.85475858907648,B04,existing
P15_236_4,G2,B_batteries,G2-B_batteries-03,T021,5195.984758537339,8961.208181941944,,,B04,existing
P15_236_4,G2,C_batteries,G2-C_batteries-01,T010_1,0.0,3563.4170832737245,T012,3133.0017352880323,C04,existing
P15_236_4,G2,C_batteries,G2-C_batteries-01,T012,6696.418818561757,11304.166177291878,,,C04,existing
P15_236_4,G2,C_batteries,G2-C_batteries-02,T019_2,4452.234653593916,9160.096499981806,,,NEW-C_batteries-01,procurement_required
P15_236_4,G2,C_batteries,G2-C_batteries-03,T018,4477.220080711731,9411.383881543894,,,NEW-C_batteries-02,procurement_required
P15_236_4,G2,relay_aircraft,G2-relay_aircraft-01,R001,113.13731944608116,2129.2976388563347,R002,2665.0597608848047,R02,existing
P15_236_4,G2,relay_aircraft,G2-relay_aircraft-01,R002,4794.3573997411395,8150.275924236526,,,R02,existing
P15_236_4,G2,relay_aircraft,G2-relay_aircraft-02,R003,1094.8164843575157,9390.324849711596,,,NEW-relay_aircraft-01,procurement_required
P15_236_4,G2,relay_components,G2-relay_components-01,R001,113.13731944608116,2500.002637752911,R002,2294.3547619882283,RE02,existing
P15_236_4,G2,relay_components,G2-relay_components-01,R002,4794.3573997411395,8687.28771421572,,,RE02,existing
P15_236_4,G2,relay_components,G2-relay_components-02,R003,1094.8164843575157,10551.813344790942,,,RE03,existing
P15_236_4,G3,A_aircraft,G3-A_aircraft-01,T009,1317.470977312685,2633.4851917296737,,,NEW-A_aircraft-04,procurement_required
P15_236_4,G3,C_aircraft,G3-C_aircraft-01,T010_2,0.0,1433.035082877992,,,NEW-C_aircraft-03,procurement_required
P15_236_4,G3,A_batteries,G3-A_batteries-01,T009,1317.470977312685,3525.3399936387705,,,NEW-A_batteries-04,procurement_required
P15_236_4,G3,C_batteries,G3-C_batteries-01,T010_2,0.0,2880.8082760764496,,,NEW-C_batteries-03,procurement_required
P15_23_46,G1,A_aircraft,G1-A_aircraft-01,T005,0.0,1312.470877312685,T011,745.6444959899595,U01,existing
P15_23_46,G1,A_aircraft,G1-A_aircraft-01,T011,2058.1153733026445,4188.754462062227,,,U01,existing
P15_23_46,G1,A_aircraft,G1-A_aircraft-02,T002_2,2048.115373302644,3650.7081092828166,,,U02,existing
P15_23_46,G1,A_aircraft,G1-A_aircraft-03,T017,2048.115373302644,4391.962448014616,,,U03,existing
P15_23_46,G1,B_aircraft,G1-B_aircraft-01,T008,1984.115373302644,3828.6542634582115,,,U05,existing
P15_23_46,G1,C_aircraft,G1-C_aircraft-01,T003,1438.035182877992,2867.4613603954576,T001,18.347015680992172,U07,existing
P15_23_46,G1,C_aircraft,G1-C_aircraft-01,T001,2885.80837607645,4447.234553593915,,,U07,existing
P15_23_46,G1,C_aircraft,G1-C_aircraft-02,T015,2076.1153733026445,3744.0155776451697,,,U08,existing
P15_23_46,G1,A_batteries,G1-A_batteries-01,T005,0.0,2178.7887122874713,,,A01,existing
P15_23_46,G1,A_batteries,G1-A_batteries-02,T002_2,2048.115373302644,4715.175270999501,,,A02,existing
P15_23_46,G1,A_batteries,G1-A_batteries-03,T017,2048.115373302644,5755.52643126419,,,A03,existing
P15_23_46,G1,A_batteries,G1-A_batteries-04,T011,2058.1153733026445,5546.53945703066,,,A04,existing
P15_23_46,G1,B_batteries,G1-B_batteries-01,T008,1984.115373302644,5417.316226537593,,,B01,existing
P15_23_46,G1,C_batteries,G1-C_batteries-01,T003,1438.035182877992,4385.641813543676,,,C01,existing
P15_23_46,G1,C_batteries,G1-C_batteries-02,T015,2076.1153733026445,5451.076587273992,,,C02,existing
P15_23_46,G1,C_batteries,G1-C_batteries-03,T001,2885.80837607645,6035.901229839401,,,C03,existing
P15_23_46,G1,relay_aircraft,G1-relay_aircraft-01,R004,2134.297738856335,4789.357299741141,,,R01,existing
P15_23_46,G1,relay_components,G1-relay_components-01,R004,2134.297738856335,5243.065183552219,,,RE01,existing
P15_23_46,G2,A_aircraft,G2-A_aircraft-01,T002_1,0.0,1652.4416357195464,T014_2,986.043656010127,U04,existing
P15_23_46,G2,A_aircraft,G2-A_aircraft-01,T014_2,2638.4852917296735,4762.444692702658,T022,5.000099999999293,U04,existing
P15_23_46,G2,A_aircraft,G2-A_aircraft-01,T022,4767.444792702658,6458.979278941607,,,U04,existing
P15_23_46,G2,A_aircraft,G2-A_aircraft-02,T016,4560.22008071173,6255.978185380194,T019_1,5.000099999998383,NEW-A_aircraft-01,procurement_required
P15_23_46,G2,A_aircraft,G2-A_aircraft-02,T019_1,6260.978285380193,7896.736390048657,,,NEW-A_aircraft-01,procurement_required
P15_23_46,G2,A_aircraft,G2-A_aircraft-03,T020,4720.220080711731,6690.4299276885495,,,NEW-A_aircraft-02,procurement_required
P15_23_46,G2,A_aircraft,G2-A_aircraft-04,T023,5551.539557030659,7187.297661699124,,,NEW-A_aircraft-03,procurement_required
P15_23_46,G2,B_aircraft,G2-B_aircraft-01,T014_1,4.16673174186144e-07,1519.0243448285282,T007,3077.1957358832024,U06,existing
P15_23_46,G2,B_aircraft,G2-B_aircraft-01,T007,4596.220080711731,6939.352187396264,,,U06,existing
P15_23_46,G2,B_aircraft,G2-B_aircraft-02,T004,1194.630385736439,3227.943287050344,T013,5.000100000000202,NEW-B_aircraft-01,procurement_required
P15_23_46,G2,B_aircraft,G2-B_aircraft-02,T013,3232.9433870503444,5190.984658537339,T021,5.000100000000202,NEW-B_aircraft-01,procurement_required
P15_23_46,G2,B_aircraft,G2-B_aircraft-02,T021,5195.984758537339,7094.0260300243335,,,NEW-B_aircraft-01,procurement_required
P15_23_46,G2,C_aircraft,G2-C_aircraft-01,T010_1,0.0,1823.224406150507,T019_2,2629.010247443409,NEW-C_aircraft-01,procurement_required
P15_23_46,G2,C_aircraft,G2-C_aircraft-01,T019_2,4452.234653593916,6691.4187185617575,T012,5.000099999999293,NEW-C_aircraft-01,procurement_required
P15_23_46,G2,C_aircraft,G2-C_aircraft-01,T012,6696.418818561757,8811.50045984021,,,NEW-C_aircraft-01,procurement_required
P15_23_46,G2,C_aircraft,G2-C_aircraft-02,T018,4477.220080711731,6913.029601569379,,,NEW-C_aircraft-02,procurement_required
P15_23_46,G2,A_batteries,G2-A_batteries-01,T002_1,0.0,2667.5322461730734,T016,1892.6878345386563,A05,existing
P15_23_46,G2,A_batteries,G2-A_batteries-01,T016,4560.22008071173,7391.954497536396,,,A05,existing
P15_23_46,G2,A_batteries,G2-A_batteries-02,T014_2,2638.4852917296735,6105.968766534681,T019_1,155.0095188455116,A06,existing
P15_23_46,G2,A_batteries,G2-A_batteries-02,T019_1,6260.978285380193,8981.354683688944,,,A06,existing
P15_23_46,G2,A_batteries,G2-A_batteries-03,T020,4720.220080711731,7930.430578375625,,,NEW-A_batteries-01,procurement_required
P15_23_46,G2,A_batteries,G2-A_batteries-04,T022,4767.444792702658,7634.473785621062,,,NEW-A_batteries-02,procurement_required
P15_23_46,G2,A_batteries,G2-A_batteries-05,T023,5551.539557030659,8292.236282374923,,,NEW-A_batteries-03,procurement_required
P15_23_46,G2,B_batteries,G2-B_batteries-01,T014_1,4.16673174186144e-07,2956.2905629638744,T013,276.65282408647,B02,existing
P15_23_46,G2,B_batteries,G2-B_batteries-01,T013,3232.9433870503444,7150.230286022929,,,B02,existing
P15_23_46,G2,B_batteries,G2-B_batteries-02,T004,1194.630385736439,4994.129999948263,T021,201.85475858907648,B03,existing
P15_23_46,G2,B_batteries,G2-B_batteries-02,T021,5195.984758537339,8961.208181941944,,,B03,existing
P15_23_46,G2,B_batteries,G2-B_batteries-03,T007,4596.220080711731,8817.149572633247,,,B04,existing
P15_23_46,G2,C_batteries,G2-C_batteries-01,T010_1,0.0,3563.4170832737245,T012,3133.0017352880323,C04,existing
P15_23_46,G2,C_batteries,G2-C_batteries-01,T012,6696.418818561757,11304.166177291878,,,C04,existing
P15_23_46,G2,C_batteries,G2-C_batteries-02,T019_2,4452.234653593916,9160.096499981806,,,NEW-C_batteries-01,procurement_required
P15_23_46,G2,C_batteries,G2-C_batteries-03,T018,4477.220080711731,9411.383881543894,,,NEW-C_batteries-02,procurement_required
P15_23_46,G2,relay_aircraft,G2-relay_aircraft-01,R001,113.13731944608116,2129.2976388563347,R002,2665.0597608848047,R02,existing
P15_23_46,G2,relay_aircraft,G2-relay_aircraft-01,R002,4794.3573997411395,8150.275924236526,,,R02,existing
P15_23_46,G2,relay_aircraft,G2-relay_aircraft-02,R003,1094.8164843575157,9390.324849711596,,,NEW-relay_aircraft-01,procurement_required
P15_23_46,G2,relay_components,G2-relay_components-01,R001,113.13731944608116,2500.002637752911,R002,2294.3547619882283,RE02,existing
P15_23_46,G2,relay_components,G2-relay_components-01,R002,4794.3573997411395,8687.28771421572,,,RE02,existing
P15_23_46,G2,relay_components,G2-relay_components-02,R003,1094.8164843575157,10551.813344790942,,,RE03,existing
P15_23_46,G3,A_aircraft,G3-A_aircraft-01,T009,1317.470977312685,2633.4851917296737,,,NEW-A_aircraft-04,procurement_required
P15_23_46,G3,B_aircraft,G3-B_aircraft-01,T006,0.0,1189.630285736439,,,NEW-B_aircraft-02,procurement_required
P15_23_46,G3,C_aircraft,G3-C_aircraft-01,T010_2,0.0,1433.035082877992,,,NEW-C_aircraft-03,procurement_required
P15_23_46,G3,A_batteries,G3-A_batteries-01,T009,1317.470977312685,3525.3399936387705,,,NEW-A_batteries-04,procurement_required
P15_23_46,G3,B_batteries,G3-B_batteries-01,T006,0.0,2323.07116269932,,,NEW-B_batteries-01,procurement_required
P15_23_46,G3,C_batteries,G3-C_batteries-01,T010_2,0.0,2880.8082760764496,,,NEW-C_batteries-03,procurement_required
P16_235_4,G1,A_aircraft,G1-A_aircraft-01,T005,0.0,1312.470877312685,,,U01,existing
P16_235_4,G1,B_aircraft,G1-B_aircraft-01,T006,0.0,1189.630285736439,,,U05,existing
P16_235_4,G1,C_aircraft,G1-C_aircraft-01,T003,1438.035182877992,2867.4613603954576,T001,18.347015680992172,U07,existing
P16_235_4,G1,C_aircraft,G1-C_aircraft-01,T001,2885.80837607645,4447.234553593915,,,U07,existing
P16_235_4,G1,A_batteries,G1-A_batteries-01,T005,0.0,2178.7887122874713,,,A01,existing
P16_235_4,G1,B_batteries,G1-B_batteries-01,T006,0.0,2323.07116269932,,,B01,existing
P16_235_4,G1,C_batteries,G1-C_batteries-01,T003,1438.035182877992,4385.641813543676,,,C01,existing
P16_235_4,G1,C_batteries,G1-C_batteries-02,T001,2885.80837607645,6035.901229839401,,,C02,existing
P16_235_4,G2,A_aircraft,G2-A_aircraft-01,T002_1,0.0,1652.4416357195464,T002_2,395.6737375830976,U02,existing
P16_235_4,G2,A_aircraft,G2-A_aircraft-01,T002_2,2048.115373302644,3650.7081092828166,T016,909.5119714289131,U02,existing
P16_235_4,G2,A_aircraft,G2-A_aircraft-01,T016,4560.22008071173,6255.978185380194,T019_1,5.000099999998383,U02,existing
P16_235_4,G2,A_aircraft,G2-A_aircraft-01,T019_1,6260.978285380193,7896.736390048657,,,U02,existing
P16_235_4,G2,A_aircraft,G2-A_aircraft-02,T017,2048.115373302644,4391.962448014616,T020,328.2576326971148,U03,existing
P16_235_4,G2,A_aircraft,G2-A_aircraft-02,T020,4720.220080711731,6690.4299276885495,,,U03,existing
P16_235_4,G2,A_aircraft,G2-A_aircraft-03,T011,2058.1153733026445,4188.754462062227,T023,1362.7850949684325,U04,existing
P16_235_4,G2,A_aircraft,G2-A_aircraft-03,T023,5551.539557030659,7187.297661699124,,,U04,existing
P16_235_4,G2,A_aircraft,G2-A_aircraft-04,T014_2,2638.4852917296735,4762.444692702658,T022,5.000099999999293,NEW-A_aircraft-01,procurement_required
P16_235_4,G2,A_aircraft,G2-A_aircraft-04,T022,4767.444792702658,6458.979278941607,,,NEW-A_aircraft-01,procurement_required
P16_235_4,G2,B_aircraft,G2-B_aircraft-01,T014_1,4.16673174186144e-07,1519.0243448285282,T008,465.0910284741158,U06,existing
P16_235_4,G2,B_aircraft,G2-B_aircraft-01,T008,1984.115373302644,3828.6542634582115,T007,767.5658172535191,U06,existing
P16_235_4,G2,B_aircraft,G2-B_aircraft-01,T007,4596.220080711731,6939.352187396264,,,U06,existing
P16_235_4,G2,B_aircraft,G2-B_aircraft-02,T004,1194.630385736439,3227.943287050344,T013,5.000100000000202,NEW-B_aircraft-01,procurement_required
P16_235_4,G2,B_aircraft,G2-B_aircraft-02,T013,3232.9433870503444,5190.984658537339,T021,5.000100000000202,NEW-B_aircraft-01,procurement_required
P16_235_4,G2,B_aircraft,G2-B_aircraft-02,T021,5195.984758537339,7094.0260300243335,,,NEW-B_aircraft-01,procurement_required
P16_235_4,G2,C_aircraft,G2-C_aircraft-01,T010_1,0.0,1823.224406150507,T015,252.89096715213736,U08,existing
P16_235_4,G2,C_aircraft,G2-C_aircraft-01,T015,2076.1153733026445,3744.0155776451697,T019_2,708.2190759487462,U08,existing
P16_235_4,G2,C_aircraft,G2-C_aircraft-01,T019_2,4452.234653593916,6691.4187185617575,T012,5.000099999999293,U08,existing
P16_235_4,G2,C_aircraft,G2-C_aircraft-01,T012,6696.418818561757,8811.50045984021,,,U08,existing
P16_235_4,G2,C_aircraft,G2-C_aircraft-02,T018,4477.220080711731,6913.029601569379,,,NEW-C_aircraft-01,procurement_required
P16_235_4,G2,A_batteries,G2-A_batteries-01,T002_1,0.0,2667.5322461730734,T016,1892.6878345386563,A02,existing
P16_235_4,G2,A_batteries,G2-A_batteries-01,T016,4560.22008071173,7391.954497536396,,,A02,existing
P16_235_4,G2,A_batteries,G2-A_batteries-02,T002_2,2048.115373302644,4715.175270999501,T020,5.044809712229835,A03,existing
P16_235_4,G2,A_batteries,G2-A_batteries-02,T020,4720.220080711731,7930.430578375625,,,A03,existing
P16_235_4,G2,A_batteries,G2-A_batteries-03,T017,2048.115373302644,5755.52643126419,T019_1,505.4518541160023,A04,existing
P16_235_4,G2,A_batteries,G2-A_batteries-03,T019_1,6260.978285380193,8981.354683688944,,,A04,existing
P16_235_4,G2,A_batteries,G2-A_batteries-04,T011,2058.1153733026445,5546.53945703066,T023,5.000099999999293,A05,existing
P16_235_4,G2,A_batteries,G2-A_batteries-04,T023,5551.539557030659,8292.236282374923,,,A05,existing
P16_235_4,G2,A_batteries,G2-A_batteries-05,T014_2,2638.4852917296735,6105.968766534681,,,A06,existing
P16_235_4,G2,A_batteries,G2-A_batteries-06,T022,4767.444792702658,7634.473785621062,,,NEW-A_batteries-01,procurement_required
P16_235_4,G2,B_batteries,G2-B_batteries-01,T014_1,4.16673174186144e-07,2956.2905629638744,T013,276.65282408647,B02,existing
P16_235_4,G2,B_batteries,G2-B_batteries-01,T013,3232.9433870503444,7150.230286022929,,,B02,existing
P16_235_4,G2,B_batteries,G2-B_batteries-02,T004,1194.630385736439,4994.129999948263,T021,201.85475858907648,B03,existing
P16_235_4,G2,B_batteries,G2-B_batteries-02,T021,5195.984758537339,8961.208181941944,,,B03,existing
P16_235_4,G2,B_batteries,G2-B_batteries-03,T008,1984.115373302644,5417.316226537593,,,B04,existing
P16_235_4,G2,B_batteries,G2-B_batteries-04,T007,4596.220080711731,8817.149572633247,,,NEW-B_batteries-01,procurement_required
P16_235_4,G2,C_batteries,G2-C_batteries-01,T010_1,0.0,3563.4170832737245,T018,913.8029974380061,C03,existing
P16_235_4,G2,C_batteries,G2-C_batteries-01,T018,4477.220080711731,9411.383881543894,,,C03,existing
P16_235_4,G2,C_batteries,G2-C_batteries-02,T015,2076.1153733026445,5451.076587273992,T012,1245.3422312877647,C04,existing
P16_235_4,G2,C_batteries,G2-C_batteries-02,T012,6696.418818561757,11304.166177291878,,,C04,existing
P16_235_4,G2,C_batteries,G2-C_batteries-03,T019_2,4452.234653593916,9160.096499981806,,,NEW-C_batteries-01,procurement_required
P16_235_4,G2,relay_aircraft,G2-relay_aircraft-01,R001,113.13731944608116,2129.2976388563347,R004,5.000100000000202,R01,existing
P16_235_4,G2,relay_aircraft,G2-relay_aircraft-01,R004,2134.297738856335,4789.357299741141,R002,5.000099999998383,R01,existing
P16_235_4,G2,relay_aircraft,G2-relay_aircraft-01,R002,4794.3573997411395,8150.275924236526,,,R01,existing
P16_235_4,G2,relay_aircraft,G2-relay_aircraft-02,R003,1094.8164843575157,9390.324849711596,,,R02,existing
P16_235_4,G2,relay_components,G2-relay_components-01,R001,113.13731944608116,2500.002637752911,R002,2294.3547619882283,RE01,existing
P16_235_4,G2,relay_components,G2-relay_components-01,R002,4794.3573997411395,8687.28771421572,,,RE01,existing
P16_235_4,G2,relay_components,G2-relay_components-02,R003,1094.8164843575157,10551.813344790942,,,RE02,existing
P16_235_4,G2,relay_components,G2-relay_components-03,R004,2134.297738856335,5243.065183552219,,,RE03,existing
P16_235_4,G3,A_aircraft,G3-A_aircraft-01,T009,1317.470977312685,2633.4851917296737,,,NEW-A_aircraft-02,procurement_required
P16_235_4,G3,C_aircraft,G3-C_aircraft-01,T010_2,0.0,1433.035082877992,,,NEW-C_aircraft-02,procurement_required
P16_235_4,G3,A_batteries,G3-A_batteries-01,T009,1317.470977312685,3525.3399936387705,,,NEW-A_batteries-02,procurement_required
P16_235_4,G3,C_batteries,G3-C_batteries-01,T010_2,0.0,2880.8082760764496,,,NEW-C_batteries-02,procurement_required
P1_2356_4,G1,A_aircraft,G1-A_aircraft-01,T005,0.0,1312.470877312685,,,U01,existing
P1_2356_4,G1,C_aircraft,G1-C_aircraft-01,T003,1438.035182877992,2867.4613603954576,T001,18.347015680992172,U07,existing
P1_2356_4,G1,C_aircraft,G1-C_aircraft-01,T001,2885.80837607645,4447.234553593915,,,U07,existing
P1_2356_4,G1,A_batteries,G1-A_batteries-01,T005,0.0,2178.7887122874713,,,A01,existing
P1_2356_4,G1,C_batteries,G1-C_batteries-01,T003,1438.035182877992,4385.641813543676,,,C01,existing
P1_2356_4,G1,C_batteries,G1-C_batteries-02,T001,2885.80837607645,6035.901229839401,,,C02,existing
P1_2356_4,G2,A_aircraft,G2-A_aircraft-01,T002_1,0.0,1652.4416357195464,T002_2,395.6737375830976,U02,existing
P1_2356_4,G2,A_aircraft,G2-A_aircraft-01,T002_2,2048.115373302644,3650.7081092828166,T016,909.5119714289131,U02,existing
P1_2356_4,G2,A_aircraft,G2-A_aircraft-01,T016,4560.22008071173,6255.978185380194,T019_1,5.000099999998383,U02,existing
P1_2356_4,G2,A_aircraft,G2-A_aircraft-01,T019_1,6260.978285380193,7896.736390048657,,,U02,existing
P1_2356_4,G2,A_aircraft,G2-A_aircraft-02,T017,2048.115373302644,4391.962448014616,T020,328.2576326971148,U03,existing
P1_2356_4,G2,A_aircraft,G2-A_aircraft-02,T020,4720.220080711731,6690.4299276885495,,,U03,existing
P1_2356_4,G2,A_aircraft,G2-A_aircraft-03,T011,2058.1153733026445,4188.754462062227,T023,1362.7850949684325,U04,existing
P1_2356_4,G2,A_aircraft,G2-A_aircraft-03,T023,5551.539557030659,7187.297661699124,,,U04,existing
P1_2356_4,G2,A_aircraft,G2-A_aircraft-04,T014_2,2638.4852917296735,4762.444692702658,T022,5.000099999999293,NEW-A_aircraft-01,procurement_required
P1_2356_4,G2,A_aircraft,G2-A_aircraft-04,T022,4767.444792702658,6458.979278941607,,,NEW-A_aircraft-01,procurement_required
P1_2356_4,G2,B_aircraft,G2-B_aircraft-01,T006,0.0,1189.630285736439,T004,5.000099999999975,U05,existing
P1_2356_4,G2,B_aircraft,G2-B_aircraft-01,T004,1194.630385736439,3227.943287050344,T013,5.000100000000202,U05,existing
P1_2356_4,G2,B_aircraft,G2-B_aircraft-01,T013,3232.9433870503444,5190.984658537339,T021,5.000100000000202,U05,existing
P1_2356_4,G2,B_aircraft,G2-B_aircraft-01,T021,5195.984758537339,7094.0260300243335,,,U05,existing
P1_2356_4,G2,B_aircraft,G2-B_aircraft-02,T014_1,4.16673174186144e-07,1519.0243448285282,T008,465.0910284741158,U06,existing
P1_2356_4,G2,B_aircraft,G2-B_aircraft-02,T008,1984.115373302644,3828.6542634582115,T007,767.5658172535191,U06,existing
P1_2356_4,G2,B_aircraft,G2-B_aircraft-02,T007,4596.220080711731,6939.352187396264,,,U06,existing
P1_2356_4,G2,C_aircraft,G2-C_aircraft-01,T010_1,0.0,1823.224406150507,T015,252.89096715213736,U08,existing
P1_2356_4,G2,C_aircraft,G2-C_aircraft-01,T015,2076.1153733026445,3744.0155776451697,T019_2,708.2190759487462,U08,existing
P1_2356_4,G2,C_aircraft,G2-C_aircraft-01,T019_2,4452.234653593916,6691.4187185617575,T012,5.000099999999293,U08,existing
P1_2356_4,G2,C_aircraft,G2-C_aircraft-01,T012,6696.418818561757,8811.50045984021,,,U08,existing
P1_2356_4,G2,C_aircraft,G2-C_aircraft-02,T018,4477.220080711731,6913.029601569379,,,NEW-C_aircraft-01,procurement_required
P1_2356_4,G2,A_batteries,G2-A_batteries-01,T002_1,0.0,2667.5322461730734,T016,1892.6878345386563,A02,existing
P1_2356_4,G2,A_batteries,G2-A_batteries-01,T016,4560.22008071173,7391.954497536396,,,A02,existing
P1_2356_4,G2,A_batteries,G2-A_batteries-02,T002_2,2048.115373302644,4715.175270999501,T020,5.044809712229835,A03,existing
P1_2356_4,G2,A_batteries,G2-A_batteries-02,T020,4720.220080711731,7930.430578375625,,,A03,existing
P1_2356_4,G2,A_batteries,G2-A_batteries-03,T017,2048.115373302644,5755.52643126419,T019_1,505.4518541160023,A04,existing
P1_2356_4,G2,A_batteries,G2-A_batteries-03,T019_1,6260.978285380193,8981.354683688944,,,A04,existing
P1_2356_4,G2,A_batteries,G2-A_batteries-04,T011,2058.1153733026445,5546.53945703066,T023,5.000099999999293,A05,existing
P1_2356_4,G2,A_batteries,G2-A_batteries-04,T023,5551.539557030659,8292.236282374923,,,A05,existing
P1_2356_4,G2,A_batteries,G2-A_batteries-05,T014_2,2638.4852917296735,6105.968766534681,,,A06,existing
P1_2356_4,G2,A_batteries,G2-A_batteries-06,T022,4767.444792702658,7634.473785621062,,,NEW-A_batteries-01,procurement_required
P1_2356_4,G2,B_batteries,G2-B_batteries-01,T006,0.0,2323.07116269932,T007,2273.1489180124104,B01,existing
P1_2356_4,G2,B_batteries,G2-B_batteries-01,T007,4596.220080711731,8817.149572633247,,,B01,existing
P1_2356_4,G2,B_batteries,G2-B_batteries-02,T014_1,4.16673174186144e-07,2956.2905629638744,T013,276.65282408647,B02,existing
P1_2356_4,G2,B_batteries,G2-B_batteries-02,T013,3232.9433870503444,7150.230286022929,,,B02,existing
P1_2356_4,G2,B_batteries,G2-B_batteries-03,T004,1194.630385736439,4994.129999948263,T021,201.85475858907648,B03,existing
P1_2356_4,G2,B_batteries,G2-B_batteries-03,T021,5195.984758537339,8961.208181941944,,,B03,existing
P1_2356_4,G2,B_batteries,G2-B_batteries-04,T008,1984.115373302644,5417.316226537593,,,B04,existing
P1_2356_4,G2,C_batteries,G2-C_batteries-01,T010_1,0.0,3563.4170832737245,T018,913.8029974380061,C03,existing
P1_2356_4,G2,C_batteries,G2-C_batteries-01,T018,4477.220080711731,9411.383881543894,,,C03,existing
P1_2356_4,G2,C_batteries,G2-C_batteries-02,T015,2076.1153733026445,5451.076587273992,T012,1245.3422312877647,C04,existing
P1_2356_4,G2,C_batteries,G2-C_batteries-02,T012,6696.418818561757,11304.166177291878,,,C04,existing
P1_2356_4,G2,C_batteries,G2-C_batteries-03,T019_2,4452.234653593916,9160.096499981806,,,NEW-C_batteries-01,procurement_required
P1_2356_4,G2,relay_aircraft,G2-relay_aircraft-01,R001,113.13731944608116,2129.2976388563347,R004,5.000100000000202,R01,existing
P1_2356_4,G2,relay_aircraft,G2-relay_aircraft-01,R004,2134.297738856335,4789.357299741141,R002,5.000099999998383,R01,existing
P1_2356_4,G2,relay_aircraft,G2-relay_aircraft-01,R002,4794.3573997411395,8150.275924236526,,,R01,existing
P1_2356_4,G2,relay_aircraft,G2-relay_aircraft-02,R003,1094.8164843575157,9390.324849711596,,,R02,existing
P1_2356_4,G2,relay_components,G2-relay_components-01,R001,113.13731944608116,2500.002637752911,R002,2294.3547619882283,RE01,existing
P1_2356_4,G2,relay_components,G2-relay_components-01,R002,4794.3573997411395,8687.28771421572,,,RE01,existing
P1_2356_4,G2,relay_components,G2-relay_components-02,R003,1094.8164843575157,10551.813344790942,,,RE02,existing
P1_2356_4,G2,relay_components,G2-relay_components-03,R004,2134.297738856335,5243.065183552219,,,RE03,existing
P1_2356_4,G3,A_aircraft,G3-A_aircraft-01,T009,1317.470977312685,2633.4851917296737,,,NEW-A_aircraft-02,procurement_required
P1_2356_4,G3,C_aircraft,G3-C_aircraft-01,T010_2,0.0,1433.035082877992,,,NEW-C_aircraft-02,procurement_required
P1_2356_4,G3,A_batteries,G3-A_batteries-01,T009,1317.470977312685,3525.3399936387705,,,NEW-A_batteries-02,procurement_required
P1_2356_4,G3,C_batteries,G3-C_batteries-01,T010_2,0.0,2880.8082760764496,,,NEW-C_batteries-02,procurement_required
P1_235_46,G1,A_aircraft,G1-A_aircraft-01,T005,0.0,1312.470877312685,,,U01,existing
P1_235_46,G1,C_aircraft,G1-C_aircraft-01,T003,1438.035182877992,2867.4613603954576,T001,18.347015680992172,U07,existing
P1_235_46,G1,C_aircraft,G1-C_aircraft-01,T001,2885.80837607645,4447.234553593915,,,U07,existing
P1_235_46,G1,A_batteries,G1-A_batteries-01,T005,0.0,2178.7887122874713,,,A01,existing
P1_235_46,G1,C_batteries,G1-C_batteries-01,T003,1438.035182877992,4385.641813543676,,,C01,existing
P1_235_46,G1,C_batteries,G1-C_batteries-02,T001,2885.80837607645,6035.901229839401,,,C02,existing
P1_235_46,G2,A_aircraft,G2-A_aircraft-01,T002_1,0.0,1652.4416357195464,T002_2,395.6737375830976,U02,existing
P1_235_46,G2,A_aircraft,G2-A_aircraft-01,T002_2,2048.115373302644,3650.7081092828166,T016,909.5119714289131,U02,existing
P1_235_46,G2,A_aircraft,G2-A_aircraft-01,T016,4560.22008071173,6255.978185380194,T019_1,5.000099999998383,U02,existing
P1_235_46,G2,A_aircraft,G2-A_aircraft-01,T019_1,6260.978285380193,7896.736390048657,,,U02,existing
P1_235_46,G2,A_aircraft,G2-A_aircraft-02,T017,2048.115373302644,4391.962448014616,T020,328.2576326971148,U03,existing
P1_235_46,G2,A_aircraft,G2-A_aircraft-02,T020,4720.220080711731,6690.4299276885495,,,U03,existing
P1_235_46,G2,A_aircraft,G2-A_aircraft-03,T011,2058.1153733026445,4188.754462062227,T023,1362.7850949684325,U04,existing
P1_235_46,G2,A_aircraft,G2-A_aircraft-03,T023,5551.539557030659,7187.297661699124,,,U04,existing
P1_235_46,G2,A_aircraft,G2-A_aircraft-04,T014_2,2638.4852917296735,4762.444692702658,T022,5.000099999999293,NEW-A_aircraft-01,procurement_required
P1_235_46,G2,A_aircraft,G2-A_aircraft-04,T022,4767.444792702658,6458.979278941607,,,NEW-A_aircraft-01,procurement_required
P1_235_46,G2,B_aircraft,G2-B_aircraft-01,T014_1,4.16673174186144e-07,1519.0243448285282,T008,465.0910284741158,U05,existing
P1_235_46,G2,B_aircraft,G2-B_aircraft-01,T008,1984.115373302644,3828.6542634582115,T007,767.5658172535191,U05,existing
P1_235_46,G2,B_aircraft,G2-B_aircraft-01,T007,4596.220080711731,6939.352187396264,,,U05,existing
P1_235_46,G2,B_aircraft,G2-B_aircraft-02,T004,1194.630385736439,3227.943287050344,T013,5.000100000000202,U06,existing
P1_235_46,G2,B_aircraft,G2-B_aircraft-02,T013,3232.9433870503444,5190.984658537339,T021,5.000100000000202,U06,existing
P1_235_46,G2,B_aircraft,G2-B_aircraft-02,T021,5195.984758537339,7094.0260300243335,,,U06,existing
P1_235_46,G2,C_aircraft,G2-C_aircraft-01,T010_1,0.0,1823.224406150507,T015,252.89096715213736,U08,existing
P1_235_46,G2,C_aircraft,G2-C_aircraft-01,T015,2076.1153733026445,3744.0155776451697,T019_2,708.2190759487462,U08,existing
P1_235_46,G2,C_aircraft,G2-C_aircraft-01,T019_2,4452.234653593916,6691.4187185617575,T012,5.000099999999293,U08,existing
P1_235_46,G2,C_aircraft,G2-C_aircraft-01,T012,6696.418818561757,8811.50045984021,,,U08,existing
P1_235_46,G2,C_aircraft,G2-C_aircraft-02,T018,4477.220080711731,6913.029601569379,,,NEW-C_aircraft-01,procurement_required
P1_235_46,G2,A_batteries,G2-A_batteries-01,T002_1,0.0,2667.5322461730734,T016,1892.6878345386563,A02,existing
P1_235_46,G2,A_batteries,G2-A_batteries-01,T016,4560.22008071173,7391.954497536396,,,A02,existing
P1_235_46,G2,A_batteries,G2-A_batteries-02,T002_2,2048.115373302644,4715.175270999501,T020,5.044809712229835,A03,existing
P1_235_46,G2,A_batteries,G2-A_batteries-02,T020,4720.220080711731,7930.430578375625,,,A03,existing
P1_235_46,G2,A_batteries,G2-A_batteries-03,T017,2048.115373302644,5755.52643126419,T019_1,505.4518541160023,A04,existing
P1_235_46,G2,A_batteries,G2-A_batteries-03,T019_1,6260.978285380193,8981.354683688944,,,A04,existing
P1_235_46,G2,A_batteries,G2-A_batteries-04,T011,2058.1153733026445,5546.53945703066,T023,5.000099999999293,A05,existing
P1_235_46,G2,A_batteries,G2-A_batteries-04,T023,5551.539557030659,8292.236282374923,,,A05,existing
P1_235_46,G2,A_batteries,G2-A_batteries-05,T014_2,2638.4852917296735,6105.968766534681,,,A06,existing
P1_235_46,G2,A_batteries,G2-A_batteries-06,T022,4767.444792702658,7634.473785621062,,,NEW-A_batteries-01,procurement_required
P1_235_46,G2,B_batteries,G2-B_batteries-01,T014_1,4.16673174186144e-07,2956.2905629638744,T013,276.65282408647,B01,existing
P1_235_46,G2,B_batteries,G2-B_batteries-01,T013,3232.9433870503444,7150.230286022929,,,B01,existing
P1_235_46,G2,B_batteries,G2-B_batteries-02,T004,1194.630385736439,4994.129999948263,T021,201.85475858907648,B02,existing
P1_235_46,G2,B_batteries,G2-B_batteries-02,T021,5195.984758537339,8961.208181941944,,,B02,existing
P1_235_46,G2,B_batteries,G2-B_batteries-03,T008,1984.115373302644,5417.316226537593,,,B03,existing
P1_235_46,G2,B_batteries,G2-B_batteries-04,T007,4596.220080711731,8817.149572633247,,,B04,existing
P1_235_46,G2,C_batteries,G2-C_batteries-01,T010_1,0.0,3563.4170832737245,T018,913.8029974380061,C03,existing
P1_235_46,G2,C_batteries,G2-C_batteries-01,T018,4477.220080711731,9411.383881543894,,,C03,existing
P1_235_46,G2,C_batteries,G2-C_batteries-02,T015,2076.1153733026445,5451.076587273992,T012,1245.3422312877647,C04,existing
P1_235_46,G2,C_batteries,G2-C_batteries-02,T012,6696.418818561757,11304.166177291878,,,C04,existing
P1_235_46,G2,C_batteries,G2-C_batteries-03,T019_2,4452.234653593916,9160.096499981806,,,NEW-C_batteries-01,procurement_required
P1_235_46,G2,relay_aircraft,G2-relay_aircraft-01,R001,113.13731944608116,2129.2976388563347,R004,5.000100000000202,R01,existing
P1_235_46,G2,relay_aircraft,G2-relay_aircraft-01,R004,2134.297738856335,4789.357299741141,R002,5.000099999998383,R01,existing
P1_235_46,G2,relay_aircraft,G2-relay_aircraft-01,R002,4794.3573997411395,8150.275924236526,,,R01,existing
P1_235_46,G2,relay_aircraft,G2-relay_aircraft-02,R003,1094.8164843575157,9390.324849711596,,,R02,existing
P1_235_46,G2,relay_components,G2-relay_components-01,R001,113.13731944608116,2500.002637752911,R002,2294.3547619882283,RE01,existing
P1_235_46,G2,relay_components,G2-relay_components-01,R002,4794.3573997411395,8687.28771421572,,,RE01,existing
P1_235_46,G2,relay_components,G2-relay_components-02,R003,1094.8164843575157,10551.813344790942,,,RE02,existing
P1_235_46,G2,relay_components,G2-relay_components-03,R004,2134.297738856335,5243.065183552219,,,RE03,existing
P1_235_46,G3,A_aircraft,G3-A_aircraft-01,T009,1317.470977312685,2633.4851917296737,,,NEW-A_aircraft-02,procurement_required
P1_235_46,G3,B_aircraft,G3-B_aircraft-01,T006,0.0,1189.630285736439,,,NEW-B_aircraft-01,procurement_required
P1_235_46,G3,C_aircraft,G3-C_aircraft-01,T010_2,0.0,1433.035082877992,,,NEW-C_aircraft-02,procurement_required
P1_235_46,G3,A_batteries,G3-A_batteries-01,T009,1317.470977312685,3525.3399936387705,,,NEW-A_batteries-02,procurement_required
P1_235_46,G3,B_batteries,G3-B_batteries-01,T006,0.0,2323.07116269932,,,NEW-B_batteries-01,procurement_required
P1_235_46,G3,C_batteries,G3-C_batteries-01,T010_2,0.0,2880.8082760764496,,,NEW-C_batteries-02,procurement_required
P16_23_45,G1,A_aircraft,G1-A_aircraft-01,T005,0.0,1312.470877312685,,,U01,existing
P16_23_45,G1,B_aircraft,G1-B_aircraft-01,T006,0.0,1189.630285736439,,,U05,existing
P16_23_45,G1,C_aircraft,G1-C_aircraft-01,T003,1438.035182877992,2867.4613603954576,T001,18.347015680992172,U07,existing
P16_23_45,G1,C_aircraft,G1-C_aircraft-01,T001,2885.80837607645,4447.234553593915,,,U07,existing
P16_23_45,G1,A_batteries,G1-A_batteries-01,T005,0.0,2178.7887122874713,,,A01,existing
P16_23_45,G1,B_batteries,G1-B_batteries-01,T006,0.0,2323.07116269932,,,B01,existing
P16_23_45,G1,C_batteries,G1-C_batteries-01,T003,1438.035182877992,4385.641813543676,,,C01,existing
P16_23_45,G1,C_batteries,G1-C_batteries-02,T001,2885.80837607645,6035.901229839401,,,C02,existing
P16_23_45,G2,A_aircraft,G2-A_aircraft-01,T002_1,0.0,1652.4416357195464,T014_2,986.043656010127,U02,existing
P16_23_45,G2,A_aircraft,G2-A_aircraft-01,T014_2,2638.4852917296735,4762.444692702658,T022,5.000099999999293,U02,existing
P16_23_45,G2,A_aircraft,G2-A_aircraft-01,T022,4767.444792702658,6458.979278941607,,,U02,existing
P16_23_45,G2,A_aircraft,G2-A_aircraft-02,T016,4560.22008071173,6255.978185380194,T019_1,5.000099999998383,U03,existing
P16_23_45,G2,A_aircraft,G2-A_aircraft-02,T019_1,6260.978285380193,7896.736390048657,,,U03,existing
P16_23_45,G2,A_aircraft,G2-A_aircraft-03,T020,4720.220080711731,6690.4299276885495,,,U04,existing
P16_23_45,G2,A_aircraft,G2-A_aircraft-04,T023,5551.539557030659,7187.297661699124,,,NEW-A_aircraft-01,procurement_required
P16_23_45,G2,B_aircraft,G2-B_aircraft-01,T014_1,4.16673174186144e-07,1519.0243448285282,T007,3077.1957358832024,U06,existing
P16_23_45,G2,B_aircraft,G2-B_aircraft-01,T007,4596.220080711731,6939.352187396264,,,U06,existing
P16_23_45,G2,B_aircraft,G2-B_aircraft-02,T004,1194.630385736439,3227.943287050344,T013,5.000100000000202,NEW-B_aircraft-01,procurement_required
P16_23_45,G2,B_aircraft,G2-B_aircraft-02,T013,3232.9433870503444,5190.984658537339,T021,5.000100000000202,NEW-B_aircraft-01,procurement_required
P16_23_45,G2,B_aircraft,G2-B_aircraft-02,T021,5195.984758537339,7094.0260300243335,,,NEW-B_aircraft-01,procurement_required
P16_23_45,G2,C_aircraft,G2-C_aircraft-01,T010_1,0.0,1823.224406150507,T019_2,2629.010247443409,U08,existing
P16_23_45,G2,C_aircraft,G2-C_aircraft-01,T019_2,4452.234653593916,6691.4187185617575,T012,5.000099999999293,U08,existing
P16_23_45,G2,C_aircraft,G2-C_aircraft-01,T012,6696.418818561757,8811.50045984021,,,U08,existing
P16_23_45,G2,C_aircraft,G2-C_aircraft-02,T018,4477.220080711731,6913.029601569379,,,NEW-C_aircraft-01,procurement_required
P16_23_45,G2,A_batteries,G2-A_batteries-01,T002_1,0.0,2667.5322461730734,T016,1892.6878345386563,A02,existing
P16_23_45,G2,A_batteries,G2-A_batteries-01,T016,4560.22008071173,7391.954497536396,,,A02,existing
P16_23_45,G2,A_batteries,G2-A_batteries-02,T014_2,2638.4852917296735,6105.968766534681,T019_1,155.0095188455116,A03,existing
P16_23_45,G2,A_batteries,G2-A_batteries-02,T019_1,6260.978285380193,8981.354683688944,,,A03,existing
P16_23_45,G2,A_batteries,G2-A_batteries-03,T020,4720.220080711731,7930.430578375625,,,A04,existing
P16_23_45,G2,A_batteries,G2-A_batteries-04,T022,4767.444792702658,7634.473785621062,,,A05,existing
P16_23_45,G2,A_batteries,G2-A_batteries-05,T023,5551.539557030659,8292.236282374923,,,A06,existing
P16_23_45,G2,B_batteries,G2-B_batteries-01,T014_1,4.16673174186144e-07,2956.2905629638744,T013,276.65282408647,B02,existing
P16_23_45,G2,B_batteries,G2-B_batteries-01,T013,3232.9433870503444,7150.230286022929,,,B02,existing
P16_23_45,G2,B_batteries,G2-B_batteries-02,T004,1194.630385736439,4994.129999948263,T021,201.85475858907648,B03,existing
P16_23_45,G2,B_batteries,G2-B_batteries-02,T021,5195.984758537339,8961.208181941944,,,B03,existing
P16_23_45,G2,B_batteries,G2-B_batteries-03,T007,4596.220080711731,8817.149572633247,,,B04,existing
P16_23_45,G2,C_batteries,G2-C_batteries-01,T010_1,0.0,3563.4170832737245,T012,3133.0017352880323,C03,existing
P16_23_45,G2,C_batteries,G2-C_batteries-01,T012,6696.418818561757,11304.166177291878,,,C03,existing
P16_23_45,G2,C_batteries,G2-C_batteries-02,T019_2,4452.234653593916,9160.096499981806,,,C04,existing
P16_23_45,G2,C_batteries,G2-C_batteries-03,T018,4477.220080711731,9411.383881543894,,,NEW-C_batteries-01,procurement_required
P16_23_45,G2,relay_aircraft,G2-relay_aircraft-01,R001,113.13731944608116,2129.2976388563347,R002,2665.0597608848047,R01,existing
P16_23_45,G2,relay_aircraft,G2-relay_aircraft-01,R002,4794.3573997411395,8150.275924236526,,,R01,existing
P16_23_45,G2,relay_aircraft,G2-relay_aircraft-02,R003,1094.8164843575157,9390.324849711596,,,R02,existing
P16_23_45,G2,relay_components,G2-relay_components-01,R001,113.13731944608116,2500.002637752911,R002,2294.3547619882283,RE01,existing
P16_23_45,G2,relay_components,G2-relay_components-01,R002,4794.3573997411395,8687.28771421572,,,RE01,existing
P16_23_45,G2,relay_components,G2-relay_components-02,R003,1094.8164843575157,10551.813344790942,,,RE02,existing
P16_23_45,G3,A_aircraft,G3-A_aircraft-01,T009,1317.470977312685,2633.4851917296737,,,NEW-A_aircraft-02,procurement_required
P16_23_45,G3,A_aircraft,G3-A_aircraft-02,T002_2,2048.115373302644,3650.7081092828166,,,NEW-A_aircraft-03,procurement_required
P16_23_45,G3,A_aircraft,G3-A_aircraft-03,T017,2048.115373302644,4391.962448014616,,,NEW-A_aircraft-04,procurement_required
P16_23_45,G3,A_aircraft,G3-A_aircraft-04,T011,2058.1153733026445,4188.754462062227,,,NEW-A_aircraft-05,procurement_required
P16_23_45,G3,B_aircraft,G3-B_aircraft-01,T008,1984.115373302644,3828.6542634582115,,,NEW-B_aircraft-02,procurement_required
P16_23_45,G3,C_aircraft,G3-C_aircraft-01,T010_2,0.0,1433.035082877992,T015,643.0802904246525,NEW-C_aircraft-02,procurement_required
P16_23_45,G3,C_aircraft,G3-C_aircraft-01,T015,2076.1153733026445,3744.0155776451697,,,NEW-C_aircraft-02,procurement_required
P16_23_45,G3,A_batteries,G3-A_batteries-01,T009,1317.470977312685,3525.3399936387705,,,NEW-A_batteries-01,procurement_required
P16_23_45,G3,A_batteries,G3-A_batteries-02,T002_2,2048.115373302644,4715.175270999501,,,NEW-A_batteries-02,procurement_required
P16_23_45,G3,A_batteries,G3-A_batteries-03,T017,2048.115373302644,5755.52643126419,,,NEW-A_batteries-03,procurement_required
P16_23_45,G3,A_batteries,G3-A_batteries-04,T011,2058.1153733026445,5546.53945703066,,,NEW-A_batteries-04,procurement_required
P16_23_45,G3,B_batteries,G3-B_batteries-01,T008,1984.115373302644,5417.316226537593,,,NEW-B_batteries-01,procurement_required
P16_23_45,G3,C_batteries,G3-C_batteries-01,T010_2,0.0,2880.8082760764496,,,NEW-C_batteries-02,procurement_required
P16_23_45,G3,C_batteries,G3-C_batteries-02,T015,2076.1153733026445,5451.076587273992,,,NEW-C_batteries-03,procurement_required
P16_23_45,G3,relay_aircraft,G3-relay_aircraft-01,R004,2134.297738856335,4789.357299741141,,,NEW-relay_aircraft-01,procurement_required
P16_23_45,G3,relay_components,G3-relay_components-01,R004,2134.297738856335,5243.065183552219,,,RE03,existing
P1_236_45,G1,A_aircraft,G1-A_aircraft-01,T005,0.0,1312.470877312685,,,U01,existing
P1_236_45,G1,C_aircraft,G1-C_aircraft-01,T003,1438.035182877992,2867.4613603954576,T001,18.347015680992172,U07,existing
P1_236_45,G1,C_aircraft,G1-C_aircraft-01,T001,2885.80837607645,4447.234553593915,,,U07,existing
P1_236_45,G1,A_batteries,G1-A_batteries-01,T005,0.0,2178.7887122874713,,,A01,existing
P1_236_45,G1,C_batteries,G1-C_batteries-01,T003,1438.035182877992,4385.641813543676,,,C01,existing
P1_236_45,G1,C_batteries,G1-C_batteries-02,T001,2885.80837607645,6035.901229839401,,,C02,existing
P1_236_45,G2,A_aircraft,G2-A_aircraft-01,T002_1,0.0,1652.4416357195464,T014_2,986.043656010127,U02,existing
P1_236_45,G2,A_aircraft,G2-A_aircraft-01,T014_2,2638.4852917296735,4762.444692702658,T022,5.000099999999293,U02,existing
P1_236_45,G2,A_aircraft,G2-A_aircraft-01,T022,4767.444792702658,6458.979278941607,,,U02,existing
P1_236_45,G2,A_aircraft,G2-A_aircraft-02,T016,4560.22008071173,6255.978185380194,T019_1,5.000099999998383,U03,existing
P1_236_45,G2,A_aircraft,G2-A_aircraft-02,T019_1,6260.978285380193,7896.736390048657,,,U03,existing
P1_236_45,G2,A_aircraft,G2-A_aircraft-03,T020,4720.220080711731,6690.4299276885495,,,U04,existing
P1_236_45,G2,A_aircraft,G2-A_aircraft-04,T023,5551.539557030659,7187.297661699124,,,NEW-A_aircraft-01,procurement_required
P1_236_45,G2,B_aircraft,G2-B_aircraft-01,T006,0.0,1189.630285736439,T004,5.000099999999975,U05,existing
P1_236_45,G2,B_aircraft,G2-B_aircraft-01,T004,1194.630385736439,3227.943287050344,T013,5.000100000000202,U05,existing
P1_236_45,G2,B_aircraft,G2-B_aircraft-01,T013,3232.9433870503444,5190.984658537339,T021,5.000100000000202,U05,existing
P1_236_45,G2,B_aircraft,G2-B_aircraft-01,T021,5195.984758537339,7094.0260300243335,,,U05,existing
P1_236_45,G2,B_aircraft,G2-B_aircraft-02,T014_1,4.16673174186144e-07,1519.0243448285282,T007,3077.1957358832024,U06,existing
P1_236_45,G2,B_aircraft,G2-B_aircraft-02,T007,4596.220080711731,6939.352187396264,,,U06,existing
P1_236_45,G2,C_aircraft,G2-C_aircraft-01,T010_1,0.0,1823.224406150507,T019_2,2629.010247443409,U08,existing
P1_236_45,G2,C_aircraft,G2-C_aircraft-01,T019_2,4452.234653593916,6691.4187185617575,T012,5.000099999999293,U08,existing
P1_236_45,G2,C_aircraft,G2-C_aircraft-01,T012,6696.418818561757,8811.50045984021,,,U08,existing
P1_236_45,G2,C_aircraft,G2-C_aircraft-02,T018,4477.220080711731,6913.029601569379,,,NEW-C_aircraft-01,procurement_required
P1_236_45,G2,A_batteries,G2-A_batteries-01,T002_1,0.0,2667.5322461730734,T016,1892.6878345386563,A02,existing
P1_236_45,G2,A_batteries,G2-A_batteries-01,T016,4560.22008071173,7391.954497536396,,,A02,existing
P1_236_45,G2,A_batteries,G2-A_batteries-02,T014_2,2638.4852917296735,6105.968766534681,T019_1,155.0095188455116,A03,existing
P1_236_45,G2,A_batteries,G2-A_batteries-02,T019_1,6260.978285380193,8981.354683688944,,,A03,existing
P1_236_45,G2,A_batteries,G2-A_batteries-03,T020,4720.220080711731,7930.430578375625,,,A04,existing
P1_236_45,G2,A_batteries,G2-A_batteries-04,T022,4767.444792702658,7634.473785621062,,,A05,existing
P1_236_45,G2,A_batteries,G2-A_batteries-05,T023,5551.539557030659,8292.236282374923,,,A06,existing
P1_236_45,G2,B_batteries,G2-B_batteries-01,T006,0.0,2323.07116269932,T007,2273.1489180124104,B01,existing
P1_236_45,G2,B_batteries,G2-B_batteries-01,T007,4596.220080711731,8817.149572633247,,,B01,existing
P1_236_45,G2,B_batteries,G2-B_batteries-02,T014_1,4.16673174186144e-07,2956.2905629638744,T013,276.65282408647,B02,existing
P1_236_45,G2,B_batteries,G2-B_batteries-02,T013,3232.9433870503444,7150.230286022929,,,B02,existing
P1_236_45,G2,B_batteries,G2-B_batteries-03,T004,1194.630385736439,4994.129999948263,T021,201.85475858907648,B03,existing
P1_236_45,G2,B_batteries,G2-B_batteries-03,T021,5195.984758537339,8961.208181941944,,,B03,existing
P1_236_45,G2,C_batteries,G2-C_batteries-01,T010_1,0.0,3563.4170832737245,T012,3133.0017352880323,C03,existing
P1_236_45,G2,C_batteries,G2-C_batteries-01,T012,6696.418818561757,11304.166177291878,,,C03,existing
P1_236_45,G2,C_batteries,G2-C_batteries-02,T019_2,4452.234653593916,9160.096499981806,,,C04,existing
P1_236_45,G2,C_batteries,G2-C_batteries-03,T018,4477.220080711731,9411.383881543894,,,NEW-C_batteries-01,procurement_required
P1_236_45,G2,relay_aircraft,G2-relay_aircraft-01,R001,113.13731944608116,2129.2976388563347,R002,2665.0597608848047,R01,existing
P1_236_45,G2,relay_aircraft,G2-relay_aircraft-01,R002,4794.3573997411395,8150.275924236526,,,R01,existing
P1_236_45,G2,relay_aircraft,G2-relay_aircraft-02,R003,1094.8164843575157,9390.324849711596,,,R02,existing
P1_236_45,G2,relay_components,G2-relay_components-01,R001,113.13731944608116,2500.002637752911,R002,2294.3547619882283,RE01,existing
P1_236_45,G2,relay_components,G2-relay_components-01,R002,4794.3573997411395,8687.28771421572,,,RE01,existing
P1_236_45,G2,relay_components,G2-relay_components-02,R003,1094.8164843575157,10551.813344790942,,,RE02,existing
P1_236_45,G3,A_aircraft,G3-A_aircraft-01,T009,1317.470977312685,2633.4851917296737,,,NEW-A_aircraft-02,procurement_required
P1_236_45,G3,A_aircraft,G3-A_aircraft-02,T002_2,2048.115373302644,3650.7081092828166,,,NEW-A_aircraft-03,procurement_required
P1_236_45,G3,A_aircraft,G3-A_aircraft-03,T017,2048.115373302644,4391.962448014616,,,NEW-A_aircraft-04,procurement_required
P1_236_45,G3,A_aircraft,G3-A_aircraft-04,T011,2058.1153733026445,4188.754462062227,,,NEW-A_aircraft-05,procurement_required
P1_236_45,G3,B_aircraft,G3-B_aircraft-01,T008,1984.115373302644,3828.6542634582115,,,NEW-B_aircraft-01,procurement_required
P1_236_45,G3,C_aircraft,G3-C_aircraft-01,T010_2,0.0,1433.035082877992,T015,643.0802904246525,NEW-C_aircraft-02,procurement_required
P1_236_45,G3,C_aircraft,G3-C_aircraft-01,T015,2076.1153733026445,3744.0155776451697,,,NEW-C_aircraft-02,procurement_required
P1_236_45,G3,A_batteries,G3-A_batteries-01,T009,1317.470977312685,3525.3399936387705,,,NEW-A_batteries-01,procurement_required
P1_236_45,G3,A_batteries,G3-A_batteries-02,T002_2,2048.115373302644,4715.175270999501,,,NEW-A_batteries-02,procurement_required
P1_236_45,G3,A_batteries,G3-A_batteries-03,T017,2048.115373302644,5755.52643126419,,,NEW-A_batteries-03,procurement_required
P1_236_45,G3,A_batteries,G3-A_batteries-04,T011,2058.1153733026445,5546.53945703066,,,NEW-A_batteries-04,procurement_required
P1_236_45,G3,B_batteries,G3-B_batteries-01,T008,1984.115373302644,5417.316226537593,,,B04,existing
P1_236_45,G3,C_batteries,G3-C_batteries-01,T010_2,0.0,2880.8082760764496,,,NEW-C_batteries-02,procurement_required
P1_236_45,G3,C_batteries,G3-C_batteries-02,T015,2076.1153733026445,5451.076587273992,,,NEW-C_batteries-03,procurement_required
P1_236_45,G3,relay_aircraft,G3-relay_aircraft-01,R004,2134.297738856335,4789.357299741141,,,NEW-relay_aircraft-01,procurement_required
P1_236_45,G3,relay_components,G3-relay_components-01,R004,2134.297738856335,5243.065183552219,,,RE03,existing
P1_23_456,G1,A_aircraft,G1-A_aircraft-01,T005,0.0,1312.470877312685,,,U01,existing
P1_23_456,G1,C_aircraft,G1-C_aircraft-01,T003,1438.035182877992,2867.4613603954576,T001,18.347015680992172,U07,existing
P1_23_456,G1,C_aircraft,G1-C_aircraft-01,T001,2885.80837607645,4447.234553593915,,,U07,existing
P1_23_456,G1,A_batteries,G1-A_batteries-01,T005,0.0,2178.7887122874713,,,A01,existing
P1_23_456,G1,C_batteries,G1-C_batteries-01,T003,1438.035182877992,4385.641813543676,,,C01,existing
P1_23_456,G1,C_batteries,G1-C_batteries-02,T001,2885.80837607645,6035.901229839401,,,C02,existing
P1_23_456,G2,A_aircraft,G2-A_aircraft-01,T002_1,0.0,1652.4416357195464,T014_2,986.043656010127,U02,existing
P1_23_456,G2,A_aircraft,G2-A_aircraft-01,T014_2,2638.4852917296735,4762.444692702658,T022,5.000099999999293,U02,existing
P1_23_456,G2,A_aircraft,G2-A_aircraft-01,T022,4767.444792702658,6458.979278941607,,,U02,existing
P1_23_456,G2,A_aircraft,G2-A_aircraft-02,T016,4560.22008071173,6255.978185380194,T019_1,5.000099999998383,U03,existing
P1_23_456,G2,A_aircraft,G2-A_aircraft-02,T019_1,6260.978285380193,7896.736390048657,,,U03,existing
P1_23_456,G2,A_aircraft,G2-A_aircraft-03,T020,4720.220080711731,6690.4299276885495,,,U04,existing
P1_23_456,G2,A_aircraft,G2-A_aircraft-04,T023,5551.539557030659,7187.297661699124,,,NEW-A_aircraft-01,procurement_required
P1_23_456,G2,B_aircraft,G2-B_aircraft-01,T014_1,4.16673174186144e-07,1519.0243448285282,T007,3077.1957358832024,U05,existing
P1_23_456,G2,B_aircraft,G2-B_aircraft-01,T007,4596.220080711731,6939.352187396264,,,U05,existing
P1_23_456,G2,B_aircraft,G2-B_aircraft-02,T004,1194.630385736439,3227.943287050344,T013,5.000100000000202,U06,existing
P1_23_456,G2,B_aircraft,G2-B_aircraft-02,T013,3232.9433870503444,5190.984658537339,T021,5.000100000000202,U06,existing
P1_23_456,G2,B_aircraft,G2-B_aircraft-02,T021,5195.984758537339,7094.0260300243335,,,U06,existing
P1_23_456,G2,C_aircraft,G2-C_aircraft-01,T010_1,0.0,1823.224406150507,T019_2,2629.010247443409,U08,existing
P1_23_456,G2,C_aircraft,G2-C_aircraft-01,T019_2,4452.234653593916,6691.4187185617575,T012,5.000099999999293,U08,existing
P1_23_456,G2,C_aircraft,G2-C_aircraft-01,T012,6696.418818561757,8811.50045984021,,,U08,existing
P1_23_456,G2,C_aircraft,G2-C_aircraft-02,T018,4477.220080711731,6913.029601569379,,,NEW-C_aircraft-01,procurement_required
P1_23_456,G2,A_batteries,G2-A_batteries-01,T002_1,0.0,2667.5322461730734,T016,1892.6878345386563,A02,existing
P1_23_456,G2,A_batteries,G2-A_batteries-01,T016,4560.22008071173,7391.954497536396,,,A02,existing
P1_23_456,G2,A_batteries,G2-A_batteries-02,T014_2,2638.4852917296735,6105.968766534681,T019_1,155.0095188455116,A03,existing
P1_23_456,G2,A_batteries,G2-A_batteries-02,T019_1,6260.978285380193,8981.354683688944,,,A03,existing
P1_23_456,G2,A_batteries,G2-A_batteries-03,T020,4720.220080711731,7930.430578375625,,,A04,existing
P1_23_456,G2,A_batteries,G2-A_batteries-04,T022,4767.444792702658,7634.473785621062,,,A05,existing
P1_23_456,G2,A_batteries,G2-A_batteries-05,T023,5551.539557030659,8292.236282374923,,,A06,existing
P1_23_456,G2,B_batteries,G2-B_batteries-01,T014_1,4.16673174186144e-07,2956.2905629638744,T013,276.65282408647,B01,existing
P1_23_456,G2,B_batteries,G2-B_batteries-01,T013,3232.9433870503444,7150.230286022929,,,B01,existing
P1_23_456,G2,B_batteries,G2-B_batteries-02,T004,1194.630385736439,4994.129999948263,T021,201.85475858907648,B02,existing
P1_23_456,G2,B_batteries,G2-B_batteries-02,T021,5195.984758537339,8961.208181941944,,,B02,existing
P1_23_456,G2,B_batteries,G2-B_batteries-03,T007,4596.220080711731,8817.149572633247,,,B03,existing
P1_23_456,G2,C_batteries,G2-C_batteries-01,T010_1,0.0,3563.4170832737245,T012,3133.0017352880323,C03,existing
P1_23_456,G2,C_batteries,G2-C_batteries-01,T012,6696.418818561757,11304.166177291878,,,C03,existing
P1_23_456,G2,C_batteries,G2-C_batteries-02,T019_2,4452.234653593916,9160.096499981806,,,C04,existing
P1_23_456,G2,C_batteries,G2-C_batteries-03,T018,4477.220080711731,9411.383881543894,,,NEW-C_batteries-01,procurement_required
P1_23_456,G2,relay_aircraft,G2-relay_aircraft-01,R001,113.13731944608116,2129.2976388563347,R002,2665.0597608848047,R01,existing
P1_23_456,G2,relay_aircraft,G2-relay_aircraft-01,R002,4794.3573997411395,8150.275924236526,,,R01,existing
P1_23_456,G2,relay_aircraft,G2-relay_aircraft-02,R003,1094.8164843575157,9390.324849711596,,,R02,existing
P1_23_456,G2,relay_components,G2-relay_components-01,R001,113.13731944608116,2500.002637752911,R002,2294.3547619882283,RE01,existing
P1_23_456,G2,relay_components,G2-relay_components-01,R002,4794.3573997411395,8687.28771421572,,,RE01,existing
P1_23_456,G2,relay_components,G2-relay_components-02,R003,1094.8164843575157,10551.813344790942,,,RE02,existing
P1_23_456,G3,A_aircraft,G3-A_aircraft-01,T009,1317.470977312685,2633.4851917296737,,,NEW-A_aircraft-02,procurement_required
P1_23_456,G3,A_aircraft,G3-A_aircraft-02,T002_2,2048.115373302644,3650.7081092828166,,,NEW-A_aircraft-03,procurement_required
P1_23_456,G3,A_aircraft,G3-A_aircraft-03,T017,2048.115373302644,4391.962448014616,,,NEW-A_aircraft-04,procurement_required
P1_23_456,G3,A_aircraft,G3-A_aircraft-04,T011,2058.1153733026445,4188.754462062227,,,NEW-A_aircraft-05,procurement_required
P1_23_456,G3,B_aircraft,G3-B_aircraft-01,T006,0.0,1189.630285736439,T008,794.485087566205,NEW-B_aircraft-01,procurement_required
P1_23_456,G3,B_aircraft,G3-B_aircraft-01,T008,1984.115373302644,3828.6542634582115,,,NEW-B_aircraft-01,procurement_required
P1_23_456,G3,C_aircraft,G3-C_aircraft-01,T010_2,0.0,1433.035082877992,T015,643.0802904246525,NEW-C_aircraft-02,procurement_required
P1_23_456,G3,C_aircraft,G3-C_aircraft-01,T015,2076.1153733026445,3744.0155776451697,,,NEW-C_aircraft-02,procurement_required
P1_23_456,G3,A_batteries,G3-A_batteries-01,T009,1317.470977312685,3525.3399936387705,,,NEW-A_batteries-01,procurement_required
P1_23_456,G3,A_batteries,G3-A_batteries-02,T002_2,2048.115373302644,4715.175270999501,,,NEW-A_batteries-02,procurement_required
P1_23_456,G3,A_batteries,G3-A_batteries-03,T017,2048.115373302644,5755.52643126419,,,NEW-A_batteries-03,procurement_required
P1_23_456,G3,A_batteries,G3-A_batteries-04,T011,2058.1153733026445,5546.53945703066,,,NEW-A_batteries-04,procurement_required
P1_23_456,G3,B_batteries,G3-B_batteries-01,T006,0.0,2323.07116269932,,,B04,existing
P1_23_456,G3,B_batteries,G3-B_batteries-02,T008,1984.115373302644,5417.316226537593,,,NEW-B_batteries-01,procurement_required
P1_23_456,G3,C_batteries,G3-C_batteries-01,T010_2,0.0,2880.8082760764496,,,NEW-C_batteries-02,procurement_required
P1_23_456,G3,C_batteries,G3-C_batteries-02,T015,2076.1153733026445,5451.076587273992,,,NEW-C_batteries-03,procurement_required
P1_23_456,G3,relay_aircraft,G3-relay_aircraft-01,R004,2134.297738856335,4789.357299741141,,,NEW-relay_aircraft-01,procurement_required
P1_23_456,G3,relay_components,G3-relay_components-01,R004,2134.297738856335,5243.065183552219,,,RE03,existing
P1456_2_3,G1,A_aircraft,G1-A_aircraft-01,T005,0.0,1312.470877312685,T011,745.6444959899595,U01,existing
P1456_2_3,G1,A_aircraft,G1-A_aircraft-01,T011,2058.1153733026445,4188.754462062227,,,U01,existing
P1456_2_3,G1,A_aircraft,G1-A_aircraft-02,T009,1317.470977312685,2633.4851917296737,,,U02,existing
P1456_2_3,G1,A_aircraft,G1-A_aircraft-03,T002_2,2048.115373302644,3650.7081092828166,,,U03,existing
P1456_2_3,G1,A_aircraft,G1-A_aircraft-04,T017,2048.115373302644,4391.962448014616,,,U04,existing
P1456_2_3,G1,B_aircraft,G1-B_aircraft-01,T006,0.0,1189.630285736439,T008,794.485087566205,U05,existing
P1456_2_3,G1,B_aircraft,G1-B_aircraft-01,T008,1984.115373302644,3828.6542634582115,,,U05,existing
P1456_2_3,G1,C_aircraft,G1-C_aircraft-01,T010_2,0.0,1433.035082877992,T015,643.0802904246525,U07,existing
P1456_2_3,G1,C_aircraft,G1-C_aircraft-01,T015,2076.1153733026445,3744.0155776451697,,,U07,existing
P1456_2_3,G1,C_aircraft,G1-C_aircraft-02,T003,1438.035182877992,2867.4613603954576,T001,18.347015680992172,U08,existing
P1456_2_3,G1,C_aircraft,G1-C_aircraft-02,T001,2885.80837607645,4447.234553593915,,,U08,existing
P1456_2_3,G1,A_batteries,G1-A_batteries-01,T005,0.0,2178.7887122874713,,,A01,existing
P1456_2_3,G1,A_batteries,G1-A_batteries-02,T009,1317.470977312685,3525.3399936387705,,,A02,existing
P1456_2_3,G1,A_batteries,G1-A_batteries-03,T002_2,2048.115373302644,4715.175270999501,,,A03,existing
P1456_2_3,G1,A_batteries,G1-A_batteries-04,T017,2048.115373302644,5755.52643126419,,,A04,existing
P1456_2_3,G1,A_batteries,G1-A_batteries-05,T011,2058.1153733026445,5546.53945703066,,,A05,existing
P1456_2_3,G1,B_batteries,G1-B_batteries-01,T006,0.0,2323.07116269932,,,B01,existing
P1456_2_3,G1,B_batteries,G1-B_batteries-02,T008,1984.115373302644,5417.316226537593,,,B02,existing
P1456_2_3,G1,C_batteries,G1-C_batteries-01,T010_2,0.0,2880.8082760764496,T001,5.000100000000202,C01,existing
P1456_2_3,G1,C_batteries,G1-C_batteries-01,T001,2885.80837607645,6035.901229839401,,,C01,existing
P1456_2_3,G1,C_batteries,G1-C_batteries-02,T003,1438.035182877992,4385.641813543676,,,C02,existing
P1456_2_3,G1,C_batteries,G1-C_batteries-03,T015,2076.1153733026445,5451.076587273992,,,C03,existing
P1456_2_3,G1,relay_aircraft,G1-relay_aircraft-01,R004,2134.297738856335,4789.357299741141,,,R01,existing
P1456_2_3,G1,relay_components,G1-relay_components-01,R004,2134.297738856335,5243.065183552219,,,RE01,existing
P1456_2_3,G2,A_aircraft,G2-A_aircraft-01,T014_2,2638.4852917296735,4762.444692702658,T022,5.000099999999293,NEW-A_aircraft-01,procurement_required
P1456_2_3,G2,A_aircraft,G2-A_aircraft-01,T022,4767.444792702658,6458.979278941607,,,NEW-A_aircraft-01,procurement_required
P1456_2_3,G2,B_aircraft,G2-B_aircraft-01,T004,1194.630385736439,3227.943287050344,T013,5.000100000000202,U06,existing
P1456_2_3,G2,B_aircraft,G2-B_aircraft-01,T013,3232.9433870503444,5190.984658537339,T021,5.000100000000202,U06,existing
P1456_2_3,G2,B_aircraft,G2-B_aircraft-01,T021,5195.984758537339,7094.0260300243335,,,U06,existing
P1456_2_3,G2,C_aircraft,G2-C_aircraft-01,T019_2,4452.234653593916,6691.4187185617575,T012,5.000099999999293,NEW-C_aircraft-01,procurement_required
P1456_2_3,G2,C_aircraft,G2-C_aircraft-01,T012,6696.418818561757,8811.50045984021,,,NEW-C_aircraft-01,procurement_required
P1456_2_3,G2,A_batteries,G2-A_batteries-01,T014_2,2638.4852917296735,6105.968766534681,,,A06,existing
P1456_2_3,G2,A_batteries,G2-A_batteries-02,T022,4767.444792702658,7634.473785621062,,,NEW-A_batteries-01,procurement_required
P1456_2_3,G2,B_batteries,G2-B_batteries-01,T004,1194.630385736439,4994.129999948263,T021,201.85475858907648,B03,existing
P1456_2_3,G2,B_batteries,G2-B_batteries-01,T021,5195.984758537339,8961.208181941944,,,B03,existing
P1456_2_3,G2,B_batteries,G2-B_batteries-02,T013,3232.9433870503444,7150.230286022929,,,B04,existing
P1456_2_3,G2,C_batteries,G2-C_batteries-01,T019_2,4452.234653593916,9160.096499981806,,,C04,existing
P1456_2_3,G2,C_batteries,G2-C_batteries-02,T012,6696.418818561757,11304.166177291878,,,NEW-C_batteries-01,procurement_required
P1456_2_3,G2,relay_aircraft,G2-relay_aircraft-01,R003,1094.8164843575157,9390.324849711596,,,R02,existing
P1456_2_3,G2,relay_components,G2-relay_components-01,R003,1094.8164843575157,10551.813344790942,,,RE02,existing
P1456_2_3,G3,A_aircraft,G3-A_aircraft-01,T002_1,0.0,1652.4416357195464,T016,2907.7784449921833,NEW-A_aircraft-02,procurement_required
P1456_2_3,G3,A_aircraft,G3-A_aircraft-01,T016,4560.22008071173,6255.978185380194,T019_1,5.000099999998383,NEW-A_aircraft-02,procurement_required
P1456_2_3,G3,A_aircraft,G3-A_aircraft-01,T019_1,6260.978285380193,7896.736390048657,,,NEW-A_aircraft-02,procurement_required
P1456_2_3,G3,A_aircraft,G3-A_aircraft-02,T020,4720.220080711731,6690.4299276885495,,,NEW-A_aircraft-03,procurement_required
P1456_2_3,G3,A_aircraft,G3-A_aircraft-03,T023,5551.539557030659,7187.297661699124,,,NEW-A_aircraft-04,procurement_required
P1456_2_3,G3,B_aircraft,G3-B_aircraft-01,T014_1,4.16673174186144e-07,1519.0243448285282,T007,3077.1957358832024,NEW-B_aircraft-01,procurement_required
P1456_2_3,G3,B_aircraft,G3-B_aircraft-01,T007,4596.220080711731,6939.352187396264,,,NEW-B_aircraft-01,procurement_required
P1456_2_3,G3,C_aircraft,G3-C_aircraft-01,T010_1,0.0,1823.224406150507,T018,2653.9956745612235,NEW-C_aircraft-02,procurement_required
P1456_2_3,G3,C_aircraft,G3-C_aircraft-01,T018,4477.220080711731,6913.029601569379,,,NEW-C_aircraft-02,procurement_required
P1456_2_3,G3,A_batteries,G3-A_batteries-01,T002_1,0.0,2667.5322461730734,T019_1,3593.446039207119,NEW-A_batteries-02,procurement_required
P1456_2_3,G3,A_batteries,G3-A_batteries-01,T019_1,6260.978285380193,8981.354683688944,,,NEW-A_batteries-02,procurement_required
P1456_2_3,G3,A_batteries,G3-A_batteries-02,T016,4560.22008071173,7391.954497536396,,,NEW-A_batteries-03,procurement_required
P1456_2_3,G3,A_batteries,G3-A_batteries-03,T020,4720.220080711731,7930.430578375625,,,NEW-A_batteries-04,procurement_required
P1456_2_3,G3,A_batteries,G3-A_batteries-04,T023,5551.539557030659,8292.236282374923,,,NEW-A_batteries-05,procurement_required
P1456_2_3,G3,B_batteries,G3-B_batteries-01,T014_1,4.16673174186144e-07,2956.2905629638744,T007,1639.9295177478562,NEW-B_batteries-01,procurement_required
P1456_2_3,G3,B_batteries,G3-B_batteries-01,T007,4596.220080711731,8817.149572633247,,,NEW-B_batteries-01,procurement_required
P1456_2_3,G3,C_batteries,G3-C_batteries-01,T010_1,0.0,3563.4170832737245,T018,913.8029974380061,NEW-C_batteries-02,procurement_required
P1456_2_3,G3,C_batteries,G3-C_batteries-01,T018,4477.220080711731,9411.383881543894,,,NEW-C_batteries-02,procurement_required
P1456_2_3,G3,relay_aircraft,G3-relay_aircraft-01,R001,113.13731944608116,2129.2976388563347,R002,2665.0597608848047,NEW-relay_aircraft-01,procurement_required
P1456_2_3,G3,relay_aircraft,G3-relay_aircraft-01,R002,4794.3573997411395,8150.275924236526,,,NEW-relay_aircraft-01,procurement_required
P1456_2_3,G3,relay_components,G3-relay_components-01,R001,113.13731944608116,2500.002637752911,R002,2294.3547619882283,RE03,existing
P1456_2_3,G3,relay_components,G3-relay_components-01,R002,4794.3573997411395,8687.28771421572,,,RE03,existing
P145_26_3,G1,A_aircraft,G1-A_aircraft-01,T005,0.0,1312.470877312685,T011,745.6444959899595,U01,existing
P145_26_3,G1,A_aircraft,G1-A_aircraft-01,T011,2058.1153733026445,4188.754462062227,,,U01,existing
P145_26_3,G1,A_aircraft,G1-A_aircraft-02,T009,1317.470977312685,2633.4851917296737,,,U02,existing
P145_26_3,G1,A_aircraft,G1-A_aircraft-03,T002_2,2048.115373302644,3650.7081092828166,,,U03,existing
P145_26_3,G1,A_aircraft,G1-A_aircraft-04,T017,2048.115373302644,4391.962448014616,,,U04,existing
P145_26_3,G1,B_aircraft,G1-B_aircraft-01,T008,1984.115373302644,3828.6542634582115,,,U05,existing
P145_26_3,G1,C_aircraft,G1-C_aircraft-01,T010_2,0.0,1433.035082877992,T015,643.0802904246525,U07,existing
P145_26_3,G1,C_aircraft,G1-C_aircraft-01,T015,2076.1153733026445,3744.0155776451697,,,U07,existing
P145_26_3,G1,C_aircraft,G1-C_aircraft-02,T003,1438.035182877992,2867.4613603954576,T001,18.347015680992172,U08,existing
P145_26_3,G1,C_aircraft,G1-C_aircraft-02,T001,2885.80837607645,4447.234553593915,,,U08,existing
P145_26_3,G1,A_batteries,G1-A_batteries-01,T005,0.0,2178.7887122874713,,,A01,existing
P145_26_3,G1,A_batteries,G1-A_batteries-02,T009,1317.470977312685,3525.3399936387705,,,A02,existing
P145_26_3,G1,A_batteries,G1-A_batteries-03,T002_2,2048.115373302644,4715.175270999501,,,A03,existing
P145_26_3,G1,A_batteries,G1-A_batteries-04,T017,2048.115373302644,5755.52643126419,,,A04,existing
P145_26_3,G1,A_batteries,G1-A_batteries-05,T011,2058.1153733026445,5546.53945703066,,,A05,existing
P145_26_3,G1,B_batteries,G1-B_batteries-01,T008,1984.115373302644,5417.316226537593,,,B01,existing
P145_26_3,G1,C_batteries,G1-C_batteries-01,T010_2,0.0,2880.8082760764496,T001,5.000100000000202,C01,existing
P145_26_3,G1,C_batteries,G1-C_batteries-01,T001,2885.80837607645,6035.901229839401,,,C01,existing
P145_26_3,G1,C_batteries,G1-C_batteries-02,T003,1438.035182877992,4385.641813543676,,,C02,existing
P145_26_3,G1,C_batteries,G1-C_batteries-03,T015,2076.1153733026445,5451.076587273992,,,C03,existing
P145_26_3,G1,relay_aircraft,G1-relay_aircraft-01,R004,2134.297738856335,4789.357299741141,,,R01,existing
P145_26_3,G1,relay_components,G1-relay_components-01,R004,2134.297738856335,5243.065183552219,,,RE01,existing
P145_26_3,G2,A_aircraft,G2-A_aircraft-01,T014_2,2638.4852917296735,4762.444692702658,T022,5.000099999999293,NEW-A_aircraft-01,procurement_required
P145_26_3,G2,A_aircraft,G2-A_aircraft-01,T022,4767.444792702658,6458.979278941607,,,NEW-A_aircraft-01,procurement_required
P145_26_3,G2,B_aircraft,G2-B_aircraft-01,T006,0.0,1189.630285736439,T004,5.000099999999975,U06,existing
P145_26_3,G2,B_aircraft,G2-B_aircraft-01,T004,1194.630385736439,3227.943287050344,T013,5.000100000000202,U06,existing
P145_26_3,G2,B_aircraft,G2-B_aircraft-01,T013,3232.9433870503444,5190.984658537339,T021,5.000100000000202,U06,existing
P145_26_3,G2,B_aircraft,G2-B_aircraft-01,T021,5195.984758537339,7094.0260300243335,,,U06,existing
P145_26_3,G2,C_aircraft,G2-C_aircraft-01,T019_2,4452.234653593916,6691.4187185617575,T012,5.000099999999293,NEW-C_aircraft-01,procurement_required
P145_26_3,G2,C_aircraft,G2-C_aircraft-01,T012,6696.418818561757,8811.50045984021,,,NEW-C_aircraft-01,procurement_required
P145_26_3,G2,A_batteries,G2-A_batteries-01,T014_2,2638.4852917296735,6105.968766534681,,,A06,existing
P145_26_3,G2,A_batteries,G2-A_batteries-02,T022,4767.444792702658,7634.473785621062,,,NEW-A_batteries-01,procurement_required
P145_26_3,G2,B_batteries,G2-B_batteries-01,T006,0.0,2323.07116269932,T013,909.8722243510242,B02,existing
P145_26_3,G2,B_batteries,G2-B_batteries-01,T013,3232.9433870503444,7150.230286022929,,,B02,existing
P145_26_3,G2,B_batteries,G2-B_batteries-02,T004,1194.630385736439,4994.129999948263,T021,201.85475858907648,B03,existing
P145_26_3,G2,B_batteries,G2-B_batteries-02,T021,5195.984758537339,8961.208181941944,,,B03,existing
P145_26_3,G2,C_batteries,G2-C_batteries-01,T019_2,4452.234653593916,9160.096499981806,,,C04,existing
P145_26_3,G2,C_batteries,G2-C_batteries-02,T012,6696.418818561757,11304.166177291878,,,NEW-C_batteries-01,procurement_required
P145_26_3,G2,relay_aircraft,G2-relay_aircraft-01,R003,1094.8164843575157,9390.324849711596,,,R02,existing
P145_26_3,G2,relay_components,G2-relay_components-01,R003,1094.8164843575157,10551.813344790942,,,RE02,existing
P145_26_3,G3,A_aircraft,G3-A_aircraft-01,T002_1,0.0,1652.4416357195464,T016,2907.7784449921833,NEW-A_aircraft-02,procurement_required
P145_26_3,G3,A_aircraft,G3-A_aircraft-01,T016,4560.22008071173,6255.978185380194,T019_1,5.000099999998383,NEW-A_aircraft-02,procurement_required
P145_26_3,G3,A_aircraft,G3-A_aircraft-01,T019_1,6260.978285380193,7896.736390048657,,,NEW-A_aircraft-02,procurement_required
P145_26_3,G3,A_aircraft,G3-A_aircraft-02,T020,4720.220080711731,6690.4299276885495,,,NEW-A_aircraft-03,procurement_required
P145_26_3,G3,A_aircraft,G3-A_aircraft-03,T023,5551.539557030659,7187.297661699124,,,NEW-A_aircraft-04,procurement_required
P145_26_3,G3,B_aircraft,G3-B_aircraft-01,T014_1,4.16673174186144e-07,1519.0243448285282,T007,3077.1957358832024,NEW-B_aircraft-01,procurement_required
P145_26_3,G3,B_aircraft,G3-B_aircraft-01,T007,4596.220080711731,6939.352187396264,,,NEW-B_aircraft-01,procurement_required
P145_26_3,G3,C_aircraft,G3-C_aircraft-01,T010_1,0.0,1823.224406150507,T018,2653.9956745612235,NEW-C_aircraft-02,procurement_required
P145_26_3,G3,C_aircraft,G3-C_aircraft-01,T018,4477.220080711731,6913.029601569379,,,NEW-C_aircraft-02,procurement_required
P145_26_3,G3,A_batteries,G3-A_batteries-01,T002_1,0.0,2667.5322461730734,T019_1,3593.446039207119,NEW-A_batteries-02,procurement_required
P145_26_3,G3,A_batteries,G3-A_batteries-01,T019_1,6260.978285380193,8981.354683688944,,,NEW-A_batteries-02,procurement_required
P145_26_3,G3,A_batteries,G3-A_batteries-02,T016,4560.22008071173,7391.954497536396,,,NEW-A_batteries-03,procurement_required
P145_26_3,G3,A_batteries,G3-A_batteries-03,T020,4720.220080711731,7930.430578375625,,,NEW-A_batteries-04,procurement_required
P145_26_3,G3,A_batteries,G3-A_batteries-04,T023,5551.539557030659,8292.236282374923,,,NEW-A_batteries-05,procurement_required
P145_26_3,G3,B_batteries,G3-B_batteries-01,T014_1,4.16673174186144e-07,2956.2905629638744,T007,1639.9295177478562,B04,existing
P145_26_3,G3,B_batteries,G3-B_batteries-01,T007,4596.220080711731,8817.149572633247,,,B04,existing
P145_26_3,G3,C_batteries,G3-C_batteries-01,T010_1,0.0,3563.4170832737245,T018,913.8029974380061,NEW-C_batteries-02,procurement_required
P145_26_3,G3,C_batteries,G3-C_batteries-01,T018,4477.220080711731,9411.383881543894,,,NEW-C_batteries-02,procurement_required
P145_26_3,G3,relay_aircraft,G3-relay_aircraft-01,R001,113.13731944608116,2129.2976388563347,R002,2665.0597608848047,NEW-relay_aircraft-01,procurement_required
P145_26_3,G3,relay_aircraft,G3-relay_aircraft-01,R002,4794.3573997411395,8150.275924236526,,,NEW-relay_aircraft-01,procurement_required
P145_26_3,G3,relay_components,G3-relay_components-01,R001,113.13731944608116,2500.002637752911,R002,2294.3547619882283,RE03,existing
P145_26_3,G3,relay_components,G3-relay_components-01,R002,4794.3573997411395,8687.28771421572,,,RE03,existing
P145_2_36,G1,A_aircraft,G1-A_aircraft-01,T005,0.0,1312.470877312685,T011,745.6444959899595,U01,existing
P145_2_36,G1,A_aircraft,G1-A_aircraft-01,T011,2058.1153733026445,4188.754462062227,,,U01,existing
P145_2_36,G1,A_aircraft,G1-A_aircraft-02,T009,1317.470977312685,2633.4851917296737,,,U02,existing
P145_2_36,G1,A_aircraft,G1-A_aircraft-03,T002_2,2048.115373302644,3650.7081092828166,,,U03,existing
P145_2_36,G1,A_aircraft,G1-A_aircraft-04,T017,2048.115373302644,4391.962448014616,,,U04,existing
P145_2_36,G1,B_aircraft,G1-B_aircraft-01,T008,1984.115373302644,3828.6542634582115,,,U05,existing
P145_2_36,G1,C_aircraft,G1-C_aircraft-01,T010_2,0.0,1433.035082877992,T015,643.0802904246525,U07,existing
P145_2_36,G1,C_aircraft,G1-C_aircraft-01,T015,2076.1153733026445,3744.0155776451697,,,U07,existing
P145_2_36,G1,C_aircraft,G1-C_aircraft-02,T003,1438.035182877992,2867.4613603954576,T001,18.347015680992172,U08,existing
P145_2_36,G1,C_aircraft,G1-C_aircraft-02,T001,2885.80837607645,4447.234553593915,,,U08,existing
P145_2_36,G1,A_batteries,G1-A_batteries-01,T005,0.0,2178.7887122874713,,,A01,existing
P145_2_36,G1,A_batteries,G1-A_batteries-02,T009,1317.470977312685,3525.3399936387705,,,A02,existing
P145_2_36,G1,A_batteries,G1-A_batteries-03,T002_2,2048.115373302644,4715.175270999501,,,A03,existing
P145_2_36,G1,A_batteries,G1-A_batteries-04,T017,2048.115373302644,5755.52643126419,,,A04,existing
P145_2_36,G1,A_batteries,G1-A_batteries-05,T011,2058.1153733026445,5546.53945703066,,,A05,existing
P145_2_36,G1,B_batteries,G1-B_batteries-01,T008,1984.115373302644,5417.316226537593,,,B01,existing
P145_2_36,G1,C_batteries,G1-C_batteries-01,T010_2,0.0,2880.8082760764496,T001,5.000100000000202,C01,existing
P145_2_36,G1,C_batteries,G1-C_batteries-01,T001,2885.80837607645,6035.901229839401,,,C01,existing
P145_2_36,G1,C_batteries,G1-C_batteries-02,T003,1438.035182877992,4385.641813543676,,,C02,existing
P145_2_36,G1,C_batteries,G1-C_batteries-03,T015,2076.1153733026445,5451.076587273992,,,C03,existing
P145_2_36,G1,relay_aircraft,G1-relay_aircraft-01,R004,2134.297738856335,4789.357299741141,,,R01,existing
P145_2_36,G1,relay_components,G1-relay_components-01,R004,2134.297738856335,5243.065183552219,,,RE01,existing
P145_2_36,G2,A_aircraft,G2-A_aircraft-01,T014_2,2638.4852917296735,4762.444692702658,T022,5.000099999999293,NEW-A_aircraft-01,procurement_required
P145_2_36,G2,A_aircraft,G2-A_aircraft-01,T022,4767.444792702658,6458.979278941607,,,NEW-A_aircraft-01,procurement_required
P145_2_36,G2,B_aircraft,G2-B_aircraft-01,T004,1194.630385736439,3227.943287050344,T013,5.000100000000202,U06,existing
P145_2_36,G2,B_aircraft,G2-B_aircraft-01,T013,3232.9433870503444,5190.984658537339,T021,5.000100000000202,U06,existing
P145_2_36,G2,B_aircraft,G2-B_aircraft-01,T021,5195.984758537339,7094.0260300243335,,,U06,existing
P145_2_36,G2,C_aircraft,G2-C_aircraft-01,T019_2,4452.234653593916,6691.4187185617575,T012,5.000099999999293,NEW-C_aircraft-01,procurement_required
P145_2_36,G2,C_aircraft,G2-C_aircraft-01,T012,6696.418818561757,8811.50045984021,,,NEW-C_aircraft-01,procurement_required
P145_2_36,G2,A_batteries,G2-A_batteries-01,T014_2,2638.4852917296735,6105.968766534681,,,A06,existing
P145_2_36,G2,A_batteries,G2-A_batteries-02,T022,4767.444792702658,7634.473785621062,,,NEW-A_batteries-01,procurement_required
P145_2_36,G2,B_batteries,G2-B_batteries-01,T004,1194.630385736439,4994.129999948263,T021,201.85475858907648,B02,existing
P145_2_36,G2,B_batteries,G2-B_batteries-01,T021,5195.984758537339,8961.208181941944,,,B02,existing
P145_2_36,G2,B_batteries,G2-B_batteries-02,T013,3232.9433870503444,7150.230286022929,,,B03,existing
P145_2_36,G2,C_batteries,G2-C_batteries-01,T019_2,4452.234653593916,9160.096499981806,,,C04,existing
P145_2_36,G2,C_batteries,G2-C_batteries-02,T012,6696.418818561757,11304.166177291878,,,NEW-C_batteries-01,procurement_required
P145_2_36,G2,relay_aircraft,G2-relay_aircraft-01,R003,1094.8164843575157,9390.324849711596,,,R02,existing
P145_2_36,G2,relay_components,G2-relay_components-01,R003,1094.8164843575157,10551.813344790942,,,RE02,existing
P145_2_36,G3,A_aircraft,G3-A_aircraft-01,T002_1,0.0,1652.4416357195464,T016,2907.7784449921833,NEW-A_aircraft-02,procurement_required
P145_2_36,G3,A_aircraft,G3-A_aircraft-01,T016,4560.22008071173,6255.978185380194,T019_1,5.000099999998383,NEW-A_aircraft-02,procurement_required
P145_2_36,G3,A_aircraft,G3-A_aircraft-01,T019_1,6260.978285380193,7896.736390048657,,,NEW-A_aircraft-02,procurement_required
P145_2_36,G3,A_aircraft,G3-A_aircraft-02,T020,4720.220080711731,6690.4299276885495,,,NEW-A_aircraft-03,procurement_required
P145_2_36,G3,A_aircraft,G3-A_aircraft-03,T023,5551.539557030659,7187.297661699124,,,NEW-A_aircraft-04,procurement_required
P145_2_36,G3,B_aircraft,G3-B_aircraft-01,T006,0.0,1189.630285736439,T007,3406.5897949752916,NEW-B_aircraft-01,procurement_required
P145_2_36,G3,B_aircraft,G3-B_aircraft-01,T007,4596.220080711731,6939.352187396264,,,NEW-B_aircraft-01,procurement_required
P145_2_36,G3,B_aircraft,G3-B_aircraft-02,T014_1,4.16673174186144e-07,1519.0243448285282,,,NEW-B_aircraft-02,procurement_required
P145_2_36,G3,C_aircraft,G3-C_aircraft-01,T010_1,0.0,1823.224406150507,T018,2653.9956745612235,NEW-C_aircraft-02,procurement_required
P145_2_36,G3,C_aircraft,G3-C_aircraft-01,T018,4477.220080711731,6913.029601569379,,,NEW-C_aircraft-02,procurement_required
P145_2_36,G3,A_batteries,G3-A_batteries-01,T002_1,0.0,2667.5322461730734,T019_1,3593.446039207119,NEW-A_batteries-02,procurement_required
P145_2_36,G3,A_batteries,G3-A_batteries-01,T019_1,6260.978285380193,8981.354683688944,,,NEW-A_batteries-02,procurement_required
P145_2_36,G3,A_batteries,G3-A_batteries-02,T016,4560.22008071173,7391.954497536396,,,NEW-A_batteries-03,procurement_required
P145_2_36,G3,A_batteries,G3-A_batteries-03,T020,4720.220080711731,7930.430578375625,,,NEW-A_batteries-04,procurement_required
P145_2_36,G3,A_batteries,G3-A_batteries-04,T023,5551.539557030659,8292.236282374923,,,NEW-A_batteries-05,procurement_required
P145_2_36,G3,B_batteries,G3-B_batteries-01,T006,0.0,2323.07116269932,T007,2273.1489180124104,B04,existing
P145_2_36,G3,B_batteries,G3-B_batteries-01,T007,4596.220080711731,8817.149572633247,,,B04,existing
P145_2_36,G3,B_batteries,G3-B_batteries-02,T014_1,4.16673174186144e-07,2956.2905629638744,,,NEW-B_batteries-01,procurement_required
P145_2_36,G3,C_batteries,G3-C_batteries-01,T010_1,0.0,3563.4170832737245,T018,913.8029974380061,NEW-C_batteries-02,procurement_required
P145_2_36,G3,C_batteries,G3-C_batteries-01,T018,4477.220080711731,9411.383881543894,,,NEW-C_batteries-02,procurement_required
P145_2_36,G3,relay_aircraft,G3-relay_aircraft-01,R001,113.13731944608116,2129.2976388563347,R002,2665.0597608848047,NEW-relay_aircraft-01,procurement_required
P145_2_36,G3,relay_aircraft,G3-relay_aircraft-01,R002,4794.3573997411395,8150.275924236526,,,NEW-relay_aircraft-01,procurement_required
P145_2_36,G3,relay_components,G3-relay_components-01,R001,113.13731944608116,2500.002637752911,R002,2294.3547619882283,RE03,existing
P145_2_36,G3,relay_components,G3-relay_components-01,R002,4794.3573997411395,8687.28771421572,,,RE03,existing
P146_25_3,G1,A_aircraft,G1-A_aircraft-01,T005,0.0,1312.470877312685,T009,5.000099999999975,U01,existing
P146_25_3,G1,A_aircraft,G1-A_aircraft-01,T009,1317.470977312685,2633.4851917296737,,,U01,existing
P146_25_3,G1,B_aircraft,G1-B_aircraft-01,T006,0.0,1189.630285736439,,,U05,existing
P146_25_3,G1,C_aircraft,G1-C_aircraft-01,T010_2,0.0,1433.035082877992,T003,5.000099999999975,U07,existing
P146_25_3,G1,C_aircraft,G1-C_aircraft-01,T003,1438.035182877992,2867.4613603954576,T001,18.347015680992172,U07,existing
P146_25_3,G1,C_aircraft,G1-C_aircraft-01,T001,2885.80837607645,4447.234553593915,,,U07,existing
P146_25_3,G1,A_batteries,G1-A_batteries-01,T005,0.0,2178.7887122874713,,,A01,existing
P146_25_3,G1,A_batteries,G1-A_batteries-02,T009,1317.470977312685,3525.3399936387705,,,A02,existing
P146_25_3,G1,B_batteries,G1-B_batteries-01,T006,0.0,2323.07116269932,,,B01,existing
P146_25_3,G1,C_batteries,G1-C_batteries-01,T010_2,0.0,2880.8082760764496,T001,5.000100000000202,C01,existing
P146_25_3,G1,C_batteries,G1-C_batteries-01,T001,2885.80837607645,6035.901229839401,,,C01,existing
P146_25_3,G1,C_batteries,G1-C_batteries-02,T003,1438.035182877992,4385.641813543676,,,C02,existing
P146_25_3,G2,A_aircraft,G2-A_aircraft-01,T002_2,2048.115373302644,3650.7081092828166,T022,1116.736683419841,U02,existing
P146_25_3,G2,A_aircraft,G2-A_aircraft-01,T022,4767.444792702658,6458.979278941607,,,U02,existing
P146_25_3,G2,A_aircraft,G2-A_aircraft-02,T017,2048.115373302644,4391.962448014616,,,U03,existing
P146_25_3,G2,A_aircraft,G2-A_aircraft-03,T011,2058.1153733026445,4188.754462062227,,,U04,existing
P146_25_3,G2,A_aircraft,G2-A_aircraft-04,T014_2,2638.4852917296735,4762.444692702658,,,NEW-A_aircraft-01,procurement_required
P146_25_3,G2,B_aircraft,G2-B_aircraft-01,T004,1194.630385736439,3227.943287050344,T013,5.000100000000202,U06,existing
P146_25_3,G2,B_aircraft,G2-B_aircraft-01,T013,3232.9433870503444,5190.984658537339,,,U06,existing
P146_25_3,G2,B_aircraft,G2-B_aircraft-02,T008,1984.115373302644,3828.6542634582115,T021,1367.3304950791276,NEW-B_aircraft-01,procurement_required
P146_25_3,G2,B_aircraft,G2-B_aircraft-02,T021,5195.984758537339,7094.0260300243335,,,NEW-B_aircraft-01,procurement_required
P146_25_3,G2,C_aircraft,G2-C_aircraft-01,T015,2076.1153733026445,3744.0155776451697,T019_2,708.2190759487462,U08,existing
P146_25_3,G2,C_aircraft,G2-C_aircraft-01,T019_2,4452.234653593916,6691.4187185617575,T012,5.000099999999293,U08,existing
P146_25_3,G2,C_aircraft,G2-C_aircraft-01,T012,6696.418818561757,8811.50045984021,,,U08,existing
P146_25_3,G2,A_batteries,G2-A_batteries-01,T002_2,2048.115373302644,4715.175270999501,T022,52.2695217031569,A03,existing
P146_25_3,G2,A_batteries,G2-A_batteries-01,T022,4767.444792702658,7634.473785621062,,,A03,existing
P146_25_3,G2,A_batteries,G2-A_batteries-02,T017,2048.115373302644,5755.52643126419,,,A04,existing
P146_25_3,G2,A_batteries,G2-A_batteries-03,T011,2058.1153733026445,5546.53945703066,,,A05,existing
P146_25_3,G2,A_batteries,G2-A_batteries-04,T014_2,2638.4852917296735,6105.968766534681,,,A06,existing
P146_25_3,G2,B_batteries,G2-B_batteries-01,T004,1194.630385736439,4994.129999948263,T021,201.85475858907648,B02,existing
P146_25_3,G2,B_batteries,G2-B_batteries-01,T021,5195.984758537339,8961.208181941944,,,B02,existing
P146_25_3,G2,B_batteries,G2-B_batteries-02,T008,1984.115373302644,5417.316226537593,,,B03,existing
P146_25_3,G2,B_batteries,G2-B_batteries-03,T013,3232.9433870503444,7150.230286022929,,,B04,existing
P146_25_3,G2,C_batteries,G2-C_batteries-01,T015,2076.1153733026445,5451.076587273992,T012,1245.3422312877647,C03,existing
P146_25_3,G2,C_batteries,G2-C_batteries-01,T012,6696.418818561757,11304.166177291878,,,C03,existing
P146_25_3,G2,C_batteries,G2-C_batteries-02,T019_2,4452.234653593916,9160.096499981806,,,C04,existing
P146_25_3,G2,relay_aircraft,G2-relay_aircraft-01,R003,1094.8164843575157,9390.324849711596,,,R01,existing
P146_25_3,G2,relay_aircraft,G2-relay_aircraft-02,R004,2134.297738856335,4789.357299741141,,,R02,existing
P146_25_3,G2,relay_components,G2-relay_components-01,R003,1094.8164843575157,10551.813344790942,,,RE01,existing
P146_25_3,G2,relay_components,G2-relay_components-02,R004,2134.297738856335,5243.065183552219,,,RE02,existing
P146_25_3,G3,A_aircraft,G3-A_aircraft-01,T002_1,0.0,1652.4416357195464,T016,2907.7784449921833,NEW-A_aircraft-02,procurement_required
P146_25_3,G3,A_aircraft,G3-A_aircraft-01,T016,4560.22008071173,6255.978185380194,T019_1,5.000099999998383,NEW-A_aircraft-02,procurement_required
P146_25_3,G3,A_aircraft,G3-A_aircraft-01,T019_1,6260.978285380193,7896.736390048657,,,NEW-A_aircraft-02,procurement_required
P146_25_3,G3,A_aircraft,G3-A_aircraft-02,T020,4720.220080711731,6690.4299276885495,,,NEW-A_aircraft-03,procurement_required
P146_25_3,G3,A_aircraft,G3-A_aircraft-03,T023,5551.539557030659,7187.297661699124,,,NEW-A_aircraft-04,procurement_required
P146_25_3,G3,B_aircraft,G3-B_aircraft-01,T014_1,4.16673174186144e-07,1519.0243448285282,T007,3077.1957358832024,NEW-B_aircraft-02,procurement_required
P146_25_3,G3,B_aircraft,G3-B_aircraft-01,T007,4596.220080711731,6939.352187396264,,,NEW-B_aircraft-02,procurement_required
P146_25_3,G3,C_aircraft,G3-C_aircraft-01,T010_1,0.0,1823.224406150507,T018,2653.9956745612235,NEW-C_aircraft-01,procurement_required
P146_25_3,G3,C_aircraft,G3-C_aircraft-01,T018,4477.220080711731,6913.029601569379,,,NEW-C_aircraft-01,procurement_required
P146_25_3,G3,A_batteries,G3-A_batteries-01,T002_1,0.0,2667.5322461730734,T019_1,3593.446039207119,NEW-A_batteries-01,procurement_required
P146_25_3,G3,A_batteries,G3-A_batteries-01,T019_1,6260.978285380193,8981.354683688944,,,NEW-A_batteries-01,procurement_required
P146_25_3,G3,A_batteries,G3-A_batteries-02,T016,4560.22008071173,7391.954497536396,,,NEW-A_batteries-02,procurement_required
P146_25_3,G3,A_batteries,G3-A_batteries-03,T020,4720.220080711731,7930.430578375625,,,NEW-A_batteries-03,procurement_required
P146_25_3,G3,A_batteries,G3-A_batteries-04,T023,5551.539557030659,8292.236282374923,,,NEW-A_batteries-04,procurement_required
P146_25_3,G3,B_batteries,G3-B_batteries-01,T014_1,4.16673174186144e-07,2956.2905629638744,T007,1639.9295177478562,NEW-B_batteries-01,procurement_required
P146_25_3,G3,B_batteries,G3-B_batteries-01,T007,4596.220080711731,8817.149572633247,,,NEW-B_batteries-01,procurement_required
P146_25_3,G3,C_batteries,G3-C_batteries-01,T010_1,0.0,3563.4170832737245,T018,913.8029974380061,NEW-C_batteries-01,procurement_required
P146_25_3,G3,C_batteries,G3-C_batteries-01,T018,4477.220080711731,9411.383881543894,,,NEW-C_batteries-01,procurement_required
P146_25_3,G3,relay_aircraft,G3-relay_aircraft-01,R001,113.13731944608116,2129.2976388563347,R002,2665.0597608848047,NEW-relay_aircraft-01,procurement_required
P146_25_3,G3,relay_aircraft,G3-relay_aircraft-01,R002,4794.3573997411395,8150.275924236526,,,NEW-relay_aircraft-01,procurement_required
P146_25_3,G3,relay_components,G3-relay_components-01,R001,113.13731944608116,2500.002637752911,R002,2294.3547619882283,RE03,existing
P146_25_3,G3,relay_components,G3-relay_components-01,R002,4794.3573997411395,8687.28771421572,,,RE03,existing
P14_256_3,G1,A_aircraft,G1-A_aircraft-01,T005,0.0,1312.470877312685,T009,5.000099999999975,U01,existing
P14_256_3,G1,A_aircraft,G1-A_aircraft-01,T009,1317.470977312685,2633.4851917296737,,,U01,existing
P14_256_3,G1,C_aircraft,G1-C_aircraft-01,T010_2,0.0,1433.035082877992,T003,5.000099999999975,U07,existing
P14_256_3,G1,C_aircraft,G1-C_aircraft-01,T003,1438.035182877992,2867.4613603954576,T001,18.347015680992172,U07,existing
P14_256_3,G1,C_aircraft,G1-C_aircraft-01,T001,2885.80837607645,4447.234553593915,,,U07,existing
P14_256_3,G1,A_batteries,G1-A_batteries-01,T005,0.0,2178.7887122874713,,,A01,existing
P14_256_3,G1,A_batteries,G1-A_batteries-02,T009,1317.470977312685,3525.3399936387705,,,A02,existing
P14_256_3,G1,C_batteries,G1-C_batteries-01,T010_2,0.0,2880.8082760764496,T001,5.000100000000202,C01,existing
P14_256_3,G1,C_batteries,G1-C_batteries-01,T001,2885.80837607645,6035.901229839401,,,C01,existing
P14_256_3,G1,C_batteries,G1-C_batteries-02,T003,1438.035182877992,4385.641813543676,,,C02,existing
P14_256_3,G2,A_aircraft,G2-A_aircraft-01,T002_2,2048.115373302644,3650.7081092828166,T022,1116.736683419841,U02,existing
P14_256_3,G2,A_aircraft,G2-A_aircraft-01,T022,4767.444792702658,6458.979278941607,,,U02,existing
P14_256_3,G2,A_aircraft,G2-A_aircraft-02,T017,2048.115373302644,4391.962448014616,,,U03,existing
P14_256_3,G2,A_aircraft,G2-A_aircraft-03,T011,2058.1153733026445,4188.754462062227,,,U04,existing
P14_256_3,G2,A_aircraft,G2-A_aircraft-04,T014_2,2638.4852917296735,4762.444692702658,,,NEW-A_aircraft-01,procurement_required
P14_256_3,G2,B_aircraft,G2-B_aircraft-01,T006,0.0,1189.630285736439,T008,794.485087566205,U05,existing
P14_256_3,G2,B_aircraft,G2-B_aircraft-01,T008,1984.115373302644,3828.6542634582115,T021,1367.3304950791276,U05,existing
P14_256_3,G2,B_aircraft,G2-B_aircraft-01,T021,5195.984758537339,7094.0260300243335,,,U05,existing
P14_256_3,G2,B_aircraft,G2-B_aircraft-02,T004,1194.630385736439,3227.943287050344,T013,5.000100000000202,U06,existing
P14_256_3,G2,B_aircraft,G2-B_aircraft-02,T013,3232.9433870503444,5190.984658537339,,,U06,existing
P14_256_3,G2,C_aircraft,G2-C_aircraft-01,T015,2076.1153733026445,3744.0155776451697,T019_2,708.2190759487462,U08,existing
P14_256_3,G2,C_aircraft,G2-C_aircraft-01,T019_2,4452.234653593916,6691.4187185617575,T012,5.000099999999293,U08,existing
P14_256_3,G2,C_aircraft,G2-C_aircraft-01,T012,6696.418818561757,8811.50045984021,,,U08,existing
P14_256_3,G2,A_batteries,G2-A_batteries-01,T002_2,2048.115373302644,4715.175270999501,T022,52.2695217031569,A03,existing
P14_256_3,G2,A_batteries,G2-A_batteries-01,T022,4767.444792702658,7634.473785621062,,,A03,existing
P14_256_3,G2,A_batteries,G2-A_batteries-02,T017,2048.115373302644,5755.52643126419,,,A04,existing
P14_256_3,G2,A_batteries,G2-A_batteries-03,T011,2058.1153733026445,5546.53945703066,,,A05,existing
P14_256_3,G2,A_batteries,G2-A_batteries-04,T014_2,2638.4852917296735,6105.968766534681,,,A06,existing
P14_256_3,G2,B_batteries,G2-B_batteries-01,T006,0.0,2323.07116269932,T013,909.8722243510242,B01,existing
P14_256_3,G2,B_batteries,G2-B_batteries-01,T013,3232.9433870503444,7150.230286022929,,,B01,existing
P14_256_3,G2,B_batteries,G2-B_batteries-02,T004,1194.630385736439,4994.129999948263,T021,201.85475858907648,B02,existing
P14_256_3,G2,B_batteries,G2-B_batteries-02,T021,5195.984758537339,8961.208181941944,,,B02,existing
P14_256_3,G2,B_batteries,G2-B_batteries-03,T008,1984.115373302644,5417.316226537593,,,B03,existing
P14_256_3,G2,C_batteries,G2-C_batteries-01,T015,2076.1153733026445,5451.076587273992,T012,1245.3422312877647,C03,existing
P14_256_3,G2,C_batteries,G2-C_batteries-01,T012,6696.418818561757,11304.166177291878,,,C03,existing
P14_256_3,G2,C_batteries,G2-C_batteries-02,T019_2,4452.234653593916,9160.096499981806,,,C04,existing
P14_256_3,G2,relay_aircraft,G2-relay_aircraft-01,R003,1094.8164843575157,9390.324849711596,,,R01,existing
P14_256_3,G2,relay_aircraft,G2-relay_aircraft-02,R004,2134.297738856335,4789.357299741141,,,R02,existing
P14_256_3,G2,relay_components,G2-relay_components-01,R003,1094.8164843575157,10551.813344790942,,,RE01,existing
P14_256_3,G2,relay_components,G2-relay_components-02,R004,2134.297738856335,5243.065183552219,,,RE02,existing
P14_256_3,G3,A_aircraft,G3-A_aircraft-01,T002_1,0.0,1652.4416357195464,T016,2907.7784449921833,NEW-A_aircraft-02,procurement_required
P14_256_3,G3,A_aircraft,G3-A_aircraft-01,T016,4560.22008071173,6255.978185380194,T019_1,5.000099999998383,NEW-A_aircraft-02,procurement_required
P14_256_3,G3,A_aircraft,G3-A_aircraft-01,T019_1,6260.978285380193,7896.736390048657,,,NEW-A_aircraft-02,procurement_required
P14_256_3,G3,A_aircraft,G3-A_aircraft-02,T020,4720.220080711731,6690.4299276885495,,,NEW-A_aircraft-03,procurement_required
P14_256_3,G3,A_aircraft,G3-A_aircraft-03,T023,5551.539557030659,7187.297661699124,,,NEW-A_aircraft-04,procurement_required
P14_256_3,G3,B_aircraft,G3-B_aircraft-01,T014_1,4.16673174186144e-07,1519.0243448285282,T007,3077.1957358832024,NEW-B_aircraft-01,procurement_required
P14_256_3,G3,B_aircraft,G3-B_aircraft-01,T007,4596.220080711731,6939.352187396264,,,NEW-B_aircraft-01,procurement_required
P14_256_3,G3,C_aircraft,G3-C_aircraft-01,T010_1,0.0,1823.224406150507,T018,2653.9956745612235,NEW-C_aircraft-01,procurement_required
P14_256_3,G3,C_aircraft,G3-C_aircraft-01,T018,4477.220080711731,6913.029601569379,,,NEW-C_aircraft-01,procurement_required
P14_256_3,G3,A_batteries,G3-A_batteries-01,T002_1,0.0,2667.5322461730734,T019_1,3593.446039207119,NEW-A_batteries-01,procurement_required
P14_256_3,G3,A_batteries,G3-A_batteries-01,T019_1,6260.978285380193,8981.354683688944,,,NEW-A_batteries-01,procurement_required
P14_256_3,G3,A_batteries,G3-A_batteries-02,T016,4560.22008071173,7391.954497536396,,,NEW-A_batteries-02,procurement_required
P14_256_3,G3,A_batteries,G3-A_batteries-03,T020,4720.220080711731,7930.430578375625,,,NEW-A_batteries-03,procurement_required
P14_256_3,G3,A_batteries,G3-A_batteries-04,T023,5551.539557030659,8292.236282374923,,,NEW-A_batteries-04,procurement_required
P14_256_3,G3,B_batteries,G3-B_batteries-01,T014_1,4.16673174186144e-07,2956.2905629638744,T007,1639.9295177478562,B04,existing
P14_256_3,G3,B_batteries,G3-B_batteries-01,T007,4596.220080711731,8817.149572633247,,,B04,existing
P14_256_3,G3,C_batteries,G3-C_batteries-01,T010_1,0.0,3563.4170832737245,T018,913.8029974380061,NEW-C_batteries-01,procurement_required
P14_256_3,G3,C_batteries,G3-C_batteries-01,T018,4477.220080711731,9411.383881543894,,,NEW-C_batteries-01,procurement_required
P14_256_3,G3,relay_aircraft,G3-relay_aircraft-01,R001,113.13731944608116,2129.2976388563347,R002,2665.0597608848047,NEW-relay_aircraft-01,procurement_required
P14_256_3,G3,relay_aircraft,G3-relay_aircraft-01,R002,4794.3573997411395,8150.275924236526,,,NEW-relay_aircraft-01,procurement_required
P14_256_3,G3,relay_components,G3-relay_components-01,R001,113.13731944608116,2500.002637752911,R002,2294.3547619882283,RE03,existing
P14_256_3,G3,relay_components,G3-relay_components-01,R002,4794.3573997411395,8687.28771421572,,,RE03,existing
P14_25_36,G1,A_aircraft,G1-A_aircraft-01,T005,0.0,1312.470877312685,T009,5.000099999999975,U01,existing
P14_25_36,G1,A_aircraft,G1-A_aircraft-01,T009,1317.470977312685,2633.4851917296737,,,U01,existing
P14_25_36,G1,C_aircraft,G1-C_aircraft-01,T010_2,0.0,1433.035082877992,T003,5.000099999999975,U07,existing
P14_25_36,G1,C_aircraft,G1-C_aircraft-01,T003,1438.035182877992,2867.4613603954576,T001,18.347015680992172,U07,existing
P14_25_36,G1,C_aircraft,G1-C_aircraft-01,T001,2885.80837607645,4447.234553593915,,,U07,existing
P14_25_36,G1,A_batteries,G1-A_batteries-01,T005,0.0,2178.7887122874713,,,A01,existing
P14_25_36,G1,A_batteries,G1-A_batteries-02,T009,1317.470977312685,3525.3399936387705,,,A02,existing
P14_25_36,G1,C_batteries,G1-C_batteries-01,T010_2,0.0,2880.8082760764496,T001,5.000100000000202,C01,existing
P14_25_36,G1,C_batteries,G1-C_batteries-01,T001,2885.80837607645,6035.901229839401,,,C01,existing
P14_25_36,G1,C_batteries,G1-C_batteries-02,T003,1438.035182877992,4385.641813543676,,,C02,existing
P14_25_36,G2,A_aircraft,G2-A_aircraft-01,T002_2,2048.115373302644,3650.7081092828166,T022,1116.736683419841,U02,existing
P14_25_36,G2,A_aircraft,G2-A_aircraft-01,T022,4767.444792702658,6458.979278941607,,,U02,existing
P14_25_36,G2,A_aircraft,G2-A_aircraft-02,T017,2048.115373302644,4391.962448014616,,,U03,existing
P14_25_36,G2,A_aircraft,G2-A_aircraft-03,T011,2058.1153733026445,4188.754462062227,,,U04,existing
P14_25_36,G2,A_aircraft,G2-A_aircraft-04,T014_2,2638.4852917296735,4762.444692702658,,,NEW-A_aircraft-01,procurement_required
P14_25_36,G2,B_aircraft,G2-B_aircraft-01,T004,1194.630385736439,3227.943287050344,T013,5.000100000000202,U05,existing
P14_25_36,G2,B_aircraft,G2-B_aircraft-01,T013,3232.9433870503444,5190.984658537339,,,U05,existing
P14_25_36,G2,B_aircraft,G2-B_aircraft-02,T008,1984.115373302644,3828.6542634582115,T021,1367.3304950791276,U06,existing
P14_25_36,G2,B_aircraft,G2-B_aircraft-02,T021,5195.984758537339,7094.0260300243335,,,U06,existing
P14_25_36,G2,C_aircraft,G2-C_aircraft-01,T015,2076.1153733026445,3744.0155776451697,T019_2,708.2190759487462,U08,existing
P14_25_36,G2,C_aircraft,G2-C_aircraft-01,T019_2,4452.234653593916,6691.4187185617575,T012,5.000099999999293,U08,existing
P14_25_36,G2,C_aircraft,G2-C_aircraft-01,T012,6696.418818561757,8811.50045984021,,,U08,existing
P14_25_36,G2,A_batteries,G2-A_batteries-01,T002_2,2048.115373302644,4715.175270999501,T022,52.2695217031569,A03,existing
P14_25_36,G2,A_batteries,G2-A_batteries-01,T022,4767.444792702658,7634.473785621062,,,A03,existing
P14_25_36,G2,A_batteries,G2-A_batteries-02,T017,2048.115373302644,5755.52643126419,,,A04,existing
P14_25_36,G2,A_batteries,G2-A_batteries-03,T011,2058.1153733026445,5546.53945703066,,,A05,existing
P14_25_36,G2,A_batteries,G2-A_batteries-04,T014_2,2638.4852917296735,6105.968766534681,,,A06,existing
P14_25_36,G2,B_batteries,G2-B_batteries-01,T004,1194.630385736439,4994.129999948263,T021,201.85475858907648,B01,existing
P14_25_36,G2,B_batteries,G2-B_batteries-01,T021,5195.984758537339,8961.208181941944,,,B01,existing
P14_25_36,G2,B_batteries,G2-B_batteries-02,T008,1984.115373302644,5417.316226537593,,,B02,existing
P14_25_36,G2,B_batteries,G2-B_batteries-03,T013,3232.9433870503444,7150.230286022929,,,B03,existing
P14_25_36,G2,C_batteries,G2-C_batteries-01,T015,2076.1153733026445,5451.076587273992,T012,1245.3422312877647,C03,existing
P14_25_36,G2,C_batteries,G2-C_batteries-01,T012,6696.418818561757,11304.166177291878,,,C03,existing
P14_25_36,G2,C_batteries,G2-C_batteries-02,T019_2,4452.234653593916,9160.096499981806,,,C04,existing
P14_25_36,G2,relay_aircraft,G2-relay_aircraft-01,R003,1094.8164843575157,9390.324849711596,,,R01,existing
P14_25_36,G2,relay_aircraft,G2-relay_aircraft-02,R004,2134.297738856335,4789.357299741141,,,R02,existing
P14_25_36,G2,relay_components,G2-relay_components-01,R003,1094.8164843575157,10551.813344790942,,,RE01,existing
P14_25_36,G2,relay_components,G2-relay_components-02,R004,2134.297738856335,5243.065183552219,,,RE02,existing
P14_25_36,G3,A_aircraft,G3-A_aircraft-01,T002_1,0.0,1652.4416357195464,T016,2907.7784449921833,NEW-A_aircraft-02,procurement_required
P14_25_36,G3,A_aircraft,G3-A_aircraft-01,T016,4560.22008071173,6255.978185380194,T019_1,5.000099999998383,NEW-A_aircraft-02,procurement_required
P14_25_36,G3,A_aircraft,G3-A_aircraft-01,T019_1,6260.978285380193,7896.736390048657,,,NEW-A_aircraft-02,procurement_required
P14_25_36,G3,A_aircraft,G3-A_aircraft-02,T020,4720.220080711731,6690.4299276885495,,,NEW-A_aircraft-03,procurement_required
P14_25_36,G3,A_aircraft,G3-A_aircraft-03,T023,5551.539557030659,7187.297661699124,,,NEW-A_aircraft-04,procurement_required
P14_25_36,G3,B_aircraft,G3-B_aircraft-01,T006,0.0,1189.630285736439,T007,3406.5897949752916,NEW-B_aircraft-01,procurement_required
P14_25_36,G3,B_aircraft,G3-B_aircraft-01,T007,4596.220080711731,6939.352187396264,,,NEW-B_aircraft-01,procurement_required
P14_25_36,G3,B_aircraft,G3-B_aircraft-02,T014_1,4.16673174186144e-07,1519.0243448285282,,,NEW-B_aircraft-02,procurement_required
P14_25_36,G3,C_aircraft,G3-C_aircraft-01,T010_1,0.0,1823.224406150507,T018,2653.9956745612235,NEW-C_aircraft-01,procurement_required
P14_25_36,G3,C_aircraft,G3-C_aircraft-01,T018,4477.220080711731,6913.029601569379,,,NEW-C_aircraft-01,procurement_required
P14_25_36,G3,A_batteries,G3-A_batteries-01,T002_1,0.0,2667.5322461730734,T019_1,3593.446039207119,NEW-A_batteries-01,procurement_required
P14_25_36,G3,A_batteries,G3-A_batteries-01,T019_1,6260.978285380193,8981.354683688944,,,NEW-A_batteries-01,procurement_required
P14_25_36,G3,A_batteries,G3-A_batteries-02,T016,4560.22008071173,7391.954497536396,,,NEW-A_batteries-02,procurement_required
P14_25_36,G3,A_batteries,G3-A_batteries-03,T020,4720.220080711731,7930.430578375625,,,NEW-A_batteries-03,procurement_required
P14_25_36,G3,A_batteries,G3-A_batteries-04,T023,5551.539557030659,8292.236282374923,,,NEW-A_batteries-04,procurement_required
P14_25_36,G3,B_batteries,G3-B_batteries-01,T006,0.0,2323.07116269932,T007,2273.1489180124104,B04,existing
P14_25_36,G3,B_batteries,G3-B_batteries-01,T007,4596.220080711731,8817.149572633247,,,B04,existing
P14_25_36,G3,B_batteries,G3-B_batteries-02,T014_1,4.16673174186144e-07,2956.2905629638744,,,NEW-B_batteries-01,procurement_required
P14_25_36,G3,C_batteries,G3-C_batteries-01,T010_1,0.0,3563.4170832737245,T018,913.8029974380061,NEW-C_batteries-01,procurement_required
P14_25_36,G3,C_batteries,G3-C_batteries-01,T018,4477.220080711731,9411.383881543894,,,NEW-C_batteries-01,procurement_required
P14_25_36,G3,relay_aircraft,G3-relay_aircraft-01,R001,113.13731944608116,2129.2976388563347,R002,2665.0597608848047,NEW-relay_aircraft-01,procurement_required
P14_25_36,G3,relay_aircraft,G3-relay_aircraft-01,R002,4794.3573997411395,8150.275924236526,,,NEW-relay_aircraft-01,procurement_required
P14_25_36,G3,relay_components,G3-relay_components-01,R001,113.13731944608116,2500.002637752911,R002,2294.3547619882283,RE03,existing
P14_25_36,G3,relay_components,G3-relay_components-01,R002,4794.3573997411395,8687.28771421572,,,RE03,existing
P146_2_35,G1,A_aircraft,G1-A_aircraft-01,T005,0.0,1312.470877312685,T009,5.000099999999975,U01,existing
P146_2_35,G1,A_aircraft,G1-A_aircraft-01,T009,1317.470977312685,2633.4851917296737,,,U01,existing
P146_2_35,G1,B_aircraft,G1-B_aircraft-01,T006,0.0,1189.630285736439,,,U05,existing
P146_2_35,G1,C_aircraft,G1-C_aircraft-01,T010_2,0.0,1433.035082877992,T003,5.000099999999975,U07,existing
P146_2_35,G1,C_aircraft,G1-C_aircraft-01,T003,1438.035182877992,2867.4613603954576,T001,18.347015680992172,U07,existing
P146_2_35,G1,C_aircraft,G1-C_aircraft-01,T001,2885.80837607645,4447.234553593915,,,U07,existing
P146_2_35,G1,A_batteries,G1-A_batteries-01,T005,0.0,2178.7887122874713,,,A01,existing
P146_2_35,G1,A_batteries,G1-A_batteries-02,T009,1317.470977312685,3525.3399936387705,,,A02,existing
P146_2_35,G1,B_batteries,G1-B_batteries-01,T006,0.0,2323.07116269932,,,B01,existing
P146_2_35,G1,C_batteries,G1-C_batteries-01,T010_2,0.0,2880.8082760764496,T001,5.000100000000202,C01,existing
P146_2_35,G1,C_batteries,G1-C_batteries-01,T001,2885.80837607645,6035.901229839401,,,C01,existing
P146_2_35,G1,C_batteries,G1-C_batteries-02,T003,1438.035182877992,4385.641813543676,,,C02,existing
P146_2_35,G2,A_aircraft,G2-A_aircraft-01,T014_2,2638.4852917296735,4762.444692702658,T022,5.000099999999293,U02,existing
P146_2_35,G2,A_aircraft,G2-A_aircraft-01,T022,4767.444792702658,6458.979278941607,,,U02,existing
P146_2_35,G2,B_aircraft,G2-B_aircraft-01,T004,1194.630385736439,3227.943287050344,T013,5.000100000000202,U06,existing
P146_2_35,G2,B_aircraft,G2-B_aircraft-01,T013,3232.9433870503444,5190.984658537339,T021,5.000100000000202,U06,existing
P146_2_35,G2,B_aircraft,G2-B_aircraft-01,T021,5195.984758537339,7094.0260300243335,,,U06,existing
P146_2_35,G2,C_aircraft,G2-C_aircraft-01,T019_2,4452.234653593916,6691.4187185617575,T012,5.000099999999293,U08,existing
P146_2_35,G2,C_aircraft,G2-C_aircraft-01,T012,6696.418818561757,8811.50045984021,,,U08,existing
P146_2_35,G2,A_batteries,G2-A_batteries-01,T014_2,2638.4852917296735,6105.968766534681,,,A03,existing
P146_2_35,G2,A_batteries,G2-A_batteries-02,T022,4767.444792702658,7634.473785621062,,,A04,existing
P146_2_35,G2,B_batteries,G2-B_batteries-01,T004,1194.630385736439,4994.129999948263,T021,201.85475858907648,B02,existing
P146_2_35,G2,B_batteries,G2-B_batteries-01,T021,5195.984758537339,8961.208181941944,,,B02,existing
P146_2_35,G2,B_batteries,G2-B_batteries-02,T013,3232.9433870503444,7150.230286022929,,,B03,existing
P146_2_35,G2,C_batteries,G2-C_batteries-01,T019_2,4452.234653593916,9160.096499981806,,,C03,existing
P146_2_35,G2,C_batteries,G2-C_batteries-02,T012,6696.418818561757,11304.166177291878,,,C04,existing
P146_2_35,G2,relay_aircraft,G2-relay_aircraft-01,R003,1094.8164843575157,9390.324849711596,,,R01,existing
P146_2_35,G2,relay_components,G2-relay_components-01,R003,1094.8164843575157,10551.813344790942,,,RE01,existing
P146_2_35,G3,A_aircraft,G3-A_aircraft-01,T002_1,0.0,1652.4416357195464,T002_2,395.6737375830976,U03,existing
P146_2_35,G3,A_aircraft,G3-A_aircraft-01,T002_2,2048.115373302644,3650.7081092828166,T023,1900.8314477478425,U03,existing
P146_2_35,G3,A_aircraft,G3-A_aircraft-01,T023,5551.539557030659,7187.297661699124,,,U03,existing
P146_2_35,G3,A_aircraft,G3-A_aircraft-02,T017,2048.115373302644,4391.962448014616,T016,168.25763269711388,U04,existing
P146_2_35,G3,A_aircraft,G3-A_aircraft-02,T016,4560.22008071173,6255.978185380194,T019_1,5.000099999998383,U04,existing
P146_2_35,G3,A_aircraft,G3-A_aircraft-02,T019_1,6260.978285380193,7896.736390048657,,,U04,existing
P146_2_35,G3,A_aircraft,G3-A_aircraft-03,T011,2058.1153733026445,4188.754462062227,T020,531.465618649504,NEW-A_aircraft-01,procurement_required
P146_2_35,G3,A_aircraft,G3-A_aircraft-03,T020,4720.220080711731,6690.4299276885495,,,NEW-A_aircraft-01,procurement_required
P146_2_35,G3,B_aircraft,G3-B_aircraft-01,T014_1,4.16673174186144e-07,1519.0243448285282,T008,465.0910284741158,NEW-B_aircraft-01,procurement_required
P146_2_35,G3,B_aircraft,G3-B_aircraft-01,T008,1984.115373302644,3828.6542634582115,T007,767.5658172535191,NEW-B_aircraft-01,procurement_required
P146_2_35,G3,B_aircraft,G3-B_aircraft-01,T007,4596.220080711731,6939.352187396264,,,NEW-B_aircraft-01,procurement_required
P146_2_35,G3,C_aircraft,G3-C_aircraft-01,T010_1,0.0,1823.224406150507,T015,252.89096715213736,NEW-C_aircraft-01,procurement_required
P146_2_35,G3,C_aircraft,G3-C_aircraft-01,T015,2076.1153733026445,3744.0155776451697,T018,733.2045030665608,NEW-C_aircraft-01,procurement_required
P146_2_35,G3,C_aircraft,G3-C_aircraft-01,T018,4477.220080711731,6913.029601569379,,,NEW-C_aircraft-01,procurement_required
P146_2_35,G3,A_batteries,G3-A_batteries-01,T002_1,0.0,2667.5322461730734,T016,1892.6878345386563,A05,existing
P146_2_35,G3,A_batteries,G3-A_batteries-01,T016,4560.22008071173,7391.954497536396,,,A05,existing
P146_2_35,G3,A_batteries,G3-A_batteries-02,T002_2,2048.115373302644,4715.175270999501,T020,5.044809712229835,A06,existing
P146_2_35,G3,A_batteries,G3-A_batteries-02,T020,4720.220080711731,7930.430578375625,,,A06,existing
P146_2_35,G3,A_batteries,G3-A_batteries-03,T017,2048.115373302644,5755.52643126419,T019_1,505.4518541160023,NEW-A_batteries-01,procurement_required
P146_2_35,G3,A_batteries,G3-A_batteries-03,T019_1,6260.978285380193,8981.354683688944,,,NEW-A_batteries-01,procurement_required
P146_2_35,G3,A_batteries,G3-A_batteries-04,T011,2058.1153733026445,5546.53945703066,T023,5.000099999999293,NEW-A_batteries-02,procurement_required
P146_2_35,G3,A_batteries,G3-A_batteries-04,T023,5551.539557030659,8292.236282374923,,,NEW-A_batteries-02,procurement_required
P146_2_35,G3,B_batteries,G3-B_batteries-01,T014_1,4.16673174186144e-07,2956.2905629638744,T007,1639.9295177478562,B04,existing
P146_2_35,G3,B_batteries,G3-B_batteries-01,T007,4596.220080711731,8817.149572633247,,,B04,existing
P146_2_35,G3,B_batteries,G3-B_batteries-02,T008,1984.115373302644,5417.316226537593,,,NEW-B_batteries-01,procurement_required
P146_2_35,G3,C_batteries,G3-C_batteries-01,T010_1,0.0,3563.4170832737245,T018,913.8029974380061,NEW-C_batteries-01,procurement_required
P146_2_35,G3,C_batteries,G3-C_batteries-01,T018,4477.220080711731,9411.383881543894,,,NEW-C_batteries-01,procurement_required
P146_2_35,G3,C_batteries,G3-C_batteries-02,T015,2076.1153733026445,5451.076587273992,,,NEW-C_batteries-02,procurement_required
P146_2_35,G3,relay_aircraft,G3-relay_aircraft-01,R001,113.13731944608116,2129.2976388563347,R004,5.000100000000202,R02,existing
P146_2_35,G3,relay_aircraft,G3-relay_aircraft-01,R004,2134.297738856335,4789.357299741141,R002,5.000099999998383,R02,existing
P146_2_35,G3,relay_aircraft,G3-relay_aircraft-01,R002,4794.3573997411395,8150.275924236526,,,R02,existing
P146_2_35,G3,relay_components,G3-relay_components-01,R001,113.13731944608116,2500.002637752911,R002,2294.3547619882283,RE02,existing
P146_2_35,G3,relay_components,G3-relay_components-01,R002,4794.3573997411395,8687.28771421572,,,RE02,existing
P146_2_35,G3,relay_components,G3-relay_components-02,R004,2134.297738856335,5243.065183552219,,,RE03,existing
P14_26_35,G1,A_aircraft,G1-A_aircraft-01,T005,0.0,1312.470877312685,T009,5.000099999999975,U01,existing
P14_26_35,G1,A_aircraft,G1-A_aircraft-01,T009,1317.470977312685,2633.4851917296737,,,U01,existing
P14_26_35,G1,C_aircraft,G1-C_aircraft-01,T010_2,0.0,1433.035082877992,T003,5.000099999999975,U07,existing
P14_26_35,G1,C_aircraft,G1-C_aircraft-01,T003,1438.035182877992,2867.4613603954576,T001,18.347015680992172,U07,existing
P14_26_35,G1,C_aircraft,G1-C_aircraft-01,T001,2885.80837607645,4447.234553593915,,,U07,existing
P14_26_35,G1,A_batteries,G1-A_batteries-01,T005,0.0,2178.7887122874713,,,A01,existing
P14_26_35,G1,A_batteries,G1-A_batteries-02,T009,1317.470977312685,3525.3399936387705,,,A02,existing
P14_26_35,G1,C_batteries,G1-C_batteries-01,T010_2,0.0,2880.8082760764496,T001,5.000100000000202,C01,existing
P14_26_35,G1,C_batteries,G1-C_batteries-01,T001,2885.80837607645,6035.901229839401,,,C01,existing
P14_26_35,G1,C_batteries,G1-C_batteries-02,T003,1438.035182877992,4385.641813543676,,,C02,existing
P14_26_35,G2,A_aircraft,G2-A_aircraft-01,T014_2,2638.4852917296735,4762.444692702658,T022,5.000099999999293,U02,existing
P14_26_35,G2,A_aircraft,G2-A_aircraft-01,T022,4767.444792702658,6458.979278941607,,,U02,existing
P14_26_35,G2,B_aircraft,G2-B_aircraft-01,T006,0.0,1189.630285736439,T004,5.000099999999975,U05,existing
P14_26_35,G2,B_aircraft,G2-B_aircraft-01,T004,1194.630385736439,3227.943287050344,T013,5.000100000000202,U05,existing
P14_26_35,G2,B_aircraft,G2-B_aircraft-01,T013,3232.9433870503444,5190.984658537339,T021,5.000100000000202,U05,existing
P14_26_35,G2,B_aircraft,G2-B_aircraft-01,T021,5195.984758537339,7094.0260300243335,,,U05,existing
P14_26_35,G2,C_aircraft,G2-C_aircraft-01,T019_2,4452.234653593916,6691.4187185617575,T012,5.000099999999293,U08,existing
P14_26_35,G2,C_aircraft,G2-C_aircraft-01,T012,6696.418818561757,8811.50045984021,,,U08,existing
P14_26_35,G2,A_batteries,G2-A_batteries-01,T014_2,2638.4852917296735,6105.968766534681,,,A03,existing
P14_26_35,G2,A_batteries,G2-A_batteries-02,T022,4767.444792702658,7634.473785621062,,,A04,existing
P14_26_35,G2,B_batteries,G2-B_batteries-01,T006,0.0,2323.07116269932,T013,909.8722243510242,B01,existing
P14_26_35,G2,B_batteries,G2-B_batteries-01,T013,3232.9433870503444,7150.230286022929,,,B01,existing
P14_26_35,G2,B_batteries,G2-B_batteries-02,T004,1194.630385736439,4994.129999948263,T021,201.85475858907648,B02,existing
P14_26_35,G2,B_batteries,G2-B_batteries-02,T021,5195.984758537339,8961.208181941944,,,B02,existing
P14_26_35,G2,C_batteries,G2-C_batteries-01,T019_2,4452.234653593916,9160.096499981806,,,C03,existing
P14_26_35,G2,C_batteries,G2-C_batteries-02,T012,6696.418818561757,11304.166177291878,,,C04,existing
P14_26_35,G2,relay_aircraft,G2-relay_aircraft-01,R003,1094.8164843575157,9390.324849711596,,,R01,existing
P14_26_35,G2,relay_components,G2-relay_components-01,R003,1094.8164843575157,10551.813344790942,,,RE01,existing
P14_26_35,G3,A_aircraft,G3-A_aircraft-01,T002_1,0.0,1652.4416357195464,T002_2,395.6737375830976,U03,existing
P14_26_35,G3,A_aircraft,G3-A_aircraft-01,T002_2,2048.115373302644,3650.7081092828166,T023,1900.8314477478425,U03,existing
P14_26_35,G3,A_aircraft,G3-A_aircraft-01,T023,5551.539557030659,7187.297661699124,,,U03,existing
P14_26_35,G3,A_aircraft,G3-A_aircraft-02,T017,2048.115373302644,4391.962448014616,T016,168.25763269711388,U04,existing
P14_26_35,G3,A_aircraft,G3-A_aircraft-02,T016,4560.22008071173,6255.978185380194,T019_1,5.000099999998383,U04,existing
P14_26_35,G3,A_aircraft,G3-A_aircraft-02,T019_1,6260.978285380193,7896.736390048657,,,U04,existing
P14_26_35,G3,A_aircraft,G3-A_aircraft-03,T011,2058.1153733026445,4188.754462062227,T020,531.465618649504,NEW-A_aircraft-01,procurement_required
P14_26_35,G3,A_aircraft,G3-A_aircraft-03,T020,4720.220080711731,6690.4299276885495,,,NEW-A_aircraft-01,procurement_required
P14_26_35,G3,B_aircraft,G3-B_aircraft-01,T014_1,4.16673174186144e-07,1519.0243448285282,T008,465.0910284741158,U06,existing
P14_26_35,G3,B_aircraft,G3-B_aircraft-01,T008,1984.115373302644,3828.6542634582115,T007,767.5658172535191,U06,existing
P14_26_35,G3,B_aircraft,G3-B_aircraft-01,T007,4596.220080711731,6939.352187396264,,,U06,existing
P14_26_35,G3,C_aircraft,G3-C_aircraft-01,T010_1,0.0,1823.224406150507,T015,252.89096715213736,NEW-C_aircraft-01,procurement_required
P14_26_35,G3,C_aircraft,G3-C_aircraft-01,T015,2076.1153733026445,3744.0155776451697,T018,733.2045030665608,NEW-C_aircraft-01,procurement_required
P14_26_35,G3,C_aircraft,G3-C_aircraft-01,T018,4477.220080711731,6913.029601569379,,,NEW-C_aircraft-01,procurement_required
P14_26_35,G3,A_batteries,G3-A_batteries-01,T002_1,0.0,2667.5322461730734,T016,1892.6878345386563,A05,existing
P14_26_35,G3,A_batteries,G3-A_batteries-01,T016,4560.22008071173,7391.954497536396,,,A05,existing
P14_26_35,G3,A_batteries,G3-A_batteries-02,T002_2,2048.115373302644,4715.175270999501,T020,5.044809712229835,A06,existing
P14_26_35,G3,A_batteries,G3-A_batteries-02,T020,4720.220080711731,7930.430578375625,,,A06,existing
P14_26_35,G3,A_batteries,G3-A_batteries-03,T017,2048.115373302644,5755.52643126419,T019_1,505.4518541160023,NEW-A_batteries-01,procurement_required
P14_26_35,G3,A_batteries,G3-A_batteries-03,T019_1,6260.978285380193,8981.354683688944,,,NEW-A_batteries-01,procurement_required
P14_26_35,G3,A_batteries,G3-A_batteries-04,T011,2058.1153733026445,5546.53945703066,T023,5.000099999999293,NEW-A_batteries-02,procurement_required
P14_26_35,G3,A_batteries,G3-A_batteries-04,T023,5551.539557030659,8292.236282374923,,,NEW-A_batteries-02,procurement_required
P14_26_35,G3,B_batteries,G3-B_batteries-01,T014_1,4.16673174186144e-07,2956.2905629638744,T007,1639.9295177478562,B03,existing
P14_26_35,G3,B_batteries,G3-B_batteries-01,T007,4596.220080711731,8817.149572633247,,,B03,existing
P14_26_35,G3,B_batteries,G3-B_batteries-02,T008,1984.115373302644,5417.316226537593,,,B04,existing
P14_26_35,G3,C_batteries,G3-C_batteries-01,T010_1,0.0,3563.4170832737245,T018,913.8029974380061,NEW-C_batteries-01,procurement_required
P14_26_35,G3,C_batteries,G3-C_batteries-01,T018,4477.220080711731,9411.383881543894,,,NEW-C_batteries-01,procurement_required
P14_26_35,G3,C_batteries,G3-C_batteries-02,T015,2076.1153733026445,5451.076587273992,,,NEW-C_batteries-02,procurement_required
P14_26_35,G3,relay_aircraft,G3-relay_aircraft-01,R001,113.13731944608116,2129.2976388563347,R004,5.000100000000202,R02,existing
P14_26_35,G3,relay_aircraft,G3-relay_aircraft-01,R004,2134.297738856335,4789.357299741141,R002,5.000099999998383,R02,existing
P14_26_35,G3,relay_aircraft,G3-relay_aircraft-01,R002,4794.3573997411395,8150.275924236526,,,R02,existing
P14_26_35,G3,relay_components,G3-relay_components-01,R001,113.13731944608116,2500.002637752911,R002,2294.3547619882283,RE02,existing
P14_26_35,G3,relay_components,G3-relay_components-01,R002,4794.3573997411395,8687.28771421572,,,RE02,existing
P14_26_35,G3,relay_components,G3-relay_components-02,R004,2134.297738856335,5243.065183552219,,,RE03,existing
P14_2_356,G1,A_aircraft,G1-A_aircraft-01,T005,0.0,1312.470877312685,T009,5.000099999999975,U01,existing
P14_2_356,G1,A_aircraft,G1-A_aircraft-01,T009,1317.470977312685,2633.4851917296737,,,U01,existing
P14_2_356,G1,C_aircraft,G1-C_aircraft-01,T010_2,0.0,1433.035082877992,T003,5.000099999999975,U07,existing
P14_2_356,G1,C_aircraft,G1-C_aircraft-01,T003,1438.035182877992,2867.4613603954576,T001,18.347015680992172,U07,existing
P14_2_356,G1,C_aircraft,G1-C_aircraft-01,T001,2885.80837607645,4447.234553593915,,,U07,existing
P14_2_356,G1,A_batteries,G1-A_batteries-01,T005,0.0,2178.7887122874713,,,A01,existing
P14_2_356,G1,A_batteries,G1-A_batteries-02,T009,1317.470977312685,3525.3399936387705,,,A02,existing
P14_2_356,G1,C_batteries,G1-C_batteries-01,T010_2,0.0,2880.8082760764496,T001,5.000100000000202,C01,existing
P14_2_356,G1,C_batteries,G1-C_batteries-01,T001,2885.80837607645,6035.901229839401,,,C01,existing
P14_2_356,G1,C_batteries,G1-C_batteries-02,T003,1438.035182877992,4385.641813543676,,,C02,existing
P14_2_356,G2,A_aircraft,G2-A_aircraft-01,T014_2,2638.4852917296735,4762.444692702658,T022,5.000099999999293,U02,existing
P14_2_356,G2,A_aircraft,G2-A_aircraft-01,T022,4767.444792702658,6458.979278941607,,,U02,existing
P14_2_356,G2,B_aircraft,G2-B_aircraft-01,T004,1194.630385736439,3227.943287050344,T013,5.000100000000202,U05,existing
P14_2_356,G2,B_aircraft,G2-B_aircraft-01,T013,3232.9433870503444,5190.984658537339,T021,5.000100000000202,U05,existing
P14_2_356,G2,B_aircraft,G2-B_aircraft-01,T021,5195.984758537339,7094.0260300243335,,,U05,existing
P14_2_356,G2,C_aircraft,G2-C_aircraft-01,T019_2,4452.234653593916,6691.4187185617575,T012,5.000099999999293,U08,existing
P14_2_356,G2,C_aircraft,G2-C_aircraft-01,T012,6696.418818561757,8811.50045984021,,,U08,existing
P14_2_356,G2,A_batteries,G2-A_batteries-01,T014_2,2638.4852917296735,6105.968766534681,,,A03,existing
P14_2_356,G2,A_batteries,G2-A_batteries-02,T022,4767.444792702658,7634.473785621062,,,A04,existing
P14_2_356,G2,B_batteries,G2-B_batteries-01,T004,1194.630385736439,4994.129999948263,T021,201.85475858907648,B01,existing
P14_2_356,G2,B_batteries,G2-B_batteries-01,T021,5195.984758537339,8961.208181941944,,,B01,existing
P14_2_356,G2,B_batteries,G2-B_batteries-02,T013,3232.9433870503444,7150.230286022929,,,B02,existing
P14_2_356,G2,C_batteries,G2-C_batteries-01,T019_2,4452.234653593916,9160.096499981806,,,C03,existing
P14_2_356,G2,C_batteries,G2-C_batteries-02,T012,6696.418818561757,11304.166177291878,,,C04,existing
P14_2_356,G2,relay_aircraft,G2-relay_aircraft-01,R003,1094.8164843575157,9390.324849711596,,,R01,existing
P14_2_356,G2,relay_components,G2-relay_components-01,R003,1094.8164843575157,10551.813344790942,,,RE01,existing
P14_2_356,G3,A_aircraft,G3-A_aircraft-01,T002_1,0.0,1652.4416357195464,T002_2,395.6737375830976,U03,existing
P14_2_356,G3,A_aircraft,G3-A_aircraft-01,T002_2,2048.115373302644,3650.7081092828166,T023,1900.8314477478425,U03,existing
P14_2_356,G3,A_aircraft,G3-A_aircraft-01,T023,5551.539557030659,7187.297661699124,,,U03,existing
P14_2_356,G3,A_aircraft,G3-A_aircraft-02,T017,2048.115373302644,4391.962448014616,T016,168.25763269711388,U04,existing
P14_2_356,G3,A_aircraft,G3-A_aircraft-02,T016,4560.22008071173,6255.978185380194,T019_1,5.000099999998383,U04,existing
P14_2_356,G3,A_aircraft,G3-A_aircraft-02,T019_1,6260.978285380193,7896.736390048657,,,U04,existing
P14_2_356,G3,A_aircraft,G3-A_aircraft-03,T011,2058.1153733026445,4188.754462062227,T020,531.465618649504,NEW-A_aircraft-01,procurement_required
P14_2_356,G3,A_aircraft,G3-A_aircraft-03,T020,4720.220080711731,6690.4299276885495,,,NEW-A_aircraft-01,procurement_required
P14_2_356,G3,B_aircraft,G3-B_aircraft-01,T006,0.0,1189.630285736439,T008,794.485087566205,U06,existing
P14_2_356,G3,B_aircraft,G3-B_aircraft-01,T008,1984.115373302644,3828.6542634582115,,,U06,existing
P14_2_356,G3,B_aircraft,G3-B_aircraft-02,T014_1,4.16673174186144e-07,1519.0243448285282,T007,3077.1957358832024,NEW-B_aircraft-01,procurement_required
P14_2_356,G3,B_aircraft,G3-B_aircraft-02,T007,4596.220080711731,6939.352187396264,,,NEW-B_aircraft-01,procurement_required
P14_2_356,G3,C_aircraft,G3-C_aircraft-01,T010_1,0.0,1823.224406150507,T015,252.89096715213736,NEW-C_aircraft-01,procurement_required
P14_2_356,G3,C_aircraft,G3-C_aircraft-01,T015,2076.1153733026445,3744.0155776451697,T018,733.2045030665608,NEW-C_aircraft-01,procurement_required
P14_2_356,G3,C_aircraft,G3-C_aircraft-01,T018,4477.220080711731,6913.029601569379,,,NEW-C_aircraft-01,procurement_required
P14_2_356,G3,A_batteries,G3-A_batteries-01,T002_1,0.0,2667.5322461730734,T016,1892.6878345386563,A05,existing
P14_2_356,G3,A_batteries,G3-A_batteries-01,T016,4560.22008071173,7391.954497536396,,,A05,existing
P14_2_356,G3,A_batteries,G3-A_batteries-02,T002_2,2048.115373302644,4715.175270999501,T020,5.044809712229835,A06,existing
P14_2_356,G3,A_batteries,G3-A_batteries-02,T020,4720.220080711731,7930.430578375625,,,A06,existing
P14_2_356,G3,A_batteries,G3-A_batteries-03,T017,2048.115373302644,5755.52643126419,T019_1,505.4518541160023,NEW-A_batteries-01,procurement_required
P14_2_356,G3,A_batteries,G3-A_batteries-03,T019_1,6260.978285380193,8981.354683688944,,,NEW-A_batteries-01,procurement_required
P14_2_356,G3,A_batteries,G3-A_batteries-04,T011,2058.1153733026445,5546.53945703066,T023,5.000099999999293,NEW-A_batteries-02,procurement_required
P14_2_356,G3,A_batteries,G3-A_batteries-04,T023,5551.539557030659,8292.236282374923,,,NEW-A_batteries-02,procurement_required
P14_2_356,G3,B_batteries,G3-B_batteries-01,T006,0.0,2323.07116269932,T007,2273.1489180124104,B03,existing
P14_2_356,G3,B_batteries,G3-B_batteries-01,T007,4596.220080711731,8817.149572633247,,,B03,existing
P14_2_356,G3,B_batteries,G3-B_batteries-02,T014_1,4.16673174186144e-07,2956.2905629638744,,,B04,existing
P14_2_356,G3,B_batteries,G3-B_batteries-03,T008,1984.115373302644,5417.316226537593,,,NEW-B_batteries-01,procurement_required
P14_2_356,G3,C_batteries,G3-C_batteries-01,T010_1,0.0,3563.4170832737245,T018,913.8029974380061,NEW-C_batteries-01,procurement_required
P14_2_356,G3,C_batteries,G3-C_batteries-01,T018,4477.220080711731,9411.383881543894,,,NEW-C_batteries-01,procurement_required
P14_2_356,G3,C_batteries,G3-C_batteries-02,T015,2076.1153733026445,5451.076587273992,,,NEW-C_batteries-02,procurement_required
P14_2_356,G3,relay_aircraft,G3-relay_aircraft-01,R001,113.13731944608116,2129.2976388563347,R004,5.000100000000202,R02,existing
P14_2_356,G3,relay_aircraft,G3-relay_aircraft-01,R004,2134.297738856335,4789.357299741141,R002,5.000099999998383,R02,existing
P14_2_356,G3,relay_aircraft,G3-relay_aircraft-01,R002,4794.3573997411395,8150.275924236526,,,R02,existing
P14_2_356,G3,relay_components,G3-relay_components-01,R001,113.13731944608116,2500.002637752911,R002,2294.3547619882283,RE02,existing
P14_2_356,G3,relay_components,G3-relay_components-01,R002,4794.3573997411395,8687.28771421572,,,RE02,existing
P14_2_356,G3,relay_components,G3-relay_components-02,R004,2134.297738856335,5243.065183552219,,,RE03,existing
P156_24_3,G1,A_aircraft,G1-A_aircraft-01,T005,0.0,1312.470877312685,T011,745.6444959899595,U01,existing
P156_24_3,G1,A_aircraft,G1-A_aircraft-01,T011,2058.1153733026445,4188.754462062227,,,U01,existing
P156_24_3,G1,A_aircraft,G1-A_aircraft-02,T002_2,2048.115373302644,3650.7081092828166,,,U02,existing
P156_24_3,G1,A_aircraft,G1-A_aircraft-03,T017,2048.115373302644,4391.962448014616,,,U03,existing
P156_24_3,G1,B_aircraft,G1-B_aircraft-01,T006,0.0,1189.630285736439,T008,794.485087566205,U05,existing
P156_24_3,G1,B_aircraft,G1-B_aircraft-01,T008,1984.115373302644,3828.6542634582115,,,U05,existing
P156_24_3,G1,C_aircraft,G1-C_aircraft-01,T003,1438.035182877992,2867.4613603954576,T001,18.347015680992172,U07,existing
P156_24_3,G1,C_aircraft,G1-C_aircraft-01,T001,2885.80837607645,4447.234553593915,,,U07,existing
P156_24_3,G1,C_aircraft,G1-C_aircraft-02,T015,2076.1153733026445,3744.0155776451697,,,U08,existing
P156_24_3,G1,A_batteries,G1-A_batteries-01,T005,0.0,2178.7887122874713,,,A01,existing
P156_24_3,G1,A_batteries,G1-A_batteries-02,T002_2,2048.115373302644,4715.175270999501,,,A02,existing
P156_24_3,G1,A_batteries,G1-A_batteries-03,T017,2048.115373302644,5755.52643126419,,,A03,existing
P156_24_3,G1,A_batteries,G1-A_batteries-04,T011,2058.1153733026445,5546.53945703066,,,A04,existing
P156_24_3,G1,B_batteries,G1-B_batteries-01,T006,0.0,2323.07116269932,,,B01,existing
P156_24_3,G1,B_batteries,G1-B_batteries-02,T008,1984.115373302644,5417.316226537593,,,B02,existing
P156_24_3,G1,C_batteries,G1-C_batteries-01,T003,1438.035182877992,4385.641813543676,,,C01,existing
P156_24_3,G1,C_batteries,G1-C_batteries-02,T015,2076.1153733026445,5451.076587273992,,,C02,existing
P156_24_3,G1,C_batteries,G1-C_batteries-03,T001,2885.80837607645,6035.901229839401,,,C03,existing
P156_24_3,G1,relay_aircraft,G1-relay_aircraft-01,R004,2134.297738856335,4789.357299741141,,,R01,existing
P156_24_3,G1,relay_components,G1-relay_components-01,R004,2134.297738856335,5243.065183552219,,,RE01,existing
P156_24_3,G2,A_aircraft,G2-A_aircraft-01,T009,1317.470977312685,2633.4851917296737,T014_2,5.0000999999997475,U04,existing
P156_24_3,G2,A_aircraft,G2-A_aircraft-01,T014_2,2638.4852917296735,4762.444692702658,T022,5.000099999999293,U04,existing
P156_24_3,G2,A_aircraft,G2-A_aircraft-01,T022,4767.444792702658,6458.979278941607,,,U04,existing
P156_24_3,G2,B_aircraft,G2-B_aircraft-01,T004,1194.630385736439,3227.943287050344,T013,5.000100000000202,U06,existing
P156_24_3,G2,B_aircraft,G2-B_aircraft-01,T013,3232.9433870503444,5190.984658537339,T021,5.000100000000202,U06,existing
P156_24_3,G2,B_aircraft,G2-B_aircraft-01,T021,5195.984758537339,7094.0260300243335,,,U06,existing
P156_24_3,G2,C_aircraft,G2-C_aircraft-01,T010_2,0.0,1433.035082877992,T019_2,3019.199570715924,NEW-C_aircraft-01,procurement_required
P156_24_3,G2,C_aircraft,G2-C_aircraft-01,T019_2,4452.234653593916,6691.4187185617575,T012,5.000099999999293,NEW-C_aircraft-01,procurement_required
P156_24_3,G2,C_aircraft,G2-C_aircraft-01,T012,6696.418818561757,8811.50045984021,,,NEW-C_aircraft-01,procurement_required
P156_24_3,G2,A_batteries,G2-A_batteries-01,T009,1317.470977312685,3525.3399936387705,T022,1242.1047990638872,A05,existing
P156_24_3,G2,A_batteries,G2-A_batteries-01,T022,4767.444792702658,7634.473785621062,,,A05,existing
P156_24_3,G2,A_batteries,G2-A_batteries-02,T014_2,2638.4852917296735,6105.968766534681,,,A06,existing
P156_24_3,G2,B_batteries,G2-B_batteries-01,T004,1194.630385736439,4994.129999948263,T021,201.85475858907648,B03,existing
P156_24_3,G2,B_batteries,G2-B_batteries-01,T021,5195.984758537339,8961.208181941944,,,B03,existing
P156_24_3,G2,B_batteries,G2-B_batteries-02,T013,3232.9433870503444,7150.230286022929,,,B04,existing
P156_24_3,G2,C_batteries,G2-C_batteries-01,T010_2,0.0,2880.8082760764496,T012,3815.610542485307,C04,existing
P156_24_3,G2,C_batteries,G2-C_batteries-01,T012,6696.418818561757,11304.166177291878,,,C04,existing
P156_24_3,G2,C_batteries,G2-C_batteries-02,T019_2,4452.234653593916,9160.096499981806,,,NEW-C_batteries-01,procurement_required
P156_24_3,G2,relay_aircraft,G2-relay_aircraft-01,R003,1094.8164843575157,9390.324849711596,,,R02,existing
P156_24_3,G2,relay_components,G2-relay_components-01,R003,1094.8164843575157,10551.813344790942,,,RE02,existing
P156_24_3,G3,A_aircraft,G3-A_aircraft-01,T002_1,0.0,1652.4416357195464,T016,2907.7784449921833,NEW-A_aircraft-01,procurement_required
P156_24_3,G3,A_aircraft,G3-A_aircraft-01,T016,4560.22008071173,6255.978185380194,T019_1,5.000099999998383,NEW-A_aircraft-01,procurement_required
P156_24_3,G3,A_aircraft,G3-A_aircraft-01,T019_1,6260.978285380193,7896.736390048657,,,NEW-A_aircraft-01,procurement_required
P156_24_3,G3,A_aircraft,G3-A_aircraft-02,T020,4720.220080711731,6690.4299276885495,,,NEW-A_aircraft-02,procurement_required
P156_24_3,G3,A_aircraft,G3-A_aircraft-03,T023,5551.539557030659,7187.297661699124,,,NEW-A_aircraft-03,procurement_required
P156_24_3,G3,B_aircraft,G3-B_aircraft-01,T014_1,4.16673174186144e-07,1519.0243448285282,T007,3077.1957358832024,NEW-B_aircraft-01,procurement_required
P156_24_3,G3,B_aircraft,G3-B_aircraft-01,T007,4596.220080711731,6939.352187396264,,,NEW-B_aircraft-01,procurement_required
P156_24_3,G3,C_aircraft,G3-C_aircraft-01,T010_1,0.0,1823.224406150507,T018,2653.9956745612235,NEW-C_aircraft-02,procurement_required
P156_24_3,G3,C_aircraft,G3-C_aircraft-01,T018,4477.220080711731,6913.029601569379,,,NEW-C_aircraft-02,procurement_required
P156_24_3,G3,A_batteries,G3-A_batteries-01,T002_1,0.0,2667.5322461730734,T019_1,3593.446039207119,NEW-A_batteries-01,procurement_required
P156_24_3,G3,A_batteries,G3-A_batteries-01,T019_1,6260.978285380193,8981.354683688944,,,NEW-A_batteries-01,procurement_required
P156_24_3,G3,A_batteries,G3-A_batteries-02,T016,4560.22008071173,7391.954497536396,,,NEW-A_batteries-02,procurement_required
P156_24_3,G3,A_batteries,G3-A_batteries-03,T020,4720.220080711731,7930.430578375625,,,NEW-A_batteries-03,procurement_required
P156_24_3,G3,A_batteries,G3-A_batteries-04,T023,5551.539557030659,8292.236282374923,,,NEW-A_batteries-04,procurement_required
P156_24_3,G3,B_batteries,G3-B_batteries-01,T014_1,4.16673174186144e-07,2956.2905629638744,T007,1639.9295177478562,NEW-B_batteries-01,procurement_required
P156_24_3,G3,B_batteries,G3-B_batteries-01,T007,4596.220080711731,8817.149572633247,,,NEW-B_batteries-01,procurement_required
P156_24_3,G3,C_batteries,G3-C_batteries-01,T010_1,0.0,3563.4170832737245,T018,913.8029974380061,NEW-C_batteries-02,procurement_required
P156_24_3,G3,C_batteries,G3-C_batteries-01,T018,4477.220080711731,9411.383881543894,,,NEW-C_batteries-02,procurement_required
P156_24_3,G3,relay_aircraft,G3-relay_aircraft-01,R001,113.13731944608116,2129.2976388563347,R002,2665.0597608848047,NEW-relay_aircraft-01,procurement_required
P156_24_3,G3,relay_aircraft,G3-relay_aircraft-01,R002,4794.3573997411395,8150.275924236526,,,NEW-relay_aircraft-01,procurement_required
P156_24_3,G3,relay_components,G3-relay_components-01,R001,113.13731944608116,2500.002637752911,R002,2294.3547619882283,RE03,existing
P156_24_3,G3,relay_components,G3-relay_components-01,R002,4794.3573997411395,8687.28771421572,,,RE03,existing
P15_246_3,G1,A_aircraft,G1-A_aircraft-01,T005,0.0,1312.470877312685,T011,745.6444959899595,U01,existing
P15_246_3,G1,A_aircraft,G1-A_aircraft-01,T011,2058.1153733026445,4188.754462062227,,,U01,existing
P15_246_3,G1,A_aircraft,G1-A_aircraft-02,T002_2,2048.115373302644,3650.7081092828166,,,U02,existing
P15_246_3,G1,A_aircraft,G1-A_aircraft-03,T017,2048.115373302644,4391.962448014616,,,U03,existing
P15_246_3,G1,B_aircraft,G1-B_aircraft-01,T008,1984.115373302644,3828.6542634582115,,,U05,existing
P15_246_3,G1,C_aircraft,G1-C_aircraft-01,T003,1438.035182877992,2867.4613603954576,T001,18.347015680992172,U07,existing
P15_246_3,G1,C_aircraft,G1-C_aircraft-01,T001,2885.80837607645,4447.234553593915,,,U07,existing
P15_246_3,G1,C_aircraft,G1-C_aircraft-02,T015,2076.1153733026445,3744.0155776451697,,,U08,existing
P15_246_3,G1,A_batteries,G1-A_batteries-01,T005,0.0,2178.7887122874713,,,A01,existing
P15_246_3,G1,A_batteries,G1-A_batteries-02,T002_2,2048.115373302644,4715.175270999501,,,A02,existing
P15_246_3,G1,A_batteries,G1-A_batteries-03,T017,2048.115373302644,5755.52643126419,,,A03,existing
P15_246_3,G1,A_batteries,G1-A_batteries-04,T011,2058.1153733026445,5546.53945703066,,,A04,existing
P15_246_3,G1,B_batteries,G1-B_batteries-01,T008,1984.115373302644,5417.316226537593,,,B01,existing
P15_246_3,G1,C_batteries,G1-C_batteries-01,T003,1438.035182877992,4385.641813543676,,,C01,existing
P15_246_3,G1,C_batteries,G1-C_batteries-02,T015,2076.1153733026445,5451.076587273992,,,C02,existing
P15_246_3,G1,C_batteries,G1-C_batteries-03,T001,2885.80837607645,6035.901229839401,,,C03,existing
P15_246_3,G1,relay_aircraft,G1-relay_aircraft-01,R004,2134.297738856335,4789.357299741141,,,R01,existing
P15_246_3,G1,relay_components,G1-relay_components-01,R004,2134.297738856335,5243.065183552219,,,RE01,existing
P15_246_3,G2,A_aircraft,G2-A_aircraft-01,T009,1317.470977312685,2633.4851917296737,T014_2,5.0000999999997475,U04,existing
P15_246_3,G2,A_aircraft,G2-A_aircraft-01,T014_2,2638.4852917296735,4762.444692702658,T022,5.000099999999293,U04,existing
P15_246_3,G2,A_aircraft,G2-A_aircraft-01,T022,4767.444792702658,6458.979278941607,,,U04,existing
P15_246_3,G2,B_aircraft,G2-B_aircraft-01,T006,0.0,1189.630285736439,T004,5.000099999999975,U06,existing
P15_246_3,G2,B_aircraft,G2-B_aircraft-01,T004,1194.630385736439,3227.943287050344,T013,5.000100000000202,U06,existing
P15_246_3,G2,B_aircraft,G2-B_aircraft-01,T013,3232.9433870503444,5190.984658537339,T021,5.000100000000202,U06,existing
P15_246_3,G2,B_aircraft,G2-B_aircraft-01,T021,5195.984758537339,7094.0260300243335,,,U06,existing
P15_246_3,G2,C_aircraft,G2-C_aircraft-01,T010_2,0.0,1433.035082877992,T019_2,3019.199570715924,NEW-C_aircraft-01,procurement_required
P15_246_3,G2,C_aircraft,G2-C_aircraft-01,T019_2,4452.234653593916,6691.4187185617575,T012,5.000099999999293,NEW-C_aircraft-01,procurement_required
P15_246_3,G2,C_aircraft,G2-C_aircraft-01,T012,6696.418818561757,8811.50045984021,,,NEW-C_aircraft-01,procurement_required
P15_246_3,G2,A_batteries,G2-A_batteries-01,T009,1317.470977312685,3525.3399936387705,T022,1242.1047990638872,A05,existing
P15_246_3,G2,A_batteries,G2-A_batteries-01,T022,4767.444792702658,7634.473785621062,,,A05,existing
P15_246_3,G2,A_batteries,G2-A_batteries-02,T014_2,2638.4852917296735,6105.968766534681,,,A06,existing
P15_246_3,G2,B_batteries,G2-B_batteries-01,T006,0.0,2323.07116269932,T013,909.8722243510242,B02,existing
P15_246_3,G2,B_batteries,G2-B_batteries-01,T013,3232.9433870503444,7150.230286022929,,,B02,existing
P15_246_3,G2,B_batteries,G2-B_batteries-02,T004,1194.630385736439,4994.129999948263,T021,201.85475858907648,B03,existing
P15_246_3,G2,B_batteries,G2-B_batteries-02,T021,5195.984758537339,8961.208181941944,,,B03,existing
P15_246_3,G2,C_batteries,G2-C_batteries-01,T010_2,0.0,2880.8082760764496,T012,3815.610542485307,C04,existing
P15_246_3,G2,C_batteries,G2-C_batteries-01,T012,6696.418818561757,11304.166177291878,,,C04,existing
P15_246_3,G2,C_batteries,G2-C_batteries-02,T019_2,4452.234653593916,9160.096499981806,,,NEW-C_batteries-01,procurement_required
P15_246_3,G2,relay_aircraft,G2-relay_aircraft-01,R003,1094.8164843575157,9390.324849711596,,,R02,existing
P15_246_3,G2,relay_components,G2-relay_components-01,R003,1094.8164843575157,10551.813344790942,,,RE02,existing
P15_246_3,G3,A_aircraft,G3-A_aircraft-01,T002_1,0.0,1652.4416357195464,T016,2907.7784449921833,NEW-A_aircraft-01,procurement_required
P15_246_3,G3,A_aircraft,G3-A_aircraft-01,T016,4560.22008071173,6255.978185380194,T019_1,5.000099999998383,NEW-A_aircraft-01,procurement_required
P15_246_3,G3,A_aircraft,G3-A_aircraft-01,T019_1,6260.978285380193,7896.736390048657,,,NEW-A_aircraft-01,procurement_required
P15_246_3,G3,A_aircraft,G3-A_aircraft-02,T020,4720.220080711731,6690.4299276885495,,,NEW-A_aircraft-02,procurement_required
P15_246_3,G3,A_aircraft,G3-A_aircraft-03,T023,5551.539557030659,7187.297661699124,,,NEW-A_aircraft-03,procurement_required
P15_246_3,G3,B_aircraft,G3-B_aircraft-01,T014_1,4.16673174186144e-07,1519.0243448285282,T007,3077.1957358832024,NEW-B_aircraft-01,procurement_required
P15_246_3,G3,B_aircraft,G3-B_aircraft-01,T007,4596.220080711731,6939.352187396264,,,NEW-B_aircraft-01,procurement_required
P15_246_3,G3,C_aircraft,G3-C_aircraft-01,T010_1,0.0,1823.224406150507,T018,2653.9956745612235,NEW-C_aircraft-02,procurement_required
P15_246_3,G3,C_aircraft,G3-C_aircraft-01,T018,4477.220080711731,6913.029601569379,,,NEW-C_aircraft-02,procurement_required
P15_246_3,G3,A_batteries,G3-A_batteries-01,T002_1,0.0,2667.5322461730734,T019_1,3593.446039207119,NEW-A_batteries-01,procurement_required
P15_246_3,G3,A_batteries,G3-A_batteries-01,T019_1,6260.978285380193,8981.354683688944,,,NEW-A_batteries-01,procurement_required
P15_246_3,G3,A_batteries,G3-A_batteries-02,T016,4560.22008071173,7391.954497536396,,,NEW-A_batteries-02,procurement_required
P15_246_3,G3,A_batteries,G3-A_batteries-03,T020,4720.220080711731,7930.430578375625,,,NEW-A_batteries-03,procurement_required
P15_246_3,G3,A_batteries,G3-A_batteries-04,T023,5551.539557030659,8292.236282374923,,,NEW-A_batteries-04,procurement_required
P15_246_3,G3,B_batteries,G3-B_batteries-01,T014_1,4.16673174186144e-07,2956.2905629638744,T007,1639.9295177478562,B04,existing
P15_246_3,G3,B_batteries,G3-B_batteries-01,T007,4596.220080711731,8817.149572633247,,,B04,existing
P15_246_3,G3,C_batteries,G3-C_batteries-01,T010_1,0.0,3563.4170832737245,T018,913.8029974380061,NEW-C_batteries-02,procurement_required
P15_246_3,G3,C_batteries,G3-C_batteries-01,T018,4477.220080711731,9411.383881543894,,,NEW-C_batteries-02,procurement_required
P15_246_3,G3,relay_aircraft,G3-relay_aircraft-01,R001,113.13731944608116,2129.2976388563347,R002,2665.0597608848047,NEW-relay_aircraft-01,procurement_required
P15_246_3,G3,relay_aircraft,G3-relay_aircraft-01,R002,4794.3573997411395,8150.275924236526,,,NEW-relay_aircraft-01,procurement_required
P15_246_3,G3,relay_components,G3-relay_components-01,R001,113.13731944608116,2500.002637752911,R002,2294.3547619882283,RE03,existing
P15_246_3,G3,relay_components,G3-relay_components-01,R002,4794.3573997411395,8687.28771421572,,,RE03,existing
P15_24_36,G1,A_aircraft,G1-A_aircraft-01,T005,0.0,1312.470877312685,T011,745.6444959899595,U01,existing
P15_24_36,G1,A_aircraft,G1-A_aircraft-01,T011,2058.1153733026445,4188.754462062227,,,U01,existing
P15_24_36,G1,A_aircraft,G1-A_aircraft-02,T002_2,2048.115373302644,3650.7081092828166,,,U02,existing
P15_24_36,G1,A_aircraft,G1-A_aircraft-03,T017,2048.115373302644,4391.962448014616,,,U03,existing
P15_24_36,G1,B_aircraft,G1-B_aircraft-01,T008,1984.115373302644,3828.6542634582115,,,U05,existing
P15_24_36,G1,C_aircraft,G1-C_aircraft-01,T003,1438.035182877992,2867.4613603954576,T001,18.347015680992172,U07,existing
P15_24_36,G1,C_aircraft,G1-C_aircraft-01,T001,2885.80837607645,4447.234553593915,,,U07,existing
P15_24_36,G1,C_aircraft,G1-C_aircraft-02,T015,2076.1153733026445,3744.0155776451697,,,U08,existing
P15_24_36,G1,A_batteries,G1-A_batteries-01,T005,0.0,2178.7887122874713,,,A01,existing
P15_24_36,G1,A_batteries,G1-A_batteries-02,T002_2,2048.115373302644,4715.175270999501,,,A02,existing
P15_24_36,G1,A_batteries,G1-A_batteries-03,T017,2048.115373302644,5755.52643126419,,,A03,existing
P15_24_36,G1,A_batteries,G1-A_batteries-04,T011,2058.1153733026445,5546.53945703066,,,A04,existing
P15_24_36,G1,B_batteries,G1-B_batteries-01,T008,1984.115373302644,5417.316226537593,,,B01,existing
P15_24_36,G1,C_batteries,G1-C_batteries-01,T003,1438.035182877992,4385.641813543676,,,C01,existing
P15_24_36,G1,C_batteries,G1-C_batteries-02,T015,2076.1153733026445,5451.076587273992,,,C02,existing
P15_24_36,G1,C_batteries,G1-C_batteries-03,T001,2885.80837607645,6035.901229839401,,,C03,existing
P15_24_36,G1,relay_aircraft,G1-relay_aircraft-01,R004,2134.297738856335,4789.357299741141,,,R01,existing
P15_24_36,G1,relay_components,G1-relay_components-01,R004,2134.297738856335,5243.065183552219,,,RE01,existing
P15_24_36,G2,A_aircraft,G2-A_aircraft-01,T009,1317.470977312685,2633.4851917296737,T014_2,5.0000999999997475,U04,existing
P15_24_36,G2,A_aircraft,G2-A_aircraft-01,T014_2,2638.4852917296735,4762.444692702658,T022,5.000099999999293,U04,existing
P15_24_36,G2,A_aircraft,G2-A_aircraft-01,T022,4767.444792702658,6458.979278941607,,,U04,existing
P15_24_36,G2,B_aircraft,G2-B_aircraft-01,T004,1194.630385736439,3227.943287050344,T013,5.000100000000202,U06,existing
P15_24_36,G2,B_aircraft,G2-B_aircraft-01,T013,3232.9433870503444,5190.984658537339,T021,5.000100000000202,U06,existing
P15_24_36,G2,B_aircraft,G2-B_aircraft-01,T021,5195.984758537339,7094.0260300243335,,,U06,existing
P15_24_36,G2,C_aircraft,G2-C_aircraft-01,T010_2,0.0,1433.035082877992,T019_2,3019.199570715924,NEW-C_aircraft-01,procurement_required
P15_24_36,G2,C_aircraft,G2-C_aircraft-01,T019_2,4452.234653593916,6691.4187185617575,T012,5.000099999999293,NEW-C_aircraft-01,procurement_required
P15_24_36,G2,C_aircraft,G2-C_aircraft-01,T012,6696.418818561757,8811.50045984021,,,NEW-C_aircraft-01,procurement_required
P15_24_36,G2,A_batteries,G2-A_batteries-01,T009,1317.470977312685,3525.3399936387705,T022,1242.1047990638872,A05,existing
P15_24_36,G2,A_batteries,G2-A_batteries-01,T022,4767.444792702658,7634.473785621062,,,A05,existing
P15_24_36,G2,A_batteries,G2-A_batteries-02,T014_2,2638.4852917296735,6105.968766534681,,,A06,existing
P15_24_36,G2,B_batteries,G2-B_batteries-01,T004,1194.630385736439,4994.129999948263,T021,201.85475858907648,B02,existing
P15_24_36,G2,B_batteries,G2-B_batteries-01,T021,5195.984758537339,8961.208181941944,,,B02,existing
P15_24_36,G2,B_batteries,G2-B_batteries-02,T013,3232.9433870503444,7150.230286022929,,,B03,existing
P15_24_36,G2,C_batteries,G2-C_batteries-01,T010_2,0.0,2880.8082760764496,T012,3815.610542485307,C04,existing
P15_24_36,G2,C_batteries,G2-C_batteries-01,T012,6696.418818561757,11304.166177291878,,,C04,existing
P15_24_36,G2,C_batteries,G2-C_batteries-02,T019_2,4452.234653593916,9160.096499981806,,,NEW-C_batteries-01,procurement_required
P15_24_36,G2,relay_aircraft,G2-relay_aircraft-01,R003,1094.8164843575157,9390.324849711596,,,R02,existing
P15_24_36,G2,relay_components,G2-relay_components-01,R003,1094.8164843575157,10551.813344790942,,,RE02,existing
P15_24_36,G3,A_aircraft,G3-A_aircraft-01,T002_1,0.0,1652.4416357195464,T016,2907.7784449921833,NEW-A_aircraft-01,procurement_required
P15_24_36,G3,A_aircraft,G3-A_aircraft-01,T016,4560.22008071173,6255.978185380194,T019_1,5.000099999998383,NEW-A_aircraft-01,procurement_required
P15_24_36,G3,A_aircraft,G3-A_aircraft-01,T019_1,6260.978285380193,7896.736390048657,,,NEW-A_aircraft-01,procurement_required
P15_24_36,G3,A_aircraft,G3-A_aircraft-02,T020,4720.220080711731,6690.4299276885495,,,NEW-A_aircraft-02,procurement_required
P15_24_36,G3,A_aircraft,G3-A_aircraft-03,T023,5551.539557030659,7187.297661699124,,,NEW-A_aircraft-03,procurement_required
P15_24_36,G3,B_aircraft,G3-B_aircraft-01,T006,0.0,1189.630285736439,T007,3406.5897949752916,NEW-B_aircraft-01,procurement_required
P15_24_36,G3,B_aircraft,G3-B_aircraft-01,T007,4596.220080711731,6939.352187396264,,,NEW-B_aircraft-01,procurement_required
P15_24_36,G3,B_aircraft,G3-B_aircraft-02,T014_1,4.16673174186144e-07,1519.0243448285282,,,NEW-B_aircraft-02,procurement_required
P15_24_36,G3,C_aircraft,G3-C_aircraft-01,T010_1,0.0,1823.224406150507,T018,2653.9956745612235,NEW-C_aircraft-02,procurement_required
P15_24_36,G3,C_aircraft,G3-C_aircraft-01,T018,4477.220080711731,6913.029601569379,,,NEW-C_aircraft-02,procurement_required
P15_24_36,G3,A_batteries,G3-A_batteries-01,T002_1,0.0,2667.5322461730734,T019_1,3593.446039207119,NEW-A_batteries-01,procurement_required
P15_24_36,G3,A_batteries,G3-A_batteries-01,T019_1,6260.978285380193,8981.354683688944,,,NEW-A_batteries-01,procurement_required
P15_24_36,G3,A_batteries,G3-A_batteries-02,T016,4560.22008071173,7391.954497536396,,,NEW-A_batteries-02,procurement_required
P15_24_36,G3,A_batteries,G3-A_batteries-03,T020,4720.220080711731,7930.430578375625,,,NEW-A_batteries-03,procurement_required
P15_24_36,G3,A_batteries,G3-A_batteries-04,T023,5551.539557030659,8292.236282374923,,,NEW-A_batteries-04,procurement_required
P15_24_36,G3,B_batteries,G3-B_batteries-01,T006,0.0,2323.07116269932,T007,2273.1489180124104,B04,existing
P15_24_36,G3,B_batteries,G3-B_batteries-01,T007,4596.220080711731,8817.149572633247,,,B04,existing
P15_24_36,G3,B_batteries,G3-B_batteries-02,T014_1,4.16673174186144e-07,2956.2905629638744,,,NEW-B_batteries-01,procurement_required
P15_24_36,G3,C_batteries,G3-C_batteries-01,T010_1,0.0,3563.4170832737245,T018,913.8029974380061,NEW-C_batteries-02,procurement_required
P15_24_36,G3,C_batteries,G3-C_batteries-01,T018,4477.220080711731,9411.383881543894,,,NEW-C_batteries-02,procurement_required
P15_24_36,G3,relay_aircraft,G3-relay_aircraft-01,R001,113.13731944608116,2129.2976388563347,R002,2665.0597608848047,NEW-relay_aircraft-01,procurement_required
P15_24_36,G3,relay_aircraft,G3-relay_aircraft-01,R002,4794.3573997411395,8150.275924236526,,,NEW-relay_aircraft-01,procurement_required
P15_24_36,G3,relay_components,G3-relay_components-01,R001,113.13731944608116,2500.002637752911,R002,2294.3547619882283,RE03,existing
P15_24_36,G3,relay_components,G3-relay_components-01,R002,4794.3573997411395,8687.28771421572,,,RE03,existing
P16_245_3,G1,A_aircraft,G1-A_aircraft-01,T005,0.0,1312.470877312685,,,U01,existing
P16_245_3,G1,B_aircraft,G1-B_aircraft-01,T006,0.0,1189.630285736439,,,U05,existing
P16_245_3,G1,C_aircraft,G1-C_aircraft-01,T003,1438.035182877992,2867.4613603954576,T001,18.347015680992172,U07,existing
P16_245_3,G1,C_aircraft,G1-C_aircraft-01,T001,2885.80837607645,4447.234553593915,,,U07,existing
P16_245_3,G1,A_batteries,G1-A_batteries-01,T005,0.0,2178.7887122874713,,,A01,existing
P16_245_3,G1,B_batteries,G1-B_batteries-01,T006,0.0,2323.07116269932,,,B01,existing
P16_245_3,G1,C_batteries,G1-C_batteries-01,T003,1438.035182877992,4385.641813543676,,,C01,existing
P16_245_3,G1,C_batteries,G1-C_batteries-02,T001,2885.80837607645,6035.901229839401,,,C02,existing
P16_245_3,G2,A_aircraft,G2-A_aircraft-01,T009,1317.470977312685,2633.4851917296737,T014_2,5.0000999999997475,U02,existing
P16_245_3,G2,A_aircraft,G2-A_aircraft-01,T014_2,2638.4852917296735,4762.444692702658,,,U02,existing
P16_245_3,G2,A_aircraft,G2-A_aircraft-02,T002_2,2048.115373302644,3650.7081092828166,T022,1116.736683419841,U03,existing
P16_245_3,G2,A_aircraft,G2-A_aircraft-02,T022,4767.444792702658,6458.979278941607,,,U03,existing
P16_245_3,G2,A_aircraft,G2-A_aircraft-03,T017,2048.115373302644,4391.962448014616,,,U04,existing
P16_245_3,G2,A_aircraft,G2-A_aircraft-04,T011,2058.1153733026445,4188.754462062227,,,NEW-A_aircraft-01,procurement_required
P16_245_3,G2,B_aircraft,G2-B_aircraft-01,T004,1194.630385736439,3227.943287050344,T013,5.000100000000202,U06,existing
P16_245_3,G2,B_aircraft,G2-B_aircraft-01,T013,3232.9433870503444,5190.984658537339,,,U06,existing
P16_245_3,G2,B_aircraft,G2-B_aircraft-02,T008,1984.115373302644,3828.6542634582115,T021,1367.3304950791276,NEW-B_aircraft-01,procurement_required
P16_245_3,G2,B_aircraft,G2-B_aircraft-02,T021,5195.984758537339,7094.0260300243335,,,NEW-B_aircraft-01,procurement_required
P16_245_3,G2,C_aircraft,G2-C_aircraft-01,T010_2,0.0,1433.035082877992,T015,643.0802904246525,U08,existing
P16_245_3,G2,C_aircraft,G2-C_aircraft-01,T015,2076.1153733026445,3744.0155776451697,T019_2,708.2190759487462,U08,existing
P16_245_3,G2,C_aircraft,G2-C_aircraft-01,T019_2,4452.234653593916,6691.4187185617575,T012,5.000099999999293,U08,existing
P16_245_3,G2,C_aircraft,G2-C_aircraft-01,T012,6696.418818561757,8811.50045984021,,,U08,existing
P16_245_3,G2,A_batteries,G2-A_batteries-01,T009,1317.470977312685,3525.3399936387705,T022,1242.1047990638872,A02,existing
P16_245_3,G2,A_batteries,G2-A_batteries-01,T022,4767.444792702658,7634.473785621062,,,A02,existing
P16_245_3,G2,A_batteries,G2-A_batteries-02,T002_2,2048.115373302644,4715.175270999501,,,A03,existing
P16_245_3,G2,A_batteries,G2-A_batteries-03,T017,2048.115373302644,5755.52643126419,,,A04,existing
P16_245_3,G2,A_batteries,G2-A_batteries-04,T011,2058.1153733026445,5546.53945703066,,,A05,existing
P16_245_3,G2,A_batteries,G2-A_batteries-05,T014_2,2638.4852917296735,6105.968766534681,,,A06,existing
P16_245_3,G2,B_batteries,G2-B_batteries-01,T004,1194.630385736439,4994.129999948263,T021,201.85475858907648,B02,existing
P16_245_3,G2,B_batteries,G2-B_batteries-01,T021,5195.984758537339,8961.208181941944,,,B02,existing
P16_245_3,G2,B_batteries,G2-B_batteries-02,T008,1984.115373302644,5417.316226537593,,,B03,existing
P16_245_3,G2,B_batteries,G2-B_batteries-03,T013,3232.9433870503444,7150.230286022929,,,B04,existing
P16_245_3,G2,C_batteries,G2-C_batteries-01,T010_2,0.0,2880.8082760764496,T019_2,1571.4263775174663,C03,existing
P16_245_3,G2,C_batteries,G2-C_batteries-01,T019_2,4452.234653593916,9160.096499981806,,,C03,existing
P16_245_3,G2,C_batteries,G2-C_batteries-02,T015,2076.1153733026445,5451.076587273992,T012,1245.3422312877647,C04,existing
P16_245_3,G2,C_batteries,G2-C_batteries-02,T012,6696.418818561757,11304.166177291878,,,C04,existing
P16_245_3,G2,relay_aircraft,G2-relay_aircraft-01,R003,1094.8164843575157,9390.324849711596,,,R01,existing
P16_245_3,G2,relay_aircraft,G2-relay_aircraft-02,R004,2134.297738856335,4789.357299741141,,,R02,existing
P16_245_3,G2,relay_components,G2-relay_components-01,R003,1094.8164843575157,10551.813344790942,,,RE01,existing
P16_245_3,G2,relay_components,G2-relay_components-02,R004,2134.297738856335,5243.065183552219,,,RE02,existing
P16_245_3,G3,A_aircraft,G3-A_aircraft-01,T002_1,0.0,1652.4416357195464,T016,2907.7784449921833,NEW-A_aircraft-02,procurement_required
P16_245_3,G3,A_aircraft,G3-A_aircraft-01,T016,4560.22008071173,6255.978185380194,T019_1,5.000099999998383,NEW-A_aircraft-02,procurement_required
P16_245_3,G3,A_aircraft,G3-A_aircraft-01,T019_1,6260.978285380193,7896.736390048657,,,NEW-A_aircraft-02,procurement_required
P16_245_3,G3,A_aircraft,G3-A_aircraft-02,T020,4720.220080711731,6690.4299276885495,,,NEW-A_aircraft-03,procurement_required
P16_245_3,G3,A_aircraft,G3-A_aircraft-03,T023,5551.539557030659,7187.297661699124,,,NEW-A_aircraft-04,procurement_required
P16_245_3,G3,B_aircraft,G3-B_aircraft-01,T014_1,4.16673174186144e-07,1519.0243448285282,T007,3077.1957358832024,NEW-B_aircraft-02,procurement_required
P16_245_3,G3,B_aircraft,G3-B_aircraft-01,T007,4596.220080711731,6939.352187396264,,,NEW-B_aircraft-02,procurement_required
P16_245_3,G3,C_aircraft,G3-C_aircraft-01,T010_1,0.0,1823.224406150507,T018,2653.9956745612235,NEW-C_aircraft-01,procurement_required
P16_245_3,G3,C_aircraft,G3-C_aircraft-01,T018,4477.220080711731,6913.029601569379,,,NEW-C_aircraft-01,procurement_required
P16_245_3,G3,A_batteries,G3-A_batteries-01,T002_1,0.0,2667.5322461730734,T019_1,3593.446039207119,NEW-A_batteries-01,procurement_required
P16_245_3,G3,A_batteries,G3-A_batteries-01,T019_1,6260.978285380193,8981.354683688944,,,NEW-A_batteries-01,procurement_required
P16_245_3,G3,A_batteries,G3-A_batteries-02,T016,4560.22008071173,7391.954497536396,,,NEW-A_batteries-02,procurement_required
P16_245_3,G3,A_batteries,G3-A_batteries-03,T020,4720.220080711731,7930.430578375625,,,NEW-A_batteries-03,procurement_required
P16_245_3,G3,A_batteries,G3-A_batteries-04,T023,5551.539557030659,8292.236282374923,,,NEW-A_batteries-04,procurement_required
P16_245_3,G3,B_batteries,G3-B_batteries-01,T014_1,4.16673174186144e-07,2956.2905629638744,T007,1639.9295177478562,NEW-B_batteries-01,procurement_required
P16_245_3,G3,B_batteries,G3-B_batteries-01,T007,4596.220080711731,8817.149572633247,,,NEW-B_batteries-01,procurement_required
P16_245_3,G3,C_batteries,G3-C_batteries-01,T010_1,0.0,3563.4170832737245,T018,913.8029974380061,NEW-C_batteries-01,procurement_required
P16_245_3,G3,C_batteries,G3-C_batteries-01,T018,4477.220080711731,9411.383881543894,,,NEW-C_batteries-01,procurement_required
P16_245_3,G3,relay_aircraft,G3-relay_aircraft-01,R001,113.13731944608116,2129.2976388563347,R002,2665.0597608848047,NEW-relay_aircraft-01,procurement_required
P16_245_3,G3,relay_aircraft,G3-relay_aircraft-01,R002,4794.3573997411395,8150.275924236526,,,NEW-relay_aircraft-01,procurement_required
P16_245_3,G3,relay_components,G3-relay_components-01,R001,113.13731944608116,2500.002637752911,R002,2294.3547619882283,RE03,existing
P16_245_3,G3,relay_components,G3-relay_components-01,R002,4794.3573997411395,8687.28771421572,,,RE03,existing
P1_2456_3,G1,A_aircraft,G1-A_aircraft-01,T005,0.0,1312.470877312685,,,U01,existing
P1_2456_3,G1,C_aircraft,G1-C_aircraft-01,T003,1438.035182877992,2867.4613603954576,T001,18.347015680992172,U07,existing
P1_2456_3,G1,C_aircraft,G1-C_aircraft-01,T001,2885.80837607645,4447.234553593915,,,U07,existing
P1_2456_3,G1,A_batteries,G1-A_batteries-01,T005,0.0,2178.7887122874713,,,A01,existing
P1_2456_3,G1,C_batteries,G1-C_batteries-01,T003,1438.035182877992,4385.641813543676,,,C01,existing
P1_2456_3,G1,C_batteries,G1-C_batteries-02,T001,2885.80837607645,6035.901229839401,,,C02,existing
P1_2456_3,G2,A_aircraft,G2-A_aircraft-01,T009,1317.470977312685,2633.4851917296737,T014_2,5.0000999999997475,U02,existing
P1_2456_3,G2,A_aircraft,G2-A_aircraft-01,T014_2,2638.4852917296735,4762.444692702658,,,U02,existing
P1_2456_3,G2,A_aircraft,G2-A_aircraft-02,T002_2,2048.115373302644,3650.7081092828166,T022,1116.736683419841,U03,existing
P1_2456_3,G2,A_aircraft,G2-A_aircraft-02,T022,4767.444792702658,6458.979278941607,,,U03,existing
P1_2456_3,G2,A_aircraft,G2-A_aircraft-03,T017,2048.115373302644,4391.962448014616,,,U04,existing
P1_2456_3,G2,A_aircraft,G2-A_aircraft-04,T011,2058.1153733026445,4188.754462062227,,,NEW-A_aircraft-01,procurement_required
P1_2456_3,G2,B_aircraft,G2-B_aircraft-01,T006,0.0,1189.630285736439,T008,794.485087566205,U05,existing
P1_2456_3,G2,B_aircraft,G2-B_aircraft-01,T008,1984.115373302644,3828.6542634582115,T021,1367.3304950791276,U05,existing
P1_2456_3,G2,B_aircraft,G2-B_aircraft-01,T021,5195.984758537339,7094.0260300243335,,,U05,existing
P1_2456_3,G2,B_aircraft,G2-B_aircraft-02,T004,1194.630385736439,3227.943287050344,T013,5.000100000000202,U06,existing
P1_2456_3,G2,B_aircraft,G2-B_aircraft-02,T013,3232.9433870503444,5190.984658537339,,,U06,existing
P1_2456_3,G2,C_aircraft,G2-C_aircraft-01,T010_2,0.0,1433.035082877992,T015,643.0802904246525,U08,existing
P1_2456_3,G2,C_aircraft,G2-C_aircraft-01,T015,2076.1153733026445,3744.0155776451697,T019_2,708.2190759487462,U08,existing
P1_2456_3,G2,C_aircraft,G2-C_aircraft-01,T019_2,4452.234653593916,6691.4187185617575,T012,5.000099999999293,U08,existing
P1_2456_3,G2,C_aircraft,G2-C_aircraft-01,T012,6696.418818561757,8811.50045984021,,,U08,existing
P1_2456_3,G2,A_batteries,G2-A_batteries-01,T009,1317.470977312685,3525.3399936387705,T022,1242.1047990638872,A02,existing
P1_2456_3,G2,A_batteries,G2-A_batteries-01,T022,4767.444792702658,7634.473785621062,,,A02,existing
P1_2456_3,G2,A_batteries,G2-A_batteries-02,T002_2,2048.115373302644,4715.175270999501,,,A03,existing
P1_2456_3,G2,A_batteries,G2-A_batteries-03,T017,2048.115373302644,5755.52643126419,,,A04,existing
P1_2456_3,G2,A_batteries,G2-A_batteries-04,T011,2058.1153733026445,5546.53945703066,,,A05,existing
P1_2456_3,G2,A_batteries,G2-A_batteries-05,T014_2,2638.4852917296735,6105.968766534681,,,A06,existing
P1_2456_3,G2,B_batteries,G2-B_batteries-01,T006,0.0,2323.07116269932,T013,909.8722243510242,B01,existing
P1_2456_3,G2,B_batteries,G2-B_batteries-01,T013,3232.9433870503444,7150.230286022929,,,B01,existing
P1_2456_3,G2,B_batteries,G2-B_batteries-02,T004,1194.630385736439,4994.129999948263,T021,201.85475858907648,B02,existing
P1_2456_3,G2,B_batteries,G2-B_batteries-02,T021,5195.984758537339,8961.208181941944,,,B02,existing
P1_2456_3,G2,B_batteries,G2-B_batteries-03,T008,1984.115373302644,5417.316226537593,,,B03,existing
P1_2456_3,G2,C_batteries,G2-C_batteries-01,T010_2,0.0,2880.8082760764496,T019_2,1571.4263775174663,C03,existing
P1_2456_3,G2,C_batteries,G2-C_batteries-01,T019_2,4452.234653593916,9160.096499981806,,,C03,existing
P1_2456_3,G2,C_batteries,G2-C_batteries-02,T015,2076.1153733026445,5451.076587273992,T012,1245.3422312877647,C04,existing
P1_2456_3,G2,C_batteries,G2-C_batteries-02,T012,6696.418818561757,11304.166177291878,,,C04,existing
P1_2456_3,G2,relay_aircraft,G2-relay_aircraft-01,R003,1094.8164843575157,9390.324849711596,,,R01,existing
P1_2456_3,G2,relay_aircraft,G2-relay_aircraft-02,R004,2134.297738856335,4789.357299741141,,,R02,existing
P1_2456_3,G2,relay_components,G2-relay_components-01,R003,1094.8164843575157,10551.813344790942,,,RE01,existing
P1_2456_3,G2,relay_components,G2-relay_components-02,R004,2134.297738856335,5243.065183552219,,,RE02,existing
P1_2456_3,G3,A_aircraft,G3-A_aircraft-01,T002_1,0.0,1652.4416357195464,T016,2907.7784449921833,NEW-A_aircraft-02,procurement_required
P1_2456_3,G3,A_aircraft,G3-A_aircraft-01,T016,4560.22008071173,6255.978185380194,T019_1,5.000099999998383,NEW-A_aircraft-02,procurement_required
P1_2456_3,G3,A_aircraft,G3-A_aircraft-01,T019_1,6260.978285380193,7896.736390048657,,,NEW-A_aircraft-02,procurement_required
P1_2456_3,G3,A_aircraft,G3-A_aircraft-02,T020,4720.220080711731,6690.4299276885495,,,NEW-A_aircraft-03,procurement_required
P1_2456_3,G3,A_aircraft,G3-A_aircraft-03,T023,5551.539557030659,7187.297661699124,,,NEW-A_aircraft-04,procurement_required
P1_2456_3,G3,B_aircraft,G3-B_aircraft-01,T014_1,4.16673174186144e-07,1519.0243448285282,T007,3077.1957358832024,NEW-B_aircraft-01,procurement_required
P1_2456_3,G3,B_aircraft,G3-B_aircraft-01,T007,4596.220080711731,6939.352187396264,,,NEW-B_aircraft-01,procurement_required
P1_2456_3,G3,C_aircraft,G3-C_aircraft-01,T010_1,0.0,1823.224406150507,T018,2653.9956745612235,NEW-C_aircraft-01,procurement_required
P1_2456_3,G3,C_aircraft,G3-C_aircraft-01,T018,4477.220080711731,6913.029601569379,,,NEW-C_aircraft-01,procurement_required
P1_2456_3,G3,A_batteries,G3-A_batteries-01,T002_1,0.0,2667.5322461730734,T019_1,3593.446039207119,NEW-A_batteries-01,procurement_required
P1_2456_3,G3,A_batteries,G3-A_batteries-01,T019_1,6260.978285380193,8981.354683688944,,,NEW-A_batteries-01,procurement_required
P1_2456_3,G3,A_batteries,G3-A_batteries-02,T016,4560.22008071173,7391.954497536396,,,NEW-A_batteries-02,procurement_required
P1_2456_3,G3,A_batteries,G3-A_batteries-03,T020,4720.220080711731,7930.430578375625,,,NEW-A_batteries-03,procurement_required
P1_2456_3,G3,A_batteries,G3-A_batteries-04,T023,5551.539557030659,8292.236282374923,,,NEW-A_batteries-04,procurement_required
P1_2456_3,G3,B_batteries,G3-B_batteries-01,T014_1,4.16673174186144e-07,2956.2905629638744,T007,1639.9295177478562,B04,existing
P1_2456_3,G3,B_batteries,G3-B_batteries-01,T007,4596.220080711731,8817.149572633247,,,B04,existing
P1_2456_3,G3,C_batteries,G3-C_batteries-01,T010_1,0.0,3563.4170832737245,T018,913.8029974380061,NEW-C_batteries-01,procurement_required
P1_2456_3,G3,C_batteries,G3-C_batteries-01,T018,4477.220080711731,9411.383881543894,,,NEW-C_batteries-01,procurement_required
P1_2456_3,G3,relay_aircraft,G3-relay_aircraft-01,R001,113.13731944608116,2129.2976388563347,R002,2665.0597608848047,NEW-relay_aircraft-01,procurement_required
P1_2456_3,G3,relay_aircraft,G3-relay_aircraft-01,R002,4794.3573997411395,8150.275924236526,,,NEW-relay_aircraft-01,procurement_required
P1_2456_3,G3,relay_components,G3-relay_components-01,R001,113.13731944608116,2500.002637752911,R002,2294.3547619882283,RE03,existing
P1_2456_3,G3,relay_components,G3-relay_components-01,R002,4794.3573997411395,8687.28771421572,,,RE03,existing
P1_245_36,G1,A_aircraft,G1-A_aircraft-01,T005,0.0,1312.470877312685,,,U01,existing
P1_245_36,G1,C_aircraft,G1-C_aircraft-01,T003,1438.035182877992,2867.4613603954576,T001,18.347015680992172,U07,existing
P1_245_36,G1,C_aircraft,G1-C_aircraft-01,T001,2885.80837607645,4447.234553593915,,,U07,existing
P1_245_36,G1,A_batteries,G1-A_batteries-01,T005,0.0,2178.7887122874713,,,A01,existing
P1_245_36,G1,C_batteries,G1-C_batteries-01,T003,1438.035182877992,4385.641813543676,,,C01,existing
P1_245_36,G1,C_batteries,G1-C_batteries-02,T001,2885.80837607645,6035.901229839401,,,C02,existing
P1_245_36,G2,A_aircraft,G2-A_aircraft-01,T009,1317.470977312685,2633.4851917296737,T014_2,5.0000999999997475,U02,existing
P1_245_36,G2,A_aircraft,G2-A_aircraft-01,T014_2,2638.4852917296735,4762.444692702658,,,U02,existing
P1_245_36,G2,A_aircraft,G2-A_aircraft-02,T002_2,2048.115373302644,3650.7081092828166,T022,1116.736683419841,U03,existing
P1_245_36,G2,A_aircraft,G2-A_aircraft-02,T022,4767.444792702658,6458.979278941607,,,U03,existing
P1_245_36,G2,A_aircraft,G2-A_aircraft-03,T017,2048.115373302644,4391.962448014616,,,U04,existing
P1_245_36,G2,A_aircraft,G2-A_aircraft-04,T011,2058.1153733026445,4188.754462062227,,,NEW-A_aircraft-01,procurement_required
P1_245_36,G2,B_aircraft,G2-B_aircraft-01,T004,1194.630385736439,3227.943287050344,T013,5.000100000000202,U05,existing
P1_245_36,G2,B_aircraft,G2-B_aircraft-01,T013,3232.9433870503444,5190.984658537339,,,U05,existing
P1_245_36,G2,B_aircraft,G2-B_aircraft-02,T008,1984.115373302644,3828.6542634582115,T021,1367.3304950791276,U06,existing
P1_245_36,G2,B_aircraft,G2-B_aircraft-02,T021,5195.984758537339,7094.0260300243335,,,U06,existing
P1_245_36,G2,C_aircraft,G2-C_aircraft-01,T010_2,0.0,1433.035082877992,T015,643.0802904246525,U08,existing
P1_245_36,G2,C_aircraft,G2-C_aircraft-01,T015,2076.1153733026445,3744.0155776451697,T019_2,708.2190759487462,U08,existing
P1_245_36,G2,C_aircraft,G2-C_aircraft-01,T019_2,4452.234653593916,6691.4187185617575,T012,5.000099999999293,U08,existing
P1_245_36,G2,C_aircraft,G2-C_aircraft-01,T012,6696.418818561757,8811.50045984021,,,U08,existing
P1_245_36,G2,A_batteries,G2-A_batteries-01,T009,1317.470977312685,3525.3399936387705,T022,1242.1047990638872,A02,existing
P1_245_36,G2,A_batteries,G2-A_batteries-01,T022,4767.444792702658,7634.473785621062,,,A02,existing
P1_245_36,G2,A_batteries,G2-A_batteries-02,T002_2,2048.115373302644,4715.175270999501,,,A03,existing
P1_245_36,G2,A_batteries,G2-A_batteries-03,T017,2048.115373302644,5755.52643126419,,,A04,existing
P1_245_36,G2,A_batteries,G2-A_batteries-04,T011,2058.1153733026445,5546.53945703066,,,A05,existing
P1_245_36,G2,A_batteries,G2-A_batteries-05,T014_2,2638.4852917296735,6105.968766534681,,,A06,existing
P1_245_36,G2,B_batteries,G2-B_batteries-01,T004,1194.630385736439,4994.129999948263,T021,201.85475858907648,B01,existing
P1_245_36,G2,B_batteries,G2-B_batteries-01,T021,5195.984758537339,8961.208181941944,,,B01,existing
P1_245_36,G2,B_batteries,G2-B_batteries-02,T008,1984.115373302644,5417.316226537593,,,B02,existing
P1_245_36,G2,B_batteries,G2-B_batteries-03,T013,3232.9433870503444,7150.230286022929,,,B03,existing
P1_245_36,G2,C_batteries,G2-C_batteries-01,T010_2,0.0,2880.8082760764496,T019_2,1571.4263775174663,C03,existing
P1_245_36,G2,C_batteries,G2-C_batteries-01,T019_2,4452.234653593916,9160.096499981806,,,C03,existing
P1_245_36,G2,C_batteries,G2-C_batteries-02,T015,2076.1153733026445,5451.076587273992,T012,1245.3422312877647,C04,existing
P1_245_36,G2,C_batteries,G2-C_batteries-02,T012,6696.418818561757,11304.166177291878,,,C04,existing
P1_245_36,G2,relay_aircraft,G2-relay_aircraft-01,R003,1094.8164843575157,9390.324849711596,,,R01,existing
P1_245_36,G2,relay_aircraft,G2-relay_aircraft-02,R004,2134.297738856335,4789.357299741141,,,R02,existing
P1_245_36,G2,relay_components,G2-relay_components-01,R003,1094.8164843575157,10551.813344790942,,,RE01,existing
P1_245_36,G2,relay_components,G2-relay_components-02,R004,2134.297738856335,5243.065183552219,,,RE02,existing
P1_245_36,G3,A_aircraft,G3-A_aircraft-01,T002_1,0.0,1652.4416357195464,T016,2907.7784449921833,NEW-A_aircraft-02,procurement_required
P1_245_36,G3,A_aircraft,G3-A_aircraft-01,T016,4560.22008071173,6255.978185380194,T019_1,5.000099999998383,NEW-A_aircraft-02,procurement_required
P1_245_36,G3,A_aircraft,G3-A_aircraft-01,T019_1,6260.978285380193,7896.736390048657,,,NEW-A_aircraft-02,procurement_required
P1_245_36,G3,A_aircraft,G3-A_aircraft-02,T020,4720.220080711731,6690.4299276885495,,,NEW-A_aircraft-03,procurement_required
P1_245_36,G3,A_aircraft,G3-A_aircraft-03,T023,5551.539557030659,7187.297661699124,,,NEW-A_aircraft-04,procurement_required
P1_245_36,G3,B_aircraft,G3-B_aircraft-01,T006,0.0,1189.630285736439,T007,3406.5897949752916,NEW-B_aircraft-01,procurement_required
P1_245_36,G3,B_aircraft,G3-B_aircraft-01,T007,4596.220080711731,6939.352187396264,,,NEW-B_aircraft-01,procurement_required
P1_245_36,G3,B_aircraft,G3-B_aircraft-02,T014_1,4.16673174186144e-07,1519.0243448285282,,,NEW-B_aircraft-02,procurement_required
P1_245_36,G3,C_aircraft,G3-C_aircraft-01,T010_1,0.0,1823.224406150507,T018,2653.9956745612235,NEW-C_aircraft-01,procurement_required
P1_245_36,G3,C_aircraft,G3-C_aircraft-01,T018,4477.220080711731,6913.029601569379,,,NEW-C_aircraft-01,procurement_required
P1_245_36,G3,A_batteries,G3-A_batteries-01,T002_1,0.0,2667.5322461730734,T019_1,3593.446039207119,NEW-A_batteries-01,procurement_required
P1_245_36,G3,A_batteries,G3-A_batteries-01,T019_1,6260.978285380193,8981.354683688944,,,NEW-A_batteries-01,procurement_required
P1_245_36,G3,A_batteries,G3-A_batteries-02,T016,4560.22008071173,7391.954497536396,,,NEW-A_batteries-02,procurement_required
P1_245_36,G3,A_batteries,G3-A_batteries-03,T020,4720.220080711731,7930.430578375625,,,NEW-A_batteries-03,procurement_required
P1_245_36,G3,A_batteries,G3-A_batteries-04,T023,5551.539557030659,8292.236282374923,,,NEW-A_batteries-04,procurement_required
P1_245_36,G3,B_batteries,G3-B_batteries-01,T006,0.0,2323.07116269932,T007,2273.1489180124104,B04,existing
P1_245_36,G3,B_batteries,G3-B_batteries-01,T007,4596.220080711731,8817.149572633247,,,B04,existing
P1_245_36,G3,B_batteries,G3-B_batteries-02,T014_1,4.16673174186144e-07,2956.2905629638744,,,NEW-B_batteries-01,procurement_required
P1_245_36,G3,C_batteries,G3-C_batteries-01,T010_1,0.0,3563.4170832737245,T018,913.8029974380061,NEW-C_batteries-01,procurement_required
P1_245_36,G3,C_batteries,G3-C_batteries-01,T018,4477.220080711731,9411.383881543894,,,NEW-C_batteries-01,procurement_required
P1_245_36,G3,relay_aircraft,G3-relay_aircraft-01,R001,113.13731944608116,2129.2976388563347,R002,2665.0597608848047,NEW-relay_aircraft-01,procurement_required
P1_245_36,G3,relay_aircraft,G3-relay_aircraft-01,R002,4794.3573997411395,8150.275924236526,,,NEW-relay_aircraft-01,procurement_required
P1_245_36,G3,relay_components,G3-relay_components-01,R001,113.13731944608116,2500.002637752911,R002,2294.3547619882283,RE03,existing
P1_245_36,G3,relay_components,G3-relay_components-01,R002,4794.3573997411395,8687.28771421572,,,RE03,existing
P16_24_35,G1,A_aircraft,G1-A_aircraft-01,T005,0.0,1312.470877312685,,,U01,existing
P16_24_35,G1,B_aircraft,G1-B_aircraft-01,T006,0.0,1189.630285736439,,,U05,existing
P16_24_35,G1,C_aircraft,G1-C_aircraft-01,T003,1438.035182877992,2867.4613603954576,T001,18.347015680992172,U07,existing
P16_24_35,G1,C_aircraft,G1-C_aircraft-01,T001,2885.80837607645,4447.234553593915,,,U07,existing
P16_24_35,G1,A_batteries,G1-A_batteries-01,T005,0.0,2178.7887122874713,,,A01,existing
P16_24_35,G1,B_batteries,G1-B_batteries-01,T006,0.0,2323.07116269932,,,B01,existing
P16_24_35,G1,C_batteries,G1-C_batteries-01,T003,1438.035182877992,4385.641813543676,,,C01,existing
P16_24_35,G1,C_batteries,G1-C_batteries-02,T001,2885.80837607645,6035.901229839401,,,C02,existing
P16_24_35,G2,A_aircraft,G2-A_aircraft-01,T009,1317.470977312685,2633.4851917296737,T014_2,5.0000999999997475,U02,existing
P16_24_35,G2,A_aircraft,G2-A_aircraft-01,T014_2,2638.4852917296735,4762.444692702658,T022,5.000099999999293,U02,existing
P16_24_35,G2,A_aircraft,G2-A_aircraft-01,T022,4767.444792702658,6458.979278941607,,,U02,existing
P16_24_35,G2,B_aircraft,G2-B_aircraft-01,T004,1194.630385736439,3227.943287050344,T013,5.000100000000202,U06,existing
P16_24_35,G2,B_aircraft,G2-B_aircraft-01,T013,3232.9433870503444,5190.984658537339,T021,5.000100000000202,U06,existing
P16_24_35,G2,B_aircraft,G2-B_aircraft-01,T021,5195.984758537339,7094.0260300243335,,,U06,existing
P16_24_35,G2,C_aircraft,G2-C_aircraft-01,T010_2,0.0,1433.035082877992,T019_2,3019.199570715924,U08,existing
P16_24_35,G2,C_aircraft,G2-C_aircraft-01,T019_2,4452.234653593916,6691.4187185617575,T012,5.000099999999293,U08,existing
P16_24_35,G2,C_aircraft,G2-C_aircraft-01,T012,6696.418818561757,8811.50045984021,,,U08,existing
P16_24_35,G2,A_batteries,G2-A_batteries-01,T009,1317.470977312685,3525.3399936387705,T022,1242.1047990638872,A02,existing
P16_24_35,G2,A_batteries,G2-A_batteries-01,T022,4767.444792702658,7634.473785621062,,,A02,existing
P16_24_35,G2,A_batteries,G2-A_batteries-02,T014_2,2638.4852917296735,6105.968766534681,,,A03,existing
P16_24_35,G2,B_batteries,G2-B_batteries-01,T004,1194.630385736439,4994.129999948263,T021,201.85475858907648,B02,existing
P16_24_35,G2,B_batteries,G2-B_batteries-01,T021,5195.984758537339,8961.208181941944,,,B02,existing
P16_24_35,G2,B_batteries,G2-B_batteries-02,T013,3232.9433870503444,7150.230286022929,,,B03,existing
P16_24_35,G2,C_batteries,G2-C_batteries-01,T010_2,0.0,2880.8082760764496,T012,3815.610542485307,C03,existing
P16_24_35,G2,C_batteries,G2-C_batteries-01,T012,6696.418818561757,11304.166177291878,,,C03,existing
P16_24_35,G2,C_batteries,G2-C_batteries-02,T019_2,4452.234653593916,9160.096499981806,,,C04,existing
P16_24_35,G2,relay_aircraft,G2-relay_aircraft-01,R003,1094.8164843575157,9390.324849711596,,,R01,existing
P16_24_35,G2,relay_components,G2-relay_components-01,R003,1094.8164843575157,10551.813344790942,,,RE01,existing
P16_24_35,G3,A_aircraft,G3-A_aircraft-01,T002_1,0.0,1652.4416357195464,T002_2,395.6737375830976,U03,existing
P16_24_35,G3,A_aircraft,G3-A_aircraft-01,T002_2,2048.115373302644,3650.7081092828166,T023,1900.8314477478425,U03,existing
P16_24_35,G3,A_aircraft,G3-A_aircraft-01,T023,5551.539557030659,7187.297661699124,,,U03,existing
P16_24_35,G3,A_aircraft,G3-A_aircraft-02,T017,2048.115373302644,4391.962448014616,T016,168.25763269711388,U04,existing
P16_24_35,G3,A_aircraft,G3-A_aircraft-02,T016,4560.22008071173,6255.978185380194,T019_1,5.000099999998383,U04,existing
P16_24_35,G3,A_aircraft,G3-A_aircraft-02,T019_1,6260.978285380193,7896.736390048657,,,U04,existing
P16_24_35,G3,A_aircraft,G3-A_aircraft-03,T011,2058.1153733026445,4188.754462062227,T020,531.465618649504,NEW-A_aircraft-01,procurement_required
P16_24_35,G3,A_aircraft,G3-A_aircraft-03,T020,4720.220080711731,6690.4299276885495,,,NEW-A_aircraft-01,procurement_required
P16_24_35,G3,B_aircraft,G3-B_aircraft-01,T014_1,4.16673174186144e-07,1519.0243448285282,T008,465.0910284741158,NEW-B_aircraft-01,procurement_required
P16_24_35,G3,B_aircraft,G3-B_aircraft-01,T008,1984.115373302644,3828.6542634582115,T007,767.5658172535191,NEW-B_aircraft-01,procurement_required
P16_24_35,G3,B_aircraft,G3-B_aircraft-01,T007,4596.220080711731,6939.352187396264,,,NEW-B_aircraft-01,procurement_required
P16_24_35,G3,C_aircraft,G3-C_aircraft-01,T010_1,0.0,1823.224406150507,T015,252.89096715213736,NEW-C_aircraft-01,procurement_required
P16_24_35,G3,C_aircraft,G3-C_aircraft-01,T015,2076.1153733026445,3744.0155776451697,T018,733.2045030665608,NEW-C_aircraft-01,procurement_required
P16_24_35,G3,C_aircraft,G3-C_aircraft-01,T018,4477.220080711731,6913.029601569379,,,NEW-C_aircraft-01,procurement_required
P16_24_35,G3,A_batteries,G3-A_batteries-01,T002_1,0.0,2667.5322461730734,T016,1892.6878345386563,A04,existing
P16_24_35,G3,A_batteries,G3-A_batteries-01,T016,4560.22008071173,7391.954497536396,,,A04,existing
P16_24_35,G3,A_batteries,G3-A_batteries-02,T002_2,2048.115373302644,4715.175270999501,T020,5.044809712229835,A05,existing
P16_24_35,G3,A_batteries,G3-A_batteries-02,T020,4720.220080711731,7930.430578375625,,,A05,existing
P16_24_35,G3,A_batteries,G3-A_batteries-03,T017,2048.115373302644,5755.52643126419,T019_1,505.4518541160023,A06,existing
P16_24_35,G3,A_batteries,G3-A_batteries-03,T019_1,6260.978285380193,8981.354683688944,,,A06,existing
P16_24_35,G3,A_batteries,G3-A_batteries-04,T011,2058.1153733026445,5546.53945703066,T023,5.000099999999293,NEW-A_batteries-01,procurement_required
P16_24_35,G3,A_batteries,G3-A_batteries-04,T023,5551.539557030659,8292.236282374923,,,NEW-A_batteries-01,procurement_required
P16_24_35,G3,B_batteries,G3-B_batteries-01,T014_1,4.16673174186144e-07,2956.2905629638744,T007,1639.9295177478562,B04,existing
P16_24_35,G3,B_batteries,G3-B_batteries-01,T007,4596.220080711731,8817.149572633247,,,B04,existing
P16_24_35,G3,B_batteries,G3-B_batteries-02,T008,1984.115373302644,5417.316226537593,,,NEW-B_batteries-01,procurement_required
P16_24_35,G3,C_batteries,G3-C_batteries-01,T010_1,0.0,3563.4170832737245,T018,913.8029974380061,NEW-C_batteries-01,procurement_required
P16_24_35,G3,C_batteries,G3-C_batteries-01,T018,4477.220080711731,9411.383881543894,,,NEW-C_batteries-01,procurement_required
P16_24_35,G3,C_batteries,G3-C_batteries-02,T015,2076.1153733026445,5451.076587273992,,,NEW-C_batteries-02,procurement_required
P16_24_35,G3,relay_aircraft,G3-relay_aircraft-01,R001,113.13731944608116,2129.2976388563347,R004,5.000100000000202,R02,existing
P16_24_35,G3,relay_aircraft,G3-relay_aircraft-01,R004,2134.297738856335,4789.357299741141,R002,5.000099999998383,R02,existing
P16_24_35,G3,relay_aircraft,G3-relay_aircraft-01,R002,4794.3573997411395,8150.275924236526,,,R02,existing
P16_24_35,G3,relay_components,G3-relay_components-01,R001,113.13731944608116,2500.002637752911,R002,2294.3547619882283,RE02,existing
P16_24_35,G3,relay_components,G3-relay_components-01,R002,4794.3573997411395,8687.28771421572,,,RE02,existing
P16_24_35,G3,relay_components,G3-relay_components-02,R004,2134.297738856335,5243.065183552219,,,RE03,existing
P1_246_35,G1,A_aircraft,G1-A_aircraft-01,T005,0.0,1312.470877312685,,,U01,existing
P1_246_35,G1,C_aircraft,G1-C_aircraft-01,T003,1438.035182877992,2867.4613603954576,T001,18.347015680992172,U07,existing
P1_246_35,G1,C_aircraft,G1-C_aircraft-01,T001,2885.80837607645,4447.234553593915,,,U07,existing
P1_246_35,G1,A_batteries,G1-A_batteries-01,T005,0.0,2178.7887122874713,,,A01,existing
P1_246_35,G1,C_batteries,G1-C_batteries-01,T003,1438.035182877992,4385.641813543676,,,C01,existing
P1_246_35,G1,C_batteries,G1-C_batteries-02,T001,2885.80837607645,6035.901229839401,,,C02,existing
P1_246_35,G2,A_aircraft,G2-A_aircraft-01,T009,1317.470977312685,2633.4851917296737,T014_2,5.0000999999997475,U02,existing
P1_246_35,G2,A_aircraft,G2-A_aircraft-01,T014_2,2638.4852917296735,4762.444692702658,T022,5.000099999999293,U02,existing
P1_246_35,G2,A_aircraft,G2-A_aircraft-01,T022,4767.444792702658,6458.979278941607,,,U02,existing
P1_246_35,G2,B_aircraft,G2-B_aircraft-01,T006,0.0,1189.630285736439,T004,5.000099999999975,U05,existing
P1_246_35,G2,B_aircraft,G2-B_aircraft-01,T004,1194.630385736439,3227.943287050344,T013,5.000100000000202,U05,existing
P1_246_35,G2,B_aircraft,G2-B_aircraft-01,T013,3232.9433870503444,5190.984658537339,T021,5.000100000000202,U05,existing
P1_246_35,G2,B_aircraft,G2-B_aircraft-01,T021,5195.984758537339,7094.0260300243335,,,U05,existing
P1_246_35,G2,C_aircraft,G2-C_aircraft-01,T010_2,0.0,1433.035082877992,T019_2,3019.199570715924,U08,existing
P1_246_35,G2,C_aircraft,G2-C_aircraft-01,T019_2,4452.234653593916,6691.4187185617575,T012,5.000099999999293,U08,existing
P1_246_35,G2,C_aircraft,G2-C_aircraft-01,T012,6696.418818561757,8811.50045984021,,,U08,existing
P1_246_35,G2,A_batteries,G2-A_batteries-01,T009,1317.470977312685,3525.3399936387705,T022,1242.1047990638872,A02,existing
P1_246_35,G2,A_batteries,G2-A_batteries-01,T022,4767.444792702658,7634.473785621062,,,A02,existing
P1_246_35,G2,A_batteries,G2-A_batteries-02,T014_2,2638.4852917296735,6105.968766534681,,,A03,existing
P1_246_35,G2,B_batteries,G2-B_batteries-01,T006,0.0,2323.07116269932,T013,909.8722243510242,B01,existing
P1_246_35,G2,B_batteries,G2-B_batteries-01,T013,3232.9433870503444,7150.230286022929,,,B01,existing
P1_246_35,G2,B_batteries,G2-B_batteries-02,T004,1194.630385736439,4994.129999948263,T021,201.85475858907648,B02,existing
P1_246_35,G2,B_batteries,G2-B_batteries-02,T021,5195.984758537339,8961.208181941944,,,B02,existing
P1_246_35,G2,C_batteries,G2-C_batteries-01,T010_2,0.0,2880.8082760764496,T012,3815.610542485307,C03,existing
P1_246_35,G2,C_batteries,G2-C_batteries-01,T012,6696.418818561757,11304.166177291878,,,C03,existing
P1_246_35,G2,C_batteries,G2-C_batteries-02,T019_2,4452.234653593916,9160.096499981806,,,C04,existing
P1_246_35,G2,relay_aircraft,G2-relay_aircraft-01,R003,1094.8164843575157,9390.324849711596,,,R01,existing
P1_246_35,G2,relay_components,G2-relay_components-01,R003,1094.8164843575157,10551.813344790942,,,RE01,existing
P1_246_35,G3,A_aircraft,G3-A_aircraft-01,T002_1,0.0,1652.4416357195464,T002_2,395.6737375830976,U03,existing
P1_246_35,G3,A_aircraft,G3-A_aircraft-01,T002_2,2048.115373302644,3650.7081092828166,T023,1900.8314477478425,U03,existing
P1_246_35,G3,A_aircraft,G3-A_aircraft-01,T023,5551.539557030659,7187.297661699124,,,U03,existing
P1_246_35,G3,A_aircraft,G3-A_aircraft-02,T017,2048.115373302644,4391.962448014616,T016,168.25763269711388,U04,existing
P1_246_35,G3,A_aircraft,G3-A_aircraft-02,T016,4560.22008071173,6255.978185380194,T019_1,5.000099999998383,U04,existing
P1_246_35,G3,A_aircraft,G3-A_aircraft-02,T019_1,6260.978285380193,7896.736390048657,,,U04,existing
P1_246_35,G3,A_aircraft,G3-A_aircraft-03,T011,2058.1153733026445,4188.754462062227,T020,531.465618649504,NEW-A_aircraft-01,procurement_required
P1_246_35,G3,A_aircraft,G3-A_aircraft-03,T020,4720.220080711731,6690.4299276885495,,,NEW-A_aircraft-01,procurement_required
P1_246_35,G3,B_aircraft,G3-B_aircraft-01,T014_1,4.16673174186144e-07,1519.0243448285282,T008,465.0910284741158,U06,existing
P1_246_35,G3,B_aircraft,G3-B_aircraft-01,T008,1984.115373302644,3828.6542634582115,T007,767.5658172535191,U06,existing
P1_246_35,G3,B_aircraft,G3-B_aircraft-01,T007,4596.220080711731,6939.352187396264,,,U06,existing
P1_246_35,G3,C_aircraft,G3-C_aircraft-01,T010_1,0.0,1823.224406150507,T015,252.89096715213736,NEW-C_aircraft-01,procurement_required
P1_246_35,G3,C_aircraft,G3-C_aircraft-01,T015,2076.1153733026445,3744.0155776451697,T018,733.2045030665608,NEW-C_aircraft-01,procurement_required
P1_246_35,G3,C_aircraft,G3-C_aircraft-01,T018,4477.220080711731,6913.029601569379,,,NEW-C_aircraft-01,procurement_required
P1_246_35,G3,A_batteries,G3-A_batteries-01,T002_1,0.0,2667.5322461730734,T016,1892.6878345386563,A04,existing
P1_246_35,G3,A_batteries,G3-A_batteries-01,T016,4560.22008071173,7391.954497536396,,,A04,existing
P1_246_35,G3,A_batteries,G3-A_batteries-02,T002_2,2048.115373302644,4715.175270999501,T020,5.044809712229835,A05,existing
P1_246_35,G3,A_batteries,G3-A_batteries-02,T020,4720.220080711731,7930.430578375625,,,A05,existing
P1_246_35,G3,A_batteries,G3-A_batteries-03,T017,2048.115373302644,5755.52643126419,T019_1,505.4518541160023,A06,existing
P1_246_35,G3,A_batteries,G3-A_batteries-03,T019_1,6260.978285380193,8981.354683688944,,,A06,existing
P1_246_35,G3,A_batteries,G3-A_batteries-04,T011,2058.1153733026445,5546.53945703066,T023,5.000099999999293,NEW-A_batteries-01,procurement_required
P1_246_35,G3,A_batteries,G3-A_batteries-04,T023,5551.539557030659,8292.236282374923,,,NEW-A_batteries-01,procurement_required
P1_246_35,G3,B_batteries,G3-B_batteries-01,T014_1,4.16673174186144e-07,2956.2905629638744,T007,1639.9295177478562,B03,existing
P1_246_35,G3,B_batteries,G3-B_batteries-01,T007,4596.220080711731,8817.149572633247,,,B03,existing
P1_246_35,G3,B_batteries,G3-B_batteries-02,T008,1984.115373302644,5417.316226537593,,,B04,existing
P1_246_35,G3,C_batteries,G3-C_batteries-01,T010_1,0.0,3563.4170832737245,T018,913.8029974380061,NEW-C_batteries-01,procurement_required
P1_246_35,G3,C_batteries,G3-C_batteries-01,T018,4477.220080711731,9411.383881543894,,,NEW-C_batteries-01,procurement_required
P1_246_35,G3,C_batteries,G3-C_batteries-02,T015,2076.1153733026445,5451.076587273992,,,NEW-C_batteries-02,procurement_required
P1_246_35,G3,relay_aircraft,G3-relay_aircraft-01,R001,113.13731944608116,2129.2976388563347,R004,5.000100000000202,R02,existing
P1_246_35,G3,relay_aircraft,G3-relay_aircraft-01,R004,2134.297738856335,4789.357299741141,R002,5.000099999998383,R02,existing
P1_246_35,G3,relay_aircraft,G3-relay_aircraft-01,R002,4794.3573997411395,8150.275924236526,,,R02,existing
P1_246_35,G3,relay_components,G3-relay_components-01,R001,113.13731944608116,2500.002637752911,R002,2294.3547619882283,RE02,existing
P1_246_35,G3,relay_components,G3-relay_components-01,R002,4794.3573997411395,8687.28771421572,,,RE02,existing
P1_246_35,G3,relay_components,G3-relay_components-02,R004,2134.297738856335,5243.065183552219,,,RE03,existing
P1_24_356,G1,A_aircraft,G1-A_aircraft-01,T005,0.0,1312.470877312685,,,U01,existing
P1_24_356,G1,C_aircraft,G1-C_aircraft-01,T003,1438.035182877992,2867.4613603954576,T001,18.347015680992172,U07,existing
P1_24_356,G1,C_aircraft,G1-C_aircraft-01,T001,2885.80837607645,4447.234553593915,,,U07,existing
P1_24_356,G1,A_batteries,G1-A_batteries-01,T005,0.0,2178.7887122874713,,,A01,existing
P1_24_356,G1,C_batteries,G1-C_batteries-01,T003,1438.035182877992,4385.641813543676,,,C01,existing
P1_24_356,G1,C_batteries,G1-C_batteries-02,T001,2885.80837607645,6035.901229839401,,,C02,existing
P1_24_356,G2,A_aircraft,G2-A_aircraft-01,T009,1317.470977312685,2633.4851917296737,T014_2,5.0000999999997475,U02,existing
P1_24_356,G2,A_aircraft,G2-A_aircraft-01,T014_2,2638.4852917296735,4762.444692702658,T022,5.000099999999293,U02,existing
P1_24_356,G2,A_aircraft,G2-A_aircraft-01,T022,4767.444792702658,6458.979278941607,,,U02,existing
P1_24_356,G2,B_aircraft,G2-B_aircraft-01,T004,1194.630385736439,3227.943287050344,T013,5.000100000000202,U05,existing
P1_24_356,G2,B_aircraft,G2-B_aircraft-01,T013,3232.9433870503444,5190.984658537339,T021,5.000100000000202,U05,existing
P1_24_356,G2,B_aircraft,G2-B_aircraft-01,T021,5195.984758537339,7094.0260300243335,,,U05,existing
P1_24_356,G2,C_aircraft,G2-C_aircraft-01,T010_2,0.0,1433.035082877992,T019_2,3019.199570715924,U08,existing
P1_24_356,G2,C_aircraft,G2-C_aircraft-01,T019_2,4452.234653593916,6691.4187185617575,T012,5.000099999999293,U08,existing
P1_24_356,G2,C_aircraft,G2-C_aircraft-01,T012,6696.418818561757,8811.50045984021,,,U08,existing
P1_24_356,G2,A_batteries,G2-A_batteries-01,T009,1317.470977312685,3525.3399936387705,T022,1242.1047990638872,A02,existing
P1_24_356,G2,A_batteries,G2-A_batteries-01,T022,4767.444792702658,7634.473785621062,,,A02,existing
P1_24_356,G2,A_batteries,G2-A_batteries-02,T014_2,2638.4852917296735,6105.968766534681,,,A03,existing
P1_24_356,G2,B_batteries,G2-B_batteries-01,T004,1194.630385736439,4994.129999948263,T021,201.85475858907648,B01,existing
P1_24_356,G2,B_batteries,G2-B_batteries-01,T021,5195.984758537339,8961.208181941944,,,B01,existing
P1_24_356,G2,B_batteries,G2-B_batteries-02,T013,3232.9433870503444,7150.230286022929,,,B02,existing
P1_24_356,G2,C_batteries,G2-C_batteries-01,T010_2,0.0,2880.8082760764496,T012,3815.610542485307,C03,existing
P1_24_356,G2,C_batteries,G2-C_batteries-01,T012,6696.418818561757,11304.166177291878,,,C03,existing
P1_24_356,G2,C_batteries,G2-C_batteries-02,T019_2,4452.234653593916,9160.096499981806,,,C04,existing
P1_24_356,G2,relay_aircraft,G2-relay_aircraft-01,R003,1094.8164843575157,9390.324849711596,,,R01,existing
P1_24_356,G2,relay_components,G2-relay_components-01,R003,1094.8164843575157,10551.813344790942,,,RE01,existing
P1_24_356,G3,A_aircraft,G3-A_aircraft-01,T002_1,0.0,1652.4416357195464,T002_2,395.6737375830976,U03,existing
P1_24_356,G3,A_aircraft,G3-A_aircraft-01,T002_2,2048.115373302644,3650.7081092828166,T023,1900.8314477478425,U03,existing
P1_24_356,G3,A_aircraft,G3-A_aircraft-01,T023,5551.539557030659,7187.297661699124,,,U03,existing
P1_24_356,G3,A_aircraft,G3-A_aircraft-02,T017,2048.115373302644,4391.962448014616,T016,168.25763269711388,U04,existing
P1_24_356,G3,A_aircraft,G3-A_aircraft-02,T016,4560.22008071173,6255.978185380194,T019_1,5.000099999998383,U04,existing
P1_24_356,G3,A_aircraft,G3-A_aircraft-02,T019_1,6260.978285380193,7896.736390048657,,,U04,existing
P1_24_356,G3,A_aircraft,G3-A_aircraft-03,T011,2058.1153733026445,4188.754462062227,T020,531.465618649504,NEW-A_aircraft-01,procurement_required
P1_24_356,G3,A_aircraft,G3-A_aircraft-03,T020,4720.220080711731,6690.4299276885495,,,NEW-A_aircraft-01,procurement_required
P1_24_356,G3,B_aircraft,G3-B_aircraft-01,T006,0.0,1189.630285736439,T008,794.485087566205,U06,existing
P1_24_356,G3,B_aircraft,G3-B_aircraft-01,T008,1984.115373302644,3828.6542634582115,,,U06,existing
P1_24_356,G3,B_aircraft,G3-B_aircraft-02,T014_1,4.16673174186144e-07,1519.0243448285282,T007,3077.1957358832024,NEW-B_aircraft-01,procurement_required
P1_24_356,G3,B_aircraft,G3-B_aircraft-02,T007,4596.220080711731,6939.352187396264,,,NEW-B_aircraft-01,procurement_required
P1_24_356,G3,C_aircraft,G3-C_aircraft-01,T010_1,0.0,1823.224406150507,T015,252.89096715213736,NEW-C_aircraft-01,procurement_required
P1_24_356,G3,C_aircraft,G3-C_aircraft-01,T015,2076.1153733026445,3744.0155776451697,T018,733.2045030665608,NEW-C_aircraft-01,procurement_required
P1_24_356,G3,C_aircraft,G3-C_aircraft-01,T018,4477.220080711731,6913.029601569379,,,NEW-C_aircraft-01,procurement_required
P1_24_356,G3,A_batteries,G3-A_batteries-01,T002_1,0.0,2667.5322461730734,T016,1892.6878345386563,A04,existing
P1_24_356,G3,A_batteries,G3-A_batteries-01,T016,4560.22008071173,7391.954497536396,,,A04,existing
P1_24_356,G3,A_batteries,G3-A_batteries-02,T002_2,2048.115373302644,4715.175270999501,T020,5.044809712229835,A05,existing
P1_24_356,G3,A_batteries,G3-A_batteries-02,T020,4720.220080711731,7930.430578375625,,,A05,existing
P1_24_356,G3,A_batteries,G3-A_batteries-03,T017,2048.115373302644,5755.52643126419,T019_1,505.4518541160023,A06,existing
P1_24_356,G3,A_batteries,G3-A_batteries-03,T019_1,6260.978285380193,8981.354683688944,,,A06,existing
P1_24_356,G3,A_batteries,G3-A_batteries-04,T011,2058.1153733026445,5546.53945703066,T023,5.000099999999293,NEW-A_batteries-01,procurement_required
P1_24_356,G3,A_batteries,G3-A_batteries-04,T023,5551.539557030659,8292.236282374923,,,NEW-A_batteries-01,procurement_required
P1_24_356,G3,B_batteries,G3-B_batteries-01,T006,0.0,2323.07116269932,T007,2273.1489180124104,B03,existing
P1_24_356,G3,B_batteries,G3-B_batteries-01,T007,4596.220080711731,8817.149572633247,,,B03,existing
P1_24_356,G3,B_batteries,G3-B_batteries-02,T014_1,4.16673174186144e-07,2956.2905629638744,,,B04,existing
P1_24_356,G3,B_batteries,G3-B_batteries-03,T008,1984.115373302644,5417.316226537593,,,NEW-B_batteries-01,procurement_required
P1_24_356,G3,C_batteries,G3-C_batteries-01,T010_1,0.0,3563.4170832737245,T018,913.8029974380061,NEW-C_batteries-01,procurement_required
P1_24_356,G3,C_batteries,G3-C_batteries-01,T018,4477.220080711731,9411.383881543894,,,NEW-C_batteries-01,procurement_required
P1_24_356,G3,C_batteries,G3-C_batteries-02,T015,2076.1153733026445,5451.076587273992,,,NEW-C_batteries-02,procurement_required
P1_24_356,G3,relay_aircraft,G3-relay_aircraft-01,R001,113.13731944608116,2129.2976388563347,R004,5.000100000000202,R02,existing
P1_24_356,G3,relay_aircraft,G3-relay_aircraft-01,R004,2134.297738856335,4789.357299741141,R002,5.000099999998383,R02,existing
P1_24_356,G3,relay_aircraft,G3-relay_aircraft-01,R002,4794.3573997411395,8150.275924236526,,,R02,existing
P1_24_356,G3,relay_components,G3-relay_components-01,R001,113.13731944608116,2500.002637752911,R002,2294.3547619882283,RE02,existing
P1_24_356,G3,relay_components,G3-relay_components-01,R002,4794.3573997411395,8687.28771421572,,,RE02,existing
P1_24_356,G3,relay_components,G3-relay_components-02,R004,2134.297738856335,5243.065183552219,,,RE03,existing
P156_2_34,G1,A_aircraft,G1-A_aircraft-01,T005,0.0,1312.470877312685,T011,745.6444959899595,U01,existing
P156_2_34,G1,A_aircraft,G1-A_aircraft-01,T011,2058.1153733026445,4188.754462062227,,,U01,existing
P156_2_34,G1,A_aircraft,G1-A_aircraft-02,T002_2,2048.115373302644,3650.7081092828166,,,U02,existing
P156_2_34,G1,A_aircraft,G1-A_aircraft-03,T017,2048.115373302644,4391.962448014616,,,U03,existing
P156_2_34,G1,B_aircraft,G1-B_aircraft-01,T006,0.0,1189.630285736439,T008,794.485087566205,U05,existing
P156_2_34,G1,B_aircraft,G1-B_aircraft-01,T008,1984.115373302644,3828.6542634582115,,,U05,existing
P156_2_34,G1,C_aircraft,G1-C_aircraft-01,T003,1438.035182877992,2867.4613603954576,T001,18.347015680992172,U07,existing
P156_2_34,G1,C_aircraft,G1-C_aircraft-01,T001,2885.80837607645,4447.234553593915,,,U07,existing
P156_2_34,G1,C_aircraft,G1-C_aircraft-02,T015,2076.1153733026445,3744.0155776451697,,,U08,existing
P156_2_34,G1,A_batteries,G1-A_batteries-01,T005,0.0,2178.7887122874713,,,A01,existing
P156_2_34,G1,A_batteries,G1-A_batteries-02,T002_2,2048.115373302644,4715.175270999501,,,A02,existing
P156_2_34,G1,A_batteries,G1-A_batteries-03,T017,2048.115373302644,5755.52643126419,,,A03,existing
P156_2_34,G1,A_batteries,G1-A_batteries-04,T011,2058.1153733026445,5546.53945703066,,,A04,existing
P156_2_34,G1,B_batteries,G1-B_batteries-01,T006,0.0,2323.07116269932,,,B01,existing
P156_2_34,G1,B_batteries,G1-B_batteries-02,T008,1984.115373302644,5417.316226537593,,,B02,existing
P156_2_34,G1,C_batteries,G1-C_batteries-01,T003,1438.035182877992,4385.641813543676,,,C01,existing
P156_2_34,G1,C_batteries,G1-C_batteries-02,T015,2076.1153733026445,5451.076587273992,,,C02,existing
P156_2_34,G1,C_batteries,G1-C_batteries-03,T001,2885.80837607645,6035.901229839401,,,C03,existing
P156_2_34,G1,relay_aircraft,G1-relay_aircraft-01,R004,2134.297738856335,4789.357299741141,,,R01,existing
P156_2_34,G1,relay_components,G1-relay_components-01,R004,2134.297738856335,5243.065183552219,,,RE01,existing
P156_2_34,G2,A_aircraft,G2-A_aircraft-01,T014_2,2638.4852917296735,4762.444692702658,T022,5.000099999999293,U04,existing
P156_2_34,G2,A_aircraft,G2-A_aircraft-01,T022,4767.444792702658,6458.979278941607,,,U04,existing
P156_2_34,G2,B_aircraft,G2-B_aircraft-01,T004,1194.630385736439,3227.943287050344,T013,5.000100000000202,U06,existing
P156_2_34,G2,B_aircraft,G2-B_aircraft-01,T013,3232.9433870503444,5190.984658537339,T021,5.000100000000202,U06,existing
P156_2_34,G2,B_aircraft,G2-B_aircraft-01,T021,5195.984758537339,7094.0260300243335,,,U06,existing
P156_2_34,G2,C_aircraft,G2-C_aircraft-01,T019_2,4452.234653593916,6691.4187185617575,T012,5.000099999999293,NEW-C_aircraft-01,procurement_required
P156_2_34,G2,C_aircraft,G2-C_aircraft-01,T012,6696.418818561757,8811.50045984021,,,NEW-C_aircraft-01,procurement_required
P156_2_34,G2,A_batteries,G2-A_batteries-01,T014_2,2638.4852917296735,6105.968766534681,,,A05,existing
P156_2_34,G2,A_batteries,G2-A_batteries-02,T022,4767.444792702658,7634.473785621062,,,A06,existing
P156_2_34,G2,B_batteries,G2-B_batteries-01,T004,1194.630385736439,4994.129999948263,T021,201.85475858907648,B03,existing
P156_2_34,G2,B_batteries,G2-B_batteries-01,T021,5195.984758537339,8961.208181941944,,,B03,existing
P156_2_34,G2,B_batteries,G2-B_batteries-02,T013,3232.9433870503444,7150.230286022929,,,B04,existing
P156_2_34,G2,C_batteries,G2-C_batteries-01,T019_2,4452.234653593916,9160.096499981806,,,C04,existing
P156_2_34,G2,C_batteries,G2-C_batteries-02,T012,6696.418818561757,11304.166177291878,,,NEW-C_batteries-01,procurement_required
P156_2_34,G2,relay_aircraft,G2-relay_aircraft-01,R003,1094.8164843575157,9390.324849711596,,,R02,existing
P156_2_34,G2,relay_components,G2-relay_components-01,R003,1094.8164843575157,10551.813344790942,,,RE02,existing
P156_2_34,G3,A_aircraft,G3-A_aircraft-01,T002_1,0.0,1652.4416357195464,T020,3067.778444992184,NEW-A_aircraft-01,procurement_required
P156_2_34,G3,A_aircraft,G3-A_aircraft-01,T020,4720.220080711731,6690.4299276885495,,,NEW-A_aircraft-01,procurement_required
P156_2_34,G3,A_aircraft,G3-A_aircraft-02,T009,1317.470977312685,2633.4851917296737,T016,1926.734888982056,NEW-A_aircraft-02,procurement_required
P156_2_34,G3,A_aircraft,G3-A_aircraft-02,T016,4560.22008071173,6255.978185380194,T019_1,5.000099999998383,NEW-A_aircraft-02,procurement_required
P156_2_34,G3,A_aircraft,G3-A_aircraft-02,T019_1,6260.978285380193,7896.736390048657,,,NEW-A_aircraft-02,procurement_required
P156_2_34,G3,A_aircraft,G3-A_aircraft-03,T023,5551.539557030659,7187.297661699124,,,NEW-A_aircraft-03,procurement_required
P156_2_34,G3,B_aircraft,G3-B_aircraft-01,T014_1,4.16673174186144e-07,1519.0243448285282,T007,3077.1957358832024,NEW-B_aircraft-01,procurement_required
P156_2_34,G3,B_aircraft,G3-B_aircraft-01,T007,4596.220080711731,6939.352187396264,,,NEW-B_aircraft-01,procurement_required
P156_2_34,G3,C_aircraft,G3-C_aircraft-01,T010_1,0.0,1823.224406150507,,,NEW-C_aircraft-02,procurement_required
P156_2_34,G3,C_aircraft,G3-C_aircraft-02,T010_2,0.0,1433.035082877992,T018,3044.1849978337386,NEW-C_aircraft-03,procurement_required
P156_2_34,G3,C_aircraft,G3-C_aircraft-02,T018,4477.220080711731,6913.029601569379,,,NEW-C_aircraft-03,procurement_required
P156_2_34,G3,A_batteries,G3-A_batteries-01,T002_1,0.0,2667.5322461730734,T023,2884.0073108575857,NEW-A_batteries-01,procurement_required
P156_2_34,G3,A_batteries,G3-A_batteries-01,T023,5551.539557030659,8292.236282374923,,,NEW-A_batteries-01,procurement_required
P156_2_34,G3,A_batteries,G3-A_batteries-02,T009,1317.470977312685,3525.3399936387705,T019_1,2735.638291741422,NEW-A_batteries-02,procurement_required
P156_2_34,G3,A_batteries,G3-A_batteries-02,T019_1,6260.978285380193,8981.354683688944,,,NEW-A_batteries-02,procurement_required
P156_2_34,G3,A_batteries,G3-A_batteries-03,T016,4560.22008071173,7391.954497536396,,,NEW-A_batteries-03,procurement_required
P156_2_34,G3,A_batteries,G3-A_batteries-04,T020,4720.220080711731,7930.430578375625,,,NEW-A_batteries-04,procurement_required
P156_2_34,G3,B_batteries,G3-B_batteries-01,T014_1,4.16673174186144e-07,2956.2905629638744,T007,1639.9295177478562,NEW-B_batteries-01,procurement_required
P156_2_34,G3,B_batteries,G3-B_batteries-01,T007,4596.220080711731,8817.149572633247,,,NEW-B_batteries-01,procurement_required
P156_2_34,G3,C_batteries,G3-C_batteries-01,T010_1,0.0,3563.4170832737245,,,NEW-C_batteries-02,procurement_required
P156_2_34,G3,C_batteries,G3-C_batteries-02,T010_2,0.0,2880.8082760764496,T018,1596.411804635281,NEW-C_batteries-03,procurement_required
P156_2_34,G3,C_batteries,G3-C_batteries-02,T018,4477.220080711731,9411.383881543894,,,NEW-C_batteries-03,procurement_required
P156_2_34,G3,relay_aircraft,G3-relay_aircraft-01,R001,113.13731944608116,2129.2976388563347,R002,2665.0597608848047,NEW-relay_aircraft-01,procurement_required
P156_2_34,G3,relay_aircraft,G3-relay_aircraft-01,R002,4794.3573997411395,8150.275924236526,,,NEW-relay_aircraft-01,procurement_required
P156_2_34,G3,relay_components,G3-relay_components-01,R001,113.13731944608116,2500.002637752911,R002,2294.3547619882283,RE03,existing
P156_2_34,G3,relay_components,G3-relay_components-01,R002,4794.3573997411395,8687.28771421572,,,RE03,existing
P15_26_34,G1,A_aircraft,G1-A_aircraft-01,T005,0.0,1312.470877312685,T011,745.6444959899595,U01,existing
P15_26_34,G1,A_aircraft,G1-A_aircraft-01,T011,2058.1153733026445,4188.754462062227,,,U01,existing
P15_26_34,G1,A_aircraft,G1-A_aircraft-02,T002_2,2048.115373302644,3650.7081092828166,,,U02,existing
P15_26_34,G1,A_aircraft,G1-A_aircraft-03,T017,2048.115373302644,4391.962448014616,,,U03,existing
P15_26_34,G1,B_aircraft,G1-B_aircraft-01,T008,1984.115373302644,3828.6542634582115,,,U05,existing
P15_26_34,G1,C_aircraft,G1-C_aircraft-01,T003,1438.035182877992,2867.4613603954576,T001,18.347015680992172,U07,existing
P15_26_34,G1,C_aircraft,G1-C_aircraft-01,T001,2885.80837607645,4447.234553593915,,,U07,existing
P15_26_34,G1,C_aircraft,G1-C_aircraft-02,T015,2076.1153733026445,3744.0155776451697,,,U08,existing
P15_26_34,G1,A_batteries,G1-A_batteries-01,T005,0.0,2178.7887122874713,,,A01,existing
P15_26_34,G1,A_batteries,G1-A_batteries-02,T002_2,2048.115373302644,4715.175270999501,,,A02,existing
P15_26_34,G1,A_batteries,G1-A_batteries-03,T017,2048.115373302644,5755.52643126419,,,A03,existing
P15_26_34,G1,A_batteries,G1-A_batteries-04,T011,2058.1153733026445,5546.53945703066,,,A04,existing
P15_26_34,G1,B_batteries,G1-B_batteries-01,T008,1984.115373302644,5417.316226537593,,,B01,existing
P15_26_34,G1,C_batteries,G1-C_batteries-01,T003,1438.035182877992,4385.641813543676,,,C01,existing
P15_26_34,G1,C_batteries,G1-C_batteries-02,T015,2076.1153733026445,5451.076587273992,,,C02,existing
P15_26_34,G1,C_batteries,G1-C_batteries-03,T001,2885.80837607645,6035.901229839401,,,C03,existing
P15_26_34,G1,relay_aircraft,G1-relay_aircraft-01,R004,2134.297738856335,4789.357299741141,,,R01,existing
P15_26_34,G1,relay_components,G1-relay_components-01,R004,2134.297738856335,5243.065183552219,,,RE01,existing
P15_26_34,G2,A_aircraft,G2-A_aircraft-01,T014_2,2638.4852917296735,4762.444692702658,T022,5.000099999999293,U04,existing
P15_26_34,G2,A_aircraft,G2-A_aircraft-01,T022,4767.444792702658,6458.979278941607,,,U04,existing
P15_26_34,G2,B_aircraft,G2-B_aircraft-01,T006,0.0,1189.630285736439,T004,5.000099999999975,U06,existing
P15_26_34,G2,B_aircraft,G2-B_aircraft-01,T004,1194.630385736439,3227.943287050344,T013,5.000100000000202,U06,existing
P15_26_34,G2,B_aircraft,G2-B_aircraft-01,T013,3232.9433870503444,5190.984658537339,T021,5.000100000000202,U06,existing
P15_26_34,G2,B_aircraft,G2-B_aircraft-01,T021,5195.984758537339,7094.0260300243335,,,U06,existing
P15_26_34,G2,C_aircraft,G2-C_aircraft-01,T019_2,4452.234653593916,6691.4187185617575,T012,5.000099999999293,NEW-C_aircraft-01,procurement_required
P15_26_34,G2,C_aircraft,G2-C_aircraft-01,T012,6696.418818561757,8811.50045984021,,,NEW-C_aircraft-01,procurement_required
P15_26_34,G2,A_batteries,G2-A_batteries-01,T014_2,2638.4852917296735,6105.968766534681,,,A05,existing
P15_26_34,G2,A_batteries,G2-A_batteries-02,T022,4767.444792702658,7634.473785621062,,,A06,existing
P15_26_34,G2,B_batteries,G2-B_batteries-01,T006,0.0,2323.07116269932,T013,909.8722243510242,B02,existing
P15_26_34,G2,B_batteries,G2-B_batteries-01,T013,3232.9433870503444,7150.230286022929,,,B02,existing
P15_26_34,G2,B_batteries,G2-B_batteries-02,T004,1194.630385736439,4994.129999948263,T021,201.85475858907648,B03,existing
P15_26_34,G2,B_batteries,G2-B_batteries-02,T021,5195.984758537339,8961.208181941944,,,B03,existing
P15_26_34,G2,C_batteries,G2-C_batteries-01,T019_2,4452.234653593916,9160.096499981806,,,C04,existing
P15_26_34,G2,C_batteries,G2-C_batteries-02,T012,6696.418818561757,11304.166177291878,,,NEW-C_batteries-01,procurement_required
P15_26_34,G2,relay_aircraft,G2-relay_aircraft-01,R003,1094.8164843575157,9390.324849711596,,,R02,existing
P15_26_34,G2,relay_components,G2-relay_components-01,R003,1094.8164843575157,10551.813344790942,,,RE02,existing
P15_26_34,G3,A_aircraft,G3-A_aircraft-01,T002_1,0.0,1652.4416357195464,T020,3067.778444992184,NEW-A_aircraft-01,procurement_required
P15_26_34,G3,A_aircraft,G3-A_aircraft-01,T020,4720.220080711731,6690.4299276885495,,,NEW-A_aircraft-01,procurement_required
P15_26_34,G3,A_aircraft,G3-A_aircraft-02,T009,1317.470977312685,2633.4851917296737,T016,1926.734888982056,NEW-A_aircraft-02,procurement_required
P15_26_34,G3,A_aircraft,G3-A_aircraft-02,T016,4560.22008071173,6255.978185380194,T019_1,5.000099999998383,NEW-A_aircraft-02,procurement_required
P15_26_34,G3,A_aircraft,G3-A_aircraft-02,T019_1,6260.978285380193,7896.736390048657,,,NEW-A_aircraft-02,procurement_required
P15_26_34,G3,A_aircraft,G3-A_aircraft-03,T023,5551.539557030659,7187.297661699124,,,NEW-A_aircraft-03,procurement_required
P15_26_34,G3,B_aircraft,G3-B_aircraft-01,T014_1,4.16673174186144e-07,1519.0243448285282,T007,3077.1957358832024,NEW-B_aircraft-01,procurement_required
P15_26_34,G3,B_aircraft,G3-B_aircraft-01,T007,4596.220080711731,6939.352187396264,,,NEW-B_aircraft-01,procurement_required
P15_26_34,G3,C_aircraft,G3-C_aircraft-01,T010_1,0.0,1823.224406150507,,,NEW-C_aircraft-02,procurement_required
P15_26_34,G3,C_aircraft,G3-C_aircraft-02,T010_2,0.0,1433.035082877992,T018,3044.1849978337386,NEW-C_aircraft-03,procurement_required
P15_26_34,G3,C_aircraft,G3-C_aircraft-02,T018,4477.220080711731,6913.029601569379,,,NEW-C_aircraft-03,procurement_required
P15_26_34,G3,A_batteries,G3-A_batteries-01,T002_1,0.0,2667.5322461730734,T023,2884.0073108575857,NEW-A_batteries-01,procurement_required
P15_26_34,G3,A_batteries,G3-A_batteries-01,T023,5551.539557030659,8292.236282374923,,,NEW-A_batteries-01,procurement_required
P15_26_34,G3,A_batteries,G3-A_batteries-02,T009,1317.470977312685,3525.3399936387705,T019_1,2735.638291741422,NEW-A_batteries-02,procurement_required
P15_26_34,G3,A_batteries,G3-A_batteries-02,T019_1,6260.978285380193,8981.354683688944,,,NEW-A_batteries-02,procurement_required
P15_26_34,G3,A_batteries,G3-A_batteries-03,T016,4560.22008071173,7391.954497536396,,,NEW-A_batteries-03,procurement_required
P15_26_34,G3,A_batteries,G3-A_batteries-04,T020,4720.220080711731,7930.430578375625,,,NEW-A_batteries-04,procurement_required
P15_26_34,G3,B_batteries,G3-B_batteries-01,T014_1,4.16673174186144e-07,2956.2905629638744,T007,1639.9295177478562,B04,existing
P15_26_34,G3,B_batteries,G3-B_batteries-01,T007,4596.220080711731,8817.149572633247,,,B04,existing
P15_26_34,G3,C_batteries,G3-C_batteries-01,T010_1,0.0,3563.4170832737245,,,NEW-C_batteries-02,procurement_required
P15_26_34,G3,C_batteries,G3-C_batteries-02,T010_2,0.0,2880.8082760764496,T018,1596.411804635281,NEW-C_batteries-03,procurement_required
P15_26_34,G3,C_batteries,G3-C_batteries-02,T018,4477.220080711731,9411.383881543894,,,NEW-C_batteries-03,procurement_required
P15_26_34,G3,relay_aircraft,G3-relay_aircraft-01,R001,113.13731944608116,2129.2976388563347,R002,2665.0597608848047,NEW-relay_aircraft-01,procurement_required
P15_26_34,G3,relay_aircraft,G3-relay_aircraft-01,R002,4794.3573997411395,8150.275924236526,,,NEW-relay_aircraft-01,procurement_required
P15_26_34,G3,relay_components,G3-relay_components-01,R001,113.13731944608116,2500.002637752911,R002,2294.3547619882283,RE03,existing
P15_26_34,G3,relay_components,G3-relay_components-01,R002,4794.3573997411395,8687.28771421572,,,RE03,existing
P15_2_346,G1,A_aircraft,G1-A_aircraft-01,T005,0.0,1312.470877312685,T011,745.6444959899595,U01,existing
P15_2_346,G1,A_aircraft,G1-A_aircraft-01,T011,2058.1153733026445,4188.754462062227,,,U01,existing
P15_2_346,G1,A_aircraft,G1-A_aircraft-02,T002_2,2048.115373302644,3650.7081092828166,,,U02,existing
P15_2_346,G1,A_aircraft,G1-A_aircraft-03,T017,2048.115373302644,4391.962448014616,,,U03,existing
P15_2_346,G1,B_aircraft,G1-B_aircraft-01,T008,1984.115373302644,3828.6542634582115,,,U05,existing
P15_2_346,G1,C_aircraft,G1-C_aircraft-01,T003,1438.035182877992,2867.4613603954576,T001,18.347015680992172,U07,existing
P15_2_346,G1,C_aircraft,G1-C_aircraft-01,T001,2885.80837607645,4447.234553593915,,,U07,existing
P15_2_346,G1,C_aircraft,G1-C_aircraft-02,T015,2076.1153733026445,3744.0155776451697,,,U08,existing
P15_2_346,G1,A_batteries,G1-A_batteries-01,T005,0.0,2178.7887122874713,,,A01,existing
P15_2_346,G1,A_batteries,G1-A_batteries-02,T002_2,2048.115373302644,4715.175270999501,,,A02,existing
P15_2_346,G1,A_batteries,G1-A_batteries-03,T017,2048.115373302644,5755.52643126419,,,A03,existing
P15_2_346,G1,A_batteries,G1-A_batteries-04,T011,2058.1153733026445,5546.53945703066,,,A04,existing
P15_2_346,G1,B_batteries,G1-B_batteries-01,T008,1984.115373302644,5417.316226537593,,,B01,existing
P15_2_346,G1,C_batteries,G1-C_batteries-01,T003,1438.035182877992,4385.641813543676,,,C01,existing
P15_2_346,G1,C_batteries,G1-C_batteries-02,T015,2076.1153733026445,5451.076587273992,,,C02,existing
P15_2_346,G1,C_batteries,G1-C_batteries-03,T001,2885.80837607645,6035.901229839401,,,C03,existing
P15_2_346,G1,relay_aircraft,G1-relay_aircraft-01,R004,2134.297738856335,4789.357299741141,,,R01,existing
P15_2_346,G1,relay_components,G1-relay_components-01,R004,2134.297738856335,5243.065183552219,,,RE01,existing
P15_2_346,G2,A_aircraft,G2-A_aircraft-01,T014_2,2638.4852917296735,4762.444692702658,T022,5.000099999999293,U04,existing
P15_2_346,G2,A_aircraft,G2-A_aircraft-01,T022,4767.444792702658,6458.979278941607,,,U04,existing
P15_2_346,G2,B_aircraft,G2-B_aircraft-01,T004,1194.630385736439,3227.943287050344,T013,5.000100000000202,U06,existing
P15_2_346,G2,B_aircraft,G2-B_aircraft-01,T013,3232.9433870503444,5190.984658537339,T021,5.000100000000202,U06,existing
P15_2_346,G2,B_aircraft,G2-B_aircraft-01,T021,5195.984758537339,7094.0260300243335,,,U06,existing
P15_2_346,G2,C_aircraft,G2-C_aircraft-01,T019_2,4452.234653593916,6691.4187185617575,T012,5.000099999999293,NEW-C_aircraft-01,procurement_required
P15_2_346,G2,C_aircraft,G2-C_aircraft-01,T012,6696.418818561757,8811.50045984021,,,NEW-C_aircraft-01,procurement_required
P15_2_346,G2,A_batteries,G2-A_batteries-01,T014_2,2638.4852917296735,6105.968766534681,,,A05,existing
P15_2_346,G2,A_batteries,G2-A_batteries-02,T022,4767.444792702658,7634.473785621062,,,A06,existing
P15_2_346,G2,B_batteries,G2-B_batteries-01,T004,1194.630385736439,4994.129999948263,T021,201.85475858907648,B02,existing
P15_2_346,G2,B_batteries,G2-B_batteries-01,T021,5195.984758537339,8961.208181941944,,,B02,existing
P15_2_346,G2,B_batteries,G2-B_batteries-02,T013,3232.9433870503444,7150.230286022929,,,B03,existing
P15_2_346,G2,C_batteries,G2-C_batteries-01,T019_2,4452.234653593916,9160.096499981806,,,C04,existing
P15_2_346,G2,C_batteries,G2-C_batteries-02,T012,6696.418818561757,11304.166177291878,,,NEW-C_batteries-01,procurement_required
P15_2_346,G2,relay_aircraft,G2-relay_aircraft-01,R003,1094.8164843575157,9390.324849711596,,,R02,existing
P15_2_346,G2,relay_components,G2-relay_components-01,R003,1094.8164843575157,10551.813344790942,,,RE02,existing
P15_2_346,G3,A_aircraft,G3-A_aircraft-01,T002_1,0.0,1652.4416357195464,T020,3067.778444992184,NEW-A_aircraft-01,procurement_required
P15_2_346,G3,A_aircraft,G3-A_aircraft-01,T020,4720.220080711731,6690.4299276885495,,,NEW-A_aircraft-01,procurement_required
P15_2_346,G3,A_aircraft,G3-A_aircraft-02,T009,1317.470977312685,2633.4851917296737,T016,1926.734888982056,NEW-A_aircraft-02,procurement_required
P15_2_346,G3,A_aircraft,G3-A_aircraft-02,T016,4560.22008071173,6255.978185380194,T019_1,5.000099999998383,NEW-A_aircraft-02,procurement_required
P15_2_346,G3,A_aircraft,G3-A_aircraft-02,T019_1,6260.978285380193,7896.736390048657,,,NEW-A_aircraft-02,procurement_required
P15_2_346,G3,A_aircraft,G3-A_aircraft-03,T023,5551.539557030659,7187.297661699124,,,NEW-A_aircraft-03,procurement_required
P15_2_346,G3,B_aircraft,G3-B_aircraft-01,T006,0.0,1189.630285736439,T007,3406.5897949752916,NEW-B_aircraft-01,procurement_required
P15_2_346,G3,B_aircraft,G3-B_aircraft-01,T007,4596.220080711731,6939.352187396264,,,NEW-B_aircraft-01,procurement_required
P15_2_346,G3,B_aircraft,G3-B_aircraft-02,T014_1,4.16673174186144e-07,1519.0243448285282,,,NEW-B_aircraft-02,procurement_required
P15_2_346,G3,C_aircraft,G3-C_aircraft-01,T010_1,0.0,1823.224406150507,,,NEW-C_aircraft-02,procurement_required
P15_2_346,G3,C_aircraft,G3-C_aircraft-02,T010_2,0.0,1433.035082877992,T018,3044.1849978337386,NEW-C_aircraft-03,procurement_required
P15_2_346,G3,C_aircraft,G3-C_aircraft-02,T018,4477.220080711731,6913.029601569379,,,NEW-C_aircraft-03,procurement_required
P15_2_346,G3,A_batteries,G3-A_batteries-01,T002_1,0.0,2667.5322461730734,T023,2884.0073108575857,NEW-A_batteries-01,procurement_required
P15_2_346,G3,A_batteries,G3-A_batteries-01,T023,5551.539557030659,8292.236282374923,,,NEW-A_batteries-01,procurement_required
P15_2_346,G3,A_batteries,G3-A_batteries-02,T009,1317.470977312685,3525.3399936387705,T019_1,2735.638291741422,NEW-A_batteries-02,procurement_required
P15_2_346,G3,A_batteries,G3-A_batteries-02,T019_1,6260.978285380193,8981.354683688944,,,NEW-A_batteries-02,procurement_required
P15_2_346,G3,A_batteries,G3-A_batteries-03,T016,4560.22008071173,7391.954497536396,,,NEW-A_batteries-03,procurement_required
P15_2_346,G3,A_batteries,G3-A_batteries-04,T020,4720.220080711731,7930.430578375625,,,NEW-A_batteries-04,procurement_required
P15_2_346,G3,B_batteries,G3-B_batteries-01,T006,0.0,2323.07116269932,T007,2273.1489180124104,B04,existing
P15_2_346,G3,B_batteries,G3-B_batteries-01,T007,4596.220080711731,8817.149572633247,,,B04,existing
P15_2_346,G3,B_batteries,G3-B_batteries-02,T014_1,4.16673174186144e-07,2956.2905629638744,,,NEW-B_batteries-01,procurement_required
P15_2_346,G3,C_batteries,G3-C_batteries-01,T010_1,0.0,3563.4170832737245,,,NEW-C_batteries-02,procurement_required
P15_2_346,G3,C_batteries,G3-C_batteries-02,T010_2,0.0,2880.8082760764496,T018,1596.411804635281,NEW-C_batteries-03,procurement_required
P15_2_346,G3,C_batteries,G3-C_batteries-02,T018,4477.220080711731,9411.383881543894,,,NEW-C_batteries-03,procurement_required
P15_2_346,G3,relay_aircraft,G3-relay_aircraft-01,R001,113.13731944608116,2129.2976388563347,R002,2665.0597608848047,NEW-relay_aircraft-01,procurement_required
P15_2_346,G3,relay_aircraft,G3-relay_aircraft-01,R002,4794.3573997411395,8150.275924236526,,,NEW-relay_aircraft-01,procurement_required
P15_2_346,G3,relay_components,G3-relay_components-01,R001,113.13731944608116,2500.002637752911,R002,2294.3547619882283,RE03,existing
P15_2_346,G3,relay_components,G3-relay_components-01,R002,4794.3573997411395,8687.28771421572,,,RE03,existing
P16_25_34,G1,A_aircraft,G1-A_aircraft-01,T005,0.0,1312.470877312685,,,U01,existing
P16_25_34,G1,B_aircraft,G1-B_aircraft-01,T006,0.0,1189.630285736439,,,U05,existing
P16_25_34,G1,C_aircraft,G1-C_aircraft-01,T003,1438.035182877992,2867.4613603954576,T001,18.347015680992172,U07,existing
P16_25_34,G1,C_aircraft,G1-C_aircraft-01,T001,2885.80837607645,4447.234553593915,,,U07,existing
P16_25_34,G1,A_batteries,G1-A_batteries-01,T005,0.0,2178.7887122874713,,,A01,existing
P16_25_34,G1,B_batteries,G1-B_batteries-01,T006,0.0,2323.07116269932,,,B01,existing
P16_25_34,G1,C_batteries,G1-C_batteries-01,T003,1438.035182877992,4385.641813543676,,,C01,existing
P16_25_34,G1,C_batteries,G1-C_batteries-02,T001,2885.80837607645,6035.901229839401,,,C02,existing
P16_25_34,G2,A_aircraft,G2-A_aircraft-01,T002_2,2048.115373302644,3650.7081092828166,T022,1116.736683419841,U02,existing
P16_25_34,G2,A_aircraft,G2-A_aircraft-01,T022,4767.444792702658,6458.979278941607,,,U02,existing
P16_25_34,G2,A_aircraft,G2-A_aircraft-02,T017,2048.115373302644,4391.962448014616,,,U03,existing
P16_25_34,G2,A_aircraft,G2-A_aircraft-03,T011,2058.1153733026445,4188.754462062227,,,U04,existing
P16_25_34,G2,A_aircraft,G2-A_aircraft-04,T014_2,2638.4852917296735,4762.444692702658,,,NEW-A_aircraft-01,procurement_required
P16_25_34,G2,B_aircraft,G2-B_aircraft-01,T004,1194.630385736439,3227.943287050344,T013,5.000100000000202,U06,existing
P16_25_34,G2,B_aircraft,G2-B_aircraft-01,T013,3232.9433870503444,5190.984658537339,,,U06,existing
P16_25_34,G2,B_aircraft,G2-B_aircraft-02,T008,1984.115373302644,3828.6542634582115,T021,1367.3304950791276,NEW-B_aircraft-01,procurement_required
P16_25_34,G2,B_aircraft,G2-B_aircraft-02,T021,5195.984758537339,7094.0260300243335,,,NEW-B_aircraft-01,procurement_required
P16_25_34,G2,C_aircraft,G2-C_aircraft-01,T015,2076.1153733026445,3744.0155776451697,T019_2,708.2190759487462,U08,existing
P16_25_34,G2,C_aircraft,G2-C_aircraft-01,T019_2,4452.234653593916,6691.4187185617575,T012,5.000099999999293,U08,existing
P16_25_34,G2,C_aircraft,G2-C_aircraft-01,T012,6696.418818561757,8811.50045984021,,,U08,existing
P16_25_34,G2,A_batteries,G2-A_batteries-01,T002_2,2048.115373302644,4715.175270999501,T022,52.2695217031569,A02,existing
P16_25_34,G2,A_batteries,G2-A_batteries-01,T022,4767.444792702658,7634.473785621062,,,A02,existing
P16_25_34,G2,A_batteries,G2-A_batteries-02,T017,2048.115373302644,5755.52643126419,,,A03,existing
P16_25_34,G2,A_batteries,G2-A_batteries-03,T011,2058.1153733026445,5546.53945703066,,,A04,existing
P16_25_34,G2,A_batteries,G2-A_batteries-04,T014_2,2638.4852917296735,6105.968766534681,,,A05,existing
P16_25_34,G2,B_batteries,G2-B_batteries-01,T004,1194.630385736439,4994.129999948263,T021,201.85475858907648,B02,existing
P16_25_34,G2,B_batteries,G2-B_batteries-01,T021,5195.984758537339,8961.208181941944,,,B02,existing
P16_25_34,G2,B_batteries,G2-B_batteries-02,T008,1984.115373302644,5417.316226537593,,,B03,existing
P16_25_34,G2,B_batteries,G2-B_batteries-03,T013,3232.9433870503444,7150.230286022929,,,B04,existing
P16_25_34,G2,C_batteries,G2-C_batteries-01,T015,2076.1153733026445,5451.076587273992,T012,1245.3422312877647,C03,existing
P16_25_34,G2,C_batteries,G2-C_batteries-01,T012,6696.418818561757,11304.166177291878,,,C03,existing
P16_25_34,G2,C_batteries,G2-C_batteries-02,T019_2,4452.234653593916,9160.096499981806,,,C04,existing
P16_25_34,G2,relay_aircraft,G2-relay_aircraft-01,R003,1094.8164843575157,9390.324849711596,,,R01,existing
P16_25_34,G2,relay_aircraft,G2-relay_aircraft-02,R004,2134.297738856335,4789.357299741141,,,R02,existing
P16_25_34,G2,relay_components,G2-relay_components-01,R003,1094.8164843575157,10551.813344790942,,,RE01,existing
P16_25_34,G2,relay_components,G2-relay_components-02,R004,2134.297738856335,5243.065183552219,,,RE02,existing
P16_25_34,G3,A_aircraft,G3-A_aircraft-01,T002_1,0.0,1652.4416357195464,T020,3067.778444992184,NEW-A_aircraft-02,procurement_required
P16_25_34,G3,A_aircraft,G3-A_aircraft-01,T020,4720.220080711731,6690.4299276885495,,,NEW-A_aircraft-02,procurement_required
P16_25_34,G3,A_aircraft,G3-A_aircraft-02,T009,1317.470977312685,2633.4851917296737,T016,1926.734888982056,NEW-A_aircraft-03,procurement_required
P16_25_34,G3,A_aircraft,G3-A_aircraft-02,T016,4560.22008071173,6255.978185380194,T019_1,5.000099999998383,NEW-A_aircraft-03,procurement_required
P16_25_34,G3,A_aircraft,G3-A_aircraft-02,T019_1,6260.978285380193,7896.736390048657,,,NEW-A_aircraft-03,procurement_required
P16_25_34,G3,A_aircraft,G3-A_aircraft-03,T023,5551.539557030659,7187.297661699124,,,NEW-A_aircraft-04,procurement_required
P16_25_34,G3,B_aircraft,G3-B_aircraft-01,T014_1,4.16673174186144e-07,1519.0243448285282,T007,3077.1957358832024,NEW-B_aircraft-02,procurement_required
P16_25_34,G3,B_aircraft,G3-B_aircraft-01,T007,4596.220080711731,6939.352187396264,,,NEW-B_aircraft-02,procurement_required
P16_25_34,G3,C_aircraft,G3-C_aircraft-01,T010_1,0.0,1823.224406150507,,,NEW-C_aircraft-01,procurement_required
P16_25_34,G3,C_aircraft,G3-C_aircraft-02,T010_2,0.0,1433.035082877992,T018,3044.1849978337386,NEW-C_aircraft-02,procurement_required
P16_25_34,G3,C_aircraft,G3-C_aircraft-02,T018,4477.220080711731,6913.029601569379,,,NEW-C_aircraft-02,procurement_required
P16_25_34,G3,A_batteries,G3-A_batteries-01,T002_1,0.0,2667.5322461730734,T023,2884.0073108575857,A06,existing
P16_25_34,G3,A_batteries,G3-A_batteries-01,T023,5551.539557030659,8292.236282374923,,,A06,existing
P16_25_34,G3,A_batteries,G3-A_batteries-02,T009,1317.470977312685,3525.3399936387705,T019_1,2735.638291741422,NEW-A_batteries-01,procurement_required
P16_25_34,G3,A_batteries,G3-A_batteries-02,T019_1,6260.978285380193,8981.354683688944,,,NEW-A_batteries-01,procurement_required
P16_25_34,G3,A_batteries,G3-A_batteries-03,T016,4560.22008071173,7391.954497536396,,,NEW-A_batteries-02,procurement_required
P16_25_34,G3,A_batteries,G3-A_batteries-04,T020,4720.220080711731,7930.430578375625,,,NEW-A_batteries-03,procurement_required
P16_25_34,G3,B_batteries,G3-B_batteries-01,T014_1,4.16673174186144e-07,2956.2905629638744,T007,1639.9295177478562,NEW-B_batteries-01,procurement_required
P16_25_34,G3,B_batteries,G3-B_batteries-01,T007,4596.220080711731,8817.149572633247,,,NEW-B_batteries-01,procurement_required
P16_25_34,G3,C_batteries,G3-C_batteries-01,T010_1,0.0,3563.4170832737245,,,NEW-C_batteries-01,procurement_required
P16_25_34,G3,C_batteries,G3-C_batteries-02,T010_2,0.0,2880.8082760764496,T018,1596.411804635281,NEW-C_batteries-02,procurement_required
P16_25_34,G3,C_batteries,G3-C_batteries-02,T018,4477.220080711731,9411.383881543894,,,NEW-C_batteries-02,procurement_required
P16_25_34,G3,relay_aircraft,G3-relay_aircraft-01,R001,113.13731944608116,2129.2976388563347,R002,2665.0597608848047,NEW-relay_aircraft-01,procurement_required
P16_25_34,G3,relay_aircraft,G3-relay_aircraft-01,R002,4794.3573997411395,8150.275924236526,,,NEW-relay_aircraft-01,procurement_required
P16_25_34,G3,relay_components,G3-relay_components-01,R001,113.13731944608116,2500.002637752911,R002,2294.3547619882283,RE03,existing
P16_25_34,G3,relay_components,G3-relay_components-01,R002,4794.3573997411395,8687.28771421572,,,RE03,existing
P1_256_34,G1,A_aircraft,G1-A_aircraft-01,T005,0.0,1312.470877312685,,,U01,existing
P1_256_34,G1,C_aircraft,G1-C_aircraft-01,T003,1438.035182877992,2867.4613603954576,T001,18.347015680992172,U07,existing
P1_256_34,G1,C_aircraft,G1-C_aircraft-01,T001,2885.80837607645,4447.234553593915,,,U07,existing
P1_256_34,G1,A_batteries,G1-A_batteries-01,T005,0.0,2178.7887122874713,,,A01,existing
P1_256_34,G1,C_batteries,G1-C_batteries-01,T003,1438.035182877992,4385.641813543676,,,C01,existing
P1_256_34,G1,C_batteries,G1-C_batteries-02,T001,2885.80837607645,6035.901229839401,,,C02,existing
P1_256_34,G2,A_aircraft,G2-A_aircraft-01,T002_2,2048.115373302644,3650.7081092828166,T022,1116.736683419841,U02,existing
P1_256_34,G2,A_aircraft,G2-A_aircraft-01,T022,4767.444792702658,6458.979278941607,,,U02,existing
P1_256_34,G2,A_aircraft,G2-A_aircraft-02,T017,2048.115373302644,4391.962448014616,,,U03,existing
P1_256_34,G2,A_aircraft,G2-A_aircraft-03,T011,2058.1153733026445,4188.754462062227,,,U04,existing
P1_256_34,G2,A_aircraft,G2-A_aircraft-04,T014_2,2638.4852917296735,4762.444692702658,,,NEW-A_aircraft-01,procurement_required
P1_256_34,G2,B_aircraft,G2-B_aircraft-01,T006,0.0,1189.630285736439,T008,794.485087566205,U05,existing
P1_256_34,G2,B_aircraft,G2-B_aircraft-01,T008,1984.115373302644,3828.6542634582115,T021,1367.3304950791276,U05,existing
P1_256_34,G2,B_aircraft,G2-B_aircraft-01,T021,5195.984758537339,7094.0260300243335,,,U05,existing
P1_256_34,G2,B_aircraft,G2-B_aircraft-02,T004,1194.630385736439,3227.943287050344,T013,5.000100000000202,U06,existing
P1_256_34,G2,B_aircraft,G2-B_aircraft-02,T013,3232.9433870503444,5190.984658537339,,,U06,existing
P1_256_34,G2,C_aircraft,G2-C_aircraft-01,T015,2076.1153733026445,3744.0155776451697,T019_2,708.2190759487462,U08,existing
P1_256_34,G2,C_aircraft,G2-C_aircraft-01,T019_2,4452.234653593916,6691.4187185617575,T012,5.000099999999293,U08,existing
P1_256_34,G2,C_aircraft,G2-C_aircraft-01,T012,6696.418818561757,8811.50045984021,,,U08,existing
P1_256_34,G2,A_batteries,G2-A_batteries-01,T002_2,2048.115373302644,4715.175270999501,T022,52.2695217031569,A02,existing
P1_256_34,G2,A_batteries,G2-A_batteries-01,T022,4767.444792702658,7634.473785621062,,,A02,existing
P1_256_34,G2,A_batteries,G2-A_batteries-02,T017,2048.115373302644,5755.52643126419,,,A03,existing
P1_256_34,G2,A_batteries,G2-A_batteries-03,T011,2058.1153733026445,5546.53945703066,,,A04,existing
P1_256_34,G2,A_batteries,G2-A_batteries-04,T014_2,2638.4852917296735,6105.968766534681,,,A05,existing
P1_256_34,G2,B_batteries,G2-B_batteries-01,T006,0.0,2323.07116269932,T013,909.8722243510242,B01,existing
P1_256_34,G2,B_batteries,G2-B_batteries-01,T013,3232.9433870503444,7150.230286022929,,,B01,existing
P1_256_34,G2,B_batteries,G2-B_batteries-02,T004,1194.630385736439,4994.129999948263,T021,201.85475858907648,B02,existing
P1_256_34,G2,B_batteries,G2-B_batteries-02,T021,5195.984758537339,8961.208181941944,,,B02,existing
P1_256_34,G2,B_batteries,G2-B_batteries-03,T008,1984.115373302644,5417.316226537593,,,B03,existing
P1_256_34,G2,C_batteries,G2-C_batteries-01,T015,2076.1153733026445,5451.076587273992,T012,1245.3422312877647,C03,existing
P1_256_34,G2,C_batteries,G2-C_batteries-01,T012,6696.418818561757,11304.166177291878,,,C03,existing
P1_256_34,G2,C_batteries,G2-C_batteries-02,T019_2,4452.234653593916,9160.096499981806,,,C04,existing
P1_256_34,G2,relay_aircraft,G2-relay_aircraft-01,R003,1094.8164843575157,9390.324849711596,,,R01,existing
P1_256_34,G2,relay_aircraft,G2-relay_aircraft-02,R004,2134.297738856335,4789.357299741141,,,R02,existing
P1_256_34,G2,relay_components,G2-relay_components-01,R003,1094.8164843575157,10551.813344790942,,,RE01,existing
P1_256_34,G2,relay_components,G2-relay_components-02,R004,2134.297738856335,5243.065183552219,,,RE02,existing
P1_256_34,G3,A_aircraft,G3-A_aircraft-01,T002_1,0.0,1652.4416357195464,T020,3067.778444992184,NEW-A_aircraft-02,procurement_required
P1_256_34,G3,A_aircraft,G3-A_aircraft-01,T020,4720.220080711731,6690.4299276885495,,,NEW-A_aircraft-02,procurement_required
P1_256_34,G3,A_aircraft,G3-A_aircraft-02,T009,1317.470977312685,2633.4851917296737,T016,1926.734888982056,NEW-A_aircraft-03,procurement_required
P1_256_34,G3,A_aircraft,G3-A_aircraft-02,T016,4560.22008071173,6255.978185380194,T019_1,5.000099999998383,NEW-A_aircraft-03,procurement_required
P1_256_34,G3,A_aircraft,G3-A_aircraft-02,T019_1,6260.978285380193,7896.736390048657,,,NEW-A_aircraft-03,procurement_required
P1_256_34,G3,A_aircraft,G3-A_aircraft-03,T023,5551.539557030659,7187.297661699124,,,NEW-A_aircraft-04,procurement_required
P1_256_34,G3,B_aircraft,G3-B_aircraft-01,T014_1,4.16673174186144e-07,1519.0243448285282,T007,3077.1957358832024,NEW-B_aircraft-01,procurement_required
P1_256_34,G3,B_aircraft,G3-B_aircraft-01,T007,4596.220080711731,6939.352187396264,,,NEW-B_aircraft-01,procurement_required
P1_256_34,G3,C_aircraft,G3-C_aircraft-01,T010_1,0.0,1823.224406150507,,,NEW-C_aircraft-01,procurement_required
P1_256_34,G3,C_aircraft,G3-C_aircraft-02,T010_2,0.0,1433.035082877992,T018,3044.1849978337386,NEW-C_aircraft-02,procurement_required
P1_256_34,G3,C_aircraft,G3-C_aircraft-02,T018,4477.220080711731,6913.029601569379,,,NEW-C_aircraft-02,procurement_required
P1_256_34,G3,A_batteries,G3-A_batteries-01,T002_1,0.0,2667.5322461730734,T023,2884.0073108575857,A06,existing
P1_256_34,G3,A_batteries,G3-A_batteries-01,T023,5551.539557030659,8292.236282374923,,,A06,existing
P1_256_34,G3,A_batteries,G3-A_batteries-02,T009,1317.470977312685,3525.3399936387705,T019_1,2735.638291741422,NEW-A_batteries-01,procurement_required
P1_256_34,G3,A_batteries,G3-A_batteries-02,T019_1,6260.978285380193,8981.354683688944,,,NEW-A_batteries-01,procurement_required
P1_256_34,G3,A_batteries,G3-A_batteries-03,T016,4560.22008071173,7391.954497536396,,,NEW-A_batteries-02,procurement_required
P1_256_34,G3,A_batteries,G3-A_batteries-04,T020,4720.220080711731,7930.430578375625,,,NEW-A_batteries-03,procurement_required
P1_256_34,G3,B_batteries,G3-B_batteries-01,T014_1,4.16673174186144e-07,2956.2905629638744,T007,1639.9295177478562,B04,existing
P1_256_34,G3,B_batteries,G3-B_batteries-01,T007,4596.220080711731,8817.149572633247,,,B04,existing
P1_256_34,G3,C_batteries,G3-C_batteries-01,T010_1,0.0,3563.4170832737245,,,NEW-C_batteries-01,procurement_required
P1_256_34,G3,C_batteries,G3-C_batteries-02,T010_2,0.0,2880.8082760764496,T018,1596.411804635281,NEW-C_batteries-02,procurement_required
P1_256_34,G3,C_batteries,G3-C_batteries-02,T018,4477.220080711731,9411.383881543894,,,NEW-C_batteries-02,procurement_required
P1_256_34,G3,relay_aircraft,G3-relay_aircraft-01,R001,113.13731944608116,2129.2976388563347,R002,2665.0597608848047,NEW-relay_aircraft-01,procurement_required
P1_256_34,G3,relay_aircraft,G3-relay_aircraft-01,R002,4794.3573997411395,8150.275924236526,,,NEW-relay_aircraft-01,procurement_required
P1_256_34,G3,relay_components,G3-relay_components-01,R001,113.13731944608116,2500.002637752911,R002,2294.3547619882283,RE03,existing
P1_256_34,G3,relay_components,G3-relay_components-01,R002,4794.3573997411395,8687.28771421572,,,RE03,existing
P1_25_346,G1,A_aircraft,G1-A_aircraft-01,T005,0.0,1312.470877312685,,,U01,existing
P1_25_346,G1,C_aircraft,G1-C_aircraft-01,T003,1438.035182877992,2867.4613603954576,T001,18.347015680992172,U07,existing
P1_25_346,G1,C_aircraft,G1-C_aircraft-01,T001,2885.80837607645,4447.234553593915,,,U07,existing
P1_25_346,G1,A_batteries,G1-A_batteries-01,T005,0.0,2178.7887122874713,,,A01,existing
P1_25_346,G1,C_batteries,G1-C_batteries-01,T003,1438.035182877992,4385.641813543676,,,C01,existing
P1_25_346,G1,C_batteries,G1-C_batteries-02,T001,2885.80837607645,6035.901229839401,,,C02,existing
P1_25_346,G2,A_aircraft,G2-A_aircraft-01,T002_2,2048.115373302644,3650.7081092828166,T022,1116.736683419841,U02,existing
P1_25_346,G2,A_aircraft,G2-A_aircraft-01,T022,4767.444792702658,6458.979278941607,,,U02,existing
P1_25_346,G2,A_aircraft,G2-A_aircraft-02,T017,2048.115373302644,4391.962448014616,,,U03,existing
P1_25_346,G2,A_aircraft,G2-A_aircraft-03,T011,2058.1153733026445,4188.754462062227,,,U04,existing
P1_25_346,G2,A_aircraft,G2-A_aircraft-04,T014_2,2638.4852917296735,4762.444692702658,,,NEW-A_aircraft-01,procurement_required
P1_25_346,G2,B_aircraft,G2-B_aircraft-01,T004,1194.630385736439,3227.943287050344,T013,5.000100000000202,U05,existing
P1_25_346,G2,B_aircraft,G2-B_aircraft-01,T013,3232.9433870503444,5190.984658537339,,,U05,existing
P1_25_346,G2,B_aircraft,G2-B_aircraft-02,T008,1984.115373302644,3828.6542634582115,T021,1367.3304950791276,U06,existing
P1_25_346,G2,B_aircraft,G2-B_aircraft-02,T021,5195.984758537339,7094.0260300243335,,,U06,existing
P1_25_346,G2,C_aircraft,G2-C_aircraft-01,T015,2076.1153733026445,3744.0155776451697,T019_2,708.2190759487462,U08,existing
P1_25_346,G2,C_aircraft,G2-C_aircraft-01,T019_2,4452.234653593916,6691.4187185617575,T012,5.000099999999293,U08,existing
P1_25_346,G2,C_aircraft,G2-C_aircraft-01,T012,6696.418818561757,8811.50045984021,,,U08,existing
P1_25_346,G2,A_batteries,G2-A_batteries-01,T002_2,2048.115373302644,4715.175270999501,T022,52.2695217031569,A02,existing
P1_25_346,G2,A_batteries,G2-A_batteries-01,T022,4767.444792702658,7634.473785621062,,,A02,existing
P1_25_346,G2,A_batteries,G2-A_batteries-02,T017,2048.115373302644,5755.52643126419,,,A03,existing
P1_25_346,G2,A_batteries,G2-A_batteries-03,T011,2058.1153733026445,5546.53945703066,,,A04,existing
P1_25_346,G2,A_batteries,G2-A_batteries-04,T014_2,2638.4852917296735,6105.968766534681,,,A05,existing
P1_25_346,G2,B_batteries,G2-B_batteries-01,T004,1194.630385736439,4994.129999948263,T021,201.85475858907648,B01,existing
P1_25_346,G2,B_batteries,G2-B_batteries-01,T021,5195.984758537339,8961.208181941944,,,B01,existing
P1_25_346,G2,B_batteries,G2-B_batteries-02,T008,1984.115373302644,5417.316226537593,,,B02,existing
P1_25_346,G2,B_batteries,G2-B_batteries-03,T013,3232.9433870503444,7150.230286022929,,,B03,existing
P1_25_346,G2,C_batteries,G2-C_batteries-01,T015,2076.1153733026445,5451.076587273992,T012,1245.3422312877647,C03,existing
P1_25_346,G2,C_batteries,G2-C_batteries-01,T012,6696.418818561757,11304.166177291878,,,C03,existing
P1_25_346,G2,C_batteries,G2-C_batteries-02,T019_2,4452.234653593916,9160.096499981806,,,C04,existing
P1_25_346,G2,relay_aircraft,G2-relay_aircraft-01,R003,1094.8164843575157,9390.324849711596,,,R01,existing
P1_25_346,G2,relay_aircraft,G2-relay_aircraft-02,R004,2134.297738856335,4789.357299741141,,,R02,existing
P1_25_346,G2,relay_components,G2-relay_components-01,R003,1094.8164843575157,10551.813344790942,,,RE01,existing
P1_25_346,G2,relay_components,G2-relay_components-02,R004,2134.297738856335,5243.065183552219,,,RE02,existing
P1_25_346,G3,A_aircraft,G3-A_aircraft-01,T002_1,0.0,1652.4416357195464,T020,3067.778444992184,NEW-A_aircraft-02,procurement_required
P1_25_346,G3,A_aircraft,G3-A_aircraft-01,T020,4720.220080711731,6690.4299276885495,,,NEW-A_aircraft-02,procurement_required
P1_25_346,G3,A_aircraft,G3-A_aircraft-02,T009,1317.470977312685,2633.4851917296737,T016,1926.734888982056,NEW-A_aircraft-03,procurement_required
P1_25_346,G3,A_aircraft,G3-A_aircraft-02,T016,4560.22008071173,6255.978185380194,T019_1,5.000099999998383,NEW-A_aircraft-03,procurement_required
P1_25_346,G3,A_aircraft,G3-A_aircraft-02,T019_1,6260.978285380193,7896.736390048657,,,NEW-A_aircraft-03,procurement_required
P1_25_346,G3,A_aircraft,G3-A_aircraft-03,T023,5551.539557030659,7187.297661699124,,,NEW-A_aircraft-04,procurement_required
P1_25_346,G3,B_aircraft,G3-B_aircraft-01,T006,0.0,1189.630285736439,T007,3406.5897949752916,NEW-B_aircraft-01,procurement_required
P1_25_346,G3,B_aircraft,G3-B_aircraft-01,T007,4596.220080711731,6939.352187396264,,,NEW-B_aircraft-01,procurement_required
P1_25_346,G3,B_aircraft,G3-B_aircraft-02,T014_1,4.16673174186144e-07,1519.0243448285282,,,NEW-B_aircraft-02,procurement_required
P1_25_346,G3,C_aircraft,G3-C_aircraft-01,T010_1,0.0,1823.224406150507,,,NEW-C_aircraft-01,procurement_required
P1_25_346,G3,C_aircraft,G3-C_aircraft-02,T010_2,0.0,1433.035082877992,T018,3044.1849978337386,NEW-C_aircraft-02,procurement_required
P1_25_346,G3,C_aircraft,G3-C_aircraft-02,T018,4477.220080711731,6913.029601569379,,,NEW-C_aircraft-02,procurement_required
P1_25_346,G3,A_batteries,G3-A_batteries-01,T002_1,0.0,2667.5322461730734,T023,2884.0073108575857,A06,existing
P1_25_346,G3,A_batteries,G3-A_batteries-01,T023,5551.539557030659,8292.236282374923,,,A06,existing
P1_25_346,G3,A_batteries,G3-A_batteries-02,T009,1317.470977312685,3525.3399936387705,T019_1,2735.638291741422,NEW-A_batteries-01,procurement_required
P1_25_346,G3,A_batteries,G3-A_batteries-02,T019_1,6260.978285380193,8981.354683688944,,,NEW-A_batteries-01,procurement_required
P1_25_346,G3,A_batteries,G3-A_batteries-03,T016,4560.22008071173,7391.954497536396,,,NEW-A_batteries-02,procurement_required
P1_25_346,G3,A_batteries,G3-A_batteries-04,T020,4720.220080711731,7930.430578375625,,,NEW-A_batteries-03,procurement_required
P1_25_346,G3,B_batteries,G3-B_batteries-01,T006,0.0,2323.07116269932,T007,2273.1489180124104,B04,existing
P1_25_346,G3,B_batteries,G3-B_batteries-01,T007,4596.220080711731,8817.149572633247,,,B04,existing
P1_25_346,G3,B_batteries,G3-B_batteries-02,T014_1,4.16673174186144e-07,2956.2905629638744,,,NEW-B_batteries-01,procurement_required
P1_25_346,G3,C_batteries,G3-C_batteries-01,T010_1,0.0,3563.4170832737245,,,NEW-C_batteries-01,procurement_required
P1_25_346,G3,C_batteries,G3-C_batteries-02,T010_2,0.0,2880.8082760764496,T018,1596.411804635281,NEW-C_batteries-02,procurement_required
P1_25_346,G3,C_batteries,G3-C_batteries-02,T018,4477.220080711731,9411.383881543894,,,NEW-C_batteries-02,procurement_required
P1_25_346,G3,relay_aircraft,G3-relay_aircraft-01,R001,113.13731944608116,2129.2976388563347,R002,2665.0597608848047,NEW-relay_aircraft-01,procurement_required
P1_25_346,G3,relay_aircraft,G3-relay_aircraft-01,R002,4794.3573997411395,8150.275924236526,,,NEW-relay_aircraft-01,procurement_required
P1_25_346,G3,relay_components,G3-relay_components-01,R001,113.13731944608116,2500.002637752911,R002,2294.3547619882283,RE03,existing
P1_25_346,G3,relay_components,G3-relay_components-01,R002,4794.3573997411395,8687.28771421572,,,RE03,existing
P16_2_345,G1,A_aircraft,G1-A_aircraft-01,T005,0.0,1312.470877312685,,,U01,existing
P16_2_345,G1,B_aircraft,G1-B_aircraft-01,T006,0.0,1189.630285736439,,,U05,existing
P16_2_345,G1,C_aircraft,G1-C_aircraft-01,T003,1438.035182877992,2867.4613603954576,T001,18.347015680992172,U07,existing
P16_2_345,G1,C_aircraft,G1-C_aircraft-01,T001,2885.80837607645,4447.234553593915,,,U07,existing
P16_2_345,G1,A_batteries,G1-A_batteries-01,T005,0.0,2178.7887122874713,,,A01,existing
P16_2_345,G1,B_batteries,G1-B_batteries-01,T006,0.0,2323.07116269932,,,B01,existing
P16_2_345,G1,C_batteries,G1-C_batteries-01,T003,1438.035182877992,4385.641813543676,,,C01,existing
P16_2_345,G1,C_batteries,G1-C_batteries-02,T001,2885.80837607645,6035.901229839401,,,C02,existing
P16_2_345,G2,A_aircraft,G2-A_aircraft-01,T014_2,2638.4852917296735,4762.444692702658,T022,5.000099999999293,U02,existing
P16_2_345,G2,A_aircraft,G2-A_aircraft-01,T022,4767.444792702658,6458.979278941607,,,U02,existing
P16_2_345,G2,B_aircraft,G2-B_aircraft-01,T004,1194.630385736439,3227.943287050344,T013,5.000100000000202,U06,existing
P16_2_345,G2,B_aircraft,G2-B_aircraft-01,T013,3232.9433870503444,5190.984658537339,T021,5.000100000000202,U06,existing
P16_2_345,G2,B_aircraft,G2-B_aircraft-01,T021,5195.984758537339,7094.0260300243335,,,U06,existing
P16_2_345,G2,C_aircraft,G2-C_aircraft-01,T019_2,4452.234653593916,6691.4187185617575,T012,5.000099999999293,U08,existing
P16_2_345,G2,C_aircraft,G2-C_aircraft-01,T012,6696.418818561757,8811.50045984021,,,U08,existing
P16_2_345,G2,A_batteries,G2-A_batteries-01,T014_2,2638.4852917296735,6105.968766534681,,,A02,existing
P16_2_345,G2,A_batteries,G2-A_batteries-02,T022,4767.444792702658,7634.473785621062,,,A03,existing
P16_2_345,G2,B_batteries,G2-B_batteries-01,T004,1194.630385736439,4994.129999948263,T021,201.85475858907648,B02,existing
P16_2_345,G2,B_batteries,G2-B_batteries-01,T021,5195.984758537339,8961.208181941944,,,B02,existing
P16_2_345,G2,B_batteries,G2-B_batteries-02,T013,3232.9433870503444,7150.230286022929,,,B03,existing
P16_2_345,G2,C_batteries,G2-C_batteries-01,T019_2,4452.234653593916,9160.096499981806,,,C03,existing
P16_2_345,G2,C_batteries,G2-C_batteries-02,T012,6696.418818561757,11304.166177291878,,,C04,existing
P16_2_345,G2,relay_aircraft,G2-relay_aircraft-01,R003,1094.8164843575157,9390.324849711596,,,R01,existing
P16_2_345,G2,relay_components,G2-relay_components-01,R003,1094.8164843575157,10551.813344790942,,,RE01,existing
P16_2_345,G3,A_aircraft,G3-A_aircraft-01,T002_1,0.0,1652.4416357195464,T011,405.67373758309805,U03,existing
P16_2_345,G3,A_aircraft,G3-A_aircraft-01,T011,2058.1153733026445,4188.754462062227,T019_1,2072.223823317966,U03,existing
P16_2_345,G3,A_aircraft,G3-A_aircraft-01,T019_1,6260.978285380193,7896.736390048657,,,U03,existing
P16_2_345,G3,A_aircraft,G3-A_aircraft-02,T009,1317.470977312685,2633.4851917296737,T020,2086.734888982057,U04,existing
P16_2_345,G3,A_aircraft,G3-A_aircraft-02,T020,4720.220080711731,6690.4299276885495,,,U04,existing
P16_2_345,G3,A_aircraft,G3-A_aircraft-03,T002_2,2048.115373302644,3650.7081092828166,T016,909.5119714289131,NEW-A_aircraft-01,procurement_required
P16_2_345,G3,A_aircraft,G3-A_aircraft-03,T016,4560.22008071173,6255.978185380194,,,NEW-A_aircraft-01,procurement_required
P16_2_345,G3,A_aircraft,G3-A_aircraft-04,T017,2048.115373302644,4391.962448014616,T023,1159.5771090160433,NEW-A_aircraft-02,procurement_required
P16_2_345,G3,A_aircraft,G3-A_aircraft-04,T023,5551.539557030659,7187.297661699124,,,NEW-A_aircraft-02,procurement_required
P16_2_345,G3,B_aircraft,G3-B_aircraft-01,T014_1,4.16673174186144e-07,1519.0243448285282,T008,465.0910284741158,NEW-B_aircraft-01,procurement_required
P16_2_345,G3,B_aircraft,G3-B_aircraft-01,T008,1984.115373302644,3828.6542634582115,T007,767.5658172535191,NEW-B_aircraft-01,procurement_required
P16_2_345,G3,B_aircraft,G3-B_aircraft-01,T007,4596.220080711731,6939.352187396264,,,NEW-B_aircraft-01,procurement_required
P16_2_345,G3,C_aircraft,G3-C_aircraft-01,T010_1,0.0,1823.224406150507,T018,2653.9956745612235,NEW-C_aircraft-01,procurement_required
P16_2_345,G3,C_aircraft,G3-C_aircraft-01,T018,4477.220080711731,6913.029601569379,,,NEW-C_aircraft-01,procurement_required
P16_2_345,G3,C_aircraft,G3-C_aircraft-02,T010_2,0.0,1433.035082877992,T015,643.0802904246525,NEW-C_aircraft-02,procurement_required
P16_2_345,G3,C_aircraft,G3-C_aircraft-02,T015,2076.1153733026445,3744.0155776451697,,,NEW-C_aircraft-02,procurement_required
P16_2_345,G3,A_batteries,G3-A_batteries-01,T002_1,0.0,2667.5322461730734,T020,2052.687834538657,A04,existing
P16_2_345,G3,A_batteries,G3-A_batteries-01,T020,4720.220080711731,7930.430578375625,,,A04,existing
P16_2_345,G3,A_batteries,G3-A_batteries-02,T009,1317.470977312685,3525.3399936387705,T016,1034.8800870729592,A05,existing
P16_2_345,G3,A_batteries,G3-A_batteries-02,T016,4560.22008071173,7391.954497536396,,,A05,existing
P16_2_345,G3,A_batteries,G3-A_batteries-03,T002_2,2048.115373302644,4715.175270999501,T023,836.3642860311584,A06,existing
P16_2_345,G3,A_batteries,G3-A_batteries-03,T023,5551.539557030659,8292.236282374923,,,A06,existing
P16_2_345,G3,A_batteries,G3-A_batteries-04,T017,2048.115373302644,5755.52643126419,,,NEW-A_batteries-01,procurement_required
P16_2_345,G3,A_batteries,G3-A_batteries-05,T011,2058.1153733026445,5546.53945703066,T019_1,714.4388283495327,NEW-A_batteries-02,procurement_required
P16_2_345,G3,A_batteries,G3-A_batteries-05,T019_1,6260.978285380193,8981.354683688944,,,NEW-A_batteries-02,procurement_required
P16_2_345,G3,B_batteries,G3-B_batteries-01,T014_1,4.16673174186144e-07,2956.2905629638744,T007,1639.9295177478562,B04,existing
P16_2_345,G3,B_batteries,G3-B_batteries-01,T007,4596.220080711731,8817.149572633247,,,B04,existing
P16_2_345,G3,B_batteries,G3-B_batteries-02,T008,1984.115373302644,5417.316226537593,,,NEW-B_batteries-01,procurement_required
P16_2_345,G3,C_batteries,G3-C_batteries-01,T010_1,0.0,3563.4170832737245,,,NEW-C_batteries-01,procurement_required
P16_2_345,G3,C_batteries,G3-C_batteries-02,T010_2,0.0,2880.8082760764496,T018,1596.411804635281,NEW-C_batteries-02,procurement_required
P16_2_345,G3,C_batteries,G3-C_batteries-02,T018,4477.220080711731,9411.383881543894,,,NEW-C_batteries-02,procurement_required
P16_2_345,G3,C_batteries,G3-C_batteries-03,T015,2076.1153733026445,5451.076587273992,,,NEW-C_batteries-03,procurement_required
P16_2_345,G3,relay_aircraft,G3-relay_aircraft-01,R001,113.13731944608116,2129.2976388563347,R004,5.000100000000202,R02,existing
P16_2_345,G3,relay_aircraft,G3-relay_aircraft-01,R004,2134.297738856335,4789.357299741141,R002,5.000099999998383,R02,existing
P16_2_345,G3,relay_aircraft,G3-relay_aircraft-01,R002,4794.3573997411395,8150.275924236526,,,R02,existing
P16_2_345,G3,relay_components,G3-relay_components-01,R001,113.13731944608116,2500.002637752911,R002,2294.3547619882283,RE02,existing
P16_2_345,G3,relay_components,G3-relay_components-01,R002,4794.3573997411395,8687.28771421572,,,RE02,existing
P16_2_345,G3,relay_components,G3-relay_components-02,R004,2134.297738856335,5243.065183552219,,,RE03,existing
P1_26_345,G1,A_aircraft,G1-A_aircraft-01,T005,0.0,1312.470877312685,,,U01,existing
P1_26_345,G1,C_aircraft,G1-C_aircraft-01,T003,1438.035182877992,2867.4613603954576,T001,18.347015680992172,U07,existing
P1_26_345,G1,C_aircraft,G1-C_aircraft-01,T001,2885.80837607645,4447.234553593915,,,U07,existing
P1_26_345,G1,A_batteries,G1-A_batteries-01,T005,0.0,2178.7887122874713,,,A01,existing
P1_26_345,G1,C_batteries,G1-C_batteries-01,T003,1438.035182877992,4385.641813543676,,,C01,existing
P1_26_345,G1,C_batteries,G1-C_batteries-02,T001,2885.80837607645,6035.901229839401,,,C02,existing
P1_26_345,G2,A_aircraft,G2-A_aircraft-01,T014_2,2638.4852917296735,4762.444692702658,T022,5.000099999999293,U02,existing
P1_26_345,G2,A_aircraft,G2-A_aircraft-01,T022,4767.444792702658,6458.979278941607,,,U02,existing
P1_26_345,G2,B_aircraft,G2-B_aircraft-01,T006,0.0,1189.630285736439,T004,5.000099999999975,U05,existing
P1_26_345,G2,B_aircraft,G2-B_aircraft-01,T004,1194.630385736439,3227.943287050344,T013,5.000100000000202,U05,existing
P1_26_345,G2,B_aircraft,G2-B_aircraft-01,T013,3232.9433870503444,5190.984658537339,T021,5.000100000000202,U05,existing
P1_26_345,G2,B_aircraft,G2-B_aircraft-01,T021,5195.984758537339,7094.0260300243335,,,U05,existing
P1_26_345,G2,C_aircraft,G2-C_aircraft-01,T019_2,4452.234653593916,6691.4187185617575,T012,5.000099999999293,U08,existing
P1_26_345,G2,C_aircraft,G2-C_aircraft-01,T012,6696.418818561757,8811.50045984021,,,U08,existing
P1_26_345,G2,A_batteries,G2-A_batteries-01,T014_2,2638.4852917296735,6105.968766534681,,,A02,existing
P1_26_345,G2,A_batteries,G2-A_batteries-02,T022,4767.444792702658,7634.473785621062,,,A03,existing
P1_26_345,G2,B_batteries,G2-B_batteries-01,T006,0.0,2323.07116269932,T013,909.8722243510242,B01,existing
P1_26_345,G2,B_batteries,G2-B_batteries-01,T013,3232.9433870503444,7150.230286022929,,,B01,existing
P1_26_345,G2,B_batteries,G2-B_batteries-02,T004,1194.630385736439,4994.129999948263,T021,201.85475858907648,B02,existing
P1_26_345,G2,B_batteries,G2-B_batteries-02,T021,5195.984758537339,8961.208181941944,,,B02,existing
P1_26_345,G2,C_batteries,G2-C_batteries-01,T019_2,4452.234653593916,9160.096499981806,,,C03,existing
P1_26_345,G2,C_batteries,G2-C_batteries-02,T012,6696.418818561757,11304.166177291878,,,C04,existing
P1_26_345,G2,relay_aircraft,G2-relay_aircraft-01,R003,1094.8164843575157,9390.324849711596,,,R01,existing
P1_26_345,G2,relay_components,G2-relay_components-01,R003,1094.8164843575157,10551.813344790942,,,RE01,existing
P1_26_345,G3,A_aircraft,G3-A_aircraft-01,T002_1,0.0,1652.4416357195464,T011,405.67373758309805,U03,existing
P1_26_345,G3,A_aircraft,G3-A_aircraft-01,T011,2058.1153733026445,4188.754462062227,T019_1,2072.223823317966,U03,existing
P1_26_345,G3,A_aircraft,G3-A_aircraft-01,T019_1,6260.978285380193,7896.736390048657,,,U03,existing
P1_26_345,G3,A_aircraft,G3-A_aircraft-02,T009,1317.470977312685,2633.4851917296737,T020,2086.734888982057,U04,existing
P1_26_345,G3,A_aircraft,G3-A_aircraft-02,T020,4720.220080711731,6690.4299276885495,,,U04,existing
P1_26_345,G3,A_aircraft,G3-A_aircraft-03,T002_2,2048.115373302644,3650.7081092828166,T016,909.5119714289131,NEW-A_aircraft-01,procurement_required
P1_26_345,G3,A_aircraft,G3-A_aircraft-03,T016,4560.22008071173,6255.978185380194,,,NEW-A_aircraft-01,procurement_required
P1_26_345,G3,A_aircraft,G3-A_aircraft-04,T017,2048.115373302644,4391.962448014616,T023,1159.5771090160433,NEW-A_aircraft-02,procurement_required
P1_26_345,G3,A_aircraft,G3-A_aircraft-04,T023,5551.539557030659,7187.297661699124,,,NEW-A_aircraft-02,procurement_required
P1_26_345,G3,B_aircraft,G3-B_aircraft-01,T014_1,4.16673174186144e-07,1519.0243448285282,T008,465.0910284741158,U06,existing
P1_26_345,G3,B_aircraft,G3-B_aircraft-01,T008,1984.115373302644,3828.6542634582115,T007,767.5658172535191,U06,existing
P1_26_345,G3,B_aircraft,G3-B_aircraft-01,T007,4596.220080711731,6939.352187396264,,,U06,existing
P1_26_345,G3,C_aircraft,G3-C_aircraft-01,T010_1,0.0,1823.224406150507,T018,2653.9956745612235,NEW-C_aircraft-01,procurement_required
P1_26_345,G3,C_aircraft,G3-C_aircraft-01,T018,4477.220080711731,6913.029601569379,,,NEW-C_aircraft-01,procurement_required
P1_26_345,G3,C_aircraft,G3-C_aircraft-02,T010_2,0.0,1433.035082877992,T015,643.0802904246525,NEW-C_aircraft-02,procurement_required
P1_26_345,G3,C_aircraft,G3-C_aircraft-02,T015,2076.1153733026445,3744.0155776451697,,,NEW-C_aircraft-02,procurement_required
P1_26_345,G3,A_batteries,G3-A_batteries-01,T002_1,0.0,2667.5322461730734,T020,2052.687834538657,A04,existing
P1_26_345,G3,A_batteries,G3-A_batteries-01,T020,4720.220080711731,7930.430578375625,,,A04,existing
P1_26_345,G3,A_batteries,G3-A_batteries-02,T009,1317.470977312685,3525.3399936387705,T016,1034.8800870729592,A05,existing
P1_26_345,G3,A_batteries,G3-A_batteries-02,T016,4560.22008071173,7391.954497536396,,,A05,existing
P1_26_345,G3,A_batteries,G3-A_batteries-03,T002_2,2048.115373302644,4715.175270999501,T023,836.3642860311584,A06,existing
P1_26_345,G3,A_batteries,G3-A_batteries-03,T023,5551.539557030659,8292.236282374923,,,A06,existing
P1_26_345,G3,A_batteries,G3-A_batteries-04,T017,2048.115373302644,5755.52643126419,,,NEW-A_batteries-01,procurement_required
P1_26_345,G3,A_batteries,G3-A_batteries-05,T011,2058.1153733026445,5546.53945703066,T019_1,714.4388283495327,NEW-A_batteries-02,procurement_required
P1_26_345,G3,A_batteries,G3-A_batteries-05,T019_1,6260.978285380193,8981.354683688944,,,NEW-A_batteries-02,procurement_required
P1_26_345,G3,B_batteries,G3-B_batteries-01,T014_1,4.16673174186144e-07,2956.2905629638744,T007,1639.9295177478562,B03,existing
P1_26_345,G3,B_batteries,G3-B_batteries-01,T007,4596.220080711731,8817.149572633247,,,B03,existing
P1_26_345,G3,B_batteries,G3-B_batteries-02,T008,1984.115373302644,5417.316226537593,,,B04,existing
P1_26_345,G3,C_batteries,G3-C_batteries-01,T010_1,0.0,3563.4170832737245,,,NEW-C_batteries-01,procurement_required
P1_26_345,G3,C_batteries,G3-C_batteries-02,T010_2,0.0,2880.8082760764496,T018,1596.411804635281,NEW-C_batteries-02,procurement_required
P1_26_345,G3,C_batteries,G3-C_batteries-02,T018,4477.220080711731,9411.383881543894,,,NEW-C_batteries-02,procurement_required
P1_26_345,G3,C_batteries,G3-C_batteries-03,T015,2076.1153733026445,5451.076587273992,,,NEW-C_batteries-03,procurement_required
P1_26_345,G3,relay_aircraft,G3-relay_aircraft-01,R001,113.13731944608116,2129.2976388563347,R004,5.000100000000202,R02,existing
P1_26_345,G3,relay_aircraft,G3-relay_aircraft-01,R004,2134.297738856335,4789.357299741141,R002,5.000099999998383,R02,existing
P1_26_345,G3,relay_aircraft,G3-relay_aircraft-01,R002,4794.3573997411395,8150.275924236526,,,R02,existing
P1_26_345,G3,relay_components,G3-relay_components-01,R001,113.13731944608116,2500.002637752911,R002,2294.3547619882283,RE02,existing
P1_26_345,G3,relay_components,G3-relay_components-01,R002,4794.3573997411395,8687.28771421572,,,RE02,existing
P1_26_345,G3,relay_components,G3-relay_components-02,R004,2134.297738856335,5243.065183552219,,,RE03,existing
P1_2_3456,G1,A_aircraft,G1-A_aircraft-01,T005,0.0,1312.470877312685,,,U01,existing
P1_2_3456,G1,C_aircraft,G1-C_aircraft-01,T003,1438.035182877992,2867.4613603954576,T001,18.347015680992172,U07,existing
P1_2_3456,G1,C_aircraft,G1-C_aircraft-01,T001,2885.80837607645,4447.234553593915,,,U07,existing
P1_2_3456,G1,A_batteries,G1-A_batteries-01,T005,0.0,2178.7887122874713,,,A01,existing
P1_2_3456,G1,C_batteries,G1-C_batteries-01,T003,1438.035182877992,4385.641813543676,,,C01,existing
P1_2_3456,G1,C_batteries,G1-C_batteries-02,T001,2885.80837607645,6035.901229839401,,,C02,existing
P1_2_3456,G2,A_aircraft,G2-A_aircraft-01,T014_2,2638.4852917296735,4762.444692702658,T022,5.000099999999293,U02,existing
P1_2_3456,G2,A_aircraft,G2-A_aircraft-01,T022,4767.444792702658,6458.979278941607,,,U02,existing
P1_2_3456,G2,B_aircraft,G2-B_aircraft-01,T004,1194.630385736439,3227.943287050344,T013,5.000100000000202,U05,existing
P1_2_3456,G2,B_aircraft,G2-B_aircraft-01,T013,3232.9433870503444,5190.984658537339,T021,5.000100000000202,U05,existing
P1_2_3456,G2,B_aircraft,G2-B_aircraft-01,T021,5195.984758537339,7094.0260300243335,,,U05,existing
P1_2_3456,G2,C_aircraft,G2-C_aircraft-01,T019_2,4452.234653593916,6691.4187185617575,T012,5.000099999999293,U08,existing
P1_2_3456,G2,C_aircraft,G2-C_aircraft-01,T012,6696.418818561757,8811.50045984021,,,U08,existing
P1_2_3456,G2,A_batteries,G2-A_batteries-01,T014_2,2638.4852917296735,6105.968766534681,,,A02,existing
P1_2_3456,G2,A_batteries,G2-A_batteries-02,T022,4767.444792702658,7634.473785621062,,,A03,existing
P1_2_3456,G2,B_batteries,G2-B_batteries-01,T004,1194.630385736439,4994.129999948263,T021,201.85475858907648,B01,existing
P1_2_3456,G2,B_batteries,G2-B_batteries-01,T021,5195.984758537339,8961.208181941944,,,B01,existing
P1_2_3456,G2,B_batteries,G2-B_batteries-02,T013,3232.9433870503444,7150.230286022929,,,B02,existing
P1_2_3456,G2,C_batteries,G2-C_batteries-01,T019_2,4452.234653593916,9160.096499981806,,,C03,existing
P1_2_3456,G2,C_batteries,G2-C_batteries-02,T012,6696.418818561757,11304.166177291878,,,C04,existing
P1_2_3456,G2,relay_aircraft,G2-relay_aircraft-01,R003,1094.8164843575157,9390.324849711596,,,R01,existing
P1_2_3456,G2,relay_components,G2-relay_components-01,R003,1094.8164843575157,10551.813344790942,,,RE01,existing
P1_2_3456,G3,A_aircraft,G3-A_aircraft-01,T002_1,0.0,1652.4416357195464,T011,405.67373758309805,U03,existing
P1_2_3456,G3,A_aircraft,G3-A_aircraft-01,T011,2058.1153733026445,4188.754462062227,T019_1,2072.223823317966,U03,existing
P1_2_3456,G3,A_aircraft,G3-A_aircraft-01,T019_1,6260.978285380193,7896.736390048657,,,U03,existing
P1_2_3456,G3,A_aircraft,G3-A_aircraft-02,T009,1317.470977312685,2633.4851917296737,T020,2086.734888982057,U04,existing
P1_2_3456,G3,A_aircraft,G3-A_aircraft-02,T020,4720.220080711731,6690.4299276885495,,,U04,existing
P1_2_3456,G3,A_aircraft,G3-A_aircraft-03,T002_2,2048.115373302644,3650.7081092828166,T016,909.5119714289131,NEW-A_aircraft-01,procurement_required
P1_2_3456,G3,A_aircraft,G3-A_aircraft-03,T016,4560.22008071173,6255.978185380194,,,NEW-A_aircraft-01,procurement_required
P1_2_3456,G3,A_aircraft,G3-A_aircraft-04,T017,2048.115373302644,4391.962448014616,T023,1159.5771090160433,NEW-A_aircraft-02,procurement_required
P1_2_3456,G3,A_aircraft,G3-A_aircraft-04,T023,5551.539557030659,7187.297661699124,,,NEW-A_aircraft-02,procurement_required
P1_2_3456,G3,B_aircraft,G3-B_aircraft-01,T006,0.0,1189.630285736439,T008,794.485087566205,U06,existing
P1_2_3456,G3,B_aircraft,G3-B_aircraft-01,T008,1984.115373302644,3828.6542634582115,,,U06,existing
P1_2_3456,G3,B_aircraft,G3-B_aircraft-02,T014_1,4.16673174186144e-07,1519.0243448285282,T007,3077.1957358832024,NEW-B_aircraft-01,procurement_required
P1_2_3456,G3,B_aircraft,G3-B_aircraft-02,T007,4596.220080711731,6939.352187396264,,,NEW-B_aircraft-01,procurement_required
P1_2_3456,G3,C_aircraft,G3-C_aircraft-01,T010_1,0.0,1823.224406150507,T018,2653.9956745612235,NEW-C_aircraft-01,procurement_required
P1_2_3456,G3,C_aircraft,G3-C_aircraft-01,T018,4477.220080711731,6913.029601569379,,,NEW-C_aircraft-01,procurement_required
P1_2_3456,G3,C_aircraft,G3-C_aircraft-02,T010_2,0.0,1433.035082877992,T015,643.0802904246525,NEW-C_aircraft-02,procurement_required
P1_2_3456,G3,C_aircraft,G3-C_aircraft-02,T015,2076.1153733026445,3744.0155776451697,,,NEW-C_aircraft-02,procurement_required
P1_2_3456,G3,A_batteries,G3-A_batteries-01,T002_1,0.0,2667.5322461730734,T020,2052.687834538657,A04,existing
P1_2_3456,G3,A_batteries,G3-A_batteries-01,T020,4720.220080711731,7930.430578375625,,,A04,existing
P1_2_3456,G3,A_batteries,G3-A_batteries-02,T009,1317.470977312685,3525.3399936387705,T016,1034.8800870729592,A05,existing
P1_2_3456,G3,A_batteries,G3-A_batteries-02,T016,4560.22008071173,7391.954497536396,,,A05,existing
P1_2_3456,G3,A_batteries,G3-A_batteries-03,T002_2,2048.115373302644,4715.175270999501,T023,836.3642860311584,A06,existing
P1_2_3456,G3,A_batteries,G3-A_batteries-03,T023,5551.539557030659,8292.236282374923,,,A06,existing
P1_2_3456,G3,A_batteries,G3-A_batteries-04,T017,2048.115373302644,5755.52643126419,,,NEW-A_batteries-01,procurement_required
P1_2_3456,G3,A_batteries,G3-A_batteries-05,T011,2058.1153733026445,5546.53945703066,T019_1,714.4388283495327,NEW-A_batteries-02,procurement_required
P1_2_3456,G3,A_batteries,G3-A_batteries-05,T019_1,6260.978285380193,8981.354683688944,,,NEW-A_batteries-02,procurement_required
P1_2_3456,G3,B_batteries,G3-B_batteries-01,T006,0.0,2323.07116269932,T007,2273.1489180124104,B03,existing
P1_2_3456,G3,B_batteries,G3-B_batteries-01,T007,4596.220080711731,8817.149572633247,,,B03,existing
P1_2_3456,G3,B_batteries,G3-B_batteries-02,T014_1,4.16673174186144e-07,2956.2905629638744,,,B04,existing
P1_2_3456,G3,B_batteries,G3-B_batteries-03,T008,1984.115373302644,5417.316226537593,,,NEW-B_batteries-01,procurement_required
P1_2_3456,G3,C_batteries,G3-C_batteries-01,T010_1,0.0,3563.4170832737245,,,NEW-C_batteries-01,procurement_required
P1_2_3456,G3,C_batteries,G3-C_batteries-02,T010_2,0.0,2880.8082760764496,T018,1596.411804635281,NEW-C_batteries-02,procurement_required
P1_2_3456,G3,C_batteries,G3-C_batteries-02,T018,4477.220080711731,9411.383881543894,,,NEW-C_batteries-02,procurement_required
P1_2_3456,G3,C_batteries,G3-C_batteries-03,T015,2076.1153733026445,5451.076587273992,,,NEW-C_batteries-03,procurement_required
P1_2_3456,G3,relay_aircraft,G3-relay_aircraft-01,R001,113.13731944608116,2129.2976388563347,R004,5.000100000000202,R02,existing
P1_2_3456,G3,relay_aircraft,G3-relay_aircraft-01,R004,2134.297738856335,4789.357299741141,R002,5.000099999998383,R02,existing
P1_2_3456,G3,relay_aircraft,G3-relay_aircraft-01,R002,4794.3573997411395,8150.275924236526,,,R02,existing
P1_2_3456,G3,relay_components,G3-relay_components-01,R001,113.13731944608116,2500.002637752911,R002,2294.3547619882283,RE02,existing
P1_2_3456,G3,relay_components,G3-relay_components-01,R002,4794.3573997411395,8687.28771421572,,,RE02,existing
P1_2_3456,G3,relay_components,G3-relay_components-02,R004,2134.297738856335,5243.065183552219,,,RE03,existing
