partition,group,resource_type,resource_id,task,start,release,next_task,handoff_slack_seconds,physical_id,inventory_status
P12345_6,G1,A_aircraft,G1-A_aircraft-01,T002_1,0.0,1652.4416357195464,T011,405.67373758309304,U01,existing
P12345_6,G1,A_aircraft,G1-A_aircraft-01,T011,2058.1153733026395,4188.754462062222,T007,144.11096689424357,U01,existing
P12345_6,G1,A_aircraft,G1-A_aircraft-01,T007,4332.865428956466,6940.9063260653875,T019_1,748.4755122280048,U01,existing
P12345_6,G1,A_aircraft,G1-A_aircraft-01,T019_1,7689.381838293392,9325.139942961858,,,U01,existing
P12345_6,G1,A_aircraft,G1-A_aircraft-02,T009,0.0,1316.0142144169886,T002_2,896.854901909097,U02,existing
P12345_6,G1,A_aircraft,G1-A_aircraft-02,T002_2,2212.8691163260855,3815.461852306258,T016,542.4035766502066,U02,existing
P12345_6,G1,A_aircraft,G1-A_aircraft-02,T016,4357.865428956465,6053.623533624929,T020,887.2828924404594,U02,existing
P12345_6,G1,A_aircraft,G1-A_aircraft-02,T020,6940.906426065389,8911.116273042207,,,U02,existing
P12345_6,G1,A_aircraft,G1-A_aircraft-03,T014_1,0.0,1695.7581046684645,T023,4357.865528956465,U03,existing
P12345_6,G1,A_aircraft,G1-A_aircraft-03,T023,6053.623633624929,7689.381738293394,T017,80.07023122006649,U03,existing
P12345_6,G1,A_aircraft,G1-A_aircraft-03,T017,7769.45196951346,10113.299044225432,,,U03,existing
P12345_6,G1,B_aircraft,G1-B_aircraft-01,T005,0.0,1210.3573074816584,T008,1138.4034140657216,U05,existing
P12345_6,G1,B_aircraft,G1-B_aircraft-01,T008,2348.76072154738,4193.299611702947,T014_2,1366.428592214369,U05,existing
P12345_6,G1,B_aircraft,G1-B_aircraft-01,T014_2,5559.728203917316,7425.499213465236,,,U05,existing
P12345_6,G1,B_aircraft,G1-B_aircraft-02,T013,2.631913957884535e-07,1958.0412717501863,T015,139.07410155245316,U06,existing
P12345_6,G1,B_aircraft,G1-B_aircraft-02,T015,2097.1153733026395,3651.686732430321,T021,5.000100000001112,U06,existing
P12345_6,G1,B_aircraft,G1-B_aircraft-02,T021,3656.6868324303223,5554.728103917317,T022,4158.765374611327,U06,existing
P12345_6,G1,B_aircraft,G1-B_aircraft-02,T022,9713.493478528644,11214.272215143501,,,U06,existing
P12345_6,G1,C_aircraft,G1-C_aircraft-01,T003,0.0,1429.4261775174655,T004,5.000099999999975,U07,existing
P12345_6,G1,C_aircraft,G1-C_aircraft-01,T004,1434.4262775174655,3604.9947859277245,T012,5.000100000002021,U07,existing
P12345_6,G1,C_aircraft,G1-C_aircraft-01,T012,3609.9948859277265,5725.07652720618,T018,32.01343070994517,U07,existing
P12345_6,G1,C_aircraft,G1-C_aircraft-01,T018,5757.089957916125,8192.899478773774,,,U07,existing
P12345_6,G1,C_aircraft,G1-C_aircraft-02,T010_1,0.0,1823.224406150507,T010_2,5.000100000000202,U08,existing
P12345_6,G1,C_aircraft,G1-C_aircraft-02,T010_2,1828.2245061505073,3261.2595890284992,T001,5.000100000000202,U08,existing
P12345_6,G1,C_aircraft,G1-C_aircraft-02,T001,3266.2596890284995,4827.685866545965,T019_2,5.000099999999293,U08,existing
P12345_6,G1,C_aircraft,G1-C_aircraft-02,T019_2,4832.685966545964,7071.870031513806,,,U08,existing
P12345_6,G1,A_batteries,G1-A_batteries-01,T002_1,0.0,2667.5322461730734,T007,1665.3331827833922,A01,existing
P12345_6,G1,A_batteries,G1-A_batteries-01,T007,4332.865428956466,8394.169789148978,,,A01,existing
P12345_6,G1,A_batteries,G1-A_batteries-02,T009,0.0,2207.8690163260853,T016,2149.9964126303794,A02,existing
P12345_6,G1,A_batteries,G1-A_batteries-02,T016,4357.865428956465,7189.599845781131,T017,579.8521237323293,A02,existing
P12345_6,G1,A_batteries,G1-A_batteries-02,T017,7769.45196951346,11476.863027475007,,,A02,existing
P12345_6,G1,A_batteries,G1-A_batteries-03,T014_1,0.0,2810.952429148163,T023,3242.6712044767664,A03,existing
P12345_6,G1,A_batteries,G1-A_batteries-03,T023,6053.623633624929,8794.320358969193,,,A03,existing
P12345_6,G1,A_batteries,G1-A_batteries-04,T011,2058.1153733026395,5546.539457030654,T020,1394.3669690347342,A04,existing
P12345_6,G1,A_batteries,G1-A_batteries-04,T020,6940.906426065389,10151.116923729283,,,A04,existing
P12345_6,G1,A_batteries,G1-A_batteries-05,T002_2,2212.8691163260855,4879.929014022942,T019_1,2809.45282427045,A05,existing
P12345_6,G1,A_batteries,G1-A_batteries-05,T019_1,7689.381838293392,10409.758236602142,,,A05,existing
P12345_6,G1,B_batteries,G1-B_batteries-01,T005,0.0,2343.7606215473797,T021,1312.9262108829425,B01,existing
P12345_6,G1,B_batteries,G1-B_batteries-01,T021,3656.6868324303223,7421.910255834926,,,B01,existing
P12345_6,G1,B_batteries,G1-B_batteries-02,T013,2.631913957884535e-07,3917.286899235777,T014_2,1642.441304681539,B02,existing
P12345_6,G1,B_batteries,G1-B_batteries-02,T014_2,5559.728203917316,9106.026402123385,,,B02,existing
P12345_6,G1,B_batteries,G1-B_batteries-03,T015,2097.1153733026395,5107.472874353213,T022,4606.020604175431,B03,existing
P12345_6,G1,B_batteries,G1-B_batteries-03,T022,9713.493478528644,12750.274657105232,,,B03,existing
P12345_6,G1,B_batteries,G1-B_batteries-04,T008,2348.76072154738,5781.961574782329,,,B04,existing
P12345_6,G1,C_batteries,G1-C_batteries-01,T003,0.0,2947.606630665684,T001,318.6530583628155,C01,existing
P12345_6,G1,C_batteries,G1-C_batteries-01,T001,3266.2596890284995,6416.352542791451,,,C01,existing
P12345_6,G1,C_batteries,G1-C_batteries-02,T010_1,0.0,3563.4170832737245,T012,46.57780265400197,C02,existing
P12345_6,G1,C_batteries,G1-C_batteries-02,T012,3609.9948859277265,8217.742244657848,,,C02,existing
P12345_6,G1,C_batteries,G1-C_batteries-03,T004,1434.4262775174655,5752.089857916125,T018,5.000100000000202,C03,existing
P12345_6,G1,C_batteries,G1-C_batteries-03,T018,5757.089957916125,10691.253758748288,,,C03,existing
P12345_6,G1,C_batteries,G1-C_batteries-04,T010_2,1828.2245061505073,4709.032782226957,T019_2,123.65318431900687,C04,existing
P12345_6,G1,C_batteries,G1-C_batteries-04,T019_2,4832.685966545964,9540.547812933855,,,C04,existing
P12345_6,G1,relay_aircraft,G1-relay_aircraft-01,R003,5.186098884268291,7850.634235067152,R006,5.000099999999293,R01,existing
P12345_6,G1,relay_aircraft,G1-relay_aircraft-01,R006,7855.634335067151,10510.693895951956,,,R01,existing
P12345_6,G1,relay_aircraft,G1-relay_aircraft-02,R001,162.1373190294086,2129.297638856331,R005,5.000099999999293,R02,existing
P12345_6,G1,relay_aircraft,G1-relay_aircraft-02,R005,2134.2977388563304,4587.002647985877,R002,5.000099999997474,R02,existing
P12345_6,G1,relay_aircraft,G1-relay_aircraft-02,R002,4592.0027479858745,9578.679477149724,R004,5.000099999999293,R02,existing
P12345_6,G1,relay_aircraft,G1-relay_aircraft-02,R004,9583.679577149724,11813.399509678484,,,R02,existing
P12345_6,G1,relay_components,G1-relay_components-01,R003,5.186098884268291,8956.255878782365,R004,627.4236983673582,RE01,existing
P12345_6,G1,relay_components,G1-relay_components-01,R004,9583.679577149724,12221.929892002603,,,RE01,existing
P12345_6,G1,relay_components,G1-relay_components-02,R001,162.1373190294086,2493.9201725268517,R002,2098.082575459023,RE02,existing
P12345_6,G1,relay_components,G1-relay_components-02,R002,4592.0027479858745,10318.120453993146,,,RE02,existing
P12345_6,G1,relay_components,G1-relay_components-03,R005,2134.2977388563304,5015.591855407197,R006,2840.0424796599546,RE03,existing
P12345_6,G1,relay_components,G1-relay_components-03,R006,7855.634335067151,10964.401779763033,,,RE03,existing
P12345_6,G2,B_aircraft,G2-B_aircraft-01,T006,5112.4729743532125,6302.1032600896515,,,NEW-B_aircraft-01,procurement_required
P12345_6,G2,B_batteries,G2-B_batteries-01,T006,5112.4729743532125,7435.544137052532,,,NEW-B_batteries-01,procurement_required
P12346_5,G1,A_aircraft,G1-A_aircraft-01,T002_1,0.0,1652.4416357195464,T016,2705.4237932369183,U01,existing
P12346_5,G1,A_aircraft,G1-A_aircraft-01,T016,4357.865428956465,6053.623533624929,T020,887.2828924404594,U01,existing
P12346_5,G1,A_aircraft,G1-A_aircraft-01,T020,6940.906426065389,8911.116273042207,,,U01,existing
P12346_5,G1,A_aircraft,G1-A_aircraft-02,T009,0.0,1316.0142144169886,T023,4737.609419207941,U02,existing
P12346_5,G1,A_aircraft,G1-A_aircraft-02,T023,6053.623633624929,7689.381738293394,,,U02,existing
P12346_5,G1,A_aircraft,G1-A_aircraft-03,T014_1,0.0,1695.7581046684645,T007,2637.107324288001,U03,existing
P12346_5,G1,A_aircraft,G1-A_aircraft-03,T007,4332.865428956466,6940.9063260653875,T019_1,748.4755122280048,U03,existing
P12346_5,G1,A_aircraft,G1-A_aircraft-03,T019_1,7689.381838293392,9325.139942961858,,,U03,existing
P12346_5,G1,B_aircraft,G1-B_aircraft-01,T005,0.0,1210.3573074816584,T006,3902.115666871554,U05,existing
P12346_5,G1,B_aircraft,G1-B_aircraft-01,T006,5112.4729743532125,6302.1032600896515,T022,3411.3902184389926,U05,existing
P12346_5,G1,B_aircraft,G1-B_aircraft-01,T022,9713.493478528644,11214.272215143501,,,U05,existing
P12346_5,G1,B_aircraft,G1-B_aircraft-02,T013,2.631913957884535e-07,1958.0412717501863,T021,1698.645560680136,U06,existing
P12346_5,G1,B_aircraft,G1-B_aircraft-02,T021,3656.6868324303223,5554.728103917317,T014_2,5.000099999999293,U06,existing
P12346_5,G1,B_aircraft,G1-B_aircraft-02,T014_2,5559.728203917316,7425.499213465236,,,U06,existing
P12346_5,G1,C_aircraft,G1-C_aircraft-01,T003,0.0,1429.4261775174655,T004,5.000099999999975,U07,existing
P12346_5,G1,C_aircraft,G1-C_aircraft-01,T004,1434.4262775174655,3604.9947859277245,T012,5.000100000002021,U07,existing
P12346_5,G1,C_aircraft,G1-C_aircraft-01,T012,3609.9948859277265,5725.07652720618,T018,32.01343070994517,U07,existing
P12346_5,G1,C_aircraft,G1-C_aircraft-01,T018,5757.089957916125,8192.899478773774,,,U07,existing
P12346_5,G1,C_aircraft,G1-C_aircraft-02,T010_1,0.0,1823.224406150507,T010_2,5.000100000000202,U08,existing
P12346_5,G1,C_aircraft,G1-C_aircraft-02,T010_2,1828.2245061505073,3261.2595890284992,T001,5.000100000000202,U08,existing
P12346_5,G1,C_aircraft,G1-C_aircraft-02,T001,3266.2596890284995,4827.685866545965,T019_2,5.000099999999293,U08,existing
P12346_5,G1,C_aircraft,G1-C_aircraft-02,T019_2,4832.685966545964,7071.870031513806,,,U08,existing
P12346_5,G1,A_batteries,G1-A_batteries-01,T002_1,0.0,2667.5322461730734,T016,1690.3331827833913,A01,existing
P12346_5,G1,A_batteries,G1-A_batteries-01,T016,4357.865428956465,7189.599845781131,T019_1,499.78199251226124,A01,existing
P12346_5,G1,A_batteries,G1-A_batteries-01,T019_1,7689.381838293392,10409.758236602142,,,A01,existing
P12346_5,G1,A_batteries,G1-A_batteries-02,T009,0.0,2207.8690163260853,T023,3845.754617298844,A02,existing
P12346_5,G1,A_batteries,G1-A_batteries-02,T023,6053.623633624929,8794.320358969193,,,A02,existing
P12346_5,G1,A_batteries,G1-A_batteries-03,T014_1,0.0,2810.952429148163,T007,1521.9129998083026,A03,existing
P12346_5,G1,A_batteries,G1-A_batteries-03,T007,4332.865428956466,8394.169789148978,,,A03,existing
P12346_5,G1,A_batteries,G1-A_batteries-04,T020,6940.906426065389,10151.116923729283,,,A04,existing
P12346_5,G1,B_batteries,G1-B_batteries-01,T005,0.0,2343.7606215473797,T006,2768.712352805833,B01,existing
P12346_5,G1,B_batteries,G1-B_batteries-01,T006,5112.4729743532125,7435.544137052532,,,B01,existing
P12346_5,G1,B_batteries,G1-B_batteries-02,T013,2.631913957884535e-07,3917.286899235777,T014_2,1642.441304681539,B02,existing
P12346_5,G1,B_batteries,G1-B_batteries-02,T014_2,5559.728203917316,9106.026402123385,,,B02,existing
P12346_5,G1,B_batteries,G1-B_batteries-03,T021,3656.6868324303223,7421.910255834926,T022,2291.583222693718,B03,existing
P12346_5,G1,B_batteries,G1-B_batteries-03,T022,9713.493478528644,12750.274657105232,,,B03,existing
P12346_5,G1,C_batteries,G1-C_batteries-01,T003,0.0,2947.606630665684,T001,318.6530583628155,C01,existing
P12346_5,G1,C_batteries,G1-C_batteries-01,T001,3266.2596890284995,6416.352542791451,,,C01,existing
P12346_5,G1,C_batteries,G1-C_batteries-02,T010_1,0.0,3563.4170832737245,T012,46.57780265400197,C02,existing
P12346_5,G1,C_batteries,G1-C_batteries-02,T012,3609.9948859277265,8217.742244657848,,,C02,existing
P12346_5,G1,C_batteries,G1-C_batteries-03,T004,1434.4262775174655,5752.089857916125,T018,5.000100000000202,C03,existing
P12346_5,G1,C_batteries,G1-C_batteries-03,T018,5757.089957916125,10691.253758748288,,,C03,existing
P12346_5,G1,C_batteries,G1-C_batteries-04,T010_2,1828.2245061505073,4709.032782226957,T019_2,123.65318431900687,C04,existing
P12346_5,G1,C_batteries,G1-C_batteries-04,T019_2,4832.685966545964,9540.547812933855,,,C04,existing
P12346_5,G1,relay_aircraft,G1-relay_aircraft-01,R003,5.186098884268291,7850.634235067152,R004,1733.0453420825716,R01,existing
P12346_5,G1,relay_aircraft,G1-relay_aircraft-01,R004,9583.679577149724,11813.399509678484,,,R01,existing
P12346_5,G1,relay_aircraft,G1-relay_aircraft-02,R001,162.1373190294086,2129.297638856331,R002,2462.7051091295434,R02,existing
P12346_5,G1,relay_aircraft,G1-relay_aircraft-02,R002,4592.0027479858745,9578.679477149724,,,R02,existing
P12346_5,G1,relay_components,G1-relay_components-01,R003,5.186098884268291,8956.255878782365,R004,627.4236983673582,RE01,existing
P12346_5,G1,relay_components,G1-relay_components-01,R004,9583.679577149724,12221.929892002603,,,RE01,existing
P12346_5,G1,relay_components,G1-relay_components-02,R001,162.1373190294086,2493.9201725268517,R002,2098.082575459023,RE02,existing
P12346_5,G1,relay_components,G1-relay_components-02,R002,4592.0027479858745,10318.120453993146,,,RE02,existing
P12346_5,G2,A_aircraft,G2-A_aircraft-01,T011,2058.1153733026395,4188.754462062222,,,U04,existing
P12346_5,G2,A_aircraft,G2-A_aircraft-02,T002_2,2212.8691163260855,3815.461852306258,T017,3953.9901172072023,NEW-A_aircraft-01,procurement_required
P12346_5,G2,A_aircraft,G2-A_aircraft-02,T017,7769.45196951346,10113.299044225432,,,NEW-A_aircraft-01,procurement_required
P12346_5,G2,B_aircraft,G2-B_aircraft-01,T015,2097.1153733026395,3651.686732430321,,,NEW-B_aircraft-01,procurement_required
P12346_5,G2,B_aircraft,G2-B_aircraft-02,T008,2348.76072154738,4193.299611702947,,,NEW-B_aircraft-02,procurement_required
P12346_5,G2,A_batteries,G2-A_batteries-01,T011,2058.1153733026395,5546.539457030654,,,A05,existing
P12346_5,G2,A_batteries,G2-A_batteries-02,T002_2,2212.8691163260855,4879.929014022942,T017,2889.522955490518,A06,existing
P12346_5,G2,A_batteries,G2-A_batteries-02,T017,7769.45196951346,11476.863027475007,,,A06,existing
P12346_5,G2,B_batteries,G2-B_batteries-01,T015,2097.1153733026395,5107.472874353213,,,B04,existing
P12346_5,G2,B_batteries,G2-B_batteries-02,T008,2348.76072154738,5781.961574782329,,,NEW-B_batteries-01,procurement_required
P12346_5,G2,relay_aircraft,G2-relay_aircraft-01,R005,2134.2977388563304,4587.002647985877,R006,3268.6316870812743,NEW-relay_aircraft-01,procurement_required
P12346_5,G2,relay_aircraft,G2-relay_aircraft-01,R006,7855.634335067151,10510.693895951956,,,NEW-relay_aircraft-01,procurement_required
P12346_5,G2,relay_components,G2-relay_components-01,R005,2134.2977388563304,5015.591855407197,R006,2840.0424796599546,RE03,existing
P12346_5,G2,relay_components,G2-relay_components-01,R006,7855.634335067151,10964.401779763033,,,RE03,existing
P1234_56,G1,A_aircraft,G1-A_aircraft-01,T002_1,0.0,1652.4416357195464,T016,2705.4237932369183,U01,existing
P1234_56,G1,A_aircraft,G1-A_aircraft-01,T016,4357.865428956465,6053.623533624929,T020,887.2828924404594,U01,existing
P1234_56,G1,A_aircraft,G1-A_aircraft-01,T020,6940.906426065389,8911.116273042207,,,U01,existing
P1234_56,G1,A_aircraft,G1-A_aircraft-02,T009,0.0,1316.0142144169886,T023,4737.609419207941,U02,existing
P1234_56,G1,A_aircraft,G1-A_aircraft-02,T023,6053.623633624929,7689.381738293394,,,U02,existing
P1234_56,G1,A_aircraft,G1-A_aircraft-03,T014_1,0.0,1695.7581046684645,T007,2637.107324288001,U03,existing
P1234_56,G1,A_aircraft,G1-A_aircraft-03,T007,4332.865428956466,6940.9063260653875,T019_1,748.4755122280048,U03,existing
P1234_56,G1,A_aircraft,G1-A_aircraft-03,T019_1,7689.381838293392,9325.139942961858,,,U03,existing
P1234_56,G1,B_aircraft,G1-B_aircraft-01,T005,0.0,1210.3573074816584,T021,2446.3295249486637,U05,existing
P1234_56,G1,B_aircraft,G1-B_aircraft-01,T021,3656.6868324303223,5554.728103917317,T022,4158.765374611327,U05,existing
P1234_56,G1,B_aircraft,G1-B_aircraft-01,T022,9713.493478528644,11214.272215143501,,,U05,existing
P1234_56,G1,B_aircraft,G1-B_aircraft-02,T013,2.631913957884535e-07,1958.0412717501863,T014_2,3601.6869321671297,U06,existing
P1234_56,G1,B_aircraft,G1-B_aircraft-02,T014_2,5559.728203917316,7425.499213465236,,,U06,existing
P1234_56,G1,C_aircraft,G1-C_aircraft-01,T003,0.0,1429.4261775174655,T004,5.000099999999975,U07,existing
P1234_56,G1,C_aircraft,G1-C_aircraft-01,T004,1434.4262775174655,3604.9947859277245,T012,5.000100000002021,U07,existing
P1234_56,G1,C_aircraft,G1-C_aircraft-01,T012,3609.9948859277265,5725.07652720618,T018,32.01343070994517,U07,existing
P1234_56,G1,C_aircraft,G1-C_aircraft-01,T018,5757.089957916125,8192.899478773774,,,U07,existing
P1234_56,G1,C_aircraft,G1-C_aircraft-02,T010_1,0.0,1823.224406150507,T010_2,5.000100000000202,U08,existing
P1234_56,G1,C_aircraft,G1-C_aircraft-02,T010_2,1828.2245061505073,3261.2595890284992,T001,5.000100000000202,U08,existing
P1234_56,G1,C_aircraft,G1-C_aircraft-02,T001,3266.2596890284995,4827.685866545965,T019_2,5.000099999999293,U08,existing
P1234_56,G1,C_aircraft,G1-C_aircraft-02,T019_2,4832.685966545964,7071.870031513806,,,U08,existing
P1234_56,G1,A_batteries,G1-A_batteries-01,T002_1,0.0,2667.5322461730734,T016,1690.3331827833913,A01,existing
P1234_56,G1,A_batteries,G1-A_batteries-01,T016,4357.865428956465,7189.599845781131,T019_1,499.78199251226124,A01,existing
P1234_56,G1,A_batteries,G1-A_batteries-01,T019_1,7689.381838293392,10409.758236602142,,,A01,existing
P1234_56,G1,A_batteries,G1-A_batteries-02,T009,0.0,2207.8690163260853,T023,3845.754617298844,A02,existing
P1234_56,G1,A_batteries,G1-A_batteries-02,T023,6053.623633624929,8794.320358969193,,,A02,existing
P1234_56,G1,A_batteries,G1-A_batteries-03,T014_1,0.0,2810.952429148163,T007,1521.9129998083026,A03,existing
P1234_56,G1,A_batteries,G1-A_batteries-03,T007,4332.865428956466,8394.169789148978,,,A03,existing
P1234_56,G1,A_batteries,G1-A_batteries-04,T020,6940.906426065389,10151.116923729283,,,A04,existing
P1234_56,G1,B_batteries,G1-B_batteries-01,T005,0.0,2343.7606215473797,T021,1312.9262108829425,B01,existing
P1234_56,G1,B_batteries,G1-B_batteries-01,T021,3656.6868324303223,7421.910255834926,T022,2291.583222693718,B01,existing
P1234_56,G1,B_batteries,G1-B_batteries-01,T022,9713.493478528644,12750.274657105232,,,B01,existing
P1234_56,G1,B_batteries,G1-B_batteries-02,T013,2.631913957884535e-07,3917.286899235777,T014_2,1642.441304681539,B02,existing
P1234_56,G1,B_batteries,G1-B_batteries-02,T014_2,5559.728203917316,9106.026402123385,,,B02,existing
P1234_56,G1,C_batteries,G1-C_batteries-01,T003,0.0,2947.606630665684,T001,318.6530583628155,C01,existing
P1234_56,G1,C_batteries,G1-C_batteries-01,T001,3266.2596890284995,6416.352542791451,,,C01,existing
P1234_56,G1,C_batteries,G1-C_batteries-02,T010_1,0.0,3563.4170832737245,T012,46.57780265400197,C02,existing
P1234_56,G1,C_batteries,G1-C_batteries-02,T012,3609.9948859277265,8217.742244657848,,,C02,existing
P1234_56,G1,C_batteries,G1-C_batteries-03,T004,1434.4262775174655,5752.089857916125,T018,5.000100000000202,C03,existing
P1234_56,G1,C_batteries,G1-C_batteries-03,T018,5757.089957916125,10691.253758748288,,,C03,existing
P1234_56,G1,C_batteries,G1-C_batteries-04,T010_2,1828.2245061505073,4709.032782226957,T019_2,123.65318431900687,C04,existing
P1234_56,G1,C_batteries,G1-C_batteries-04,T019_2,4832.685966545964,9540.547812933855,,,C04,existing
P1234_56,G1,relay_aircraft,G1-relay_aircraft-01,R003,5.186098884268291,7850.634235067152,R004,1733.0453420825716,R01,existing
P1234_56,G1,relay_aircraft,G1-relay_aircraft-01,R004,9583.679577149724,11813.399509678484,,,R01,existing
P1234_56,G1,relay_aircraft,G1-relay_aircraft-02,R001,162.1373190294086,2129.297638856331,R002,2462.7051091295434,R02,existing
P1234_56,G1,relay_aircraft,G1-relay_aircraft-02,R002,4592.0027479858745,9578.679477149724,,,R02,existing
P1234_56,G1,relay_components,G1-relay_components-01,R003,5.186098884268291,8956.255878782365,R004,627.4236983673582,RE01,existing
P1234_56,G1,relay_components,G1-relay_components-01,R004,9583.679577149724,12221.929892002603,,,RE01,existing
P1234_56,G1,relay_components,G1-relay_components-02,R001,162.1373190294086,2493.9201725268517,R002,2098.082575459023,RE02,existing
P1234_56,G1,relay_components,G1-relay_components-02,R002,4592.0027479858745,10318.120453993146,,,RE02,existing
P1234_56,G2,A_aircraft,G2-A_aircraft-01,T011,2058.1153733026395,4188.754462062222,,,U04,existing
P1234_56,G2,A_aircraft,G2-A_aircraft-02,T002_2,2212.8691163260855,3815.461852306258,T017,3953.9901172072023,NEW-A_aircraft-01,procurement_required
P1234_56,G2,A_aircraft,G2-A_aircraft-02,T017,7769.45196951346,10113.299044225432,,,NEW-A_aircraft-01,procurement_required
P1234_56,G2,B_aircraft,G2-B_aircraft-01,T015,2097.1153733026395,3651.686732430321,T006,1460.7862419228913,NEW-B_aircraft-01,procurement_required
P1234_56,G2,B_aircraft,G2-B_aircraft-01,T006,5112.4729743532125,6302.1032600896515,,,NEW-B_aircraft-01,procurement_required
P1234_56,G2,B_aircraft,G2-B_aircraft-02,T008,2348.76072154738,4193.299611702947,,,NEW-B_aircraft-02,procurement_required
P1234_56,G2,A_batteries,G2-A_batteries-01,T011,2058.1153733026395,5546.539457030654,,,A05,existing
P1234_56,G2,A_batteries,G2-A_batteries-02,T002_2,2212.8691163260855,4879.929014022942,T017,2889.522955490518,A06,existing
P1234_56,G2,A_batteries,G2-A_batteries-02,T017,7769.45196951346,11476.863027475007,,,A06,existing
P1234_56,G2,B_batteries,G2-B_batteries-01,T015,2097.1153733026395,5107.472874353213,T006,5.000099999999293,B03,existing
P1234_56,G2,B_batteries,G2-B_batteries-01,T006,5112.4729743532125,7435.544137052532,,,B03,existing
P1234_56,G2,B_batteries,G2-B_batteries-02,T008,2348.76072154738,5781.961574782329,,,B04,existing
P1234_56,G2,relay_aircraft,G2-relay_aircraft-01,R005,2134.2977388563304,4587.002647985877,R006,3268.6316870812743,NEW-relay_aircraft-01,procurement_required
P1234_56,G2,relay_aircraft,G2-relay_aircraft-01,R006,7855.634335067151,10510.693895951956,,,NEW-relay_aircraft-01,procurement_required
P1234_56,G2,relay_components,G2-relay_components-01,R005,2134.2977388563304,5015.591855407197,R006,2840.0424796599546,RE03,existing
P1234_56,G2,relay_components,G2-relay_components-01,R006,7855.634335067151,10964.401779763033,,,RE03,existing
P12356_4,G1,A_aircraft,G1-A_aircraft-01,T002_1,0.0,1652.4416357195464,T002_2,560.4274806065391,U01,existing
P12356_4,G1,A_aircraft,G1-A_aircraft-01,T002_2,2212.8691163260855,3815.461852306258,T016,542.4035766502066,U01,existing
P12356_4,G1,A_aircraft,G1-A_aircraft-01,T016,4357.865428956465,6053.623533624929,T020,887.2828924404594,U01,existing
P12356_4,G1,A_aircraft,G1-A_aircraft-01,T020,6940.906426065389,8911.116273042207,,,U01,existing
P12356_4,G1,A_aircraft,G1-A_aircraft-02,T014_1,0.0,1695.7581046684645,T011,362.35726863417494,U02,existing
P12356_4,G1,A_aircraft,G1-A_aircraft-02,T011,2058.1153733026395,4188.754462062222,T007,144.11096689424357,U02,existing
P12356_4,G1,A_aircraft,G1-A_aircraft-02,T007,4332.865428956466,6940.9063260653875,T019_1,748.4755122280048,U02,existing
P12356_4,G1,A_aircraft,G1-A_aircraft-02,T019_1,7689.381838293392,9325.139942961858,,,U02,existing
P12356_4,G1,A_aircraft,G1-A_aircraft-03,T023,6053.623633624929,7689.381738293394,T017,80.07023122006649,U03,existing
P12356_4,G1,A_aircraft,G1-A_aircraft-03,T017,7769.45196951346,10113.299044225432,,,U03,existing
P12356_4,G1,B_aircraft,G1-B_aircraft-01,T005,0.0,1210.3573074816584,T008,1138.4034140657216,U05,existing
P12356_4,G1,B_aircraft,G1-B_aircraft-01,T008,2348.76072154738,4193.299611702947,T006,919.1733626502655,U05,existing
P12356_4,G1,B_aircraft,G1-B_aircraft-01,T006,5112.4729743532125,6302.1032600896515,T022,3411.3902184389926,U05,existing
P12356_4,G1,B_aircraft,G1-B_aircraft-01,T022,9713.493478528644,11214.272215143501,,,U05,existing
P12356_4,G1,B_aircraft,G1-B_aircraft-02,T013,2.631913957884535e-07,1958.0412717501863,T015,139.07410155245316,U06,existing
P12356_4,G1,B_aircraft,G1-B_aircraft-02,T015,2097.1153733026395,3651.686732430321,T021,5.000100000001112,U06,existing
P12356_4,G1,B_aircraft,G1-B_aircraft-02,T021,3656.6868324303223,5554.728103917317,T014_2,5.000099999999293,U06,existing
P12356_4,G1,B_aircraft,G1-B_aircraft-02,T014_2,5559.728203917316,7425.499213465236,,,U06,existing
P12356_4,G1,C_aircraft,G1-C_aircraft-01,T003,0.0,1429.4261775174655,T004,5.000099999999975,U07,existing
P12356_4,G1,C_aircraft,G1-C_aircraft-01,T004,1434.4262775174655,3604.9947859277245,T012,5.000100000002021,U07,existing
P12356_4,G1,C_aircraft,G1-C_aircraft-01,T012,3609.9948859277265,5725.07652720618,T018,32.01343070994517,U07,existing
P12356_4,G1,C_aircraft,G1-C_aircraft-01,T018,5757.089957916125,8192.899478773774,,,U07,existing
P12356_4,G1,C_aircraft,G1-C_aircraft-02,T010_1,0.0,1823.224406150507,T001,1443.0352828779924,U08,existing
P12356_4,G1,C_aircraft,G1-C_aircraft-02,T001,3266.2596890284995,4827.685866545965,T019_2,5.000099999999293,U08,existing
P12356_4,G1,C_aircraft,G1-C_aircraft-02,T019_2,4832.685966545964,7071.870031513806,,,U08,existing
P12356_4,G1,A_batteries,G1-A_batteries-01,T002_1,0.0,2667.5322461730734,T016,1690.3331827833913,A01,existing
P12356_4,G1,A_batteries,G1-A_batteries-01,T016,4357.865428956465,7189.599845781131,T017,579.8521237323293,A01,existing
P12356_4,G1,A_batteries,G1-A_batteries-01,T017,7769.45196951346,11476.863027475007,,,A01,existing
P12356_4,G1,A_batteries,G1-A_batteries-02,T014_1,0.0,2810.952429148163,T007,1521.9129998083026,A02,existing
P12356_4,G1,A_batteries,G1-A_batteries-02,T007,4332.865428956466,8394.169789148978,,,A02,existing
P12356_4,G1,A_batteries,G1-A_batteries-03,T011,2058.1153733026395,5546.539457030654,T020,1394.3669690347342,A03,existing
P12356_4,G1,A_batteries,G1-A_batteries-03,T020,6940.906426065389,10151.116923729283,,,A03,existing
P12356_4,G1,A_batteries,G1-A_batteries-04,T002_2,2212.8691163260855,4879.929014022942,T023,1173.6946196019871,A04,existing
P12356_4,G1,A_batteries,G1-A_batteries-04,T023,6053.623633624929,8794.320358969193,,,A04,existing
P12356_4,G1,A_batteries,G1-A_batteries-05,T019_1,7689.381838293392,10409.758236602142,,,A05,existing
P12356_4,G1,B_batteries,G1-B_batteries-01,T005,0.0,2343.7606215473797,T021,1312.9262108829425,B01,existing
P12356_4,G1,B_batteries,G1-B_batteries-01,T021,3656.6868324303223,7421.910255834926,,,B01,existing
P12356_4,G1,B_batteries,G1-B_batteries-02,T013,2.631913957884535e-07,3917.286899235777,T006,1195.1860751174354,B02,existing
P12356_4,G1,B_batteries,G1-B_batteries-02,T006,5112.4729743532125,7435.544137052532,,,B02,existing
P12356_4,G1,B_batteries,G1-B_batteries-03,T015,2097.1153733026395,5107.472874353213,T014_2,452.2553295641028,B03,existing
P12356_4,G1,B_batteries,G1-B_batteries-03,T014_2,5559.728203917316,9106.026402123385,,,B03,existing
P12356_4,G1,B_batteries,G1-B_batteries-04,T008,2348.76072154738,5781.961574782329,T022,3931.531903746315,B04,existing
P12356_4,G1,B_batteries,G1-B_batteries-04,T022,9713.493478528644,12750.274657105232,,,B04,existing
P12356_4,G1,C_batteries,G1-C_batteries-01,T003,0.0,2947.606630665684,T001,318.6530583628155,C01,existing
P12356_4,G1,C_batteries,G1-C_batteries-01,T001,3266.2596890284995,6416.352542791451,,,C01,existing
P12356_4,G1,C_batteries,G1-C_batteries-02,T010_1,0.0,3563.4170832737245,T012,46.57780265400197,C02,existing
P12356_4,G1,C_batteries,G1-C_batteries-02,T012,3609.9948859277265,8217.742244657848,,,C02,existing
P12356_4,G1,C_batteries,G1-C_batteries-03,T004,1434.4262775174655,5752.089857916125,T018,5.000100000000202,C03,existing
P12356_4,G1,C_batteries,G1-C_batteries-03,T018,5757.089957916125,10691.253758748288,,,C03,existing
P12356_4,G1,C_batteries,G1-C_batteries-04,T019_2,4832.685966545964,9540.547812933855,,,C04,existing
P12356_4,G1,relay_aircraft,G1-relay_aircraft-01,R003,5.186098884268291,7850.634235067152,R006,5.000099999999293,R01,existing
P12356_4,G1,relay_aircraft,G1-relay_aircraft-01,R006,7855.634335067151,10510.693895951956,,,R01,existing
P12356_4,G1,relay_aircraft,G1-relay_aircraft-02,R001,162.1373190294086,2129.297638856331,R005,5.000099999999293,R02,existing
P12356_4,G1,relay_aircraft,G1-relay_aircraft-02,R005,2134.2977388563304,4587.002647985877,R002,5.000099999997474,R02,existing
P12356_4,G1,relay_aircraft,G1-relay_aircraft-02,R002,4592.0027479858745,9578.679477149724,R004,5.000099999999293,R02,existing
P12356_4,G1,relay_aircraft,G1-relay_aircraft-02,R004,9583.679577149724,11813.399509678484,,,R02,existing
P12356_4,G1,relay_components,G1-relay_components-01,R003,5.186098884268291,8956.255878782365,R004,627.4236983673582,RE01,existing
P12356_4,G1,relay_components,G1-relay_components-01,R004,9583.679577149724,12221.929892002603,,,RE01,existing
P12356_4,G1,relay_components,G1-relay_components-02,R001,162.1373190294086,2493.9201725268517,R002,2098.082575459023,RE02,existing
P12356_4,G1,relay_components,G1-relay_components-02,R002,4592.0027479858745,10318.120453993146,,,RE02,existing
P12356_4,G1,relay_components,G1-relay_components-03,R005,2134.2977388563304,5015.591855407197,R006,2840.0424796599546,RE03,existing
P12356_4,G1,relay_components,G1-relay_components-03,R006,7855.634335067151,10964.401779763033,,,RE03,existing
P12356_4,G2,A_aircraft,G2-A_aircraft-01,T009,0.0,1316.0142144169886,,,U04,existing
P12356_4,G2,C_aircraft,G2-C_aircraft-01,T010_2,1828.2245061505073,3261.2595890284992,,,NEW-C_aircraft-01,procurement_required
P12356_4,G2,A_batteries,G2-A_batteries-01,T009,0.0,2207.8690163260853,,,A06,existing
P12356_4,G2,C_batteries,G2-C_batteries-01,T010_2,1828.2245061505073,4709.032782226957,,,NEW-C_batteries-01,procurement_required
P1235_46,G1,A_aircraft,G1-A_aircraft-01,T002_1,0.0,1652.4416357195464,T002_2,560.4274806065391,U01,existing
P1235_46,G1,A_aircraft,G1-A_aircraft-01,T002_2,2212.8691163260855,3815.461852306258,T016,542.4035766502066,U01,existing
P1235_46,G1,A_aircraft,G1-A_aircraft-01,T016,4357.865428956465,6053.623533624929,T020,887.2828924404594,U01,existing
P1235_46,G1,A_aircraft,G1-A_aircraft-01,T020,6940.906426065389,8911.116273042207,,,U01,existing
P1235_46,G1,A_aircraft,G1-A_aircraft-02,T014_1,0.0,1695.7581046684645,T011,362.35726863417494,U02,existing
P1235_46,G1,A_aircraft,G1-A_aircraft-02,T011,2058.1153733026395,4188.754462062222,T007,144.11096689424357,U02,existing
P1235_46,G1,A_aircraft,G1-A_aircraft-02,T007,4332.865428956466,6940.9063260653875,T019_1,748.4755122280048,U02,existing
P1235_46,G1,A_aircraft,G1-A_aircraft-02,T019_1,7689.381838293392,9325.139942961858,,,U02,existing
P1235_46,G1,A_aircraft,G1-A_aircraft-03,T023,6053.623633624929,7689.381738293394,T017,80.07023122006649,U03,existing
P1235_46,G1,A_aircraft,G1-A_aircraft-03,T017,7769.45196951346,10113.299044225432,,,U03,existing
P1235_46,G1,B_aircraft,G1-B_aircraft-01,T005,0.0,1210.3573074816584,T008,1138.4034140657216,U05,existing
P1235_46,G1,B_aircraft,G1-B_aircraft-01,T008,2348.76072154738,4193.299611702947,T014_2,1366.428592214369,U05,existing
P1235_46,G1,B_aircraft,G1-B_aircraft-01,T014_2,5559.728203917316,7425.499213465236,,,U05,existing
P1235_46,G1,B_aircraft,G1-B_aircraft-02,T013,2.631913957884535e-07,1958.0412717501863,T015,139.07410155245316,U06,existing
P1235_46,G1,B_aircraft,G1-B_aircraft-02,T015,2097.1153733026395,3651.686732430321,T021,5.000100000001112,U06,existing
P1235_46,G1,B_aircraft,G1-B_aircraft-02,T021,3656.6868324303223,5554.728103917317,T022,4158.765374611327,U06,existing
P1235_46,G1,B_aircraft,G1-B_aircraft-02,T022,9713.493478528644,11214.272215143501,,,U06,existing
P1235_46,G1,C_aircraft,G1-C_aircraft-01,T003,0.0,1429.4261775174655,T004,5.000099999999975,U07,existing
P1235_46,G1,C_aircraft,G1-C_aircraft-01,T004,1434.4262775174655,3604.9947859277245,T012,5.000100000002021,U07,existing
P1235_46,G1,C_aircraft,G1-C_aircraft-01,T012,3609.9948859277265,5725.07652720618,T018,32.01343070994517,U07,existing
P1235_46,G1,C_aircraft,G1-C_aircraft-01,T018,5757.089957916125,8192.899478773774,,,U07,existing
P1235_46,G1,C_aircraft,G1-C_aircraft-02,T010_1,0.0,1823.224406150507,T001,1443.0352828779924,U08,existing
P1235_46,G1,C_aircraft,G1-C_aircraft-02,T001,3266.2596890284995,4827.685866545965,T019_2,5.000099999999293,U08,existing
P1235_46,G1,C_aircraft,G1-C_aircraft-02,T019_2,4832.685966545964,7071.870031513806,,,U08,existing
P1235_46,G1,A_batteries,G1-A_batteries-01,T002_1,0.0,2667.5322461730734,T016,1690.3331827833913,A01,existing
P1235_46,G1,A_batteries,G1-A_batteries-01,T016,4357.865428956465,7189.599845781131,T017,579.8521237323293,A01,existing
P1235_46,G1,A_batteries,G1-A_batteries-01,T017,7769.45196951346,11476.863027475007,,,A01,existing
P1235_46,G1,A_batteries,G1-A_batteries-02,T014_1,0.0,2810.952429148163,T007,1521.9129998083026,A02,existing
P1235_46,G1,A_batteries,G1-A_batteries-02,T007,4332.865428956466,8394.169789148978,,,A02,existing
P1235_46,G1,A_batteries,G1-A_batteries-03,T011,2058.1153733026395,5546.539457030654,T020,1394.3669690347342,A03,existing
P1235_46,G1,A_batteries,G1-A_batteries-03,T020,6940.906426065389,10151.116923729283,,,A03,existing
P1235_46,G1,A_batteries,G1-A_batteries-04,T002_2,2212.8691163260855,4879.929014022942,T023,1173.6946196019871,A04,existing
P1235_46,G1,A_batteries,G1-A_batteries-04,T023,6053.623633624929,8794.320358969193,,,A04,existing
P1235_46,G1,A_batteries,G1-A_batteries-05,T019_1,7689.381838293392,10409.758236602142,,,A05,existing
P1235_46,G1,B_batteries,G1-B_batteries-01,T005,0.0,2343.7606215473797,T021,1312.9262108829425,B01,existing
P1235_46,G1,B_batteries,G1-B_batteries-01,T021,3656.6868324303223,7421.910255834926,,,B01,existing
P1235_46,G1,B_batteries,G1-B_batteries-02,T013,2.631913957884535e-07,3917.286899235777,T014_2,1642.441304681539,B02,existing
P1235_46,G1,B_batteries,G1-B_batteries-02,T014_2,5559.728203917316,9106.026402123385,,,B02,existing
P1235_46,G1,B_batteries,G1-B_batteries-03,T015,2097.1153733026395,5107.472874353213,T022,4606.020604175431,B03,existing
P1235_46,G1,B_batteries,G1-B_batteries-03,T022,9713.493478528644,12750.274657105232,,,B03,existing
P1235_46,G1,B_batteries,G1-B_batteries-04,T008,2348.76072154738,5781.961574782329,,,B04,existing
P1235_46,G1,C_batteries,G1-C_batteries-01,T003,0.0,2947.606630665684,T001,318.6530583628155,C01,existing
P1235_46,G1,C_batteries,G1-C_batteries-01,T001,3266.2596890284995,6416.352542791451,,,C01,existing
P1235_46,G1,C_batteries,G1-C_batteries-02,T010_1,0.0,3563.4170832737245,T012,46.57780265400197,C02,existing
P1235_46,G1,C_batteries,G1-C_batteries-02,T012,3609.9948859277265,8217.742244657848,,,C02,existing
P1235_46,G1,C_batteries,G1-C_batteries-03,T004,1434.4262775174655,5752.089857916125,T018,5.000100000000202,C03,existing
P1235_46,G1,C_batteries,G1-C_batteries-03,T018,5757.089957916125,10691.253758748288,,,C03,existing
P1235_46,G1,C_batteries,G1-C_batteries-04,T019_2,4832.685966545964,9540.547812933855,,,C04,existing
P1235_46,G1,relay_aircraft,G1-relay_aircraft-01,R003,5.186098884268291,7850.634235067152,R006,5.000099999999293,R01,existing
P1235_46,G1,relay_aircraft,G1-relay_aircraft-01,R006,7855.634335067151,10510.693895951956,,,R01,existing
P1235_46,G1,relay_aircraft,G1-relay_aircraft-02,R001,162.1373190294086,2129.297638856331,R005,5.000099999999293,R02,existing
P1235_46,G1,relay_aircraft,G1-relay_aircraft-02,R005,2134.2977388563304,4587.002647985877,R002,5.000099999997474,R02,existing
P1235_46,G1,relay_aircraft,G1-relay_aircraft-02,R002,4592.0027479858745,9578.679477149724,R004,5.000099999999293,R02,existing
P1235_46,G1,relay_aircraft,G1-relay_aircraft-02,R004,9583.679577149724,11813.399509678484,,,R02,existing
P1235_46,G1,relay_components,G1-relay_components-01,R003,5.186098884268291,8956.255878782365,R004,627.4236983673582,RE01,existing
P1235_46,G1,relay_components,G1-relay_components-01,R004,9583.679577149724,12221.929892002603,,,RE01,existing
P1235_46,G1,relay_components,G1-relay_components-02,R001,162.1373190294086,2493.9201725268517,R002,2098.082575459023,RE02,existing
P1235_46,G1,relay_components,G1-relay_components-02,R002,4592.0027479858745,10318.120453993146,,,RE02,existing
P1235_46,G1,relay_components,G1-relay_components-03,R005,2134.2977388563304,5015.591855407197,R006,2840.0424796599546,RE03,existing
P1235_46,G1,relay_components,G1-relay_components-03,R006,7855.634335067151,10964.401779763033,,,RE03,existing
P1235_46,G2,A_aircraft,G2-A_aircraft-01,T009,0.0,1316.0142144169886,,,U04,existing
P1235_46,G2,B_aircraft,G2-B_aircraft-01,T006,5112.4729743532125,6302.1032600896515,,,NEW-B_aircraft-01,procurement_required
P1235_46,G2,C_aircraft,G2-C_aircraft-01,T010_2,1828.2245061505073,3261.2595890284992,,,NEW-C_aircraft-01,procurement_required
P1235_46,G2,A_batteries,G2-A_batteries-01,T009,0.0,2207.8690163260853,,,A06,existing
P1235_46,G2,B_batteries,G2-B_batteries-01,T006,5112.4729743532125,7435.544137052532,,,NEW-B_batteries-01,procurement_required
P1235_46,G2,C_batteries,G2-C_batteries-01,T010_2,1828.2245061505073,4709.032782226957,,,NEW-C_batteries-01,procurement_required
P1236_45,G1,A_aircraft,G1-A_aircraft-01,T002_1,0.0,1652.4416357195464,T016,2705.4237932369183,U01,existing
P1236_45,G1,A_aircraft,G1-A_aircraft-01,T016,4357.865428956465,6053.623533624929,T023,0.00010000000020227162,U01,existing
P1236_45,G1,A_aircraft,G1-A_aircraft-01,T023,6053.623633624929,7689.381738293394,T019_1,9.999999838328222e-05,U01,existing
P1236_45,G1,A_aircraft,G1-A_aircraft-01,T019_1,7689.381838293392,9325.139942961858,,,U01,existing
P1236_45,G1,A_aircraft,G1-A_aircraft-02,T014_1,0.0,1695.7581046684645,T007,2637.107324288001,U02,existing
P1236_45,G1,A_aircraft,G1-A_aircraft-02,T007,4332.865428956466,6940.9063260653875,T020,0.00010000000111176632,U02,existing
P1236_45,G1,A_aircraft,G1-A_aircraft-02,T020,6940.906426065389,8911.116273042207,,,U02,existing
P1236_45,G1,B_aircraft,G1-B_aircraft-01,T005,0.0,1210.3573074816584,T006,3902.115666871554,U05,existing
P1236_45,G1,B_aircraft,G1-B_aircraft-01,T006,5112.4729743532125,6302.1032600896515,T022,3411.3902184389926,U05,existing
P1236_45,G1,B_aircraft,G1-B_aircraft-01,T022,9713.493478528644,11214.272215143501,,,U05,existing
P1236_45,G1,B_aircraft,G1-B_aircraft-02,T013,2.631913957884535e-07,1958.0412717501863,T021,1698.645560680136,U06,existing
P1236_45,G1,B_aircraft,G1-B_aircraft-02,T021,3656.6868324303223,5554.728103917317,T014_2,5.000099999999293,U06,existing
P1236_45,G1,B_aircraft,G1-B_aircraft-02,T014_2,5559.728203917316,7425.499213465236,,,U06,existing
P1236_45,G1,C_aircraft,G1-C_aircraft-01,T003,0.0,1429.4261775174655,T004,5.000099999999975,U07,existing
P1236_45,G1,C_aircraft,G1-C_aircraft-01,T004,1434.4262775174655,3604.9947859277245,T012,5.000100000002021,U07,existing
P1236_45,G1,C_aircraft,G1-C_aircraft-01,T012,3609.9948859277265,5725.07652720618,T018,32.01343070994517,U07,existing
P1236_45,G1,C_aircraft,G1-C_aircraft-01,T018,5757.089957916125,8192.899478773774,,,U07,existing
P1236_45,G1,C_aircraft,G1-C_aircraft-02,T010_1,0.0,1823.224406150507,T001,1443.0352828779924,U08,existing
P1236_45,G1,C_aircraft,G1-C_aircraft-02,T001,3266.2596890284995,4827.685866545965,T019_2,5.000099999999293,U08,existing
P1236_45,G1,C_aircraft,G1-C_aircraft-02,T019_2,4832.685966545964,7071.870031513806,,,U08,existing
P1236_45,G1,A_batteries,G1-A_batteries-01,T002_1,0.0,2667.5322461730734,T016,1690.3331827833913,A01,existing
P1236_45,G1,A_batteries,G1-A_batteries-01,T016,4357.865428956465,7189.599845781131,T019_1,499.78199251226124,A01,existing
P1236_45,G1,A_batteries,G1-A_batteries-01,T019_1,7689.381838293392,10409.758236602142,,,A01,existing
P1236_45,G1,A_batteries,G1-A_batteries-02,T014_1,0.0,2810.952429148163,T007,1521.9129998083026,A02,existing
P1236_45,G1,A_batteries,G1-A_batteries-02,T007,4332.865428956466,8394.169789148978,,,A02,existing
P1236_45,G1,A_batteries,G1-A_batteries-03,T023,6053.623633624929,8794.320358969193,,,A03,existing
P1236_45,G1,A_batteries,G1-A_batteries-04,T020,6940.906426065389,10151.116923729283,,,A04,existing
P1236_45,G1,B_batteries,G1-B_batteries-01,T005,0.0,2343.7606215473797,T006,2768.712352805833,B01,existing
P1236_45,G1,B_batteries,G1-B_batteries-01,T006,5112.4729743532125,7435.544137052532,,,B01,existing
P1236_45,G1,B_batteries,G1-B_batteries-02,T013,2.631913957884535e-07,3917.286899235777,T014_2,1642.441304681539,B02,existing
P1236_45,G1,B_batteries,G1-B_batteries-02,T014_2,5559.728203917316,9106.026402123385,,,B02,existing
P1236_45,G1,B_batteries,G1-B_batteries-03,T021,3656.6868324303223,7421.910255834926,T022,2291.583222693718,B03,existing
P1236_45,G1,B_batteries,G1-B_batteries-03,T022,9713.493478528644,12750.274657105232,,,B03,existing
P1236_45,G1,C_batteries,G1-C_batteries-01,T003,0.0,2947.606630665684,T001,318.6530583628155,C01,existing
P1236_45,G1,C_batteries,G1-C_batteries-01,T001,3266.2596890284995,6416.352542791451,,,C01,existing
P1236_45,G1,C_batteries,G1-C_batteries-02,T010_1,0.0,3563.4170832737245,T012,46.57780265400197,C02,existing
P1236_45,G1,C_batteries,G1-C_batteries-02,T012,3609.9948859277265,8217.742244657848,,,C02,existing
P1236_45,G1,C_batteries,G1-C_batteries-03,T004,1434.4262775174655,5752.089857916125,T018,5.000100000000202,C03,existing
P1236_45,G1,C_batteries,G1-C_batteries-03,T018,5757.089957916125,10691.253758748288,,,C03,existing
P1236_45,G1,C_batteries,G1-C_batteries-04,T019_2,4832.685966545964,9540.547812933855,,,C04,existing
P1236_45,G1,relay_aircraft,G1-relay_aircraft-01,R003,5.186098884268291,7850.634235067152,R004,1733.0453420825716,R01,existing
P1236_45,G1,relay_aircraft,G1-relay_aircraft-01,R004,9583.679577149724,11813.399509678484,,,R01,existing
P1236_45,G1,relay_aircraft,G1-relay_aircraft-02,R001,162.1373190294086,2129.297638856331,R002,2462.7051091295434,R02,existing
P1236_45,G1,relay_aircraft,G1-relay_aircraft-02,R002,4592.0027479858745,9578.679477149724,,,R02,existing
P1236_45,G1,relay_components,G1-relay_components-01,R003,5.186098884268291,8956.255878782365,R004,627.4236983673582,RE01,existing
P1236_45,G1,relay_components,G1-relay_components-01,R004,9583.679577149724,12221.929892002603,,,RE01,existing
P1236_45,G1,relay_components,G1-relay_components-02,R001,162.1373190294086,2493.9201725268517,R002,2098.082575459023,RE02,existing
P1236_45,G1,relay_components,G1-relay_components-02,R002,4592.0027479858745,10318.120453993146,,,RE02,existing
P1236_45,G2,A_aircraft,G2-A_aircraft-01,T009,0.0,1316.0142144169886,T002_2,896.854901909097,U03,existing
P1236_45,G2,A_aircraft,G2-A_aircraft-01,T002_2,2212.8691163260855,3815.461852306258,T017,3953.9901172072023,U03,existing
P1236_45,G2,A_aircraft,G2-A_aircraft-01,T017,7769.45196951346,10113.299044225432,,,U03,existing
P1236_45,G2,A_aircraft,G2-A_aircraft-02,T011,2058.1153733026395,4188.754462062222,,,U04,existing
P1236_45,G2,B_aircraft,G2-B_aircraft-01,T015,2097.1153733026395,3651.686732430321,,,NEW-B_aircraft-01,procurement_required
P1236_45,G2,B_aircraft,G2-B_aircraft-02,T008,2348.76072154738,4193.299611702947,,,NEW-B_aircraft-02,procurement_required
P1236_45,G2,C_aircraft,G2-C_aircraft-01,T010_2,1828.2245061505073,3261.2595890284992,,,NEW-C_aircraft-01,procurement_required
P1236_45,G2,A_batteries,G2-A_batteries-01,T009,0.0,2207.8690163260853,T002_2,5.000100000000202,A05,existing
P1236_45,G2,A_batteries,G2-A_batteries-01,T002_2,2212.8691163260855,4879.929014022942,T017,2889.522955490518,A05,existing
P1236_45,G2,A_batteries,G2-A_batteries-01,T017,7769.45196951346,11476.863027475007,,,A05,existing
P1236_45,G2,A_batteries,G2-A_batteries-02,T011,2058.1153733026395,5546.539457030654,,,A06,existing
P1236_45,G2,B_batteries,G2-B_batteries-01,T015,2097.1153733026395,5107.472874353213,,,B04,existing
P1236_45,G2,B_batteries,G2-B_batteries-02,T008,2348.76072154738,5781.961574782329,,,NEW-B_batteries-01,procurement_required
P1236_45,G2,C_batteries,G2-C_batteries-01,T010_2,1828.2245061505073,4709.032782226957,,,NEW-C_batteries-01,procurement_required
P1236_45,G2,relay_aircraft,G2-relay_aircraft-01,R005,2134.2977388563304,4587.002647985877,R006,3268.6316870812743,NEW-relay_aircraft-01,procurement_required
P1236_45,G2,relay_aircraft,G2-relay_aircraft-01,R006,7855.634335067151,10510.693895951956,,,NEW-relay_aircraft-01,procurement_required
P1236_45,G2,relay_components,G2-relay_components-01,R005,2134.2977388563304,5015.591855407197,R006,2840.0424796599546,RE03,existing
P1236_45,G2,relay_components,G2-relay_components-01,R006,7855.634335067151,10964.401779763033,,,RE03,existing
P123_456,G1,A_aircraft,G1-A_aircraft-01,T002_1,0.0,1652.4416357195464,T016,2705.4237932369183,U01,existing
P123_456,G1,A_aircraft,G1-A_aircraft-01,T016,4357.865428956465,6053.623533624929,T023,0.00010000000020227162,U01,existing
P123_456,G1,A_aircraft,G1-A_aircraft-01,T023,6053.623633624929,7689.381738293394,T019_1,9.999999838328222e-05,U01,existing
P123_456,G1,A_aircraft,G1-A_aircraft-01,T019_1,7689.381838293392,9325.139942961858,,,U01,existing
P123_456,G1,A_aircraft,G1-A_aircraft-02,T014_1,0.0,1695.7581046684645,T007,2637.107324288001,U02,existing
P123_456,G1,A_aircraft,G1-A_aircraft-02,T007,4332.865428956466,6940.9063260653875,T020,0.00010000000111176632,U02,existing
P123_456,G1,A_aircraft,G1-A_aircraft-02,T020,6940.906426065389,8911.116273042207,,,U02,existing
P123_456,G1,B_aircraft,G1-B_aircraft-01,T005,0.0,1210.3573074816584,T021,2446.3295249486637,U05,existing
P123_456,G1,B_aircraft,G1-B_aircraft-01,T021,3656.6868324303223,5554.728103917317,T022,4158.765374611327,U05,existing
P123_456,G1,B_aircraft,G1-B_aircraft-01,T022,9713.493478528644,11214.272215143501,,,U05,existing
P123_456,G1,B_aircraft,G1-B_aircraft-02,T013,2.631913957884535e-07,1958.0412717501863,T014_2,3601.6869321671297,U06,existing
P123_456,G1,B_aircraft,G1-B_aircraft-02,T014_2,5559.728203917316,7425.499213465236,,,U06,existing
P123_456,G1,C_aircraft,G1-C_aircraft-01,T003,0.0,1429.4261775174655,T004,5.000099999999975,U07,existing
P123_456,G1,C_aircraft,G1-C_aircraft-01,T004,1434.4262775174655,3604.9947859277245,T012,5.000100000002021,U07,existing
P123_456,G1,C_aircraft,G1-C_aircraft-01,T012,3609.9948859277265,5725.07652720618,T018,32.01343070994517,U07,existing
P123_456,G1,C_aircraft,G1-C_aircraft-01,T018,5757.089957916125,8192.899478773774,,,U07,existing
P123_456,G1,C_aircraft,G1-C_aircraft-02,T010_1,0.0,1823.224406150507,T001,1443.0352828779924,U08,existing
P123_456,G1,C_aircraft,G1-C_aircraft-02,T001,3266.2596890284995,4827.685866545965,T019_2,5.000099999999293,U08,existing
P123_456,G1,C_aircraft,G1-C_aircraft-02,T019_2,4832.685966545964,7071.870031513806,,,U08,existing
P123_456,G1,A_batteries,G1-A_batteries-01,T002_1,0.0,2667.5322461730734,T016,1690.3331827833913,A01,existing
P123_456,G1,A_batteries,G1-A_batteries-01,T016,4357.865428956465,7189.599845781131,T019_1,499.78199251226124,A01,existing
P123_456,G1,A_batteries,G1-A_batteries-01,T019_1,7689.381838293392,10409.758236602142,,,A01,existing
P123_456,G1,A_batteries,G1-A_batteries-02,T014_1,0.0,2810.952429148163,T007,1521.9129998083026,A02,existing
P123_456,G1,A_batteries,G1-A_batteries-02,T007,4332.865428956466,8394.169789148978,,,A02,existing
P123_456,G1,A_batteries,G1-A_batteries-03,T023,6053.623633624929,8794.320358969193,,,A03,existing
P123_456,G1,A_batteries,G1-A_batteries-04,T020,6940.906426065389,10151.116923729283,,,A04,existing
P123_456,G1,B_batteries,G1-B_batteries-01,T005,0.0,2343.7606215473797,T021,1312.9262108829425,B01,existing
P123_456,G1,B_batteries,G1-B_batteries-01,T021,3656.6868324303223,7421.910255834926,T022,2291.583222693718,B01,existing
P123_456,G1,B_batteries,G1-B_batteries-01,T022,9713.493478528644,12750.274657105232,,,B01,existing
P123_456,G1,B_batteries,G1-B_batteries-02,T013,2.631913957884535e-07,3917.286899235777,T014_2,1642.441304681539,B02,existing
P123_456,G1,B_batteries,G1-B_batteries-02,T014_2,5559.728203917316,9106.026402123385,,,B02,existing
P123_456,G1,C_batteries,G1-C_batteries-01,T003,0.0,2947.606630665684,T001,318.6530583628155,C01,existing
P123_456,G1,C_batteries,G1-C_batteries-01,T001,3266.2596890284995,6416.352542791451,,,C01,existing
P123_456,G1,C_batteries,G1-C_batteries-02,T010_1,0.0,3563.4170832737245,T012,46.57780265400197,C02,existing
P123_456,G1,C_batteries,G1-C_batteries-02,T012,3609.9948859277265,8217.742244657848,,,C02,existing
P123_456,G1,C_batteries,G1-C_batteries-03,T004,1434.4262775174655,5752.089857916125,T018,5.000100000000202,C03,existing
P123_456,G1,C_batteries,G1-C_batteries-03,T018,5757.089957916125,10691.253758748288,,,C03,existing
P123_456,G1,C_batteries,G1-C_batteries-04,T019_2,4832.685966545964,9540.547812933855,,,C04,existing
P123_456,G1,relay_aircraft,G1-relay_aircraft-01,R003,5.186098884268291,7850.634235067152,R004,1733.0453420825716,R01,existing
P123_456,G1,relay_aircraft,G1-relay_aircraft-01,R004,9583.679577149724,11813.399509678484,,,R01,existing
P123_456,G1,relay_aircraft,G1-relay_aircraft-02,R001,162.1373190294086,2129.297638856331,R002,2462.7051091295434,R02,existing
P123_456,G1,relay_aircraft,G1-relay_aircraft-02,R002,4592.0027479858745,9578.679477149724,,,R02,existing
P123_456,G1,relay_components,G1-relay_components-01,R003,5.186098884268291,8956.255878782365,R004,627.4236983673582,RE01,existing
P123_456,G1,relay_components,G1-relay_components-01,R004,9583.679577149724,12221.929892002603,,,RE01,existing
P123_456,G1,relay_components,G1-relay_components-02,R001,162.1373190294086,2493.9201725268517,R002,2098.082575459023,RE02,existing
P123_456,G1,relay_components,G1-relay_components-02,R002,4592.0027479858745,10318.120453993146,,,RE02,existing
P123_456,G2,A_aircraft,G2-A_aircraft-01,T009,0.0,1316.0142144169886,T002_2,896.854901909097,U03,existing
P123_456,G2,A_aircraft,G2-A_aircraft-01,T002_2,2212.8691163260855,3815.461852306258,T017,3953.9901172072023,U03,existing
P123_456,G2,A_aircraft,G2-A_aircraft-01,T017,7769.45196951346,10113.299044225432,,,U03,existing
P123_456,G2,A_aircraft,G2-A_aircraft-02,T011,2058.1153733026395,4188.754462062222,,,U04,existing
P123_456,G2,B_aircraft,G2-B_aircraft-01,T015,2097.1153733026395,3651.686732430321,T006,1460.7862419228913,NEW-B_aircraft-01,procurement_required
P123_456,G2,B_aircraft,G2-B_aircraft-01,T006,5112.4729743532125,6302.1032600896515,,,NEW-B_aircraft-01,procurement_required
P123_456,G2,B_aircraft,G2-B_aircraft-02,T008,2348.76072154738,4193.299611702947,,,NEW-B_aircraft-02,procurement_required
P123_456,G2,C_aircraft,G2-C_aircraft-01,T010_2,1828.2245061505073,3261.2595890284992,,,NEW-C_aircraft-01,procurement_required
P123_456,G2,A_batteries,G2-A_batteries-01,T009,0.0,2207.8690163260853,T002_2,5.000100000000202,A05,existing
P123_456,G2,A_batteries,G2-A_batteries-01,T002_2,2212.8691163260855,4879.929014022942,T017,2889.522955490518,A05,existing
P123_456,G2,A_batteries,G2-A_batteries-01,T017,7769.45196951346,11476.863027475007,,,A05,existing
P123_456,G2,A_batteries,G2-A_batteries-02,T011,2058.1153733026395,5546.539457030654,,,A06,existing
P123_456,G2,B_batteries,G2-B_batteries-01,T015,2097.1153733026395,5107.472874353213,T006,5.000099999999293,B03,existing
P123_456,G2,B_batteries,G2-B_batteries-01,T006,5112.4729743532125,7435.544137052532,,,B03,existing
P123_456,G2,B_batteries,G2-B_batteries-02,T008,2348.76072154738,5781.961574782329,,,B04,existing
P123_456,G2,C_batteries,G2-C_batteries-01,T010_2,1828.2245061505073,4709.032782226957,,,NEW-C_batteries-01,procurement_required
P123_456,G2,relay_aircraft,G2-relay_aircraft-01,R005,2134.2977388563304,4587.002647985877,R006,3268.6316870812743,NEW-relay_aircraft-01,procurement_required
P123_456,G2,relay_aircraft,G2-relay_aircraft-01,R006,7855.634335067151,10510.693895951956,,,NEW-relay_aircraft-01,procurement_required
P123_456,G2,relay_components,G2-relay_components-01,R005,2134.2977388563304,5015.591855407197,R006,2840.0424796599546,RE03,existing
P123_456,G2,relay_components,G2-relay_components-01,R006,7855.634335067151,10964.401779763033,,,RE03,existing
P12456_3,G1,A_aircraft,G1-A_aircraft-01,T009,0.0,1316.0142144169886,T002_2,896.854901909097,U01,existing
P12456_3,G1,A_aircraft,G1-A_aircraft-01,T002_2,2212.8691163260855,3815.461852306258,T017,3953.9901172072023,U01,existing
P12456_3,G1,A_aircraft,G1-A_aircraft-01,T017,7769.45196951346,10113.299044225432,,,U01,existing
P12456_3,G1,A_aircraft,G1-A_aircraft-02,T011,2058.1153733026395,4188.754462062222,,,U02,existing
P12456_3,G1,B_aircraft,G1-B_aircraft-01,T005,0.0,1210.3573074816584,T008,1138.4034140657216,U05,existing
P12456_3,G1,B_aircraft,G1-B_aircraft-01,T008,2348.76072154738,4193.299611702947,T006,919.1733626502655,U05,existing
P12456_3,G1,B_aircraft,G1-B_aircraft-01,T006,5112.4729743532125,6302.1032600896515,T022,3411.3902184389926,U05,existing
P12456_3,G1,B_aircraft,G1-B_aircraft-01,T022,9713.493478528644,11214.272215143501,,,U05,existing
P12456_3,G1,B_aircraft,G1-B_aircraft-02,T013,2.631913957884535e-07,1958.0412717501863,T015,139.07410155245316,U06,existing
P12456_3,G1,B_aircraft,G1-B_aircraft-02,T015,2097.1153733026395,3651.686732430321,T021,5.000100000001112,U06,existing
P12456_3,G1,B_aircraft,G1-B_aircraft-02,T021,3656.6868324303223,5554.728103917317,T014_2,5.000099999999293,U06,existing
P12456_3,G1,B_aircraft,G1-B_aircraft-02,T014_2,5559.728203917316,7425.499213465236,,,U06,existing
P12456_3,G1,C_aircraft,G1-C_aircraft-01,T003,0.0,1429.4261775174655,T004,5.000099999999975,U07,existing
P12456_3,G1,C_aircraft,G1-C_aircraft-01,T004,1434.4262775174655,3604.9947859277245,T012,5.000100000002021,U07,existing
P12456_3,G1,C_aircraft,G1-C_aircraft-01,T012,3609.9948859277265,5725.07652720618,,,U07,existing
P12456_3,G1,C_aircraft,G1-C_aircraft-02,T010_2,1828.2245061505073,3261.2595890284992,T001,5.000100000000202,U08,existing
P12456_3,G1,C_aircraft,G1-C_aircraft-02,T001,3266.2596890284995,4827.685866545965,T019_2,5.000099999999293,U08,existing
P12456_3,G1,C_aircraft,G1-C_aircraft-02,T019_2,4832.685966545964,7071.870031513806,,,U08,existing
P12456_3,G1,A_batteries,G1-A_batteries-01,T009,0.0,2207.8690163260853,T002_2,5.000100000000202,A01,existing
P12456_3,G1,A_batteries,G1-A_batteries-01,T002_2,2212.8691163260855,4879.929014022942,T017,2889.522955490518,A01,existing
P12456_3,G1,A_batteries,G1-A_batteries-01,T017,7769.45196951346,11476.863027475007,,,A01,existing
P12456_3,G1,A_batteries,G1-A_batteries-02,T011,2058.1153733026395,5546.539457030654,,,A02,existing
P12456_3,G1,B_batteries,G1-B_batteries-01,T005,0.0,2343.7606215473797,T021,1312.9262108829425,B01,existing
P12456_3,G1,B_batteries,G1-B_batteries-01,T021,3656.6868324303223,7421.910255834926,,,B01,existing
P12456_3,G1,B_batteries,G1-B_batteries-02,T013,2.631913957884535e-07,3917.286899235777,T006,1195.1860751174354,B02,existing
P12456_3,G1,B_batteries,G1-B_batteries-02,T006,5112.4729743532125,7435.544137052532,,,B02,existing
P12456_3,G1,B_batteries,G1-B_batteries-03,T015,2097.1153733026395,5107.472874353213,T014_2,452.2553295641028,B03,existing
P12456_3,G1,B_batteries,G1-B_batteries-03,T014_2,5559.728203917316,9106.026402123385,,,B03,existing
P12456_3,G1,B_batteries,G1-B_batteries-04,T008,2348.76072154738,5781.961574782329,T022,3931.531903746315,B04,existing
P12456_3,G1,B_batteries,G1-B_batteries-04,T022,9713.493478528644,12750.274657105232,,,B04,existing
P12456_3,G1,C_batteries,G1-C_batteries-01,T003,0.0,2947.606630665684,T001,318.6530583628155,C01,existing
P12456_3,G1,C_batteries,G1-C_batteries-01,T001,3266.2596890284995,6416.352542791451,,,C01,existing
P12456_3,G1,C_batteries,G1-C_batteries-02,T004,1434.4262775174655,5752.089857916125,,,C02,existing
P12456_3,G1,C_batteries,G1-C_batteries-03,T010_2,1828.2245061505073,4709.032782226957,T019_2,123.65318431900687,C03,existing
P12456_3,G1,C_batteries,G1-C_batteries-03,T019_2,4832.685966545964,9540.547812933855,,,C03,existing
P12456_3,G1,C_batteries,G1-C_batteries-04,T012,3609.9948859277265,8217.742244657848,,,C04,existing
P12456_3,G1,relay_aircraft,G1-relay_aircraft-01,R003,5.186098884268291,7850.634235067152,R004,1733.0453420825716,R01,existing
P12456_3,G1,relay_aircraft,G1-relay_aircraft-01,R004,9583.679577149724,11813.399509678484,,,R01,existing
P12456_3,G1,relay_aircraft,G1-relay_aircraft-02,R005,2134.2977388563304,4587.002647985877,R006,3268.6316870812743,R02,existing
P12456_3,G1,relay_aircraft,G1-relay_aircraft-02,R006,7855.634335067151,10510.693895951956,,,R02,existing
P12456_3,G1,relay_components,G1-relay_components-01,R003,5.186098884268291,8956.255878782365,R004,627.4236983673582,RE01,existing
P12456_3,G1,relay_components,G1-relay_components-01,R004,9583.679577149724,12221.929892002603,,,RE01,existing
P12456_3,G1,relay_components,G1-relay_components-02,R005,2134.2977388563304,5015.591855407197,R006,2840.0424796599546,RE02,existing
P12456_3,G1,relay_components,G1-relay_components-02,R006,7855.634335067151,10964.401779763033,,,RE02,existing
P12456_3,G2,A_aircraft,G2-A_aircraft-01,T002_1,0.0,1652.4416357195464,T016,2705.4237932369183,U03,existing
P12456_3,G2,A_aircraft,G2-A_aircraft-01,T016,4357.865428956465,6053.623533624929,T023,0.00010000000020227162,U03,existing
P12456_3,G2,A_aircraft,G2-A_aircraft-01,T023,6053.623633624929,7689.381738293394,T019_1,9.999999838328222e-05,U03,existing
P12456_3,G2,A_aircraft,G2-A_aircraft-01,T019_1,7689.381838293392,9325.139942961858,,,U03,existing
P12456_3,G2,A_aircraft,G2-A_aircraft-02,T014_1,0.0,1695.7581046684645,T007,2637.107324288001,U04,existing
P12456_3,G2,A_aircraft,G2-A_aircraft-02,T007,4332.865428956466,6940.9063260653875,T020,0.00010000000111176632,U04,existing
P12456_3,G2,A_aircraft,G2-A_aircraft-02,T020,6940.906426065389,8911.116273042207,,,U04,existing
P12456_3,G2,C_aircraft,G2-C_aircraft-01,T010_1,0.0,1823.224406150507,T018,3933.865551765618,NEW-C_aircraft-01,procurement_required
P12456_3,G2,C_aircraft,G2-C_aircraft-01,T018,5757.089957916125,8192.899478773774,,,NEW-C_aircraft-01,procurement_required
P12456_3,G2,A_batteries,G2-A_batteries-01,T002_1,0.0,2667.5322461730734,T016,1690.3331827833913,A03,existing
P12456_3,G2,A_batteries,G2-A_batteries-01,T016,4357.865428956465,7189.599845781131,T019_1,499.78199251226124,A03,existing
P12456_3,G2,A_batteries,G2-A_batteries-01,T019_1,7689.381838293392,10409.758236602142,,,A03,existing
P12456_3,G2,A_batteries,G2-A_batteries-02,T014_1,0.0,2810.952429148163,T007,1521.9129998083026,A04,existing
P12456_3,G2,A_batteries,G2-A_batteries-02,T007,4332.865428956466,8394.169789148978,,,A04,existing
P12456_3,G2,A_batteries,G2-A_batteries-03,T023,6053.623633624929,8794.320358969193,,,A05,existing
P12456_3,G2,A_batteries,G2-A_batteries-04,T020,6940.906426065389,10151.116923729283,,,A06,existing
P12456_3,G2,C_batteries,G2-C_batteries-01,T010_1,0.0,3563.4170832737245,T018,2193.6728746424005,NEW-C_batteries-01,procurement_required
P12456_3,G2,C_batteries,G2-C_batteries-01,T018,5757.089957916125,10691.253758748288,,,NEW-C_batteries-01,procurement_required
P12456_3,G2,relay_aircraft,G2-relay_aircraft-01,R001,162.1373190294086,2129.297638856331,R002,2462.7051091295434,NEW-relay_aircraft-01,procurement_required
P12456_3,G2,relay_aircraft,G2-relay_aircraft-01,R002,4592.0027479858745,9578.679477149724,,,NEW-relay_aircraft-01,procurement_required
P12456_3,G2,relay_components,G2-relay_components-01,R001,162.1373190294086,2493.9201725268517,R002,2098.082575459023,RE03,existing
P12456_3,G2,relay_components,G2-relay_components-01,R002,4592.0027479858745,10318.120453993146,,,RE03,existing
P1245_36,G1,A_aircraft,G1-A_aircraft-01,T009,0.0,1316.0142144169886,T002_2,896.854901909097,U01,existing
P1245_36,G1,A_aircraft,G1-A_aircraft-01,T002_2,2212.8691163260855,3815.461852306258,T017,3953.9901172072023,U01,existing
P1245_36,G1,A_aircraft,G1-A_aircraft-01,T017,7769.45196951346,10113.299044225432,,,U01,existing
P1245_36,G1,A_aircraft,G1-A_aircraft-02,T011,2058.1153733026395,4188.754462062222,,,U02,existing
P1245_36,G1,B_aircraft,G1-B_aircraft-01,T005,0.0,1210.3573074816584,T008,1138.4034140657216,U05,existing
P1245_36,G1,B_aircraft,G1-B_aircraft-01,T008,2348.76072154738,4193.299611702947,T014_2,1366.428592214369,U05,existing
P1245_36,G1,B_aircraft,G1-B_aircraft-01,T014_2,5559.728203917316,7425.499213465236,,,U05,existing
P1245_36,G1,B_aircraft,G1-B_aircraft-02,T013,2.631913957884535e-07,1958.0412717501863,T015,139.07410155245316,U06,existing
P1245_36,G1,B_aircraft,G1-B_aircraft-02,T015,2097.1153733026395,3651.686732430321,T021,5.000100000001112,U06,existing
P1245_36,G1,B_aircraft,G1-B_aircraft-02,T021,3656.6868324303223,5554.728103917317,T022,4158.765374611327,U06,existing
P1245_36,G1,B_aircraft,G1-B_aircraft-02,T022,9713.493478528644,11214.272215143501,,,U06,existing
P1245_36,G1,C_aircraft,G1-C_aircraft-01,T003,0.0,1429.4261775174655,T004,5.000099999999975,U07,existing
P1245_36,G1,C_aircraft,G1-C_aircraft-01,T004,1434.4262775174655,3604.9947859277245,T012,5.000100000002021,U07,existing
P1245_36,G1,C_aircraft,G1-C_aircraft-01,T012,3609.9948859277265,5725.07652720618,,,U07,existing
P1245_36,G1,C_aircraft,G1-C_aircraft-02,T010_2,1828.2245061505073,3261.2595890284992,T001,5.000100000000202,U08,existing
P1245_36,G1,C_aircraft,G1-C_aircraft-02,T001,3266.2596890284995,4827.685866545965,T019_2,5.000099999999293,U08,existing
P1245_36,G1,C_aircraft,G1-C_aircraft-02,T019_2,4832.685966545964,7071.870031513806,,,U08,existing
P1245_36,G1,A_batteries,G1-A_batteries-01,T009,0.0,2207.8690163260853,T002_2,5.000100000000202,A01,existing
P1245_36,G1,A_batteries,G1-A_batteries-01,T002_2,2212.8691163260855,4879.929014022942,T017,2889.522955490518,A01,existing
P1245_36,G1,A_batteries,G1-A_batteries-01,T017,7769.45196951346,11476.863027475007,,,A01,existing
P1245_36,G1,A_batteries,G1-A_batteries-02,T011,2058.1153733026395,5546.539457030654,,,A02,existing
P1245_36,G1,B_batteries,G1-B_batteries-01,T005,0.0,2343.7606215473797,T021,1312.9262108829425,B01,existing
P1245_36,G1,B_batteries,G1-B_batteries-01,T021,3656.6868324303223,7421.910255834926,,,B01,existing
P1245_36,G1,B_batteries,G1-B_batteries-02,T013,2.631913957884535e-07,3917.286899235777,T014_2,1642.441304681539,B02,existing
P1245_36,G1,B_batteries,G1-B_batteries-02,T014_2,5559.728203917316,9106.026402123385,,,B02,existing
P1245_36,G1,B_batteries,G1-B_batteries-03,T015,2097.1153733026395,5107.472874353213,T022,4606.020604175431,B03,existing
P1245_36,G1,B_batteries,G1-B_batteries-03,T022,9713.493478528644,12750.274657105232,,,B03,existing
P1245_36,G1,B_batteries,G1-B_batteries-04,T008,2348.76072154738,5781.961574782329,,,B04,existing
P1245_36,G1,C_batteries,G1-C_batteries-01,T003,0.0,2947.606630665684,T001,318.6530583628155,C01,existing
P1245_36,G1,C_batteries,G1-C_batteries-01,T001,3266.2596890284995,6416.352542791451,,,C01,existing
P1245_36,G1,C_batteries,G1-C_batteries-02,T004,1434.4262775174655,5752.089857916125,,,C02,existing
P1245_36,G1,C_batteries,G1-C_batteries-03,T010_2,1828.2245061505073,4709.032782226957,T019_2,123.65318431900687,C03,existing
P1245_36,G1,C_batteries,G1-C_batteries-03,T019_2,4832.685966545964,9540.547812933855,,,C03,existing
P1245_36,G1,C_batteries,G1-C_batteries-04,T012,3609.9948859277265,8217.742244657848,,,C04,existing
P1245_36,G1,relay_aircraft,G1-relay_aircraft-01,R003,5.186098884268291,7850.634235067152,R004,1733.0453420825716,R01,existing
P1245_36,G1,relay_aircraft,G1-relay_aircraft-01,R004,9583.679577149724,11813.399509678484,,,R01,existing
P1245_36,G1,relay_aircraft,G1-relay_aircraft-02,R005,2134.2977388563304,4587.002647985877,R006,3268.6316870812743,R02,existing
P1245_36,G1,relay_aircraft,G1-relay_aircraft-02,R006,7855.634335067151,10510.693895951956,,,R02,existing
P1245_36,G1,relay_components,G1-relay_components-01,R003,5.186098884268291,8956.255878782365,R004,627.4236983673582,RE01,existing
P1245_36,G1,relay_components,G1-relay_components-01,R004,9583.679577149724,12221.929892002603,,,RE01,existing
P1245_36,G1,relay_components,G1-relay_components-02,R005,2134.2977388563304,5015.591855407197,R006,2840.0424796599546,RE02,existing
P1245_36,G1,relay_components,G1-relay_components-02,R006,7855.634335067151,10964.401779763033,,,RE02,existing
P1245_36,G2,A_aircraft,G2-A_aircraft-01,T002_1,0.0,1652.4416357195464,T016,2705.4237932369183,U03,existing
P1245_36,G2,A_aircraft,G2-A_aircraft-01,T016,4357.865428956465,6053.623533624929,T023,0.00010000000020227162,U03,existing
P1245_36,G2,A_aircraft,G2-A_aircraft-01,T023,6053.623633624929,7689.381738293394,T019_1,9.999999838328222e-05,U03,existing
P1245_36,G2,A_aircraft,G2-A_aircraft-01,T019_1,7689.381838293392,9325.139942961858,,,U03,existing
P1245_36,G2,A_aircraft,G2-A_aircraft-02,T014_1,0.0,1695.7581046684645,T007,2637.107324288001,U04,existing
P1245_36,G2,A_aircraft,G2-A_aircraft-02,T007,4332.865428956466,6940.9063260653875,T020,0.00010000000111176632,U04,existing
P1245_36,G2,A_aircraft,G2-A_aircraft-02,T020,6940.906426065389,8911.116273042207,,,U04,existing
P1245_36,G2,B_aircraft,G2-B_aircraft-01,T006,5112.4729743532125,6302.1032600896515,,,NEW-B_aircraft-01,procurement_required
P1245_36,G2,C_aircraft,G2-C_aircraft-01,T010_1,0.0,1823.224406150507,T018,3933.865551765618,NEW-C_aircraft-01,procurement_required
P1245_36,G2,C_aircraft,G2-C_aircraft-01,T018,5757.089957916125,8192.899478773774,,,NEW-C_aircraft-01,procurement_required
P1245_36,G2,A_batteries,G2-A_batteries-01,T002_1,0.0,2667.5322461730734,T016,1690.3331827833913,A03,existing
P1245_36,G2,A_batteries,G2-A_batteries-01,T016,4357.865428956465,7189.599845781131,T019_1,499.78199251226124,A03,existing
P1245_36,G2,A_batteries,G2-A_batteries-01,T019_1,7689.381838293392,10409.758236602142,,,A03,existing
P1245_36,G2,A_batteries,G2-A_batteries-02,T014_1,0.0,2810.952429148163,T007,1521.9129998083026,A04,existing
P1245_36,G2,A_batteries,G2-A_batteries-02,T007,4332.865428956466,8394.169789148978,,,A04,existing
P1245_36,G2,A_batteries,G2-A_batteries-03,T023,6053.623633624929,8794.320358969193,,,A05,existing
P1245_36,G2,A_batteries,G2-A_batteries-04,T020,6940.906426065389,10151.116923729283,,,A06,existing
P1245_36,G2,B_batteries,G2-B_batteries-01,T006,5112.4729743532125,7435.544137052532,,,NEW-B_batteries-01,procurement_required
P1245_36,G2,C_batteries,G2-C_batteries-01,T010_1,0.0,3563.4170832737245,T018,2193.6728746424005,NEW-C_batteries-01,procurement_required
P1245_36,G2,C_batteries,G2-C_batteries-01,T018,5757.089957916125,10691.253758748288,,,NEW-C_batteries-01,procurement_required
P1245_36,G2,relay_aircraft,G2-relay_aircraft-01,R001,162.1373190294086,2129.297638856331,R002,2462.7051091295434,NEW-relay_aircraft-01,procurement_required
P1245_36,G2,relay_aircraft,G2-relay_aircraft-01,R002,4592.0027479858745,9578.679477149724,,,NEW-relay_aircraft-01,procurement_required
P1245_36,G2,relay_components,G2-relay_components-01,R001,162.1373190294086,2493.9201725268517,R002,2098.082575459023,RE03,existing
P1245_36,G2,relay_components,G2-relay_components-01,R002,4592.0027479858745,10318.120453993146,,,RE03,existing
P1246_35,G1,A_aircraft,G1-A_aircraft-01,T009,0.0,1316.0142144169886,,,U01,existing
P1246_35,G1,B_aircraft,G1-B_aircraft-01,T005,0.0,1210.3573074816584,T006,3902.115666871554,U05,existing
P1246_35,G1,B_aircraft,G1-B_aircraft-01,T006,5112.4729743532125,6302.1032600896515,T022,3411.3902184389926,U05,existing
P1246_35,G1,B_aircraft,G1-B_aircraft-01,T022,9713.493478528644,11214.272215143501,,,U05,existing
P1246_35,G1,B_aircraft,G1-B_aircraft-02,T013,2.631913957884535e-07,1958.0412717501863,T021,1698.645560680136,U06,existing
P1246_35,G1,B_aircraft,G1-B_aircraft-02,T021,3656.6868324303223,5554.728103917317,T014_2,5.000099999999293,U06,existing
P1246_35,G1,B_aircraft,G1-B_aircraft-02,T014_2,5559.728203917316,7425.499213465236,,,U06,existing
P1246_35,G1,C_aircraft,G1-C_aircraft-01,T003,0.0,1429.4261775174655,T004,5.000099999999975,U07,existing
P1246_35,G1,C_aircraft,G1-C_aircraft-01,T004,1434.4262775174655,3604.9947859277245,T012,5.000100000002021,U07,existing
P1246_35,G1,C_aircraft,G1-C_aircraft-01,T012,3609.9948859277265,5725.07652720618,,,U07,existing
P1246_35,G1,C_aircraft,G1-C_aircraft-02,T010_2,1828.2245061505073,3261.2595890284992,T001,5.000100000000202,U08,existing
P1246_35,G1,C_aircraft,G1-C_aircraft-02,T001,3266.2596890284995,4827.685866545965,T019_2,5.000099999999293,U08,existing
P1246_35,G1,C_aircraft,G1-C_aircraft-02,T019_2,4832.685966545964,7071.870031513806,,,U08,existing
P1246_35,G1,A_batteries,G1-A_batteries-01,T009,0.0,2207.8690163260853,,,A01,existing
P1246_35,G1,B_batteries,G1-B_batteries-01,T005,0.0,2343.7606215473797,T006,2768.712352805833,B01,existing
P1246_35,G1,B_batteries,G1-B_batteries-01,T006,5112.4729743532125,7435.544137052532,,,B01,existing
P1246_35,G1,B_batteries,G1-B_batteries-02,T013,2.631913957884535e-07,3917.286899235777,T014_2,1642.441304681539,B02,existing
P1246_35,G1,B_batteries,G1-B_batteries-02,T014_2,5559.728203917316,9106.026402123385,,,B02,existing
P1246_35,G1,B_batteries,G1-B_batteries-03,T021,3656.6868324303223,7421.910255834926,T022,2291.583222693718,B03,existing
P1246_35,G1,B_batteries,G1-B_batteries-03,T022,9713.493478528644,12750.274657105232,,,B03,existing
P1246_35,G1,C_batteries,G1-C_batteries-01,T003,0.0,2947.606630665684,T001,318.6530583628155,C01,existing
P1246_35,G1,C_batteries,G1-C_batteries-01,T001,3266.2596890284995,6416.352542791451,,,C01,existing
P1246_35,G1,C_batteries,G1-C_batteries-02,T004,1434.4262775174655,5752.089857916125,,,C02,existing
P1246_35,G1,C_batteries,G1-C_batteries-03,T010_2,1828.2245061505073,4709.032782226957,T019_2,123.65318431900687,C03,existing
P1246_35,G1,C_batteries,G1-C_batteries-03,T019_2,4832.685966545964,9540.547812933855,,,C03,existing
P1246_35,G1,C_batteries,G1-C_batteries-04,T012,3609.9948859277265,8217.742244657848,,,C04,existing
P1246_35,G1,relay_aircraft,G1-relay_aircraft-01,R003,5.186098884268291,7850.634235067152,R004,1733.0453420825716,R01,existing
P1246_35,G1,relay_aircraft,G1-relay_aircraft-01,R004,9583.679577149724,11813.399509678484,,,R01,existing
P1246_35,G1,relay_components,G1-relay_components-01,R003,5.186098884268291,8956.255878782365,R004,627.4236983673582,RE01,existing
P1246_35,G1,relay_components,G1-relay_components-01,R004,9583.679577149724,12221.929892002603,,,RE01,existing
P1246_35,G2,A_aircraft,G2-A_aircraft-01,T002_1,0.0,1652.4416357195464,T002_2,560.4274806065391,U02,existing
P1246_35,G2,A_aircraft,G2-A_aircraft-01,T002_2,2212.8691163260855,3815.461852306258,T016,542.4035766502066,U02,existing
P1246_35,G2,A_aircraft,G2-A_aircraft-01,T016,4357.865428956465,6053.623533624929,T020,887.2828924404594,U02,existing
P1246_35,G2,A_aircraft,G2-A_aircraft-01,T020,6940.906426065389,8911.116273042207,,,U02,existing
P1246_35,G2,A_aircraft,G2-A_aircraft-02,T014_1,0.0,1695.7581046684645,T011,362.35726863417494,U03,existing
P1246_35,G2,A_aircraft,G2-A_aircraft-02,T011,2058.1153733026395,4188.754462062222,T007,144.11096689424357,U03,existing
P1246_35,G2,A_aircraft,G2-A_aircraft-02,T007,4332.865428956466,6940.9063260653875,T019_1,748.4755122280048,U03,existing
P1246_35,G2,A_aircraft,G2-A_aircraft-02,T019_1,7689.381838293392,9325.139942961858,,,U03,existing
P1246_35,G2,A_aircraft,G2-A_aircraft-03,T023,6053.623633624929,7689.381738293394,T017,80.07023122006649,U04,existing
P1246_35,G2,A_aircraft,G2-A_aircraft-03,T017,7769.45196951346,10113.299044225432,,,U04,existing
P1246_35,G2,B_aircraft,G2-B_aircraft-01,T015,2097.1153733026395,3651.686732430321,,,NEW-B_aircraft-01,procurement_required
P1246_35,G2,B_aircraft,G2-B_aircraft-02,T008,2348.76072154738,4193.299611702947,,,NEW-B_aircraft-02,procurement_required
P1246_35,G2,C_aircraft,G2-C_aircraft-01,T010_1,0.0,1823.224406150507,T018,3933.865551765618,NEW-C_aircraft-01,procurement_required
P1246_35,G2,C_aircraft,G2-C_aircraft-01,T018,5757.089957916125,8192.899478773774,,,NEW-C_aircraft-01,procurement_required
P1246_35,G2,A_batteries,G2-A_batteries-01,T002_1,0.0,2667.5322461730734,T016,1690.3331827833913,A02,existing
P1246_35,G2,A_batteries,G2-A_batteries-01,T016,4357.865428956465,7189.599845781131,T017,579.8521237323293,A02,existing
P1246_35,G2,A_batteries,G2-A_batteries-01,T017,7769.45196951346,11476.863027475007,,,A02,existing
P1246_35,G2,A_batteries,G2-A_batteries-02,T014_1,0.0,2810.952429148163,T007,1521.9129998083026,A03,existing
P1246_35,G2,A_batteries,G2-A_batteries-02,T007,4332.865428956466,8394.169789148978,,,A03,existing
P1246_35,G2,A_batteries,G2-A_batteries-03,T011,2058.1153733026395,5546.539457030654,T020,1394.3669690347342,A04,existing
P1246_35,G2,A_batteries,G2-A_batteries-03,T020,6940.906426065389,10151.116923729283,,,A04,existing
P1246_35,G2,A_batteries,G2-A_batteries-04,T002_2,2212.8691163260855,4879.929014022942,T023,1173.6946196019871,A05,existing
P1246_35,G2,A_batteries,G2-A_batteries-04,T023,6053.623633624929,8794.320358969193,,,A05,existing
P1246_35,G2,A_batteries,G2-A_batteries-05,T019_1,7689.381838293392,10409.758236602142,,,A06,existing
P1246_35,G2,B_batteries,G2-B_batteries-01,T015,2097.1153733026395,5107.472874353213,,,B04,existing
P1246_35,G2,B_batteries,G2-B_batteries-02,T008,2348.76072154738,5781.961574782329,,,NEW-B_batteries-01,procurement_required
P1246_35,G2,C_batteries,G2-C_batteries-01,T010_1,0.0,3563.4170832737245,T018,2193.6728746424005,NEW-C_batteries-01,procurement_required
P1246_35,G2,C_batteries,G2-C_batteries-01,T018,5757.089957916125,10691.253758748288,,,NEW-C_batteries-01,procurement_required
P1246_35,G2,relay_aircraft,G2-relay_aircraft-01,R001,162.1373190294086,2129.297638856331,R002,2462.7051091295434,R02,existing
P1246_35,G2,relay_aircraft,G2-relay_aircraft-01,R002,4592.0027479858745,9578.679477149724,,,R02,existing
P1246_35,G2,relay_aircraft,G2-relay_aircraft-02,R005,2134.2977388563304,4587.002647985877,R006,3268.6316870812743,NEW-relay_aircraft-01,procurement_required
P1246_35,G2,relay_aircraft,G2-relay_aircraft-02,R006,7855.634335067151,10510.693895951956,,,NEW-relay_aircraft-01,procurement_required
P1246_35,G2,relay_components,G2-relay_components-01,R001,162.1373190294086,2493.9201725268517,R002,2098.082575459023,RE02,existing
P1246_35,G2,relay_components,G2-relay_components-01,R002,4592.0027479858745,10318.120453993146,,,RE02,existing
P1246_35,G2,relay_components,G2-relay_components-02,R005,2134.2977388563304,5015.591855407197,R006,2840.0424796599546,RE03,existing
P1246_35,G2,relay_components,G2-relay_components-02,R006,7855.634335067151,10964.401779763033,,,RE03,existing
P124_356,G1,A_aircraft,G1-A_aircraft-01,T009,0.0,1316.0142144169886,,,U01,existing
P124_356,G1,B_aircraft,G1-B_aircraft-01,T005,0.0,1210.3573074816584,T021,2446.3295249486637,U05,existing
P124_356,G1,B_aircraft,G1-B_aircraft-01,T021,3656.6868324303223,5554.728103917317,T022,4158.765374611327,U05,existing
P124_356,G1,B_aircraft,G1-B_aircraft-01,T022,9713.493478528644,11214.272215143501,,,U05,existing
P124_356,G1,B_aircraft,G1-B_aircraft-02,T013,2.631913957884535e-07,1958.0412717501863,T014_2,3601.6869321671297,U06,existing
P124_356,G1,B_aircraft,G1-B_aircraft-02,T014_2,5559.728203917316,7425.499213465236,,,U06,existing
P124_356,G1,C_aircraft,G1-C_aircraft-01,T003,0.0,1429.4261775174655,T004,5.000099999999975,U07,existing
P124_356,G1,C_aircraft,G1-C_aircraft-01,T004,1434.4262775174655,3604.9947859277245,T012,5.000100000002021,U07,existing
P124_356,G1,C_aircraft,G1-C_aircraft-01,T012,3609.9948859277265,5725.07652720618,,,U07,existing
P124_356,G1,C_aircraft,G1-C_aircraft-02,T010_2,1828.2245061505073,3261.2595890284992,T001,5.000100000000202,U08,existing
P124_356,G1,C_aircraft,G1-C_aircraft-02,T001,3266.2596890284995,4827.685866545965,T019_2,5.000099999999293,U08,existing
P124_356,G1,C_aircraft,G1-C_aircraft-02,T019_2,4832.685966545964,7071.870031513806,,,U08,existing
P124_356,G1,A_batteries,G1-A_batteries-01,T009,0.0,2207.8690163260853,,,A01,existing
P124_356,G1,B_batteries,G1-B_batteries-01,T005,0.0,2343.7606215473797,T021,1312.9262108829425,B01,existing
P124_356,G1,B_batteries,G1-B_batteries-01,T021,3656.6868324303223,7421.910255834926,T022,2291.583222693718,B01,existing
P124_356,G1,B_batteries,G1-B_batteries-01,T022,9713.493478528644,12750.274657105232,,,B01,existing
P124_356,G1,B_batteries,G1-B_batteries-02,T013,2.631913957884535e-07,3917.286899235777,T014_2,1642.441304681539,B02,existing
P124_356,G1,B_batteries,G1-B_batteries-02,T014_2,5559.728203917316,9106.026402123385,,,B02,existing
P124_356,G1,C_batteries,G1-C_batteries-01,T003,0.0,2947.606630665684,T001,318.6530583628155,C01,existing
P124_356,G1,C_batteries,G1-C_batteries-01,T001,3266.2596890284995,6416.352542791451,,,C01,existing
P124_356,G1,C_batteries,G1-C_batteries-02,T004,1434.4262775174655,5752.089857916125,,,C02,existing
P124_356,G1,C_batteries,G1-C_batteries-03,T010_2,1828.2245061505073,4709.032782226957,T019_2,123.65318431900687,C03,existing
P124_356,G1,C_batteries,G1-C_batteries-03,T019_2,4832.685966545964,9540.547812933855,,,C03,existing
P124_356,G1,C_batteries,G1-C_batteries-04,T012,3609.9948859277265,8217.742244657848,,,C04,existing
P124_356,G1,relay_aircraft,G1-relay_aircraft-01,R003,5.186098884268291,7850.634235067152,R004,1733.0453420825716,R01,existing
P124_356,G1,relay_aircraft,G1-relay_aircraft-01,R004,9583.679577149724,11813.399509678484,,,R01,existing
P124_356,G1,relay_components,G1-relay_components-01,R003,5.186098884268291,8956.255878782365,R004,627.4236983673582,RE01,existing
P124_356,G1,relay_components,G1-relay_components-01,R004,9583.679577149724,12221.929892002603,,,RE01,existing
P124_356,G2,A_aircraft,G2-A_aircraft-01,T002_1,0.0,1652.4416357195464,T002_2,560.4274806065391,U02,existing
P124_356,G2,A_aircraft,G2-A_aircraft-01,T002_2,2212.8691163260855,3815.461852306258,T016,542.4035766502066,U02,existing
P124_356,G2,A_aircraft,G2-A_aircraft-01,T016,4357.865428956465,6053.623533624929,T020,887.2828924404594,U02,existing
P124_356,G2,A_aircraft,G2-A_aircraft-01,T020,6940.906426065389,8911.116273042207,,,U02,existing
P124_356,G2,A_aircraft,G2-A_aircraft-02,T014_1,0.0,1695.7581046684645,T011,362.35726863417494,U03,existing
P124_356,G2,A_aircraft,G2-A_aircraft-02,T011,2058.1153733026395,4188.754462062222,T007,144.11096689424357,U03,existing
P124_356,G2,A_aircraft,G2-A_aircraft-02,T007,4332.865428956466,6940.9063260653875,T019_1,748.4755122280048,U03,existing
P124_356,G2,A_aircraft,G2-A_aircraft-02,T019_1,7689.381838293392,9325.139942961858,,,U03,existing
P124_356,G2,A_aircraft,G2-A_aircraft-03,T023,6053.623633624929,7689.381738293394,T017,80.07023122006649,U04,existing
P124_356,G2,A_aircraft,G2-A_aircraft-03,T017,7769.45196951346,10113.299044225432,,,U04,existing
P124_356,G2,B_aircraft,G2-B_aircraft-01,T015,2097.1153733026395,3651.686732430321,T006,1460.7862419228913,NEW-B_aircraft-01,procurement_required
P124_356,G2,B_aircraft,G2-B_aircraft-01,T006,5112.4729743532125,6302.1032600896515,,,NEW-B_aircraft-01,procurement_required
P124_356,G2,B_aircraft,G2-B_aircraft-02,T008,2348.76072154738,4193.299611702947,,,NEW-B_aircraft-02,procurement_required
P124_356,G2,C_aircraft,G2-C_aircraft-01,T010_1,0.0,1823.224406150507,T018,3933.865551765618,NEW-C_aircraft-01,procurement_required
P124_356,G2,C_aircraft,G2-C_aircraft-01,T018,5757.089957916125,8192.899478773774,,,NEW-C_aircraft-01,procurement_required
P124_356,G2,A_batteries,G2-A_batteries-01,T002_1,0.0,2667.5322461730734,T016,1690.3331827833913,A02,existing
P124_356,G2,A_batteries,G2-A_batteries-01,T016,4357.865428956465,7189.599845781131,T017,579.8521237323293,A02,existing
P124_356,G2,A_batteries,G2-A_batteries-01,T017,7769.45196951346,11476.863027475007,,,A02,existing
P124_356,G2,A_batteries,G2-A_batteries-02,T014_1,0.0,2810.952429148163,T007,1521.9129998083026,A03,existing
P124_356,G2,A_batteries,G2-A_batteries-02,T007,4332.865428956466,8394.169789148978,,,A03,existing
P124_356,G2,A_batteries,G2-A_batteries-03,T011,2058.1153733026395,5546.539457030654,T020,1394.3669690347342,A04,existing
P124_356,G2,A_batteries,G2-A_batteries-03,T020,6940.906426065389,10151.116923729283,,,A04,existing
P124_356,G2,A_batteries,G2-A_batteries-04,T002_2,2212.8691163260855,4879.929014022942,T023,1173.6946196019871,A05,existing
P124_356,G2,A_batteries,G2-A_batteries-04,T023,6053.623633624929,8794.320358969193,,,A05,existing
P124_356,G2,A_batteries,G2-A_batteries-05,T019_1,7689.381838293392,10409.758236602142,,,A06,existing
P124_356,G2,B_batteries,G2-B_batteries-01,T015,2097.1153733026395,5107.472874353213,T006,5.000099999999293,B03,existing
P124_356,G2,B_batteries,G2-B_batteries-01,T006,5112.4729743532125,7435.544137052532,,,B03,existing
P124_356,G2,B_batteries,G2-B_batteries-02,T008,2348.76072154738,5781.961574782329,,,B04,existing
P124_356,G2,C_batteries,G2-C_batteries-01,T010_1,0.0,3563.4170832737245,T018,2193.6728746424005,NEW-C_batteries-01,procurement_required
P124_356,G2,C_batteries,G2-C_batteries-01,T018,5757.089957916125,10691.253758748288,,,NEW-C_batteries-01,procurement_required
P124_356,G2,relay_aircraft,G2-relay_aircraft-01,R001,162.1373190294086,2129.297638856331,R002,2462.7051091295434,R02,existing
P124_356,G2,relay_aircraft,G2-relay_aircraft-01,R002,4592.0027479858745,9578.679477149724,,,R02,existing
P124_356,G2,relay_aircraft,G2-relay_aircraft-02,R005,2134.2977388563304,4587.002647985877,R006,3268.6316870812743,NEW-relay_aircraft-01,procurement_required
P124_356,G2,relay_aircraft,G2-relay_aircraft-02,R006,7855.634335067151,10510.693895951956,,,NEW-relay_aircraft-01,procurement_required
P124_356,G2,relay_components,G2-relay_components-01,R001,162.1373190294086,2493.9201725268517,R002,2098.082575459023,RE02,existing
P124_356,G2,relay_components,G2-relay_components-01,R002,4592.0027479858745,10318.120453993146,,,RE02,existing
P124_356,G2,relay_components,G2-relay_components-02,R005,2134.2977388563304,5015.591855407197,R006,2840.0424796599546,RE03,existing
P124_356,G2,relay_components,G2-relay_components-02,R006,7855.634335067151,10964.401779763033,,,RE03,existing
P1256_34,G1,A_aircraft,G1-A_aircraft-01,T011,2058.1153733026395,4188.754462062222,,,U01,existing
P1256_34,G1,A_aircraft,G1-A_aircraft-02,T002_2,2212.8691163260855,3815.461852306258,T017,3953.9901172072023,U02,existing
P1256_34,G1,A_aircraft,G1-A_aircraft-02,T017,7769.45196951346,10113.299044225432,,,U02,existing
P1256_34,G1,B_aircraft,G1-B_aircraft-01,T005,0.0,1210.3573074816584,T008,1138.4034140657216,U05,existing
P1256_34,G1,B_aircraft,G1-B_aircraft-01,T008,2348.76072154738,4193.299611702947,T006,919.1733626502655,U05,existing
P1256_34,G1,B_aircraft,G1-B_aircraft-01,T006,5112.4729743532125,6302.1032600896515,T022,3411.3902184389926,U05,existing
P1256_34,G1,B_aircraft,G1-B_aircraft-01,T022,9713.493478528644,11214.272215143501,,,U05,existing
P1256_34,G1,B_aircraft,G1-B_aircraft-02,T013,2.631913957884535e-07,1958.0412717501863,T015,139.07410155245316,U06,existing
P1256_34,G1,B_aircraft,G1-B_aircraft-02,T015,2097.1153733026395,3651.686732430321,T021,5.000100000001112,U06,existing
P1256_34,G1,B_aircraft,G1-B_aircraft-02,T021,3656.6868324303223,5554.728103917317,T014_2,5.000099999999293,U06,existing
P1256_34,G1,B_aircraft,G1-B_aircraft-02,T014_2,5559.728203917316,7425.499213465236,,,U06,existing
P1256_34,G1,C_aircraft,G1-C_aircraft-01,T003,0.0,1429.4261775174655,T004,5.000099999999975,U07,existing
P1256_34,G1,C_aircraft,G1-C_aircraft-01,T004,1434.4262775174655,3604.9947859277245,T012,5.000100000002021,U07,existing
P1256_34,G1,C_aircraft,G1-C_aircraft-01,T012,3609.9948859277265,5725.07652720618,,,U07,existing
P1256_34,G1,C_aircraft,G1-C_aircraft-02,T001,3266.2596890284995,4827.685866545965,T019_2,5.000099999999293,U08,existing
P1256_34,G1,C_aircraft,G1-C_aircraft-02,T019_2,4832.685966545964,7071.870031513806,,,U08,existing
P1256_34,G1,A_batteries,G1-A_batteries-01,T011,2058.1153733026395,5546.539457030654,,,A01,existing
P1256_34,G1,A_batteries,G1-A_batteries-02,T002_2,2212.8691163260855,4879.929014022942,T017,2889.522955490518,A02,existing
P1256_34,G1,A_batteries,G1-A_batteries-02,T017,7769.45196951346,11476.863027475007,,,A02,existing
P1256_34,G1,B_batteries,G1-B_batteries-01,T005,0.0,2343.7606215473797,T021,1312.9262108829425,B01,existing
P1256_34,G1,B_batteries,G1-B_batteries-01,T021,3656.6868324303223,7421.910255834926,,,B01,existing
P1256_34,G1,B_batteries,G1-B_batteries-02,T013,2.631913957884535e-07,3917.286899235777,T006,1195.1860751174354,B02,existing
P1256_34,G1,B_batteries,G1-B_batteries-02,T006,5112.4729743532125,7435.544137052532,,,B02,existing
P1256_34,G1,B_batteries,G1-B_batteries-03,T015,2097.1153733026395,5107.472874353213,T014_2,452.2553295641028,B03,existing
P1256_34,G1,B_batteries,G1-B_batteries-03,T014_2,5559.728203917316,9106.026402123385,,,B03,existing
P1256_34,G1,B_batteries,G1-B_batteries-04,T008,2348.76072154738,5781.961574782329,T022,3931.531903746315,B04,existing
P1256_34,G1,B_batteries,G1-B_batteries-04,T022,9713.493478528644,12750.274657105232,,,B04,existing
P1256_34,G1,C_batteries,G1-C_batteries-01,T003,0.0,2947.606630665684,T019_2,1885.0793358802803,C01,existing
P1256_34,G1,C_batteries,G1-C_batteries-01,T019_2,4832.685966545964,9540.547812933855,,,C01,existing
P1256_34,G1,C_batteries,G1-C_batteries-02,T004,1434.4262775174655,5752.089857916125,,,C02,existing
P1256_34,G1,C_batteries,G1-C_batteries-03,T001,3266.2596890284995,6416.352542791451,,,C03,existing
P1256_34,G1,C_batteries,G1-C_batteries-04,T012,3609.9948859277265,8217.742244657848,,,C04,existing
P1256_34,G1,relay_aircraft,G1-relay_aircraft-01,R003,5.186098884268291,7850.634235067152,R004,1733.0453420825716,R01,existing
P1256_34,G1,relay_aircraft,G1-relay_aircraft-01,R004,9583.679577149724,11813.399509678484,,,R01,existing
P1256_34,G1,relay_aircraft,G1-relay_aircraft-02,R005,2134.2977388563304,4587.002647985877,R006,3268.6316870812743,R02,existing
P1256_34,G1,relay_aircraft,G1-relay_aircraft-02,R006,7855.634335067151,10510.693895951956,,,R02,existing
P1256_34,G1,relay_components,G1-relay_components-01,R003,5.186098884268291,8956.255878782365,R004,627.4236983673582,RE01,existing
P1256_34,G1,relay_components,G1-relay_components-01,R004,9583.679577149724,12221.929892002603,,,RE01,existing
P1256_34,G1,relay_components,G1-relay_components-02,R005,2134.2977388563304,5015.591855407197,R006,2840.0424796599546,RE02,existing
P1256_34,G1,relay_components,G1-relay_components-02,R006,7855.634335067151,10964.401779763033,,,RE02,existing
P1256_34,G2,A_aircraft,G2-A_aircraft-01,T002_1,0.0,1652.4416357195464,T016,2705.4237932369183,U03,existing
P1256_34,G2,A_aircraft,G2-A_aircraft-01,T016,4357.865428956465,6053.623533624929,T020,887.2828924404594,U03,existing
P1256_34,G2,A_aircraft,G2-A_aircraft-01,T020,6940.906426065389,8911.116273042207,,,U03,existing
P1256_34,G2,A_aircraft,G2-A_aircraft-02,T009,0.0,1316.0142144169886,T023,4737.609419207941,U04,existing
P1256_34,G2,A_aircraft,G2-A_aircraft-02,T023,6053.623633624929,7689.381738293394,,,U04,existing
P1256_34,G2,A_aircraft,G2-A_aircraft-03,T014_1,0.0,1695.7581046684645,T007,2637.107324288001,NEW-A_aircraft-01,procurement_required
P1256_34,G2,A_aircraft,G2-A_aircraft-03,T007,4332.865428956466,6940.9063260653875,T019_1,748.4755122280048,NEW-A_aircraft-01,procurement_required
P1256_34,G2,A_aircraft,G2-A_aircraft-03,T019_1,7689.381838293392,9325.139942961858,,,NEW-A_aircraft-01,procurement_required
P1256_34,G2,C_aircraft,G2-C_aircraft-01,T010_1,0.0,1823.224406150507,T010_2,5.000100000000202,NEW-C_aircraft-01,procurement_required
P1256_34,G2,C_aircraft,G2-C_aircraft-01,T010_2,1828.2245061505073,3261.2595890284992,T018,2495.830368887626,NEW-C_aircraft-01,procurement_required
P1256_34,G2,C_aircraft,G2-C_aircraft-01,T018,5757.089957916125,8192.899478773774,,,NEW-C_aircraft-01,procurement_required
P1256_34,G2,A_batteries,G2-A_batteries-01,T002_1,0.0,2667.5322461730734,T016,1690.3331827833913,A03,existing
P1256_34,G2,A_batteries,G2-A_batteries-01,T016,4357.865428956465,7189.599845781131,T019_1,499.78199251226124,A03,existing
P1256_34,G2,A_batteries,G2-A_batteries-01,T019_1,7689.381838293392,10409.758236602142,,,A03,existing
P1256_34,G2,A_batteries,G2-A_batteries-02,T009,0.0,2207.8690163260853,T023,3845.754617298844,A04,existing
P1256_34,G2,A_batteries,G2-A_batteries-02,T023,6053.623633624929,8794.320358969193,,,A04,existing
P1256_34,G2,A_batteries,G2-A_batteries-03,T014_1,0.0,2810.952429148163,T007,1521.9129998083026,A05,existing
P1256_34,G2,A_batteries,G2-A_batteries-03,T007,4332.865428956466,8394.169789148978,,,A05,existing
P1256_34,G2,A_batteries,G2-A_batteries-04,T020,6940.906426065389,10151.116923729283,,,A06,existing
P1256_34,G2,C_batteries,G2-C_batteries-01,T010_1,0.0,3563.4170832737245,T018,2193.6728746424005,NEW-C_batteries-01,procurement_required
P1256_34,G2,C_batteries,G2-C_batteries-01,T018,5757.089957916125,10691.253758748288,,,NEW-C_batteries-01,procurement_required
P1256_34,G2,C_batteries,G2-C_batteries-02,T010_2,1828.2245061505073,4709.032782226957,,,NEW-C_batteries-02,procurement_required
P1256_34,G2,relay_aircraft,G2-relay_aircraft-01,R001,162.1373190294086,2129.297638856331,R002,2462.7051091295434,NEW-relay_aircraft-01,procurement_required
P1256_34,G2,relay_aircraft,G2-relay_aircraft-01,R002,4592.0027479858745,9578.679477149724,,,NEW-relay_aircraft-01,procurement_required
P1256_34,G2,relay_components,G2-relay_components-01,R001,162.1373190294086,2493.9201725268517,R002,2098.082575459023,RE03,existing
P1256_34,G2,relay_components,G2-relay_components-01,R002,4592.0027479858745,10318.120453993146,,,RE03,existing
P125_346,G1,A_aircraft,G1-A_aircraft-01,T011,2058.1153733026395,4188.754462062222,,,U01,existing
P125_346,G1,A_aircraft,G1-A_aircraft-02,T002_2,2212.8691163260855,3815.461852306258,T017,3953.9901172072023,U02,existing
P125_346,G1,A_aircraft,G1-A_aircraft-02,T017,7769.45196951346,10113.299044225432,,,U02,existing
P125_346,G1,B_aircraft,G1-B_aircraft-01,T005,0.0,1210.3573074816584,T008,1138.4034140657216,U05,existing
P125_346,G1,B_aircraft,G1-B_aircraft-01,T008,2348.76072154738,4193.299611702947,T014_2,1366.428592214369,U05,existing
P125_346,G1,B_aircraft,G1-B_aircraft-01,T014_2,5559.728203917316,7425.499213465236,,,U05,existing
P125_346,G1,B_aircraft,G1-B_aircraft-02,T013,2.631913957884535e-07,1958.0412717501863,T015,139.07410155245316,U06,existing
P125_346,G1,B_aircraft,G1-B_aircraft-02,T015,2097.1153733026395,3651.686732430321,T021,5.000100000001112,U06,existing
P125_346,G1,B_aircraft,G1-B_aircraft-02,T021,3656.6868324303223,5554.728103917317,T022,4158.765374611327,U06,existing
P125_346,G1,B_aircraft,G1-B_aircraft-02,T022,9713.493478528644,11214.272215143501,,,U06,existing
P125_346,G1,C_aircraft,G1-C_aircraft-01,T003,0.0,1429.4261775174655,T004,5.000099999999975,U07,existing
P125_346,G1,C_aircraft,G1-C_aircraft-01,T004,1434.4262775174655,3604.9947859277245,T012,5.000100000002021,U07,existing
P125_346,G1,C_aircraft,G1-C_aircraft-01,T012,3609.9948859277265,5725.07652720618,,,U07,existing
P125_346,G1,C_aircraft,G1-C_aircraft-02,T001,3266.2596890284995,4827.685866545965,T019_2,5.000099999999293,U08,existing
P125_346,G1,C_aircraft,G1-C_aircraft-02,T019_2,4832.685966545964,7071.870031513806,,,U08,existing
P125_346,G1,A_batteries,G1-A_batteries-01,T011,2058.1153733026395,5546.539457030654,,,A01,existing
P125_346,G1,A_batteries,G1-A_batteries-02,T002_2,2212.8691163260855,4879.929014022942,T017,2889.522955490518,A02,existing
P125_346,G1,A_batteries,G1-A_batteries-02,T017,7769.45196951346,11476.863027475007,,,A02,existing
P125_346,G1,B_batteries,G1-B_batteries-01,T005,0.0,2343.7606215473797,T021,1312.9262108829425,B01,existing
P125_346,G1,B_batteries,G1-B_batteries-01,T021,3656.6868324303223,7421.910255834926,,,B01,existing
P125_346,G1,B_batteries,G1-B_batteries-02,T013,2.631913957884535e-07,3917.286899235777,T014_2,1642.441304681539,B02,existing
P125_346,G1,B_batteries,G1-B_batteries-02,T014_2,5559.728203917316,9106.026402123385,,,B02,existing
P125_346,G1,B_batteries,G1-B_batteries-03,T015,2097.1153733026395,5107.472874353213,T022,4606.020604175431,B03,existing
P125_346,G1,B_batteries,G1-B_batteries-03,T022,9713.493478528644,12750.274657105232,,,B03,existing
P125_346,G1,B_batteries,G1-B_batteries-04,T008,2348.76072154738,5781.961574782329,,,B04,existing
P125_346,G1,C_batteries,G1-C_batteries-01,T003,0.0,2947.606630665684,T019_2,1885.0793358802803,C01,existing
P125_346,G1,C_batteries,G1-C_batteries-01,T019_2,4832.685966545964,9540.547812933855,,,C01,existing
P125_346,G1,C_batteries,G1-C_batteries-02,T004,1434.4262775174655,5752.089857916125,,,C02,existing
P125_346,G1,C_batteries,G1-C_batteries-03,T001,3266.2596890284995,6416.352542791451,,,C03,existing
P125_346,G1,C_batteries,G1-C_batteries-04,T012,3609.9948859277265,8217.742244657848,,,C04,existing
P125_346,G1,relay_aircraft,G1-relay_aircraft-01,R003,5.186098884268291,7850.634235067152,R004,1733.0453420825716,R01,existing
P125_346,G1,relay_aircraft,G1-relay_aircraft-01,R004,9583.679577149724,11813.399509678484,,,R01,existing
P125_346,G1,relay_aircraft,G1-relay_aircraft-02,R005,2134.2977388563304,4587.002647985877,R006,3268.6316870812743,R02,existing
P125_346,G1,relay_aircraft,G1-relay_aircraft-02,R006,7855.634335067151,10510.693895951956,,,R02,existing
P125_346,G1,relay_components,G1-relay_components-01,R003,5.186098884268291,8956.255878782365,R004,627.4236983673582,RE01,existing
P125_346,G1,relay_components,G1-relay_components-01,R004,9583.679577149724,12221.929892002603,,,RE01,existing
P125_346,G1,relay_components,G1-relay_components-02,R005,2134.2977388563304,5015.591855407197,R006,2840.0424796599546,RE02,existing
P125_346,G1,relay_components,G1-relay_components-02,R006,7855.634335067151,10964.401779763033,,,RE02,existing
P125_346,G2,A_aircraft,G2-A_aircraft-01,T002_1,0.0,1652.4416357195464,T016,2705.4237932369183,U03,existing
P125_346,G2,A_aircraft,G2-A_aircraft-01,T016,4357.865428956465,6053.623533624929,T020,887.2828924404594,U03,existing
P125_346,G2,A_aircraft,G2-A_aircraft-01,T020,6940.906426065389,8911.116273042207,,,U03,existing
P125_346,G2,A_aircraft,G2-A_aircraft-02,T009,0.0,1316.0142144169886,T023,4737.609419207941,U04,existing
P125_346,G2,A_aircraft,G2-A_aircraft-02,T023,6053.623633624929,7689.381738293394,,,U04,existing
P125_346,G2,A_aircraft,G2-A_aircraft-03,T014_1,0.0,1695.7581046684645,T007,2637.107324288001,NEW-A_aircraft-01,procurement_required
P125_346,G2,A_aircraft,G2-A_aircraft-03,T007,4332.865428956466,6940.9063260653875,T019_1,748.4755122280048,NEW-A_aircraft-01,procurement_required
P125_346,G2,A_aircraft,G2-A_aircraft-03,T019_1,7689.381838293392,9325.139942961858,,,NEW-A_aircraft-01,procurement_required
P125_346,G2,B_aircraft,G2-B_aircraft-01,T006,5112.4729743532125,6302.1032600896515,,,NEW-B_aircraft-01,procurement_required
P125_346,G2,C_aircraft,G2-C_aircraft-01,T010_1,0.0,1823.224406150507,T010_2,5.000100000000202,NEW-C_aircraft-01,procurement_required
P125_346,G2,C_aircraft,G2-C_aircraft-01,T010_2,1828.2245061505073,3261.2595890284992,T018,2495.830368887626,NEW-C_aircraft-01,procurement_required
P125_346,G2,C_aircraft,G2-C_aircraft-01,T018,5757.089957916125,8192.899478773774,,,NEW-C_aircraft-01,procurement_required
P125_346,G2,A_batteries,G2-A_batteries-01,T002_1,0.0,2667.5322461730734,T016,1690.3331827833913,A03,existing
P125_346,G2,A_batteries,G2-A_batteries-01,T016,4357.865428956465,7189.599845781131,T019_1,499.78199251226124,A03,existing
P125_346,G2,A_batteries,G2-A_batteries-01,T019_1,7689.381838293392,10409.758236602142,,,A03,existing
P125_346,G2,A_batteries,G2-A_batteries-02,T009,0.0,2207.8690163260853,T023,3845.754617298844,A04,existing
P125_346,G2,A_batteries,G2-A_batteries-02,T023,6053.623633624929,8794.320358969193,,,A04,existing
P125_346,G2,A_batteries,G2-A_batteries-03,T014_1,0.0,2810.952429148163,T007,1521.9129998083026,A05,existing
P125_346,G2,A_batteries,G2-A_batteries-03,T007,4332.865428956466,8394.169789148978,,,A05,existing
P125_346,G2,A_batteries,G2-A_batteries-04,T020,6940.906426065389,10151.116923729283,,,A06,existing
P125_346,G2,B_batteries,G2-B_batteries-01,T006,5112.4729743532125,7435.544137052532,,,NEW-B_batteries-01,procurement_required
P125_346,G2,C_batteries,G2-C_batteries-01,T010_1,0.0,3563.4170832737245,T018,2193.6728746424005,NEW-C_batteries-01,procurement_required
P125_346,G2,C_batteries,G2-C_batteries-01,T018,5757.089957916125,10691.253758748288,,,NEW-C_batteries-01,procurement_required
P125_346,G2,C_batteries,G2-C_batteries-02,T010_2,1828.2245061505073,4709.032782226957,,,NEW-C_batteries-02,procurement_required
P125_346,G2,relay_aircraft,G2-relay_aircraft-01,R001,162.1373190294086,2129.297638856331,R002,2462.7051091295434,NEW-relay_aircraft-01,procurement_required
P125_346,G2,relay_aircraft,G2-relay_aircraft-01,R002,4592.0027479858745,9578.679477149724,,,NEW-relay_aircraft-01,procurement_required
P125_346,G2,relay_components,G2-relay_components-01,R001,162.1373190294086,2493.9201725268517,R002,2098.082575459023,RE03,existing
P125_346,G2,relay_components,G2-relay_components-01,R002,4592.0027479858745,10318.120453993146,,,RE03,existing
P126_345,G1,B_aircraft,G1-B_aircraft-01,T005,0.0,1210.3573074816584,T006,3902.115666871554,U05,existing
P126_345,G1,B_aircraft,G1-B_aircraft-01,T006,5112.4729743532125,6302.1032600896515,T022,3411.3902184389926,U05,existing
P126_345,G1,B_aircraft,G1-B_aircraft-01,T022,9713.493478528644,11214.272215143501,,,U05,existing
P126_345,G1,B_aircraft,G1-B_aircraft-02,T013,2.631913957884535e-07,1958.0412717501863,T021,1698.645560680136,U06,existing
P126_345,G1,B_aircraft,G1-B_aircraft-02,T021,3656.6868324303223,5554.728103917317,T014_2,5.000099999999293,U06,existing
P126_345,G1,B_aircraft,G1-B_aircraft-02,T014_2,5559.728203917316,7425.499213465236,,,U06,existing
P126_345,G1,C_aircraft,G1-C_aircraft-01,T003,0.0,1429.4261775174655,T004,5.000099999999975,U07,existing
P126_345,G1,C_aircraft,G1-C_aircraft-01,T004,1434.4262775174655,3604.9947859277245,T012,5.000100000002021,U07,existing
P126_345,G1,C_aircraft,G1-C_aircraft-01,T012,3609.9948859277265,5725.07652720618,,,U07,existing
P126_345,G1,C_aircraft,G1-C_aircraft-02,T001,3266.2596890284995,4827.685866545965,T019_2,5.000099999999293,U08,existing
P126_345,G1,C_aircraft,G1-C_aircraft-02,T019_2,4832.685966545964,7071.870031513806,,,U08,existing
P126_345,G1,B_batteries,G1-B_batteries-01,T005,0.0,2343.7606215473797,T006,2768.712352805833,B01,existing
P126_345,G1,B_batteries,G1-B_batteries-01,T006,5112.4729743532125,7435.544137052532,,,B01,existing
P126_345,G1,B_batteries,G1-B_batteries-02,T013,2.631913957884535e-07,3917.286899235777,T014_2,1642.441304681539,B02,existing
P126_345,G1,B_batteries,G1-B_batteries-02,T014_2,5559.728203917316,9106.026402123385,,,B02,existing
P126_345,G1,B_batteries,G1-B_batteries-03,T021,3656.6868324303223,7421.910255834926,T022,2291.583222693718,B03,existing
P126_345,G1,B_batteries,G1-B_batteries-03,T022,9713.493478528644,12750.274657105232,,,B03,existing
P126_345,G1,C_batteries,G1-C_batteries-01,T003,0.0,2947.606630665684,T019_2,1885.0793358802803,C01,existing
P126_345,G1,C_batteries,G1-C_batteries-01,T019_2,4832.685966545964,9540.547812933855,,,C01,existing
P126_345,G1,C_batteries,G1-C_batteries-02,T004,1434.4262775174655,5752.089857916125,,,C02,existing
P126_345,G1,C_batteries,G1-C_batteries-03,T001,3266.2596890284995,6416.352542791451,,,C03,existing
P126_345,G1,C_batteries,G1-C_batteries-04,T012,3609.9948859277265,8217.742244657848,,,C04,existing
P126_345,G1,relay_aircraft,G1-relay_aircraft-01,R003,5.186098884268291,7850.634235067152,R004,1733.0453420825716,R01,existing
P126_345,G1,relay_aircraft,G1-relay_aircraft-01,R004,9583.679577149724,11813.399509678484,,,R01,existing
P126_345,G1,relay_components,G1-relay_components-01,R003,5.186098884268291,8956.255878782365,R004,627.4236983673582,RE01,existing
P126_345,G1,relay_components,G1-relay_components-01,R004,9583.679577149724,12221.929892002603,,,RE01,existing
P126_345,G2,A_aircraft,G2-A_aircraft-01,T002_1,0.0,1652.4416357195464,T011,405.67373758309304,U01,existing
P126_345,G2,A_aircraft,G2-A_aircraft-01,T011,2058.1153733026395,4188.754462062222,T007,144.11096689424357,U01,existing
P126_345,G2,A_aircraft,G2-A_aircraft-01,T007,4332.865428956466,6940.9063260653875,T019_1,748.4755122280048,U01,existing
P126_345,G2,A_aircraft,G2-A_aircraft-01,T019_1,7689.381838293392,9325.139942961858,,,U01,existing
P126_345,G2,A_aircraft,G2-A_aircraft-02,T009,0.0,1316.0142144169886,T002_2,896.854901909097,U02,existing
P126_345,G2,A_aircraft,G2-A_aircraft-02,T002_2,2212.8691163260855,3815.461852306258,T016,542.4035766502066,U02,existing
P126_345,G2,A_aircraft,G2-A_aircraft-02,T016,4357.865428956465,6053.623533624929,T020,887.2828924404594,U02,existing
P126_345,G2,A_aircraft,G2-A_aircraft-02,T020,6940.906426065389,8911.116273042207,,,U02,existing
P126_345,G2,A_aircraft,G2-A_aircraft-03,T014_1,0.0,1695.7581046684645,T023,4357.865528956465,U03,existing
P126_345,G2,A_aircraft,G2-A_aircraft-03,T023,6053.623633624929,7689.381738293394,T017,80.07023122006649,U03,existing
P126_345,G2,A_aircraft,G2-A_aircraft-03,T017,7769.45196951346,10113.299044225432,,,U03,existing
P126_345,G2,B_aircraft,G2-B_aircraft-01,T015,2097.1153733026395,3651.686732430321,,,NEW-B_aircraft-01,procurement_required
P126_345,G2,B_aircraft,G2-B_aircraft-02,T008,2348.76072154738,4193.299611702947,,,NEW-B_aircraft-02,procurement_required
P126_345,G2,C_aircraft,G2-C_aircraft-01,T010_1,0.0,1823.224406150507,T010_2,5.000100000000202,NEW-C_aircraft-01,procurement_required
P126_345,G2,C_aircraft,G2-C_aircraft-01,T010_2,1828.2245061505073,3261.2595890284992,T018,2495.830368887626,NEW-C_aircraft-01,procurement_required
P126_345,G2,C_aircraft,G2-C_aircraft-01,T018,5757.089957916125,8192.899478773774,,,NEW-C_aircraft-01,procurement_required
P126_345,G2,A_batteries,G2-A_batteries-01,T002_1,0.0,2667.5322461730734,T007,1665.3331827833922,A01,existing
P126_345,G2,A_batteries,G2-A_batteries-01,T007,4332.865428956466,8394.169789148978,,,A01,existing
P126_345,G2,A_batteries,G2-A_batteries-02,T009,0.0,2207.8690163260853,T016,2149.9964126303794,A02,existing
P126_345,G2,A_batteries,G2-A_batteries-02,T016,4357.865428956465,7189.599845781131,T017,579.8521237323293,A02,existing
P126_345,G2,A_batteries,G2-A_batteries-02,T017,7769.45196951346,11476.863027475007,,,A02,existing
P126_345,G2,A_batteries,G2-A_batteries-03,T014_1,0.0,2810.952429148163,T023,3242.6712044767664,A03,existing
P126_345,G2,A_batteries,G2-A_batteries-03,T023,6053.623633624929,8794.320358969193,,,A03,existing
P126_345,G2,A_batteries,G2-A_batteries-04,T011,2058.1153733026395,5546.539457030654,T020,1394.3669690347342,A04,existing
P126_345,G2,A_batteries,G2-A_batteries-04,T020,6940.906426065389,10151.116923729283,,,A04,existing
P126_345,G2,A_batteries,G2-A_batteries-05,T002_2,2212.8691163260855,4879.929014022942,T019_1,2809.45282427045,A05,existing
P126_345,G2,A_batteries,G2-A_batteries-05,T019_1,7689.381838293392,10409.758236602142,,,A05,existing
P126_345,G2,B_batteries,G2-B_batteries-01,T015,2097.1153733026395,5107.472874353213,,,B04,existing
P126_345,G2,B_batteries,G2-B_batteries-02,T008,2348.76072154738,5781.961574782329,,,NEW-B_batteries-01,procurement_required
P126_345,G2,C_batteries,G2-C_batteries-01,T010_1,0.0,3563.4170832737245,T018,2193.6728746424005,NEW-C_batteries-01,procurement_required
P126_345,G2,C_batteries,G2-C_batteries-01,T018,5757.089957916125,10691.253758748288,,,NEW-C_batteries-01,procurement_required
P126_345,G2,C_batteries,G2-C_batteries-02,T010_2,1828.2245061505073,4709.032782226957,,,NEW-C_batteries-02,procurement_required
P126_345,G2,relay_aircraft,G2-relay_aircraft-01,R001,162.1373190294086,2129.297638856331,R002,2462.7051091295434,R02,existing
P126_345,G2,relay_aircraft,G2-relay_aircraft-01,R002,4592.0027479858745,9578.679477149724,,,R02,existing
P126_345,G2,relay_aircraft,G2-relay_aircraft-02,R005,2134.2977388563304,4587.002647985877,R006,3268.6316870812743,NEW-relay_aircraft-01,procurement_required
P126_345,G2,relay_aircraft,G2-relay_aircraft-02,R006,7855.634335067151,10510.693895951956,,,NEW-relay_aircraft-01,procurement_required
P126_345,G2,relay_components,G2-relay_components-01,R001,162.1373190294086,2493.9201725268517,R002,2098.082575459023,RE02,existing
P126_345,G2,relay_components,G2-relay_components-01,R002,4592.0027479858745,10318.120453993146,,,RE02,existing
P126_345,G2,relay_components,G2-relay_components-02,R005,2134.2977388563304,5015.591855407197,R006,2840.0424796599546,RE03,existing
P126_345,G2,relay_components,G2-relay_components-02,R006,7855.634335067151,10964.401779763033,,,RE03,existing
P12_3456,G1,B_aircraft,G1-B_aircraft-01,T005,0.0,1210.3573074816584,T021,2446.3295249486637,U05,existing
P12_3456,G1,B_aircraft,G1-B_aircraft-01,T021,3656.6868324303223,5554.728103917317,T022,4158.765374611327,U05,existing
P12_3456,G1,B_aircraft,G1-B_aircraft-01,T022,9713.493478528644,11214.272215143501,,,U05,existing
P12_3456,G1,B_aircraft,G1-B_aircraft-02,T013,2.631913957884535e-07,1958.0412717501863,T014_2,3601.6869321671297,U06,existing
P12_3456,G1,B_aircraft,G1-B_aircraft-02,T014_2,5559.728203917316,7425.499213465236,,,U06,existing
P12_3456,G1,C_aircraft,G1-C_aircraft-01,T003,0.0,1429.4261775174655,T004,5.000099999999975,U07,existing
P12_3456,G1,C_aircraft,G1-C_aircraft-01,T004,1434.4262775174655,3604.9947859277245,T012,5.000100000002021,U07,existing
P12_3456,G1,C_aircraft,G1-C_aircraft-01,T012,3609.9948859277265,5725.07652720618,,,U07,existing
P12_3456,G1,C_aircraft,G1-C_aircraft-02,T001,3266.2596890284995,4827.685866545965,T019_2,5.000099999999293,U08,existing
P12_3456,G1,C_aircraft,G1-C_aircraft-02,T019_2,4832.685966545964,7071.870031513806,,,U08,existing
P12_3456,G1,B_batteries,G1-B_batteries-01,T005,0.0,2343.7606215473797,T021,1312.9262108829425,B01,existing
P12_3456,G1,B_batteries,G1-B_batteries-01,T021,3656.6868324303223,7421.910255834926,T022,2291.583222693718,B01,existing
P12_3456,G1,B_batteries,G1-B_batteries-01,T022,9713.493478528644,12750.274657105232,,,B01,existing
P12_3456,G1,B_batteries,G1-B_batteries-02,T013,2.631913957884535e-07,3917.286899235777,T014_2,1642.441304681539,B02,existing
P12_3456,G1,B_batteries,G1-B_batteries-02,T014_2,5559.728203917316,9106.026402123385,,,B02,existing
P12_3456,G1,C_batteries,G1-C_batteries-01,T003,0.0,2947.606630665684,T019_2,1885.0793358802803,C01,existing
P12_3456,G1,C_batteries,G1-C_batteries-01,T019_2,4832.685966545964,9540.547812933855,,,C01,existing
P12_3456,G1,C_batteries,G1-C_batteries-02,T004,1434.4262775174655,5752.089857916125,,,C02,existing
P12_3456,G1,C_batteries,G1-C_batteries-03,T001,3266.2596890284995,6416.352542791451,,,C03,existing
P12_3456,G1,C_batteries,G1-C_batteries-04,T012,3609.9948859277265,8217.742244657848,,,C04,existing
P12_3456,G1,relay_aircraft,G1-relay_aircraft-01,R003,5.186098884268291,7850.634235067152,R004,1733.0453420825716,R01,existing
P12_3456,G1,relay_aircraft,G1-relay_aircraft-01,R004,9583.679577149724,11813.399509678484,,,R01,existing
P12_3456,G1,relay_components,G1-relay_components-01,R003,5.186098884268291,8956.255878782365,R004,627.4236983673582,RE01,existing
P12_3456,G1,relay_components,G1-relay_components-01,R004,9583.679577149724,12221.929892002603,,,RE01,existing
P12_3456,G2,A_aircraft,G2-A_aircraft-01,T002_1,0.0,1652.4416357195464,T011,405.67373758309304,U01,existing
P12_3456,G2,A_aircraft,G2-A_aircraft-01,T011,2058.1153733026395,4188.754462062222,T007,144.11096689424357,U01,existing
P12_3456,G2,A_aircraft,G2-A_aircraft-01,T007,4332.865428956466,6940.9063260653875,T019_1,748.4755122280048,U01,existing
P12_3456,G2,A_aircraft,G2-A_aircraft-01,T019_1,7689.381838293392,9325.139942961858,,,U01,existing
P12_3456,G2,A_aircraft,G2-A_aircraft-02,T009,0.0,1316.0142144169886,T002_2,896.854901909097,U02,existing
P12_3456,G2,A_aircraft,G2-A_aircraft-02,T002_2,2212.8691163260855,3815.461852306258,T016,542.4035766502066,U02,existing
P12_3456,G2,A_aircraft,G2-A_aircraft-02,T016,4357.865428956465,6053.623533624929,T020,887.2828924404594,U02,existing
P12_3456,G2,A_aircraft,G2-A_aircraft-02,T020,6940.906426065389,8911.116273042207,,,U02,existing
P12_3456,G2,A_aircraft,G2-A_aircraft-03,T014_1,0.0,1695.7581046684645,T023,4357.865528956465,U03,existing
P12_3456,G2,A_aircraft,G2-A_aircraft-03,T023,6053.623633624929,7689.381738293394,T017,80.07023122006649,U03,existing
P12_3456,G2,A_aircraft,G2-A_aircraft-03,T017,7769.45196951346,10113.299044225432,,,U03,existing
P12_3456,G2,B_aircraft,G2-B_aircraft-01,T015,2097.1153733026395,3651.686732430321,T006,1460.7862419228913,NEW-B_aircraft-01,procurement_required
P12_3456,G2,B_aircraft,G2-B_aircraft-01,T006,5112.4729743532125,6302.1032600896515,,,NEW-B_aircraft-01,procurement_required
P12_3456,G2,B_aircraft,G2-B_aircraft-02,T008,2348.76072154738,4193.299611702947,,,NEW-B_aircraft-02,procurement_required
P12_3456,G2,C_aircraft,G2-C_aircraft-01,T010_1,0.0,1823.224406150507,T010_2,5.000100000000202,NEW-C_aircraft-01,procurement_required
P12_3456,G2,C_aircraft,G2-C_aircraft-01,T010_2,1828.2245061505073,3261.2595890284992,T018,2495.830368887626,NEW-C_aircraft-01,procurement_required
P12_3456,G2,C_aircraft,G2-C_aircraft-01,T018,5757.089957916125,8192.899478773774,,,NEW-C_aircraft-01,procurement_required
P12_3456,G2,A_batteries,G2-A_batteries-01,T002_1,0.0,2667.5322461730734,T007,1665.3331827833922,A01,existing
P12_3456,G2,A_batteries,G2-A_batteries-01,T007,4332.865428956466,8394.169789148978,,,A01,existing
P12_3456,G2,A_batteries,G2-A_batteries-02,T009,0.0,2207.8690163260853,T016,2149.9964126303794,A02,existing
P12_3456,G2,A_batteries,G2-A_batteries-02,T016,4357.865428956465,7189.599845781131,T017,579.8521237323293,A02,existing
P12_3456,G2,A_batteries,G2-A_batteries-02,T017,7769.45196951346,11476.863027475007,,,A02,existing
P12_3456,G2,A_batteries,G2-A_batteries-03,T014_1,0.0,2810.952429148163,T023,3242.6712044767664,A03,existing
P12_3456,G2,A_batteries,G2-A_batteries-03,T023,6053.623633624929,8794.320358969193,,,A03,existing
P12_3456,G2,A_batteries,G2-A_batteries-04,T011,2058.1153733026395,5546.539457030654,T020,1394.3669690347342,A04,existing
P12_3456,G2,A_batteries,G2-A_batteries-04,T020,6940.906426065389,10151.116923729283,,,A04,existing
P12_3456,G2,A_batteries,G2-A_batteries-05,T002_2,2212.8691163260855,4879.929014022942,T019_1,2809.45282427045,A05,existing
P12_3456,G2,A_batteries,G2-A_batteries-05,T019_1,7689.381838293392,10409.758236602142,,,A05,existing
P12_3456,G2,B_batteries,G2-B_batteries-01,T015,2097.1153733026395,5107.472874353213,T006,5.000099999999293,B03,existing
P12_3456,G2,B_batteries,G2-B_batteries-01,T006,5112.4729743532125,7435.544137052532,,,B03,existing
P12_3456,G2,B_batteries,G2-B_batteries-02,T008,2348.76072154738,5781.961574782329,,,B04,existing
P12_3456,G2,C_batteries,G2-C_batteries-01,T010_1,0.0,3563.4170832737245,T018,2193.6728746424005,NEW-C_batteries-01,procurement_required
P12_3456,G2,C_batteries,G2-C_batteries-01,T018,5757.089957916125,10691.253758748288,,,NEW-C_batteries-01,procurement_required
P12_3456,G2,C_batteries,G2-C_batteries-02,T010_2,1828.2245061505073,4709.032782226957,,,NEW-C_batteries-02,procurement_required
P12_3456,G2,relay_aircraft,G2-relay_aircraft-01,R001,162.1373190294086,2129.297638856331,R002,2462.7051091295434,R02,existing
P12_3456,G2,relay_aircraft,G2-relay_aircraft-01,R002,4592.0027479858745,9578.679477149724,,,R02,existing
P12_3456,G2,relay_aircraft,G2-relay_aircraft-02,R005,2134.2977388563304,4587.002647985877,R006,3268.6316870812743,NEW-relay_aircraft-01,procurement_required
P12_3456,G2,relay_aircraft,G2-relay_aircraft-02,R006,7855.634335067151,10510.693895951956,,,NEW-relay_aircraft-01,procurement_required
P12_3456,G2,relay_components,G2-relay_components-01,R001,162.1373190294086,2493.9201725268517,R002,2098.082575459023,RE02,existing
P12_3456,G2,relay_components,G2-relay_components-01,R002,4592.0027479858745,10318.120453993146,,,RE02,existing
P12_3456,G2,relay_components,G2-relay_components-02,R005,2134.2977388563304,5015.591855407197,R006,2840.0424796599546,RE03,existing
P12_3456,G2,relay_components,G2-relay_components-02,R006,7855.634335067151,10964.401779763033,,,RE03,existing
P13456_2,G1,A_aircraft,G1-A_aircraft-01,T002_1,0.0,1652.4416357195464,T011,405.67373758309304,U01,existing
P13456_2,G1,A_aircraft,G1-A_aircraft-01,T011,2058.1153733026395,4188.754462062222,T007,144.11096689424357,U01,existing
P13456_2,G1,A_aircraft,G1-A_aircraft-01,T007,4332.865428956466,6940.9063260653875,T019_1,748.4755122280048,U01,existing
P13456_2,G1,A_aircraft,G1-A_aircraft-01,T019_1,7689.381838293392,9325.139942961858,,,U01,existing
P13456_2,G1,A_aircraft,G1-A_aircraft-02,T009,0.0,1316.0142144169886,T002_2,896.854901909097,U02,existing
P13456_2,G1,A_aircraft,G1-A_aircraft-02,T002_2,2212.8691163260855,3815.461852306258,T016,542.4035766502066,U02,existing
P13456_2,G1,A_aircraft,G1-A_aircraft-02,T016,4357.865428956465,6053.623533624929,T020,887.2828924404594,U02,existing
P13456_2,G1,A_aircraft,G1-A_aircraft-02,T020,6940.906426065389,8911.116273042207,,,U02,existing
P13456_2,G1,A_aircraft,G1-A_aircraft-03,T014_1,0.0,1695.7581046684645,T023,4357.865528956465,U03,existing
P13456_2,G1,A_aircraft,G1-A_aircraft-03,T023,6053.623633624929,7689.381738293394,T017,80.07023122006649,U03,existing
P13456_2,G1,A_aircraft,G1-A_aircraft-03,T017,7769.45196951346,10113.299044225432,,,U03,existing
P13456_2,G1,B_aircraft,G1-B_aircraft-01,T005,0.0,1210.3573074816584,T008,1138.4034140657216,U05,existing
P13456_2,G1,B_aircraft,G1-B_aircraft-01,T008,2348.76072154738,4193.299611702947,,,U05,existing
P13456_2,G1,B_aircraft,G1-B_aircraft-02,T015,2097.1153733026395,3651.686732430321,T006,1460.7862419228913,U06,existing
P13456_2,G1,B_aircraft,G1-B_aircraft-02,T006,5112.4729743532125,6302.1032600896515,,,U06,existing
P13456_2,G1,C_aircraft,G1-C_aircraft-01,T003,0.0,1429.4261775174655,T010_2,398.7983286330418,U07,existing
P13456_2,G1,C_aircraft,G1-C_aircraft-01,T010_2,1828.2245061505073,3261.2595890284992,T018,2495.830368887626,U07,existing
P13456_2,G1,C_aircraft,G1-C_aircraft-01,T018,5757.089957916125,8192.899478773774,,,U07,existing
P13456_2,G1,C_aircraft,G1-C_aircraft-02,T010_1,0.0,1823.224406150507,T001,1443.0352828779924,U08,existing
P13456_2,G1,C_aircraft,G1-C_aircraft-02,T001,3266.2596890284995,4827.685866545965,,,U08,existing
P13456_2,G1,A_batteries,G1-A_batteries-01,T002_1,0.0,2667.5322461730734,T007,1665.3331827833922,A01,existing
P13456_2,G1,A_batteries,G1-A_batteries-01,T007,4332.865428956466,8394.169789148978,,,A01,existing
P13456_2,G1,A_batteries,G1-A_batteries-02,T009,0.0,2207.8690163260853,T016,2149.9964126303794,A02,existing
P13456_2,G1,A_batteries,G1-A_batteries-02,T016,4357.865428956465,7189.599845781131,T017,579.8521237323293,A02,existing
P13456_2,G1,A_batteries,G1-A_batteries-02,T017,7769.45196951346,11476.863027475007,,,A02,existing
P13456_2,G1,A_batteries,G1-A_batteries-03,T014_1,0.0,2810.952429148163,T023,3242.6712044767664,A03,existing
P13456_2,G1,A_batteries,G1-A_batteries-03,T023,6053.623633624929,8794.320358969193,,,A03,existing
P13456_2,G1,A_batteries,G1-A_batteries-04,T011,2058.1153733026395,5546.539457030654,T020,1394.3669690347342,A04,existing
P13456_2,G1,A_batteries,G1-A_batteries-04,T020,6940.906426065389,10151.116923729283,,,A04,existing
P13456_2,G1,A_batteries,G1-A_batteries-05,T002_2,2212.8691163260855,4879.929014022942,T019_1,2809.45282427045,A05,existing
P13456_2,G1,A_batteries,G1-A_batteries-05,T019_1,7689.381838293392,10409.758236602142,,,A05,existing
P13456_2,G1,B_batteries,G1-B_batteries-01,T005,0.0,2343.7606215473797,T008,5.000100000000202,B01,existing
P13456_2,G1,B_batteries,G1-B_batteries-01,T008,2348.76072154738,5781.961574782329,,,B01,existing
P13456_2,G1,B_batteries,G1-B_batteries-02,T015,2097.1153733026395,5107.472874353213,T006,5.000099999999293,B02,existing
P13456_2,G1,B_batteries,G1-B_batteries-02,T006,5112.4729743532125,7435.544137052532,,,B02,existing
P13456_2,G1,C_batteries,G1-C_batteries-01,T003,0.0,2947.606630665684,T001,318.6530583628155,C01,existing
P13456_2,G1,C_batteries,G1-C_batteries-01,T001,3266.2596890284995,6416.352542791451,,,C01,existing
P13456_2,G1,C_batteries,G1-C_batteries-02,T010_1,0.0,3563.4170832737245,T018,2193.6728746424005,C02,existing
P13456_2,G1,C_batteries,G1-C_batteries-02,T018,5757.089957916125,10691.253758748288,,,C02,existing
P13456_2,G1,C_batteries,G1-C_batteries-03,T010_2,1828.2245061505073,4709.032782226957,,,C03,existing
P13456_2,G1,relay_aircraft,G1-relay_aircraft-01,R001,162.1373190294086,2129.297638856331,R002,2462.7051091295434,R01,existing
P13456_2,G1,relay_aircraft,G1-relay_aircraft-01,R002,4592.0027479858745,9578.679477149724,,,R01,existing
P13456_2,G1,relay_aircraft,G1-relay_aircraft-02,R005,2134.2977388563304,4587.002647985877,R006,3268.6316870812743,R02,existing
P13456_2,G1,relay_aircraft,G1-relay_aircraft-02,R006,7855.634335067151,10510.693895951956,,,R02,existing
P13456_2,G1,relay_components,G1-relay_components-01,R001,162.1373190294086,2493.9201725268517,R002,2098.082575459023,RE01,existing
P13456_2,G1,relay_components,G1-relay_components-01,R002,4592.0027479858745,10318.120453993146,,,RE01,existing
P13456_2,G1,relay_components,G1-relay_components-02,R005,2134.2977388563304,5015.591855407197,R006,2840.0424796599546,RE02,existing
P13456_2,G1,relay_components,G1-relay_components-02,R006,7855.634335067151,10964.401779763033,,,RE02,existing
P13456_2,G2,B_aircraft,G2-B_aircraft-01,T013,2.631913957884535e-07,1958.0412717501863,T021,1698.645560680136,NEW-B_aircraft-01,procurement_required
P13456_2,G2,B_aircraft,G2-B_aircraft-01,T021,3656.6868324303223,5554.728103917317,T014_2,5.000099999999293,NEW-B_aircraft-01,procurement_required
P13456_2,G2,B_aircraft,G2-B_aircraft-01,T014_2,5559.728203917316,7425.499213465236,T022,2287.9942650634084,NEW-B_aircraft-01,procurement_required
P13456_2,G2,B_aircraft,G2-B_aircraft-01,T022,9713.493478528644,11214.272215143501,,,NEW-B_aircraft-01,procurement_required
P13456_2,G2,C_aircraft,G2-C_aircraft-01,T004,1434.4262775174655,3604.9947859277245,T019_2,1227.6911806182397,NEW-C_aircraft-01,procurement_required
P13456_2,G2,C_aircraft,G2-C_aircraft-01,T019_2,4832.685966545964,7071.870031513806,,,NEW-C_aircraft-01,procurement_required
P13456_2,G2,C_aircraft,G2-C_aircraft-02,T012,3609.9948859277265,5725.07652720618,,,NEW-C_aircraft-02,procurement_required
P13456_2,G2,B_batteries,G2-B_batteries-01,T013,2.631913957884535e-07,3917.286899235777,T014_2,1642.441304681539,B03,existing
P13456_2,G2,B_batteries,G2-B_batteries-01,T014_2,5559.728203917316,9106.026402123385,,,B03,existing
P13456_2,G2,B_batteries,G2-B_batteries-02,T021,3656.6868324303223,7421.910255834926,T022,2291.583222693718,B04,existing
P13456_2,G2,B_batteries,G2-B_batteries-02,T022,9713.493478528644,12750.274657105232,,,B04,existing
P13456_2,G2,C_batteries,G2-C_batteries-01,T004,1434.4262775174655,5752.089857916125,,,C04,existing
P13456_2,G2,C_batteries,G2-C_batteries-02,T012,3609.9948859277265,8217.742244657848,,,NEW-C_batteries-01,procurement_required
P13456_2,G2,C_batteries,G2-C_batteries-03,T019_2,4832.685966545964,9540.547812933855,,,NEW-C_batteries-02,procurement_required
P13456_2,G2,relay_aircraft,G2-relay_aircraft-01,R003,5.186098884268291,7850.634235067152,R004,1733.0453420825716,NEW-relay_aircraft-01,procurement_required
P13456_2,G2,relay_aircraft,G2-relay_aircraft-01,R004,9583.679577149724,11813.399509678484,,,NEW-relay_aircraft-01,procurement_required
P13456_2,G2,relay_components,G2-relay_components-01,R003,5.186098884268291,8956.255878782365,R004,627.4236983673582,RE03,existing
P13456_2,G2,relay_components,G2-relay_components-01,R004,9583.679577149724,12221.929892002603,,,RE03,existing
P1345_26,G1,A_aircraft,G1-A_aircraft-01,T002_1,0.0,1652.4416357195464,T011,405.67373758309304,U01,existing
P1345_26,G1,A_aircraft,G1-A_aircraft-01,T011,2058.1153733026395,4188.754462062222,T007,144.11096689424357,U01,existing
P1345_26,G1,A_aircraft,G1-A_aircraft-01,T007,4332.865428956466,6940.9063260653875,T019_1,748.4755122280048,U01,existing
P1345_26,G1,A_aircraft,G1-A_aircraft-01,T019_1,7689.381838293392,9325.139942961858,,,U01,existing
P1345_26,G1,A_aircraft,G1-A_aircraft-02,T009,0.0,1316.0142144169886,T002_2,896.854901909097,U02,existing
P1345_26,G1,A_aircraft,G1-A_aircraft-02,T002_2,2212.8691163260855,3815.461852306258,T016,542.4035766502066,U02,existing
P1345_26,G1,A_aircraft,G1-A_aircraft-02,T016,4357.865428956465,6053.623533624929,T020,887.2828924404594,U02,existing
P1345_26,G1,A_aircraft,G1-A_aircraft-02,T020,6940.906426065389,8911.116273042207,,,U02,existing
P1345_26,G1,A_aircraft,G1-A_aircraft-03,T014_1,0.0,1695.7581046684645,T023,4357.865528956465,U03,existing
P1345_26,G1,A_aircraft,G1-A_aircraft-03,T023,6053.623633624929,7689.381738293394,T017,80.07023122006649,U03,existing
P1345_26,G1,A_aircraft,G1-A_aircraft-03,T017,7769.45196951346,10113.299044225432,,,U03,existing
P1345_26,G1,B_aircraft,G1-B_aircraft-01,T005,0.0,1210.3573074816584,T008,1138.4034140657216,U05,existing
P1345_26,G1,B_aircraft,G1-B_aircraft-01,T008,2348.76072154738,4193.299611702947,,,U05,existing
P1345_26,G1,B_aircraft,G1-B_aircraft-02,T015,2097.1153733026395,3651.686732430321,,,U06,existing
P1345_26,G1,C_aircraft,G1-C_aircraft-01,T003,0.0,1429.4261775174655,T010_2,398.7983286330418,U07,existing
P1345_26,G1,C_aircraft,G1-C_aircraft-01,T010_2,1828.2245061505073,3261.2595890284992,T018,2495.830368887626,U07,existing
P1345_26,G1,C_aircraft,G1-C_aircraft-01,T018,5757.089957916125,8192.899478773774,,,U07,existing
P1345_26,G1,C_aircraft,G1-C_aircraft-02,T010_1,0.0,1823.224406150507,T001,1443.0352828779924,U08,existing
P1345_26,G1,C_aircraft,G1-C_aircraft-02,T001,3266.2596890284995,4827.685866545965,,,U08,existing
P1345_26,G1,A_batteries,G1-A_batteries-01,T002_1,0.0,2667.5322461730734,T007,1665.3331827833922,A01,existing
P1345_26,G1,A_batteries,G1-A_batteries-01,T007,4332.865428956466,8394.169789148978,,,A01,existing
P1345_26,G1,A_batteries,G1-A_batteries-02,T009,0.0,2207.8690163260853,T016,2149.9964126303794,A02,existing
P1345_26,G1,A_batteries,G1-A_batteries-02,T016,4357.865428956465,7189.599845781131,T017,579.8521237323293,A02,existing
P1345_26,G1,A_batteries,G1-A_batteries-02,T017,7769.45196951346,11476.863027475007,,,A02,existing
P1345_26,G1,A_batteries,G1-A_batteries-03,T014_1,0.0,2810.952429148163,T023,3242.6712044767664,A03,existing
P1345_26,G1,A_batteries,G1-A_batteries-03,T023,6053.623633624929,8794.320358969193,,,A03,existing
P1345_26,G1,A_batteries,G1-A_batteries-04,T011,2058.1153733026395,5546.539457030654,T020,1394.3669690347342,A04,existing
P1345_26,G1,A_batteries,G1-A_batteries-04,T020,6940.906426065389,10151.116923729283,,,A04,existing
P1345_26,G1,A_batteries,G1-A_batteries-05,T002_2,2212.8691163260855,4879.929014022942,T019_1,2809.45282427045,A05,existing
P1345_26,G1,A_batteries,G1-A_batteries-05,T019_1,7689.381838293392,10409.758236602142,,,A05,existing
P1345_26,G1,B_batteries,G1-B_batteries-01,T005,0.0,2343.7606215473797,T008,5.000100000000202,B01,existing
P1345_26,G1,B_batteries,G1-B_batteries-01,T008,2348.76072154738,5781.961574782329,,,B01,existing
P1345_26,G1,B_batteries,G1-B_batteries-02,T015,2097.1153733026395,5107.472874353213,,,B02,existing
P1345_26,G1,C_batteries,G1-C_batteries-01,T003,0.0,2947.606630665684,T001,318.6530583628155,C01,existing
P1345_26,G1,C_batteries,G1-C_batteries-01,T001,3266.2596890284995,6416.352542791451,,,C01,existing
P1345_26,G1,C_batteries,G1-C_batteries-02,T010_1,0.0,3563.4170832737245,T018,2193.6728746424005,C02,existing
P1345_26,G1,C_batteries,G1-C_batteries-02,T018,5757.089957916125,10691.253758748288,,,C02,existing
P1345_26,G1,C_batteries,G1-C_batteries-03,T010_2,1828.2245061505073,4709.032782226957,,,C03,existing
P1345_26,G1,relay_aircraft,G1-relay_aircraft-01,R001,162.1373190294086,2129.297638856331,R002,2462.7051091295434,R01,existing
P1345_26,G1,relay_aircraft,G1-relay_aircraft-01,R002,4592.0027479858745,9578.679477149724,,,R01,existing
P1345_26,G1,relay_aircraft,G1-relay_aircraft-02,R005,2134.2977388563304,4587.002647985877,R006,3268.6316870812743,R02,existing
P1345_26,G1,relay_aircraft,G1-relay_aircraft-02,R006,7855.634335067151,10510.693895951956,,,R02,existing
P1345_26,G1,relay_components,G1-relay_components-01,R001,162.1373190294086,2493.9201725268517,R002,2098.082575459023,RE01,existing
P1345_26,G1,relay_components,G1-relay_components-01,R002,4592.0027479858745,10318.120453993146,,,RE01,existing
P1345_26,G1,relay_components,G1-relay_components-02,R005,2134.2977388563304,5015.591855407197,R006,2840.0424796599546,RE02,existing
P1345_26,G1,relay_components,G1-relay_components-02,R006,7855.634335067151,10964.401779763033,,,RE02,existing
P1345_26,G2,B_aircraft,G2-B_aircraft-01,T013,2.631913957884535e-07,1958.0412717501863,T021,1698.645560680136,NEW-B_aircraft-01,procurement_required
P1345_26,G2,B_aircraft,G2-B_aircraft-01,T021,3656.6868324303223,5554.728103917317,T014_2,5.000099999999293,NEW-B_aircraft-01,procurement_required
P1345_26,G2,B_aircraft,G2-B_aircraft-01,T014_2,5559.728203917316,7425.499213465236,,,NEW-B_aircraft-01,procurement_required
P1345_26,G2,B_aircraft,G2-B_aircraft-02,T006,5112.4729743532125,6302.1032600896515,T022,3411.3902184389926,NEW-B_aircraft-02,procurement_required
P1345_26,G2,B_aircraft,G2-B_aircraft-02,T022,9713.493478528644,11214.272215143501,,,NEW-B_aircraft-02,procurement_required
P1345_26,G2,C_aircraft,G2-C_aircraft-01,T004,1434.4262775174655,3604.9947859277245,T019_2,1227.6911806182397,NEW-C_aircraft-01,procurement_required
P1345_26,G2,C_aircraft,G2-C_aircraft-01,T019_2,4832.685966545964,7071.870031513806,,,NEW-C_aircraft-01,procurement_required
P1345_26,G2,C_aircraft,G2-C_aircraft-02,T012,3609.9948859277265,5725.07652720618,,,NEW-C_aircraft-02,procurement_required
P1345_26,G2,B_batteries,G2-B_batteries-01,T013,2.631913957884535e-07,3917.286899235777,T014_2,1642.441304681539,B03,existing
P1345_26,G2,B_batteries,G2-B_batteries-01,T014_2,5559.728203917316,9106.026402123385,,,B03,existing
P1345_26,G2,B_batteries,G2-B_batteries-02,T021,3656.6868324303223,7421.910255834926,T022,2291.583222693718,B04,existing
P1345_26,G2,B_batteries,G2-B_batteries-02,T022,9713.493478528644,12750.274657105232,,,B04,existing
P1345_26,G2,B_batteries,G2-B_batteries-03,T006,5112.4729743532125,7435.544137052532,,,NEW-B_batteries-01,procurement_required
P1345_26,G2,C_batteries,G2-C_batteries-01,T004,1434.4262775174655,5752.089857916125,,,C04,existing
P1345_26,G2,C_batteries,G2-C_batteries-02,T012,3609.9948859277265,8217.742244657848,,,NEW-C_batteries-01,procurement_required
P1345_26,G2,C_batteries,G2-C_batteries-03,T019_2,4832.685966545964,9540.547812933855,,,NEW-C_batteries-02,procurement_required
P1345_26,G2,relay_aircraft,G2-relay_aircraft-01,R003,5.186098884268291,7850.634235067152,R004,1733.0453420825716,NEW-relay_aircraft-01,procurement_required
P1345_26,G2,relay_aircraft,G2-relay_aircraft-01,R004,9583.679577149724,11813.399509678484,,,NEW-relay_aircraft-01,procurement_required
P1345_26,G2,relay_components,G2-relay_components-01,R003,5.186098884268291,8956.255878782365,R004,627.4236983673582,RE03,existing
P1345_26,G2,relay_components,G2-relay_components-01,R004,9583.679577149724,12221.929892002603,,,RE03,existing
P1346_25,G1,A_aircraft,G1-A_aircraft-01,T002_1,0.0,1652.4416357195464,T016,2705.4237932369183,U01,existing
P1346_25,G1,A_aircraft,G1-A_aircraft-01,T016,4357.865428956465,6053.623533624929,T020,887.2828924404594,U01,existing
P1346_25,G1,A_aircraft,G1-A_aircraft-01,T020,6940.906426065389,8911.116273042207,,,U01,existing
P1346_25,G1,A_aircraft,G1-A_aircraft-02,T009,0.0,1316.0142144169886,T023,4737.609419207941,U02,existing
P1346_25,G1,A_aircraft,G1-A_aircraft-02,T023,6053.623633624929,7689.381738293394,,,U02,existing
P1346_25,G1,A_aircraft,G1-A_aircraft-03,T014_1,0.0,1695.7581046684645,T007,2637.107324288001,U03,existing
P1346_25,G1,A_aircraft,G1-A_aircraft-03,T007,4332.865428956466,6940.9063260653875,T019_1,748.4755122280048,U03,existing
P1346_25,G1,A_aircraft,G1-A_aircraft-03,T019_1,7689.381838293392,9325.139942961858,,,U03,existing
P1346_25,G1,B_aircraft,G1-B_aircraft-01,T005,0.0,1210.3573074816584,T006,3902.115666871554,U05,existing
P1346_25,G1,B_aircraft,G1-B_aircraft-01,T006,5112.4729743532125,6302.1032600896515,,,U05,existing
P1346_25,G1,C_aircraft,G1-C_aircraft-01,T003,0.0,1429.4261775174655,T010_2,398.7983286330418,U07,existing
P1346_25,G1,C_aircraft,G1-C_aircraft-01,T010_2,1828.2245061505073,3261.2595890284992,T018,2495.830368887626,U07,existing
P1346_25,G1,C_aircraft,G1-C_aircraft-01,T018,5757.089957916125,8192.899478773774,,,U07,existing
P1346_25,G1,C_aircraft,G1-C_aircraft-02,T010_1,0.0,1823.224406150507,T001,1443.0352828779924,U08,existing
P1346_25,G1,C_aircraft,G1-C_aircraft-02,T001,3266.2596890284995,4827.685866545965,,,U08,existing
P1346_25,G1,A_batteries,G1-A_batteries-01,T002_1,0.0,2667.5322461730734,T016,1690.3331827833913,A01,existing
P1346_25,G1,A_batteries,G1-A_batteries-01,T016,4357.865428956465,7189.599845781131,T019_1,499.78199251226124,A01,existing
P1346_25,G1,A_batteries,G1-A_batteries-01,T019_1,7689.381838293392,10409.758236602142,,,A01,existing
P1346_25,G1,A_batteries,G1-A_batteries-02,T009,0.0,2207.8690163260853,T023,3845.754617298844,A02,existing
P1346_25,G1,A_batteries,G1-A_batteries-02,T023,6053.623633624929,8794.320358969193,,,A02,existing
P1346_25,G1,A_batteries,G1-A_batteries-03,T014_1,0.0,2810.952429148163,T007,1521.9129998083026,A03,existing
P1346_25,G1,A_batteries,G1-A_batteries-03,T007,4332.865428956466,8394.169789148978,,,A03,existing
P1346_25,G1,A_batteries,G1-A_batteries-04,T020,6940.906426065389,10151.116923729283,,,A04,existing
P1346_25,G1,B_batteries,G1-B_batteries-01,T005,0.0,2343.7606215473797,T006,2768.712352805833,B01,existing
P1346_25,G1,B_batteries,G1-B_batteries-01,T006,5112.4729743532125,7435.544137052532,,,B01,existing
P1346_25,G1,C_batteries,G1-C_batteries-01,T003,0.0,2947.606630665684,T001,318.6530583628155,C01,existing
P1346_25,G1,C_batteries,G1-C_batteries-01,T001,3266.2596890284995,6416.352542791451,,,C01,existing
P1346_25,G1,C_batteries,G1-C_batteries-02,T010_1,0.0,3563.4170832737245,T018,2193.6728746424005,C02,existing
P1346_25,G1,C_batteries,G1-C_batteries-02,T018,5757.089957916125,10691.253758748288,,,C02,existing
P1346_25,G1,C_batteries,G1-C_batteries-03,T010_2,1828.2245061505073,4709.032782226957,,,C03,existing
P1346_25,G1,relay_aircraft,G1-relay_aircraft-01,R001,162.1373190294086,2129.297638856331,R002,2462.7051091295434,R01,existing
P1346_25,G1,relay_aircraft,G1-relay_aircraft-01,R002,4592.0027479858745,9578.679477149724,,,R01,existing
P1346_25,G1,relay_components,G1-relay_components-01,R001,162.1373190294086,2493.9201725268517,R002,2098.082575459023,RE01,existing
P1346_25,G1,relay_components,G1-relay_components-01,R002,4592.0027479858745,10318.120453993146,,,RE01,existing
P1346_25,G2,A_aircraft,G2-A_aircraft-01,T011,2058.1153733026395,4188.754462062222,,,U04,existing
P1346_25,G2,A_aircraft,G2-A_aircraft-02,T002_2,2212.8691163260855,3815.461852306258,T017,3953.9901172072023,NEW-A_aircraft-01,procurement_required
P1346_25,G2,A_aircraft,G2-A_aircraft-02,T017,7769.45196951346,10113.299044225432,,,NEW-A_aircraft-01,procurement_required
P1346_25,G2,B_aircraft,G2-B_aircraft-01,T013,2.631913957884535e-07,1958.0412717501863,T015,139.07410155245316,U06,existing
P1346_25,G2,B_aircraft,G2-B_aircraft-01,T015,2097.1153733026395,3651.686732430321,T021,5.000100000001112,U06,existing
P1346_25,G2,B_aircraft,G2-B_aircraft-01,T021,3656.6868324303223,5554.728103917317,T022,4158.765374611327,U06,existing
P1346_25,G2,B_aircraft,G2-B_aircraft-01,T022,9713.493478528644,11214.272215143501,,,U06,existing
P1346_25,G2,B_aircraft,G2-B_aircraft-02,T008,2348.76072154738,4193.299611702947,T014_2,1366.428592214369,NEW-B_aircraft-01,procurement_required
P1346_25,G2,B_aircraft,G2-B_aircraft-02,T014_2,5559.728203917316,7425.499213465236,,,NEW-B_aircraft-01,procurement_required
P1346_25,G2,C_aircraft,G2-C_aircraft-01,T004,1434.4262775174655,3604.9947859277245,T019_2,1227.6911806182397,NEW-C_aircraft-01,procurement_required
P1346_25,G2,C_aircraft,G2-C_aircraft-01,T019_2,4832.685966545964,7071.870031513806,,,NEW-C_aircraft-01,procurement_required
P1346_25,G2,C_aircraft,G2-C_aircraft-02,T012,3609.9948859277265,5725.07652720618,,,NEW-C_aircraft-02,procurement_required
P1346_25,G2,A_batteries,G2-A_batteries-01,T011,2058.1153733026395,5546.539457030654,,,A05,existing
P1346_25,G2,A_batteries,G2-A_batteries-02,T002_2,2212.8691163260855,4879.929014022942,T017,2889.522955490518,A06,existing
P1346_25,G2,A_batteries,G2-A_batteries-02,T017,7769.45196951346,11476.863027475007,,,A06,existing
P1346_25,G2,B_batteries,G2-B_batteries-01,T013,2.631913957884535e-07,3917.286899235777,T014_2,1642.441304681539,B02,existing
P1346_25,G2,B_batteries,G2-B_batteries-01,T014_2,5559.728203917316,9106.026402123385,,,B02,existing
P1346_25,G2,B_batteries,G2-B_batteries-02,T015,2097.1153733026395,5107.472874353213,T022,4606.020604175431,B03,existing
P1346_25,G2,B_batteries,G2-B_batteries-02,T022,9713.493478528644,12750.274657105232,,,B03,existing
P1346_25,G2,B_batteries,G2-B_batteries-03,T008,2348.76072154738,5781.961574782329,,,B04,existing
P1346_25,G2,B_batteries,G2-B_batteries-04,T021,3656.6868324303223,7421.910255834926,,,NEW-B_batteries-01,procurement_required
P1346_25,G2,C_batteries,G2-C_batteries-01,T004,1434.4262775174655,5752.089857916125,,,C04,existing
P1346_25,G2,C_batteries,G2-C_batteries-02,T012,3609.9948859277265,8217.742244657848,,,NEW-C_batteries-01,procurement_required
P1346_25,G2,C_batteries,G2-C_batteries-03,T019_2,4832.685966545964,9540.547812933855,,,NEW-C_batteries-02,procurement_required
P1346_25,G2,relay_aircraft,G2-relay_aircraft-01,R003,5.186098884268291,7850.634235067152,R004,1733.0453420825716,R02,existing
P1346_25,G2,relay_aircraft,G2-relay_aircraft-01,R004,9583.679577149724,11813.399509678484,,,R02,existing
P1346_25,G2,relay_aircraft,G2-relay_aircraft-02,R005,2134.2977388563304,4587.002647985877,R006,3268.6316870812743,NEW-relay_aircraft-01,procurement_required
P1346_25,G2,relay_aircraft,G2-relay_aircraft-02,R006,7855.634335067151,10510.693895951956,,,NEW-relay_aircraft-01,procurement_required
P1346_25,G2,relay_components,G2-relay_components-01,R003,5.186098884268291,8956.255878782365,R004,627.4236983673582,RE02,existing
P1346_25,G2,relay_components,G2-relay_components-01,R004,9583.679577149724,12221.929892002603,,,RE02,existing
P1346_25,G2,relay_components,G2-relay_components-02,R005,2134.2977388563304,5015.591855407197,R006,2840.0424796599546,RE03,existing
P1346_25,G2,relay_components,G2-relay_components-02,R006,7855.634335067151,10964.401779763033,,,RE03,existing
P134_256,G1,A_aircraft,G1-A_aircraft-01,T002_1,0.0,1652.4416357195464,T016,2705.4237932369183,U01,existing
P134_256,G1,A_aircraft,G1-A_aircraft-01,T016,4357.865428956465,6053.623533624929,T020,887.2828924404594,U01,existing
P134_256,G1,A_aircraft,G1-A_aircraft-01,T020,6940.906426065389,8911.116273042207,,,U01,existing
P134_256,G1,A_aircraft,G1-A_aircraft-02,T009,0.0,1316.0142144169886,T023,4737.609419207941,U02,existing
P134_256,G1,A_aircraft,G1-A_aircraft-02,T023,6053.623633624929,7689.381738293394,,,U02,existing
P134_256,G1,A_aircraft,G1-A_aircraft-03,T014_1,0.0,1695.7581046684645,T007,2637.107324288001,U03,existing
P134_256,G1,A_aircraft,G1-A_aircraft-03,T007,4332.865428956466,6940.9063260653875,T019_1,748.4755122280048,U03,existing
P134_256,G1,A_aircraft,G1-A_aircraft-03,T019_1,7689.381838293392,9325.139942961858,,,U03,existing
P134_256,G1,B_aircraft,G1-B_aircraft-01,T005,0.0,1210.3573074816584,,,U05,existing
P134_256,G1,C_aircraft,G1-C_aircraft-01,T003,0.0,1429.4261775174655,T010_2,398.7983286330418,U07,existing
P134_256,G1,C_aircraft,G1-C_aircraft-01,T010_2,1828.2245061505073,3261.2595890284992,T018,2495.830368887626,U07,existing
P134_256,G1,C_aircraft,G1-C_aircraft-01,T018,5757.089957916125,8192.899478773774,,,U07,existing
P134_256,G1,C_aircraft,G1-C_aircraft-02,T010_1,0.0,1823.224406150507,T001,1443.0352828779924,U08,existing
P134_256,G1,C_aircraft,G1-C_aircraft-02,T001,3266.2596890284995,4827.685866545965,,,U08,existing
P134_256,G1,A_batteries,G1-A_batteries-01,T002_1,0.0,2667.5322461730734,T016,1690.3331827833913,A01,existing
P134_256,G1,A_batteries,G1-A_batteries-01,T016,4357.865428956465,7189.599845781131,T019_1,499.78199251226124,A01,existing
P134_256,G1,A_batteries,G1-A_batteries-01,T019_1,7689.381838293392,10409.758236602142,,,A01,existing
P134_256,G1,A_batteries,G1-A_batteries-02,T009,0.0,2207.8690163260853,T023,3845.754617298844,A02,existing
P134_256,G1,A_batteries,G1-A_batteries-02,T023,6053.623633624929,8794.320358969193,,,A02,existing
P134_256,G1,A_batteries,G1-A_batteries-03,T014_1,0.0,2810.952429148163,T007,1521.9129998083026,A03,existing
P134_256,G1,A_batteries,G1-A_batteries-03,T007,4332.865428956466,8394.169789148978,,,A03,existing
P134_256,G1,A_batteries,G1-A_batteries-04,T020,6940.906426065389,10151.116923729283,,,A04,existing
P134_256,G1,B_batteries,G1-B_batteries-01,T005,0.0,2343.7606215473797,,,B01,existing
P134_256,G1,C_batteries,G1-C_batteries-01,T003,0.0,2947.606630665684,T001,318.6530583628155,C01,existing
P134_256,G1,C_batteries,G1-C_batteries-01,T001,3266.2596890284995,6416.352542791451,,,C01,existing
P134_256,G1,C_batteries,G1-C_batteries-02,T010_1,0.0,3563.4170832737245,T018,2193.6728746424005,C02,existing
P134_256,G1,C_batteries,G1-C_batteries-02,T018,5757.089957916125,10691.253758748288,,,C02,existing
P134_256,G1,C_batteries,G1-C_batteries-03,T010_2,1828.2245061505073,4709.032782226957,,,C03,existing
P134_256,G1,relay_aircraft,G1-relay_aircraft-01,R001,162.1373190294086,2129.297638856331,R002,2462.7051091295434,R01,existing
P134_256,G1,relay_aircraft,G1-relay_aircraft-01,R002,4592.0027479858745,9578.679477149724,,,R01,existing
P134_256,G1,relay_components,G1-relay_components-01,R001,162.1373190294086,2493.9201725268517,R002,2098.082575459023,RE01,existing
P134_256,G1,relay_components,G1-relay_components-01,R002,4592.0027479858745,10318.120453993146,,,RE01,existing
P134_256,G2,A_aircraft,G2-A_aircraft-01,T011,2058.1153733026395,4188.754462062222,,,U04,existing
P134_256,G2,A_aircraft,G2-A_aircraft-02,T002_2,2212.8691163260855,3815.461852306258,T017,3953.9901172072023,NEW-A_aircraft-01,procurement_required
P134_256,G2,A_aircraft,G2-A_aircraft-02,T017,7769.45196951346,10113.299044225432,,,NEW-A_aircraft-01,procurement_required
P134_256,G2,B_aircraft,G2-B_aircraft-01,T013,2.631913957884535e-07,1958.0412717501863,T015,139.07410155245316,U06,existing
P134_256,G2,B_aircraft,G2-B_aircraft-01,T015,2097.1153733026395,3651.686732430321,T021,5.000100000001112,U06,existing
P134_256,G2,B_aircraft,G2-B_aircraft-01,T021,3656.6868324303223,5554.728103917317,T014_2,5.000099999999293,U06,existing
P134_256,G2,B_aircraft,G2-B_aircraft-01,T014_2,5559.728203917316,7425.499213465236,,,U06,existing
P134_256,G2,B_aircraft,G2-B_aircraft-02,T008,2348.76072154738,4193.299611702947,T006,919.1733626502655,NEW-B_aircraft-01,procurement_required
P134_256,G2,B_aircraft,G2-B_aircraft-02,T006,5112.4729743532125,6302.1032600896515,T022,3411.3902184389926,NEW-B_aircraft-01,procurement_required
P134_256,G2,B_aircraft,G2-B_aircraft-02,T022,9713.493478528644,11214.272215143501,,,NEW-B_aircraft-01,procurement_required
P134_256,G2,C_aircraft,G2-C_aircraft-01,T004,1434.4262775174655,3604.9947859277245,T019_2,1227.6911806182397,NEW-C_aircraft-01,procurement_required
P134_256,G2,C_aircraft,G2-C_aircraft-01,T019_2,4832.685966545964,7071.870031513806,,,NEW-C_aircraft-01,procurement_required
P134_256,G2,C_aircraft,G2-C_aircraft-02,T012,3609.9948859277265,5725.07652720618,,,NEW-C_aircraft-02,procurement_required
P134_256,G2,A_batteries,G2-A_batteries-01,T011,2058.1153733026395,5546.539457030654,,,A05,existing
P134_256,G2,A_batteries,G2-A_batteries-02,T002_2,2212.8691163260855,4879.929014022942,T017,2889.522955490518,A06,existing
P134_256,G2,A_batteries,G2-A_batteries-02,T017,7769.45196951346,11476.863027475007,,,A06,existing
P134_256,G2,B_batteries,G2-B_batteries-01,T013,2.631913957884535e-07,3917.286899235777,T006,1195.1860751174354,B02,existing
P134_256,G2,B_batteries,G2-B_batteries-01,T006,5112.4729743532125,7435.544137052532,,,B02,existing
P134_256,G2,B_batteries,G2-B_batteries-02,T015,2097.1153733026395,5107.472874353213,T014_2,452.2553295641028,B03,existing
P134_256,G2,B_batteries,G2-B_batteries-02,T014_2,5559.728203917316,9106.026402123385,,,B03,existing
P134_256,G2,B_batteries,G2-B_batteries-03,T008,2348.76072154738,5781.961574782329,T022,3931.531903746315,B04,existing
P134_256,G2,B_batteries,G2-B_batteries-03,T022,9713.493478528644,12750.274657105232,,,B04,existing
P134_256,G2,B_batteries,G2-B_batteries-04,T021,3656.6868324303223,7421.910255834926,,,NEW-B_batteries-01,procurement_required
P134_256,G2,C_batteries,G2-C_batteries-01,T004,1434.4262775174655,5752.089857916125,,,C04,existing
P134_256,G2,C_batteries,G2-C_batteries-02,T012,3609.9948859277265,8217.742244657848,,,NEW-C_batteries-01,procurement_required
P134_256,G2,C_batteries,G2-C_batteries-03,T019_2,4832.685966545964,9540.547812933855,,,NEW-C_batteries-02,procurement_required
P134_256,G2,relay_aircraft,G2-relay_aircraft-01,R003,5.186098884268291,7850.634235067152,R004,1733.0453420825716,R02,existing
P134_256,G2,relay_aircraft,G2-relay_aircraft-01,R004,9583.679577149724,11813.399509678484,,,R02,existing
P134_256,G2,relay_aircraft,G2-relay_aircraft-02,R005,2134.2977388563304,4587.002647985877,R006,3268.6316870812743,NEW-relay_aircraft-01,procurement_required
P134_256,G2,relay_aircraft,G2-relay_aircraft-02,R006,7855.634335067151,10510.693895951956,,,NEW-relay_aircraft-01,procurement_required
P134_256,G2,relay_components,G2-relay_components-01,R003,5.186098884268291,8956.255878782365,R004,627.4236983673582,RE02,existing
P134_256,G2,relay_components,G2-relay_components-01,R004,9583.679577149724,12221.929892002603,,,RE02,existing
P134_256,G2,relay_components,G2-relay_components-02,R005,2134.2977388563304,5015.591855407197,R006,2840.0424796599546,RE03,existing
P134_256,G2,relay_components,G2-relay_components-02,R006,7855.634335067151,10964.401779763033,,,RE03,existing
P1356_24,G1,A_aircraft,G1-A_aircraft-01,T002_1,0.0,1652.4416357195464,T002_2,560.4274806065391,U01,existing
P1356_24,G1,A_aircraft,G1-A_aircraft-01,T002_2,2212.8691163260855,3815.461852306258,T016,542.4035766502066,U01,existing
P1356_24,G1,A_aircraft,G1-A_aircraft-01,T016,4357.865428956465,6053.623533624929,T020,887.2828924404594,U01,existing
P1356_24,G1,A_aircraft,G1-A_aircraft-01,T020,6940.906426065389,8911.116273042207,,,U01,existing
P1356_24,G1,A_aircraft,G1-A_aircraft-02,T014_1,0.0,1695.7581046684645,T011,362.35726863417494,U02,existing
P1356_24,G1,A_aircraft,G1-A_aircraft-02,T011,2058.1153733026395,4188.754462062222,T007,144.11096689424357,U02,existing
P1356_24,G1,A_aircraft,G1-A_aircraft-02,T007,4332.865428956466,6940.9063260653875,T019_1,748.4755122280048,U02,existing
P1356_24,G1,A_aircraft,G1-A_aircraft-02,T019_1,7689.381838293392,9325.139942961858,,,U02,existing
P1356_24,G1,A_aircraft,G1-A_aircraft-03,T023,6053.623633624929,7689.381738293394,T017,80.07023122006649,U03,existing
P1356_24,G1,A_aircraft,G1-A_aircraft-03,T017,7769.45196951346,10113.299044225432,,,U03,existing
P1356_24,G1,B_aircraft,G1-B_aircraft-01,T005,0.0,1210.3573074816584,T008,1138.4034140657216,U05,existing
P1356_24,G1,B_aircraft,G1-B_aircraft-01,T008,2348.76072154738,4193.299611702947,,,U05,existing
P1356_24,G1,B_aircraft,G1-B_aircraft-02,T015,2097.1153733026395,3651.686732430321,T006,1460.7862419228913,U06,existing
P1356_24,G1,B_aircraft,G1-B_aircraft-02,T006,5112.4729743532125,6302.1032600896515,,,U06,existing
P1356_24,G1,C_aircraft,G1-C_aircraft-01,T003,0.0,1429.4261775174655,T001,1836.833511511034,U07,existing
P1356_24,G1,C_aircraft,G1-C_aircraft-01,T001,3266.2596890284995,4827.685866545965,,,U07,existing
P1356_24,G1,C_aircraft,G1-C_aircraft-02,T010_1,0.0,1823.224406150507,T018,3933.865551765618,U08,existing
P1356_24,G1,C_aircraft,G1-C_aircraft-02,T018,5757.089957916125,8192.899478773774,,,U08,existing
P1356_24,G1,A_batteries,G1-A_batteries-01,T002_1,0.0,2667.5322461730734,T016,1690.3331827833913,A01,existing
P1356_24,G1,A_batteries,G1-A_batteries-01,T016,4357.865428956465,7189.599845781131,T017,579.8521237323293,A01,existing
P1356_24,G1,A_batteries,G1-A_batteries-01,T017,7769.45196951346,11476.863027475007,,,A01,existing
P1356_24,G1,A_batteries,G1-A_batteries-02,T014_1,0.0,2810.952429148163,T007,1521.9129998083026,A02,existing
P1356_24,G1,A_batteries,G1-A_batteries-02,T007,4332.865428956466,8394.169789148978,,,A02,existing
P1356_24,G1,A_batteries,G1-A_batteries-03,T011,2058.1153733026395,5546.539457030654,T020,1394.3669690347342,A03,existing
P1356_24,G1,A_batteries,G1-A_batteries-03,T020,6940.906426065389,10151.116923729283,,,A03,existing
P1356_24,G1,A_batteries,G1-A_batteries-04,T002_2,2212.8691163260855,4879.929014022942,T023,1173.6946196019871,A04,existing
P1356_24,G1,A_batteries,G1-A_batteries-04,T023,6053.623633624929,8794.320358969193,,,A04,existing
P1356_24,G1,A_batteries,G1-A_batteries-05,T019_1,7689.381838293392,10409.758236602142,,,A05,existing
P1356_24,G1,B_batteries,G1-B_batteries-01,T005,0.0,2343.7606215473797,T008,5.000100000000202,B01,existing
P1356_24,G1,B_batteries,G1-B_batteries-01,T008,2348.76072154738,5781.961574782329,,,B01,existing
P1356_24,G1,B_batteries,G1-B_batteries-02,T015,2097.1153733026395,5107.472874353213,T006,5.000099999999293,B02,existing
P1356_24,G1,B_batteries,G1-B_batteries-02,T006,5112.4729743532125,7435.544137052532,,,B02,existing
P1356_24,G1,C_batteries,G1-C_batteries-01,T003,0.0,2947.606630665684,T001,318.6530583628155,C01,existing
P1356_24,G1,C_batteries,G1-C_batteries-01,T001,3266.2596890284995,6416.352542791451,,,C01,existing
P1356_24,G1,C_batteries,G1-C_batteries-02,T010_1,0.0,3563.4170832737245,T018,2193.6728746424005,C02,existing
P1356_24,G1,C_batteries,G1-C_batteries-02,T018,5757.089957916125,10691.253758748288,,,C02,existing
P1356_24,G1,relay_aircraft,G1-relay_aircraft-01,R001,162.1373190294086,2129.297638856331,R002,2462.7051091295434,R01,existing
P1356_24,G1,relay_aircraft,G1-relay_aircraft-01,R002,4592.0027479858745,9578.679477149724,,,R01,existing
P1356_24,G1,relay_aircraft,G1-relay_aircraft-02,R005,2134.2977388563304,4587.002647985877,R006,3268.6316870812743,R02,existing
P1356_24,G1,relay_aircraft,G1-relay_aircraft-02,R006,7855.634335067151,10510.693895951956,,,R02,existing
P1356_24,G1,relay_components,G1-relay_components-01,R001,162.1373190294086,2493.9201725268517,R002,2098.082575459023,RE01,existing
P1356_24,G1,relay_components,G1-relay_components-01,R002,4592.0027479858745,10318.120453993146,,,RE01,existing
P1356_24,G1,relay_components,G1-relay_components-02,R005,2134.2977388563304,5015.591855407197,R006,2840.0424796599546,RE02,existing
P1356_24,G1,relay_components,G1-relay_components-02,R006,7855.634335067151,10964.401779763033,,,RE02,existing
P1356_24,G2,A_aircraft,G2-A_aircraft-01,T009,0.0,1316.0142144169886,,,U04,existing
P1356_24,G2,B_aircraft,G2-B_aircraft-01,T013,2.631913957884535e-07,1958.0412717501863,T021,1698.645560680136,NEW-B_aircraft-01,procurement_required
P1356_24,G2,B_aircraft,G2-B_aircraft-01,T021,3656.6868324303223,5554.728103917317,T014_2,5.000099999999293,NEW-B_aircraft-01,procurement_required
P1356_24,G2,B_aircraft,G2-B_aircraft-01,T014_2,5559.728203917316,7425.499213465236,T022,2287.9942650634084,NEW-B_aircraft-01,procurement_required
P1356_24,G2,B_aircraft,G2-B_aircraft-01,T022,9713.493478528644,11214.272215143501,,,NEW-B_aircraft-01,procurement_required
P1356_24,G2,C_aircraft,G2-C_aircraft-01,T004,1434.4262775174655,3604.9947859277245,T019_2,1227.6911806182397,NEW-C_aircraft-01,procurement_required
P1356_24,G2,C_aircraft,G2-C_aircraft-01,T019_2,4832.685966545964,7071.870031513806,,,NEW-C_aircraft-01,procurement_required
P1356_24,G2,C_aircraft,G2-C_aircraft-02,T010_2,1828.2245061505073,3261.2595890284992,T012,348.73529689922725,NEW-C_aircraft-02,procurement_required
P1356_24,G2,C_aircraft,G2-C_aircraft-02,T012,3609.9948859277265,5725.07652720618,,,NEW-C_aircraft-02,procurement_required
P1356_24,G2,A_batteries,G2-A_batteries-01,T009,0.0,2207.8690163260853,,,A06,existing
P1356_24,G2,B_batteries,G2-B_batteries-01,T013,2.631913957884535e-07,3917.286899235777,T014_2,1642.441304681539,B03,existing
P1356_24,G2,B_batteries,G2-B_batteries-01,T014_2,5559.728203917316,9106.026402123385,,,B03,existing
P1356_24,G2,B_batteries,G2-B_batteries-02,T021,3656.6868324303223,7421.910255834926,T022,2291.583222693718,B04,existing
P1356_24,G2,B_batteries,G2-B_batteries-02,T022,9713.493478528644,12750.274657105232,,,B04,existing
P1356_24,G2,C_batteries,G2-C_batteries-01,T004,1434.4262775174655,5752.089857916125,,,C03,existing
P1356_24,G2,C_batteries,G2-C_batteries-02,T010_2,1828.2245061505073,4709.032782226957,T019_2,123.65318431900687,C04,existing
P1356_24,G2,C_batteries,G2-C_batteries-02,T019_2,4832.685966545964,9540.547812933855,,,C04,existing
P1356_24,G2,C_batteries,G2-C_batteries-03,T012,3609.9948859277265,8217.742244657848,,,NEW-C_batteries-01,procurement_required
P1356_24,G2,relay_aircraft,G2-relay_aircraft-01,R003,5.186098884268291,7850.634235067152,R004,1733.0453420825716,NEW-relay_aircraft-01,procurement_required
P1356_24,G2,relay_aircraft,G2-relay_aircraft-01,R004,9583.679577149724,11813.399509678484,,,NEW-relay_aircraft-01,procurement_required
P1356_24,G2,relay_components,G2-relay_components-01,R003,5.186098884268291,8956.255878782365,R004,627.4236983673582,RE03,existing
P1356_24,G2,relay_components,G2-relay_components-01,R004,9583.679577149724,12221.929892002603,,,RE03,existing
P135_246,G1,A_aircraft,G1-A_aircraft-01,T002_1,0.0,1652.4416357195464,T002_2,560.4274806065391,U01,existing
P135_246,G1,A_aircraft,G1-A_aircraft-01,T002_2,2212.8691163260855,3815.461852306258,T016,542.4035766502066,U01,existing
P135_246,G1,A_aircraft,G1-A_aircraft-01,T016,4357.865428956465,6053.623533624929,T020,887.2828924404594,U01,existing
P135_246,G1,A_aircraft,G1-A_aircraft-01,T020,6940.906426065389,8911.116273042207,,,U01,existing
P135_246,G1,A_aircraft,G1-A_aircraft-02,T014_1,0.0,1695.7581046684645,T011,362.35726863417494,U02,existing
P135_246,G1,A_aircraft,G1-A_aircraft-02,T011,2058.1153733026395,4188.754462062222,T007,144.11096689424357,U02,existing
P135_246,G1,A_aircraft,G1-A_aircraft-02,T007,4332.865428956466,6940.9063260653875,T019_1,748.4755122280048,U02,existing
P135_246,G1,A_aircraft,G1-A_aircraft-02,T019_1,7689.381838293392,9325.139942961858,,,U02,existing
P135_246,G1,A_aircraft,G1-A_aircraft-03,T023,6053.623633624929,7689.381738293394,T017,80.07023122006649,U03,existing
P135_246,G1,A_aircraft,G1-A_aircraft-03,T017,7769.45196951346,10113.299044225432,,,U03,existing
P135_246,G1,B_aircraft,G1-B_aircraft-01,T005,0.0,1210.3573074816584,T008,1138.4034140657216,U05,existing
P135_246,G1,B_aircraft,G1-B_aircraft-01,T008,2348.76072154738,4193.299611702947,,,U05,existing
P135_246,G1,B_aircraft,G1-B_aircraft-02,T015,2097.1153733026395,3651.686732430321,,,U06,existing
P135_246,G1,C_aircraft,G1-C_aircraft-01,T003,0.0,1429.4261775174655,T001,1836.833511511034,U07,existing
P135_246,G1,C_aircraft,G1-C_aircraft-01,T001,3266.2596890284995,4827.685866545965,,,U07,existing
P135_246,G1,C_aircraft,G1-C_aircraft-02,T010_1,0.0,1823.224406150507,T018,3933.865551765618,U08,existing
P135_246,G1,C_aircraft,G1-C_aircraft-02,T018,5757.089957916125,8192.899478773774,,,U08,existing
P135_246,G1,A_batteries,G1-A_batteries-01,T002_1,0.0,2667.5322461730734,T016,1690.3331827833913,A01,existing
P135_246,G1,A_batteries,G1-A_batteries-01,T016,4357.865428956465,7189.599845781131,T017,579.8521237323293,A01,existing
P135_246,G1,A_batteries,G1-A_batteries-01,T017,7769.45196951346,11476.863027475007,,,A01,existing
P135_246,G1,A_batteries,G1-A_batteries-02,T014_1,0.0,2810.952429148163,T007,1521.9129998083026,A02,existing
P135_246,G1,A_batteries,G1-A_batteries-02,T007,4332.865428956466,8394.169789148978,,,A02,existing
P135_246,G1,A_batteries,G1-A_batteries-03,T011,2058.1153733026395,5546.539457030654,T020,1394.3669690347342,A03,existing
P135_246,G1,A_batteries,G1-A_batteries-03,T020,6940.906426065389,10151.116923729283,,,A03,existing
P135_246,G1,A_batteries,G1-A_batteries-04,T002_2,2212.8691163260855,4879.929014022942,T023,1173.6946196019871,A04,existing
P135_246,G1,A_batteries,G1-A_batteries-04,T023,6053.623633624929,8794.320358969193,,,A04,existing
P135_246,G1,A_batteries,G1-A_batteries-05,T019_1,7689.381838293392,10409.758236602142,,,A05,existing
P135_246,G1,B_batteries,G1-B_batteries-01,T005,0.0,2343.7606215473797,T008,5.000100000000202,B01,existing
P135_246,G1,B_batteries,G1-B_batteries-01,T008,2348.76072154738,5781.961574782329,,,B01,existing
P135_246,G1,B_batteries,G1-B_batteries-02,T015,2097.1153733026395,5107.472874353213,,,B02,existing
P135_246,G1,C_batteries,G1-C_batteries-01,T003,0.0,2947.606630665684,T001,318.6530583628155,C01,existing
P135_246,G1,C_batteries,G1-C_batteries-01,T001,3266.2596890284995,6416.352542791451,,,C01,existing
P135_246,G1,C_batteries,G1-C_batteries-02,T010_1,0.0,3563.4170832737245,T018,2193.6728746424005,C02,existing
P135_246,G1,C_batteries,G1-C_batteries-02,T018,5757.089957916125,10691.253758748288,,,C02,existing
P135_246,G1,relay_aircraft,G1-relay_aircraft-01,R001,162.1373190294086,2129.297638856331,R002,2462.7051091295434,R01,existing
P135_246,G1,relay_aircraft,G1-relay_aircraft-01,R002,4592.0027479858745,9578.679477149724,,,R01,existing
P135_246,G1,relay_aircraft,G1-relay_aircraft-02,R005,2134.2977388563304,4587.002647985877,R006,3268.6316870812743,R02,existing
P135_246,G1,relay_aircraft,G1-relay_aircraft-02,R006,7855.634335067151,10510.693895951956,,,R02,existing
P135_246,G1,relay_components,G1-relay_components-01,R001,162.1373190294086,2493.9201725268517,R002,2098.082575459023,RE01,existing
P135_246,G1,relay_components,G1-relay_components-01,R002,4592.0027479858745,10318.120453993146,,,RE01,existing
P135_246,G1,relay_components,G1-relay_components-02,R005,2134.2977388563304,5015.591855407197,R006,2840.0424796599546,RE02,existing
P135_246,G1,relay_components,G1-relay_components-02,R006,7855.634335067151,10964.401779763033,,,RE02,existing
P135_246,G2,A_aircraft,G2-A_aircraft-01,T009,0.0,1316.0142144169886,,,U04,existing
P135_246,G2,B_aircraft,G2-B_aircraft-01,T013,2.631913957884535e-07,1958.0412717501863,T021,1698.645560680136,NEW-B_aircraft-01,procurement_required
P135_246,G2,B_aircraft,G2-B_aircraft-01,T021,3656.6868324303223,5554.728103917317,T014_2,5.000099999999293,NEW-B_aircraft-01,procurement_required
P135_246,G2,B_aircraft,G2-B_aircraft-01,T014_2,5559.728203917316,7425.499213465236,,,NEW-B_aircraft-01,procurement_required
P135_246,G2,B_aircraft,G2-B_aircraft-02,T006,5112.4729743532125,6302.1032600896515,T022,3411.3902184389926,NEW-B_aircraft-02,procurement_required
P135_246,G2,B_aircraft,G2-B_aircraft-02,T022,9713.493478528644,11214.272215143501,,,NEW-B_aircraft-02,procurement_required
P135_246,G2,C_aircraft,G2-C_aircraft-01,T004,1434.4262775174655,3604.9947859277245,T019_2,1227.6911806182397,NEW-C_aircraft-01,procurement_required
P135_246,G2,C_aircraft,G2-C_aircraft-01,T019_2,4832.685966545964,7071.870031513806,,,NEW-C_aircraft-01,procurement_required
P135_246,G2,C_aircraft,G2-C_aircraft-02,T010_2,1828.2245061505073,3261.2595890284992,T012,348.73529689922725,NEW-C_aircraft-02,procurement_required
P135_246,G2,C_aircraft,G2-C_aircraft-02,T012,3609.9948859277265,5725.07652720618,,,NEW-C_aircraft-02,procurement_required
P135_246,G2,A_batteries,G2-A_batteries-01,T009,0.0,2207.8690163260853,,,A06,existing
P135_246,G2,B_batteries,G2-B_batteries-01,T013,2.631913957884535e-07,3917.286899235777,T014_2,1642.441304681539,B03,existing
P135_246,G2,B_batteries,G2-B_batteries-01,T014_2,5559.728203917316,9106.026402123385,,,B03,existing
P135_246,G2,B_batteries,G2-B_batteries-02,T021,3656.6868324303223,7421.910255834926,T022,2291.583222693718,B04,existing
P135_246,G2,B_batteries,G2-B_batteries-02,T022,9713.493478528644,12750.274657105232,,,B04,existing
P135_246,G2,B_batteries,G2-B_batteries-03,T006,5112.4729743532125,7435.544137052532,,,NEW-B_batteries-01,procurement_required
P135_246,G2,C_batteries,G2-C_batteries-01,T004,1434.4262775174655,5752.089857916125,,,C03,existing
P135_246,G2,C_batteries,G2-C_batteries-02,T010_2,1828.2245061505073,4709.032782226957,T019_2,123.65318431900687,C04,existing
P135_246,G2,C_batteries,G2-C_batteries-02,T019_2,4832.685966545964,9540.547812933855,,,C04,existing
P135_246,G2,C_batteries,G2-C_batteries-03,T012,3609.9948859277265,8217.742244657848,,,NEW-C_batteries-01,procurement_required
P135_246,G2,relay_aircraft,G2-relay_aircraft-01,R003,5.186098884268291,7850.634235067152,R004,1733.0453420825716,NEW-relay_aircraft-01,procurement_required
P135_246,G2,relay_aircraft,G2-relay_aircraft-01,R004,9583.679577149724,11813.399509678484,,,NEW-relay_aircraft-01,procurement_required
P135_246,G2,relay_components,G2-relay_components-01,R003,5.186098884268291,8956.255878782365,R004,627.4236983673582,RE03,existing
P135_246,G2,relay_components,G2-relay_components-01,R004,9583.679577149724,12221.929892002603,,,RE03,existing
P136_245,G1,A_aircraft,G1-A_aircraft-01,T002_1,0.0,1652.4416357195464,T016,2705.4237932369183,U01,existing
P136_245,G1,A_aircraft,G1-A_aircraft-01,T016,4357.865428956465,6053.623533624929,T023,0.00010000000020227162,U01,existing
P136_245,G1,A_aircraft,G1-A_aircraft-01,T023,6053.623633624929,7689.381738293394,T019_1,9.999999838328222e-05,U01,existing
P136_245,G1,A_aircraft,G1-A_aircraft-01,T019_1,7689.381838293392,9325.139942961858,,,U01,existing
P136_245,G1,A_aircraft,G1-A_aircraft-02,T014_1,0.0,1695.7581046684645,T007,2637.107324288001,U02,existing
P136_245,G1,A_aircraft,G1-A_aircraft-02,T007,4332.865428956466,6940.9063260653875,T020,0.00010000000111176632,U02,existing
P136_245,G1,A_aircraft,G1-A_aircraft-02,T020,6940.906426065389,8911.116273042207,,,U02,existing
P136_245,G1,B_aircraft,G1-B_aircraft-01,T005,0.0,1210.3573074816584,T006,3902.115666871554,U05,existing
P136_245,G1,B_aircraft,G1-B_aircraft-01,T006,5112.4729743532125,6302.1032600896515,,,U05,existing
P136_245,G1,C_aircraft,G1-C_aircraft-01,T003,0.0,1429.4261775174655,T001,1836.833511511034,U07,existing
P136_245,G1,C_aircraft,G1-C_aircraft-01,T001,3266.2596890284995,4827.685866545965,,,U07,existing
P136_245,G1,C_aircraft,G1-C_aircraft-02,T010_1,0.0,1823.224406150507,T018,3933.865551765618,U08,existing
P136_245,G1,C_aircraft,G1-C_aircraft-02,T018,5757.089957916125,8192.899478773774,,,U08,existing
P136_245,G1,A_batteries,G1-A_batteries-01,T002_1,0.0,2667.5322461730734,T016,1690.3331827833913,A01,existing
P136_245,G1,A_batteries,G1-A_batteries-01,T016,4357.865428956465,7189.599845781131,T019_1,499.78199251226124,A01,existing
P136_245,G1,A_batteries,G1-A_batteries-01,T019_1,7689.381838293392,10409.758236602142,,,A01,existing
P136_245,G1,A_batteries,G1-A_batteries-02,T014_1,0.0,2810.952429148163,T007,1521.9129998083026,A02,existing
P136_245,G1,A_batteries,G1-A_batteries-02,T007,4332.865428956466,8394.169789148978,,,A02,existing
P136_245,G1,A_batteries,G1-A_batteries-03,T023,6053.623633624929,8794.320358969193,,,A03,existing
P136_245,G1,A_batteries,G1-A_batteries-04,T020,6940.906426065389,10151.116923729283,,,A04,existing
P136_245,G1,B_batteries,G1-B_batteries-01,T005,0.0,2343.7606215473797,T006,2768.712352805833,B01,existing
P136_245,G1,B_batteries,G1-B_batteries-01,T006,5112.4729743532125,7435.544137052532,,,B01,existing
P136_245,G1,C_batteries,G1-C_batteries-01,T003,0.0,2947.606630665684,T001,318.6530583628155,C01,existing
P136_245,G1,C_batteries,G1-C_batteries-01,T001,3266.2596890284995,6416.352542791451,,,C01,existing
P136_245,G1,C_batteries,G1-C_batteries-02,T010_1,0.0,3563.4170832737245,T018,2193.6728746424005,C02,existing
P136_245,G1,C_batteries,G1-C_batteries-02,T018,5757.089957916125,10691.253758748288,,,C02,existing
P136_245,G1,relay_aircraft,G1-relay_aircraft-01,R001,162.1373190294086,2129.297638856331,R002,2462.7051091295434,R01,existing
P136_245,G1,relay_aircraft,G1-relay_aircraft-01,R002,4592.0027479858745,9578.679477149724,,,R01,existing
P136_245,G1,relay_components,G1-relay_components-01,R001,162.1373190294086,2493.9201725268517,R002,2098.082575459023,RE01,existing
P136_245,G1,relay_components,G1-relay_components-01,R002,4592.0027479858745,10318.120453993146,,,RE01,existing
P136_245,G2,A_aircraft,G2-A_aircraft-01,T009,0.0,1316.0142144169886,T002_2,896.854901909097,U03,existing
P136_245,G2,A_aircraft,G2-A_aircraft-01,T002_2,2212.8691163260855,3815.461852306258,T017,3953.9901172072023,U03,existing
P136_245,G2,A_aircraft,G2-A_aircraft-01,T017,7769.45196951346,10113.299044225432,,,U03,existing
P136_245,G2,A_aircraft,G2-A_aircraft-02,T011,2058.1153733026395,4188.754462062222,,,U04,existing
P136_245,G2,B_aircraft,G2-B_aircraft-01,T013,2.631913957884535e-07,1958.0412717501863,T015,139.07410155245316,U06,existing
P136_245,G2,B_aircraft,G2-B_aircraft-01,T015,2097.1153733026395,3651.686732430321,T021,5.000100000001112,U06,existing
P136_245,G2,B_aircraft,G2-B_aircraft-01,T021,3656.6868324303223,5554.728103917317,T022,4158.765374611327,U06,existing
P136_245,G2,B_aircraft,G2-B_aircraft-01,T022,9713.493478528644,11214.272215143501,,,U06,existing
P136_245,G2,B_aircraft,G2-B_aircraft-02,T008,2348.76072154738,4193.299611702947,T014_2,1366.428592214369,NEW-B_aircraft-01,procurement_required
P136_245,G2,B_aircraft,G2-B_aircraft-02,T014_2,5559.728203917316,7425.499213465236,,,NEW-B_aircraft-01,procurement_required
P136_245,G2,C_aircraft,G2-C_aircraft-01,T004,1434.4262775174655,3604.9947859277245,T019_2,1227.6911806182397,NEW-C_aircraft-01,procurement_required
P136_245,G2,C_aircraft,G2-C_aircraft-01,T019_2,4832.685966545964,7071.870031513806,,,NEW-C_aircraft-01,procurement_required
P136_245,G2,C_aircraft,G2-C_aircraft-02,T010_2,1828.2245061505073,3261.2595890284992,T012,348.73529689922725,NEW-C_aircraft-02,procurement_required
P136_245,G2,C_aircraft,G2-C_aircraft-02,T012,3609.9948859277265,5725.07652720618,,,NEW-C_aircraft-02,procurement_required
P136_245,G2,A_batteries,G2-A_batteries-01,T009,0.0,2207.8690163260853,T002_2,5.000100000000202,A05,existing
P136_245,G2,A_batteries,G2-A_batteries-01,T002_2,2212.8691163260855,4879.929014022942,T017,2889.522955490518,A05,existing
P136_245,G2,A_batteries,G2-A_batteries-01,T017,7769.45196951346,11476.863027475007,,,A05,existing
P136_245,G2,A_batteries,G2-A_batteries-02,T011,2058.1153733026395,5546.539457030654,,,A06,existing
P136_245,G2,B_batteries,G2-B_batteries-01,T013,2.631913957884535e-07,3917.286899235777,T014_2,1642.441304681539,B02,existing
P136_245,G2,B_batteries,G2-B_batteries-01,T014_2,5559.728203917316,9106.026402123385,,,B02,existing
P136_245,G2,B_batteries,G2-B_batteries-02,T015,2097.1153733026395,5107.472874353213,T022,4606.020604175431,B03,existing
P136_245,G2,B_batteries,G2-B_batteries-02,T022,9713.493478528644,12750.274657105232,,,B03,existing
P136_245,G2,B_batteries,G2-B_batteries-03,T008,2348.76072154738,5781.961574782329,,,B04,existing
P136_245,G2,B_batteries,G2-B_batteries-04,T021,3656.6868324303223,7421.910255834926,,,NEW-B_batteries-01,procurement_required
P136_245,G2,C_batteries,G2-C_batteries-01,T004,1434.4262775174655,5752.089857916125,,,C03,existing
P136_245,G2,C_batteries,G2-C_batteries-02,T010_2,1828.2245061505073,4709.032782226957,T019_2,123.65318431900687,C04,existing
P136_245,G2,C_batteries,G2-C_batteries-02,T019_2,4832.685966545964,9540.547812933855,,,C04,existing
P136_245,G2,C_batteries,G2-C_batteries-03,T012,3609.9948859277265,8217.742244657848,,,NEW-C_batteries-01,procurement_required
P136_245,G2,relay_aircraft,G2-relay_aircraft-01,R003,5.186098884268291,7850.634235067152,R004,1733.0453420825716,R02,existing
P136_245,G2,relay_aircraft,G2-relay_aircraft-01,R004,9583.679577149724,11813.399509678484,,,R02,existing
P136_245,G2,relay_aircraft,G2-relay_aircraft-02,R005,2134.2977388563304,4587.002647985877,R006,3268.6316870812743,NEW-relay_aircraft-01,procurement_required
P136_245,G2,relay_aircraft,G2-relay_aircraft-02,R006,7855.634335067151,10510.693895951956,,,NEW-relay_aircraft-01,procurement_required
P136_245,G2,relay_components,G2-relay_components-01,R003,5.186098884268291,8956.255878782365,R004,627.4236983673582,RE02,existing
P136_245,G2,relay_components,G2-relay_components-01,R004,9583.679577149724,12221.929892002603,,,RE02,existing
P136_245,G2,relay_components,G2-relay_components-02,R005,2134.2977388563304,5015.591855407197,R006,2840.0424796599546,RE03,existing
P136_245,G2,relay_components,G2-relay_components-02,R006,7855.634335067151,10964.401779763033,,,RE03,existing
P13_2456,G1,A_aircraft,G1-A_aircraft-01,T002_1,0.0,1652.4416357195464,T016,2705.4237932369183,U01,existing
P13_2456,G1,A_aircraft,G1-A_aircraft-01,T016,4357.865428956465,6053.623533624929,T023,0.00010000000020227162,U01,existing
P13_2456,G1,A_aircraft,G1-A_aircraft-01,T023,6053.623633624929,7689.381738293394,T019_1,9.999999838328222e-05,U01,existing
P13_2456,G1,A_aircraft,G1-A_aircraft-01,T019_1,7689.381838293392,9325.139942961858,,,U01,existing
P13_2456,G1,A_aircraft,G1-A_aircraft-02,T014_1,0.0,1695.7581046684645,T007,2637.107324288001,U02,existing
P13_2456,G1,A_aircraft,G1-A_aircraft-02,T007,4332.865428956466,6940.9063260653875,T020,0.00010000000111176632,U02,existing
P13_2456,G1,A_aircraft,G1-A_aircraft-02,T020,6940.906426065389,8911.116273042207,,,U02,existing
P13_2456,G1,B_aircraft,G1-B_aircraft-01,T005,0.0,1210.3573074816584,,,U05,existing
P13_2456,G1,C_aircraft,G1-C_aircraft-01,T003,0.0,1429.4261775174655,T001,1836.833511511034,U07,existing
P13_2456,G1,C_aircraft,G1-C_aircraft-01,T001,3266.2596890284995,4827.685866545965,,,U07,existing
P13_2456,G1,C_aircraft,G1-C_aircraft-02,T010_1,0.0,1823.224406150507,T018,3933.865551765618,U08,existing
P13_2456,G1,C_aircraft,G1-C_aircraft-02,T018,5757.089957916125,8192.899478773774,,,U08,existing
P13_2456,G1,A_batteries,G1-A_batteries-01,T002_1,0.0,2667.5322461730734,T016,1690.3331827833913,A01,existing
P13_2456,G1,A_batteries,G1-A_batteries-01,T016,4357.865428956465,7189.599845781131,T019_1,499.78199251226124,A01,existing
P13_2456,G1,A_batteries,G1-A_batteries-01,T019_1,7689.381838293392,10409.758236602142,,,A01,existing
P13_2456,G1,A_batteries,G1-A_batteries-02,T014_1,0.0,2810.952429148163,T007,1521.9129998083026,A02,existing
P13_2456,G1,A_batteries,G1-A_batteries-02,T007,4332.865428956466,8394.169789148978,,,A02,existing
P13_2456,G1,A_batteries,G1-A_batteries-03,T023,6053.623633624929,8794.320358969193,,,A03,existing
P13_2456,G1,A_batteries,G1-A_batteries-04,T020,6940.906426065389,10151.116923729283,,,A04,existing
P13_2456,G1,B_batteries,G1-B_batteries-01,T005,0.0,2343.7606215473797,,,B01,existing
P13_2456,G1,C_batteries,G1-C_batteries-01,T003,0.0,2947.606630665684,T001,318.6530583628155,C01,existing
P13_2456,G1,C_batteries,G1-C_batteries-01,T001,3266.2596890284995,6416.352542791451,,,C01,existing
P13_2456,G1,C_batteries,G1-C_batteries-02,T010_1,0.0,3563.4170832737245,T018,2193.6728746424005,C02,existing
P13_2456,G1,C_batteries,G1-C_batteries-02,T018,5757.089957916125,10691.253758748288,,,C02,existing
P13_2456,G1,relay_aircraft,G1-relay_aircraft-01,R001,162.1373190294086,2129.297638856331,R002,2462.7051091295434,R01,existing
P13_2456,G1,relay_aircraft,G1-relay_aircraft-01,R002,4592.0027479858745,9578.679477149724,,,R01,existing
P13_2456,G1,relay_components,G1-relay_components-01,R001,162.1373190294086,2493.9201725268517,R002,2098.082575459023,RE01,existing
P13_2456,G1,relay_components,G1-relay_components-01,R002,4592.0027479858745,10318.120453993146,,,RE01,existing
P13_2456,G2,A_aircraft,G2-A_aircraft-01,T009,0.0,1316.0142144169886,T002_2,896.854901909097,U03,existing
P13_2456,G2,A_aircraft,G2-A_aircraft-01,T002_2,2212.8691163260855,3815.461852306258,T017,3953.9901172072023,U03,existing
P13_2456,G2,A_aircraft,G2-A_aircraft-01,T017,7769.45196951346,10113.299044225432,,,U03,existing
P13_2456,G2,A_aircraft,G2-A_aircraft-02,T011,2058.1153733026395,4188.754462062222,,,U04,existing
P13_2456,G2,B_aircraft,G2-B_aircraft-01,T013,2.631913957884535e-07,1958.0412717501863,T015,139.07410155245316,U06,existing
P13_2456,G2,B_aircraft,G2-B_aircraft-01,T015,2097.1153733026395,3651.686732430321,T021,5.000100000001112,U06,existing
P13_2456,G2,B_aircraft,G2-B_aircraft-01,T021,3656.6868324303223,5554.728103917317,T014_2,5.000099999999293,U06,existing
P13_2456,G2,B_aircraft,G2-B_aircraft-01,T014_2,5559.728203917316,7425.499213465236,,,U06,existing
P13_2456,G2,B_aircraft,G2-B_aircraft-02,T008,2348.76072154738,4193.299611702947,T006,919.1733626502655,NEW-B_aircraft-01,procurement_required
P13_2456,G2,B_aircraft,G2-B_aircraft-02,T006,5112.4729743532125,6302.1032600896515,T022,3411.3902184389926,NEW-B_aircraft-01,procurement_required
P13_2456,G2,B_aircraft,G2-B_aircraft-02,T022,9713.493478528644,11214.272215143501,,,NEW-B_aircraft-01,procurement_required
P13_2456,G2,C_aircraft,G2-C_aircraft-01,T004,1434.4262775174655,3604.9947859277245,T019_2,1227.6911806182397,NEW-C_aircraft-01,procurement_required
P13_2456,G2,C_aircraft,G2-C_aircraft-01,T019_2,4832.685966545964,7071.870031513806,,,NEW-C_aircraft-01,procurement_required
P13_2456,G2,C_aircraft,G2-C_aircraft-02,T010_2,1828.2245061505073,3261.2595890284992,T012,348.73529689922725,NEW-C_aircraft-02,procurement_required
P13_2456,G2,C_aircraft,G2-C_aircraft-02,T012,3609.9948859277265,5725.07652720618,,,NEW-C_aircraft-02,procurement_required
P13_2456,G2,A_batteries,G2-A_batteries-01,T009,0.0,2207.8690163260853,T002_2,5.000100000000202,A05,existing
P13_2456,G2,A_batteries,G2-A_batteries-01,T002_2,2212.8691163260855,4879.929014022942,T017,2889.522955490518,A05,existing
P13_2456,G2,A_batteries,G2-A_batteries-01,T017,7769.45196951346,11476.863027475007,,,A05,existing
P13_2456,G2,A_batteries,G2-A_batteries-02,T011,2058.1153733026395,5546.539457030654,,,A06,existing
P13_2456,G2,B_batteries,G2-B_batteries-01,T013,2.631913957884535e-07,3917.286899235777,T006,1195.1860751174354,B02,existing
P13_2456,G2,B_batteries,G2-B_batteries-01,T006,5112.4729743532125,7435.544137052532,,,B02,existing
P13_2456,G2,B_batteries,G2-B_batteries-02,T015,2097.1153733026395,5107.472874353213,T014_2,452.2553295641028,B03,existing
P13_2456,G2,B_batteries,G2-B_batteries-02,T014_2,5559.728203917316,9106.026402123385,,,B03,existing
P13_2456,G2,B_batteries,G2-B_batteries-03,T008,2348.76072154738,5781.961574782329,T022,3931.531903746315,B04,existing
P13_2456,G2,B_batteries,G2-B_batteries-03,T022,9713.493478528644,12750.274657105232,,,B04,existing
P13_2456,G2,B_batteries,G2-B_batteries-04,T021,3656.6868324303223,7421.910255834926,,,NEW-B_batteries-01,procurement_required
P13_2456,G2,C_batteries,G2-C_batteries-01,T004,1434.4262775174655,5752.089857916125,,,C03,existing
P13_2456,G2,C_batteries,G2-C_batteries-02,T010_2,1828.2245061505073,4709.032782226957,T019_2,123.65318431900687,C04,existing
P13_2456,G2,C_batteries,G2-C_batteries-02,T019_2,4832.685966545964,9540.547812933855,,,C04,existing
P13_2456,G2,C_batteries,G2-C_batteries-03,T012,3609.9948859277265,8217.742244657848,,,NEW-C_batteries-01,procurement_required
P13_2456,G2,relay_aircraft,G2-relay_aircraft-01,R003,5.186098884268291,7850.634235067152,R004,1733.0453420825716,R02,existing
P13_2456,G2,relay_aircraft,G2-relay_aircraft-01,R004,9583.679577149724,11813.399509678484,,,R02,existing
P13_2456,G2,relay_aircraft,G2-relay_aircraft-02,R005,2134.2977388563304,4587.002647985877,R006,3268.6316870812743,NEW-relay_aircraft-01,procurement_required
P13_2456,G2,relay_aircraft,G2-relay_aircraft-02,R006,7855.634335067151,10510.693895951956,,,NEW-relay_aircraft-01,procurement_required
P13_2456,G2,relay_components,G2-relay_components-01,R003,5.186098884268291,8956.255878782365,R004,627.4236983673582,RE02,existing
P13_2456,G2,relay_components,G2-relay_components-01,R004,9583.679577149724,12221.929892002603,,,RE02,existing
P13_2456,G2,relay_components,G2-relay_components-02,R005,2134.2977388563304,5015.591855407197,R006,2840.0424796599546,RE03,existing
P13_2456,G2,relay_components,G2-relay_components-02,R006,7855.634335067151,10964.401779763033,,,RE03,existing
P1456_23,G1,A_aircraft,G1-A_aircraft-01,T009,0.0,1316.0142144169886,T002_2,896.854901909097,U01,existing
P1456_23,G1,A_aircraft,G1-A_aircraft-01,T002_2,2212.8691163260855,3815.461852306258,T017,3953.9901172072023,U01,existing
P1456_23,G1,A_aircraft,G1-A_aircraft-01,T017,7769.45196951346,10113.299044225432,,,U01,existing
P1456_23,G1,A_aircraft,G1-A_aircraft-02,T011,2058.1153733026395,4188.754462062222,,,U02,existing
P1456_23,G1,B_aircraft,G1-B_aircraft-01,T005,0.0,1210.3573074816584,T008,1138.4034140657216,U05,existing
P1456_23,G1,B_aircraft,G1-B_aircraft-01,T008,2348.76072154738,4193.299611702947,,,U05,existing
P1456_23,G1,B_aircraft,G1-B_aircraft-02,T015,2097.1153733026395,3651.686732430321,T006,1460.7862419228913,U06,existing
P1456_23,G1,B_aircraft,G1-B_aircraft-02,T006,5112.4729743532125,6302.1032600896515,,,U06,existing
P1456_23,G1,C_aircraft,G1-C_aircraft-01,T003,0.0,1429.4261775174655,T010_2,398.7983286330418,U07,existing
P1456_23,G1,C_aircraft,G1-C_aircraft-01,T010_2,1828.2245061505073,3261.2595890284992,T001,5.000100000000202,U07,existing
P1456_23,G1,C_aircraft,G1-C_aircraft-01,T001,3266.2596890284995,4827.685866545965,,,U07,existing
P1456_23,G1,A_batteries,G1-A_batteries-01,T009,0.0,2207.8690163260853,T002_2,5.000100000000202,A01,existing
P1456_23,G1,A_batteries,G1-A_batteries-01,T002_2,2212.8691163260855,4879.929014022942,T017,2889.522955490518,A01,existing
P1456_23,G1,A_batteries,G1-A_batteries-01,T017,7769.45196951346,11476.863027475007,,,A01,existing
P1456_23,G1,A_batteries,G1-A_batteries-02,T011,2058.1153733026395,5546.539457030654,,,A02,existing
P1456_23,G1,B_batteries,G1-B_batteries-01,T005,0.0,2343.7606215473797,T008,5.000100000000202,B01,existing
P1456_23,G1,B_batteries,G1-B_batteries-01,T008,2348.76072154738,5781.961574782329,,,B01,existing
P1456_23,G1,B_batteries,G1-B_batteries-02,T015,2097.1153733026395,5107.472874353213,T006,5.000099999999293,B02,existing
P1456_23,G1,B_batteries,G1-B_batteries-02,T006,5112.4729743532125,7435.544137052532,,,B02,existing
P1456_23,G1,C_batteries,G1-C_batteries-01,T003,0.0,2947.606630665684,T001,318.6530583628155,C01,existing
P1456_23,G1,C_batteries,G1-C_batteries-01,T001,3266.2596890284995,6416.352542791451,,,C01,existing
P1456_23,G1,C_batteries,G1-C_batteries-02,T010_2,1828.2245061505073,4709.032782226957,,,C02,existing
P1456_23,G1,relay_aircraft,G1-relay_aircraft-01,R005,2134.2977388563304,4587.002647985877,R006,3268.6316870812743,R01,existing
P1456_23,G1,relay_aircraft,G1-relay_aircraft-01,R006,7855.634335067151,10510.693895951956,,,R01,existing
P1456_23,G1,relay_components,G1-relay_components-01,R005,2134.2977388563304,5015.591855407197,R006,2840.0424796599546,RE01,existing
P1456_23,G1,relay_components,G1-relay_components-01,R006,7855.634335067151,10964.401779763033,,,RE01,existing
P1456_23,G2,A_aircraft,G2-A_aircraft-01,T002_1,0.0,1652.4416357195464,T016,2705.4237932369183,U03,existing
P1456_23,G2,A_aircraft,G2-A_aircraft-01,T016,4357.865428956465,6053.623533624929,T023,0.00010000000020227162,U03,existing
P1456_23,G2,A_aircraft,G2-A_aircraft-01,T023,6053.623633624929,7689.381738293394,T019_1,9.999999838328222e-05,U03,existing
P1456_23,G2,A_aircraft,G2-A_aircraft-01,T019_1,7689.381838293392,9325.139942961858,,,U03,existing
P1456_23,G2,A_aircraft,G2-A_aircraft-02,T014_1,0.0,1695.7581046684645,T007,2637.107324288001,U04,existing
P1456_23,G2,A_aircraft,G2-A_aircraft-02,T007,4332.865428956466,6940.9063260653875,T020,0.00010000000111176632,U04,existing
P1456_23,G2,A_aircraft,G2-A_aircraft-02,T020,6940.906426065389,8911.116273042207,,,U04,existing
P1456_23,G2,B_aircraft,G2-B_aircraft-01,T013,2.631913957884535e-07,1958.0412717501863,T021,1698.645560680136,NEW-B_aircraft-01,procurement_required
P1456_23,G2,B_aircraft,G2-B_aircraft-01,T021,3656.6868324303223,5554.728103917317,T014_2,5.000099999999293,NEW-B_aircraft-01,procurement_required
P1456_23,G2,B_aircraft,G2-B_aircraft-01,T014_2,5559.728203917316,7425.499213465236,T022,2287.9942650634084,NEW-B_aircraft-01,procurement_required
P1456_23,G2,B_aircraft,G2-B_aircraft-01,T022,9713.493478528644,11214.272215143501,,,NEW-B_aircraft-01,procurement_required
P1456_23,G2,C_aircraft,G2-C_aircraft-01,T010_1,0.0,1823.224406150507,T012,1786.7704797772194,U08,existing
P1456_23,G2,C_aircraft,G2-C_aircraft-01,T012,3609.9948859277265,5725.07652720618,T018,32.01343070994517,U08,existing
P1456_23,G2,C_aircraft,G2-C_aircraft-01,T018,5757.089957916125,8192.899478773774,,,U08,existing
P1456_23,G2,C_aircraft,G2-C_aircraft-02,T004,1434.4262775174655,3604.9947859277245,T019_2,1227.6911806182397,NEW-C_aircraft-01,procurement_required
P1456_23,G2,C_aircraft,G2-C_aircraft-02,T019_2,4832.685966545964,7071.870031513806,,,NEW-C_aircraft-01,procurement_required
P1456_23,G2,A_batteries,G2-A_batteries-01,T002_1,0.0,2667.5322461730734,T016,1690.3331827833913,A03,existing
P1456_23,G2,A_batteries,G2-A_batteries-01,T016,4357.865428956465,7189.599845781131,T019_1,499.78199251226124,A03,existing
P1456_23,G2,A_batteries,G2-A_batteries-01,T019_1,7689.381838293392,10409.758236602142,,,A03,existing
P1456_23,G2,A_batteries,G2-A_batteries-02,T014_1,0.0,2810.952429148163,T007,1521.9129998083026,A04,existing
P1456_23,G2,A_batteries,G2-A_batteries-02,T007,4332.865428956466,8394.169789148978,,,A04,existing
P1456_23,G2,A_batteries,G2-A_batteries-03,T023,6053.623633624929,8794.320358969193,,,A05,existing
P1456_23,G2,A_batteries,G2-A_batteries-04,T020,6940.906426065389,10151.116923729283,,,A06,existing
P1456_23,G2,B_batteries,G2-B_batteries-01,T013,2.631913957884535e-07,3917.286899235777,T014_2,1642.441304681539,B03,existing
P1456_23,G2,B_batteries,G2-B_batteries-01,T014_2,5559.728203917316,9106.026402123385,,,B03,existing
P1456_23,G2,B_batteries,G2-B_batteries-02,T021,3656.6868324303223,7421.910255834926,T022,2291.583222693718,B04,existing
P1456_23,G2,B_batteries,G2-B_batteries-02,T022,9713.493478528644,12750.274657105232,,,B04,existing
P1456_23,G2,C_batteries,G2-C_batteries-01,T010_1,0.0,3563.4170832737245,T012,46.57780265400197,C03,existing
P1456_23,G2,C_batteries,G2-C_batteries-01,T012,3609.9948859277265,8217.742244657848,,,C03,existing
P1456_23,G2,C_batteries,G2-C_batteries-02,T004,1434.4262775174655,5752.089857916125,T018,5.000100000000202,C04,existing
P1456_23,G2,C_batteries,G2-C_batteries-02,T018,5757.089957916125,10691.253758748288,,,C04,existing
P1456_23,G2,C_batteries,G2-C_batteries-03,T019_2,4832.685966545964,9540.547812933855,,,NEW-C_batteries-01,procurement_required
P1456_23,G2,relay_aircraft,G2-relay_aircraft-01,R003,5.186098884268291,7850.634235067152,R004,1733.0453420825716,R02,existing
P1456_23,G2,relay_aircraft,G2-relay_aircraft-01,R004,9583.679577149724,11813.399509678484,,,R02,existing
P1456_23,G2,relay_aircraft,G2-relay_aircraft-02,R001,162.1373190294086,2129.297638856331,R002,2462.7051091295434,NEW-relay_aircraft-01,procurement_required
P1456_23,G2,relay_aircraft,G2-relay_aircraft-02,R002,4592.0027479858745,9578.679477149724,,,NEW-relay_aircraft-01,procurement_required
P1456_23,G2,relay_components,G2-relay_components-01,R003,5.186098884268291,8956.255878782365,R004,627.4236983673582,RE02,existing
P1456_23,G2,relay_components,G2-relay_components-01,R004,9583.679577149724,12221.929892002603,,,RE02,existing
P1456_23,G2,relay_components,G2-relay_components-02,R001,162.1373190294086,2493.9201725268517,R002,2098.082575459023,RE03,existing
P1456_23,G2,relay_components,G2-relay_components-02,R002,4592.0027479858745,10318.120453993146,,,RE03,existing
P145_236,G1,A_aircraft,G1-A_aircraft-01,T009,0.0,1316.0142144169886,T002_2,896.854901909097,U01,existing
P145_236,G1,A_aircraft,G1-A_aircraft-01,T002_2,2212.8691163260855,3815.461852306258,T017,3953.9901172072023,U01,existing
P145_236,G1,A_aircraft,G1-A_aircraft-01,T017,7769.45196951346,10113.299044225432,,,U01,existing
P145_236,G1,A_aircraft,G1-A_aircraft-02,T011,2058.1153733026395,4188.754462062222,,,U02,existing
P145_236,G1,B_aircraft,G1-B_aircraft-01,T005,0.0,1210.3573074816584,T008,1138.4034140657216,U05,existing
P145_236,G1,B_aircraft,G1-B_aircraft-01,T008,2348.76072154738,4193.299611702947,,,U05,existing
P145_236,G1,B_aircraft,G1-B_aircraft-02,T015,2097.1153733026395,3651.686732430321,,,U06,existing
P145_236,G1,C_aircraft,G1-C_aircraft-01,T003,0.0,1429.4261775174655,T010_2,398.7983286330418,U07,existing
P145_236,G1,C_aircraft,G1-C_aircraft-01,T010_2,1828.2245061505073,3261.2595890284992,T001,5.000100000000202,U07,existing
P145_236,G1,C_aircraft,G1-C_aircraft-01,T001,3266.2596890284995,4827.685866545965,,,U07,existing
P145_236,G1,A_batteries,G1-A_batteries-01,T009,0.0,2207.8690163260853,T002_2,5.000100000000202,A01,existing
P145_236,G1,A_batteries,G1-A_batteries-01,T002_2,2212.8691163260855,4879.929014022942,T017,2889.522955490518,A01,existing
P145_236,G1,A_batteries,G1-A_batteries-01,T017,7769.45196951346,11476.863027475007,,,A01,existing
P145_236,G1,A_batteries,G1-A_batteries-02,T011,2058.1153733026395,5546.539457030654,,,A02,existing
P145_236,G1,B_batteries,G1-B_batteries-01,T005,0.0,2343.7606215473797,T008,5.000100000000202,B01,existing
P145_236,G1,B_batteries,G1-B_batteries-01,T008,2348.76072154738,5781.961574782329,,,B01,existing
P145_236,G1,B_batteries,G1-B_batteries-02,T015,2097.1153733026395,5107.472874353213,,,B02,existing
P145_236,G1,C_batteries,G1-C_batteries-01,T003,0.0,2947.606630665684,T001,318.6530583628155,C01,existing
P145_236,G1,C_batteries,G1-C_batteries-01,T001,3266.2596890284995,6416.352542791451,,,C01,existing
P145_236,G1,C_batteries,G1-C_batteries-02,T010_2,1828.2245061505073,4709.032782226957,,,C02,existing
P145_236,G1,relay_aircraft,G1-relay_aircraft-01,R005,2134.2977388563304,4587.002647985877,R006,3268.6316870812743,R01,existing
P145_236,G1,relay_aircraft,G1-relay_aircraft-01,R006,7855.634335067151,10510.693895951956,,,R01,existing
P145_236,G1,relay_components,G1-relay_components-01,R005,2134.2977388563304,5015.591855407197,R006,2840.0424796599546,RE01,existing
P145_236,G1,relay_components,G1-relay_components-01,R006,7855.634335067151,10964.401779763033,,,RE01,existing
P145_236,G2,A_aircraft,G2-A_aircraft-01,T002_1,0.0,1652.4416357195464,T016,2705.4237932369183,U03,existing
P145_236,G2,A_aircraft,G2-A_aircraft-01,T016,4357.865428956465,6053.623533624929,T023,0.00010000000020227162,U03,existing
P145_236,G2,A_aircraft,G2-A_aircraft-01,T023,6053.623633624929,7689.381738293394,T019_1,9.999999838328222e-05,U03,existing
P145_236,G2,A_aircraft,G2-A_aircraft-01,T019_1,7689.381838293392,9325.139942961858,,,U03,existing
P145_236,G2,A_aircraft,G2-A_aircraft-02,T014_1,0.0,1695.7581046684645,T007,2637.107324288001,U04,existing
P145_236,G2,A_aircraft,G2-A_aircraft-02,T007,4332.865428956466,6940.9063260653875,T020,0.00010000000111176632,U04,existing
P145_236,G2,A_aircraft,G2-A_aircraft-02,T020,6940.906426065389,8911.116273042207,,,U04,existing
P145_236,G2,B_aircraft,G2-B_aircraft-01,T013,2.631913957884535e-07,1958.0412717501863,T021,1698.645560680136,NEW-B_aircraft-01,procurement_required
P145_236,G2,B_aircraft,G2-B_aircraft-01,T021,3656.6868324303223,5554.728103917317,T014_2,5.000099999999293,NEW-B_aircraft-01,procurement_required
P145_236,G2,B_aircraft,G2-B_aircraft-01,T014_2,5559.728203917316,7425.499213465236,,,NEW-B_aircraft-01,procurement_required
P145_236,G2,B_aircraft,G2-B_aircraft-02,T006,5112.4729743532125,6302.1032600896515,T022,3411.3902184389926,NEW-B_aircraft-02,procurement_required
P145_236,G2,B_aircraft,G2-B_aircraft-02,T022,9713.493478528644,11214.272215143501,,,NEW-B_aircraft-02,procurement_required
P145_236,G2,C_aircraft,G2-C_aircraft-01,T010_1,0.0,1823.224406150507,T012,1786.7704797772194,U08,existing
P145_236,G2,C_aircraft,G2-C_aircraft-01,T012,3609.9948859277265,5725.07652720618,T018,32.01343070994517,U08,existing
P145_236,G2,C_aircraft,G2-C_aircraft-01,T018,5757.089957916125,8192.899478773774,,,U08,existing
P145_236,G2,C_aircraft,G2-C_aircraft-02,T004,1434.4262775174655,3604.9947859277245,T019_2,1227.6911806182397,NEW-C_aircraft-01,procurement_required
P145_236,G2,C_aircraft,G2-C_aircraft-02,T019_2,4832.685966545964,7071.870031513806,,,NEW-C_aircraft-01,procurement_required
P145_236,G2,A_batteries,G2-A_batteries-01,T002_1,0.0,2667.5322461730734,T016,1690.3331827833913,A03,existing
P145_236,G2,A_batteries,G2-A_batteries-01,T016,4357.865428956465,7189.599845781131,T019_1,499.78199251226124,A03,existing
P145_236,G2,A_batteries,G2-A_batteries-01,T019_1,7689.381838293392,10409.758236602142,,,A03,existing
P145_236,G2,A_batteries,G2-A_batteries-02,T014_1,0.0,2810.952429148163,T007,1521.9129998083026,A04,existing
P145_236,G2,A_batteries,G2-A_batteries-02,T007,4332.865428956466,8394.169789148978,,,A04,existing
P145_236,G2,A_batteries,G2-A_batteries-03,T023,6053.623633624929,8794.320358969193,,,A05,existing
P145_236,G2,A_batteries,G2-A_batteries-04,T020,6940.906426065389,10151.116923729283,,,A06,existing
P145_236,G2,B_batteries,G2-B_batteries-01,T013,2.631913957884535e-07,3917.286899235777,T014_2,1642.441304681539,B03,existing
P145_236,G2,B_batteries,G2-B_batteries-01,T014_2,5559.728203917316,9106.026402123385,,,B03,existing
P145_236,G2,B_batteries,G2-B_batteries-02,T021,3656.6868324303223,7421.910255834926,T022,2291.583222693718,B04,existing
P145_236,G2,B_batteries,G2-B_batteries-02,T022,9713.493478528644,12750.274657105232,,,B04,existing
P145_236,G2,B_batteries,G2-B_batteries-03,T006,5112.4729743532125,7435.544137052532,,,NEW-B_batteries-01,procurement_required
P145_236,G2,C_batteries,G2-C_batteries-01,T010_1,0.0,3563.4170832737245,T012,46.57780265400197,C03,existing
P145_236,G2,C_batteries,G2-C_batteries-01,T012,3609.9948859277265,8217.742244657848,,,C03,existing
P145_236,G2,C_batteries,G2-C_batteries-02,T004,1434.4262775174655,5752.089857916125,T018,5.000100000000202,C04,existing
P145_236,G2,C_batteries,G2-C_batteries-02,T018,5757.089957916125,10691.253758748288,,,C04,existing
P145_236,G2,C_batteries,G2-C_batteries-03,T019_2,4832.685966545964,9540.547812933855,,,NEW-C_batteries-01,procurement_required
P145_236,G2,relay_aircraft,G2-relay_aircraft-01,R003,5.186098884268291,7850.634235067152,R004,1733.0453420825716,R02,existing
P145_236,G2,relay_aircraft,G2-relay_aircraft-01,R004,9583.679577149724,11813.399509678484,,,R02,existing
P145_236,G2,relay_aircraft,G2-relay_aircraft-02,R001,162.1373190294086,2129.297638856331,R002,2462.7051091295434,NEW-relay_aircraft-01,procurement_required
P145_236,G2,relay_aircraft,G2-relay_aircraft-02,R002,4592.0027479858745,9578.679477149724,,,NEW-relay_aircraft-01,procurement_required
P145_236,G2,relay_components,G2-relay_components-01,R003,5.186098884268291,8956.255878782365,R004,627.4236983673582,RE02,existing
P145_236,G2,relay_components,G2-relay_components-01,R004,9583.679577149724,12221.929892002603,,,RE02,existing
P145_236,G2,relay_components,G2-relay_components-02,R001,162.1373190294086,2493.9201725268517,R002,2098.082575459023,RE03,existing
P145_236,G2,relay_components,G2-relay_components-02,R002,4592.0027479858745,10318.120453993146,,,RE03,existing
P146_235,G1,A_aircraft,G1-A_aircraft-01,T009,0.0,1316.0142144169886,,,U01,existing
P146_235,G1,B_aircraft,G1-B_aircraft-01,T005,0.0,1210.3573074816584,T006,3902.115666871554,U05,existing
P146_235,G1,B_aircraft,G1-B_aircraft-01,T006,5112.4729743532125,6302.1032600896515,,,U05,existing
P146_235,G1,C_aircraft,G1-C_aircraft-01,T003,0.0,1429.4261775174655,T010_2,398.7983286330418,U07,existing
P146_235,G1,C_aircraft,G1-C_aircraft-01,T010_2,1828.2245061505073,3261.2595890284992,T001,5.000100000000202,U07,existing
P146_235,G1,C_aircraft,G1-C_aircraft-01,T001,3266.2596890284995,4827.685866545965,,,U07,existing
P146_235,G1,A_batteries,G1-A_batteries-01,T009,0.0,2207.8690163260853,,,A01,existing
P146_235,G1,B_batteries,G1-B_batteries-01,T005,0.0,2343.7606215473797,T006,2768.712352805833,B01,existing
P146_235,G1,B_batteries,G1-B_batteries-01,T006,5112.4729743532125,7435.544137052532,,,B01,existing
P146_235,G1,C_batteries,G1-C_batteries-01,T003,0.0,2947.606630665684,T001,318.6530583628155,C01,existing
P146_235,G1,C_batteries,G1-C_batteries-01,T001,3266.2596890284995,6416.352542791451,,,C01,existing
P146_235,G1,C_batteries,G1-C_batteries-02,T010_2,1828.2245061505073,4709.032782226957,,,C02,existing
P146_235,G2,A_aircraft,G2-A_aircraft-01,T002_1,0.0,1652.4416357195464,T002_2,560.4274806065391,U02,existing
P146_235,G2,A_aircraft,G2-A_aircraft-01,T002_2,2212.8691163260855,3815.461852306258,T016,542.4035766502066,U02,existing
P146_235,G2,A_aircraft,G2-A_aircraft-01,T016,4357.865428956465,6053.623533624929,T020,887.2828924404594,U02,existing
P146_235,G2,A_aircraft,G2-A_aircraft-01,T020,6940.906426065389,8911.116273042207,,,U02,existing
P146_235,G2,A_aircraft,G2-A_aircraft-02,T014_1,0.0,1695.7581046684645,T011,362.35726863417494,U03,existing
P146_235,G2,A_aircraft,G2-A_aircraft-02,T011,2058.1153733026395,4188.754462062222,T007,144.11096689424357,U03,existing
P146_235,G2,A_aircraft,G2-A_aircraft-02,T007,4332.865428956466,6940.9063260653875,T019_1,748.4755122280048,U03,existing
P146_235,G2,A_aircraft,G2-A_aircraft-02,T019_1,7689.381838293392,9325.139942961858,,,U03,existing
P146_235,G2,A_aircraft,G2-A_aircraft-03,T023,6053.623633624929,7689.381738293394,T017,80.07023122006649,U04,existing
P146_235,G2,A_aircraft,G2-A_aircraft-03,T017,7769.45196951346,10113.299044225432,,,U04,existing
P146_235,G2,B_aircraft,G2-B_aircraft-01,T013,2.631913957884535e-07,1958.0412717501863,T015,139.07410155245316,U06,existing
P146_235,G2,B_aircraft,G2-B_aircraft-01,T015,2097.1153733026395,3651.686732430321,T021,5.000100000001112,U06,existing
P146_235,G2,B_aircraft,G2-B_aircraft-01,T021,3656.6868324303223,5554.728103917317,T022,4158.765374611327,U06,existing
P146_235,G2,B_aircraft,G2-B_aircraft-01,T022,9713.493478528644,11214.272215143501,,,U06,existing
P146_235,G2,B_aircraft,G2-B_aircraft-02,T008,2348.76072154738,4193.299611702947,T014_2,1366.428592214369,NEW-B_aircraft-01,procurement_required
P146_235,G2,B_aircraft,G2-B_aircraft-02,T014_2,5559.728203917316,7425.499213465236,,,NEW-B_aircraft-01,procurement_required
P146_235,G2,C_aircraft,G2-C_aircraft-01,T010_1,0.0,1823.224406150507,T012,1786.7704797772194,U08,existing
P146_235,G2,C_aircraft,G2-C_aircraft-01,T012,3609.9948859277265,5725.07652720618,T018,32.01343070994517,U08,existing
P146_235,G2,C_aircraft,G2-C_aircraft-01,T018,5757.089957916125,8192.899478773774,,,U08,existing
P146_235,G2,C_aircraft,G2-C_aircraft-02,T004,1434.4262775174655,3604.9947859277245,T019_2,1227.6911806182397,NEW-C_aircraft-01,procurement_required
P146_235,G2,C_aircraft,G2-C_aircraft-02,T019_2,4832.685966545964,7071.870031513806,,,NEW-C_aircraft-01,procurement_required
P146_235,G2,A_batteries,G2-A_batteries-01,T002_1,0.0,2667.5322461730734,T016,1690.3331827833913,A02,existing
P146_235,G2,A_batteries,G2-A_batteries-01,T016,4357.865428956465,7189.599845781131,T017,579.8521237323293,A02,existing
P146_235,G2,A_batteries,G2-A_batteries-01,T017,7769.45196951346,11476.863027475007,,,A02,existing
P146_235,G2,A_batteries,G2-A_batteries-02,T014_1,0.0,2810.952429148163,T007,1521.9129998083026,A03,existing
P146_235,G2,A_batteries,G2-A_batteries-02,T007,4332.865428956466,8394.169789148978,,,A03,existing
P146_235,G2,A_batteries,G2-A_batteries-03,T011,2058.1153733026395,5546.539457030654,T020,1394.3669690347342,A04,existing
P146_235,G2,A_batteries,G2-A_batteries-03,T020,6940.906426065389,10151.116923729283,,,A04,existing
P146_235,G2,A_batteries,G2-A_batteries-04,T002_2,2212.8691163260855,4879.929014022942,T023,1173.6946196019871,A05,existing
P146_235,G2,A_batteries,G2-A_batteries-04,T023,6053.623633624929,8794.320358969193,,,A05,existing
P146_235,G2,A_batteries,G2-A_batteries-05,T019_1,7689.381838293392,10409.758236602142,,,A06,existing
P146_235,G2,B_batteries,G2-B_batteries-01,T013,2.631913957884535e-07,3917.286899235777,T014_2,1642.441304681539,B02,existing
P146_235,G2,B_batteries,G2-B_batteries-01,T014_2,5559.728203917316,9106.026402123385,,,B02,existing
P146_235,G2,B_batteries,G2-B_batteries-02,T015,2097.1153733026395,5107.472874353213,T022,4606.020604175431,B03,existing
P146_235,G2,B_batteries,G2-B_batteries-02,T022,9713.493478528644,12750.274657105232,,,B03,existing
P146_235,G2,B_batteries,G2-B_batteries-03,T008,2348.76072154738,5781.961574782329,,,B04,existing
P146_235,G2,B_batteries,G2-B_batteries-04,T021,3656.6868324303223,7421.910255834926,,,NEW-B_batteries-01,procurement_required
P146_235,G2,C_batteries,G2-C_batteries-01,T010_1,0.0,3563.4170832737245,T012,46.57780265400197,C03,existing
P146_235,G2,C_batteries,G2-C_batteries-01,T012,3609.9948859277265,8217.742244657848,,,C03,existing
P146_235,G2,C_batteries,G2-C_batteries-02,T004,1434.4262775174655,5752.089857916125,T018,5.000100000000202,C04,existing
P146_235,G2,C_batteries,G2-C_batteries-02,T018,5757.089957916125,10691.253758748288,,,C04,existing
P146_235,G2,C_batteries,G2-C_batteries-03,T019_2,4832.685966545964,9540.547812933855,,,NEW-C_batteries-01,procurement_required
P146_235,G2,relay_aircraft,G2-relay_aircraft-01,R003,5.186098884268291,7850.634235067152,R006,5.000099999999293,R01,existing
P146_235,G2,relay_aircraft,G2-relay_aircraft-01,R006,7855.634335067151,10510.693895951956,,,R01,existing
P146_235,G2,relay_aircraft,G2-relay_aircraft-02,R001,162.1373190294086,2129.297638856331,R005,5.000099999999293,R02,existing
P146_235,G2,relay_aircraft,G2-relay_aircraft-02,R005,2134.2977388563304,4587.002647985877,R002,5.000099999997474,R02,existing
P146_235,G2,relay_aircraft,G2-relay_aircraft-02,R002,4592.0027479858745,9578.679477149724,R004,5.000099999999293,R02,existing
P146_235,G2,relay_aircraft,G2-relay_aircraft-02,R004,9583.679577149724,11813.399509678484,,,R02,existing
P146_235,G2,relay_components,G2-relay_components-01,R003,5.186098884268291,8956.255878782365,R004,627.4236983673582,RE01,existing
P146_235,G2,relay_components,G2-relay_components-01,R004,9583.679577149724,12221.929892002603,,,RE01,existing
P146_235,G2,relay_components,G2-relay_components-02,R001,162.1373190294086,2493.9201725268517,R002,2098.082575459023,RE02,existing
P146_235,G2,relay_components,G2-relay_components-02,R002,4592.0027479858745,10318.120453993146,,,RE02,existing
P146_235,G2,relay_components,G2-relay_components-03,R005,2134.2977388563304,5015.591855407197,R006,2840.0424796599546,RE03,existing
P146_235,G2,relay_components,G2-relay_components-03,R006,7855.634335067151,10964.401779763033,,,RE03,existing
P14_2356,G1,A_aircraft,G1-A_aircraft-01,T009,0.0,1316.0142144169886,,,U01,existing
P14_2356,G1,B_aircraft,G1-B_aircraft-01,T005,0.0,1210.3573074816584,,,U05,existing
P14_2356,G1,C_aircraft,G1-C_aircraft-01,T003,0.0,1429.4261775174655,T010_2,398.7983286330418,U07,existing
P14_2356,G1,C_aircraft,G1-C_aircraft-01,T010_2,1828.2245061505073,3261.2595890284992,T001,5.000100000000202,U07,existing
P14_2356,G1,C_aircraft,G1-C_aircraft-01,T001,3266.2596890284995,4827.685866545965,,,U07,existing
P14_2356,G1,A_batteries,G1-A_batteries-01,T009,0.0,2207.8690163260853,,,A01,existing
P14_2356,G1,B_batteries,G1-B_batteries-01,T005,0.0,2343.7606215473797,,,B01,existing
P14_2356,G1,C_batteries,G1-C_batteries-01,T003,0.0,2947.606630665684,T001,318.6530583628155,C01,existing
P14_2356,G1,C_batteries,G1-C_batteries-01,T001,3266.2596890284995,6416.352542791451,,,C01,existing
P14_2356,G1,C_batteries,G1-C_batteries-02,T010_2,1828.2245061505073,4709.032782226957,,,C02,existing
P14_2356,G2,A_aircraft,G2-A_aircraft-01,T002_1,0.0,1652.4416357195464,T002_2,560.4274806065391,U02,existing
P14_2356,G2,A_aircraft,G2-A_aircraft-01,T002_2,2212.8691163260855,3815.461852306258,T016,542.4035766502066,U02,existing
P14_2356,G2,A_aircraft,G2-A_aircraft-01,T016,4357.865428956465,6053.623533624929,T020,887.2828924404594,U02,existing
P14_2356,G2,A_aircraft,G2-A_aircraft-01,T020,6940.906426065389,8911.116273042207,,,U02,existing
P14_2356,G2,A_aircraft,G2-A_aircraft-02,T014_1,0.0,1695.7581046684645,T011,362.35726863417494,U03,existing
P14_2356,G2,A_aircraft,G2-A_aircraft-02,T011,2058.1153733026395,4188.754462062222,T007,144.11096689424357,U03,existing
P14_2356,G2,A_aircraft,G2-A_aircraft-02,T007,4332.865428956466,6940.9063260653875,T019_1,748.4755122280048,U03,existing
P14_2356,G2,A_aircraft,G2-A_aircraft-02,T019_1,7689.381838293392,9325.139942961858,,,U03,existing
P14_2356,G2,A_aircraft,G2-A_aircraft-03,T023,6053.623633624929,7689.381738293394,T017,80.07023122006649,U04,existing
P14_2356,G2,A_aircraft,G2-A_aircraft-03,T017,7769.45196951346,10113.299044225432,,,U04,existing
P14_2356,G2,B_aircraft,G2-B_aircraft-01,T013,2.631913957884535e-07,1958.0412717501863,T015,139.07410155245316,U06,existing
P14_2356,G2,B_aircraft,G2-B_aircraft-01,T015,2097.1153733026395,3651.686732430321,T021,5.000100000001112,U06,existing
P14_2356,G2,B_aircraft,G2-B_aircraft-01,T021,3656.6868324303223,5554.728103917317,T014_2,5.000099999999293,U06,existing
P14_2356,G2,B_aircraft,G2-B_aircraft-01,T014_2,5559.728203917316,7425.499213465236,,,U06,existing
P14_2356,G2,B_aircraft,G2-B_aircraft-02,T008,2348.76072154738,4193.299611702947,T006,919.1733626502655,NEW-B_aircraft-01,procurement_required
P14_2356,G2,B_aircraft,G2-B_aircraft-02,T006,5112.4729743532125,6302.1032600896515,T022,3411.3902184389926,NEW-B_aircraft-01,procurement_required
P14_2356,G2,B_aircraft,G2-B_aircraft-02,T022,9713.493478528644,11214.272215143501,,,NEW-B_aircraft-01,procurement_required
P14_2356,G2,C_aircraft,G2-C_aircraft-01,T010_1,0.0,1823.224406150507,T012,1786.7704797772194,U08,existing
P14_2356,G2,C_aircraft,G2-C_aircraft-01,T012,3609.9948859277265,5725.07652720618,T018,32.01343070994517,U08,existing
P14_2356,G2,C_aircraft,G2-C_aircraft-01,T018,5757.089957916125,8192.899478773774,,,U08,existing
P14_2356,G2,C_aircraft,G2-C_aircraft-02,T004,1434.4262775174655,3604.9947859277245,T019_2,1227.6911806182397,NEW-C_aircraft-01,procurement_required
P14_2356,G2,C_aircraft,G2-C_aircraft-02,T019_2,4832.685966545964,7071.870031513806,,,NEW-C_aircraft-01,procurement_required
P14_2356,G2,A_batteries,G2-A_batteries-01,T002_1,0.0,2667.5322461730734,T016,1690.3331827833913,A02,existing
P14_2356,G2,A_batteries,G2-A_batteries-01,T016,4357.865428956465,7189.599845781131,T017,579.8521237323293,A02,existing
P14_2356,G2,A_batteries,G2-A_batteries-01,T017,7769.45196951346,11476.863027475007,,,A02,existing
P14_2356,G2,A_batteries,G2-A_batteries-02,T014_1,0.0,2810.952429148163,T007,1521.9129998083026,A03,existing
P14_2356,G2,A_batteries,G2-A_batteries-02,T007,4332.865428956466,8394.169789148978,,,A03,existing
P14_2356,G2,A_batteries,G2-A_batteries-03,T011,2058.1153733026395,5546.539457030654,T020,1394.3669690347342,A04,existing
P14_2356,G2,A_batteries,G2-A_batteries-03,T020,6940.906426065389,10151.116923729283,,,A04,existing
P14_2356,G2,A_batteries,G2-A_batteries-04,T002_2,2212.8691163260855,4879.929014022942,T023,1173.6946196019871,A05,existing
P14_2356,G2,A_batteries,G2-A_batteries-04,T023,6053.623633624929,8794.320358969193,,,A05,existing
P14_2356,G2,A_batteries,G2-A_batteries-05,T019_1,7689.381838293392,10409.758236602142,,,A06,existing
P14_2356,G2,B_batteries,G2-B_batteries-01,T013,2.631913957884535e-07,3917.286899235777,T006,1195.1860751174354,B02,existing
P14_2356,G2,B_batteries,G2-B_batteries-01,T006,5112.4729743532125,7435.544137052532,,,B02,existing
P14_2356,G2,B_batteries,G2-B_batteries-02,T015,2097.1153733026395,5107.472874353213,T014_2,452.2553295641028,B03,existing
P14_2356,G2,B_batteries,G2-B_batteries-02,T014_2,5559.728203917316,9106.026402123385,,,B03,existing
P14_2356,G2,B_batteries,G2-B_batteries-03,T008,2348.76072154738,5781.961574782329,T022,3931.531903746315,B04,existing
P14_2356,G2,B_batteries,G2-B_batteries-03,T022,9713.493478528644,12750.274657105232,,,B04,existing
P14_2356,G2,B_batteries,G2-B_batteries-04,T021,3656.6868324303223,7421.910255834926,,,NEW-B_batteries-01,procurement_required
P14_2356,G2,C_batteries,G2-C_batteries-01,T010_1,0.0,3563.4170832737245,T012,46.57780265400197,C03,existing
P14_2356,G2,C_batteries,G2-C_batteries-01,T012,3609.9948859277265,8217.742244657848,,,C03,existing
P14_2356,G2,C_batteries,G2-C_batteries-02,T004,1434.4262775174655,5752.089857916125,T018,5.000100000000202,C04,existing
P14_2356,G2,C_batteries,G2-C_batteries-02,T018,5757.089957916125,10691.253758748288,,,C04,existing
P14_2356,G2,C_batteries,G2-C_batteries-03,T019_2,4832.685966545964,9540.547812933855,,,NEW-C_batteries-01,procurement_required
P14_2356,G2,relay_aircraft,G2-relay_aircraft-01,R003,5.186098884268291,7850.634235067152,R006,5.000099999999293,R01,existing
P14_2356,G2,relay_aircraft,G2-relay_aircraft-01,R006,7855.634335067151,10510.693895951956,,,R01,existing
P14_2356,G2,relay_aircraft,G2-relay_aircraft-02,R001,162.1373190294086,2129.297638856331,R005,5.000099999999293,R02,existing
P14_2356,G2,relay_aircraft,G2-relay_aircraft-02,R005,2134.2977388563304,4587.002647985877,R002,5.000099999997474,R02,existing
P14_2356,G2,relay_aircraft,G2-relay_aircraft-02,R002,4592.0027479858745,9578.679477149724,R004,5.000099999999293,R02,existing
P14_2356,G2,relay_aircraft,G2-relay_aircraft-02,R004,9583.679577149724,11813.399509678484,,,R02,existing
P14_2356,G2,relay_components,G2-relay_components-01,R003,5.186098884268291,8956.255878782365,R004,627.4236983673582,RE01,existing
P14_2356,G2,relay_components,G2-relay_components-01,R004,9583.679577149724,12221.929892002603,,,RE01,existing
P14_2356,G2,relay_components,G2-relay_components-02,R001,162.1373190294086,2493.9201725268517,R002,2098.082575459023,RE02,existing
P14_2356,G2,relay_components,G2-relay_components-02,R002,4592.0027479858745,10318.120453993146,,,RE02,existing
P14_2356,G2,relay_components,G2-relay_components-03,R005,2134.2977388563304,5015.591855407197,R006,2840.0424796599546,RE03,existing
P14_2356,G2,relay_components,G2-relay_components-03,R006,7855.634335067151,10964.401779763033,,,RE03,existing
P156_234,G1,A_aircraft,G1-A_aircraft-01,T011,2058.1153733026395,4188.754462062222,,,U01,existing
P156_234,G1,A_aircraft,G1-A_aircraft-02,T002_2,2212.8691163260855,3815.461852306258,T017,3953.9901172072023,U02,existing
P156_234,G1,A_aircraft,G1-A_aircraft-02,T017,7769.45196951346,10113.299044225432,,,U02,existing
P156_234,G1,B_aircraft,G1-B_aircraft-01,T005,0.0,1210.3573074816584,T008,1138.4034140657216,U05,existing
P156_234,G1,B_aircraft,G1-B_aircraft-01,T008,2348.76072154738,4193.299611702947,,,U05,existing
P156_234,G1,B_aircraft,G1-B_aircraft-02,T015,2097.1153733026395,3651.686732430321,T006,1460.7862419228913,U06,existing
P156_234,G1,B_aircraft,G1-B_aircraft-02,T006,5112.4729743532125,6302.1032600896515,,,U06,existing
P156_234,G1,C_aircraft,G1-C_aircraft-01,T003,0.0,1429.4261775174655,T001,1836.833511511034,U07,existing
P156_234,G1,C_aircraft,G1-C_aircraft-01,T001,3266.2596890284995,4827.685866545965,,,U07,existing
P156_234,G1,A_batteries,G1-A_batteries-01,T011,2058.1153733026395,5546.539457030654,,,A01,existing
P156_234,G1,A_batteries,G1-A_batteries-02,T002_2,2212.8691163260855,4879.929014022942,T017,2889.522955490518,A02,existing
P156_234,G1,A_batteries,G1-A_batteries-02,T017,7769.45196951346,11476.863027475007,,,A02,existing
P156_234,G1,B_batteries,G1-B_batteries-01,T005,0.0,2343.7606215473797,T008,5.000100000000202,B01,existing
P156_234,G1,B_batteries,G1-B_batteries-01,T008,2348.76072154738,5781.961574782329,,,B01,existing
P156_234,G1,B_batteries,G1-B_batteries-02,T015,2097.1153733026395,5107.472874353213,T006,5.000099999999293,B02,existing
P156_234,G1,B_batteries,G1-B_batteries-02,T006,5112.4729743532125,7435.544137052532,,,B02,existing
P156_234,G1,C_batteries,G1-C_batteries-01,T003,0.0,2947.606630665684,T001,318.6530583628155,C01,existing
P156_234,G1,C_batteries,G1-C_batteries-01,T001,3266.2596890284995,6416.352542791451,,,C01,existing
P156_234,G1,relay_aircraft,G1-relay_aircraft-01,R005,2134.2977388563304,4587.002647985877,R006,3268.6316870812743,R01,existing
P156_234,G1,relay_aircraft,G1-relay_aircraft-01,R006,7855.634335067151,10510.693895951956,,,R01,existing
P156_234,G1,relay_components,G1-relay_components-01,R005,2134.2977388563304,5015.591855407197,R006,2840.0424796599546,RE01,existing
P156_234,G1,relay_components,G1-relay_components-01,R006,7855.634335067151,10964.401779763033,,,RE01,existing
P156_234,G2,A_aircraft,G2-A_aircraft-01,T002_1,0.0,1652.4416357195464,T016,2705.4237932369183,U03,existing
P156_234,G2,A_aircraft,G2-A_aircraft-01,T016,4357.865428956465,6053.623533624929,T020,887.2828924404594,U03,existing
P156_234,G2,A_aircraft,G2-A_aircraft-01,T020,6940.906426065389,8911.116273042207,,,U03,existing
P156_234,G2,A_aircraft,G2-A_aircraft-02,T009,0.0,1316.0142144169886,T023,4737.609419207941,U04,existing
P156_234,G2,A_aircraft,G2-A_aircraft-02,T023,6053.623633624929,7689.381738293394,,,U04,existing
P156_234,G2,A_aircraft,G2-A_aircraft-03,T014_1,0.0,1695.7581046684645,T007,2637.107324288001,NEW-A_aircraft-01,procurement_required
P156_234,G2,A_aircraft,G2-A_aircraft-03,T007,4332.865428956466,6940.9063260653875,T019_1,748.4755122280048,NEW-A_aircraft-01,procurement_required
P156_234,G2,A_aircraft,G2-A_aircraft-03,T019_1,7689.381838293392,9325.139942961858,,,NEW-A_aircraft-01,procurement_required
P156_234,G2,B_aircraft,G2-B_aircraft-01,T013,2.631913957884535e-07,1958.0412717501863,T021,1698.645560680136,NEW-B_aircraft-01,procurement_required
P156_234,G2,B_aircraft,G2-B_aircraft-01,T021,3656.6868324303223,5554.728103917317,T014_2,5.000099999999293,NEW-B_aircraft-01,procurement_required
P156_234,G2,B_aircraft,G2-B_aircraft-01,T014_2,5559.728203917316,7425.499213465236,T022,2287.9942650634084,NEW-B_aircraft-01,procurement_required
P156_234,G2,B_aircraft,G2-B_aircraft-01,T022,9713.493478528644,11214.272215143501,,,NEW-B_aircraft-01,procurement_required
P156_234,G2,C_aircraft,G2-C_aircraft-01,T010_1,0.0,1823.224406150507,T010_2,5.000100000000202,U08,existing
P156_234,G2,C_aircraft,G2-C_aircraft-01,T010_2,1828.2245061505073,3261.2595890284992,T019_2,1571.426377517465,U08,existing
P156_234,G2,C_aircraft,G2-C_aircraft-01,T019_2,4832.685966545964,7071.870031513806,,,U08,existing
P156_234,G2,C_aircraft,G2-C_aircraft-02,T004,1434.4262775174655,3604.9947859277245,T012,5.000100000002021,NEW-C_aircraft-01,procurement_required
P156_234,G2,C_aircraft,G2-C_aircraft-02,T012,3609.9948859277265,5725.07652720618,T018,32.01343070994517,NEW-C_aircraft-01,procurement_required
P156_234,G2,C_aircraft,G2-C_aircraft-02,T018,5757.089957916125,8192.899478773774,,,NEW-C_aircraft-01,procurement_required
P156_234,G2,A_batteries,G2-A_batteries-01,T002_1,0.0,2667.5322461730734,T016,1690.3331827833913,A03,existing
P156_234,G2,A_batteries,G2-A_batteries-01,T016,4357.865428956465,7189.599845781131,T019_1,499.78199251226124,A03,existing
P156_234,G2,A_batteries,G2-A_batteries-01,T019_1,7689.381838293392,10409.758236602142,,,A03,existing
P156_234,G2,A_batteries,G2-A_batteries-02,T009,0.0,2207.8690163260853,T023,3845.754617298844,A04,existing
P156_234,G2,A_batteries,G2-A_batteries-02,T023,6053.623633624929,8794.320358969193,,,A04,existing
P156_234,G2,A_batteries,G2-A_batteries-03,T014_1,0.0,2810.952429148163,T007,1521.9129998083026,A05,existing
P156_234,G2,A_batteries,G2-A_batteries-03,T007,4332.865428956466,8394.169789148978,,,A05,existing
P156_234,G2,A_batteries,G2-A_batteries-04,T020,6940.906426065389,10151.116923729283,,,A06,existing
P156_234,G2,B_batteries,G2-B_batteries-01,T013,2.631913957884535e-07,3917.286899235777,T014_2,1642.441304681539,B03,existing
P156_234,G2,B_batteries,G2-B_batteries-01,T014_2,5559.728203917316,9106.026402123385,,,B03,existing
P156_234,G2,B_batteries,G2-B_batteries-02,T021,3656.6868324303223,7421.910255834926,T022,2291.583222693718,B04,existing
P156_234,G2,B_batteries,G2-B_batteries-02,T022,9713.493478528644,12750.274657105232,,,B04,existing
P156_234,G2,C_batteries,G2-C_batteries-01,T010_1,0.0,3563.4170832737245,T012,46.57780265400197,C02,existing
P156_234,G2,C_batteries,G2-C_batteries-01,T012,3609.9948859277265,8217.742244657848,,,C02,existing
P156_234,G2,C_batteries,G2-C_batteries-02,T004,1434.4262775174655,5752.089857916125,T018,5.000100000000202,C03,existing
P156_234,G2,C_batteries,G2-C_batteries-02,T018,5757.089957916125,10691.253758748288,,,C03,existing
P156_234,G2,C_batteries,G2-C_batteries-03,T010_2,1828.2245061505073,4709.032782226957,T019_2,123.65318431900687,C04,existing
P156_234,G2,C_batteries,G2-C_batteries-03,T019_2,4832.685966545964,9540.547812933855,,,C04,existing
P156_234,G2,relay_aircraft,G2-relay_aircraft-01,R003,5.186098884268291,7850.634235067152,R004,1733.0453420825716,R02,existing
P156_234,G2,relay_aircraft,G2-relay_aircraft-01,R004,9583.679577149724,11813.399509678484,,,R02,existing
P156_234,G2,relay_aircraft,G2-relay_aircraft-02,R001,162.1373190294086,2129.297638856331,R002,2462.7051091295434,NEW-relay_aircraft-01,procurement_required
P156_234,G2,relay_aircraft,G2-relay_aircraft-02,R002,4592.0027479858745,9578.679477149724,,,NEW-relay_aircraft-01,procurement_required
P156_234,G2,relay_components,G2-relay_components-01,R003,5.186098884268291,8956.255878782365,R004,627.4236983673582,RE02,existing
P156_234,G2,relay_components,G2-relay_components-01,R004,9583.679577149724,12221.929892002603,,,RE02,existing
P156_234,G2,relay_components,G2-relay_components-02,R001,162.1373190294086,2493.9201725268517,R002,2098.082575459023,RE03,existing
P156_234,G2,relay_components,G2-relay_components-02,R002,4592.0027479858745,10318.120453993146,,,RE03,existing
P15_2346,G1,A_aircraft,G1-A_aircraft-01,T011,2058.1153733026395,4188.754462062222,,,U01,existing
P15_2346,G1,A_aircraft,G1-A_aircraft-02,T002_2,2212.8691163260855,3815.461852306258,T017,3953.9901172072023,U02,existing
P15_2346,G1,A_aircraft,G1-A_aircraft-02,T017,7769.45196951346,10113.299044225432,,,U02,existing
P15_2346,G1,B_aircraft,G1-B_aircraft-01,T005,0.0,1210.3573074816584,T008,1138.4034140657216,U05,existing
P15_2346,G1,B_aircraft,G1-B_aircraft-01,T008,2348.76072154738,4193.299611702947,,,U05,existing
P15_2346,G1,B_aircraft,G1-B_aircraft-02,T015,2097.1153733026395,3651.686732430321,,,U06,existing
P15_2346,G1,C_aircraft,G1-C_aircraft-01,T003,0.0,1429.4261775174655,T001,1836.833511511034,U07,existing
P15_2346,G1,C_aircraft,G1-C_aircraft-01,T001,3266.2596890284995,4827.685866545965,,,U07,existing
P15_2346,G1,A_batteries,G1-A_batteries-01,T011,2058.1153733026395,5546.539457030654,,,A01,existing
P15_2346,G1,A_batteries,G1-A_batteries-02,T002_2,2212.8691163260855,4879.929014022942,T017,2889.522955490518,A02,existing
P15_2346,G1,A_batteries,G1-A_batteries-02,T017,7769.45196951346,11476.863027475007,,,A02,existing
P15_2346,G1,B_batteries,G1-B_batteries-01,T005,0.0,2343.7606215473797,T008,5.000100000000202,B01,existing
P15_2346,G1,B_batteries,G1-B_batteries-01,T008,2348.76072154738,5781.961574782329,,,B01,existing
P15_2346,G1,B_batteries,G1-B_batteries-02,T015,2097.1153733026395,5107.472874353213,,,B02,existing
P15_2346,G1,C_batteries,G1-C_batteries-01,T003,0.0,2947.606630665684,T001,318.6530583628155,C01,existing
P15_2346,G1,C_batteries,G1-C_batteries-01,T001,3266.2596890284995,6416.352542791451,,,C01,existing
P15_2346,G1,relay_aircraft,G1-relay_aircraft-01,R005,2134.2977388563304,4587.002647985877,R006,3268.6316870812743,R01,existing
P15_2346,G1,relay_aircraft,G1-relay_aircraft-01,R006,7855.634335067151,10510.693895951956,,,R01,existing
P15_2346,G1,relay_components,G1-relay_components-01,R005,2134.2977388563304,5015.591855407197,R006,2840.0424796599546,RE01,existing
P15_2346,G1,relay_components,G1-relay_components-01,R006,7855.634335067151,10964.401779763033,,,RE01,existing
P15_2346,G2,A_aircraft,G2-A_aircraft-01,T002_1,0.0,1652.4416357195464,T016,2705.4237932369183,U03,existing
P15_2346,G2,A_aircraft,G2-A_aircraft-01,T016,4357.865428956465,6053.623533624929,T020,887.2828924404594,U03,existing
P15_2346,G2,A_aircraft,G2-A_aircraft-01,T020,6940.906426065389,8911.116273042207,,,U03,existing
P15_2346,G2,A_aircraft,G2-A_aircraft-02,T009,0.0,1316.0142144169886,T023,4737.609419207941,U04,existing
P15_2346,G2,A_aircraft,G2-A_aircraft-02,T023,6053.623633624929,7689.381738293394,,,U04,existing
P15_2346,G2,A_aircraft,G2-A_aircraft-03,T014_1,0.0,1695.7581046684645,T007,2637.107324288001,NEW-A_aircraft-01,procurement_required
P15_2346,G2,A_aircraft,G2-A_aircraft-03,T007,4332.865428956466,6940.9063260653875,T019_1,748.4755122280048,NEW-A_aircraft-01,procurement_required
P15_2346,G2,A_aircraft,G2-A_aircraft-03,T019_1,7689.381838293392,9325.139942961858,,,NEW-A_aircraft-01,procurement_required
P15_2346,G2,B_aircraft,G2-B_aircraft-01,T013,2.631913957884535e-07,1958.0412717501863,T021,1698.645560680136,NEW-B_aircraft-01,procurement_required
P15_2346,G2,B_aircraft,G2-B_aircraft-01,T021,3656.6868324303223,5554.728103917317,T014_2,5.000099999999293,NEW-B_aircraft-01,procurement_required
P15_2346,G2,B_aircraft,G2-B_aircraft-01,T014_2,5559.728203917316,7425.499213465236,,,NEW-B_aircraft-01,procurement_required
P15_2346,G2,B_aircraft,G2-B_aircraft-02,T006,5112.4729743532125,6302.1032600896515,T022,3411.3902184389926,NEW-B_aircraft-02,procurement_required
P15_2346,G2,B_aircraft,G2-B_aircraft-02,T022,9713.493478528644,11214.272215143501,,,NEW-B_aircraft-02,procurement_required
P15_2346,G2,C_aircraft,G2-C_aircraft-01,T010_1,0.0,1823.224406150507,T010_2,5.000100000000202,U08,existing
P15_2346,G2,C_aircraft,G2-C_aircraft-01,T010_2,1828.2245061505073,3261.2595890284992,T019_2,1571.426377517465,U08,existing
P15_2346,G2,C_aircraft,G2-C_aircraft-01,T019_2,4832.685966545964,7071.870031513806,,,U08,existing
P15_2346,G2,C_aircraft,G2-C_aircraft-02,T004,1434.4262775174655,3604.9947859277245,T012,5.000100000002021,NEW-C_aircraft-01,procurement_required
P15_2346,G2,C_aircraft,G2-C_aircraft-02,T012,3609.9948859277265,5725.07652720618,T018,32.01343070994517,NEW-C_aircraft-01,procurement_required
P15_2346,G2,C_aircraft,G2-C_aircraft-02,T018,5757.089957916125,8192.899478773774,,,NEW-C_aircraft-01,procurement_required
P15_2346,G2,A_batteries,G2-A_batteries-01,T002_1,0.0,2667.5322461730734,T016,1690.3331827833913,A03,existing
P15_2346,G2,A_batteries,G2-A_batteries-01,T016,4357.865428956465,7189.599845781131,T019_1,499.78199251226124,A03,existing
P15_2346,G2,A_batteries,G2-A_batteries-01,T019_1,7689.381838293392,10409.758236602142,,,A03,existing
P15_2346,G2,A_batteries,G2-A_batteries-02,T009,0.0,2207.8690163260853,T023,3845.754617298844,A04,existing
P15_2346,G2,A_batteries,G2-A_batteries-02,T023,6053.623633624929,8794.320358969193,,,A04,existing
P15_2346,G2,A_batteries,G2-A_batteries-03,T014_1,0.0,2810.952429148163,T007,1521.9129998083026,A05,existing
P15_2346,G2,A_batteries,G2-A_batteries-03,T007,4332.865428956466,8394.169789148978,,,A05,existing
P15_2346,G2,A_batteries,G2-A_batteries-04,T020,6940.906426065389,10151.116923729283,,,A06,existing
P15_2346,G2,B_batteries,G2-B_batteries-01,T013,2.631913957884535e-07,3917.286899235777,T014_2,1642.441304681539,B03,existing
P15_2346,G2,B_batteries,G2-B_batteries-01,T014_2,5559.728203917316,9106.026402123385,,,B03,existing
P15_2346,G2,B_batteries,G2-B_batteries-02,T021,3656.6868324303223,7421.910255834926,T022,2291.583222693718,B04,existing
P15_2346,G2,B_batteries,G2-B_batteries-02,T022,9713.493478528644,12750.274657105232,,,B04,existing
P15_2346,G2,B_batteries,G2-B_batteries-03,T006,5112.4729743532125,7435.544137052532,,,NEW-B_batteries-01,procurement_required
P15_2346,G2,C_batteries,G2-C_batteries-01,T010_1,0.0,3563.4170832737245,T012,46.57780265400197,C02,existing
P15_2346,G2,C_batteries,G2-C_batteries-01,T012,3609.9948859277265,8217.742244657848,,,C02,existing
P15_2346,G2,C_batteries,G2-C_batteries-02,T004,1434.4262775174655,5752.089857916125,T018,5.000100000000202,C03,existing
P15_2346,G2,C_batteries,G2-C_batteries-02,T018,5757.089957916125,10691.253758748288,,,C03,existing
P15_2346,G2,C_batteries,G2-C_batteries-03,T010_2,1828.2245061505073,4709.032782226957,T019_2,123.65318431900687,C04,existing
P15_2346,G2,C_batteries,G2-C_batteries-03,T019_2,4832.685966545964,9540.547812933855,,,C04,existing
P15_2346,G2,relay_aircraft,G2-relay_aircraft-01,R003,5.186098884268291,7850.634235067152,R004,1733.0453420825716,R02,existing
P15_2346,G2,relay_aircraft,G2-relay_aircraft-01,R004,9583.679577149724,11813.399509678484,,,R02,existing
P15_2346,G2,relay_aircraft,G2-relay_aircraft-02,R001,162.1373190294086,2129.297638856331,R002,2462.7051091295434,NEW-relay_aircraft-01,procurement_required
P15_2346,G2,relay_aircraft,G2-relay_aircraft-02,R002,4592.0027479858745,9578.679477149724,,,NEW-relay_aircraft-01,procurement_required
P15_2346,G2,relay_components,G2-relay_components-01,R003,5.186098884268291,8956.255878782365,R004,627.4236983673582,RE02,existing
P15_2346,G2,relay_components,G2-relay_components-01,R004,9583.679577149724,12221.929892002603,,,RE02,existing
P15_2346,G2,relay_components,G2-relay_components-02,R001,162.1373190294086,2493.9201725268517,R002,2098.082575459023,RE03,existing
P15_2346,G2,relay_components,G2-relay_components-02,R002,4592.0027479858745,10318.120453993146,,,RE03,existing
P16_2345,G1,B_aircraft,G1-B_aircraft-01,T005,0.0,1210.3573074816584,T006,3902.115666871554,U05,existing
P16_2345,G1,B_aircraft,G1-B_aircraft-01,T006,5112.4729743532125,6302.1032600896515,,,U05,existing
P16_2345,G1,C_aircraft,G1-C_aircraft-01,T003,0.0,1429.4261775174655,T001,1836.833511511034,U07,existing
P16_2345,G1,C_aircraft,G1-C_aircraft-01,T001,3266.2596890284995,4827.685866545965,,,U07,existing
P16_2345,G1,B_batteries,G1-B_batteries-01,T005,0.0,2343.7606215473797,T006,2768.712352805833,B01,existing
P16_2345,G1,B_batteries,G1-B_batteries-01,T006,5112.4729743532125,7435.544137052532,,,B01,existing
P16_2345,G1,C_batteries,G1-C_batteries-01,T003,0.0,2947.606630665684,T001,318.6530583628155,C01,existing
P16_2345,G1,C_batteries,G1-C_batteries-01,T001,3266.2596890284995,6416.352542791451,,,C01,existing
P16_2345,G2,A_aircraft,G2-A_aircraft-01,T002_1,0.0,1652.4416357195464,T011,405.67373758309304,U01,existing
P16_2345,G2,A_aircraft,G2-A_aircraft-01,T011,2058.1153733026395,4188.754462062222,T007,144.11096689424357,U01,existing
P16_2345,G2,A_aircraft,G2-A_aircraft-01,T007,4332.865428956466,6940.9063260653875,T019_1,748.4755122280048,U01,existing
P16_2345,G2,A_aircraft,G2-A_aircraft-01,T019_1,7689.381838293392,9325.139942961858,,,U01,existing
P16_2345,G2,A_aircraft,G2-A_aircraft-02,T009,0.0,1316.0142144169886,T002_2,896.854901909097,U02,existing
P16_2345,G2,A_aircraft,G2-A_aircraft-02,T002_2,2212.8691163260855,3815.461852306258,T016,542.4035766502066,U02,existing
P16_2345,G2,A_aircraft,G2-A_aircraft-02,T016,4357.865428956465,6053.623533624929,T020,887.2828924404594,U02,existing
P16_2345,G2,A_aircraft,G2-A_aircraft-02,T020,6940.906426065389,8911.116273042207,,,U02,existing
P16_2345,G2,A_aircraft,G2-A_aircraft-03,T014_1,0.0,1695.7581046684645,T023,4357.865528956465,U03,existing
P16_2345,G2,A_aircraft,G2-A_aircraft-03,T023,6053.623633624929,7689.381738293394,T017,80.07023122006649,U03,existing
P16_2345,G2,A_aircraft,G2-A_aircraft-03,T017,7769.45196951346,10113.299044225432,,,U03,existing
P16_2345,G2,B_aircraft,G2-B_aircraft-01,T013,2.631913957884535e-07,1958.0412717501863,T015,139.07410155245316,U06,existing
P16_2345,G2,B_aircraft,G2-B_aircraft-01,T015,2097.1153733026395,3651.686732430321,T021,5.000100000001112,U06,existing
P16_2345,G2,B_aircraft,G2-B_aircraft-01,T021,3656.6868324303223,5554.728103917317,T022,4158.765374611327,U06,existing
P16_2345,G2,B_aircraft,G2-B_aircraft-01,T022,9713.493478528644,11214.272215143501,,,U06,existing
P16_2345,G2,B_aircraft,G2-B_aircraft-02,T008,2348.76072154738,4193.299611702947,T014_2,1366.428592214369,NEW-B_aircraft-01,procurement_required
P16_2345,G2,B_aircraft,G2-B_aircraft-02,T014_2,5559.728203917316,7425.499213465236,,,NEW-B_aircraft-01,procurement_required
P16_2345,G2,C_aircraft,G2-C_aircraft-01,T010_1,0.0,1823.224406150507,T010_2,5.000100000000202,U08,existing
P16_2345,G2,C_aircraft,G2-C_aircraft-01,T010_2,1828.2245061505073,3261.2595890284992,T019_2,1571.426377517465,U08,existing
P16_2345,G2,C_aircraft,G2-C_aircraft-01,T019_2,4832.685966545964,7071.870031513806,,,U08,existing
P16_2345,G2,C_aircraft,G2-C_aircraft-02,T004,1434.4262775174655,3604.9947859277245,T012,5.000100000002021,NEW-C_aircraft-01,procurement_required
P16_2345,G2,C_aircraft,G2-C_aircraft-02,T012,3609.9948859277265,5725.07652720618,T018,32.01343070994517,NEW-C_aircraft-01,procurement_required
P16_2345,G2,C_aircraft,G2-C_aircraft-02,T018,5757.089957916125,8192.899478773774,,,NEW-C_aircraft-01,procurement_required
P16_2345,G2,A_batteries,G2-A_batteries-01,T002_1,0.0,2667.5322461730734,T007,1665.3331827833922,A01,existing
P16_2345,G2,A_batteries,G2-A_batteries-01,T007,4332.865428956466,8394.169789148978,,,A01,existing
P16_2345,G2,A_batteries,G2-A_batteries-02,T009,0.0,2207.8690163260853,T016,2149.9964126303794,A02,existing
P16_2345,G2,A_batteries,G2-A_batteries-02,T016,4357.865428956465,7189.599845781131,T017,579.8521237323293,A02,existing
P16_2345,G2,A_batteries,G2-A_batteries-02,T017,7769.45196951346,11476.863027475007,,,A02,existing
P16_2345,G2,A_batteries,G2-A_batteries-03,T014_1,0.0,2810.952429148163,T023,3242.6712044767664,A03,existing
P16_2345,G2,A_batteries,G2-A_batteries-03,T023,6053.623633624929,8794.320358969193,,,A03,existing
P16_2345,G2,A_batteries,G2-A_batteries-04,T011,2058.1153733026395,5546.539457030654,T020,1394.3669690347342,A04,existing
P16_2345,G2,A_batteries,G2-A_batteries-04,T020,6940.906426065389,10151.116923729283,,,A04,existing
P16_2345,G2,A_batteries,G2-A_batteries-05,T002_2,2212.8691163260855,4879.929014022942,T019_1,2809.45282427045,A05,existing
P16_2345,G2,A_batteries,G2-A_batteries-05,T019_1,7689.381838293392,10409.758236602142,,,A05,existing
P16_2345,G2,B_batteries,G2-B_batteries-01,T013,2.631913957884535e-07,3917.286899235777,T014_2,1642.441304681539,B02,existing
P16_2345,G2,B_batteries,G2-B_batteries-01,T014_2,5559.728203917316,9106.026402123385,,,B02,existing
P16_2345,G2,B_batteries,G2-B_batteries-02,T015,2097.1153733026395,5107.472874353213,T022,4606.020604175431,B03,existing
P16_2345,G2,B_batteries,G2-B_batteries-02,T022,9713.493478528644,12750.274657105232,,,B03,existing
P16_2345,G2,B_batteries,G2-B_batteries-03,T008,2348.76072154738,5781.961574782329,,,B04,existing
P16_2345,G2,B_batteries,G2-B_batteries-04,T021,3656.6868324303223,7421.910255834926,,,NEW-B_batteries-01,procurement_required
P16_2345,G2,C_batteries,G2-C_batteries-01,T010_1,0.0,3563.4170832737245,T012,46.57780265400197,C02,existing
P16_2345,G2,C_batteries,G2-C_batteries-01,T012,3609.9948859277265,8217.742244657848,,,C02,existing
P16_2345,G2,C_batteries,G2-C_batteries-02,T004,1434.4262775174655,5752.089857916125,T018,5.000100000000202,C03,existing
P16_2345,G2,C_batteries,G2-C_batteries-02,T018,5757.089957916125,10691.253758748288,,,C03,existing
P16_2345,G2,C_batteries,G2-C_batteries-03,T010_2,1828.2245061505073,4709.032782226957,T019_2,123.65318431900687,C04,existing
P16_2345,G2,C_batteries,G2-C_batteries-03,T019_2,4832.685966545964,9540.547812933855,,,C04,existing
P16_2345,G2,relay_aircraft,G2-relay_aircraft-01,R003,5.186098884268291,7850.634235067152,R006,5.000099999999293,R01,existing
P16_2345,G2,relay_aircraft,G2-relay_aircraft-01,R006,7855.634335067151,10510.693895951956,,,R01,existing
P16_2345,G2,relay_aircraft,G2-relay_aircraft-02,R001,162.1373190294086,2129.297638856331,R005,5.000099999999293,R02,existing
P16_2345,G2,relay_aircraft,G2-relay_aircraft-02,R005,2134.2977388563304,4587.002647985877,R002,5.000099999997474,R02,existing
P16_2345,G2,relay_aircraft,G2-relay_aircraft-02,R002,4592.0027479858745,9578.679477149724,R004,5.000099999999293,R02,existing
P16_2345,G2,relay_aircraft,G2-relay_aircraft-02,R004,9583.679577149724,11813.399509678484,,,R02,existing
P16_2345,G2,relay_components,G2-relay_components-01,R003,5.186098884268291,8956.255878782365,R004,627.4236983673582,RE01,existing
P16_2345,G2,relay_components,G2-relay_components-01,R004,9583.679577149724,12221.929892002603,,,RE01,existing
P16_2345,G2,relay_components,G2-relay_components-02,R001,162.1373190294086,2493.9201725268517,R002,2098.082575459023,RE02,existing
P16_2345,G2,relay_components,G2-relay_components-02,R002,4592.0027479858745,10318.120453993146,,,RE02,existing
P16_2345,G2,relay_components,G2-relay_components-03,R005,2134.2977388563304,5015.591855407197,R006,2840.0424796599546,RE03,existing
P16_2345,G2,relay_components,G2-relay_components-03,R006,7855.634335067151,10964.401779763033,,,RE03,existing
P1_23456,G1,B_aircraft,G1-B_aircraft-01,T005,0.0,1210.3573074816584,,,U05,existing
P1_23456,G1,C_aircraft,G1-C_aircraft-01,T003,0.0,1429.4261775174655,T001,1836.833511511034,U07,existing
P1_23456,G1,C_aircraft,G1-C_aircraft-01,T001,3266.2596890284995,4827.685866545965,,,U07,existing
P1_23456,G1,B_batteries,G1-B_batteries-01,T005,0.0,2343.7606215473797,,,B01,existing
P1_23456,G1,C_batteries,G1-C_batteries-01,T003,0.0,2947.606630665684,T001,318.6530583628155,C01,existing
P1_23456,G1,C_batteries,G1-C_batteries-01,T001,3266.2596890284995,6416.352542791451,,,C01,existing
P1_23456,G2,A_aircraft,G2-A_aircraft-01,T002_1,0.0,1652.4416357195464,T011,405.67373758309304,U01,existing
P1_23456,G2,A_aircraft,G2-A_aircraft-01,T011,2058.1153733026395,4188.754462062222,T007,144.11096689424357,U01,existing
P1_23456,G2,A_aircraft,G2-A_aircraft-01,T007,4332.865428956466,6940.9063260653875,T019_1,748.4755122280048,U01,existing
P1_23456,G2,A_aircraft,G2-A_aircraft-01,T019_1,7689.381838293392,9325.139942961858,,,U01,existing
P1_23456,G2,A_aircraft,G2-A_aircraft-02,T009,0.0,1316.0142144169886,T002_2,896.854901909097,U02,existing
P1_23456,G2,A_aircraft,G2-A_aircraft-02,T002_2,2212.8691163260855,3815.461852306258,T016,542.4035766502066,U02,existing
P1_23456,G2,A_aircraft,G2-A_aircraft-02,T016,4357.865428956465,6053.623533624929,T020,887.2828924404594,U02,existing
P1_23456,G2,A_aircraft,G2-A_aircraft-02,T020,6940.906426065389,8911.116273042207,,,U02,existing
P1_23456,G2,A_aircraft,G2-A_aircraft-03,T014_1,0.0,1695.7581046684645,T023,4357.865528956465,U03,existing
P1_23456,G2,A_aircraft,G2-A_aircraft-03,T023,6053.623633624929,7689.381738293394,T017,80.07023122006649,U03,existing
P1_23456,G2,A_aircraft,G2-A_aircraft-03,T017,7769.45196951346,10113.299044225432,,,U03,existing
P1_23456,G2,B_aircraft,G2-B_aircraft-01,T013,2.631913957884535e-07,1958.0412717501863,T015,139.07410155245316,U06,existing
P1_23456,G2,B_aircraft,G2-B_aircraft-01,T015,2097.1153733026395,3651.686732430321,T021,5.000100000001112,U06,existing
P1_23456,G2,B_aircraft,G2-B_aircraft-01,T021,3656.6868324303223,5554.728103917317,T014_2,5.000099999999293,U06,existing
P1_23456,G2,B_aircraft,G2-B_aircraft-01,T014_2,5559.728203917316,7425.499213465236,,,U06,existing
P1_23456,G2,B_aircraft,G2-B_aircraft-02,T008,2348.76072154738,4193.299611702947,T006,919.1733626502655,NEW-B_aircraft-01,procurement_required
P1_23456,G2,B_aircraft,G2-B_aircraft-02,T006,5112.4729743532125,6302.1032600896515,T022,3411.3902184389926,NEW-B_aircraft-01,procurement_required
P1_23456,G2,B_aircraft,G2-B_aircraft-02,T022,9713.493478528644,11214.272215143501,,,NEW-B_aircraft-01,procurement_required
P1_23456,G2,C_aircraft,G2-C_aircraft-01,T010_1,0.0,1823.224406150507,T010_2,5.000100000000202,U08,existing
P1_23456,G2,C_aircraft,G2-C_aircraft-01,T010_2,1828.2245061505073,3261.2595890284992,T019_2,1571.426377517465,U08,existing
P1_23456,G2,C_aircraft,G2-C_aircraft-01,T019_2,4832.685966545964,7071.870031513806,,,U08,existing
P1_23456,G2,C_aircraft,G2-C_aircraft-02,T004,1434.4262775174655,3604.9947859277245,T012,5.000100000002021,NEW-C_aircraft-01,procurement_required
P1_23456,G2,C_aircraft,G2-C_aircraft-02,T012,3609.9948859277265,5725.07652720618,T018,32.01343070994517,NEW-C_aircraft-01,procurement_required
P1_23456,G2,C_aircraft,G2-C_aircraft-02,T018,5757.089957916125,8192.899478773774,,,NEW-C_aircraft-01,procurement_required
P1_23456,G2,A_batteries,G2-A_batteries-01,T002_1,0.0,2667.5322461730734,T007,1665.3331827833922,A01,existing
P1_23456,G2,A_batteries,G2-A_batteries-01,T007,4332.865428956466,8394.169789148978,,,A01,existing
P1_23456,G2,A_batteries,G2-A_batteries-02,T009,0.0,2207.8690163260853,T016,2149.9964126303794,A02,existing
P1_23456,G2,A_batteries,G2-A_batteries-02,T016,4357.865428956465,7189.599845781131,T017,579.8521237323293,A02,existing
P1_23456,G2,A_batteries,G2-A_batteries-02,T017,7769.45196951346,11476.863027475007,,,A02,existing
P1_23456,G2,A_batteries,G2-A_batteries-03,T014_1,0.0,2810.952429148163,T023,3242.6712044767664,A03,existing
P1_23456,G2,A_batteries,G2-A_batteries-03,T023,6053.623633624929,8794.320358969193,,,A03,existing
P1_23456,G2,A_batteries,G2-A_batteries-04,T011,2058.1153733026395,5546.539457030654,T020,1394.3669690347342,A04,existing
P1_23456,G2,A_batteries,G2-A_batteries-04,T020,6940.906426065389,10151.116923729283,,,A04,existing
P1_23456,G2,A_batteries,G2-A_batteries-05,T002_2,2212.8691163260855,4879.929014022942,T019_1,2809.45282427045,A05,existing
P1_23456,G2,A_batteries,G2-A_batteries-05,T019_1,7689.381838293392,10409.758236602142,,,A05,existing
P1_23456,G2,B_batteries,G2-B_batteries-01,T013,2.631913957884535e-07,3917.286899235777,T006,1195.1860751174354,B02,existing
P1_23456,G2,B_batteries,G2-B_batteries-01,T006,5112.4729743532125,7435.544137052532,,,B02,existing
P1_23456,G2,B_batteries,G2-B_batteries-02,T015,2097.1153733026395,5107.472874353213,T014_2,452.2553295641028,B03,existing
P1_23456,G2,B_batteries,G2-B_batteries-02,T014_2,5559.728203917316,9106.026402123385,,,B03,existing
P1_23456,G2,B_batteries,G2-B_batteries-03,T008,2348.76072154738,5781.961574782329,T022,3931.531903746315,B04,existing
P1_23456,G2,B_batteries,G2-B_batteries-03,T022,9713.493478528644,12750.274657105232,,,B04,existing
P1_23456,G2,B_batteries,G2-B_batteries-04,T021,3656.6868324303223,7421.910255834926,,,NEW-B_batteries-01,procurement_required
P1_23456,G2,C_batteries,G2-C_batteries-01,T010_1,0.0,3563.4170832737245,T012,46.57780265400197,C02,existing
P1_23456,G2,C_batteries,G2-C_batteries-01,T012,3609.9948859277265,8217.742244657848,,,C02,existing
P1_23456,G2,C_batteries,G2-C_batteries-02,T004,1434.4262775174655,5752.089857916125,T018,5.000100000000202,C03,existing
P1_23456,G2,C_batteries,G2-C_batteries-02,T018,5757.089957916125,10691.253758748288,,,C03,existing
P1_23456,G2,C_batteries,G2-C_batteries-03,T010_2,1828.2245061505073,4709.032782226957,T019_2,123.65318431900687,C04,existing
P1_23456,G2,C_batteries,G2-C_batteries-03,T019_2,4832.685966545964,9540.547812933855,,,C04,existing
P1_23456,G2,relay_aircraft,G2-relay_aircraft-01,R003,5.186098884268291,7850.634235067152,R006,5.000099999999293,R01,existing
P1_23456,G2,relay_aircraft,G2-relay_aircraft-01,R006,7855.634335067151,10510.693895951956,,,R01,existing
P1_23456,G2,relay_aircraft,G2-relay_aircraft-02,R001,162.1373190294086,2129.297638856331,R005,5.000099999999293,R02,existing
P1_23456,G2,relay_aircraft,G2-relay_aircraft-02,R005,2134.2977388563304,4587.002647985877,R002,5.000099999997474,R02,existing
P1_23456,G2,relay_aircraft,G2-relay_aircraft-02,R002,4592.0027479858745,9578.679477149724,R004,5.000099999999293,R02,existing
P1_23456,G2,relay_aircraft,G2-relay_aircraft-02,R004,9583.679577149724,11813.399509678484,,,R02,existing
P1_23456,G2,relay_components,G2-relay_components-01,R003,5.186098884268291,8956.255878782365,R004,627.4236983673582,RE01,existing
P1_23456,G2,relay_components,G2-relay_components-01,R004,9583.679577149724,12221.929892002603,,,RE01,existing
P1_23456,G2,relay_components,G2-relay_components-02,R001,162.1373190294086,2493.9201725268517,R002,2098.082575459023,RE02,existing
P1_23456,G2,relay_components,G2-relay_components-02,R002,4592.0027479858745,10318.120453993146,,,RE02,existing
P1_23456,G2,relay_components,G2-relay_components-03,R005,2134.2977388563304,5015.591855407197,R006,2840.0424796599546,RE03,existing
P1_23456,G2,relay_components,G2-relay_components-03,R006,7855.634335067151,10964.401779763033,,,RE03,existing
P1234_5_6,G1,A_aircraft,G1-A_aircraft-01,T002_1,0.0,1652.4416357195464,T016,2705.4237932369183,U01,existing
P1234_5_6,G1,A_aircraft,G1-A_aircraft-01,T016,4357.865428956465,6053.623533624929,T020,887.2828924404594,U01,existing
P1234_5_6,G1,A_aircraft,G1-A_aircraft-01,T020,6940.906426065389,8911.116273042207,,,U01,existing
P1234_5_6,G1,A_aircraft,G1-A_aircraft-02,T009,0.0,1316.0142144169886,T023,4737.609419207941,U02,existing
P1234_5_6,G1,A_aircraft,G1-A_aircraft-02,T023,6053.623633624929,7689.381738293394,,,U02,existing
P1234_5_6,G1,A_aircraft,G1-A_aircraft-03,T014_1,0.0,1695.7581046684645,T007,2637.107324288001,U03,existing
P1234_5_6,G1,A_aircraft,G1-A_aircraft-03,T007,4332.865428956466,6940.9063260653875,T019_1,748.4755122280048,U03,existing
P1234_5_6,G1,A_aircraft,G1-A_aircraft-03,T019_1,7689.381838293392,9325.139942961858,,,U03,existing
P1234_5_6,G1,B_aircraft,G1-B_aircraft-01,T005,0.0,1210.3573074816584,T021,2446.3295249486637,U05,existing
P1234_5_6,G1,B_aircraft,G1-B_aircraft-01,T021,3656.6868324303223,5554.728103917317,T022,4158.765374611327,U05,existing
P1234_5_6,G1,B_aircraft,G1-B_aircraft-01,T022,9713.493478528644,11214.272215143501,,,U05,existing
P1234_5_6,G1,B_aircraft,G1-B_aircraft-02,T013,2.631913957884535e-07,1958.0412717501863,T014_2,3601.6869321671297,U06,existing
P1234_5_6,G1,B_aircraft,G1-B_aircraft-02,T014_2,5559.728203917316,7425.499213465236,,,U06,existing
P1234_5_6,G1,C_aircraft,G1-C_aircraft-01,T003,0.0,1429.4261775174655,T004,5.000099999999975,U07,existing
P1234_5_6,G1,C_aircraft,G1-C_aircraft-01,T004,1434.4262775174655,3604.9947859277245,T012,5.000100000002021,U07,existing
P1234_5_6,G1,C_aircraft,G1-C_aircraft-01,T012,3609.9948859277265,5725.07652720618,T018,32.01343070994517,U07,existing
P1234_5_6,G1,C_aircraft,G1-C_aircraft-01,T018,5757.089957916125,8192.899478773774,,,U07,existing
P1234_5_6,G1,C_aircraft,G1-C_aircraft-02,T010_1,0.0,1823.224406150507,T010_2,5.000100000000202,U08,existing
P1234_5_6,G1,C_aircraft,G1-C_aircraft-02,T010_2,1828.2245061505073,3261.2595890284992,T001,5.000100000000202,U08,existing
P1234_5_6,G1,C_aircraft,G1-C_aircraft-02,T001,3266.2596890284995,4827.685866545965,T019_2,5.000099999999293,U08,existing
P1234_5_6,G1,C_aircraft,G1-C_aircraft-02,T019_2,4832.685966545964,7071.870031513806,,,U08,existing
P1234_5_6,G1,A_batteries,G1-A_batteries-01,T002_1,0.0,2667.5322461730734,T016,1690.3331827833913,A01,existing
P1234_5_6,G1,A_batteries,G1-A_batteries-01,T016,4357.865428956465,7189.599845781131,T019_1,499.78199251226124,A01,existing
P1234_5_6,G1,A_batteries,G1-A_batteries-01,T019_1,7689.381838293392,10409.758236602142,,,A01,existing
P1234_5_6,G1,A_batteries,G1-A_batteries-02,T009,0.0,2207.8690163260853,T023,3845.754617298844,A02,existing
P1234_5_6,G1,A_batteries,G1-A_batteries-02,T023,6053.623633624929,8794.320358969193,,,A02,existing
P1234_5_6,G1,A_batteries,G1-A_batteries-03,T014_1,0.0,2810.952429148163,T007,1521.9129998083026,A03,existing
P1234_5_6,G1,A_batteries,G1-A_batteries-03,T007,4332.865428956466,8394.169789148978,,,A03,existing
P1234_5_6,G1,A_batteries,G1-A_batteries-04,T020,6940.906426065389,10151.116923729283,,,A04,existing
P1234_5_6,G1,B_batteries,G1-B_batteries-01,T005,0.0,2343.7606215473797,T021,1312.9262108829425,B01,existing
P1234_5_6,G1,B_batteries,G1-B_batteries-01,T021,3656.6868324303223,7421.910255834926,T022,2291.583222693718,B01,existing
P1234_5_6,G1,B_batteries,G1-B_batteries-01,T022,9713.493478528644,12750.274657105232,,,B01,existing
P1234_5_6,G1,B_batteries,G1-B_batteries-02,T013,2.631913957884535e-07,3917.286899235777,T014_2,1642.441304681539,B02,existing
P1234_5_6,G1,B_batteries,G1-B_batteries-02,T014_2,5559.728203917316,9106.026402123385,,,B02,existing
P1234_5_6,G1,C_batteries,G1-C_batteries-01,T003,0.0,2947.606630665684,T001,318.6530583628155,C01,existing
P1234_5_6,G1,C_batteries,G1-C_batteries-01,T001,3266.2596890284995,6416.352542791451,,,C01,existing
P1234_5_6,G1,C_batteries,G1-C_batteries-02,T010_1,0.0,3563.4170832737245,T012,46.57780265400197,C02,existing
P1234_5_6,G1,C_batteries,G1-C_batteries-02,T012,3609.9948859277265,8217.742244657848,,,C02,existing
P1234_5_6,G1,C_batteries,G1-C_batteries-03,T004,1434.4262775174655,5752.089857916125,T018,5.000100000000202,C03,existing
P1234_5_6,G1,C_batteries,G1-C_batteries-03,T018,5757.089957916125,10691.253758748288,,,C03,existing
P1234_5_6,G1,C_batteries,G1-C_batteries-04,T010_2,1828.2245061505073,4709.032782226957,T019_2,123.65318431900687,C04,existing
P1234_5_6,G1,C_batteries,G1-C_batteries-04,T019_2,4832.685966545964,9540.547812933855,,,C04,existing
P1234_5_6,G1,relay_aircraft,G1-relay_aircraft-01,R003,5.186098884268291,7850.634235067152,R004,1733.0453420825716,R01,existing
P1234_5_6,G1,relay_aircraft,G1-relay_aircraft-01,R004,9583.679577149724,11813.399509678484,,,R01,existing
P1234_5_6,G1,relay_aircraft,G1-relay_aircraft-02,R001,162.1373190294086,2129.297638856331,R002,2462.7051091295434,R02,existing
P1234_5_6,G1,relay_aircraft,G1-relay_aircraft-02,R002,4592.0027479858745,9578.679477149724,,,R02,existing
P1234_5_6,G1,relay_components,G1-relay_components-01,R003,5.186098884268291,8956.255878782365,R004,627.4236983673582,RE01,existing
P1234_5_6,G1,relay_components,G1-relay_components-01,R004,9583.679577149724,12221.929892002603,,,RE01,existing
P1234_5_6,G1,relay_components,G1-relay_components-02,R001,162.1373190294086,2493.9201725268517,R002,2098.082575459023,RE02,existing
P1234_5_6,G1,relay_components,G1-relay_components-02,R002,4592.0027479858745,10318.120453993146,,,RE02,existing
P1234_5_6,G2,A_aircraft,G2-A_aircraft-01,T011,2058.1153733026395,4188.754462062222,,,U04,existing
P1234_5_6,G2,A_aircraft,G2-A_aircraft-02,T002_2,2212.8691163260855,3815.461852306258,T017,3953.9901172072023,NEW-A_aircraft-01,procurement_required
P1234_5_6,G2,A_aircraft,G2-A_aircraft-02,T017,7769.45196951346,10113.299044225432,,,NEW-A_aircraft-01,procurement_required
P1234_5_6,G2,B_aircraft,G2-B_aircraft-01,T015,2097.1153733026395,3651.686732430321,,,NEW-B_aircraft-01,procurement_required
P1234_5_6,G2,B_aircraft,G2-B_aircraft-02,T008,2348.76072154738,4193.299611702947,,,NEW-B_aircraft-02,procurement_required
P1234_5_6,G2,A_batteries,G2-A_batteries-01,T011,2058.1153733026395,5546.539457030654,,,A05,existing
P1234_5_6,G2,A_batteries,G2-A_batteries-02,T002_2,2212.8691163260855,4879.929014022942,T017,2889.522955490518,A06,existing
P1234_5_6,G2,A_batteries,G2-A_batteries-02,T017,7769.45196951346,11476.863027475007,,,A06,existing
P1234_5_6,G2,B_batteries,G2-B_batteries-01,T015,2097.1153733026395,5107.472874353213,,,B03,existing
P1234_5_6,G2,B_batteries,G2-B_batteries-02,T008,2348.76072154738,5781.961574782329,,,B04,existing
P1234_5_6,G2,relay_aircraft,G2-relay_aircraft-01,R005,2134.2977388563304,4587.002647985877,R006,3268.6316870812743,NEW-relay_aircraft-01,procurement_required
P1234_5_6,G2,relay_aircraft,G2-relay_aircraft-01,R006,7855.634335067151,10510.693895951956,,,NEW-relay_aircraft-01,procurement_required
P1234_5_6,G2,relay_components,G2-relay_components-01,R005,2134.2977388563304,5015.591855407197,R006,2840.0424796599546,RE03,existing
P1234_5_6,G2,relay_components,G2-relay_components-01,R006,7855.634335067151,10964.401779763033,,,RE03,existing
P1234_5_6,G3,B_aircraft,G3-B_aircraft-01,T006,5112.4729743532125,6302.1032600896515,,,NEW-B_aircraft-03,procurement_required
P1234_5_6,G3,B_batteries,G3-B_batteries-01,T006,5112.4729743532125,7435.544137052532,,,NEW-B_batteries-01,procurement_required
P1235_4_6,G1,A_aircraft,G1-A_aircraft-01,T002_1,0.0,1652.4416357195464,T002_2,560.4274806065391,U01,existing
P1235_4_6,G1,A_aircraft,G1-A_aircraft-01,T002_2,2212.8691163260855,3815.461852306258,T016,542.4035766502066,U01,existing
P1235_4_6,G1,A_aircraft,G1-A_aircraft-01,T016,4357.865428956465,6053.623533624929,T020,887.2828924404594,U01,existing
P1235_4_6,G1,A_aircraft,G1-A_aircraft-01,T020,6940.906426065389,8911.116273042207,,,U01,existing
P1235_4_6,G1,A_aircraft,G1-A_aircraft-02,T014_1,0.0,1695.7581046684645,T011,362.35726863417494,U02,existing
P1235_4_6,G1,A_aircraft,G1-A_aircraft-02,T011,2058.1153733026395,4188.754462062222,T007,144.11096689424357,U02,existing
P1235_4_6,G1,A_aircraft,G1-A_aircraft-02,T007,4332.865428956466,6940.9063260653875,T019_1,748.4755122280048,U02,existing
P1235_4_6,G1,A_aircraft,G1-A_aircraft-02,T019_1,7689.381838293392,9325.139942961858,,,U02,existing
P1235_4_6,G1,A_aircraft,G1-A_aircraft-03,T023,6053.623633624929,7689.381738293394,T017,80.07023122006649,U03,existing
P1235_4_6,G1,A_aircraft,G1-A_aircraft-03,T017,7769.45196951346,10113.299044225432,,,U03,existing
P1235_4_6,G1,B_aircraft,G1-B_aircraft-01,T005,0.0,1210.3573074816584,T008,1138.4034140657216,U05,existing
P1235_4_6,G1,B_aircraft,G1-B_aircraft-01,T008,2348.76072154738,4193.299611702947,T014_2,1366.428592214369,U05,existing
P1235_4_6,G1,B_aircraft,G1-B_aircraft-01,T014_2,5559.728203917316,7425.499213465236,,,U05,existing
P1235_4_6,G1,B_aircraft,G1-B_aircraft-02,T013,2.631913957884535e-07,1958.0412717501863,T015,139.07410155245316,U06,existing
P1235_4_6,G1,B_aircraft,G1-B_aircraft-02,T015,2097.1153733026395,3651.686732430321,T021,5.000100000001112,U06,existing
P1235_4_6,G1,B_aircraft,G1-B_aircraft-02,T021,3656.6868324303223,5554.728103917317,T022,4158.765374611327,U06,existing
P1235_4_6,G1,B_aircraft,G1-B_aircraft-02,T022,9713.493478528644,11214.272215143501,,,U06,existing
P1235_4_6,G1,C_aircraft,G1-C_aircraft-01,T003,0.0,1429.4261775174655,T004,5.000099999999975,U07,existing
P1235_4_6,G1,C_aircraft,G1-C_aircraft-01,T004,1434.4262775174655,3604.9947859277245,T012,5.000100000002021,U07,existing
P1235_4_6,G1,C_aircraft,G1-C_aircraft-01,T012,3609.9948859277265,5725.07652720618,T018,32.01343070994517,U07,existing
P1235_4_6,G1,C_aircraft,G1-C_aircraft-01,T018,5757.089957916125,8192.899478773774,,,U07,existing
P1235_4_6,G1,C_aircraft,G1-C_aircraft-02,T010_1,0.0,1823.224406150507,T001,1443.0352828779924,U08,existing
P1235_4_6,G1,C_aircraft,G1-C_aircraft-02,T001,3266.2596890284995,4827.685866545965,T019_2,5.000099999999293,U08,existing
P1235_4_6,G1,C_aircraft,G1-C_aircraft-02,T019_2,4832.685966545964,7071.870031513806,,,U08,existing
P1235_4_6,G1,A_batteries,G1-A_batteries-01,T002_1,0.0,2667.5322461730734,T016,1690.3331827833913,A01,existing
P1235_4_6,G1,A_batteries,G1-A_batteries-01,T016,4357.865428956465,7189.599845781131,T017,579.8521237323293,A01,existing
P1235_4_6,G1,A_batteries,G1-A_batteries-01,T017,7769.45196951346,11476.863027475007,,,A01,existing
P1235_4_6,G1,A_batteries,G1-A_batteries-02,T014_1,0.0,2810.952429148163,T007,1521.9129998083026,A02,existing
P1235_4_6,G1,A_batteries,G1-A_batteries-02,T007,4332.865428956466,8394.169789148978,,,A02,existing
P1235_4_6,G1,A_batteries,G1-A_batteries-03,T011,2058.1153733026395,5546.539457030654,T020,1394.3669690347342,A03,existing
P1235_4_6,G1,A_batteries,G1-A_batteries-03,T020,6940.906426065389,10151.116923729283,,,A03,existing
P1235_4_6,G1,A_batteries,G1-A_batteries-04,T002_2,2212.8691163260855,4879.929014022942,T023,1173.6946196019871,A04,existing
P1235_4_6,G1,A_batteries,G1-A_batteries-04,T023,6053.623633624929,8794.320358969193,,,A04,existing
P1235_4_6,G1,A_batteries,G1-A_batteries-05,T019_1,7689.381838293392,10409.758236602142,,,A05,existing
P1235_4_6,G1,B_batteries,G1-B_batteries-01,T005,0.0,2343.7606215473797,T021,1312.9262108829425,B01,existing
P1235_4_6,G1,B_batteries,G1-B_batteries-01,T021,3656.6868324303223,7421.910255834926,,,B01,existing
P1235_4_6,G1,B_batteries,G1-B_batteries-02,T013,2.631913957884535e-07,3917.286899235777,T014_2,1642.441304681539,B02,existing
P1235_4_6,G1,B_batteries,G1-B_batteries-02,T014_2,5559.728203917316,9106.026402123385,,,B02,existing
P1235_4_6,G1,B_batteries,G1-B_batteries-03,T015,2097.1153733026395,5107.472874353213,T022,4606.020604175431,B03,existing
P1235_4_6,G1,B_batteries,G1-B_batteries-03,T022,9713.493478528644,12750.274657105232,,,B03,existing
P1235_4_6,G1,B_batteries,G1-B_batteries-04,T008,2348.76072154738,5781.961574782329,,,B04,existing
P1235_4_6,G1,C_batteries,G1-C_batteries-01,T003,0.0,2947.606630665684,T001,318.6530583628155,C01,existing
P1235_4_6,G1,C_batteries,G1-C_batteries-01,T001,3266.2596890284995,6416.352542791451,,,C01,existing
P1235_4_6,G1,C_batteries,G1-C_batteries-02,T010_1,0.0,3563.4170832737245,T012,46.57780265400197,C02,existing
P1235_4_6,G1,C_batteries,G1-C_batteries-02,T012,3609.9948859277265,8217.742244657848,,,C02,existing
P1235_4_6,G1,C_batteries,G1-C_batteries-03,T004,1434.4262775174655,5752.089857916125,T018,5.000100000000202,C03,existing
P1235_4_6,G1,C_batteries,G1-C_batteries-03,T018,5757.089957916125,10691.253758748288,,,C03,existing
P1235_4_6,G1,C_batteries,G1-C_batteries-04,T019_2,4832.685966545964,9540.547812933855,,,C04,existing
P1235_4_6,G1,relay_aircraft,G1-relay_aircraft-01,R003,5.186098884268291,7850.634235067152,R006,5.000099999999293,R01,existing
P1235_4_6,G1,relay_aircraft,G1-relay_aircraft-01,R006,7855.634335067151,10510.693895951956,,,R01,existing
P1235_4_6,G1,relay_aircraft,G1-relay_aircraft-02,R001,162.1373190294086,2129.297638856331,R005,5.000099999999293,R02,existing
P1235_4_6,G1,relay_aircraft,G1-relay_aircraft-02,R005,2134.2977388563304,4587.002647985877,R002,5.000099999997474,R02,existing
P1235_4_6,G1,relay_aircraft,G1-relay_aircraft-02,R002,4592.0027479858745,9578.679477149724,R004,5.000099999999293,R02,existing
P1235_4_6,G1,relay_aircraft,G1-relay_aircraft-02,R004,9583.679577149724,11813.399509678484,,,R02,existing
P1235_4_6,G1,relay_components,G1-relay_components-01,R003,5.186098884268291,8956.255878782365,R004,627.4236983673582,RE01,existing
P1235_4_6,G1,relay_components,G1-relay_components-01,R004,9583.679577149724,12221.929892002603,,,RE01,existing
P1235_4_6,G1,relay_components,G1-relay_components-02,R001,162.1373190294086,2493.9201725268517,R002,2098.082575459023,RE02,existing
P1235_4_6,G1,relay_components,G1-relay_components-02,R002,4592.0027479858745,10318.120453993146,,,RE02,existing
P1235_4_6,G1,relay_components,G1-relay_components-03,R005,2134.2977388563304,5015.591855407197,R006,2840.0424796599546,RE03,existing
P1235_4_6,G1,relay_components,G1-relay_components-03,R006,7855.634335067151,10964.401779763033,,,RE03,existing
P1235_4_6,G2,A_aircraft,G2-A_aircraft-01,T009,0.0,1316.0142144169886,,,U04,existing
P1235_4_6,G2,C_aircraft,G2-C_aircraft-01,T010_2,1828.2245061505073,3261.2595890284992,,,NEW-C_aircraft-01,procurement_required
P1235_4_6,G2,A_batteries,G2-A_batteries-01,T009,0.0,2207.8690163260853,,,A06,existing
P1235_4_6,G2,C_batteries,G2-C_batteries-01,T010_2,1828.2245061505073,4709.032782226957,,,NEW-C_batteries-01,procurement_required
P1235_4_6,G3,B_aircraft,G3-B_aircraft-01,T006,5112.4729743532125,6302.1032600896515,,,NEW-B_aircraft-01,procurement_required
P1235_4_6,G3,B_batteries,G3-B_batteries-01,T006,5112.4729743532125,7435.544137052532,,,NEW-B_batteries-01,procurement_required
P123_45_6,G1,A_aircraft,G1-A_aircraft-01,T002_1,0.0,1652.4416357195464,T016,2705.4237932369183,U01,existing
P123_45_6,G1,A_aircraft,G1-A_aircraft-01,T016,4357.865428956465,6053.623533624929,T023,0.00010000000020227162,U01,existing
P123_45_6,G1,A_aircraft,G1-A_aircraft-01,T023,6053.623633624929,7689.381738293394,T019_1,9.999999838328222e-05,U01,existing
P123_45_6,G1,A_aircraft,G1-A_aircraft-01,T019_1,7689.381838293392,9325.139942961858,,,U01,existing
P123_45_6,G1,A_aircraft,G1-A_aircraft-02,T014_1,0.0,1695.7581046684645,T007,2637.107324288001,U02,existing
P123_45_6,G1,A_aircraft,G1-A_aircraft-02,T007,4332.865428956466,6940.9063260653875,T020,0.00010000000111176632,U02,existing
P123_45_6,G1,A_aircraft,G1-A_aircraft-02,T020,6940.906426065389,8911.116273042207,,,U02,existing
P123_45_6,G1,B_aircraft,G1-B_aircraft-01,T005,0.0,1210.3573074816584,T021,2446.3295249486637,U05,existing
P123_45_6,G1,B_aircraft,G1-B_aircraft-01,T021,3656.6868324303223,5554.728103917317,T022,4158.765374611327,U05,existing
P123_45_6,G1,B_aircraft,G1-B_aircraft-01,T022,9713.493478528644,11214.272215143501,,,U05,existing
P123_45_6,G1,B_aircraft,G1-B_aircraft-02,T013,2.631913957884535e-07,1958.0412717501863,T014_2,3601.6869321671297,U06,existing
P123_45_6,G1,B_aircraft,G1-B_aircraft-02,T014_2,5559.728203917316,7425.499213465236,,,U06,existing
P123_45_6,G1,C_aircraft,G1-C_aircraft-01,T003,0.0,1429.4261775174655,T004,5.000099999999975,U07,existing
P123_45_6,G1,C_aircraft,G1-C_aircraft-01,T004,1434.4262775174655,3604.9947859277245,T012,5.000100000002021,U07,existing
P123_45_6,G1,C_aircraft,G1-C_aircraft-01,T012,3609.9948859277265,5725.07652720618,T018,32.01343070994517,U07,existing
P123_45_6,G1,C_aircraft,G1-C_aircraft-01,T018,5757.089957916125,8192.899478773774,,,U07,existing
P123_45_6,G1,C_aircraft,G1-C_aircraft-02,T010_1,0.0,1823.224406150507,T001,1443.0352828779924,U08,existing
P123_45_6,G1,C_aircraft,G1-C_aircraft-02,T001,3266.2596890284995,4827.685866545965,T019_2,5.000099999999293,U08,existing
P123_45_6,G1,C_aircraft,G1-C_aircraft-02,T019_2,4832.685966545964,7071.870031513806,,,U08,existing
P123_45_6,G1,A_batteries,G1-A_batteries-01,T002_1,0.0,2667.5322461730734,T016,1690.3331827833913,A01,existing
P123_45_6,G1,A_batteries,G1-A_batteries-01,T016,4357.865428956465,7189.599845781131,T019_1,499.78199251226124,A01,existing
P123_45_6,G1,A_batteries,G1-A_batteries-01,T019_1,7689.381838293392,10409.758236602142,,,A01,existing
P123_45_6,G1,A_batteries,G1-A_batteries-02,T014_1,0.0,2810.952429148163,T007,1521.9129998083026,A02,existing
P123_45_6,G1,A_batteries,G1-A_batteries-02,T007,4332.865428956466,8394.169789148978,,,A02,existing
P123_45_6,G1,A_batteries,G1-A_batteries-03,T023,6053.623633624929,8794.320358969193,,,A03,existing
P123_45_6,G1,A_batteries,G1-A_batteries-04,T020,6940.906426065389,10151.116923729283,,,A04,existing
P123_45_6,G1,B_batteries,G1-B_batteries-01,T005,0.0,2343.7606215473797,T021,1312.9262108829425,B01,existing
P123_45_6,G1,B_batteries,G1-B_batteries-01,T021,3656.6868324303223,7421.910255834926,T022,2291.583222693718,B01,existing
P123_45_6,G1,B_batteries,G1-B_batteries-01,T022,9713.493478528644,12750.274657105232,,,B01,existing
P123_45_6,G1,B_batteries,G1-B_batteries-02,T013,2.631913957884535e-07,3917.286899235777,T014_2,1642.441304681539,B02,existing
P123_45_6,G1,B_batteries,G1-B_batteries-02,T014_2,5559.728203917316,9106.026402123385,,,B02,existing
P123_45_6,G1,C_batteries,G1-C_batteries-01,T003,0.0,2947.606630665684,T001,318.6530583628155,C01,existing
P123_45_6,G1,C_batteries,G1-C_batteries-01,T001,3266.2596890284995,6416.352542791451,,,C01,existing
P123_45_6,G1,C_batteries,G1-C_batteries-02,T010_1,0.0,3563.4170832737245,T012,46.57780265400197,C02,existing
P123_45_6,G1,C_batteries,G1-C_batteries-02,T012,3609.9948859277265,8217.742244657848,,,C02,existing
P123_45_6,G1,C_batteries,G1-C_batteries-03,T004,1434.4262775174655,5752.089857916125,T018,5.000100000000202,C03,existing
P123_45_6,G1,C_batteries,G1-C_batteries-03,T018,5757.089957916125,10691.253758748288,,,C03,existing
P123_45_6,G1,C_batteries,G1-C_batteries-04,T019_2,4832.685966545964,9540.547812933855,,,C04,existing
P123_45_6,G1,relay_aircraft,G1-relay_aircraft-01,R003,5.186098884268291,7850.634235067152,R004,1733.0453420825716,R01,existing
P123_45_6,G1,relay_aircraft,G1-relay_aircraft-01,R004,9583.679577149724,11813.399509678484,,,R01,existing
P123_45_6,G1,relay_aircraft,G1-relay_aircraft-02,R001,162.1373190294086,2129.297638856331,R002,2462.7051091295434,R02,existing
P123_45_6,G1,relay_aircraft,G1-relay_aircraft-02,R002,4592.0027479858745,9578.679477149724,,,R02,existing
P123_45_6,G1,relay_components,G1-relay_components-01,R003,5.186098884268291,8956.255878782365,R004,627.4236983673582,RE01,existing
P123_45_6,G1,relay_components,G1-relay_components-01,R004,9583.679577149724,12221.929892002603,,,RE01,existing
P123_45_6,G1,relay_components,G1-relay_components-02,R001,162.1373190294086,2493.9201725268517,R002,2098.082575459023,RE02,existing
P123_45_6,G1,relay_components,G1-relay_components-02,R002,4592.0027479858745,10318.120453993146,,,RE02,existing
P123_45_6,G2,A_aircraft,G2-A_aircraft-01,T009,0.0,1316.0142144169886,T002_2,896.854901909097,U03,existing
P123_45_6,G2,A_aircraft,G2-A_aircraft-01,T002_2,2212.8691163260855,3815.461852306258,T017,3953.9901172072023,U03,existing
P123_45_6,G2,A_aircraft,G2-A_aircraft-01,T017,7769.45196951346,10113.299044225432,,,U03,existing
P123_45_6,G2,A_aircraft,G2-A_aircraft-02,T011,2058.1153733026395,4188.754462062222,,,U04,existing
P123_45_6,G2,B_aircraft,G2-B_aircraft-01,T015,2097.1153733026395,3651.686732430321,,,NEW-B_aircraft-01,procurement_required
P123_45_6,G2,B_aircraft,G2-B_aircraft-02,T008,2348.76072154738,4193.299611702947,,,NEW-B_aircraft-02,procurement_required
P123_45_6,G2,C_aircraft,G2-C_aircraft-01,T010_2,1828.2245061505073,3261.2595890284992,,,NEW-C_aircraft-01,procurement_required
P123_45_6,G2,A_batteries,G2-A_batteries-01,T009,0.0,2207.8690163260853,T002_2,5.000100000000202,A05,existing
P123_45_6,G2,A_batteries,G2-A_batteries-01,T002_2,2212.8691163260855,4879.929014022942,T017,2889.522955490518,A05,existing
P123_45_6,G2,A_batteries,G2-A_batteries-01,T017,7769.45196951346,11476.863027475007,,,A05,existing
P123_45_6,G2,A_batteries,G2-A_batteries-02,T011,2058.1153733026395,5546.539457030654,,,A06,existing
P123_45_6,G2,B_batteries,G2-B_batteries-01,T015,2097.1153733026395,5107.472874353213,,,B03,existing
P123_45_6,G2,B_batteries,G2-B_batteries-02,T008,2348.76072154738,5781.961574782329,,,B04,existing
P123_45_6,G2,C_batteries,G2-C_batteries-01,T010_2,1828.2245061505073,4709.032782226957,,,NEW-C_batteries-01,procurement_required
P123_45_6,G2,relay_aircraft,G2-relay_aircraft-01,R005,2134.2977388563304,4587.002647985877,R006,3268.6316870812743,NEW-relay_aircraft-01,procurement_required
P123_45_6,G2,relay_aircraft,G2-relay_aircraft-01,R006,7855.634335067151,10510.693895951956,,,NEW-relay_aircraft-01,procurement_required
P123_45_6,G2,relay_components,G2-relay_components-01,R005,2134.2977388563304,5015.591855407197,R006,2840.0424796599546,RE03,existing
P123_45_6,G2,relay_components,G2-relay_components-01,R006,7855.634335067151,10964.401779763033,,,RE03,existing
P123_45_6,G3,B_aircraft,G3-B_aircraft-01,T006,5112.4729743532125,6302.1032600896515,,,NEW-B_aircraft-03,procurement_required
P123_45_6,G3,B_batteries,G3-B_batteries-01,T006,5112.4729743532125,7435.544137052532,,,NEW-B_batteries-01,procurement_required
P1236_4_5,G1,A_aircraft,G1-A_aircraft-01,T002_1,0.0,1652.4416357195464,T016,2705.4237932369183,U01,existing
P1236_4_5,G1,A_aircraft,G1-A_aircraft-01,T016,4357.865428956465,6053.623533624929,T023,0.00010000000020227162,U01,existing
P1236_4_5,G1,A_aircraft,G1-A_aircraft-01,T023,6053.623633624929,7689.381738293394,T019_1,9.999999838328222e-05,U01,existing
P1236_4_5,G1,A_aircraft,G1-A_aircraft-01,T019_1,7689.381838293392,9325.139942961858,,,U01,existing
P1236_4_5,G1,A_aircraft,G1-A_aircraft-02,T014_1,0.0,1695.7581046684645,T007,2637.107324288001,U02,existing
P1236_4_5,G1,A_aircraft,G1-A_aircraft-02,T007,4332.865428956466,6940.9063260653875,T020,0.00010000000111176632,U02,existing
P1236_4_5,G1,A_aircraft,G1-A_aircraft-02,T020,6940.906426065389,8911.116273042207,,,U02,existing
P1236_4_5,G1,B_aircraft,G1-B_aircraft-01,T005,0.0,1210.3573074816584,T006,3902.115666871554,U05,existing
P1236_4_5,G1,B_aircraft,G1-B_aircraft-01,T006,5112.4729743532125,6302.1032600896515,T022,3411.3902184389926,U05,existing
P1236_4_5,G1,B_aircraft,G1-B_aircraft-01,T022,9713.493478528644,11214.272215143501,,,U05,existing
P1236_4_5,G1,B_aircraft,G1-B_aircraft-02,T013,2.631913957884535e-07,1958.0412717501863,T021,1698.645560680136,U06,existing
P1236_4_5,G1,B_aircraft,G1-B_aircraft-02,T021,3656.6868324303223,5554.728103917317,T014_2,5.000099999999293,U06,existing
P1236_4_5,G1,B_aircraft,G1-B_aircraft-02,T014_2,5559.728203917316,7425.499213465236,,,U06,existing
P1236_4_5,G1,C_aircraft,G1-C_aircraft-01,T003,0.0,1429.4261775174655,T004,5.000099999999975,U07,existing
P1236_4_5,G1,C_aircraft,G1-C_aircraft-01,T004,1434.4262775174655,3604.9947859277245,T012,5.000100000002021,U07,existing
P1236_4_5,G1,C_aircraft,G1-C_aircraft-01,T012,3609.9948859277265,5725.07652720618,T018,32.01343070994517,U07,existing
P1236_4_5,G1,C_aircraft,G1-C_aircraft-01,T018,5757.089957916125,8192.899478773774,,,U07,existing
P1236_4_5,G1,C_aircraft,G1-C_aircraft-02,T010_1,0.0,1823.224406150507,T001,1443.0352828779924,U08,existing
P1236_4_5,G1,C_aircraft,G1-C_aircraft-02,T001,3266.2596890284995,4827.685866545965,T019_2,5.000099999999293,U08,existing
P1236_4_5,G1,C_aircraft,G1-C_aircraft-02,T019_2,4832.685966545964,7071.870031513806,,,U08,existing
P1236_4_5,G1,A_batteries,G1-A_batteries-01,T002_1,0.0,2667.5322461730734,T016,1690.3331827833913,A01,existing
P1236_4_5,G1,A_batteries,G1-A_batteries-01,T016,4357.865428956465,7189.599845781131,T019_1,499.78199251226124,A01,existing
P1236_4_5,G1,A_batteries,G1-A_batteries-01,T019_1,7689.381838293392,10409.758236602142,,,A01,existing
P1236_4_5,G1,A_batteries,G1-A_batteries-02,T014_1,0.0,2810.952429148163,T007,1521.9129998083026,A02,existing
P1236_4_5,G1,A_batteries,G1-A_batteries-02,T007,4332.865428956466,8394.169789148978,,,A02,existing
P1236_4_5,G1,A_batteries,G1-A_batteries-03,T023,6053.623633624929,8794.320358969193,,,A03,existing
P1236_4_5,G1,A_batteries,G1-A_batteries-04,T020,6940.906426065389,10151.116923729283,,,A04,existing
P1236_4_5,G1,B_batteries,G1-B_batteries-01,T005,0.0,2343.7606215473797,T006,2768.712352805833,B01,existing
P1236_4_5,G1,B_batteries,G1-B_batteries-01,T006,5112.4729743532125,7435.544137052532,,,B01,existing
P1236_4_5,G1,B_batteries,G1-B_batteries-02,T013,2.631913957884535e-07,3917.286899235777,T014_2,1642.441304681539,B02,existing
P1236_4_5,G1,B_batteries,G1-B_batteries-02,T014_2,5559.728203917316,9106.026402123385,,,B02,existing
P1236_4_5,G1,B_batteries,G1-B_batteries-03,T021,3656.6868324303223,7421.910255834926,T022,2291.583222693718,B03,existing
P1236_4_5,G1,B_batteries,G1-B_batteries-03,T022,9713.493478528644,12750.274657105232,,,B03,existing
P1236_4_5,G1,C_batteries,G1-C_batteries-01,T003,0.0,2947.606630665684,T001,318.6530583628155,C01,existing
P1236_4_5,G1,C_batteries,G1-C_batteries-01,T001,3266.2596890284995,6416.352542791451,,,C01,existing
P1236_4_5,G1,C_batteries,G1-C_batteries-02,T010_1,0.0,3563.4170832737245,T012,46.57780265400197,C02,existing
P1236_4_5,G1,C_batteries,G1-C_batteries-02,T012,3609.9948859277265,8217.742244657848,,,C02,existing
P1236_4_5,G1,C_batteries,G1-C_batteries-03,T004,1434.4262775174655,5752.089857916125,T018,5.000100000000202,C03,existing
P1236_4_5,G1,C_batteries,G1-C_batteries-03,T018,5757.089957916125,10691.253758748288,,,C03,existing
P1236_4_5,G1,C_batteries,G1-C_batteries-04,T019_2,4832.685966545964,9540.547812933855,,,C04,existing
P1236_4_5,G1,relay_aircraft,G1-relay_aircraft-01,R003,5.186098884268291,7850.634235067152,R004,1733.0453420825716,R01,existing
P1236_4_5,G1,relay_aircraft,G1-relay_aircraft-01,R004,9583.679577149724,11813.399509678484,,,R01,existing
P1236_4_5,G1,relay_aircraft,G1-relay_aircraft-02,R001,162.1373190294086,2129.297638856331,R002,2462.7051091295434,R02,existing
P1236_4_5,G1,relay_aircraft,G1-relay_aircraft-02,R002,4592.0027479858745,9578.679477149724,,,R02,existing
P1236_4_5,G1,relay_components,G1-relay_components-01,R003,5.186098884268291,8956.255878782365,R004,627.4236983673582,RE01,existing
P1236_4_5,G1,relay_components,G1-relay_components-01,R004,9583.679577149724,12221.929892002603,,,RE01,existing
P1236_4_5,G1,relay_components,G1-relay_components-02,R001,162.1373190294086,2493.9201725268517,R002,2098.082575459023,RE02,existing
P1236_4_5,G1,relay_components,G1-relay_components-02,R002,4592.0027479858745,10318.120453993146,,,RE02,existing
P1236_4_5,G2,A_aircraft,G2-A_aircraft-01,T009,0.0,1316.0142144169886,,,U03,existing
P1236_4_5,G2,C_aircraft,G2-C_aircraft-01,T010_2,1828.2245061505073,3261.2595890284992,,,NEW-C_aircraft-01,procurement_required
P1236_4_5,G2,A_batteries,G2-A_batteries-01,T009,0.0,2207.8690163260853,,,A05,existing
P1236_4_5,G2,C_batteries,G2-C_batteries-01,T010_2,1828.2245061505073,4709.032782226957,,,NEW-C_batteries-01,procurement_required
P1236_4_5,G3,A_aircraft,G3-A_aircraft-01,T011,2058.1153733026395,4188.754462062222,,,U04,existing
P1236_4_5,G3,A_aircraft,G3-A_aircraft-02,T002_2,2212.8691163260855,3815.461852306258,T017,3953.9901172072023,NEW-A_aircraft-01,procurement_required
P1236_4_5,G3,A_aircraft,G3-A_aircraft-02,T017,7769.45196951346,10113.299044225432,,,NEW-A_aircraft-01,procurement_required
P1236_4_5,G3,B_aircraft,G3-B_aircraft-01,T015,2097.1153733026395,3651.686732430321,,,NEW-B_aircraft-01,procurement_required
P1236_4_5,G3,B_aircraft,G3-B_aircraft-02,T008,2348.76072154738,4193.299611702947,,,NEW-B_aircraft-02,procurement_required
P1236_4_5,G3,A_batteries,G3-A_batteries-01,T011,2058.1153733026395,5546.539457030654,,,A06,existing
P1236_4_5,G3,A_batteries,G3-A_batteries-02,T002_2,2212.8691163260855,4879.929014022942,T017,2889.522955490518,NEW-A_batteries-01,procurement_required
P1236_4_5,G3,A_batteries,G3-A_batteries-02,T017,7769.45196951346,11476.863027475007,,,NEW-A_batteries-01,procurement_required
P1236_4_5,G3,B_batteries,G3-B_batteries-01,T015,2097.1153733026395,5107.472874353213,,,B04,existing
P1236_4_5,G3,B_batteries,G3-B_batteries-02,T008,2348.76072154738,5781.961574782329,,,NEW-B_batteries-01,procurement_required
P1236_4_5,G3,relay_aircraft,G3-relay_aircraft-01,R005,2134.2977388563304,4587.002647985877,R006,3268.6316870812743,NEW-relay_aircraft-01,procurement_required
P1236_4_5,G3,relay_aircraft,G3-relay_aircraft-01,R006,7855.634335067151,10510.693895951956,,,NEW-relay_aircraft-01,procurement_required
P1236_4_5,G3,relay_components,G3-relay_components-01,R005,2134.2977388563304,5015.591855407197,R006,2840.0424796599546,RE03,existing
P1236_4_5,G3,relay_components,G3-relay_components-01,R006,7855.634335067151,10964.401779763033,,,RE03,existing
P123_46_5,G1,A_aircraft,G1-A_aircraft-01,T002_1,0.0,1652.4416357195464,T016,2705.4237932369183,U01,existing
P123_46_5,G1,A_aircraft,G1-A_aircraft-01,T016,4357.865428956465,6053.623533624929,T023,0.00010000000020227162,U01,existing
P123_46_5,G1,A_aircraft,G1-A_aircraft-01,T023,6053.623633624929,7689.381738293394,T019_1,9.999999838328222e-05,U01,existing
P123_46_5,G1,A_aircraft,G1-A_aircraft-01,T019_1,7689.381838293392,9325.139942961858,,,U01,existing
P123_46_5,G1,A_aircraft,G1-A_aircraft-02,T014_1,0.0,1695.7581046684645,T007,2637.107324288001,U02,existing
P123_46_5,G1,A_aircraft,G1-A_aircraft-02,T007,4332.865428956466,6940.9063260653875,T020,0.00010000000111176632,U02,existing
P123_46_5,G1,A_aircraft,G1-A_aircraft-02,T020,6940.906426065389,8911.116273042207,,,U02,existing
P123_46_5,G1,B_aircraft,G1-B_aircraft-01,T005,0.0,1210.3573074816584,T021,2446.3295249486637,U05,existing
P123_46_5,G1,B_aircraft,G1-B_aircraft-01,T021,3656.6868324303223,5554.728103917317,T022,4158.765374611327,U05,existing
P123_46_5,G1,B_aircraft,G1-B_aircraft-01,T022,9713.493478528644,11214.272215143501,,,U05,existing
P123_46_5,G1,B_aircraft,G1-B_aircraft-02,T013,2.631913957884535e-07,1958.0412717501863,T014_2,3601.6869321671297,U06,existing
P123_46_5,G1,B_aircraft,G1-B_aircraft-02,T014_2,5559.728203917316,7425.499213465236,,,U06,existing
P123_46_5,G1,C_aircraft,G1-C_aircraft-01,T003,0.0,1429.4261775174655,T004,5.000099999999975,U07,existing
P123_46_5,G1,C_aircraft,G1-C_aircraft-01,T004,1434.4262775174655,3604.9947859277245,T012,5.000100000002021,U07,existing
P123_46_5,G1,C_aircraft,G1-C_aircraft-01,T012,3609.9948859277265,5725.07652720618,T018,32.01343070994517,U07,existing
P123_46_5,G1,C_aircraft,G1-C_aircraft-01,T018,5757.089957916125,8192.899478773774,,,U07,existing
P123_46_5,G1,C_aircraft,G1-C_aircraft-02,T010_1,0.0,1823.224406150507,T001,1443.0352828779924,U08,existing
P123_46_5,G1,C_aircraft,G1-C_aircraft-02,T001,3266.2596890284995,4827.685866545965,T019_2,5.000099999999293,U08,existing
P123_46_5,G1,C_aircraft,G1-C_aircraft-02,T019_2,4832.685966545964,7071.870031513806,,,U08,existing
P123_46_5,G1,A_batteries,G1-A_batteries-01,T002_1,0.0,2667.5322461730734,T016,1690.3331827833913,A01,existing
P123_46_5,G1,A_batteries,G1-A_batteries-01,T016,4357.865428956465,7189.599845781131,T019_1,499.78199251226124,A01,existing
P123_46_5,G1,A_batteries,G1-A_batteries-01,T019_1,7689.381838293392,10409.758236602142,,,A01,existing
P123_46_5,G1,A_batteries,G1-A_batteries-02,T014_1,0.0,2810.952429148163,T007,1521.9129998083026,A02,existing
P123_46_5,G1,A_batteries,G1-A_batteries-02,T007,4332.865428956466,8394.169789148978,,,A02,existing
P123_46_5,G1,A_batteries,G1-A_batteries-03,T023,6053.623633624929,8794.320358969193,,,A03,existing
P123_46_5,G1,A_batteries,G1-A_batteries-04,T020,6940.906426065389,10151.116923729283,,,A04,existing
P123_46_5,G1,B_batteries,G1-B_batteries-01,T005,0.0,2343.7606215473797,T021,1312.9262108829425,B01,existing
P123_46_5,G1,B_batteries,G1-B_batteries-01,T021,3656.6868324303223,7421.910255834926,T022,2291.583222693718,B01,existing
P123_46_5,G1,B_batteries,G1-B_batteries-01,T022,9713.493478528644,12750.274657105232,,,B01,existing
P123_46_5,G1,B_batteries,G1-B_batteries-02,T013,2.631913957884535e-07,3917.286899235777,T014_2,1642.441304681539,B02,existing
P123_46_5,G1,B_batteries,G1-B_batteries-02,T014_2,5559.728203917316,9106.026402123385,,,B02,existing
P123_46_5,G1,C_batteries,G1-C_batteries-01,T003,0.0,2947.606630665684,T001,318.6530583628155,C01,existing
P123_46_5,G1,C_batteries,G1-C_batteries-01,T001,3266.2596890284995,6416.352542791451,,,C01,existing
P123_46_5,G1,C_batteries,G1-C_batteries-02,T010_1,0.0,3563.4170832737245,T012,46.57780265400197,C02,existing
P123_46_5,G1,C_batteries,G1-C_batteries-02,T012,3609.9948859277265,8217.742244657848,,,C02,existing
P123_46_5,G1,C_batteries,G1-C_batteries-03,T004,1434.4262775174655,5752.089857916125,T018,5.000100000000202,C03,existing
P123_46_5,G1,C_batteries,G1-C_batteries-03,T018,5757.089957916125,10691.253758748288,,,C03,existing
P123_46_5,G1,C_batteries,G1-C_batteries-04,T019_2,4832.685966545964,9540.547812933855,,,C04,existing
P123_46_5,G1,relay_aircraft,G1-relay_aircraft-01,R003,5.186098884268291,7850.634235067152,R004,1733.0453420825716,R01,existing
P123_46_5,G1,relay_aircraft,G1-relay_aircraft-01,R004,9583.679577149724,11813.399509678484,,,R01,existing
P123_46_5,G1,relay_aircraft,G1-relay_aircraft-02,R001,162.1373190294086,2129.297638856331,R002,2462.7051091295434,R02,existing
P123_46_5,G1,relay_aircraft,G1-relay_aircraft-02,R002,4592.0027479858745,9578.679477149724,,,R02,existing
P123_46_5,G1,relay_components,G1-relay_components-01,R003,5.186098884268291,8956.255878782365,R004,627.4236983673582,RE01,existing
P123_46_5,G1,relay_components,G1-relay_components-01,R004,9583.679577149724,12221.929892002603,,,RE01,existing
P123_46_5,G1,relay_components,G1-relay_components-02,R001,162.1373190294086,2493.9201725268517,R002,2098.082575459023,RE02,existing
P123_46_5,G1,relay_components,G1-relay_components-02,R002,4592.0027479858745,10318.120453993146,,,RE02,existing
P123_46_5,G2,A_aircraft,G2-A_aircraft-01,T009,0.0,1316.0142144169886,,,U03,existing
P123_46_5,G2,B_aircraft,G2-B_aircraft-01,T006,5112.4729743532125,6302.1032600896515,,,NEW-B_aircraft-01,procurement_required
P123_46_5,G2,C_aircraft,G2-C_aircraft-01,T010_2,1828.2245061505073,3261.2595890284992,,,NEW-C_aircraft-01,procurement_required
P123_46_5,G2,A_batteries,G2-A_batteries-01,T009,0.0,2207.8690163260853,,,A05,existing
P123_46_5,G2,B_batteries,G2-B_batteries-01,T006,5112.4729743532125,7435.544137052532,,,B03,existing
P123_46_5,G2,C_batteries,G2-C_batteries-01,T010_2,1828.2245061505073,4709.032782226957,,,NEW-C_batteries-01,procurement_required
P123_46_5,G3,A_aircraft,G3-A_aircraft-01,T011,2058.1153733026395,4188.754462062222,,,U04,existing
P123_46_5,G3,A_aircraft,G3-A_aircraft-02,T002_2,2212.8691163260855,3815.461852306258,T017,3953.9901172072023,NEW-A_aircraft-01,procurement_required
P123_46_5,G3,A_aircraft,G3-A_aircraft-02,T017,7769.45196951346,10113.299044225432,,,NEW-A_aircraft-01,procurement_required
P123_46_5,G3,B_aircraft,G3-B_aircraft-01,T015,2097.1153733026395,3651.686732430321,,,NEW-B_aircraft-02,procurement_required
P123_46_5,G3,B_aircraft,G3-B_aircraft-02,T008,2348.76072154738,4193.299611702947,,,NEW-B_aircraft-03,procurement_required
P123_46_5,G3,A_batteries,G3-A_batteries-01,T011,2058.1153733026395,5546.539457030654,,,A06,existing
P123_46_5,G3,A_batteries,G3-A_batteries-02,T002_2,2212.8691163260855,4879.929014022942,T017,2889.522955490518,NEW-A_batteries-01,procurement_required
P123_46_5,G3,A_batteries,G3-A_batteries-02,T017,7769.45196951346,11476.863027475007,,,NEW-A_batteries-01,procurement_required
P123_46_5,G3,B_batteries,G3-B_batteries-01,T015,2097.1153733026395,5107.472874353213,,,B04,existing
P123_46_5,G3,B_batteries,G3-B_batteries-02,T008,2348.76072154738,5781.961574782329,,,NEW-B_batteries-01,procurement_required
P123_46_5,G3,relay_aircraft,G3-relay_aircraft-01,R005,2134.2977388563304,4587.002647985877,R006,3268.6316870812743,NEW-relay_aircraft-01,procurement_required
P123_46_5,G3,relay_aircraft,G3-relay_aircraft-01,R006,7855.634335067151,10510.693895951956,,,NEW-relay_aircraft-01,procurement_required
P123_46_5,G3,relay_components,G3-relay_components-01,R005,2134.2977388563304,5015.591855407197,R006,2840.0424796599546,RE03,existing
P123_46_5,G3,relay_components,G3-relay_components-01,R006,7855.634335067151,10964.401779763033,,,RE03,existing
P123_4_56,G1,A_aircraft,G1-A_aircraft-01,T002_1,0.0,1652.4416357195464,T016,2705.4237932369183,U01,existing
P123_4_56,G1,A_aircraft,G1-A_aircraft-01,T016,4357.865428956465,6053.623533624929,T023,0.00010000000020227162,U01,existing
P123_4_56,G1,A_aircraft,G1-A_aircraft-01,T023,6053.623633624929,7689.381738293394,T019_1,9.999999838328222e-05,U01,existing
P123_4_56,G1,A_aircraft,G1-A_aircraft-01,T019_1,7689.381838293392,9325.139942961858,,,U01,existing
P123_4_56,G1,A_aircraft,G1-A_aircraft-02,T014_1,0.0,1695.7581046684645,T007,2637.107324288001,U02,existing
P123_4_56,G1,A_aircraft,G1-A_aircraft-02,T007,4332.865428956466,6940.9063260653875,T020,0.00010000000111176632,U02,existing
P123_4_56,G1,A_aircraft,G1-A_aircraft-02,T020,6940.906426065389,8911.116273042207,,,U02,existing
P123_4_56,G1,B_aircraft,G1-B_aircraft-01,T005,0.0,1210.3573074816584,T021,2446.3295249486637,U05,existing
P123_4_56,G1,B_aircraft,G1-B_aircraft-01,T021,3656.6868324303223,5554.728103917317,T022,4158.765374611327,U05,existing
P123_4_56,G1,B_aircraft,G1-B_aircraft-01,T022,9713.493478528644,11214.272215143501,,,U05,existing
P123_4_56,G1,B_aircraft,G1-B_aircraft-02,T013,2.631913957884535e-07,1958.0412717501863,T014_2,3601.6869321671297,U06,existing
P123_4_56,G1,B_aircraft,G1-B_aircraft-02,T014_2,5559.728203917316,7425.499213465236,,,U06,existing
P123_4_56,G1,C_aircraft,G1-C_aircraft-01,T003,0.0,1429.4261775174655,T004,5.000099999999975,U07,existing
P123_4_56,G1,C_aircraft,G1-C_aircraft-01,T004,1434.4262775174655,3604.9947859277245,T012,5.000100000002021,U07,existing
P123_4_56,G1,C_aircraft,G1-C_aircraft-01,T012,3609.9948859277265,5725.07652720618,T018,32.01343070994517,U07,existing
P123_4_56,G1,C_aircraft,G1-C_aircraft-01,T018,5757.089957916125,8192.899478773774,,,U07,existing
P123_4_56,G1,C_aircraft,G1-C_aircraft-02,T010_1,0.0,1823.224406150507,T001,1443.0352828779924,U08,existing
P123_4_56,G1,C_aircraft,G1-C_aircraft-02,T001,3266.2596890284995,4827.685866545965,T019_2,5.000099999999293,U08,existing
P123_4_56,G1,C_aircraft,G1-C_aircraft-02,T019_2,4832.685966545964,7071.870031513806,,,U08,existing
P123_4_56,G1,A_batteries,G1-A_batteries-01,T002_1,0.0,2667.5322461730734,T016,1690.3331827833913,A01,existing
P123_4_56,G1,A_batteries,G1-A_batteries-01,T016,4357.865428956465,7189.599845781131,T019_1,499.78199251226124,A01,existing
P123_4_56,G1,A_batteries,G1-A_batteries-01,T019_1,7689.381838293392,10409.758236602142,,,A01,existing
P123_4_56,G1,A_batteries,G1-A_batteries-02,T014_1,0.0,2810.952429148163,T007,1521.9129998083026,A02,existing
P123_4_56,G1,A_batteries,G1-A_batteries-02,T007,4332.865428956466,8394.169789148978,,,A02,existing
P123_4_56,G1,A_batteries,G1-A_batteries-03,T023,6053.623633624929,8794.320358969193,,,A03,existing
P123_4_56,G1,A_batteries,G1-A_batteries-04,T020,6940.906426065389,10151.116923729283,,,A04,existing
P123_4_56,G1,B_batteries,G1-B_batteries-01,T005,0.0,2343.7606215473797,T021,1312.9262108829425,B01,existing
P123_4_56,G1,B_batteries,G1-B_batteries-01,T021,3656.6868324303223,7421.910255834926,T022,2291.583222693718,B01,existing
P123_4_56,G1,B_batteries,G1-B_batteries-01,T022,9713.493478528644,12750.274657105232,,,B01,existing
P123_4_56,G1,B_batteries,G1-B_batteries-02,T013,2.631913957884535e-07,3917.286899235777,T014_2,1642.441304681539,B02,existing
P123_4_56,G1,B_batteries,G1-B_batteries-02,T014_2,5559.728203917316,9106.026402123385,,,B02,existing
P123_4_56,G1,C_batteries,G1-C_batteries-01,T003,0.0,2947.606630665684,T001,318.6530583628155,C01,existing
P123_4_56,G1,C_batteries,G1-C_batteries-01,T001,3266.2596890284995,6416.352542791451,,,C01,existing
P123_4_56,G1,C_batteries,G1-C_batteries-02,T010_1,0.0,3563.4170832737245,T012,46.57780265400197,C02,existing
P123_4_56,G1,C_batteries,G1-C_batteries-02,T012,3609.9948859277265,8217.742244657848,,,C02,existing
P123_4_56,G1,C_batteries,G1-C_batteries-03,T004,1434.4262775174655,5752.089857916125,T018,5.000100000000202,C03,existing
P123_4_56,G1,C_batteries,G1-C_batteries-03,T018,5757.089957916125,10691.253758748288,,,C03,existing
P123_4_56,G1,C_batteries,G1-C_batteries-04,T019_2,4832.685966545964,9540.547812933855,,,C04,existing
P123_4_56,G1,relay_aircraft,G1-relay_aircraft-01,R003,5.186098884268291,7850.634235067152,R004,1733.0453420825716,R01,existing
P123_4_56,G1,relay_aircraft,G1-relay_aircraft-01,R004,9583.679577149724,11813.399509678484,,,R01,existing
P123_4_56,G1,relay_aircraft,G1-relay_aircraft-02,R001,162.1373190294086,2129.297638856331,R002,2462.7051091295434,R02,existing
P123_4_56,G1,relay_aircraft,G1-relay_aircraft-02,R002,4592.0027479858745,9578.679477149724,,,R02,existing
P123_4_56,G1,relay_components,G1-relay_components-01,R003,5.186098884268291,8956.255878782365,R004,627.4236983673582,RE01,existing
P123_4_56,G1,relay_components,G1-relay_components-01,R004,9583.679577149724,12221.929892002603,,,RE01,existing
P123_4_56,G1,relay_components,G1-relay_components-02,R001,162.1373190294086,2493.9201725268517,R002,2098.082575459023,RE02,existing
P123_4_56,G1,relay_components,G1-relay_components-02,R002,4592.0027479858745,10318.120453993146,,,RE02,existing
P123_4_56,G2,A_aircraft,G2-A_aircraft-01,T009,0.0,1316.0142144169886,,,U03,existing
P123_4_56,G2,C_aircraft,G2-C_aircraft-01,T010_2,1828.2245061505073,3261.2595890284992,,,NEW-C_aircraft-01,procurement_required
P123_4_56,G2,A_batteries,G2-A_batteries-01,T009,0.0,2207.8690163260853,,,A05,existing
P123_4_56,G2,C_batteries,G2-C_batteries-01,T010_2,1828.2245061505073,4709.032782226957,,,NEW-C_batteries-01,procurement_required
P123_4_56,G3,A_aircraft,G3-A_aircraft-01,T011,2058.1153733026395,4188.754462062222,,,U04,existing
P123_4_56,G3,A_aircraft,G3-A_aircraft-02,T002_2,2212.8691163260855,3815.461852306258,T017,3953.9901172072023,NEW-A_aircraft-01,procurement_required
P123_4_56,G3,A_aircraft,G3-A_aircraft-02,T017,7769.45196951346,10113.299044225432,,,NEW-A_aircraft-01,procurement_required
P123_4_56,G3,B_aircraft,G3-B_aircraft-01,T015,2097.1153733026395,3651.686732430321,T006,1460.7862419228913,NEW-B_aircraft-01,procurement_required
P123_4_56,G3,B_aircraft,G3-B_aircraft-01,T006,5112.4729743532125,6302.1032600896515,,,NEW-B_aircraft-01,procurement_required
P123_4_56,G3,B_aircraft,G3-B_aircraft-02,T008,2348.76072154738,4193.299611702947,,,NEW-B_aircraft-02,procurement_required
P123_4_56,G3,A_batteries,G3-A_batteries-01,T011,2058.1153733026395,5546.539457030654,,,A06,existing
P123_4_56,G3,A_batteries,G3-A_batteries-02,T002_2,2212.8691163260855,4879.929014022942,T017,2889.522955490518,NEW-A_batteries-01,procurement_required
P123_4_56,G3,A_batteries,G3-A_batteries-02,T017,7769.45196951346,11476.863027475007,,,NEW-A_batteries-01,procurement_required
P123_4_56,G3,B_batteries,G3-B_batteries-01,T015,2097.1153733026395,5107.472874353213,T006,5.000099999999293,B03,existing
P123_4_56,G3,B_batteries,G3-B_batteries-01,T006,5112.4729743532125,7435.544137052532,,,B03,existing
P123_4_56,G3,B_batteries,G3-B_batteries-02,T008,2348.76072154738,5781.961574782329,,,B04,existing
P123_4_56,G3,relay_aircraft,G3-relay_aircraft-01,R005,2134.2977388563304,4587.002647985877,R006,3268.6316870812743,NEW-relay_aircraft-01,procurement_required
P123_4_56,G3,relay_aircraft,G3-relay_aircraft-01,R006,7855.634335067151,10510.693895951956,,,NEW-relay_aircraft-01,procurement_required
P123_4_56,G3,relay_components,G3-relay_components-01,R005,2134.2977388563304,5015.591855407197,R006,2840.0424796599546,RE03,existing
P123_4_56,G3,relay_components,G3-relay_components-01,R006,7855.634335067151,10964.401779763033,,,RE03,existing
P1245_3_6,G1,A_aircraft,G1-A_aircraft-01,T009,0.0,1316.0142144169886,T002_2,896.854901909097,U01,existing
P1245_3_6,G1,A_aircraft,G1-A_aircraft-01,T002_2,2212.8691163260855,3815.461852306258,T017,3953.9901172072023,U01,existing
P1245_3_6,G1,A_aircraft,G1-A_aircraft-01,T017,7769.45196951346,10113.299044225432,,,U01,existing
P1245_3_6,G1,A_aircraft,G1-A_aircraft-02,T011,2058.1153733026395,4188.754462062222,,,U02,existing
P1245_3_6,G1,B_aircraft,G1-B_aircraft-01,T005,0.0,1210.3573074816584,T008,1138.4034140657216,U05,existing
P1245_3_6,G1,B_aircraft,G1-B_aircraft-01,T008,2348.76072154738,4193.299611702947,T014_2,1366.428592214369,U05,existing
P1245_3_6,G1,B_aircraft,G1-B_aircraft-01,T014_2,5559.728203917316,7425.499213465236,,,U05,existing
P1245_3_6,G1,B_aircraft,G1-B_aircraft-02,T013,2.631913957884535e-07,1958.0412717501863,T015,139.07410155245316,U06,existing
P1245_3_6,G1,B_aircraft,G1-B_aircraft-02,T015,2097.1153733026395,3651.686732430321,T021,5.000100000001112,U06,existing
P1245_3_6,G1,B_aircraft,G1-B_aircraft-02,T021,3656.6868324303223,5554.728103917317,T022,4158.765374611327,U06,existing
P1245_3_6,G1,B_aircraft,G1-B_aircraft-02,T022,9713.493478528644,11214.272215143501,,,U06,existing
P1245_3_6,G1,C_aircraft,G1-C_aircraft-01,T003,0.0,1429.4261775174655,T004,5.000099999999975,U07,existing
P1245_3_6,G1,C_aircraft,G1-C_aircraft-01,T004,1434.4262775174655,3604.9947859277245,T012,5.000100000002021,U07,existing
P1245_3_6,G1,C_aircraft,G1-C_aircraft-01,T012,3609.9948859277265,5725.07652720618,,,U07,existing
P1245_3_6,G1,C_aircraft,G1-C_aircraft-02,T010_2,1828.2245061505073,3261.2595890284992,T001,5.000100000000202,U08,existing
P1245_3_6,G1,C_aircraft,G1-C_aircraft-02,T001,3266.2596890284995,4827.685866545965,T019_2,5.000099999999293,U08,existing
P1245_3_6,G1,C_aircraft,G1-C_aircraft-02,T019_2,4832.685966545964,7071.870031513806,,,U08,existing
P1245_3_6,G1,A_batteries,G1-A_batteries-01,T009,0.0,2207.8690163260853,T002_2,5.000100000000202,A01,existing
P1245_3_6,G1,A_batteries,G1-A_batteries-01,T002_2,2212.8691163260855,4879.929014022942,T017,2889.522955490518,A01,existing
P1245_3_6,G1,A_batteries,G1-A_batteries-01,T017,7769.45196951346,11476.863027475007,,,A01,existing
P1245_3_6,G1,A_batteries,G1-A_batteries-02,T011,2058.1153733026395,5546.539457030654,,,A02,existing
P1245_3_6,G1,B_batteries,G1-B_batteries-01,T005,0.0,2343.7606215473797,T021,1312.9262108829425,B01,existing
P1245_3_6,G1,B_batteries,G1-B_batteries-01,T021,3656.6868324303223,7421.910255834926,,,B01,existing
P1245_3_6,G1,B_batteries,G1-B_batteries-02,T013,2.631913957884535e-07,3917.286899235777,T014_2,1642.441304681539,B02,existing
P1245_3_6,G1,B_batteries,G1-B_batteries-02,T014_2,5559.728203917316,9106.026402123385,,,B02,existing
P1245_3_6,G1,B_batteries,G1-B_batteries-03,T015,2097.1153733026395,5107.472874353213,T022,4606.020604175431,B03,existing
P1245_3_6,G1,B_batteries,G1-B_batteries-03,T022,9713.493478528644,12750.274657105232,,,B03,existing
P1245_3_6,G1,B_batteries,G1-B_batteries-04,T008,2348.76072154738,5781.961574782329,,,B04,existing
P1245_3_6,G1,C_batteries,G1-C_batteries-01,T003,0.0,2947.606630665684,T001,318.6530583628155,C01,existing
P1245_3_6,G1,C_batteries,G1-C_batteries-01,T001,3266.2596890284995,6416.352542791451,,,C01,existing
P1245_3_6,G1,C_batteries,G1-C_batteries-02,T004,1434.4262775174655,5752.089857916125,,,C02,existing
P1245_3_6,G1,C_batteries,G1-C_batteries-03,T010_2,1828.2245061505073,4709.032782226957,T019_2,123.65318431900687,C03,existing
P1245_3_6,G1,C_batteries,G1-C_batteries-03,T019_2,4832.685966545964,9540.547812933855,,,C03,existing
P1245_3_6,G1,C_batteries,G1-C_batteries-04,T012,3609.9948859277265,8217.742244657848,,,C04,existing
P1245_3_6,G1,relay_aircraft,G1-relay_aircraft-01,R003,5.186098884268291,7850.634235067152,R004,1733.0453420825716,R01,existing
P1245_3_6,G1,relay_aircraft,G1-relay_aircraft-01,R004,9583.679577149724,11813.399509678484,,,R01,existing
P1245_3_6,G1,relay_aircraft,G1-relay_aircraft-02,R005,2134.2977388563304,4587.002647985877,R006,3268.6316870812743,R02,existing
P1245_3_6,G1,relay_aircraft,G1-relay_aircraft-02,R006,7855.634335067151,10510.693895951956,,,R02,existing
P1245_3_6,G1,relay_components,G1-relay_components-01,R003,5.186098884268291,8956.255878782365,R004,627.4236983673582,RE01,existing
P1245_3_6,G1,relay_components,G1-relay_components-01,R004,9583.679577149724,12221.929892002603,,,RE01,existing
P1245_3_6,G1,relay_components,G1-relay_components-02,R005,2134.2977388563304,5015.591855407197,R006,2840.0424796599546,RE02,existing
P1245_3_6,G1,relay_components,G1-relay_components-02,R006,7855.634335067151,10964.401779763033,,,RE02,existing
P1245_3_6,G2,A_aircraft,G2-A_aircraft-01,T002_1,0.0,1652.4416357195464,T016,2705.4237932369183,U03,existing
P1245_3_6,G2,A_aircraft,G2-A_aircraft-01,T016,4357.865428956465,6053.623533624929,T023,0.00010000000020227162,U03,existing
P1245_3_6,G2,A_aircraft,G2-A_aircraft-01,T023,6053.623633624929,7689.381738293394,T019_1,9.999999838328222e-05,U03,existing
P1245_3_6,G2,A_aircraft,G2-A_aircraft-01,T019_1,7689.381838293392,9325.139942961858,,,U03,existing
P1245_3_6,G2,A_aircraft,G2-A_aircraft-02,T014_1,0.0,1695.7581046684645,T007,2637.107324288001,U04,existing
P1245_3_6,G2,A_aircraft,G2-A_aircraft-02,T007,4332.865428956466,6940.9063260653875,T020,0.00010000000111176632,U04,existing
P1245_3_6,G2,A_aircraft,G2-A_aircraft-02,T020,6940.906426065389,8911.116273042207,,,U04,existing
P1245_3_6,G2,C_aircraft,G2-C_aircraft-01,T010_1,0.0,1823.224406150507,T018,3933.865551765618,NEW-C_aircraft-01,procurement_required
P1245_3_6,G2,C_aircraft,G2-C_aircraft-01,T018,5757.089957916125,8192.899478773774,,,NEW-C_aircraft-01,procurement_required
P1245_3_6,G2,A_batteries,G2-A_batteries-01,T002_1,0.0,2667.5322461730734,T016,1690.3331827833913,A03,existing
P1245_3_6,G2,A_batteries,G2-A_batteries-01,T016,4357.865428956465,7189.599845781131,T019_1,499.78199251226124,A03,existing
P1245_3_6,G2,A_batteries,G2-A_batteries-01,T019_1,7689.381838293392,10409.758236602142,,,A03,existing
P1245_3_6,G2,A_batteries,G2-A_batteries-02,T014_1,0.0,2810.952429148163,T007,1521.9129998083026,A04,existing
P1245_3_6,G2,A_batteries,G2-A_batteries-02,T007,4332.865428956466,8394.169789148978,,,A04,existing
P1245_3_6,G2,A_batteries,G2-A_batteries-03,T023,6053.623633624929,8794.320358969193,,,A05,existing
P1245_3_6,G2,A_batteries,G2-A_batteries-04,T020,6940.906426065389,10151.116923729283,,,A06,existing
P1245_3_6,G2,C_batteries,G2-C_batteries-01,T010_1,0.0,3563.4170832737245,T018,2193.6728746424005,NEW-C_batteries-01,procurement_required
P1245_3_6,G2,C_batteries,G2-C_batteries-01,T018,5757.089957916125,10691.253758748288,,,NEW-C_batteries-01,procurement_required
P1245_3_6,G2,relay_aircraft,G2-relay_aircraft-01,R001,162.1373190294086,2129.297638856331,R002,2462.7051091295434,NEW-relay_aircraft-01,procurement_required
P1245_3_6,G2,relay_aircraft,G2-relay_aircraft-01,R002,4592.0027479858745,9578.679477149724,,,NEW-relay_aircraft-01,procurement_required
P1245_3_6,G2,relay_components,G2-relay_components-01,R001,162.1373190294086,2493.9201725268517,R002,2098.082575459023,RE03,existing
P1245_3_6,G2,relay_components,G2-relay_components-01,R002,4592.0027479858745,10318.120453993146,,,RE03,existing
P1245_3_6,G3,B_aircraft,G3-B_aircraft-01,T006,5112.4729743532125,6302.1032600896515,,,NEW-B_aircraft-01,procurement_required
P1245_3_6,G3,B_batteries,G3-B_batteries-01,T006,5112.4729743532125,7435.544137052532,,,NEW-B_batteries-01,procurement_required
P124_35_6,G1,A_aircraft,G1-A_aircraft-01,T009,0.0,1316.0142144169886,,,U01,existing
P124_35_6,G1,B_aircraft,G1-B_aircraft-01,T005,0.0,1210.3573074816584,T021,2446.3295249486637,U05,existing
P124_35_6,G1,B_aircraft,G1-B_aircraft-01,T021,3656.6868324303223,5554.728103917317,T022,4158.765374611327,U05,existing
P124_35_6,G1,B_aircraft,G1-B_aircraft-01,T022,9713.493478528644,11214.272215143501,,,U05,existing
P124_35_6,G1,B_aircraft,G1-B_aircraft-02,T013,2.631913957884535e-07,1958.0412717501863,T014_2,3601.6869321671297,U06,existing
P124_35_6,G1,B_aircraft,G1-B_aircraft-02,T014_2,5559.728203917316,7425.499213465236,,,U06,existing
P124_35_6,G1,C_aircraft,G1-C_aircraft-01,T003,0.0,1429.4261775174655,T004,5.000099999999975,U07,existing
P124_35_6,G1,C_aircraft,G1-C_aircraft-01,T004,1434.4262775174655,3604.9947859277245,T012,5.000100000002021,U07,existing
P124_35_6,G1,C_aircraft,G1-C_aircraft-01,T012,3609.9948859277265,5725.07652720618,,,U07,existing
P124_35_6,G1,C_aircraft,G1-C_aircraft-02,T010_2,1828.2245061505073,3261.2595890284992,T001,5.000100000000202,U08,existing
P124_35_6,G1,C_aircraft,G1-C_aircraft-02,T001,3266.2596890284995,4827.685866545965,T019_2,5.000099999999293,U08,existing
P124_35_6,G1,C_aircraft,G1-C_aircraft-02,T019_2,4832.685966545964,7071.870031513806,,,U08,existing
P124_35_6,G1,A_batteries,G1-A_batteries-01,T009,0.0,2207.8690163260853,,,A01,existing
P124_35_6,G1,B_batteries,G1-B_batteries-01,T005,0.0,2343.7606215473797,T021,1312.9262108829425,B01,existing
P124_35_6,G1,B_batteries,G1-B_batteries-01,T021,3656.6868324303223,7421.910255834926,T022,2291.583222693718,B01,existing
P124_35_6,G1,B_batteries,G1-B_batteries-01,T022,9713.493478528644,12750.274657105232,,,B01,existing
P124_35_6,G1,B_batteries,G1-B_batteries-02,T013,2.631913957884535e-07,3917.286899235777,T014_2,1642.441304681539,B02,existing
P124_35_6,G1,B_batteries,G1-B_batteries-02,T014_2,5559.728203917316,9106.026402123385,,,B02,existing
P124_35_6,G1,C_batteries,G1-C_batteries-01,T003,0.0,2947.606630665684,T001,318.6530583628155,C01,existing
P124_35_6,G1,C_batteries,G1-C_batteries-01,T001,3266.2596890284995,6416.352542791451,,,C01,existing
P124_35_6,G1,C_batteries,G1-C_batteries-02,T004,1434.4262775174655,5752.089857916125,,,C02,existing
P124_35_6,G1,C_batteries,G1-C_batteries-03,T010_2,1828.2245061505073,4709.032782226957,T019_2,123.65318431900687,C03,existing
P124_35_6,G1,C_batteries,G1-C_batteries-03,T019_2,4832.685966545964,9540.547812933855,,,C03,existing
P124_35_6,G1,C_batteries,G1-C_batteries-04,T012,3609.9948859277265,8217.742244657848,,,C04,existing
P124_35_6,G1,relay_aircraft,G1-relay_aircraft-01,R003,5.186098884268291,7850.634235067152,R004,1733.0453420825716,R01,existing
P124_35_6,G1,relay_aircraft,G1-relay_aircraft-01,R004,9583.679577149724,11813.399509678484,,,R01,existing
P124_35_6,G1,relay_components,G1-relay_components-01,R003,5.186098884268291,8956.255878782365,R004,627.4236983673582,RE01,existing
P124_35_6,G1,relay_components,G1-relay_components-01,R004,9583.679577149724,12221.929892002603,,,RE01,existing
P124_35_6,G2,A_aircraft,G2-A_aircraft-01,T002_1,0.0,1652.4416357195464,T002_2,560.4274806065391,U02,existing
P124_35_6,G2,A_aircraft,G2-A_aircraft-01,T002_2,2212.8691163260855,3815.461852306258,T016,542.4035766502066,U02,existing
P124_35_6,G2,A_aircraft,G2-A_aircraft-01,T016,4357.865428956465,6053.623533624929,T020,887.2828924404594,U02,existing
P124_35_6,G2,A_aircraft,G2-A_aircraft-01,T020,6940.906426065389,8911.116273042207,,,U02,existing
P124_35_6,G2,A_aircraft,G2-A_aircraft-02,T014_1,0.0,1695.7581046684645,T011,362.35726863417494,U03,existing
P124_35_6,G2,A_aircraft,G2-A_aircraft-02,T011,2058.1153733026395,4188.754462062222,T007,144.11096689424357,U03,existing
P124_35_6,G2,A_aircraft,G2-A_aircraft-02,T007,4332.865428956466,6940.9063260653875,T019_1,748.4755122280048,U03,existing
P124_35_6,G2,A_aircraft,G2-A_aircraft-02,T019_1,7689.381838293392,9325.139942961858,,,U03,existing
P124_35_6,G2,A_aircraft,G2-A_aircraft-03,T023,6053.623633624929,7689.381738293394,T017,80.07023122006649,U04,existing
P124_35_6,G2,A_aircraft,G2-A_aircraft-03,T017,7769.45196951346,10113.299044225432,,,U04,existing
P124_35_6,G2,B_aircraft,G2-B_aircraft-01,T015,2097.1153733026395,3651.686732430321,,,NEW-B_aircraft-01,procurement_required
P124_35_6,G2,B_aircraft,G2-B_aircraft-02,T008,2348.76072154738,4193.299611702947,,,NEW-B_aircraft-02,procurement_required
P124_35_6,G2,C_aircraft,G2-C_aircraft-01,T010_1,0.0,1823.224406150507,T018,3933.865551765618,NEW-C_aircraft-01,procurement_required
P124_35_6,G2,C_aircraft,G2-C_aircraft-01,T018,5757.089957916125,8192.899478773774,,,NEW-C_aircraft-01,procurement_required
P124_35_6,G2,A_batteries,G2-A_batteries-01,T002_1,0.0,2667.5322461730734,T016,1690.3331827833913,A02,existing
P124_35_6,G2,A_batteries,G2-A_batteries-01,T016,4357.865428956465,7189.599845781131,T017,579.8521237323293,A02,existing
P124_35_6,G2,A_batteries,G2-A_batteries-01,T017,7769.45196951346,11476.863027475007,,,A02,existing
P124_35_6,G2,A_batteries,G2-A_batteries-02,T014_1,0.0,2810.952429148163,T007,1521.9129998083026,A03,existing
P124_35_6,G2,A_batteries,G2-A_batteries-02,T007,4332.865428956466,8394.169789148978,,,A03,existing
P124_35_6,G2,A_batteries,G2-A_batteries-03,T011,2058.1153733026395,5546.539457030654,T020,1394.3669690347342,A04,existing
P124_35_6,G2,A_batteries,G2-A_batteries-03,T020,6940.906426065389,10151.116923729283,,,A04,existing
P124_35_6,G2,A_batteries,G2-A_batteries-04,T002_2,2212.8691163260855,4879.929014022942,T023,1173.6946196019871,A05,existing
P124_35_6,G2,A_batteries,G2-A_batteries-04,T023,6053.623633624929,8794.320358969193,,,A05,existing
P124_35_6,G2,A_batteries,G2-A_batteries-05,T019_1,7689.381838293392,10409.758236602142,,,A06,existing
P124_35_6,G2,B_batteries,G2-B_batteries-01,T015,2097.1153733026395,5107.472874353213,,,B03,existing
P124_35_6,G2,B_batteries,G2-B_batteries-02,T008,2348.76072154738,5781.961574782329,,,B04,existing
P124_35_6,G2,C_batteries,G2-C_batteries-01,T010_1,0.0,3563.4170832737245,T018,2193.6728746424005,NEW-C_batteries-01,procurement_required
P124_35_6,G2,C_batteries,G2-C_batteries-01,T018,5757.089957916125,10691.253758748288,,,NEW-C_batteries-01,procurement_required
P124_35_6,G2,relay_aircraft,G2-relay_aircraft-01,R001,162.1373190294086,2129.297638856331,R002,2462.7051091295434,R02,existing
P124_35_6,G2,relay_aircraft,G2-relay_aircraft-01,R002,4592.0027479858745,9578.679477149724,,,R02,existing
P124_35_6,G2,relay_aircraft,G2-relay_aircraft-02,R005,2134.2977388563304,4587.002647985877,R006,3268.6316870812743,NEW-relay_aircraft-01,procurement_required
P124_35_6,G2,relay_aircraft,G2-relay_aircraft-02,R006,7855.634335067151,10510.693895951956,,,NEW-relay_aircraft-01,procurement_required
P124_35_6,G2,relay_components,G2-relay_components-01,R001,162.1373190294086,2493.9201725268517,R002,2098.082575459023,RE02,existing
P124_35_6,G2,relay_components,G2-relay_components-01,R002,4592.0027479858745,10318.120453993146,,,RE02,existing
P124_35_6,G2,relay_components,G2-relay_components-02,R005,2134.2977388563304,5015.591855407197,R006,2840.0424796599546,RE03,existing
P124_35_6,G2,relay_components,G2-relay_components-02,R006,7855.634335067151,10964.401779763033,,,RE03,existing
P124_35_6,G3,B_aircraft,G3-B_aircraft-01,T006,5112.4729743532125,6302.1032600896515,,,NEW-B_aircraft-03,procurement_required
P124_35_6,G3,B_batteries,G3-B_batteries-01,T006,5112.4729743532125,7435.544137052532,,,NEW-B_batteries-01,procurement_required
P1246_3_5,G1,A_aircraft,G1-A_aircraft-01,T009,0.0,1316.0142144169886,,,U01,existing
P1246_3_5,G1,B_aircraft,G1-B_aircraft-01,T005,0.0,1210.3573074816584,T006,3902.115666871554,U05,existing
P1246_3_5,G1,B_aircraft,G1-B_aircraft-01,T006,5112.4729743532125,6302.1032600896515,T022,3411.3902184389926,U05,existing
P1246_3_5,G1,B_aircraft,G1-B_aircraft-01,T022,9713.493478528644,11214.272215143501,,,U05,existing
P1246_3_5,G1,B_aircraft,G1-B_aircraft-02,T013,2.631913957884535e-07,1958.0412717501863,T021,1698.645560680136,U06,existing
P1246_3_5,G1,B_aircraft,G1-B_aircraft-02,T021,3656.6868324303223,5554.728103917317,T014_2,5.000099999999293,U06,existing
P1246_3_5,G1,B_aircraft,G1-B_aircraft-02,T014_2,5559.728203917316,7425.499213465236,,,U06,existing
P1246_3_5,G1,C_aircraft,G1-C_aircraft-01,T003,0.0,1429.4261775174655,T004,5.000099999999975,U07,existing
P1246_3_5,G1,C_aircraft,G1-C_aircraft-01,T004,1434.4262775174655,3604.9947859277245,T012,5.000100000002021,U07,existing
P1246_3_5,G1,C_aircraft,G1-C_aircraft-01,T012,3609.9948859277265,5725.07652720618,,,U07,existing
P1246_3_5,G1,C_aircraft,G1-C_aircraft-02,T010_2,1828.2245061505073,3261.2595890284992,T001,5.000100000000202,U08,existing
P1246_3_5,G1,C_aircraft,G1-C_aircraft-02,T001,3266.2596890284995,4827.685866545965,T019_2,5.000099999999293,U08,existing
P1246_3_5,G1,C_aircraft,G1-C_aircraft-02,T019_2,4832.685966545964,7071.870031513806,,,U08,existing
P1246_3_5,G1,A_batteries,G1-A_batteries-01,T009,0.0,2207.8690163260853,,,A01,existing
P1246_3_5,G1,B_batteries,G1-B_batteries-01,T005,0.0,2343.7606215473797,T006,2768.712352805833,B01,existing
P1246_3_5,G1,B_batteries,G1-B_batteries-01,T006,5112.4729743532125,7435.544137052532,,,B01,existing
P1246_3_5,G1,B_batteries,G1-B_batteries-02,T013,2.631913957884535e-07,3917.286899235777,T014_2,1642.441304681539,B02,existing
P1246_3_5,G1,B_batteries,G1-B_batteries-02,T014_2,5559.728203917316,9106.026402123385,,,B02,existing
P1246_3_5,G1,B_batteries,G1-B_batteries-03,T021,3656.6868324303223,7421.910255834926,T022,2291.583222693718,B03,existing
P1246_3_5,G1,B_batteries,G1-B_batteries-03,T022,9713.493478528644,12750.274657105232,,,B03,existing
P1246_3_5,G1,C_batteries,G1-C_batteries-01,T003,0.0,2947.606630665684,T001,318.6530583628155,C01,existing
P1246_3_5,G1,C_batteries,G1-C_batteries-01,T001,3266.2596890284995,6416.352542791451,,,C01,existing
P1246_3_5,G1,C_batteries,G1-C_batteries-02,T004,1434.4262775174655,5752.089857916125,,,C02,existing
P1246_3_5,G1,C_batteries,G1-C_batteries-03,T010_2,1828.2245061505073,4709.032782226957,T019_2,123.65318431900687,C03,existing
P1246_3_5,G1,C_batteries,G1-C_batteries-03,T019_2,4832.685966545964,9540.547812933855,,,C03,existing
P1246_3_5,G1,C_batteries,G1-C_batteries-04,T012,3609.9948859277265,8217.742244657848,,,C04,existing
P1246_3_5,G1,relay_aircraft,G1-relay_aircraft-01,R003,5.186098884268291,7850.634235067152,R004,1733.0453420825716,R01,existing
P1246_3_5,G1,relay_aircraft,G1-relay_aircraft-01,R004,9583.679577149724,11813.399509678484,,,R01,existing
P1246_3_5,G1,relay_components,G1-relay_components-01,R003,5.186098884268291,8956.255878782365,R004,627.4236983673582,RE01,existing
P1246_3_5,G1,relay_components,G1-relay_components-01,R004,9583.679577149724,12221.929892002603,,,RE01,existing
P1246_3_5,G2,A_aircraft,G2-A_aircraft-01,T002_1,0.0,1652.4416357195464,T016,2705.4237932369183,U02,existing
P1246_3_5,G2,A_aircraft,G2-A_aircraft-01,T016,4357.865428956465,6053.623533624929,T023,0.00010000000020227162,U02,existing
P1246_3_5,G2,A_aircraft,G2-A_aircraft-01,T023,6053.623633624929,7689.381738293394,T019_1,9.999999838328222e-05,U02,existing
P1246_3_5,G2,A_aircraft,G2-A_aircraft-01,T019_1,7689.381838293392,9325.139942961858,,,U02,existing
P1246_3_5,G2,A_aircraft,G2-A_aircraft-02,T014_1,0.0,1695.7581046684645,T007,2637.107324288001,U03,existing
P1246_3_5,G2,A_aircraft,G2-A_aircraft-02,T007,4332.865428956466,6940.9063260653875,T020,0.00010000000111176632,U03,existing
P1246_3_5,G2,A_aircraft,G2-A_aircraft-02,T020,6940.906426065389,8911.116273042207,,,U03,existing
P1246_3_5,G2,C_aircraft,G2-C_aircraft-01,T010_1,0.0,1823.224406150507,T018,3933.865551765618,NEW-C_aircraft-01,procurement_required
P1246_3_5,G2,C_aircraft,G2-C_aircraft-01,T018,5757.089957916125,8192.899478773774,,,NEW-C_aircraft-01,procurement_required
P1246_3_5,G2,A_batteries,G2-A_batteries-01,T002_1,0.0,2667.5322461730734,T016,1690.3331827833913,A02,existing
P1246_3_5,G2,A_batteries,G2-A_batteries-01,T016,4357.865428956465,7189.599845781131,T019_1,499.78199251226124,A02,existing
P1246_3_5,G2,A_batteries,G2-A_batteries-01,T019_1,7689.381838293392,10409.758236602142,,,A02,existing
P1246_3_5,G2,A_batteries,G2-A_batteries-02,T014_1,0.0,2810.952429148163,T007,1521.9129998083026,A03,existing
P1246_3_5,G2,A_batteries,G2-A_batteries-02,T007,4332.865428956466,8394.169789148978,,,A03,existing
P1246_3_5,G2,A_batteries,G2-A_batteries-03,T023,6053.623633624929,8794.320358969193,,,A04,existing
P1246_3_5,G2,A_batteries,G2-A_batteries-04,T020,6940.906426065389,10151.116923729283,,,A05,existing
P1246_3_5,G2,C_batteries,G2-C_batteries-01,T010_1,0.0,3563.4170832737245,T018,2193.6728746424005,NEW-C_batteries-01,procurement_required
P1246_3_5,G2,C_batteries,G2-C_batteries-01,T018,5757.089957916125,10691.253758748288,,,NEW-C_batteries-01,procurement_required
P1246_3_5,G2,relay_aircraft,G2-relay_aircraft-01,R001,162.1373190294086,2129.297638856331,R002,2462.7051091295434,R02,existing
P1246_3_5,G2,relay_aircraft,G2-relay_aircraft-01,R002,4592.0027479858745,9578.679477149724,,,R02,existing
P1246_3_5,G2,relay_components,G2-relay_components-01,R001,162.1373190294086,2493.9201725268517,R002,2098.082575459023,RE02,existing
P1246_3_5,G2,relay_components,G2-relay_components-01,R002,4592.0027479858745,10318.120453993146,,,RE02,existing
P1246_3_5,G3,A_aircraft,G3-A_aircraft-01,T011,2058.1153733026395,4188.754462062222,,,U04,existing
P1246_3_5,G3,A_aircraft,G3-A_aircraft-02,T002_2,2212.8691163260855,3815.461852306258,T017,3953.9901172072023,NEW-A_aircraft-01,procurement_required
P1246_3_5,G3,A_aircraft,G3-A_aircraft-02,T017,7769.45196951346,10113.299044225432,,,NEW-A_aircraft-01,procurement_required
P1246_3_5,G3,B_aircraft,G3-B_aircraft-01,T015,2097.1153733026395,3651.686732430321,,,NEW-B_aircraft-01,procurement_required
P1246_3_5,G3,B_aircraft,G3-B_aircraft-02,T008,2348.76072154738,4193.299611702947,,,NEW-B_aircraft-02,procurement_required
P1246_3_5,G3,A_batteries,G3-A_batteries-01,T011,2058.1153733026395,5546.539457030654,,,A06,existing
P1246_3_5,G3,A_batteries,G3-A_batteries-02,T002_2,2212.8691163260855,4879.929014022942,T017,2889.522955490518,NEW-A_batteries-01,procurement_required
P1246_3_5,G3,A_batteries,G3-A_batteries-02,T017,7769.45196951346,11476.863027475007,,,NEW-A_batteries-01,procurement_required
P1246_3_5,G3,B_batteries,G3-B_batteries-01,T015,2097.1153733026395,5107.472874353213,,,B04,existing
P1246_3_5,G3,B_batteries,G3-B_batteries-02,T008,2348.76072154738,5781.961574782329,,,NEW-B_batteries-01,procurement_required
P1246_3_5,G3,relay_aircraft,G3-relay_aircraft-01,R005,2134.2977388563304,4587.002647985877,R006,3268.6316870812743,NEW-relay_aircraft-01,procurement_required
P1246_3_5,G3,relay_aircraft,G3-relay_aircraft-01,R006,7855.634335067151,10510.693895951956,,,NEW-relay_aircraft-01,procurement_required
P1246_3_5,G3,relay_components,G3-relay_components-01,R005,2134.2977388563304,5015.591855407197,R006,2840.0424796599546,RE03,existing
P1246_3_5,G3,relay_components,G3-relay_components-01,R006,7855.634335067151,10964.401779763033,,,RE03,existing
P124_36_5,G1,A_aircraft,G1-A_aircraft-01,T009,0.0,1316.0142144169886,,,U01,existing
P124_36_5,G1,B_aircraft,G1-B_aircraft-01,T005,0.0,1210.3573074816584,T021,2446.3295249486637,U05,existing
P124_36_5,G1,B_aircraft,G1-B_aircraft-01,T021,3656.6868324303223,5554.728103917317,T022,4158.765374611327,U05,existing
P124_36_5,G1,B_aircraft,G1-B_aircraft-01,T022,9713.493478528644,11214.272215143501,,,U05,existing
P124_36_5,G1,B_aircraft,G1-B_aircraft-02,T013,2.631913957884535e-07,1958.0412717501863,T014_2,3601.6869321671297,U06,existing
P124_36_5,G1,B_aircraft,G1-B_aircraft-02,T014_2,5559.728203917316,7425.499213465236,,,U06,existing
P124_36_5,G1,C_aircraft,G1-C_aircraft-01,T003,0.0,1429.4261775174655,T004,5.000099999999975,U07,existing
P124_36_5,G1,C_aircraft,G1-C_aircraft-01,T004,1434.4262775174655,3604.9947859277245,T012,5.000100000002021,U07,existing
P124_36_5,G1,C_aircraft,G1-C_aircraft-01,T012,3609.9948859277265,5725.07652720618,,,U07,existing
P124_36_5,G1,C_aircraft,G1-C_aircraft-02,T010_2,1828.2245061505073,3261.2595890284992,T001,5.000100000000202,U08,existing
P124_36_5,G1,C_aircraft,G1-C_aircraft-02,T001,3266.2596890284995,4827.685866545965,T019_2,5.000099999999293,U08,existing
P124_36_5,G1,C_aircraft,G1-C_aircraft-02,T019_2,4832.685966545964,7071.870031513806,,,U08,existing
P124_36_5,G1,A_batteries,G1-A_batteries-01,T009,0.0,2207.8690163260853,,,A01,existing
P124_36_5,G1,B_batteries,G1-B_batteries-01,T005,0.0,2343.7606215473797,T021,1312.9262108829425,B01,existing
P124_36_5,G1,B_batteries,G1-B_batteries-01,T021,3656.6868324303223,7421.910255834926,T022,2291.583222693718,B01,existing
P124_36_5,G1,B_batteries,G1-B_batteries-01,T022,9713.493478528644,12750.274657105232,,,B01,existing
P124_36_5,G1,B_batteries,G1-B_batteries-02,T013,2.631913957884535e-07,3917.286899235777,T014_2,1642.441304681539,B02,existing
P124_36_5,G1,B_batteries,G1-B_batteries-02,T014_2,5559.728203917316,9106.026402123385,,,B02,existing
P124_36_5,G1,C_batteries,G1-C_batteries-01,T003,0.0,2947.606630665684,T001,318.6530583628155,C01,existing
P124_36_5,G1,C_batteries,G1-C_batteries-01,T001,3266.2596890284995,6416.352542791451,,,C01,existing
P124_36_5,G1,C_batteries,G1-C_batteries-02,T004,1434.4262775174655,5752.089857916125,,,C02,existing
P124_36_5,G1,C_batteries,G1-C_batteries-03,T010_2,1828.2245061505073,4709.032782226957,T019_2,123.65318431900687,C03,existing
P124_36_5,G1,C_batteries,G1-C_batteries-03,T019_2,4832.685966545964,9540.547812933855,,,C03,existing
P124_36_5,G1,C_batteries,G1-C_batteries-04,T012,3609.9948859277265,8217.742244657848,,,C04,existing
P124_36_5,G1,relay_aircraft,G1-relay_aircraft-01,R003,5.186098884268291,7850.634235067152,R004,1733.0453420825716,R01,existing
P124_36_5,G1,relay_aircraft,G1-relay_aircraft-01,R004,9583.679577149724,11813.399509678484,,,R01,existing
P124_36_5,G1,relay_components,G1-relay_components-01,R003,5.186098884268291,8956.255878782365,R004,627.4236983673582,RE01,existing
P124_36_5,G1,relay_components,G1-relay_components-01,R004,9583.679577149724,12221.929892002603,,,RE01,existing
P124_36_5,G2,A_aircraft,G2-A_aircraft-01,T002_1,0.0,1652.4416357195464,T016,2705.4237932369183,U02,existing
P124_36_5,G2,A_aircraft,G2-A_aircraft-01,T016,4357.865428956465,6053.623533624929,T023,0.00010000000020227162,U02,existing
P124_36_5,G2,A_aircraft,G2-A_aircraft-01,T023,6053.623633624929,7689.381738293394,T019_1,9.999999838328222e-05,U02,existing
P124_36_5,G2,A_aircraft,G2-A_aircraft-01,T019_1,7689.381838293392,9325.139942961858,,,U02,existing
P124_36_5,G2,A_aircraft,G2-A_aircraft-02,T014_1,0.0,1695.7581046684645,T007,2637.107324288001,U03,existing
P124_36_5,G2,A_aircraft,G2-A_aircraft-02,T007,4332.865428956466,6940.9063260653875,T020,0.00010000000111176632,U03,existing
P124_36_5,G2,A_aircraft,G2-A_aircraft-02,T020,6940.906426065389,8911.116273042207,,,U03,existing
P124_36_5,G2,B_aircraft,G2-B_aircraft-01,T006,5112.4729743532125,6302.1032600896515,,,NEW-B_aircraft-01,procurement_required
P124_36_5,G2,C_aircraft,G2-C_aircraft-01,T010_1,0.0,1823.224406150507,T018,3933.865551765618,NEW-C_aircraft-01,procurement_required
P124_36_5,G2,C_aircraft,G2-C_aircraft-01,T018,5757.089957916125,8192.899478773774,,,NEW-C_aircraft-01,procurement_required
P124_36_5,G2,A_batteries,G2-A_batteries-01,T002_1,0.0,2667.5322461730734,T016,1690.3331827833913,A02,existing
P124_36_5,G2,A_batteries,G2-A_batteries-01,T016,4357.865428956465,7189.599845781131,T019_1,499.78199251226124,A02,existing
P124_36_5,G2,A_batteries,G2-A_batteries-01,T019_1,7689.381838293392,10409.758236602142,,,A02,existing
P124_36_5,G2,A_batteries,G2-A_batteries-02,T014_1,0.0,2810.952429148163,T007,1521.9129998083026,A03,existing
P124_36_5,G2,A_batteries,G2-A_batteries-02,T007,4332.865428956466,8394.169789148978,,,A03,existing
P124_36_5,G2,A_batteries,G2-A_batteries-03,T023,6053.623633624929,8794.320358969193,,,A04,existing
P124_36_5,G2,A_batteries,G2-A_batteries-04,T020,6940.906426065389,10151.116923729283,,,A05,existing
P124_36_5,G2,B_batteries,G2-B_batteries-01,T006,5112.4729743532125,7435.544137052532,,,B03,existing
P124_36_5,G2,C_batteries,G2-C_batteries-01,T010_1,0.0,3563.4170832737245,T018,2193.6728746424005,NEW-C_batteries-01,procurement_required
P124_36_5,G2,C_batteries,G2-C_batteries-01,T018,5757.089957916125,10691.253758748288,,,NEW-C_batteries-01,procurement_required
P124_36_5,G2,relay_aircraft,G2-relay_aircraft-01,R001,162.1373190294086,2129.297638856331,R002,2462.7051091295434,R02,existing
P124_36_5,G2,relay_aircraft,G2-relay_aircraft-01,R002,4592.0027479858745,9578.679477149724,,,R02,existing
P124_36_5,G2,relay_components,G2-relay_components-01,R001,162.1373190294086,2493.9201725268517,R002,2098.082575459023,RE02,existing
P124_36_5,G2,relay_components,G2-relay_components-01,R002,4592.0027479858745,10318.120453993146,,,RE02,existing
P124_36_5,G3,A_aircraft,G3-A_aircraft-01,T011,2058.1153733026395,4188.754462062222,,,U04,existing
P124_36_5,G3,A_aircraft,G3-A_aircraft-02,T002_2,2212.8691163260855,3815.461852306258,T017,3953.9901172072023,NEW-A_aircraft-01,procurement_required
P124_36_5,G3,A_aircraft,G3-A_aircraft-02,T017,7769.45196951346,10113.299044225432,,,NEW-A_aircraft-01,procurement_required
P124_36_5,G3,B_aircraft,G3-B_aircraft-01,T015,2097.1153733026395,3651.686732430321,,,NEW-B_aircraft-02,procurement_required
P124_36_5,G3,B_aircraft,G3-B_aircraft-02,T008,2348.76072154738,4193.299611702947,,,NEW-B_aircraft-03,procurement_required
P124_36_5,G3,A_batteries,G3-A_batteries-01,T011,2058.1153733026395,5546.539457030654,,,A06,existing
P124_36_5,G3,A_batteries,G3-A_batteries-02,T002_2,2212.8691163260855,4879.929014022942,T017,2889.522955490518,NEW-A_batteries-01,procurement_required
P124_36_5,G3,A_batteries,G3-A_batteries-02,T017,7769.45196951346,11476.863027475007,,,NEW-A_batteries-01,procurement_required
P124_36_5,G3,B_batteries,G3-B_batteries-01,T015,2097.1153733026395,5107.472874353213,,,B04,existing
P124_36_5,G3,B_batteries,G3-B_batteries-02,T008,2348.76072154738,5781.961574782329,,,NEW-B_batteries-01,procurement_required
P124_36_5,G3,relay_aircraft,G3-relay_aircraft-01,R005,2134.2977388563304,4587.002647985877,R006,3268.6316870812743,NEW-relay_aircraft-01,procurement_required
P124_36_5,G3,relay_aircraft,G3-relay_aircraft-01,R006,7855.634335067151,10510.693895951956,,,NEW-relay_aircraft-01,procurement_required
P124_36_5,G3,relay_components,G3-relay_components-01,R005,2134.2977388563304,5015.591855407197,R006,2840.0424796599546,RE03,existing
P124_36_5,G3,relay_components,G3-relay_components-01,R006,7855.634335067151,10964.401779763033,,,RE03,existing
P124_3_56,G1,A_aircraft,G1-A_aircraft-01,T009,0.0,1316.0142144169886,,,U01,existing
P124_3_56,G1,B_aircraft,G1-B_aircraft-01,T005,0.0,1210.3573074816584,T021,2446.3295249486637,U05,existing
P124_3_56,G1,B_aircraft,G1-B_aircraft-01,T021,3656.6868324303223,5554.728103917317,T022,4158.765374611327,U05,existing
P124_3_56,G1,B_aircraft,G1-B_aircraft-01,T022,9713.493478528644,11214.272215143501,,,U05,existing
P124_3_56,G1,B_aircraft,G1-B_aircraft-02,T013,2.631913957884535e-07,1958.0412717501863,T014_2,3601.6869321671297,U06,existing
P124_3_56,G1,B_aircraft,G1-B_aircraft-02,T014_2,5559.728203917316,7425.499213465236,,,U06,existing
P124_3_56,G1,C_aircraft,G1-C_aircraft-01,T003,0.0,1429.4261775174655,T004,5.000099999999975,U07,existing
P124_3_56,G1,C_aircraft,G1-C_aircraft-01,T004,1434.4262775174655,3604.9947859277245,T012,5.000100000002021,U07,existing
P124_3_56,G1,C_aircraft,G1-C_aircraft-01,T012,3609.9948859277265,5725.07652720618,,,U07,existing
P124_3_56,G1,C_aircraft,G1-C_aircraft-02,T010_2,1828.2245061505073,3261.2595890284992,T001,5.000100000000202,U08,existing
P124_3_56,G1,C_aircraft,G1-C_aircraft-02,T001,3266.2596890284995,4827.685866545965,T019_2,5.000099999999293,U08,existing
P124_3_56,G1,C_aircraft,G1-C_aircraft-02,T019_2,4832.685966545964,7071.870031513806,,,U08,existing
P124_3_56,G1,A_batteries,G1-A_batteries-01,T009,0.0,2207.8690163260853,,,A01,existing
P124_3_56,G1,B_batteries,G1-B_batteries-01,T005,0.0,2343.7606215473797,T021,1312.9262108829425,B01,existing
P124_3_56,G1,B_batteries,G1-B_batteries-01,T021,3656.6868324303223,7421.910255834926,T022,2291.583222693718,B01,existing
P124_3_56,G1,B_batteries,G1-B_batteries-01,T022,9713.493478528644,12750.274657105232,,,B01,existing
P124_3_56,G1,B_batteries,G1-B_batteries-02,T013,2.631913957884535e-07,3917.286899235777,T014_2,1642.441304681539,B02,existing
P124_3_56,G1,B_batteries,G1-B_batteries-02,T014_2,5559.728203917316,9106.026402123385,,,B02,existing
P124_3_56,G1,C_batteries,G1-C_batteries-01,T003,0.0,2947.606630665684,T001,318.6530583628155,C01,existing
P124_3_56,G1,C_batteries,G1-C_batteries-01,T001,3266.2596890284995,6416.352542791451,,,C01,existing
P124_3_56,G1,C_batteries,G1-C_batteries-02,T004,1434.4262775174655,5752.089857916125,,,C02,existing
P124_3_56,G1,C_batteries,G1-C_batteries-03,T010_2,1828.2245061505073,4709.032782226957,T019_2,123.65318431900687,C03,existing
P124_3_56,G1,C_batteries,G1-C_batteries-03,T019_2,4832.685966545964,9540.547812933855,,,C03,existing
P124_3_56,G1,C_batteries,G1-C_batteries-04,T012,3609.9948859277265,8217.742244657848,,,C04,existing
P124_3_56,G1,relay_aircraft,G1-relay_aircraft-01,R003,5.186098884268291,7850.634235067152,R004,1733.0453420825716,R01,existing
P124_3_56,G1,relay_aircraft,G1-relay_aircraft-01,R004,9583.679577149724,11813.399509678484,,,R01,existing
P124_3_56,G1,relay_components,G1-relay_components-01,R003,5.186098884268291,8956.255878782365,R004,627.4236983673582,RE01,existing
P124_3_56,G1,relay_components,G1-relay_components-01,R004,9583.679577149724,12221.929892002603,,,RE01,existing
P124_3_56,G2,A_aircraft,G2-A_aircraft-01,T002_1,0.0,1652.4416357195464,T016,2705.4237932369183,U02,existing
P124_3_56,G2,A_aircraft,G2-A_aircraft-01,T016,4357.865428956465,6053.623533624929,T023,0.00010000000020227162,U02,existing
P124_3_56,G2,A_aircraft,G2-A_aircraft-01,T023,6053.623633624929,7689.381738293394,T019_1,9.999999838328222e-05,U02,existing
P124_3_56,G2,A_aircraft,G2-A_aircraft-01,T019_1,7689.381838293392,9325.139942961858,,,U02,existing
P124_3_56,G2,A_aircraft,G2-A_aircraft-02,T014_1,0.0,1695.7581046684645,T007,2637.107324288001,U03,existing
P124_3_56,G2,A_aircraft,G2-A_aircraft-02,T007,4332.865428956466,6940.9063260653875,T020,0.00010000000111176632,U03,existing
P124_3_56,G2,A_aircraft,G2-A_aircraft-02,T020,6940.906426065389,8911.116273042207,,,U03,existing
P124_3_56,G2,C_aircraft,G2-C_aircraft-01,T010_1,0.0,1823.224406150507,T018,3933.865551765618,NEW-C_aircraft-01,procurement_required
P124_3_56,G2,C_aircraft,G2-C_aircraft-01,T018,5757.089957916125,8192.899478773774,,,NEW-C_aircraft-01,procurement_required
P124_3_56,G2,A_batteries,G2-A_batteries-01,T002_1,0.0,2667.5322461730734,T016,1690.3331827833913,A02,existing
P124_3_56,G2,A_batteries,G2-A_batteries-01,T016,4357.865428956465,7189.599845781131,T019_1,499.78199251226124,A02,existing
P124_3_56,G2,A_batteries,G2-A_batteries-01,T019_1,7689.381838293392,10409.758236602142,,,A02,existing
P124_3_56,G2,A_batteries,G2-A_batteries-02,T014_1,0.0,2810.952429148163,T007,1521.9129998083026,A03,existing
P124_3_56,G2,A_batteries,G2-A_batteries-02,T007,4332.865428956466,8394.169789148978,,,A03,existing
P124_3_56,G2,A_batteries,G2-A_batteries-03,T023,6053.623633624929,8794.320358969193,,,A04,existing
P124_3_56,G2,A_batteries,G2-A_batteries-04,T020,6940.906426065389,10151.116923729283,,,A05,existing
P124_3_56,G2,C_batteries,G2-C_batteries-01,T010_1,0.0,3563.4170832737245,T018,2193.6728746424005,NEW-C_batteries-01,procurement_required
P124_3_56,G2,C_batteries,G2-C_batteries-01,T018,5757.089957916125,10691.253758748288,,,NEW-C_batteries-01,procurement_required
P124_3_56,G2,relay_aircraft,G2-relay_aircraft-01,R001,162.1373190294086,2129.297638856331,R002,2462.7051091295434,R02,existing
P124_3_56,G2,relay_aircraft,G2-relay_aircraft-01,R002,4592.0027479858745,9578.679477149724,,,R02,existing
P124_3_56,G2,relay_components,G2-relay_components-01,R001,162.1373190294086,2493.9201725268517,R002,2098.082575459023,RE02,existing
P124_3_56,G2,relay_components,G2-relay_components-01,R002,4592.0027479858745,10318.120453993146,,,RE02,existing
P124_3_56,G3,A_aircraft,G3-A_aircraft-01,T011,2058.1153733026395,4188.754462062222,,,U04,existing
P124_3_56,G3,A_aircraft,G3-A_aircraft-02,T002_2,2212.8691163260855,3815.461852306258,T017,3953.9901172072023,NEW-A_aircraft-01,procurement_required
P124_3_56,G3,A_aircraft,G3-A_aircraft-02,T017,7769.45196951346,10113.299044225432,,,NEW-A_aircraft-01,procurement_required
P124_3_56,G3,B_aircraft,G3-B_aircraft-01,T015,2097.1153733026395,3651.686732430321,T006,1460.7862419228913,NEW-B_aircraft-01,procurement_required
P124_3_56,G3,B_aircraft,G3-B_aircraft-01,T006,5112.4729743532125,6302.1032600896515,,,NEW-B_aircraft-01,procurement_required
P124_3_56,G3,B_aircraft,G3-B_aircraft-02,T008,2348.76072154738,4193.299611702947,,,NEW-B_aircraft-02,procurement_required
P124_3_56,G3,A_batteries,G3-A_batteries-01,T011,2058.1153733026395,5546.539457030654,,,A06,existing
P124_3_56,G3,A_batteries,G3-A_batteries-02,T002_2,2212.8691163260855,4879.929014022942,T017,2889.522955490518,NEW-A_batteries-01,procurement_required
P124_3_56,G3,A_batteries,G3-A_batteries-02,T017,7769.45196951346,11476.863027475007,,,NEW-A_batteries-01,procurement_required
P124_3_56,G3,B_batteries,G3-B_batteries-01,T015,2097.1153733026395,5107.472874353213,T006,5.000099999999293,B03,existing
P124_3_56,G3,B_batteries,G3-B_batteries-01,T006,5112.4729743532125,7435.544137052532,,,B03,existing
P124_3_56,G3,B_batteries,G3-B_batteries-02,T008,2348.76072154738,5781.961574782329,,,B04,existing
P124_3_56,G3,relay_aircraft,G3-relay_aircraft-01,R005,2134.2977388563304,4587.002647985877,R006,3268.6316870812743,NEW-relay_aircraft-01,procurement_required
P124_3_56,G3,relay_aircraft,G3-relay_aircraft-01,R006,7855.634335067151,10510.693895951956,,,NEW-relay_aircraft-01,procurement_required
P124_3_56,G3,relay_components,G3-relay_components-01,R005,2134.2977388563304,5015.591855407197,R006,2840.0424796599546,RE03,existing
P124_3_56,G3,relay_components,G3-relay_components-01,R006,7855.634335067151,10964.401779763033,,,RE03,existing
P125_34_6,G1,A_aircraft,G1-A_aircraft-01,T011,2058.1153733026395,4188.754462062222,,,U01,existing
P125_34_6,G1,A_aircraft,G1-A_aircraft-02,T002_2,2212.8691163260855,3815.461852306258,T017,3953.9901172072023,U02,existing
P125_34_6,G1,A_aircraft,G1-A_aircraft-02,T017,7769.45196951346,10113.299044225432,,,U02,existing
P125_34_6,G1,B_aircraft,G1-B_aircraft-01,T005,0.0,1210.3573074816584,T008,1138.4034140657216,U05,existing
P125_34_6,G1,B_aircraft,G1-B_aircraft-01,T008,2348.76072154738,4193.299611702947,T014_2,1366.428592214369,U05,existing
P125_34_6,G1,B_aircraft,G1-B_aircraft-01,T014_2,5559.728203917316,7425.499213465236,,,U05,existing
P125_34_6,G1,B_aircraft,G1-B_aircraft-02,T013,2.631913957884535e-07,1958.0412717501863,T015,139.07410155245316,U06,existing
P125_34_6,G1,B_aircraft,G1-B_aircraft-02,T015,2097.1153733026395,3651.686732430321,T021,5.000100000001112,U06,existing
P125_34_6,G1,B_aircraft,G1-B_aircraft-02,T021,3656.6868324303223,5554.728103917317,T022,4158.765374611327,U06,existing
P125_34_6,G1,B_aircraft,G1-B_aircraft-02,T022,9713.493478528644,11214.272215143501,,,U06,existing
P125_34_6,G1,C_aircraft,G1-C_aircraft-01,T003,0.0,1429.4261775174655,T004,5.000099999999975,U07,existing
P125_34_6,G1,C_aircraft,G1-C_aircraft-01,T004,1434.4262775174655,3604.9947859277245,T012,5.000100000002021,U07,existing
P125_34_6,G1,C_aircraft,G1-C_aircraft-01,T012,3609.9948859277265,5725.07652720618,,,U07,existing
P125_34_6,G1,C_aircraft,G1-C_aircraft-02,T001,3266.2596890284995,4827.685866545965,T019_2,5.000099999999293,U08,existing
P125_34_6,G1,C_aircraft,G1-C_aircraft-02,T019_2,4832.685966545964,7071.870031513806,,,U08,existing
P125_34_6,G1,A_batteries,G1-A_batteries-01,T011,2058.1153733026395,5546.539457030654,,,A01,existing
P125_34_6,G1,A_batteries,G1-A_batteries-02,T002_2,2212.8691163260855,4879.929014022942,T017,2889.522955490518,A02,existing
P125_34_6,G1,A_batteries,G1-A_batteries-02,T017,7769.45196951346,11476.863027475007,,,A02,existing
P125_34_6,G1,B_batteries,G1-B_batteries-01,T005,0.0,2343.7606215473797,T021,1312.9262108829425,B01,existing
P125_34_6,G1,B_batteries,G1-B_batteries-01,T021,3656.6868324303223,7421.910255834926,,,B01,existing
P125_34_6,G1,B_batteries,G1-B_batteries-02,T013,2.631913957884535e-07,3917.286899235777,T014_2,1642.441304681539,B02,existing
P125_34_6,G1,B_batteries,G1-B_batteries-02,T014_2,5559.728203917316,9106.026402123385,,,B02,existing
P125_34_6,G1,B_batteries,G1-B_batteries-03,T015,2097.1153733026395,5107.472874353213,T022,4606.020604175431,B03,existing
P125_34_6,G1,B_batteries,G1-B_batteries-03,T022,9713.493478528644,12750.274657105232,,,B03,existing
P125_34_6,G1,B_batteries,G1-B_batteries-04,T008,2348.76072154738,5781.961574782329,,,B04,existing
P125_34_6,G1,C_batteries,G1-C_batteries-01,T003,0.0,2947.606630665684,T019_2,1885.0793358802803,C01,existing
P125_34_6,G1,C_batteries,G1-C_batteries-01,T019_2,4832.685966545964,9540.547812933855,,,C01,existing
P125_34_6,G1,C_batteries,G1-C_batteries-02,T004,1434.4262775174655,5752.089857916125,,,C02,existing
P125_34_6,G1,C_batteries,G1-C_batteries-03,T001,3266.2596890284995,6416.352542791451,,,C03,existing
P125_34_6,G1,C_batteries,G1-C_batteries-04,T012,3609.9948859277265,8217.742244657848,,,C04,existing
P125_34_6,G1,relay_aircraft,G1-relay_aircraft-01,R003,5.186098884268291,7850.634235067152,R004,1733.0453420825716,R01,existing
P125_34_6,G1,relay_aircraft,G1-relay_aircraft-01,R004,9583.679577149724,11813.399509678484,,,R01,existing
P125_34_6,G1,relay_aircraft,G1-relay_aircraft-02,R005,2134.2977388563304,4587.002647985877,R006,3268.6316870812743,R02,existing
P125_34_6,G1,relay_aircraft,G1-relay_aircraft-02,R006,7855.634335067151,10510.693895951956,,,R02,existing
P125_34_6,G1,relay_components,G1-relay_components-01,R003,5.186098884268291,8956.255878782365,R004,627.4236983673582,RE01,existing
P125_34_6,G1,relay_components,G1-relay_components-01,R004,9583.679577149724,12221.929892002603,,,RE01,existing
P125_34_6,G1,relay_components,G1-relay_components-02,R005,2134.2977388563304,5015.591855407197,R006,2840.0424796599546,RE02,existing
P125_34_6,G1,relay_components,G1-relay_components-02,R006,7855.634335067151,10964.401779763033,,,RE02,existing
P125_34_6,G2,A_aircraft,G2-A_aircraft-01,T002_1,0.0,1652.4416357195464,T016,2705.4237932369183,U03,existing
P125_34_6,G2,A_aircraft,G2-A_aircraft-01,T016,4357.865428956465,6053.623533624929,T020,887.2828924404594,U03,existing
P125_34_6,G2,A_aircraft,G2-A_aircraft-01,T020,6940.906426065389,8911.116273042207,,,U03,existing
P125_34_6,G2,A_aircraft,G2-A_aircraft-02,T009,0.0,1316.0142144169886,T023,4737.609419207941,U04,existing
P125_34_6,G2,A_aircraft,G2-A_aircraft-02,T023,6053.623633624929,7689.381738293394,,,U04,existing
P125_34_6,G2,A_aircraft,G2-A_aircraft-03,T014_1,0.0,1695.7581046684645,T007,2637.107324288001,NEW-A_aircraft-01,procurement_required
P125_34_6,G2,A_aircraft,G2-A_aircraft-03,T007,4332.865428956466,6940.9063260653875,T019_1,748.4755122280048,NEW-A_aircraft-01,procurement_required
P125_34_6,G2,A_aircraft,G2-A_aircraft-03,T019_1,7689.381838293392,9325.139942961858,,,NEW-A_aircraft-01,procurement_required
P125_34_6,G2,C_aircraft,G2-C_aircraft-01,T010_1,0.0,1823.224406150507,T010_2,5.000100000000202,NEW-C_aircraft-01,procurement_required
P125_34_6,G2,C_aircraft,G2-C_aircraft-01,T010_2,1828.2245061505073,3261.2595890284992,T018,2495.830368887626,NEW-C_aircraft-01,procurement_required
P125_34_6,G2,C_aircraft,G2-C_aircraft-01,T018,5757.089957916125,8192.899478773774,,,NEW-C_aircraft-01,procurement_required
P125_34_6,G2,A_batteries,G2-A_batteries-01,T002_1,0.0,2667.5322461730734,T016,1690.3331827833913,A03,existing
P125_34_6,G2,A_batteries,G2-A_batteries-01,T016,4357.865428956465,7189.599845781131,T019_1,499.78199251226124,A03,existing
P125_34_6,G2,A_batteries,G2-A_batteries-01,T019_1,7689.381838293392,10409.758236602142,,,A03,existing
P125_34_6,G2,A_batteries,G2-A_batteries-02,T009,0.0,2207.8690163260853,T023,3845.754617298844,A04,existing
P125_34_6,G2,A_batteries,G2-A_batteries-02,T023,6053.623633624929,8794.320358969193,,,A04,existing
P125_34_6,G2,A_batteries,G2-A_batteries-03,T014_1,0.0,2810.952429148163,T007,1521.9129998083026,A05,existing
P125_34_6,G2,A_batteries,G2-A_batteries-03,T007,4332.865428956466,8394.169789148978,,,A05,existing
P125_34_6,G2,A_batteries,G2-A_batteries-04,T020,6940.906426065389,10151.116923729283,,,A06,existing
P125_34_6,G2,C_batteries,G2-C_batteries-01,T010_1,0.0,3563.4170832737245,T018,2193.6728746424005,NEW-C_batteries-01,procurement_required
P125_34_6,G2,C_batteries,G2-C_batteries-01,T018,5757.089957916125,10691.253758748288,,,NEW-C_batteries-01,procurement_required
P125_34_6,G2,C_batteries,G2-C_batteries-02,T010_2,1828.2245061505073,4709.032782226957,,,NEW-C_batteries-02,procurement_required
P125_34_6,G2,relay_aircraft,G2-relay_aircraft-01,R001,162.1373190294086,2129.297638856331,R002,2462.7051091295434,NEW-relay_aircraft-01,procurement_required
P125_34_6,G2,relay_aircraft,G2-relay_aircraft-01,R002,4592.0027479858745,9578.679477149724,,,NEW-relay_aircraft-01,procurement_required
P125_34_6,G2,relay_components,G2-relay_components-01,R001,162.1373190294086,2493.9201725268517,R002,2098.082575459023,RE03,existing
P125_34_6,G2,relay_components,G2-relay_components-01,R002,4592.0027479858745,10318.120453993146,,,RE03,existing
P125_34_6,G3,B_aircraft,G3-B_aircraft-01,T006,5112.4729743532125,6302.1032600896515,,,NEW-B_aircraft-01,procurement_required
P125_34_6,G3,B_batteries,G3-B_batteries-01,T006,5112.4729743532125,7435.544137052532,,,NEW-B_batteries-01,procurement_required
P12_345_6,G1,B_aircraft,G1-B_aircraft-01,T005,0.0,1210.3573074816584,T021,2446.3295249486637,U05,existing
P12_345_6,G1,B_aircraft,G1-B_aircraft-01,T021,3656.6868324303223,5554.728103917317,T022,4158.765374611327,U05,existing
P12_345_6,G1,B_aircraft,G1-B_aircraft-01,T022,9713.493478528644,11214.272215143501,,,U05,existing
P12_345_6,G1,B_aircraft,G1-B_aircraft-02,T013,2.631913957884535e-07,1958.0412717501863,T014_2,3601.6869321671297,U06,existing
P12_345_6,G1,B_aircraft,G1-B_aircraft-02,T014_2,5559.728203917316,7425.499213465236,,,U06,existing
P12_345_6,G1,C_aircraft,G1-C_aircraft-01,T003,0.0,1429.4261775174655,T004,5.000099999999975,U07,existing
P12_345_6,G1,C_aircraft,G1-C_aircraft-01,T004,1434.4262775174655,3604.9947859277245,T012,5.000100000002021,U07,existing
P12_345_6,G1,C_aircraft,G1-C_aircraft-01,T012,3609.9948859277265,5725.07652720618,,,U07,existing
P12_345_6,G1,C_aircraft,G1-C_aircraft-02,T001,3266.2596890284995,4827.685866545965,T019_2,5.000099999999293,U08,existing
P12_345_6,G1,C_aircraft,G1-C_aircraft-02,T019_2,4832.685966545964,7071.870031513806,,,U08,existing
P12_345_6,G1,B_batteries,G1-B_batteries-01,T005,0.0,2343.7606215473797,T021,1312.9262108829425,B01,existing
P12_345_6,G1,B_batteries,G1-B_batteries-01,T021,3656.6868324303223,7421.910255834926,T022,2291.583222693718,B01,existing
P12_345_6,G1,B_batteries,G1-B_batteries-01,T022,9713.493478528644,12750.274657105232,,,B01,existing
P12_345_6,G1,B_batteries,G1-B_batteries-02,T013,2.631913957884535e-07,3917.286899235777,T014_2,1642.441304681539,B02,existing
P12_345_6,G1,B_batteries,G1-B_batteries-02,T014_2,5559.728203917316,9106.026402123385,,,B02,existing
P12_345_6,G1,C_batteries,G1-C_batteries-01,T003,0.0,2947.606630665684,T019_2,1885.0793358802803,C01,existing
P12_345_6,G1,C_batteries,G1-C_batteries-01,T019_2,4832.685966545964,9540.547812933855,,,C01,existing
P12_345_6,G1,C_batteries,G1-C_batteries-02,T004,1434.4262775174655,5752.089857916125,,,C02,existing
P12_345_6,G1,C_batteries,G1-C_batteries-03,T001,3266.2596890284995,6416.352542791451,,,C03,existing
P12_345_6,G1,C_batteries,G1-C_batteries-04,T012,3609.9948859277265,8217.742244657848,,,C04,existing
P12_345_6,G1,relay_aircraft,G1-relay_aircraft-01,R003,5.186098884268291,7850.634235067152,R004,1733.0453420825716,R01,existing
P12_345_6,G1,relay_aircraft,G1-relay_aircraft-01,R004,9583.679577149724,11813.399509678484,,,R01,existing
P12_345_6,G1,relay_components,G1-relay_components-01,R003,5.186098884268291,8956.255878782365,R004,627.4236983673582,RE01,existing
P12_345_6,G1,relay_components,G1-relay_components-01,R004,9583.679577149724,12221.929892002603,,,RE01,existing
P12_345_6,G2,A_aircraft,G2-A_aircraft-01,T002_1,0.0,1652.4416357195464,T011,405.67373758309304,U01,existing
P12_345_6,G2,A_aircraft,G2-A_aircraft-01,T011,2058.1153733026395,4188.754462062222,T007,144.11096689424357,U01,existing
P12_345_6,G2,A_aircraft,G2-A_aircraft-01,T007,4332.865428956466,6940.9063260653875,T019_1,748.4755122280048,U01,existing
P12_345_6,G2,A_aircraft,G2-A_aircraft-01,T019_1,7689.381838293392,9325.139942961858,,,U01,existing
P12_345_6,G2,A_aircraft,G2-A_aircraft-02,T009,0.0,1316.0142144169886,T002_2,896.854901909097,U02,existing
P12_345_6,G2,A_aircraft,G2-A_aircraft-02,T002_2,2212.8691163260855,3815.461852306258,T016,542.4035766502066,U02,existing
P12_345_6,G2,A_aircraft,G2-A_aircraft-02,T016,4357.865428956465,6053.623533624929,T020,887.2828924404594,U02,existing
P12_345_6,G2,A_aircraft,G2-A_aircraft-02,T020,6940.906426065389,8911.116273042207,,,U02,existing
P12_345_6,G2,A_aircraft,G2-A_aircraft-03,T014_1,0.0,1695.7581046684645,T023,4357.865528956465,U03,existing
P12_345_6,G2,A_aircraft,G2-A_aircraft-03,T023,6053.623633624929,7689.381738293394,T017,80.07023122006649,U03,existing
P12_345_6,G2,A_aircraft,G2-A_aircraft-03,T017,7769.45196951346,10113.299044225432,,,U03,existing
P12_345_6,G2,B_aircraft,G2-B_aircraft-01,T015,2097.1153733026395,3651.686732430321,,,NEW-B_aircraft-01,procurement_required
P12_345_6,G2,B_aircraft,G2-B_aircraft-02,T008,2348.76072154738,4193.299611702947,,,NEW-B_aircraft-02,procurement_required
P12_345_6,G2,C_aircraft,G2-C_aircraft-01,T010_1,0.0,1823.224406150507,T010_2,5.000100000000202,NEW-C_aircraft-01,procurement_required
P12_345_6,G2,C_aircraft,G2-C_aircraft-01,T010_2,1828.2245061505073,3261.2595890284992,T018,2495.830368887626,NEW-C_aircraft-01,procurement_required
P12_345_6,G2,C_aircraft,G2-C_aircraft-01,T018,5757.089957916125,8192.899478773774,,,NEW-C_aircraft-01,procurement_required
P12_345_6,G2,A_batteries,G2-A_batteries-01,T002_1,0.0,2667.5322461730734,T007,1665.3331827833922,A01,existing
P12_345_6,G2,A_batteries,G2-A_batteries-01,T007,4332.865428956466,8394.169789148978,,,A01,existing
P12_345_6,G2,A_batteries,G2-A_batteries-02,T009,0.0,2207.8690163260853,T016,2149.9964126303794,A02,existing
P12_345_6,G2,A_batteries,G2-A_batteries-02,T016,4357.865428956465,7189.599845781131,T017,579.8521237323293,A02,existing
P12_345_6,G2,A_batteries,G2-A_batteries-02,T017,7769.45196951346,11476.863027475007,,,A02,existing
P12_345_6,G2,A_batteries,G2-A_batteries-03,T014_1,0.0,2810.952429148163,T023,3242.6712044767664,A03,existing
P12_345_6,G2,A_batteries,G2-A_batteries-03,T023,6053.623633624929,8794.320358969193,,,A03,existing
P12_345_6,G2,A_batteries,G2-A_batteries-04,T011,2058.1153733026395,5546.539457030654,T020,1394.3669690347342,A04,existing
P12_345_6,G2,A_batteries,G2-A_batteries-04,T020,6940.906426065389,10151.116923729283,,,A04,existing
P12_345_6,G2,A_batteries,G2-A_batteries-05,T002_2,2212.8691163260855,4879.929014022942,T019_1,2809.45282427045,A05,existing
P12_345_6,G2,A_batteries,G2-A_batteries-05,T019_1,7689.381838293392,10409.758236602142,,,A05,existing
P12_345_6,G2,B_batteries,G2-B_batteries-01,T015,2097.1153733026395,5107.472874353213,,,B03,existing
P12_345_6,G2,B_batteries,G2-B_batteries-02,T008,2348.76072154738,5781.961574782329,,,B04,existing
P12_345_6,G2,C_batteries,G2-C_batteries-01,T010_1,0.0,3563.4170832737245,T018,2193.6728746424005,NEW-C_batteries-01,procurement_required
P12_345_6,G2,C_batteries,G2-C_batteries-01,T018,5757.089957916125,10691.253758748288,,,NEW-C_batteries-01,procurement_required
P12_345_6,G2,C_batteries,G2-C_batteries-02,T010_2,1828.2245061505073,4709.032782226957,,,NEW-C_batteries-02,procurement_required
P12_345_6,G2,relay_aircraft,G2-relay_aircraft-01,R001,162.1373190294086,2129.297638856331,R002,2462.7051091295434,R02,existing
P12_345_6,G2,relay_aircraft,G2-relay_aircraft-01,R002,4592.0027479858745,9578.679477149724,,,R02,existing
P12_345_6,G2,relay_aircraft,G2-relay_aircraft-02,R005,2134.2977388563304,4587.002647985877,R006,3268.6316870812743,NEW-relay_aircraft-01,procurement_required
P12_345_6,G2,relay_aircraft,G2-relay_aircraft-02,R006,7855.634335067151,10510.693895951956,,,NEW-relay_aircraft-01,procurement_required
P12_345_6,G2,relay_components,G2-relay_components-01,R001,162.1373190294086,2493.9201725268517,R002,2098.082575459023,RE02,existing
P12_345_6,G2,relay_components,G2-relay_components-01,R002,4592.0027479858745,10318.120453993146,,,RE02,existing
P12_345_6,G2,relay_components,G2-relay_components-02,R005,2134.2977388563304,5015.591855407197,R006,2840.0424796599546,RE03,existing
P12_345_6,G2,relay_components,G2-relay_components-02,R006,7855.634335067151,10964.401779763033,,,RE03,existing
P12_345_6,G3,B_aircraft,G3-B_aircraft-01,T006,5112.4729743532125,6302.1032600896515,,,NEW-B_aircraft-03,procurement_required
P12_345_6,G3,B_batteries,G3-B_batteries-01,T006,5112.4729743532125,7435.544137052532,,,NEW-B_batteries-01,procurement_required
P126_34_5,G1,B_aircraft,G1-B_aircraft-01,T005,0.0,1210.3573074816584,T006,3902.115666871554,U05,existing
P126_34_5,G1,B_aircraft,G1-B_aircraft-01,T006,5112.4729743532125,6302.1032600896515,T022,3411.3902184389926,U05,existing
P126_34_5,G1,B_aircraft,G1-B_aircraft-01,T022,9713.493478528644,11214.272215143501,,,U05,existing
P126_34_5,G1,B_aircraft,G1-B_aircraft-02,T013,2.631913957884535e-07,1958.0412717501863,T021,1698.645560680136,U06,existing
P126_34_5,G1,B_aircraft,G1-B_aircraft-02,T021,3656.6868324303223,5554.728103917317,T014_2,5.000099999999293,U06,existing
P126_34_5,G1,B_aircraft,G1-B_aircraft-02,T014_2,5559.728203917316,7425.499213465236,,,U06,existing
P126_34_5,G1,C_aircraft,G1-C_aircraft-01,T003,0.0,1429.4261775174655,T004,5.000099999999975,U07,existing
P126_34_5,G1,C_aircraft,G1-C_aircraft-01,T004,1434.4262775174655,3604.9947859277245,T012,5.000100000002021,U07,existing
P126_34_5,G1,C_aircraft,G1-C_aircraft-01,T012,3609.9948859277265,5725.07652720618,,,U07,existing
P126_34_5,G1,C_aircraft,G1-C_aircraft-02,T001,3266.2596890284995,4827.685866545965,T019_2,5.000099999999293,U08,existing
P126_34_5,G1,C_aircraft,G1-C_aircraft-02,T019_2,4832.685966545964,7071.870031513806,,,U08,existing
P126_34_5,G1,B_batteries,G1-B_batteries-01,T005,0.0,2343.7606215473797,T006,2768.712352805833,B01,existing
P126_34_5,G1,B_batteries,G1-B_batteries-01,T006,5112.4729743532125,7435.544137052532,,,B01,existing
P126_34_5,G1,B_batteries,G1-B_batteries-02,T013,2.631913957884535e-07,3917.286899235777,T014_2,1642.441304681539,B02,existing
P126_34_5,G1,B_batteries,G1-B_batteries-02,T014_2,5559.728203917316,9106.026402123385,,,B02,existing
P126_34_5,G1,B_batteries,G1-B_batteries-03,T021,3656.6868324303223,7421.910255834926,T022,2291.583222693718,B03,existing
P126_34_5,G1,B_batteries,G1-B_batteries-03,T022,9713.493478528644,12750.274657105232,,,B03,existing
P126_34_5,G1,C_batteries,G1-C_batteries-01,T003,0.0,2947.606630665684,T019_2,1885.0793358802803,C01,existing
P126_34_5,G1,C_batteries,G1-C_batteries-01,T019_2,4832.685966545964,9540.547812933855,,,C01,existing
P126_34_5,G1,C_batteries,G1-C_batteries-02,T004,1434.4262775174655,5752.089857916125,,,C02,existing
P126_34_5,G1,C_batteries,G1-C_batteries-03,T001,3266.2596890284995,6416.352542791451,,,C03,existing
P126_34_5,G1,C_batteries,G1-C_batteries-04,T012,3609.9948859277265,8217.742244657848,,,C04,existing
P126_34_5,G1,relay_aircraft,G1-relay_aircraft-01,R003,5.186098884268291,7850.634235067152,R004,1733.0453420825716,R01,existing
P126_34_5,G1,relay_aircraft,G1-relay_aircraft-01,R004,9583.679577149724,11813.399509678484,,,R01,existing
P126_34_5,G1,relay_components,G1-relay_components-01,R003,5.186098884268291,8956.255878782365,R004,627.4236983673582,RE01,existing
P126_34_5,G1,relay_components,G1-relay_components-01,R004,9583.679577149724,12221.929892002603,,,RE01,existing
P126_34_5,G2,A_aircraft,G2-A_aircraft-01,T002_1,0.0,1652.4416357195464,T016,2705.4237932369183,U01,existing
P126_34_5,G2,A_aircraft,G2-A_aircraft-01,T016,4357.865428956465,6053.623533624929,T020,887.2828924404594,U01,existing
P126_34_5,G2,A_aircraft,G2-A_aircraft-01,T020,6940.906426065389,8911.116273042207,,,U01,existing
P126_34_5,G2,A_aircraft,G2-A_aircraft-02,T009,0.0,1316.0142144169886,T023,4737.609419207941,U02,existing
P126_34_5,G2,A_aircraft,G2-A_aircraft-02,T023,6053.623633624929,7689.381738293394,,,U02,existing
P126_34_5,G2,A_aircraft,G2-A_aircraft-03,T014_1,0.0,1695.7581046684645,T007,2637.107324288001,U03,existing
P126_34_5,G2,A_aircraft,G2-A_aircraft-03,T007,4332.865428956466,6940.9063260653875,T019_1,748.4755122280048,U03,existing
P126_34_5,G2,A_aircraft,G2-A_aircraft-03,T019_1,7689.381838293392,9325.139942961858,,,U03,existing
P126_34_5,G2,C_aircraft,G2-C_aircraft-01,T010_1,0.0,1823.224406150507,T010_2,5.000100000000202,NEW-C_aircraft-01,procurement_required
P126_34_5,G2,C_aircraft,G2-C_aircraft-01,T010_2,1828.2245061505073,3261.2595890284992,T018,2495.830368887626,NEW-C_aircraft-01,procurement_required
P126_34_5,G2,C_aircraft,G2-C_aircraft-01,T018,5757.089957916125,8192.899478773774,,,NEW-C_aircraft-01,procurement_required
P126_34_5,G2,A_batteries,G2-A_batteries-01,T002_1,0.0,2667.5322461730734,T016,1690.3331827833913,A01,existing
P126_34_5,G2,A_batteries,G2-A_batteries-01,T016,4357.865428956465,7189.599845781131,T019_1,499.78199251226124,A01,existing
P126_34_5,G2,A_batteries,G2-A_batteries-01,T019_1,7689.381838293392,10409.758236602142,,,A01,existing
P126_34_5,G2,A_batteries,G2-A_batteries-02,T009,0.0,2207.8690163260853,T023,3845.754617298844,A02,existing
P126_34_5,G2,A_batteries,G2-A_batteries-02,T023,6053.623633624929,8794.320358969193,,,A02,existing
P126_34_5,G2,A_batteries,G2-A_batteries-03,T014_1,0.0,2810.952429148163,T007,1521.9129998083026,A03,existing
P126_34_5,G2,A_batteries,G2-A_batteries-03,T007,4332.865428956466,8394.169789148978,,,A03,existing
P126_34_5,G2,A_batteries,G2-A_batteries-04,T020,6940.906426065389,10151.116923729283,,,A04,existing
P126_34_5,G2,C_batteries,G2-C_batteries-01,T010_1,0.0,3563.4170832737245,T018,2193.6728746424005,NEW-C_batteries-01,procurement_required
P126_34_5,G2,C_batteries,G2-C_batteries-01,T018,5757.089957916125,10691.253758748288,,,NEW-C_batteries-01,procurement_required
P126_34_5,G2,C_batteries,G2-C_batteries-02,T010_2,1828.2245061505073,4709.032782226957,,,NEW-C_batteries-02,procurement_required
P126_34_5,G2,relay_aircraft,G2-relay_aircraft-01,R001,162.1373190294086,2129.297638856331,R002,2462.7051091295434,R02,existing
P126_34_5,G2,relay_aircraft,G2-relay_aircraft-01,R002,4592.0027479858745,9578.679477149724,,,R02,existing
P126_34_5,G2,relay_components,G2-relay_components-01,R001,162.1373190294086,2493.9201725268517,R002,2098.082575459023,RE02,existing
P126_34_5,G2,relay_components,G2-relay_components-01,R002,4592.0027479858745,10318.120453993146,,,RE02,existing
P126_34_5,G3,A_aircraft,G3-A_aircraft-01,T011,2058.1153733026395,4188.754462062222,,,U04,existing
P126_34_5,G3,A_aircraft,G3-A_aircraft-02,T002_2,2212.8691163260855,3815.461852306258,T017,3953.9901172072023,NEW-A_aircraft-01,procurement_required
P126_34_5,G3,A_aircraft,G3-A_aircraft-02,T017,7769.45196951346,10113.299044225432,,,NEW-A_aircraft-01,procurement_required
P126_34_5,G3,B_aircraft,G3-B_aircraft-01,T015,2097.1153733026395,3651.686732430321,,,NEW-B_aircraft-01,procurement_required
P126_34_5,G3,B_aircraft,G3-B_aircraft-02,T008,2348.76072154738,4193.299611702947,,,NEW-B_aircraft-02,procurement_required
P126_34_5,G3,A_batteries,G3-A_batteries-01,T011,2058.1153733026395,5546.539457030654,,,A05,existing
P126_34_5,G3,A_batteries,G3-A_batteries-02,T002_2,2212.8691163260855,4879.929014022942,T017,2889.522955490518,A06,existing
P126_34_5,G3,A_batteries,G3-A_batteries-02,T017,7769.45196951346,11476.863027475007,,,A06,existing
P126_34_5,G3,B_batteries,G3-B_batteries-01,T015,2097.1153733026395,5107.472874353213,,,B04,existing
P126_34_5,G3,B_batteries,G3-B_batteries-02,T008,2348.76072154738,5781.961574782329,,,NEW-B_batteries-01,procurement_required
P126_34_5,G3,relay_aircraft,G3-relay_aircraft-01,R005,2134.2977388563304,4587.002647985877,R006,3268.6316870812743,NEW-relay_aircraft-01,procurement_required
P126_34_5,G3,relay_aircraft,G3-relay_aircraft-01,R006,7855.634335067151,10510.693895951956,,,NEW-relay_aircraft-01,procurement_required
P126_34_5,G3,relay_components,G3-relay_components-01,R005,2134.2977388563304,5015.591855407197,R006,2840.0424796599546,RE03,existing
P126_34_5,G3,relay_components,G3-relay_components-01,R006,7855.634335067151,10964.401779763033,,,RE03,existing
P12_346_5,G1,B_aircraft,G1-B_aircraft-01,T005,0.0,1210.3573074816584,T021,2446.3295249486637,U05,existing
P12_346_5,G1,B_aircraft,G1-B_aircraft-01,T021,3656.6868324303223,5554.728103917317,T022,4158.765374611327,U05,existing
P12_346_5,G1,B_aircraft,G1-B_aircraft-01,T022,9713.493478528644,11214.272215143501,,,U05,existing
P12_346_5,G1,B_aircraft,G1-B_aircraft-02,T013,2.631913957884535e-07,1958.0412717501863,T014_2,3601.6869321671297,U06,existing
P12_346_5,G1,B_aircraft,G1-B_aircraft-02,T014_2,5559.728203917316,7425.499213465236,,,U06,existing
P12_346_5,G1,C_aircraft,G1-C_aircraft-01,T003,0.0,1429.4261775174655,T004,5.000099999999975,U07,existing
P12_346_5,G1,C_aircraft,G1-C_aircraft-01,T004,1434.4262775174655,3604.9947859277245,T012,5.000100000002021,U07,existing
P12_346_5,G1,C_aircraft,G1-C_aircraft-01,T012,3609.9948859277265,5725.07652720618,,,U07,existing
P12_346_5,G1,C_aircraft,G1-C_aircraft-02,T001,3266.2596890284995,4827.685866545965,T019_2,5.000099999999293,U08,existing
P12_346_5,G1,C_aircraft,G1-C_aircraft-02,T019_2,4832.685966545964,7071.870031513806,,,U08,existing
P12_346_5,G1,B_batteries,G1-B_batteries-01,T005,0.0,2343.7606215473797,T021,1312.9262108829425,B01,existing
P12_346_5,G1,B_batteries,G1-B_batteries-01,T021,3656.6868324303223,7421.910255834926,T022,2291.583222693718,B01,existing
P12_346_5,G1,B_batteries,G1-B_batteries-01,T022,9713.493478528644,12750.274657105232,,,B01,existing
P12_346_5,G1,B_batteries,G1-B_batteries-02,T013,2.631913957884535e-07,3917.286899235777,T014_2,1642.441304681539,B02,existing
P12_346_5,G1,B_batteries,G1-B_batteries-02,T014_2,5559.728203917316,9106.026402123385,,,B02,existing
P12_346_5,G1,C_batteries,G1-C_batteries-01,T003,0.0,2947.606630665684,T019_2,1885.0793358802803,C01,existing
P12_346_5,G1,C_batteries,G1-C_batteries-01,T019_2,4832.685966545964,9540.547812933855,,,C01,existing
P12_346_5,G1,C_batteries,G1-C_batteries-02,T004,1434.4262775174655,5752.089857916125,,,C02,existing
P12_346_5,G1,C_batteries,G1-C_batteries-03,T001,3266.2596890284995,6416.352542791451,,,C03,existing
P12_346_5,G1,C_batteries,G1-C_batteries-04,T012,3609.9948859277265,8217.742244657848,,,C04,existing
P12_346_5,G1,relay_aircraft,G1-relay_aircraft-01,R003,5.186098884268291,7850.634235067152,R004,1733.0453420825716,R01,existing
P12_346_5,G1,relay_aircraft,G1-relay_aircraft-01,R004,9583.679577149724,11813.399509678484,,,R01,existing
P12_346_5,G1,relay_components,G1-relay_components-01,R003,5.186098884268291,8956.255878782365,R004,627.4236983673582,RE01,existing
P12_346_5,G1,relay_components,G1-relay_components-01,R004,9583.679577149724,12221.929892002603,,,RE01,existing
P12_346_5,G2,A_aircraft,G2-A_aircraft-01,T002_1,0.0,1652.4416357195464,T016,2705.4237932369183,U01,existing
P12_346_5,G2,A_aircraft,G2-A_aircraft-01,T016,4357.865428956465,6053.623533624929,T020,887.2828924404594,U01,existing
P12_346_5,G2,A_aircraft,G2-A_aircraft-01,T020,6940.906426065389,8911.116273042207,,,U01,existing
P12_346_5,G2,A_aircraft,G2-A_aircraft-02,T009,0.0,1316.0142144169886,T023,4737.609419207941,U02,existing
P12_346_5,G2,A_aircraft,G2-A_aircraft-02,T023,6053.623633624929,7689.381738293394,,,U02,existing
P12_346_5,G2,A_aircraft,G2-A_aircraft-03,T014_1,0.0,1695.7581046684645,T007,2637.107324288001,U03,existing
P12_346_5,G2,A_aircraft,G2-A_aircraft-03,T007,4332.865428956466,6940.9063260653875,T019_1,748.4755122280048,U03,existing
P12_346_5,G2,A_aircraft,G2-A_aircraft-03,T019_1,7689.381838293392,9325.139942961858,,,U03,existing
P12_346_5,G2,B_aircraft,G2-B_aircraft-01,T006,5112.4729743532125,6302.1032600896515,,,NEW-B_aircraft-01,procurement_required
P12_346_5,G2,C_aircraft,G2-C_aircraft-01,T010_1,0.0,1823.224406150507,T010_2,5.000100000000202,NEW-C_aircraft-01,procurement_required
P12_346_5,G2,C_aircraft,G2-C_aircraft-01,T010_2,1828.2245061505073,3261.2595890284992,T018,2495.830368887626,NEW-C_aircraft-01,procurement_required
P12_346_5,G2,C_aircraft,G2-C_aircraft-01,T018,5757.089957916125,8192.899478773774,,,NEW-C_aircraft-01,procurement_required
P12_346_5,G2,A_batteries,G2-A_batteries-01,T002_1,0.0,2667.5322461730734,T016,1690.3331827833913,A01,existing
P12_346_5,G2,A_batteries,G2-A_batteries-01,T016,4357.865428956465,7189.599845781131,T019_1,499.78199251226124,A01,existing
P12_346_5,G2,A_batteries,G2-A_batteries-01,T019_1,7689.381838293392,10409.758236602142,,,A01,existing
P12_346_5,G2,A_batteries,G2-A_batteries-02,T009,0.0,2207.8690163260853,T023,3845.754617298844,A02,existing
P12_346_5,G2,A_batteries,G2-A_batteries-02,T023,6053.623633624929,8794.320358969193,,,A02,existing
P12_346_5,G2,A_batteries,G2-A_batteries-03,T014_1,0.0,2810.952429148163,T007,1521.9129998083026,A03,existing
P12_346_5,G2,A_batteries,G2-A_batteries-03,T007,4332.865428956466,8394.169789148978,,,A03,existing
P12_346_5,G2,A_batteries,G2-A_batteries-04,T020,6940.906426065389,10151.116923729283,,,A04,existing
P12_346_5,G2,B_batteries,G2-B_batteries-01,T006,5112.4729743532125,7435.544137052532,,,B03,existing
P12_346_5,G2,C_batteries,G2-C_batteries-01,T010_1,0.0,3563.4170832737245,T018,2193.6728746424005,NEW-C_batteries-01,procurement_required
P12_346_5,G2,C_batteries,G2-C_batteries-01,T018,5757.089957916125,10691.253758748288,,,NEW-C_batteries-01,procurement_required
P12_346_5,G2,C_batteries,G2-C_batteries-02,T010_2,1828.2245061505073,4709.032782226957,,,NEW-C_batteries-02,procurement_required
P12_346_5,G2,relay_aircraft,G2-relay_aircraft-01,R001,162.1373190294086,2129.297638856331,R002,2462.7051091295434,R02,existing
P12_346_5,G2,relay_aircraft,G2-relay_aircraft-01,R002,4592.0027479858745,9578.679477149724,,,R02,existing
P12_346_5,G2,relay_components,G2-relay_components-01,R001,162.1373190294086,2493.9201725268517,R002,2098.082575459023,RE02,existing
P12_346_5,G2,relay_components,G2-relay_components-01,R002,4592.0027479858745,10318.120453993146,,,RE02,existing
P12_346_5,G3,A_aircraft,G3-A_aircraft-01,T011,2058.1153733026395,4188.754462062222,,,U04,existing
P12_346_5,G3,A_aircraft,G3-A_aircraft-02,T002_2,2212.8691163260855,3815.461852306258,T017,3953.9901172072023,NEW-A_aircraft-01,procurement_required
P12_346_5,G3,A_aircraft,G3-A_aircraft-02,T017,7769.45196951346,10113.299044225432,,,NEW-A_aircraft-01,procurement_required
P12_346_5,G3,B_aircraft,G3-B_aircraft-01,T015,2097.1153733026395,3651.686732430321,,,NEW-B_aircraft-02,procurement_required
P12_346_5,G3,B_aircraft,G3-B_aircraft-02,T008,2348.76072154738,4193.299611702947,,,NEW-B_aircraft-03,procurement_required
P12_346_5,G3,A_batteries,G3-A_batteries-01,T011,2058.1153733026395,5546.539457030654,,,A05,existing
P12_346_5,G3,A_batteries,G3-A_batteries-02,T002_2,2212.8691163260855,4879.929014022942,T017,2889.522955490518,A06,existing
P12_346_5,G3,A_batteries,G3-A_batteries-02,T017,7769.45196951346,11476.863027475007,,,A06,existing
P12_346_5,G3,B_batteries,G3-B_batteries-01,T015,2097.1153733026395,5107.472874353213,,,B04,existing
P12_346_5,G3,B_batteries,G3-B_batteries-02,T008,2348.76072154738,5781.961574782329,,,NEW-B_batteries-01,procurement_required
P12_346_5,G3,relay_aircraft,G3-relay_aircraft-01,R005,2134.2977388563304,4587.002647985877,R006,3268.6316870812743,NEW-relay_aircraft-01,procurement_required
P12_346_5,G3,relay_aircraft,G3-relay_aircraft-01,R006,7855.634335067151,10510.693895951956,,,NEW-relay_aircraft-01,procurement_required
P12_346_5,G3,relay_components,G3-relay_components-01,R005,2134.2977388563304,5015.591855407197,R006,2840.0424796599546,RE03,existing
P12_346_5,G3,relay_components,G3-relay_components-01,R006,7855.634335067151,10964.401779763033,,,RE03,existing
P12_34_56,G1,B_aircraft,G1-B_aircraft-01,T005,0.0,1210.3573074816584,T021,2446.3295249486637,U05,existing
P12_34_56,G1,B_aircraft,G1-B_aircraft-01,T021,3656.6868324303223,5554.728103917317,T022,4158.765374611327,U05,existing
P12_34_56,G1,B_aircraft,G1-B_aircraft-01,T022,9713.493478528644,11214.272215143501,,,U05,existing
P12_34_56,G1,B_aircraft,G1-B_aircraft-02,T013,2.631913957884535e-07,1958.0412717501863,T014_2,3601.6869321671297,U06,existing
P12_34_56,G1,B_aircraft,G1-B_aircraft-02,T014_2,5559.728203917316,7425.499213465236,,,U06,existing
P12_34_56,G1,C_aircraft,G1-C_aircraft-01,T003,0.0,1429.4261775174655,T004,5.000099999999975,U07,existing
P12_34_56,G1,C_aircraft,G1-C_aircraft-01,T004,1434.4262775174655,3604.9947859277245,T012,5.000100000002021,U07,existing
P12_34_56,G1,C_aircraft,G1-C_aircraft-01,T012,3609.9948859277265,5725.07652720618,,,U07,existing
P12_34_56,G1,C_aircraft,G1-C_aircraft-02,T001,3266.2596890284995,4827.685866545965,T019_2,5.000099999999293,U08,existing
P12_34_56,G1,C_aircraft,G1-C_aircraft-02,T019_2,4832.685966545964,7071.870031513806,,,U08,existing
P12_34_56,G1,B_batteries,G1-B_batteries-01,T005,0.0,2343.7606215473797,T021,1312.9262108829425,B01,existing
P12_34_56,G1,B_batteries,G1-B_batteries-01,T021,3656.6868324303223,7421.910255834926,T022,2291.583222693718,B01,existing
P12_34_56,G1,B_batteries,G1-B_batteries-01,T022,9713.493478528644,12750.274657105232,,,B01,existing
P12_34_56,G1,B_batteries,G1-B_batteries-02,T013,2.631913957884535e-07,3917.286899235777,T014_2,1642.441304681539,B02,existing
P12_34_56,G1,B_batteries,G1-B_batteries-02,T014_2,5559.728203917316,9106.026402123385,,,B02,existing
P12_34_56,G1,C_batteries,G1-C_batteries-01,T003,0.0,2947.606630665684,T019_2,1885.0793358802803,C01,existing
P12_34_56,G1,C_batteries,G1-C_batteries-01,T019_2,4832.685966545964,9540.547812933855,,,C01,existing
P12_34_56,G1,C_batteries,G1-C_batteries-02,T004,1434.4262775174655,5752.089857916125,,,C02,existing
P12_34_56,G1,C_batteries,G1-C_batteries-03,T001,3266.2596890284995,6416.352542791451,,,C03,existing
P12_34_56,G1,C_batteries,G1-C_batteries-04,T012,3609.9948859277265,8217.742244657848,,,C04,existing
P12_34_56,G1,relay_aircraft,G1-relay_aircraft-01,R003,5.186098884268291,7850.634235067152,R004,1733.0453420825716,R01,existing
P12_34_56,G1,relay_aircraft,G1-relay_aircraft-01,R004,9583.679577149724,11813.399509678484,,,R01,existing
P12_34_56,G1,relay_components,G1-relay_components-01,R003,5.186098884268291,8956.255878782365,R004,627.4236983673582,RE01,existing
P12_34_56,G1,relay_components,G1-relay_components-01,R004,9583.679577149724,12221.929892002603,,,RE01,existing
P12_34_56,G2,A_aircraft,G2-A_aircraft-01,T002_1,0.0,1652.4416357195464,T016,2705.4237932369183,U01,existing
P12_34_56,G2,A_aircraft,G2-A_aircraft-01,T016,4357.865428956465,6053.623533624929,T020,887.2828924404594,U01,existing
P12_34_56,G2,A_aircraft,G2-A_aircraft-01,T020,6940.906426065389,8911.116273042207,,,U01,existing
P12_34_56,G2,A_aircraft,G2-A_aircraft-02,T009,0.0,1316.0142144169886,T023,4737.609419207941,U02,existing
P12_34_56,G2,A_aircraft,G2-A_aircraft-02,T023,6053.623633624929,7689.381738293394,,,U02,existing
P12_34_56,G2,A_aircraft,G2-A_aircraft-03,T014_1,0.0,1695.7581046684645,T007,2637.107324288001,U03,existing
P12_34_56,G2,A_aircraft,G2-A_aircraft-03,T007,4332.865428956466,6940.9063260653875,T019_1,748.4755122280048,U03,existing
P12_34_56,G2,A_aircraft,G2-A_aircraft-03,T019_1,7689.381838293392,9325.139942961858,,,U03,existing
P12_34_56,G2,C_aircraft,G2-C_aircraft-01,T010_1,0.0,1823.224406150507,T010_2,5.000100000000202,NEW-C_aircraft-01,procurement_required
P12_34_56,G2,C_aircraft,G2-C_aircraft-01,T010_2,1828.2245061505073,3261.2595890284992,T018,2495.830368887626,NEW-C_aircraft-01,procurement_required
P12_34_56,G2,C_aircraft,G2-C_aircraft-01,T018,5757.089957916125,8192.899478773774,,,NEW-C_aircraft-01,procurement_required
P12_34_56,G2,A_batteries,G2-A_batteries-01,T002_1,0.0,2667.5322461730734,T016,1690.3331827833913,A01,existing
P12_34_56,G2,A_batteries,G2-A_batteries-01,T016,4357.865428956465,7189.599845781131,T019_1,499.78199251226124,A01,existing
P12_34_56,G2,A_batteries,G2-A_batteries-01,T019_1,7689.381838293392,10409.758236602142,,,A01,existing
P12_34_56,G2,A_batteries,G2-A_batteries-02,T009,0.0,2207.8690163260853,T023,3845.754617298844,A02,existing
P12_34_56,G2,A_batteries,G2-A_batteries-02,T023,6053.623633624929,8794.320358969193,,,A02,existing
P12_34_56,G2,A_batteries,G2-A_batteries-03,T014_1,0.0,2810.952429148163,T007,1521.9129998083026,A03,existing
P12_34_56,G2,A_batteries,G2-A_batteries-03,T007,4332.865428956466,8394.169789148978,,,A03,existing
P12_34_56,G2,A_batteries,G2-A_batteries-04,T020,6940.906426065389,10151.116923729283,,,A04,existing
P12_34_56,G2,C_batteries,G2-C_batteries-01,T010_1,0.0,3563.4170832737245,T018,2193.6728746424005,NEW-C_batteries-01,procurement_required
P12_34_56,G2,C_batteries,G2-C_batteries-01,T018,5757.089957916125,10691.253758748288,,,NEW-C_batteries-01,procurement_required
P12_34_56,G2,C_batteries,G2-C_batteries-02,T010_2,1828.2245061505073,4709.032782226957,,,NEW-C_batteries-02,procurement_required
P12_34_56,G2,relay_aircraft,G2-relay_aircraft-01,R001,162.1373190294086,2129.297638856331,R002,2462.7051091295434,R02,existing
P12_34_56,G2,relay_aircraft,G2-relay_aircraft-01,R002,4592.0027479858745,9578.679477149724,,,R02,existing
P12_34_56,G2,relay_components,G2-relay_components-01,R001,162.1373190294086,2493.9201725268517,R002,2098.082575459023,RE02,existing
P12_34_56,G2,relay_components,G2-relay_components-01,R002,4592.0027479858745,10318.120453993146,,,RE02,existing
P12_34_56,G3,A_aircraft,G3-A_aircraft-01,T011,2058.1153733026395,4188.754462062222,,,U04,existing
P12_34_56,G3,A_aircraft,G3-A_aircraft-02,T002_2,2212.8691163260855,3815.461852306258,T017,3953.9901172072023,NEW-A_aircraft-01,procurement_required
P12_34_56,G3,A_aircraft,G3-A_aircraft-02,T017,7769.45196951346,10113.299044225432,,,NEW-A_aircraft-01,procurement_required
P12_34_56,G3,B_aircraft,G3-B_aircraft-01,T015,2097.1153733026395,3651.686732430321,T006,1460.7862419228913,NEW-B_aircraft-01,procurement_required
P12_34_56,G3,B_aircraft,G3-B_aircraft-01,T006,5112.4729743532125,6302.1032600896515,,,NEW-B_aircraft-01,procurement_required
P12_34_56,G3,B_aircraft,G3-B_aircraft-02,T008,2348.76072154738,4193.299611702947,,,NEW-B_aircraft-02,procurement_required
P12_34_56,G3,A_batteries,G3-A_batteries-01,T011,2058.1153733026395,5546.539457030654,,,A05,existing
P12_34_56,G3,A_batteries,G3-A_batteries-02,T002_2,2212.8691163260855,4879.929014022942,T017,2889.522955490518,A06,existing
P12_34_56,G3,A_batteries,G3-A_batteries-02,T017,7769.45196951346,11476.863027475007,,,A06,existing
P12_34_56,G3,B_batteries,G3-B_batteries-01,T015,2097.1153733026395,5107.472874353213,T006,5.000099999999293,B03,existing
P12_34_56,G3,B_batteries,G3-B_batteries-01,T006,5112.4729743532125,7435.544137052532,,,B03,existing
P12_34_56,G3,B_batteries,G3-B_batteries-02,T008,2348.76072154738,5781.961574782329,,,B04,existing
P12_34_56,G3,relay_aircraft,G3-relay_aircraft-01,R005,2134.2977388563304,4587.002647985877,R006,3268.6316870812743,NEW-relay_aircraft-01,procurement_required
P12_34_56,G3,relay_aircraft,G3-relay_aircraft-01,R006,7855.634335067151,10510.693895951956,,,NEW-relay_aircraft-01,procurement_required
P12_34_56,G3,relay_components,G3-relay_components-01,R005,2134.2977388563304,5015.591855407197,R006,2840.0424796599546,RE03,existing
P12_34_56,G3,relay_components,G3-relay_components-01,R006,7855.634335067151,10964.401779763033,,,RE03,existing
P1256_3_4,G1,A_aircraft,G1-A_aircraft-01,T011,2058.1153733026395,4188.754462062222,,,U01,existing
P1256_3_4,G1,A_aircraft,G1-A_aircraft-02,T002_2,2212.8691163260855,3815.461852306258,T017,3953.9901172072023,U02,existing
P1256_3_4,G1,A_aircraft,G1-A_aircraft-02,T017,7769.45196951346,10113.299044225432,,,U02,existing
P1256_3_4,G1,B_aircraft,G1-B_aircraft-01,T005,0.0,1210.3573074816584,T008,1138.4034140657216,U05,existing
P1256_3_4,G1,B_aircraft,G1-B_aircraft-01,T008,2348.76072154738,4193.299611702947,T006,919.1733626502655,U05,existing
P1256_3_4,G1,B_aircraft,G1-B_aircraft-01,T006,5112.4729743532125,6302.1032600896515,T022,3411.3902184389926,U05,existing
P1256_3_4,G1,B_aircraft,G1-B_aircraft-01,T022,9713.493478528644,11214.272215143501,,,U05,existing
P1256_3_4,G1,B_aircraft,G1-B_aircraft-02,T013,2.631913957884535e-07,1958.0412717501863,T015,139.07410155245316,U06,existing
P1256_3_4,G1,B_aircraft,G1-B_aircraft-02,T015,2097.1153733026395,3651.686732430321,T021,5.000100000001112,U06,existing
P1256_3_4,G1,B_aircraft,G1-B_aircraft-02,T021,3656.6868324303223,5554.728103917317,T014_2,5.000099999999293,U06,existing
P1256_3_4,G1,B_aircraft,G1-B_aircraft-02,T014_2,5559.728203917316,7425.499213465236,,,U06,existing
P1256_3_4,G1,C_aircraft,G1-C_aircraft-01,T003,0.0,1429.4261775174655,T004,5.000099999999975,U07,existing
P1256_3_4,G1,C_aircraft,G1-C_aircraft-01,T004,1434.4262775174655,3604.9947859277245,T012,5.000100000002021,U07,existing
P1256_3_4,G1,C_aircraft,G1-C_aircraft-01,T012,3609.9948859277265,5725.07652720618,,,U07,existing
P1256_3_4,G1,C_aircraft,G1-C_aircraft-02,T001,3266.2596890284995,4827.685866545965,T019_2,5.000099999999293,U08,existing
P1256_3_4,G1,C_aircraft,G1-C_aircraft-02,T019_2,4832.685966545964,7071.870031513806,,,U08,existing
P1256_3_4,G1,A_batteries,G1-A_batteries-01,T011,2058.1153733026395,5546.539457030654,,,A01,existing
P1256_3_4,G1,A_batteries,G1-A_batteries-02,T002_2,2212.8691163260855,4879.929014022942,T017,2889.522955490518,A02,existing
P1256_3_4,G1,A_batteries,G1-A_batteries-02,T017,7769.45196951346,11476.863027475007,,,A02,existing
P1256_3_4,G1,B_batteries,G1-B_batteries-01,T005,0.0,2343.7606215473797,T021,1312.9262108829425,B01,existing
P1256_3_4,G1,B_batteries,G1-B_batteries-01,T021,3656.6868324303223,7421.910255834926,,,B01,existing
P1256_3_4,G1,B_batteries,G1-B_batteries-02,T013,2.631913957884535e-07,3917.286899235777,T006,1195.1860751174354,B02,existing
P1256_3_4,G1,B_batteries,G1-B_batteries-02,T006,5112.4729743532125,7435.544137052532,,,B02,existing
P1256_3_4,G1,B_batteries,G1-B_batteries-03,T015,2097.1153733026395,5107.472874353213,T014_2,452.2553295641028,B03,existing
P1256_3_4,G1,B_batteries,G1-B_batteries-03,T014_2,5559.728203917316,9106.026402123385,,,B03,existing
P1256_3_4,G1,B_batteries,G1-B_batteries-04,T008,2348.76072154738,5781.961574782329,T022,3931.531903746315,B04,existing
P1256_3_4,G1,B_batteries,G1-B_batteries-04,T022,9713.493478528644,12750.274657105232,,,B04,existing
P1256_3_4,G1,C_batteries,G1-C_batteries-01,T003,0.0,2947.606630665684,T019_2,1885.0793358802803,C01,existing
P1256_3_4,G1,C_batteries,G1-C_batteries-01,T019_2,4832.685966545964,9540.547812933855,,,C01,existing
P1256_3_4,G1,C_batteries,G1-C_batteries-02,T004,1434.4262775174655,5752.089857916125,,,C02,existing
P1256_3_4,G1,C_batteries,G1-C_batteries-03,T001,3266.2596890284995,6416.352542791451,,,C03,existing
P1256_3_4,G1,C_batteries,G1-C_batteries-04,T012,3609.9948859277265,8217.742244657848,,,C04,existing
P1256_3_4,G1,relay_aircraft,G1-relay_aircraft-01,R003,5.186098884268291,7850.634235067152,R004,1733.0453420825716,R01,existing
P1256_3_4,G1,relay_aircraft,G1-relay_aircraft-01,R004,9583.679577149724,11813.399509678484,,,R01,existing
P1256_3_4,G1,relay_aircraft,G1-relay_aircraft-02,R005,2134.2977388563304,4587.002647985877,R006,3268.6316870812743,R02,existing
P1256_3_4,G1,relay_aircraft,G1-relay_aircraft-02,R006,7855.634335067151,10510.693895951956,,,R02,existing
P1256_3_4,G1,relay_components,G1-relay_components-01,R003,5.186098884268291,8956.255878782365,R004,627.4236983673582,RE01,existing
P1256_3_4,G1,relay_components,G1-relay_components-01,R004,9583.679577149724,12221.929892002603,,,RE01,existing
P1256_3_4,G1,relay_components,G1-relay_components-02,R005,2134.2977388563304,5015.591855407197,R006,2840.0424796599546,RE02,existing
P1256_3_4,G1,relay_components,G1-relay_components-02,R006,7855.634335067151,10964.401779763033,,,RE02,existing
P1256_3_4,G2,A_aircraft,G2-A_aircraft-01,T002_1,0.0,1652.4416357195464,T016,2705.4237932369183,U03,existing
P1256_3_4,G2,A_aircraft,G2-A_aircraft-01,T016,4357.865428956465,6053.623533624929,T023,0.00010000000020227162,U03,existing
P1256_3_4,G2,A_aircraft,G2-A_aircraft-01,T023,6053.623633624929,7689.381738293394,T019_1,9.999999838328222e-05,U03,existing
P1256_3_4,G2,A_aircraft,G2-A_aircraft-01,T019_1,7689.381838293392,9325.139942961858,,,U03,existing
P1256_3_4,G2,A_aircraft,G2-A_aircraft-02,T014_1,0.0,1695.7581046684645,T007,2637.107324288001,U04,existing
P1256_3_4,G2,A_aircraft,G2-A_aircraft-02,T007,4332.865428956466,6940.9063260653875,T020,0.00010000000111176632,U04,existing
P1256_3_4,G2,A_aircraft,G2-A_aircraft-02,T020,6940.906426065389,8911.116273042207,,,U04,existing
P1256_3_4,G2,C_aircraft,G2-C_aircraft-01,T010_1,0.0,1823.224406150507,T018,3933.865551765618,NEW-C_aircraft-01,procurement_required
P1256_3_4,G2,C_aircraft,G2-C_aircraft-01,T018,5757.089957916125,8192.899478773774,,,NEW-C_aircraft-01,procurement_required
P1256_3_4,G2,A_batteries,G2-A_batteries-01,T002_1,0.0,2667.5322461730734,T016,1690.3331827833913,A03,existing
P1256_3_4,G2,A_batteries,G2-A_batteries-01,T016,4357.865428956465,7189.599845781131,T019_1,499.78199251226124,A03,existing
P1256_3_4,G2,A_batteries,G2-A_batteries-01,T019_1,7689.381838293392,10409.758236602142,,,A03,existing
P1256_3_4,G2,A_batteries,G2-A_batteries-02,T014_1,0.0,2810.952429148163,T007,1521.9129998083026,A04,existing
P1256_3_4,G2,A_batteries,G2-A_batteries-02,T007,4332.865428956466,8394.169789148978,,,A04,existing
P1256_3_4,G2,A_batteries,G2-A_batteries-03,T023,6053.623633624929,8794.320358969193,,,A05,existing
P1256_3_4,G2,A_batteries,G2-A_batteries-04,T020,6940.906426065389,10151.116923729283,,,A06,existing
P1256_3_4,G2,C_batteries,G2-C_batteries-01,T010_1,0.0,3563.4170832737245,T018,2193.6728746424005,NEW-C_batteries-01,procurement_required
P1256_3_4,G2,C_batteries,G2-C_batteries-01,T018,5757.089957916125,10691.253758748288,,,NEW-C_batteries-01,procurement_required
P1256_3_4,G2,relay_aircraft,G2-relay_aircraft-01,R001,162.1373190294086,2129.297638856331,R002,2462.7051091295434,NEW-relay_aircraft-01,procurement_required
P1256_3_4,G2,relay_aircraft,G2-relay_aircraft-01,R002,4592.0027479858745,9578.679477149724,,,NEW-relay_aircraft-01,procurement_required
P1256_3_4,G2,relay_components,G2-relay_components-01,R001,162.1373190294086,2493.9201725268517,R002,2098.082575459023,RE03,existing
P1256_3_4,G2,relay_components,G2-relay_components-01,R002,4592.0027479858745,10318.120453993146,,,RE03,existing
P1256_3_4,G3,A_aircraft,G3-A_aircraft-01,T009,0.0,1316.0142144169886,,,NEW-A_aircraft-01,procurement_required
P1256_3_4,G3,C_aircraft,G3-C_aircraft-01,T010_2,1828.2245061505073,3261.2595890284992,,,NEW-C_aircraft-02,procurement_required
P1256_3_4,G3,A_batteries,G3-A_batteries-01,T009,0.0,2207.8690163260853,,,NEW-A_batteries-01,procurement_required
P1256_3_4,G3,C_batteries,G3-C_batteries-01,T010_2,1828.2245061505073,4709.032782226957,,,NEW-C_batteries-02,procurement_required
P125_36_4,G1,A_aircraft,G1-A_aircraft-01,T011,2058.1153733026395,4188.754462062222,,,U01,existing
P125_36_4,G1,A_aircraft,G1-A_aircraft-02,T002_2,2212.8691163260855,3815.461852306258,T017,3953.9901172072023,U02,existing
P125_36_4,G1,A_aircraft,G1-A_aircraft-02,T017,7769.45196951346,10113.299044225432,,,U02,existing
P125_36_4,G1,B_aircraft,G1-B_aircraft-01,T005,0.0,1210.3573074816584,T008,1138.4034140657216,U05,existing
P125_36_4,G1,B_aircraft,G1-B_aircraft-01,T008,2348.76072154738,4193.299611702947,T014_2,1366.428592214369,U05,existing
P125_36_4,G1,B_aircraft,G1-B_aircraft-01,T014_2,5559.728203917316,7425.499213465236,,,U05,existing
P125_36_4,G1,B_aircraft,G1-B_aircraft-02,T013,2.631913957884535e-07,1958.0412717501863,T015,139.07410155245316,U06,existing
P125_36_4,G1,B_aircraft,G1-B_aircraft-02,T015,2097.1153733026395,3651.686732430321,T021,5.000100000001112,U06,existing
P125_36_4,G1,B_aircraft,G1-B_aircraft-02,T021,3656.6868324303223,5554.728103917317,T022,4158.765374611327,U06,existing
P125_36_4,G1,B_aircraft,G1-B_aircraft-02,T022,9713.493478528644,11214.272215143501,,,U06,existing
P125_36_4,G1,C_aircraft,G1-C_aircraft-01,T003,0.0,1429.4261775174655,T004,5.000099999999975,U07,existing
P125_36_4,G1,C_aircraft,G1-C_aircraft-01,T004,1434.4262775174655,3604.9947859277245,T012,5.000100000002021,U07,existing
P125_36_4,G1,C_aircraft,G1-C_aircraft-01,T012,3609.9948859277265,5725.07652720618,,,U07,existing
P125_36_4,G1,C_aircraft,G1-C_aircraft-02,T001,3266.2596890284995,4827.685866545965,T019_2,5.000099999999293,U08,existing
P125_36_4,G1,C_aircraft,G1-C_aircraft-02,T019_2,4832.685966545964,7071.870031513806,,,U08,existing
P125_36_4,G1,A_batteries,G1-A_batteries-01,T011,2058.1153733026395,5546.539457030654,,,A01,existing
P125_36_4,G1,A_batteries,G1-A_batteries-02,T002_2,2212.8691163260855,4879.929014022942,T017,2889.522955490518,A02,existing
P125_36_4,G1,A_batteries,G1-A_batteries-02,T017,7769.45196951346,11476.863027475007,,,A02,existing
P125_36_4,G1,B_batteries,G1-B_batteries-01,T005,0.0,2343.7606215473797,T021,1312.9262108829425,B01,existing
P125_36_4,G1,B_batteries,G1-B_batteries-01,T021,3656.6868324303223,7421.910255834926,,,B01,existing
P125_36_4,G1,B_batteries,G1-B_batteries-02,T013,2.631913957884535e-07,3917.286899235777,T014_2,1642.441304681539,B02,existing
P125_36_4,G1,B_batteries,G1-B_batteries-02,T014_2,5559.728203917316,9106.026402123385,,,B02,existing
P125_36_4,G1,B_batteries,G1-B_batteries-03,T015,2097.1153733026395,5107.472874353213,T022,4606.020604175431,B03,existing
P125_36_4,G1,B_batteries,G1-B_batteries-03,T022,9713.493478528644,12750.274657105232,,,B03,existing
P125_36_4,G1,B_batteries,G1-B_batteries-04,T008,2348.76072154738,5781.961574782329,,,B04,existing
P125_36_4,G1,C_batteries,G1-C_batteries-01,T003,0.0,2947.606630665684,T019_2,1885.0793358802803,C01,existing
P125_36_4,G1,C_batteries,G1-C_batteries-01,T019_2,4832.685966545964,9540.547812933855,,,C01,existing
P125_36_4,G1,C_batteries,G1-C_batteries-02,T004,1434.4262775174655,5752.089857916125,,,C02,existing
P125_36_4,G1,C_batteries,G1-C_batteries-03,T001,3266.2596890284995,6416.352542791451,,,C03,existing
P125_36_4,G1,C_batteries,G1-C_batteries-04,T012,3609.9948859277265,8217.742244657848,,,C04,existing
P125_36_4,G1,relay_aircraft,G1-relay_aircraft-01,R003,5.186098884268291,7850.634235067152,R004,1733.0453420825716,R01,existing
P125_36_4,G1,relay_aircraft,G1-relay_aircraft-01,R004,9583.679577149724,11813.399509678484,,,R01,existing
P125_36_4,G1,relay_aircraft,G1-relay_aircraft-02,R005,2134.2977388563304,4587.002647985877,R006,3268.6316870812743,R02,existing
P125_36_4,G1,relay_aircraft,G1-relay_aircraft-02,R006,7855.634335067151,10510.693895951956,,,R02,existing
P125_36_4,G1,relay_components,G1-relay_components-01,R003,5.186098884268291,8956.255878782365,R004,627.4236983673582,RE01,existing
P125_36_4,G1,relay_components,G1-relay_components-01,R004,9583.679577149724,12221.929892002603,,,RE01,existing
P125_36_4,G1,relay_components,G1-relay_components-02,R005,2134.2977388563304,5015.591855407197,R006,2840.0424796599546,RE02,existing
P125_36_4,G1,relay_components,G1-relay_components-02,R006,7855.634335067151,10964.401779763033,,,RE02,existing
P125_36_4,G2,A_aircraft,G2-A_aircraft-01,T002_1,0.0,1652.4416357195464,T016,2705.4237932369183,U03,existing
P125_36_4,G2,A_aircraft,G2-A_aircraft-01,T016,4357.865428956465,6053.623533624929,T023,0.00010000000020227162,U03,existing
P125_36_4,G2,A_aircraft,G2-A_aircraft-01,T023,6053.623633624929,7689.381738293394,T019_1,9.999999838328222e-05,U03,existing
P125_36_4,G2,A_aircraft,G2-A_aircraft-01,T019_1,7689.381838293392,9325.139942961858,,,U03,existing
P125_36_4,G2,A_aircraft,G2-A_aircraft-02,T014_1,0.0,1695.7581046684645,T007,2637.107324288001,U04,existing
P125_36_4,G2,A_aircraft,G2-A_aircraft-02,T007,4332.865428956466,6940.9063260653875,T020,0.00010000000111176632,U04,existing
P125_36_4,G2,A_aircraft,G2-A_aircraft-02,T020,6940.906426065389,8911.116273042207,,,U04,existing
P125_36_4,G2,B_aircraft,G2-B_aircraft-01,T006,5112.4729743532125,6302.1032600896515,,,NEW-B_aircraft-01,procurement_required
P125_36_4,G2,C_aircraft,G2-C_aircraft-01,T010_1,0.0,1823.224406150507,T018,3933.865551765618,NEW-C_aircraft-01,procurement_required
P125_36_4,G2,C_aircraft,G2-C_aircraft-01,T018,5757.089957916125,8192.899478773774,,,NEW-C_aircraft-01,procurement_required
P125_36_4,G2,A_batteries,G2-A_batteries-01,T002_1,0.0,2667.5322461730734,T016,1690.3331827833913,A03,existing
P125_36_4,G2,A_batteries,G2-A_batteries-01,T016,4357.865428956465,7189.599845781131,T019_1,499.78199251226124,A03,existing
P125_36_4,G2,A_batteries,G2-A_batteries-01,T019_1,7689.381838293392,10409.758236602142,,,A03,existing
P125_36_4,G2,A_batteries,G2-A_batteries-02,T014_1,0.0,2810.952429148163,T007,1521.9129998083026,A04,existing
P125_36_4,G2,A_batteries,G2-A_batteries-02,T007,4332.865428956466,8394.169789148978,,,A04,existing
P125_36_4,G2,A_batteries,G2-A_batteries-03,T023,6053.623633624929,8794.320358969193,,,A05,existing
P125_36_4,G2,A_batteries,G2-A_batteries-04,T020,6940.906426065389,10151.116923729283,,,A06,existing
P125_36_4,G2,B_batteries,G2-B_batteries-01,T006,5112.4729743532125,7435.544137052532,,,NEW-B_batteries-01,procurement_required
P125_36_4,G2,C_batteries,G2-C_batteries-01,T010_1,0.0,3563.4170832737245,T018,2193.6728746424005,NEW-C_batteries-01,procurement_required
P125_36_4,G2,C_batteries,G2-C_batteries-01,T018,5757.089957916125,10691.253758748288,,,NEW-C_batteries-01,procurement_required
P125_36_4,G2,relay_aircraft,G2-relay_aircraft-01,R001,162.1373190294086,2129.297638856331,R002,2462.7051091295434,NEW-relay_aircraft-01,procurement_required
P125_36_4,G2,relay_aircraft,G2-relay_aircraft-01,R002,4592.0027479858745,9578.679477149724,,,NEW-relay_aircraft-01,procurement_required
P125_36_4,G2,relay_components,G2-relay_components-01,R001,162.1373190294086,2493.9201725268517,R002,2098.082575459023,RE03,existing
P125_36_4,G2,relay_components,G2-relay_components-01,R002,4592.0027479858745,10318.120453993146,,,RE03,existing
P125_36_4,G3,A_aircraft,G3-A_aircraft-01,T009,0.0,1316.0142144169886,,,NEW-A_aircraft-01,procurement_required
P125_36_4,G3,C_aircraft,G3-C_aircraft-01,T010_2,1828.2245061505073,3261.2595890284992,,,NEW-C_aircraft-02,procurement_required
P125_36_4,G3,A_batteries,G3-A_batteries-01,T009,0.0,2207.8690163260853,,,NEW-A_batteries-01,procurement_required
P125_36_4,G3,C_batteries,G3-C_batteries-01,T010_2,1828.2245061505073,4709.032782226957,,,NEW-C_batteries-02,procurement_required
P125_3_46,G1,A_aircraft,G1-A_aircraft-01,T011,2058.1153733026395,4188.754462062222,,,U01,existing
P125_3_46,G1,A_aircraft,G1-A_aircraft-02,T002_2,2212.8691163260855,3815.461852306258,T017,3953.9901172072023,U02,existing
P125_3_46,G1,A_aircraft,G1-A_aircraft-02,T017,7769.45196951346,10113.299044225432,,,U02,existing
P125_3_46,G1,B_aircraft,G1-B_aircraft-01,T005,0.0,1210.3573074816584,T008,1138.4034140657216,U05,existing
P125_3_46,G1,B_aircraft,G1-B_aircraft-01,T008,2348.76072154738,4193.299611702947,T014_2,1366.428592214369,U05,existing
P125_3_46,G1,B_aircraft,G1-B_aircraft-01,T014_2,5559.728203917316,7425.499213465236,,,U05,existing
P125_3_46,G1,B_aircraft,G1-B_aircraft-02,T013,2.631913957884535e-07,1958.0412717501863,T015,139.07410155245316,U06,existing
P125_3_46,G1,B_aircraft,G1-B_aircraft-02,T015,2097.1153733026395,3651.686732430321,T021,5.000100000001112,U06,existing
P125_3_46,G1,B_aircraft,G1-B_aircraft-02,T021,3656.6868324303223,5554.728103917317,T022,4158.765374611327,U06,existing
P125_3_46,G1,B_aircraft,G1-B_aircraft-02,T022,9713.493478528644,11214.272215143501,,,U06,existing
P125_3_46,G1,C_aircraft,G1-C_aircraft-01,T003,0.0,1429.4261775174655,T004,5.000099999999975,U07,existing
P125_3_46,G1,C_aircraft,G1-C_aircraft-01,T004,1434.4262775174655,3604.9947859277245,T012,5.000100000002021,U07,existing
P125_3_46,G1,C_aircraft,G1-C_aircraft-01,T012,3609.9948859277265,5725.07652720618,,,U07,existing
P125_3_46,G1,C_aircraft,G1-C_aircraft-02,T001,3266.2596890284995,4827.685866545965,T019_2,5.000099999999293,U08,existing
P125_3_46,G1,C_aircraft,G1-C_aircraft-02,T019_2,4832.685966545964,7071.870031513806,,,U08,existing
P125_3_46,G1,A_batteries,G1-A_batteries-01,T011,2058.1153733026395,5546.539457030654,,,A01,existing
P125_3_46,G1,A_batteries,G1-A_batteries-02,T002_2,2212.8691163260855,4879.929014022942,T017,2889.522955490518,A02,existing
P125_3_46,G1,A_batteries,G1-A_batteries-02,T017,7769.45196951346,11476.863027475007,,,A02,existing
P125_3_46,G1,B_batteries,G1-B_batteries-01,T005,0.0,2343.7606215473797,T021,1312.9262108829425,B01,existing
P125_3_46,G1,B_batteries,G1-B_batteries-01,T021,3656.6868324303223,7421.910255834926,,,B01,existing
P125_3_46,G1,B_batteries,G1-B_batteries-02,T013,2.631913957884535e-07,3917.286899235777,T014_2,1642.441304681539,B02,existing
P125_3_46,G1,B_batteries,G1-B_batteries-02,T014_2,5559.728203917316,9106.026402123385,,,B02,existing
P125_3_46,G1,B_batteries,G1-B_batteries-03,T015,2097.1153733026395,5107.472874353213,T022,4606.020604175431,B03,existing
P125_3_46,G1,B_batteries,G1-B_batteries-03,T022,9713.493478528644,12750.274657105232,,,B03,existing
P125_3_46,G1,B_batteries,G1-B_batteries-04,T008,2348.76072154738,5781.961574782329,,,B04,existing
P125_3_46,G1,C_batteries,G1-C_batteries-01,T003,0.0,2947.606630665684,T019_2,1885.0793358802803,C01,existing
P125_3_46,G1,C_batteries,G1-C_batteries-01,T019_2,4832.685966545964,9540.547812933855,,,C01,existing
P125_3_46,G1,C_batteries,G1-C_batteries-02,T004,1434.4262775174655,5752.089857916125,,,C02,existing
P125_3_46,G1,C_batteries,G1-C_batteries-03,T001,3266.2596890284995,6416.352542791451,,,C03,existing
P125_3_46,G1,C_batteries,G1-C_batteries-04,T012,3609.9948859277265,8217.742244657848,,,C04,existing
P125_3_46,G1,relay_aircraft,G1-relay_aircraft-01,R003,5.186098884268291,7850.634235067152,R004,1733.0453420825716,R01,existing
P125_3_46,G1,relay_aircraft,G1-relay_aircraft-01,R004,9583.679577149724,11813.399509678484,,,R01,existing
P125_3_46,G1,relay_aircraft,G1-relay_aircraft-02,R005,2134.2977388563304,4587.002647985877,R006,3268.6316870812743,R02,existing
P125_3_46,G1,relay_aircraft,G1-relay_aircraft-02,R006,7855.634335067151,10510.693895951956,,,R02,existing
P125_3_46,G1,relay_components,G1-relay_components-01,R003,5.186098884268291,8956.255878782365,R004,627.4236983673582,RE01,existing
P125_3_46,G1,relay_components,G1-relay_components-01,R004,9583.679577149724,12221.929892002603,,,RE01,existing
P125_3_46,G1,relay_components,G1-relay_components-02,R005,2134.2977388563304,5015.591855407197,R006,2840.0424796599546,RE02,existing
P125_3_46,G1,relay_components,G1-relay_components-02,R006,7855.634335067151,10964.401779763033,,,RE02,existing
P125_3_46,G2,A_aircraft,G2-A_aircraft-01,T002_1,0.0,1652.4416357195464,T016,2705.4237932369183,U03,existing
P125_3_46,G2,A_aircraft,G2-A_aircraft-01,T016,4357.865428956465,6053.623533624929,T023,0.00010000000020227162,U03,existing
P125_3_46,G2,A_aircraft,G2-A_aircraft-01,T023,6053.623633624929,7689.381738293394,T019_1,9.999999838328222e-05,U03,existing
P125_3_46,G2,A_aircraft,G2-A_aircraft-01,T019_1,7689.381838293392,9325.139942961858,,,U03,existing
P125_3_46,G2,A_aircraft,G2-A_aircraft-02,T014_1,0.0,1695.7581046684645,T007,2637.107324288001,U04,existing
P125_3_46,G2,A_aircraft,G2-A_aircraft-02,T007,4332.865428956466,6940.9063260653875,T020,0.00010000000111176632,U04,existing
P125_3_46,G2,A_aircraft,G2-A_aircraft-02,T020,6940.906426065389,8911.116273042207,,,U04,existing
P125_3_46,G2,C_aircraft,G2-C_aircraft-01,T010_1,0.0,1823.224406150507,T018,3933.865551765618,NEW-C_aircraft-01,procurement_required
P125_3_46,G2,C_aircraft,G2-C_aircraft-01,T018,5757.089957916125,8192.899478773774,,,NEW-C_aircraft-01,procurement_required
P125_3_46,G2,A_batteries,G2-A_batteries-01,T002_1,0.0,2667.5322461730734,T016,1690.3331827833913,A03,existing
P125_3_46,G2,A_batteries,G2-A_batteries-01,T016,4357.865428956465,7189.599845781131,T019_1,499.78199251226124,A03,existing
P125_3_46,G2,A_batteries,G2-A_batteries-01,T019_1,7689.381838293392,10409.758236602142,,,A03,existing
P125_3_46,G2,A_batteries,G2-A_batteries-02,T014_1,0.0,2810.952429148163,T007,1521.9129998083026,A04,existing
P125_3_46,G2,A_batteries,G2-A_batteries-02,T007,4332.865428956466,8394.169789148978,,,A04,existing
P125_3_46,G2,A_batteries,G2-A_batteries-03,T023,6053.623633624929,8794.320358969193,,,A05,existing
P125_3_46,G2,A_batteries,G2-A_batteries-04,T020,6940.906426065389,10151.116923729283,,,A06,existing
P125_3_46,G2,C_batteries,G2-C_batteries-01,T010_1,0.0,3563.4170832737245,T018,2193.6728746424005,NEW-C_batteries-01,procurement_required
P125_3_46,G2,C_batteries,G2-C_batteries-01,T018,5757.089957916125,10691.253758748288,,,NEW-C_batteries-01,procurement_required
P125_3_46,G2,relay_aircraft,G2-relay_aircraft-01,R001,162.1373190294086,2129.297638856331,R002,2462.7051091295434,NEW-relay_aircraft-01,procurement_required
P125_3_46,G2,relay_aircraft,G2-relay_aircraft-01,R002,4592.0027479858745,9578.679477149724,,,NEW-relay_aircraft-01,procurement_required
P125_3_46,G2,relay_components,G2-relay_components-01,R001,162.1373190294086,2493.9201725268517,R002,2098.082575459023,RE03,existing
P125_3_46,G2,relay_components,G2-relay_components-01,R002,4592.0027479858745,10318.120453993146,,,RE03,existing
P125_3_46,G3,A_aircraft,G3-A_aircraft-01,T009,0.0,1316.0142144169886,,,NEW-A_aircraft-01,procurement_required
P125_3_46,G3,B_aircraft,G3-B_aircraft-01,T006,5112.4729743532125,6302.1032600896515,,,NEW-B_aircraft-01,procurement_required
P125_3_46,G3,C_aircraft,G3-C_aircraft-01,T010_2,1828.2245061505073,3261.2595890284992,,,NEW-C_aircraft-02,procurement_required
P125_3_46,G3,A_batteries,G3-A_batteries-01,T009,0.0,2207.8690163260853,,,NEW-A_batteries-01,procurement_required
P125_3_46,G3,B_batteries,G3-B_batteries-01,T006,5112.4729743532125,7435.544137052532,,,NEW-B_batteries-01,procurement_required
P125_3_46,G3,C_batteries,G3-C_batteries-01,T010_2,1828.2245061505073,4709.032782226957,,,NEW-C_batteries-02,procurement_required
P126_35_4,G1,B_aircraft,G1-B_aircraft-01,T005,0.0,1210.3573074816584,T006,3902.115666871554,U05,existing
P126_35_4,G1,B_aircraft,G1-B_aircraft-01,T006,5112.4729743532125,6302.1032600896515,T022,3411.3902184389926,U05,existing
P126_35_4,G1,B_aircraft,G1-B_aircraft-01,T022,9713.493478528644,11214.272215143501,,,U05,existing
P126_35_4,G1,B_aircraft,G1-B_aircraft-02,T013,2.631913957884535e-07,1958.0412717501863,T021,1698.645560680136,U06,existing
P126_35_4,G1,B_aircraft,G1-B_aircraft-02,T021,3656.6868324303223,5554.728103917317,T014_2,5.000099999999293,U06,existing
P126_35_4,G1,B_aircraft,G1-B_aircraft-02,T014_2,5559.728203917316,7425.499213465236,,,U06,existing
P126_35_4,G1,C_aircraft,G1-C_aircraft-01,T003,0.0,1429.4261775174655,T004,5.000099999999975,U07,existing
P126_35_4,G1,C_aircraft,G1-C_aircraft-01,T004,1434.4262775174655,3604.9947859277245,T012,5.000100000002021,U07,existing
P126_35_4,G1,C_aircraft,G1-C_aircraft-01,T012,3609.9948859277265,5725.07652720618,,,U07,existing
P126_35_4,G1,C_aircraft,G1-C_aircraft-02,T001,3266.2596890284995,4827.685866545965,T019_2,5.000099999999293,U08,existing
P126_35_4,G1,C_aircraft,G1-C_aircraft-02,T019_2,4832.685966545964,7071.870031513806,,,U08,existing
P126_35_4,G1,B_batteries,G1-B_batteries-01,T005,0.0,2343.7606215473797,T006,2768.712352805833,B01,existing
P126_35_4,G1,B_batteries,G1-B_batteries-01,T006,5112.4729743532125,7435.544137052532,,,B01,existing
P126_35_4,G1,B_batteries,G1-B_batteries-02,T013,2.631913957884535e-07,3917.286899235777,T014_2,1642.441304681539,B02,existing
P126_35_4,G1,B_batteries,G1-B_batteries-02,T014_2,5559.728203917316,9106.026402123385,,,B02,existing
P126_35_4,G1,B_batteries,G1-B_batteries-03,T021,3656.6868324303223,7421.910255834926,T022,2291.583222693718,B03,existing
P126_35_4,G1,B_batteries,G1-B_batteries-03,T022,9713.493478528644,12750.274657105232,,,B03,existing
P126_35_4,G1,C_batteries,G1-C_batteries-01,T003,0.0,2947.606630665684,T019_2,1885.0793358802803,C01,existing
P126_35_4,G1,C_batteries,G1-C_batteries-01,T019_2,4832.685966545964,9540.547812933855,,,C01,existing
P126_35_4,G1,C_batteries,G1-C_batteries-02,T004,1434.4262775174655,5752.089857916125,,,C02,existing
P126_35_4,G1,C_batteries,G1-C_batteries-03,T001,3266.2596890284995,6416.352542791451,,,C03,existing
P126_35_4,G1,C_batteries,G1-C_batteries-04,T012,3609.9948859277265,8217.742244657848,,,C04,existing
P126_35_4,G1,relay_aircraft,G1-relay_aircraft-01,R003,5.186098884268291,7850.634235067152,R004,1733.0453420825716,R01,existing
P126_35_4,G1,relay_aircraft,G1-relay_aircraft-01,R004,9583.679577149724,11813.399509678484,,,R01,existing
P126_35_4,G1,relay_components,G1-relay_components-01,R003,5.186098884268291,8956.255878782365,R004,627.4236983673582,RE01,existing
P126_35_4,G1,relay_components,G1-relay_components-01,R004,9583.679577149724,12221.929892002603,,,RE01,existing
P126_35_4,G2,A_aircraft,G2-A_aircraft-01,T002_1,0.0,1652.4416357195464,T002_2,560.4274806065391,U01,existing
P126_35_4,G2,A_aircraft,G2-A_aircraft-01,T002_2,2212.8691163260855,3815.461852306258,T016,542.4035766502066,U01,existing
P126_35_4,G2,A_aircraft,G2-A_aircraft-01,T016,4357.865428956465,6053.623533624929,T020,887.2828924404594,U01,existing
P126_35_4,G2,A_aircraft,G2-A_aircraft-01,T020,6940.906426065389,8911.116273042207,,,U01,existing
P126_35_4,G2,A_aircraft,G2-A_aircraft-02,T014_1,0.0,1695.7581046684645,T011,362.35726863417494,U02,existing
P126_35_4,G2,A_aircraft,G2-A_aircraft-02,T011,2058.1153733026395,4188.754462062222,T007,144.11096689424357,U02,existing
P126_35_4,G2,A_aircraft,G2-A_aircraft-02,T007,4332.865428956466,6940.9063260653875,T019_1,748.4755122280048,U02,existing
P126_35_4,G2,A_aircraft,G2-A_aircraft-02,T019_1,7689.381838293392,9325.139942961858,,,U02,existing
P126_35_4,G2,A_aircraft,G2-A_aircraft-03,T023,6053.623633624929,7689.381738293394,T017,80.07023122006649,U03,existing
P126_35_4,G2,A_aircraft,G2-A_aircraft-03,T017,7769.45196951346,10113.299044225432,,,U03,existing
P126_35_4,G2,B_aircraft,G2-B_aircraft-01,T015,2097.1153733026395,3651.686732430321,,,NEW-B_aircraft-01,procurement_required
P126_35_4,G2,B_aircraft,G2-B_aircraft-02,T008,2348.76072154738,4193.299611702947,,,NEW-B_aircraft-02,procurement_required
P126_35_4,G2,C_aircraft,G2-C_aircraft-01,T010_1,0.0,1823.224406150507,T018,3933.865551765618,NEW-C_aircraft-01,procurement_required
P126_35_4,G2,C_aircraft,G2-C_aircraft-01,T018,5757.089957916125,8192.899478773774,,,NEW-C_aircraft-01,procurement_required
P126_35_4,G2,A_batteries,G2-A_batteries-01,T002_1,0.0,2667.5322461730734,T016,1690.3331827833913,A01,existing
P126_35_4,G2,A_batteries,G2-A_batteries-01,T016,4357.865428956465,7189.599845781131,T017,579.8521237323293,A01,existing
P126_35_4,G2,A_batteries,G2-A_batteries-01,T017,7769.45196951346,11476.863027475007,,,A01,existing
P126_35_4,G2,A_batteries,G2-A_batteries-02,T014_1,0.0,2810.952429148163,T007,1521.9129998083026,A02,existing
P126_35_4,G2,A_batteries,G2-A_batteries-02,T007,4332.865428956466,8394.169789148978,,,A02,existing
P126_35_4,G2,A_batteries,G2-A_batteries-03,T011,2058.1153733026395,5546.539457030654,T020,1394.3669690347342,A03,existing
P126_35_4,G2,A_batteries,G2-A_batteries-03,T020,6940.906426065389,10151.116923729283,,,A03,existing
P126_35_4,G2,A_batteries,G2-A_batteries-04,T002_2,2212.8691163260855,4879.929014022942,T023,1173.6946196019871,A04,existing
P126_35_4,G2,A_batteries,G2-A_batteries-04,T023,6053.623633624929,8794.320358969193,,,A04,existing
P126_35_4,G2,A_batteries,G2-A_batteries-05,T019_1,7689.381838293392,10409.758236602142,,,A05,existing
P126_35_4,G2,B_batteries,G2-B_batteries-01,T015,2097.1153733026395,5107.472874353213,,,B04,existing
P126_35_4,G2,B_batteries,G2-B_batteries-02,T008,2348.76072154738,5781.961574782329,,,NEW-B_batteries-01,procurement_required
P126_35_4,G2,C_batteries,G2-C_batteries-01,T010_1,0.0,3563.4170832737245,T018,2193.6728746424005,NEW-C_batteries-01,procurement_required
P126_35_4,G2,C_batteries,G2-C_batteries-01,T018,5757.089957916125,10691.253758748288,,,NEW-C_batteries-01,procurement_required
P126_35_4,G2,relay_aircraft,G2-relay_aircraft-01,R001,162.1373190294086,2129.297638856331,R002,2462.7051091295434,R02,existing
P126_35_4,G2,relay_aircraft,G2-relay_aircraft-01,R002,4592.0027479858745,9578.679477149724,,,R02,existing
P126_35_4,G2,relay_aircraft,G2-relay_aircraft-02,R005,2134.2977388563304,4587.002647985877,R006,3268.6316870812743,NEW-relay_aircraft-01,procurement_required
P126_35_4,G2,relay_aircraft,G2-relay_aircraft-02,R006,7855.634335067151,10510.693895951956,,,NEW-relay_aircraft-01,procurement_required
P126_35_4,G2,relay_components,G2-relay_components-01,R001,162.1373190294086,2493.9201725268517,R002,2098.082575459023,RE02,existing
P126_35_4,G2,relay_components,G2-relay_components-01,R002,4592.0027479858745,10318.120453993146,,,RE02,existing
P126_35_4,G2,relay_components,G2-relay_components-02,R005,2134.2977388563304,5015.591855407197,R006,2840.0424796599546,RE03,existing
P126_35_4,G2,relay_components,G2-relay_components-02,R006,7855.634335067151,10964.401779763033,,,RE03,existing
P126_35_4,G3,A_aircraft,G3-A_aircraft-01,T009,0.0,1316.0142144169886,,,U04,existing
P126_35_4,G3,C_aircraft,G3-C_aircraft-01,T010_2,1828.2245061505073,3261.2595890284992,,,NEW-C_aircraft-02,procurement_required
P126_35_4,G3,A_batteries,G3-A_batteries-01,T009,0.0,2207.8690163260853,,,A06,existing
P126_35_4,G3,C_batteries,G3-C_batteries-01,T010_2,1828.2245061505073,4709.032782226957,,,NEW-C_batteries-02,procurement_required
P12_356_4,G1,B_aircraft,G1-B_aircraft-01,T005,0.0,1210.3573074816584,T021,2446.3295249486637,U05,existing
P12_356_4,G1,B_aircraft,G1-B_aircraft-01,T021,3656.6868324303223,5554.728103917317,T022,4158.765374611327,U05,existing
P12_356_4,G1,B_aircraft,G1-B_aircraft-01,T022,9713.493478528644,11214.272215143501,,,U05,existing
P12_356_4,G1,B_aircraft,G1-B_aircraft-02,T013,2.631913957884535e-07,1958.0412717501863,T014_2,3601.6869321671297,U06,existing
P12_356_4,G1,B_aircraft,G1-B_aircraft-02,T014_2,5559.728203917316,7425.499213465236,,,U06,existing
P12_356_4,G1,C_aircraft,G1-C_aircraft-01,T003,0.0,1429.4261775174655,T004,5.000099999999975,U07,existing
P12_356_4,G1,C_aircraft,G1-C_aircraft-01,T004,1434.4262775174655,3604.9947859277245,T012,5.000100000002021,U07,existing
P12_356_4,G1,C_aircraft,G1-C_aircraft-01,T012,3609.9948859277265,5725.07652720618,,,U07,existing
P12_356_4,G1,C_aircraft,G1-C_aircraft-02,T001,3266.2596890284995,4827.685866545965,T019_2,5.000099999999293,U08,existing
P12_356_4,G1,C_aircraft,G1-C_aircraft-02,T019_2,4832.685966545964,7071.870031513806,,,U08,existing
P12_356_4,G1,B_batteries,G1-B_batteries-01,T005,0.0,2343.7606215473797,T021,1312.9262108829425,B01,existing
P12_356_4,G1,B_batteries,G1-B_batteries-01,T021,3656.6868324303223,7421.910255834926,T022,2291.583222693718,B01,existing
P12_356_4,G1,B_batteries,G1-B_batteries-01,T022,9713.493478528644,12750.274657105232,,,B01,existing
P12_356_4,G1,B_batteries,G1-B_batteries-02,T013,2.631913957884535e-07,3917.286899235777,T014_2,1642.441304681539,B02,existing
P12_356_4,G1,B_batteries,G1-B_batteries-02,T014_2,5559.728203917316,9106.026402123385,,,B02,existing
P12_356_4,G1,C_batteries,G1-C_batteries-01,T003,0.0,2947.606630665684,T019_2,1885.0793358802803,C01,existing
P12_356_4,G1,C_batteries,G1-C_batteries-01,T019_2,4832.685966545964,9540.547812933855,,,C01,existing
P12_356_4,G1,C_batteries,G1-C_batteries-02,T004,1434.4262775174655,5752.089857916125,,,C02,existing
P12_356_4,G1,C_batteries,G1-C_batteries-03,T001,3266.2596890284995,6416.352542791451,,,C03,existing
P12_356_4,G1,C_batteries,G1-C_batteries-04,T012,3609.9948859277265,8217.742244657848,,,C04,existing
P12_356_4,G1,relay_aircraft,G1-relay_aircraft-01,R003,5.186098884268291,7850.634235067152,R004,1733.0453420825716,R01,existing
P12_356_4,G1,relay_aircraft,G1-relay_aircraft-01,R004,9583.679577149724,11813.399509678484,,,R01,existing
P12_356_4,G1,relay_components,G1-relay_components-01,R003,5.186098884268291,8956.255878782365,R004,627.4236983673582,RE01,existing
P12_356_4,G1,relay_components,G1-relay_components-01,R004,9583.679577149724,12221.929892002603,,,RE01,existing
P12_356_4,G2,A_aircraft,G2-A_aircraft-01,T002_1,0.0,1652.4416357195464,T002_2,560.4274806065391,U01,existing
P12_356_4,G2,A_aircraft,G2-A_aircraft-01,T002_2,2212.8691163260855,3815.461852306258,T016,542.4035766502066,U01,existing
P12_356_4,G2,A_aircraft,G2-A_aircraft-01,T016,4357.865428956465,6053.623533624929,T020,887.2828924404594,U01,existing
P12_356_4,G2,A_aircraft,G2-A_aircraft-01,T020,6940.906426065389,8911.116273042207,,,U01,existing
P12_356_4,G2,A_aircraft,G2-A_aircraft-02,T014_1,0.0,1695.7581046684645,T011,362.35726863417494,U02,existing
P12_356_4,G2,A_aircraft,G2-A_aircraft-02,T011,2058.1153733026395,4188.754462062222,T007,144.11096689424357,U02,existing
P12_356_4,G2,A_aircraft,G2-A_aircraft-02,T007,4332.865428956466,6940.9063260653875,T019_1,748.4755122280048,U02,existing
P12_356_4,G2,A_aircraft,G2-A_aircraft-02,T019_1,7689.381838293392,9325.139942961858,,,U02,existing
P12_356_4,G2,A_aircraft,G2-A_aircraft-03,T023,6053.623633624929,7689.381738293394,T017,80.07023122006649,U03,existing
P12_356_4,G2,A_aircraft,G2-A_aircraft-03,T017,7769.45196951346,10113.299044225432,,,U03,existing
P12_356_4,G2,B_aircraft,G2-B_aircraft-01,T015,2097.1153733026395,3651.686732430321,T006,1460.7862419228913,NEW-B_aircraft-01,procurement_required
P12_356_4,G2,B_aircraft,G2-B_aircraft-01,T006,5112.4729743532125,6302.1032600896515,,,NEW-B_aircraft-01,procurement_required
P12_356_4,G2,B_aircraft,G2-B_aircraft-02,T008,2348.76072154738,4193.299611702947,,,NEW-B_aircraft-02,procurement_required
P12_356_4,G2,C_aircraft,G2-C_aircraft-01,T010_1,0.0,1823.224406150507,T018,3933.865551765618,NEW-C_aircraft-01,procurement_required
P12_356_4,G2,C_aircraft,G2-C_aircraft-01,T018,5757.089957916125,8192.899478773774,,,NEW-C_aircraft-01,procurement_required
P12_356_4,G2,A_batteries,G2-A_batteries-01,T002_1,0.0,2667.5322461730734,T016,1690.3331827833913,A01,existing
P12_356_4,G2,A_batteries,G2-A_batteries-01,T016,4357.865428956465,7189.599845781131,T017,579.8521237323293,A01,existing
P12_356_4,G2,A_batteries,G2-A_batteries-01,T017,7769.45196951346,11476.863027475007,,,A01,existing
P12_356_4,G2,A_batteries,G2-A_batteries-02,T014_1,0.0,2810.952429148163,T007,1521.9129998083026,A02,existing
P12_356_4,G2,A_batteries,G2-A_batteries-02,T007,4332.865428956466,8394.169789148978,,,A02,existing
P12_356_4,G2,A_batteries,G2-A_batteries-03,T011,2058.1153733026395,5546.539457030654,T020,1394.3669690347342,A03,existing
P12_356_4,G2,A_batteries,G2-A_batteries-03,T020,6940.906426065389,10151.116923729283,,,A03,existing
P12_356_4,G2,A_batteries,G2-A_batteries-04,T002_2,2212.8691163260855,4879.929014022942,T023,1173.6946196019871,A04,existing
P12_356_4,G2,A_batteries,G2-A_batteries-04,T023,6053.623633624929,8794.320358969193,,,A04,existing
P12_356_4,G2,A_batteries,G2-A_batteries-05,T019_1,7689.381838293392,10409.758236602142,,,A05,existing
P12_356_4,G2,B_batteries,G2-B_batteries-01,T015,2097.1153733026395,5107.472874353213,T006,5.000099999999293,B03,existing
P12_356_4,G2,B_batteries,G2-B_batteries-01,T006,5112.4729743532125,7435.544137052532,,,B03,existing
P12_356_4,G2,B_batteries,G2-B_batteries-02,T008,2348.76072154738,5781.961574782329,,,B04,existing
P12_356_4,G2,C_batteries,G2-C_batteries-01,T010_1,0.0,3563.4170832737245,T018,2193.6728746424005,NEW-C_batteries-01,procurement_required
P12_356_4,G2,C_batteries,G2-C_batteries-01,T018,5757.089957916125,10691.253758748288,,,NEW-C_batteries-01,procurement_required
P12_356_4,G2,relay_aircraft,G2-relay_aircraft-01,R001,162.1373190294086,2129.297638856331,R002,2462.7051091295434,R02,existing
P12_356_4,G2,relay_aircraft,G2-relay_aircraft-01,R002,4592.0027479858745,9578.679477149724,,,R02,existing
P12_356_4,G2,relay_aircraft,G2-relay_aircraft-02,R005,2134.2977388563304,4587.002647985877,R006,3268.6316870812743,NEW-relay_aircraft-01,procurement_required
P12_356_4,G2,relay_aircraft,G2-relay_aircraft-02,R006,7855.634335067151,10510.693895951956,,,NEW-relay_aircraft-01,procurement_required
P12_356_4,G2,relay_components,G2-relay_components-01,R001,162.1373190294086,2493.9201725268517,R002,2098.082575459023,RE02,existing
P12_356_4,G2,relay_components,G2-relay_components-01,R002,4592.0027479858745,10318.120453993146,,,RE02,existing
P12_356_4,G2,relay_components,G2-relay_components-02,R005,2134.2977388563304,5015.591855407197,R006,2840.0424796599546,RE03,existing
P12_356_4,G2,relay_components,G2-relay_components-02,R006,7855.634335067151,10964.401779763033,,,RE03,existing
P12_356_4,G3,A_aircraft,G3-A_aircraft-01,T009,0.0,1316.0142144169886,,,U04,existing
P12_356_4,G3,C_aircraft,G3-C_aircraft-01,T010_2,1828.2245061505073,3261.2595890284992,,,NEW-C_aircraft-02,procurement_required
P12_356_4,G3,A_batteries,G3-A_batteries-01,T009,0.0,2207.8690163260853,,,A06,existing
P12_356_4,G3,C_batteries,G3-C_batteries-01,T010_2,1828.2245061505073,4709.032782226957,,,NEW-C_batteries-02,procurement_required
P12_35_46,G1,B_aircraft,G1-B_aircraft-01,T005,0.0,1210.3573074816584,T021,2446.3295249486637,U05,existing
P12_35_46,G1,B_aircraft,G1-B_aircraft-01,T021,3656.6868324303223,5554.728103917317,T022,4158.765374611327,U05,existing
P12_35_46,G1,B_aircraft,G1-B_aircraft-01,T022,9713.493478528644,11214.272215143501,,,U05,existing
P12_35_46,G1,B_aircraft,G1-B_aircraft-02,T013,2.631913957884535e-07,1958.0412717501863,T014_2,3601.6869321671297,U06,existing
P12_35_46,G1,B_aircraft,G1-B_aircraft-02,T014_2,5559.728203917316,7425.499213465236,,,U06,existing
P12_35_46,G1,C_aircraft,G1-C_aircraft-01,T003,0.0,1429.4261775174655,T004,5.000099999999975,U07,existing
P12_35_46,G1,C_aircraft,G1-C_aircraft-01,T004,1434.4262775174655,3604.9947859277245,T012,5.000100000002021,U07,existing
P12_35_46,G1,C_aircraft,G1-C_aircraft-01,T012,3609.9948859277265,5725.07652720618,,,U07,existing
P12_35_46,G1,C_aircraft,G1-C_aircraft-02,T001,3266.2596890284995,4827.685866545965,T019_2,5.000099999999293,U08,existing
P12_35_46,G1,C_aircraft,G1-C_aircraft-02,T019_2,4832.685966545964,7071.870031513806,,,U08,existing
P12_35_46,G1,B_batteries,G1-B_batteries-01,T005,0.0,2343.7606215473797,T021,1312.9262108829425,B01,existing
P12_35_46,G1,B_batteries,G1-B_batteries-01,T021,3656.6868324303223,7421.910255834926,T022,2291.583222693718,B01,existing
P12_35_46,G1,B_batteries,G1-B_batteries-01,T022,9713.493478528644,12750.274657105232,,,B01,existing
P12_35_46,G1,B_batteries,G1-B_batteries-02,T013,2.631913957884535e-07,3917.286899235777,T014_2,1642.441304681539,B02,existing
P12_35_46,G1,B_batteries,G1-B_batteries-02,T014_2,5559.728203917316,9106.026402123385,,,B02,existing
P12_35_46,G1,C_batteries,G1-C_batteries-01,T003,0.0,2947.606630665684,T019_2,1885.0793358802803,C01,existing
P12_35_46,G1,C_batteries,G1-C_batteries-01,T019_2,4832.685966545964,9540.547812933855,,,C01,existing
P12_35_46,G1,C_batteries,G1-C_batteries-02,T004,1434.4262775174655,5752.089857916125,,,C02,existing
P12_35_46,G1,C_batteries,G1-C_batteries-03,T001,3266.2596890284995,6416.352542791451,,,C03,existing
P12_35_46,G1,C_batteries,G1-C_batteries-04,T012,3609.9948859277265,8217.742244657848,,,C04,existing
P12_35_46,G1,relay_aircraft,G1-relay_aircraft-01,R003,5.186098884268291,7850.634235067152,R004,1733.0453420825716,R01,existing
P12_35_46,G1,relay_aircraft,G1-relay_aircraft-01,R004,9583.679577149724,11813.399509678484,,,R01,existing
P12_35_46,G1,relay_components,G1-relay_components-01,R003,5.186098884268291,8956.255878782365,R004,627.4236983673582,RE01,existing
P12_35_46,G1,relay_components,G1-relay_components-01,R004,9583.679577149724,12221.929892002603,,,RE01,existing
P12_35_46,G2,A_aircraft,G2-A_aircraft-01,T002_1,0.0,1652.4416357195464,T002_2,560.4274806065391,U01,existing
P12_35_46,G2,A_aircraft,G2-A_aircraft-01,T002_2,2212.8691163260855,3815.461852306258,T016,542.4035766502066,U01,existing
P12_35_46,G2,A_aircraft,G2-A_aircraft-01,T016,4357.865428956465,6053.623533624929,T020,887.2828924404594,U01,existing
P12_35_46,G2,A_aircraft,G2-A_aircraft-01,T020,6940.906426065389,8911.116273042207,,,U01,existing
P12_35_46,G2,A_aircraft,G2-A_aircraft-02,T014_1,0.0,1695.7581046684645,T011,362.35726863417494,U02,existing
P12_35_46,G2,A_aircraft,G2-A_aircraft-02,T011,2058.1153733026395,4188.754462062222,T007,144.11096689424357,U02,existing
P12_35_46,G2,A_aircraft,G2-A_aircraft-02,T007,4332.865428956466,6940.9063260653875,T019_1,748.4755122280048,U02,existing
P12_35_46,G2,A_aircraft,G2-A_aircraft-02,T019_1,7689.381838293392,9325.139942961858,,,U02,existing
P12_35_46,G2,A_aircraft,G2-A_aircraft-03,T023,6053.623633624929,7689.381738293394,T017,80.07023122006649,U03,existing
P12_35_46,G2,A_aircraft,G2-A_aircraft-03,T017,7769.45196951346,10113.299044225432,,,U03,existing
P12_35_46,G2,B_aircraft,G2-B_aircraft-01,T015,2097.1153733026395,3651.686732430321,,,NEW-B_aircraft-01,procurement_required
P12_35_46,G2,B_aircraft,G2-B_aircraft-02,T008,2348.76072154738,4193.299611702947,,,NEW-B_aircraft-02,procurement_required
P12_35_46,G2,C_aircraft,G2-C_aircraft-01,T010_1,0.0,1823.224406150507,T018,3933.865551765618,NEW-C_aircraft-01,procurement_required
P12_35_46,G2,C_aircraft,G2-C_aircraft-01,T018,5757.089957916125,8192.899478773774,,,NEW-C_aircraft-01,procurement_required
P12_35_46,G2,A_batteries,G2-A_batteries-01,T002_1,0.0,2667.5322461730734,T016,1690.3331827833913,A01,existing
P12_35_46,G2,A_batteries,G2-A_batteries-01,T016,4357.865428956465,7189.599845781131,T017,579.8521237323293,A01,existing
P12_35_46,G2,A_batteries,G2-A_batteries-01,T017,7769.45196951346,11476.863027475007,,,A01,existing
P12_35_46,G2,A_batteries,G2-A_batteries-02,T014_1,0.0,2810.952429148163,T007,1521.9129998083026,A02,existing
P12_35_46,G2,A_batteries,G2-A_batteries-02,T007,4332.865428956466,8394.169789148978,,,A02,existing
P12_35_46,G2,A_batteries,G2-A_batteries-03,T011,2058.1153733026395,5546.539457030654,T020,1394.3669690347342,A03,existing
P12_35_46,G2,A_batteries,G2-A_batteries-03,T020,6940.906426065389,10151.116923729283,,,A03,existing
P12_35_46,G2,A_batteries,G2-A_batteries-04,T002_2,2212.8691163260855,4879.929014022942,T023,1173.6946196019871,A04,existing
P12_35_46,G2,A_batteries,G2-A_batteries-04,T023,6053.623633624929,8794.320358969193,,,A04,existing
P12_35_46,G2,A_batteries,G2-A_batteries-05,T019_1,7689.381838293392,10409.758236602142,,,A05,existing
P12_35_46,G2,B_batteries,G2-B_batteries-01,T015,2097.1153733026395,5107.472874353213,,,B03,existing
P12_35_46,G2,B_batteries,G2-B_batteries-02,T008,2348.76072154738,5781.961574782329,,,B04,existing
P12_35_46,G2,C_batteries,G2-C_batteries-01,T010_1,0.0,3563.4170832737245,T018,2193.6728746424005,NEW-C_batteries-01,procurement_required
P12_35_46,G2,C_batteries,G2-C_batteries-01,T018,5757.089957916125,10691.253758748288,,,NEW-C_batteries-01,procurement_required
P12_35_46,G2,relay_aircraft,G2-relay_aircraft-01,R001,162.1373190294086,2129.297638856331,R002,2462.7051091295434,R02,existing
P12_35_46,G2,relay_aircraft,G2-relay_aircraft-01,R002,4592.0027479858745,9578.679477149724,,,R02,existing
P12_35_46,G2,relay_aircraft,G2-relay_aircraft-02,R005,2134.2977388563304,4587.002647985877,R006,3268.6316870812743,NEW-relay_aircraft-01,procurement_required
P12_35_46,G2,relay_aircraft,G2-relay_aircraft-02,R006,7855.634335067151,10510.693895951956,,,NEW-relay_aircraft-01,procurement_required
P12_35_46,G2,relay_components,G2-relay_components-01,R001,162.1373190294086,2493.9201725268517,R002,2098.082575459023,RE02,existing
P12_35_46,G2,relay_components,G2-relay_components-01,R002,4592.0027479858745,10318.120453993146,,,RE02,existing
P12_35_46,G2,relay_components,G2-relay_components-02,R005,2134.2977388563304,5015.591855407197,R006,2840.0424796599546,RE03,existing
P12_35_46,G2,relay_components,G2-relay_components-02,R006,7855.634335067151,10964.401779763033,,,RE03,existing
P12_35_46,G3,A_aircraft,G3-A_aircraft-01,T009,0.0,1316.0142144169886,,,U04,existing
P12_35_46,G3,B_aircraft,G3-B_aircraft-01,T006,5112.4729743532125,6302.1032600896515,,,NEW-B_aircraft-03,procurement_required
P12_35_46,G3,C_aircraft,G3-C_aircraft-01,T010_2,1828.2245061505073,3261.2595890284992,,,NEW-C_aircraft-02,procurement_required
P12_35_46,G3,A_batteries,G3-A_batteries-01,T009,0.0,2207.8690163260853,,,A06,existing
P12_35_46,G3,B_batteries,G3-B_batteries-01,T006,5112.4729743532125,7435.544137052532,,,NEW-B_batteries-01,procurement_required
P12_35_46,G3,C_batteries,G3-C_batteries-01,T010_2,1828.2245061505073,4709.032782226957,,,NEW-C_batteries-02,procurement_required
P126_3_45,G1,B_aircraft,G1-B_aircraft-01,T005,0.0,1210.3573074816584,T006,3902.115666871554,U05,existing
P126_3_45,G1,B_aircraft,G1-B_aircraft-01,T006,5112.4729743532125,6302.1032600896515,T022,3411.3902184389926,U05,existing
P126_3_45,G1,B_aircraft,G1-B_aircraft-01,T022,9713.493478528644,11214.272215143501,,,U05,existing
P126_3_45,G1,B_aircraft,G1-B_aircraft-02,T013,2.631913957884535e-07,1958.0412717501863,T021,1698.645560680136,U06,existing
P126_3_45,G1,B_aircraft,G1-B_aircraft-02,T021,3656.6868324303223,5554.728103917317,T014_2,5.000099999999293,U06,existing
P126_3_45,G1,B_aircraft,G1-B_aircraft-02,T014_2,5559.728203917316,7425.499213465236,,,U06,existing
P126_3_45,G1,C_aircraft,G1-C_aircraft-01,T003,0.0,1429.4261775174655,T004,5.000099999999975,U07,existing
P126_3_45,G1,C_aircraft,G1-C_aircraft-01,T004,1434.4262775174655,3604.9947859277245,T012,5.000100000002021,U07,existing
P126_3_45,G1,C_aircraft,G1-C_aircraft-01,T012,3609.9948859277265,5725.07652720618,,,U07,existing
P126_3_45,G1,C_aircraft,G1-C_aircraft-02,T001,3266.2596890284995,4827.685866545965,T019_2,5.000099999999293,U08,existing
P126_3_45,G1,C_aircraft,G1-C_aircraft-02,T019_2,4832.685966545964,7071.870031513806,,,U08,existing
P126_3_45,G1,B_batteries,G1-B_batteries-01,T005,0.0,2343.7606215473797,T006,2768.712352805833,B01,existing
P126_3_45,G1,B_batteries,G1-B_batteries-01,T006,5112.4729743532125,7435.544137052532,,,B01,existing
P126_3_45,G1,B_batteries,G1-B_batteries-02,T013,2.631913957884535e-07,3917.286899235777,T014_2,1642.441304681539,B02,existing
P126_3_45,G1,B_batteries,G1-B_batteries-02,T014_2,5559.728203917316,9106.026402123385,,,B02,existing
P126_3_45,G1,B_batteries,G1-B_batteries-03,T021,3656.6868324303223,7421.910255834926,T022,2291.583222693718,B03,existing
P126_3_45,G1,B_batteries,G1-B_batteries-03,T022,9713.493478528644,12750.274657105232,,,B03,existing
P126_3_45,G1,C_batteries,G1-C_batteries-01,T003,0.0,2947.606630665684,T019_2,1885.0793358802803,C01,existing
P126_3_45,G1,C_batteries,G1-C_batteries-01,T019_2,4832.685966545964,9540.547812933855,,,C01,existing
P126_3_45,G1,C_batteries,G1-C_batteries-02,T004,1434.4262775174655,5752.089857916125,,,C02,existing
P126_3_45,G1,C_batteries,G1-C_batteries-03,T001,3266.2596890284995,6416.352542791451,,,C03,existing
P126_3_45,G1,C_batteries,G1-C_batteries-04,T012,3609.9948859277265,8217.742244657848,,,C04,existing
P126_3_45,G1,relay_aircraft,G1-relay_aircraft-01,R003,5.186098884268291,7850.634235067152,R004,1733.0453420825716,R01,existing
P126_3_45,G1,relay_aircraft,G1-relay_aircraft-01,R004,9583.679577149724,11813.399509678484,,,R01,existing
P126_3_45,G1,relay_components,G1-relay_components-01,R003,5.186098884268291,8956.255878782365,R004,627.4236983673582,RE01,existing
P126_3_45,G1,relay_components,G1-relay_components-01,R004,9583.679577149724,12221.929892002603,,,RE01,existing
P126_3_45,G2,A_aircraft,G2-A_aircraft-01,T002_1,0.0,1652.4416357195464,T016,2705.4237932369183,U01,existing
P126_3_45,G2,A_aircraft,G2-A_aircraft-01,T016,4357.865428956465,6053.623533624929,T023,0.00010000000020227162,U01,existing
P126_3_45,G2,A_aircraft,G2-A_aircraft-01,T023,6053.623633624929,7689.381738293394,T019_1,9.999999838328222e-05,U01,existing
P126_3_45,G2,A_aircraft,G2-A_aircraft-01,T019_1,7689.381838293392,9325.139942961858,,,U01,existing
P126_3_45,G2,A_aircraft,G2-A_aircraft-02,T014_1,0.0,1695.7581046684645,T007,2637.107324288001,U02,existing
P126_3_45,G2,A_aircraft,G2-A_aircraft-02,T007,4332.865428956466,6940.9063260653875,T020,0.00010000000111176632,U02,existing
P126_3_45,G2,A_aircraft,G2-A_aircraft-02,T020,6940.906426065389,8911.116273042207,,,U02,existing
P126_3_45,G2,C_aircraft,G2-C_aircraft-01,T010_1,0.0,1823.224406150507,T018,3933.865551765618,NEW-C_aircraft-01,procurement_required
P126_3_45,G2,C_aircraft,G2-C_aircraft-01,T018,5757.089957916125,8192.899478773774,,,NEW-C_aircraft-01,procurement_required
P126_3_45,G2,A_batteries,G2-A_batteries-01,T002_1,0.0,2667.5322461730734,T016,1690.3331827833913,A01,existing
P126_3_45,G2,A_batteries,G2-A_batteries-01,T016,4357.865428956465,7189.599845781131,T019_1,499.78199251226124,A01,existing
P126_3_45,G2,A_batteries,G2-A_batteries-01,T019_1,7689.381838293392,10409.758236602142,,,A01,existing
P126_3_45,G2,A_batteries,G2-A_batteries-02,T014_1,0.0,2810.952429148163,T007,1521.9129998083026,A02,existing
P126_3_45,G2,A_batteries,G2-A_batteries-02,T007,4332.865428956466,8394.169789148978,,,A02,existing
P126_3_45,G2,A_batteries,G2-A_batteries-03,T023,6053.623633624929,8794.320358969193,,,A03,existing
P126_3_45,G2,A_batteries,G2-A_batteries-04,T020,6940.906426065389,10151.116923729283,,,A04,existing
P126_3_45,G2,C_batteries,G2-C_batteries-01,T010_1,0.0,3563.4170832737245,T018,2193.6728746424005,NEW-C_batteries-01,procurement_required
P126_3_45,G2,C_batteries,G2-C_batteries-01,T018,5757.089957916125,10691.253758748288,,,NEW-C_batteries-01,procurement_required
P126_3_45,G2,relay_aircraft,G2-relay_aircraft-01,R001,162.1373190294086,2129.297638856331,R002,2462.7051091295434,R02,existing
P126_3_45,G2,relay_aircraft,G2-relay_aircraft-01,R002,4592.0027479858745,9578.679477149724,,,R02,existing
P126_3_45,G2,relay_components,G2-relay_components-01,R001,162.1373190294086,2493.9201725268517,R002,2098.082575459023,RE02,existing
P126_3_45,G2,relay_components,G2-relay_components-01,R002,4592.0027479858745,10318.120453993146,,,RE02,existing
P126_3_45,G3,A_aircraft,G3-A_aircraft-01,T009,0.0,1316.0142144169886,T002_2,896.854901909097,U03,existing
P126_3_45,G3,A_aircraft,G3-A_aircraft-01,T002_2,2212.8691163260855,3815.461852306258,T017,3953.9901172072023,U03,existing
P126_3_45,G3,A_aircraft,G3-A_aircraft-01,T017,7769.45196951346,10113.299044225432,,,U03,existing
P126_3_45,G3,A_aircraft,G3-A_aircraft-02,T011,2058.1153733026395,4188.754462062222,,,U04,existing
P126_3_45,G3,B_aircraft,G3-B_aircraft-01,T015,2097.1153733026395,3651.686732430321,,,NEW-B_aircraft-01,procurement_required
P126_3_45,G3,B_aircraft,G3-B_aircraft-02,T008,2348.76072154738,4193.299611702947,,,NEW-B_aircraft-02,procurement_required
P126_3_45,G3,C_aircraft,G3-C_aircraft-01,T010_2,1828.2245061505073,3261.2595890284992,,,NEW-C_aircraft-02,procurement_required
P126_3_45,G3,A_batteries,G3-A_batteries-01,T009,0.0,2207.8690163260853,T002_2,5.000100000000202,A05,existing
P126_3_45,G3,A_batteries,G3-A_batteries-01,T002_2,2212.8691163260855,4879.929014022942,T017,2889.522955490518,A05,existing
P126_3_45,G3,A_batteries,G3-A_batteries-01,T017,7769.45196951346,11476.863027475007,,,A05,existing
P126_3_45,G3,A_batteries,G3-A_batteries-02,T011,2058.1153733026395,5546.539457030654,,,A06,existing
P126_3_45,G3,B_batteries,G3-B_batteries-01,T015,2097.1153733026395,5107.472874353213,,,B04,existing
P126_3_45,G3,B_batteries,G3-B_batteries-02,T008,2348.76072154738,5781.961574782329,,,NEW-B_batteries-01,procurement_required
P126_3_45,G3,C_batteries,G3-C_batteries-01,T010_2,1828.2245061505073,4709.032782226957,,,NEW-C_batteries-02,procurement_required
P126_3_45,G3,relay_aircraft,G3-relay_aircraft-01,R005,2134.2977388563304,4587.002647985877,R006,3268.6316870812743,NEW-relay_aircraft-01,procurement_required
P126_3_45,G3,relay_aircraft,G3-relay_aircraft-01,R006,7855.634335067151,10510.693895951956,,,NEW-relay_aircraft-01,procurement_required
P126_3_45,G3,relay_components,G3-relay_components-01,R005,2134.2977388563304,5015.591855407197,R006,2840.0424796599546,RE03,existing
P126_3_45,G3,relay_components,G3-relay_components-01,R006,7855.634335067151,10964.401779763033,,,RE03,existing
P12_36_45,G1,B_aircraft,G1-B_aircraft-01,T005,0.0,1210.3573074816584,T021,2446.3295249486637,U05,existing
P12_36_45,G1,B_aircraft,G1-B_aircraft-01,T021,3656.6868324303223,5554.728103917317,T022,4158.765374611327,U05,existing
P12_36_45,G1,B_aircraft,G1-B_aircraft-01,T022,9713.493478528644,11214.272215143501,,,U05,existing
P12_36_45,G1,B_aircraft,G1-B_aircraft-02,T013,2.631913957884535e-07,1958.0412717501863,T014_2,3601.6869321671297,U06,existing
P12_36_45,G1,B_aircraft,G1-B_aircraft-02,T014_2,5559.728203917316,7425.499213465236,,,U06,existing
P12_36_45,G1,C_aircraft,G1-C_aircraft-01,T003,0.0,1429.4261775174655,T004,5.000099999999975,U07,existing
P12_36_45,G1,C_aircraft,G1-C_aircraft-01,T004,1434.4262775174655,3604.9947859277245,T012,5.000100000002021,U07,existing
P12_36_45,G1,C_aircraft,G1-C_aircraft-01,T012,3609.9948859277265,5725.07652720618,,,U07,existing
P12_36_45,G1,C_aircraft,G1-C_aircraft-02,T001,3266.2596890284995,4827.685866545965,T019_2,5.000099999999293,U08,existing
P12_36_45,G1,C_aircraft,G1-C_aircraft-02,T019_2,4832.685966545964,7071.870031513806,,,U08,existing
P12_36_45,G1,B_batteries,G1-B_batteries-01,T005,0.0,2343.7606215473797,T021,1312.9262108829425,B01,existing
P12_36_45,G1,B_batteries,G1-B_batteries-01,T021,3656.6868324303223,7421.910255834926,T022,2291.583222693718,B01,existing
P12_36_45,G1,B_batteries,G1-B_batteries-01,T022,9713.493478528644,12750.274657105232,,,B01,existing
P12_36_45,G1,B_batteries,G1-B_batteries-02,T013,2.631913957884535e-07,3917.286899235777,T014_2,1642.441304681539,B02,existing
P12_36_45,G1,B_batteries,G1-B_batteries-02,T014_2,5559.728203917316,9106.026402123385,,,B02,existing
P12_36_45,G1,C_batteries,G1-C_batteries-01,T003,0.0,2947.606630665684,T019_2,1885.0793358802803,C01,existing
P12_36_45,G1,C_batteries,G1-C_batteries-01,T019_2,4832.685966545964,9540.547812933855,,,C01,existing
P12_36_45,G1,C_batteries,G1-C_batteries-02,T004,1434.4262775174655,5752.089857916125,,,C02,existing
P12_36_45,G1,C_batteries,G1-C_batteries-03,T001,3266.2596890284995,6416.352542791451,,,C03,existing
P12_36_45,G1,C_batteries,G1-C_batteries-04,T012,3609.9948859277265,8217.742244657848,,,C04,existing
P12_36_45,G1,relay_aircraft,G1-relay_aircraft-01,R003,5.186098884268291,7850.634235067152,R004,1733.0453420825716,R01,existing
P12_36_45,G1,relay_aircraft,G1-relay_aircraft-01,R004,9583.679577149724,11813.399509678484,,,R01,existing
P12_36_45,G1,relay_components,G1-relay_components-01,R003,5.186098884268291,8956.255878782365,R004,627.4236983673582,RE01,existing
P12_36_45,G1,relay_components,G1-relay_components-01,R004,9583.679577149724,12221.929892002603,,,RE01,existing
P12_36_45,G2,A_aircraft,G2-A_aircraft-01,T002_1,0.0,1652.4416357195464,T016,2705.4237932369183,U01,existing
P12_36_45,G2,A_aircraft,G2-A_aircraft-01,T016,4357.865428956465,6053.623533624929,T023,0.00010000000020227162,U01,existing
P12_36_45,G2,A_aircraft,G2-A_aircraft-01,T023,6053.623633624929,7689.381738293394,T019_1,9.999999838328222e-05,U01,existing
P12_36_45,G2,A_aircraft,G2-A_aircraft-01,T019_1,7689.381838293392,9325.139942961858,,,U01,existing
P12_36_45,G2,A_aircraft,G2-A_aircraft-02,T014_1,0.0,1695.7581046684645,T007,2637.107324288001,U02,existing
P12_36_45,G2,A_aircraft,G2-A_aircraft-02,T007,4332.865428956466,6940.9063260653875,T020,0.00010000000111176632,U02,existing
P12_36_45,G2,A_aircraft,G2-A_aircraft-02,T020,6940.906426065389,8911.116273042207,,,U02,existing
P12_36_45,G2,B_aircraft,G2-B_aircraft-01,T006,5112.4729743532125,6302.1032600896515,,,NEW-B_aircraft-01,procurement_required
P12_36_45,G2,C_aircraft,G2-C_aircraft-01,T010_1,0.0,1823.224406150507,T018,3933.865551765618,NEW-C_aircraft-01,procurement_required
P12_36_45,G2,C_aircraft,G2-C_aircraft-01,T018,5757.089957916125,8192.899478773774,,,NEW-C_aircraft-01,procurement_required
P12_36_45,G2,A_batteries,G2-A_batteries-01,T002_1,0.0,2667.5322461730734,T016,1690.3331827833913,A01,existing
P12_36_45,G2,A_batteries,G2-A_batteries-01,T016,4357.865428956465,7189.599845781131,T019_1,499.78199251226124,A01,existing
P12_36_45,G2,A_batteries,G2-A_batteries-01,T019_1,7689.381838293392,10409.758236602142,,,A01,existing
P12_36_45,G2,A_batteries,G2-A_batteries-02,T014_1,0.0,2810.952429148163,T007,1521.9129998083026,A02,existing
P12_36_45,G2,A_batteries,G2-A_batteries-02,T007,4332.865428956466,8394.169789148978,,,A02,existing
P12_36_45,G2,A_batteries,G2-A_batteries-03,T023,6053.623633624929,8794.320358969193,,,A03,existing
P12_36_45,G2,A_batteries,G2-A_batteries-04,T020,6940.906426065389,10151.116923729283,,,A04,existing
P12_36_45,G2,B_batteries,G2-B_batteries-01,T006,5112.4729743532125,7435.544137052532,,,B03,existing
P12_36_45,G2,C_batteries,G2-C_batteries-01,T010_1,0.0,3563.4170832737245,T018,2193.6728746424005,NEW-C_batteries-01,procurement_required
P12_36_45,G2,C_batteries,G2-C_batteries-01,T018,5757.089957916125,10691.253758748288,,,NEW-C_batteries-01,procurement_required
P12_36_45,G2,relay_aircraft,G2-relay_aircraft-01,R001,162.1373190294086,2129.297638856331,R002,2462.7051091295434,R02,existing
P12_36_45,G2,relay_aircraft,G2-relay_aircraft-01,R002,4592.0027479858745,9578.679477149724,,,R02,existing
P12_36_45,G2,relay_components,G2-relay_components-01,R001,162.1373190294086,2493.9201725268517,R002,2098.082575459023,RE02,existing
P12_36_45,G2,relay_components,G2-relay_components-01,R002,4592.0027479858745,10318.120453993146,,,RE02,existing
P12_36_45,G3,A_aircraft,G3-A_aircraft-01,T009,0.0,1316.0142144169886,T002_2,896.854901909097,U03,existing
P12_36_45,G3,A_aircraft,G3-A_aircraft-01,T002_2,2212.8691163260855,3815.461852306258,T017,3953.9901172072023,U03,existing
P12_36_45,G3,A_aircraft,G3-A_aircraft-01,T017,7769.45196951346,10113.299044225432,,,U03,existing
P12_36_45,G3,A_aircraft,G3-A_aircraft-02,T011,2058.1153733026395,4188.754462062222,,,U04,existing
P12_36_45,G3,B_aircraft,G3-B_aircraft-01,T015,2097.1153733026395,3651.686732430321,,,NEW-B_aircraft-02,procurement_required
P12_36_45,G3,B_aircraft,G3-B_aircraft-02,T008,2348.76072154738,4193.299611702947,,,NEW-B_aircraft-03,procurement_required
P12_36_45,G3,C_aircraft,G3-C_aircraft-01,T010_2,1828.2245061505073,3261.2595890284992,,,NEW-C_aircraft-02,procurement_required
P12_36_45,G3,A_batteries,G3-A_batteries-01,T009,0.0,2207.8690163260853,T002_2,5.000100000000202,A05,existing
P12_36_45,G3,A_batteries,G3-A_batteries-01,T002_2,2212.8691163260855,4879.929014022942,T017,2889.522955490518,A05,existing
P12_36_45,G3,A_batteries,G3-A_batteries-01,T017,7769.45196951346,11476.863027475007,,,A05,existing
P12_36_45,G3,A_batteries,G3-A_batteries-02,T011,2058.1153733026395,5546.539457030654,,,A06,existing
P12_36_45,G3,B_batteries,G3-B_batteries-01,T015,2097.1153733026395,5107.472874353213,,,B04,existing
P12_36_45,G3,B_batteries,G3-B_batteries-02,T008,2348.76072154738,5781.961574782329,,,NEW-B_batteries-01,procurement_required
P12_36_45,G3,C_batteries,G3-C_batteries-01,T010_2,1828.2245061505073,4709.032782226957,,,NEW-C_batteries-02,procurement_required
P12_36_45,G3,relay_aircraft,G3-relay_aircraft-01,R005,2134.2977388563304,4587.002647985877,R006,3268.6316870812743,NEW-relay_aircraft-01,procurement_required
P12_36_45,G3,relay_aircraft,G3-relay_aircraft-01,R006,7855.634335067151,10510.693895951956,,,NEW-relay_aircraft-01,procurement_required
P12_36_45,G3,relay_components,G3-relay_components-01,R005,2134.2977388563304,5015.591855407197,R006,2840.0424796599546,RE03,existing
P12_36_45,G3,relay_components,G3-relay_components-01,R006,7855.634335067151,10964.401779763033,,,RE03,existing
P12_3_456,G1,B_aircraft,G1-B_aircraft-01,T005,0.0,1210.3573074816584,T021,2446.3295249486637,U05,existing
P12_3_456,G1,B_aircraft,G1-B_aircraft-01,T021,3656.6868324303223,5554.728103917317,T022,4158.765374611327,U05,existing
P12_3_456,G1,B_aircraft,G1-B_aircraft-01,T022,9713.493478528644,11214.272215143501,,,U05,existing
P12_3_456,G1,B_aircraft,G1-B_aircraft-02,T013,2.631913957884535e-07,1958.0412717501863,T014_2,3601.6869321671297,U06,existing
P12_3_456,G1,B_aircraft,G1-B_aircraft-02,T014_2,5559.728203917316,7425.499213465236,,,U06,existing
P12_3_456,G1,C_aircraft,G1-C_aircraft-01,T003,0.0,1429.4261775174655,T004,5.000099999999975,U07,existing
P12_3_456,G1,C_aircraft,G1-C_aircraft-01,T004,1434.4262775174655,3604.9947859277245,T012,5.000100000002021,U07,existing
P12_3_456,G1,C_aircraft,G1-C_aircraft-01,T012,3609.9948859277265,5725.07652720618,,,U07,existing
P12_3_456,G1,C_aircraft,G1-C_aircraft-02,T001,3266.2596890284995,4827.685866545965,T019_2,5.000099999999293,U08,existing
P12_3_456,G1,C_aircraft,G1-C_aircraft-02,T019_2,4832.685966545964,7071.870031513806,,,U08,existing
P12_3_456,G1,B_batteries,G1-B_batteries-01,T005,0.0,2343.7606215473797,T021,1312.9262108829425,B01,existing
P12_3_456,G1,B_batteries,G1-B_batteries-01,T021,3656.6868324303223,7421.910255834926,T022,2291.583222693718,B01,existing
P12_3_456,G1,B_batteries,G1-B_batteries-01,T022,9713.493478528644,12750.274657105232,,,B01,existing
P12_3_456,G1,B_batteries,G1-B_batteries-02,T013,2.631913957884535e-07,3917.286899235777,T014_2,1642.441304681539,B02,existing
P12_3_456,G1,B_batteries,G1-B_batteries-02,T014_2,5559.728203917316,9106.026402123385,,,B02,existing
P12_3_456,G1,C_batteries,G1-C_batteries-01,T003,0.0,2947.606630665684,T019_2,1885.0793358802803,C01,existing
P12_3_456,G1,C_batteries,G1-C_batteries-01,T019_2,4832.685966545964,9540.547812933855,,,C01,existing
P12_3_456,G1,C_batteries,G1-C_batteries-02,T004,1434.4262775174655,5752.089857916125,,,C02,existing
P12_3_456,G1,C_batteries,G1-C_batteries-03,T001,3266.2596890284995,6416.352542791451,,,C03,existing
P12_3_456,G1,C_batteries,G1-C_batteries-04,T012,3609.9948859277265,8217.742244657848,,,C04,existing
P12_3_456,G1,relay_aircraft,G1-relay_aircraft-01,R003,5.186098884268291,7850.634235067152,R004,1733.0453420825716,R01,existing
P12_3_456,G1,relay_aircraft,G1-relay_aircraft-01,R004,9583.679577149724,11813.399509678484,,,R01,existing
P12_3_456,G1,relay_components,G1-relay_components-01,R003,5.186098884268291,8956.255878782365,R004,627.4236983673582,RE01,existing
P12_3_456,G1,relay_components,G1-relay_components-01,R004,9583.679577149724,12221.929892002603,,,RE01,existing
P12_3_456,G2,A_aircraft,G2-A_aircraft-01,T002_1,0.0,1652.4416357195464,T016,2705.4237932369183,U01,existing
P12_3_456,G2,A_aircraft,G2-A_aircraft-01,T016,4357.865428956465,6053.623533624929,T023,0.00010000000020227162,U01,existing
P12_3_456,G2,A_aircraft,G2-A_aircraft-01,T023,6053.623633624929,7689.381738293394,T019_1,9.999999838328222e-05,U01,existing
P12_3_456,G2,A_aircraft,G2-A_aircraft-01,T019_1,7689.381838293392,9325.139942961858,,,U01,existing
P12_3_456,G2,A_aircraft,G2-A_aircraft-02,T014_1,0.0,1695.7581046684645,T007,2637.107324288001,U02,existing
P12_3_456,G2,A_aircraft,G2-A_aircraft-02,T007,4332.865428956466,6940.9063260653875,T020,0.00010000000111176632,U02,existing
P12_3_456,G2,A_aircraft,G2-A_aircraft-02,T020,6940.906426065389,8911.116273042207,,,U02,existing
P12_3_456,G2,C_aircraft,G2-C_aircraft-01,T010_1,0.0,1823.224406150507,T018,3933.865551765618,NEW-C_aircraft-01,procurement_required
P12_3_456,G2,C_aircraft,G2-C_aircraft-01,T018,5757.089957916125,8192.899478773774,,,NEW-C_aircraft-01,procurement_required
P12_3_456,G2,A_batteries,G2-A_batteries-01,T002_1,0.0,2667.5322461730734,T016,1690.3331827833913,A01,existing
P12_3_456,G2,A_batteries,G2-A_batteries-01,T016,4357.865428956465,7189.599845781131,T019_1,499.78199251226124,A01,existing
P12_3_456,G2,A_batteries,G2-A_batteries-01,T019_1,7689.381838293392,10409.758236602142,,,A01,existing
P12_3_456,G2,A_batteries,G2-A_batteries-02,T014_1,0.0,2810.952429148163,T007,1521.9129998083026,A02,existing
P12_3_456,G2,A_batteries,G2-A_batteries-02,T007,4332.865428956466,8394.169789148978,,,A02,existing
P12_3_456,G2,A_batteries,G2-A_batteries-03,T023,6053.623633624929,8794.320358969193,,,A03,existing
P12_3_456,G2,A_batteries,G2-A_batteries-04,T020,6940.906426065389,10151.116923729283,,,A04,existing
P12_3_456,G2,C_batteries,G2-C_batteries-01,T010_1,0.0,3563.4170832737245,T018,2193.6728746424005,NEW-C_batteries-01,procurement_required
P12_3_456,G2,C_batteries,G2-C_batteries-01,T018,5757.089957916125,10691.253758748288,,,NEW-C_batteries-01,procurement_required
P12_3_456,G2,relay_aircraft,G2-relay_aircraft-01,R001,162.1373190294086,2129.297638856331,R002,2462.7051091295434,R02,existing
P12_3_456,G2,relay_aircraft,G2-relay_aircraft-01,R002,4592.0027479858745,9578.679477149724,,,R02,existing
P12_3_456,G2,relay_components,G2-relay_components-01,R001,162.1373190294086,2493.9201725268517,R002,2098.082575459023,RE02,existing
P12_3_456,G2,relay_components,G2-relay_components-01,R002,4592.0027479858745,10318.120453993146,,,RE02,existing
P12_3_456,G3,A_aircraft,G3-A_aircraft-01,T009,0.0,1316.0142144169886,T002_2,896.854901909097,U03,existing
P12_3_456,G3,A_aircraft,G3-A_aircraft-01,T002_2,2212.8691163260855,3815.461852306258,T017,3953.9901172072023,U03,existing
P12_3_456,G3,A_aircraft,G3-A_aircraft-01,T017,7769.45196951346,10113.299044225432,,,U03,existing
P12_3_456,G3,A_aircraft,G3-A_aircraft-02,T011,2058.1153733026395,4188.754462062222,,,U04,existing
P12_3_456,G3,B_aircraft,G3-B_aircraft-01,T015,2097.1153733026395,3651.686732430321,T006,1460.7862419228913,NEW-B_aircraft-01,procurement_required
P12_3_456,G3,B_aircraft,G3-B_aircraft-01,T006,5112.4729743532125,6302.1032600896515,,,NEW-B_aircraft-01,procurement_required
P12_3_456,G3,B_aircraft,G3-B_aircraft-02,T008,2348.76072154738,4193.299611702947,,,NEW-B_aircraft-02,procurement_required
P12_3_456,G3,C_aircraft,G3-C_aircraft-01,T010_2,1828.2245061505073,3261.2595890284992,,,NEW-C_aircraft-02,procurement_required
P12_3_456,G3,A_batteries,G3-A_batteries-01,T009,0.0,2207.8690163260853,T002_2,5.000100000000202,A05,existing
P12_3_456,G3,A_batteries,G3-A_batteries-01,T002_2,2212.8691163260855,4879.929014022942,T017,2889.522955490518,A05,existing
P12_3_456,G3,A_batteries,G3-A_batteries-01,T017,7769.45196951346,11476.863027475007,,,A05,existing
P12_3_456,G3,A_batteries,G3-A_batteries-02,T011,2058.1153733026395,5546.539457030654,,,A06,existing
P12_3_456,G3,B_batteries,G3-B_batteries-01,T015,2097.1153733026395,5107.472874353213,T006,5.000099999999293,B03,existing
P12_3_456,G3,B_batteries,G3-B_batteries-01,T006,5112.4729743532125,7435.544137052532,,,B03,existing
P12_3_456,G3,B_batteries,G3-B_batteries-02,T008,2348.76072154738,5781.961574782329,,,B04,existing
P12_3_456,G3,C_batteries,G3-C_batteries-01,T010_2,1828.2245061505073,4709.032782226957,,,NEW-C_batteries-02,procurement_required
P12_3_456,G3,relay_aircraft,G3-relay_aircraft-01,R005,2134.2977388563304,4587.002647985877,R006,3268.6316870812743,NEW-relay_aircraft-01,procurement_required
P12_3_456,G3,relay_aircraft,G3-relay_aircraft-01,R006,7855.634335067151,10510.693895951956,,,NEW-relay_aircraft-01,procurement_required
P12_3_456,G3,relay_components,G3-relay_components-01,R005,2134.2977388563304,5015.591855407197,R006,2840.0424796599546,RE03,existing
P12_3_456,G3,relay_components,G3-relay_components-01,R006,7855.634335067151,10964.401779763033,,,RE03,existing
P1345_2_6,G1,A_aircraft,G1-A_aircraft-01,T002_1,0.0,1652.4416357195464,T011,405.67373758309304,U01,existing
P1345_2_6,G1,A_aircraft,G1-A_aircraft-01,T011,2058.1153733026395,4188.754462062222,T007,144.11096689424357,U01,existing
P1345_2_6,G1,A_aircraft,G1-A_aircraft-01,T007,4332.865428956466,6940.9063260653875,T019_1,748.4755122280048,U01,existing
P1345_2_6,G1,A_aircraft,G1-A_aircraft-01,T019_1,7689.381838293392,9325.139942961858,,,U01,existing
P1345_2_6,G1,A_aircraft,G1-A_aircraft-02,T009,0.0,1316.0142144169886,T002_2,896.854901909097,U02,existing
P1345_2_6,G1,A_aircraft,G1-A_aircraft-02,T002_2,2212.8691163260855,3815.461852306258,T016,542.4035766502066,U02,existing
P1345_2_6,G1,A_aircraft,G1-A_aircraft-02,T016,4357.865428956465,6053.623533624929,T020,887.2828924404594,U02,existing
P1345_2_6,G1,A_aircraft,G1-A_aircraft-02,T020,6940.906426065389,8911.116273042207,,,U02,existing
P1345_2_6,G1,A_aircraft,G1-A_aircraft-03,T014_1,0.0,1695.7581046684645,T023,4357.865528956465,U03,existing
P1345_2_6,G1,A_aircraft,G1-A_aircraft-03,T023,6053.623633624929,7689.381738293394,T017,80.07023122006649,U03,existing
P1345_2_6,G1,A_aircraft,G1-A_aircraft-03,T017,7769.45196951346,10113.299044225432,,,U03,existing
P1345_2_6,G1,B_aircraft,G1-B_aircraft-01,T005,0.0,1210.3573074816584,T008,1138.4034140657216,U05,existing
P1345_2_6,G1,B_aircraft,G1-B_aircraft-01,T008,2348.76072154738,4193.299611702947,,,U05,existing
P1345_2_6,G1,B_aircraft,G1-B_aircraft-02,T015,2097.1153733026395,3651.686732430321,,,U06,existing
P1345_2_6,G1,C_aircraft,G1-C_aircraft-01,T003,0.0,1429.4261775174655,T010_2,398.7983286330418,U07,existing
P1345_2_6,G1,C_aircraft,G1-C_aircraft-01,T010_2,1828.2245061505073,3261.2595890284992,T018,2495.830368887626,U07,existing
P1345_2_6,G1,C_aircraft,G1-C_aircraft-01,T018,5757.089957916125,8192.899478773774,,,U07,existing
P1345_2_6,G1,C_aircraft,G1-C_aircraft-02,T010_1,0.0,1823.224406150507,T001,1443.0352828779924,U08,existing
P1345_2_6,G1,C_aircraft,G1-C_aircraft-02,T001,3266.2596890284995,4827.685866545965,,,U08,existing
P1345_2_6,G1,A_batteries,G1-A_batteries-01,T002_1,0.0,2667.5322461730734,T007,1665.3331827833922,A01,existing
P1345_2_6,G1,A_batteries,G1-A_batteries-01,T007,4332.865428956466,8394.169789148978,,,A01,existing
P1345_2_6,G1,A_batteries,G1-A_batteries-02,T009,0.0,2207.8690163260853,T016,2149.9964126303794,A02,existing
P1345_2_6,G1,A_batteries,G1-A_batteries-02,T016,4357.865428956465,7189.599845781131,T017,579.8521237323293,A02,existing
P1345_2_6,G1,A_batteries,G1-A_batteries-02,T017,7769.45196951346,11476.863027475007,,,A02,existing
P1345_2_6,G1,A_batteries,G1-A_batteries-03,T014_1,0.0,2810.952429148163,T023,3242.6712044767664,A03,existing
P1345_2_6,G1,A_batteries,G1-A_batteries-03,T023,6053.623633624929,8794.320358969193,,,A03,existing
P1345_2_6,G1,A_batteries,G1-A_batteries-04,T011,2058.1153733026395,5546.539457030654,T020,1394.3669690347342,A04,existing
P1345_2_6,G1,A_batteries,G1-A_batteries-04,T020,6940.906426065389,10151.116923729283,,,A04,existing
P1345_2_6,G1,A_batteries,G1-A_batteries-05,T002_2,2212.8691163260855,4879.929014022942,T019_1,2809.45282427045,A05,existing
P1345_2_6,G1,A_batteries,G1-A_batteries-05,T019_1,7689.381838293392,10409.758236602142,,,A05,existing
P1345_2_6,G1,B_batteries,G1-B_batteries-01,T005,0.0,2343.7606215473797,T008,5.000100000000202,B01,existing
P1345_2_6,G1,B_batteries,G1-B_batteries-01,T008,2348.76072154738,5781.961574782329,,,B01,existing
P1345_2_6,G1,B_batteries,G1-B_batteries-02,T015,2097.1153733026395,5107.472874353213,,,B02,existing
P1345_2_6,G1,C_batteries,G1-C_batteries-01,T003,0.0,2947.606630665684,T001,318.6530583628155,C01,existing
P1345_2_6,G1,C_batteries,G1-C_batteries-01,T001,3266.2596890284995,6416.352542791451,,,C01,existing
P1345_2_6,G1,C_batteries,G1-C_batteries-02,T010_1,0.0,3563.4170832737245,T018,2193.6728746424005,C02,existing
P1345_2_6,G1,C_batteries,G1-C_batteries-02,T018,5757.089957916125,10691.253758748288,,,C02,existing
P1345_2_6,G1,C_batteries,G1-C_batteries-03,T010_2,1828.2245061505073,4709.032782226957,,,C03,existing
P1345_2_6,G1,relay_aircraft,G1-relay_aircraft-01,R001,162.1373190294086,2129.297638856331,R002,2462.7051091295434,R01,existing
P1345_2_6,G1,relay_aircraft,G1-relay_aircraft-01,R002,4592.0027479858745,9578.679477149724,,,R01,existing
P1345_2_6,G1,relay_aircraft,G1-relay_aircraft-02,R005,2134.2977388563304,4587.002647985877,R006,3268.6316870812743,R02,existing
P1345_2_6,G1,relay_aircraft,G1-relay_aircraft-02,R006,7855.634335067151,10510.693895951956,,,R02,existing
P1345_2_6,G1,relay_components,G1-relay_components-01,R001,162.1373190294086,2493.9201725268517,R002,2098.082575459023,RE01,existing
P1345_2_6,G1,relay_components,G1-relay_components-01,R002,4592.0027479858745,10318.120453993146,,,RE01,existing
P1345_2_6,G1,relay_components,G1-relay_components-02,R005,2134.2977388563304,5015.591855407197,R006,2840.0424796599546,RE02,existing
P1345_2_6,G1,relay_components,G1-relay_components-02,R006,7855.634335067151,10964.401779763033,,,RE02,existing
P1345_2_6,G2,B_aircraft,G2-B_aircraft-01,T013,2.631913957884535e-07,1958.0412717501863,T021,1698.645560680136,NEW-B_aircraft-01,procurement_required
P1345_2_6,G2,B_aircraft,G2-B_aircraft-01,T021,3656.6868324303223,5554.728103917317,T014_2,5.000099999999293,NEW-B_aircraft-01,procurement_required
P1345_2_6,G2,B_aircraft,G2-B_aircraft-01,T014_2,5559.728203917316,7425.499213465236,T022,2287.9942650634084,NEW-B_aircraft-01,procurement_required
P1345_2_6,G2,B_aircraft,G2-B_aircraft-01,T022,9713.493478528644,11214.272215143501,,,NEW-B_aircraft-01,procurement_required
P1345_2_6,G2,C_aircraft,G2-C_aircraft-01,T004,1434.4262775174655,3604.9947859277245,T019_2,1227.6911806182397,NEW-C_aircraft-01,procurement_required
P1345_2_6,G2,C_aircraft,G2-C_aircraft-01,T019_2,4832.685966545964,7071.870031513806,,,NEW-C_aircraft-01,procurement_required
P1345_2_6,G2,C_aircraft,G2-C_aircraft-02,T012,3609.9948859277265,5725.07652720618,,,NEW-C_aircraft-02,procurement_required
P1345_2_6,G2,B_batteries,G2-B_batteries-01,T013,2.631913957884535e-07,3917.286899235777,T014_2,1642.441304681539,B03,existing
P1345_2_6,G2,B_batteries,G2-B_batteries-01,T014_2,5559.728203917316,9106.026402123385,,,B03,existing
P1345_2_6,G2,B_batteries,G2-B_batteries-02,T021,3656.6868324303223,7421.910255834926,T022,2291.583222693718,B04,existing
P1345_2_6,G2,B_batteries,G2-B_batteries-02,T022,9713.493478528644,12750.274657105232,,,B04,existing
P1345_2_6,G2,C_batteries,G2-C_batteries-01,T004,1434.4262775174655,5752.089857916125,,,C04,existing
P1345_2_6,G2,C_batteries,G2-C_batteries-02,T012,3609.9948859277265,8217.742244657848,,,NEW-C_batteries-01,procurement_required
P1345_2_6,G2,C_batteries,G2-C_batteries-03,T019_2,4832.685966545964,9540.547812933855,,,NEW-C_batteries-02,procurement_required
P1345_2_6,G2,relay_aircraft,G2-relay_aircraft-01,R003,5.186098884268291,7850.634235067152,R004,1733.0453420825716,NEW-relay_aircraft-01,procurement_required
P1345_2_6,G2,relay_aircraft,G2-relay_aircraft-01,R004,9583.679577149724,11813.399509678484,,,NEW-relay_aircraft-01,procurement_required
P1345_2_6,G2,relay_components,G2-relay_components-01,R003,5.186098884268291,8956.255878782365,R004,627.4236983673582,RE03,existing
P1345_2_6,G2,relay_components,G2-relay_components-01,R004,9583.679577149724,12221.929892002603,,,RE03,existing
P1345_2_6,G3,B_aircraft,G3-B_aircraft-01,T006,5112.4729743532125,6302.1032600896515,,,NEW-B_aircraft-02,procurement_required
P1345_2_6,G3,B_batteries,G3-B_batteries-01,T006,5112.4729743532125,7435.544137052532,,,NEW-B_batteries-01,procurement_required
P134_25_6,G1,A_aircraft,G1-A_aircraft-01,T002_1,0.0,1652.4416357195464,T016,2705.4237932369183,U01,existing
P134_25_6,G1,A_aircraft,G1-A_aircraft-01,T016,4357.865428956465,6053.623533624929,T020,887.2828924404594,U01,existing
P134_25_6,G1,A_aircraft,G1-A_aircraft-01,T020,6940.906426065389,8911.116273042207,,,U01,existing
P134_25_6,G1,A_aircraft,G1-A_aircraft-02,T009,0.0,1316.0142144169886,T023,4737.609419207941,U02,existing
P134_25_6,G1,A_aircraft,G1-A_aircraft-02,T023,6053.623633624929,7689.381738293394,,,U02,existing
P134_25_6,G1,A_aircraft,G1-A_aircraft-03,T014_1,0.0,1695.7581046684645,T007,2637.107324288001,U03,existing
P134_25_6,G1,A_aircraft,G1-A_aircraft-03,T007,4332.865428956466,6940.9063260653875,T019_1,748.4755122280048,U03,existing
P134_25_6,G1,A_aircraft,G1-A_aircraft-03,T019_1,7689.381838293392,9325.139942961858,,,U03,existing
P134_25_6,G1,B_aircraft,G1-B_aircraft-01,T005,0.0,1210.3573074816584,,,U05,existing
P134_25_6,G1,C_aircraft,G1-C_aircraft-01,T003,0.0,1429.4261775174655,T010_2,398.7983286330418,U07,existing
P134_25_6,G1,C_aircraft,G1-C_aircraft-01,T010_2,1828.2245061505073,3261.2595890284992,T018,2495.830368887626,U07,existing
P134_25_6,G1,C_aircraft,G1-C_aircraft-01,T018,5757.089957916125,8192.899478773774,,,U07,existing
P134_25_6,G1,C_aircraft,G1-C_aircraft-02,T010_1,0.0,1823.224406150507,T001,1443.0352828779924,U08,existing
P134_25_6,G1,C_aircraft,G1-C_aircraft-02,T001,3266.2596890284995,4827.685866545965,,,U08,existing
P134_25_6,G1,A_batteries,G1-A_batteries-01,T002_1,0.0,2667.5322461730734,T016,1690.3331827833913,A01,existing
P134_25_6,G1,A_batteries,G1-A_batteries-01,T016,4357.865428956465,7189.599845781131,T019_1,499.78199251226124,A01,existing
P134_25_6,G1,A_batteries,G1-A_batteries-01,T019_1,7689.381838293392,10409.758236602142,,,A01,existing
P134_25_6,G1,A_batteries,G1-A_batteries-02,T009,0.0,2207.8690163260853,T023,3845.754617298844,A02,existing
P134_25_6,G1,A_batteries,G1-A_batteries-02,T023,6053.623633624929,8794.320358969193,,,A02,existing
P134_25_6,G1,A_batteries,G1-A_batteries-03,T014_1,0.0,2810.952429148163,T007,1521.9129998083026,A03,existing
P134_25_6,G1,A_batteries,G1-A_batteries-03,T007,4332.865428956466,8394.169789148978,,,A03,existing
P134_25_6,G1,A_batteries,G1-A_batteries-04,T020,6940.906426065389,10151.116923729283,,,A04,existing
P134_25_6,G1,B_batteries,G1-B_batteries-01,T005,0.0,2343.7606215473797,,,B01,existing
P134_25_6,G1,C_batteries,G1-C_batteries-01,T003,0.0,2947.606630665684,T001,318.6530583628155,C01,existing
P134_25_6,G1,C_batteries,G1-C_batteries-01,T001,3266.2596890284995,6416.352542791451,,,C01,existing
P134_25_6,G1,C_batteries,G1-C_batteries-02,T010_1,0.0,3563.4170832737245,T018,2193.6728746424005,C02,existing
P134_25_6,G1,C_batteries,G1-C_batteries-02,T018,5757.089957916125,10691.253758748288,,,C02,existing
P134_25_6,G1,C_batteries,G1-C_batteries-03,T010_2,1828.2245061505073,4709.032782226957,,,C03,existing
P134_25_6,G1,relay_aircraft,G1-relay_aircraft-01,R001,162.1373190294086,2129.297638856331,R002,2462.7051091295434,R01,existing
P134_25_6,G1,relay_aircraft,G1-relay_aircraft-01,R002,4592.0027479858745,9578.679477149724,,,R01,existing
P134_25_6,G1,relay_components,G1-relay_components-01,R001,162.1373190294086,2493.9201725268517,R002,2098.082575459023,RE01,existing
P134_25_6,G1,relay_components,G1-relay_components-01,R002,4592.0027479858745,10318.120453993146,,,RE01,existing
P134_25_6,G2,A_aircraft,G2-A_aircraft-01,T011,2058.1153733026395,4188.754462062222,,,U04,existing
P134_25_6,G2,A_aircraft,G2-A_aircraft-02,T002_2,2212.8691163260855,3815.461852306258,T017,3953.9901172072023,NEW-A_aircraft-01,procurement_required
P134_25_6,G2,A_aircraft,G2-A_aircraft-02,T017,7769.45196951346,10113.299044225432,,,NEW-A_aircraft-01,procurement_required
P134_25_6,G2,B_aircraft,G2-B_aircraft-01,T013,2.631913957884535e-07,1958.0412717501863,T015,139.07410155245316,U06,existing
P134_25_6,G2,B_aircraft,G2-B_aircraft-01,T015,2097.1153733026395,3651.686732430321,T021,5.000100000001112,U06,existing
P134_25_6,G2,B_aircraft,G2-B_aircraft-01,T021,3656.6868324303223,5554.728103917317,T022,4158.765374611327,U06,existing
P134_25_6,G2,B_aircraft,G2-B_aircraft-01,T022,9713.493478528644,11214.272215143501,,,U06,existing
P134_25_6,G2,B_aircraft,G2-B_aircraft-02,T008,2348.76072154738,4193.299611702947,T014_2,1366.428592214369,NEW-B_aircraft-01,procurement_required
P134_25_6,G2,B_aircraft,G2-B_aircraft-02,T014_2,5559.728203917316,7425.499213465236,,,NEW-B_aircraft-01,procurement_required
P134_25_6,G2,C_aircraft,G2-C_aircraft-01,T004,1434.4262775174655,3604.9947859277245,T019_2,1227.6911806182397,NEW-C_aircraft-01,procurement_required
P134_25_6,G2,C_aircraft,G2-C_aircraft-01,T019_2,4832.685966545964,7071.870031513806,,,NEW-C_aircraft-01,procurement_required
P134_25_6,G2,C_aircraft,G2-C_aircraft-02,T012,3609.9948859277265,5725.07652720618,,,NEW-C_aircraft-02,procurement_required
P134_25_6,G2,A_batteries,G2-A_batteries-01,T011,2058.1153733026395,5546.539457030654,,,A05,existing
P134_25_6,G2,A_batteries,G2-A_batteries-02,T002_2,2212.8691163260855,4879.929014022942,T017,2889.522955490518,A06,existing
P134_25_6,G2,A_batteries,G2-A_batteries-02,T017,7769.45196951346,11476.863027475007,,,A06,existing
P134_25_6,G2,B_batteries,G2-B_batteries-01,T013,2.631913957884535e-07,3917.286899235777,T014_2,1642.441304681539,B02,existing
P134_25_6,G2,B_batteries,G2-B_batteries-01,T014_2,5559.728203917316,9106.026402123385,,,B02,existing
P134_25_6,G2,B_batteries,G2-B_batteries-02,T015,2097.1153733026395,5107.472874353213,T022,4606.020604175431,B03,existing
P134_25_6,G2,B_batteries,G2-B_batteries-02,T022,9713.493478528644,12750.274657105232,,,B03,existing
P134_25_6,G2,B_batteries,G2-B_batteries-03,T008,2348.76072154738,5781.961574782329,,,B04,existing
P134_25_6,G2,B_batteries,G2-B_batteries-04,T021,3656.6868324303223,7421.910255834926,,,NEW-B_batteries-01,procurement_required
P134_25_6,G2,C_batteries,G2-C_batteries-01,T004,1434.4262775174655,5752.089857916125,,,C04,existing
P134_25_6,G2,C_batteries,G2-C_batteries-02,T012,3609.9948859277265,8217.742244657848,,,NEW-C_batteries-01,procurement_required
P134_25_6,G2,C_batteries,G2-C_batteries-03,T019_2,4832.685966545964,9540.547812933855,,,NEW-C_batteries-02,procurement_required
P134_25_6,G2,relay_aircraft,G2-relay_aircraft-01,R003,5.186098884268291,7850.634235067152,R004,1733.0453420825716,R02,existing
P134_25_6,G2,relay_aircraft,G2-relay_aircraft-01,R004,9583.679577149724,11813.399509678484,,,R02,existing
P134_25_6,G2,relay_aircraft,G2-relay_aircraft-02,R005,2134.2977388563304,4587.002647985877,R006,3268.6316870812743,NEW-relay_aircraft-01,procurement_required
P134_25_6,G2,relay_aircraft,G2-relay_aircraft-02,R006,7855.634335067151,10510.693895951956,,,NEW-relay_aircraft-01,procurement_required
P134_25_6,G2,relay_components,G2-relay_components-01,R003,5.186098884268291,8956.255878782365,R004,627.4236983673582,RE02,existing
P134_25_6,G2,relay_components,G2-relay_components-01,R004,9583.679577149724,12221.929892002603,,,RE02,existing
P134_25_6,G2,relay_components,G2-relay_components-02,R005,2134.2977388563304,5015.591855407197,R006,2840.0424796599546,RE03,existing
P134_25_6,G2,relay_components,G2-relay_components-02,R006,7855.634335067151,10964.401779763033,,,RE03,existing
P134_25_6,G3,B_aircraft,G3-B_aircraft-01,T006,5112.4729743532125,6302.1032600896515,,,NEW-B_aircraft-02,procurement_required
P134_25_6,G3,B_batteries,G3-B_batteries-01,T006,5112.4729743532125,7435.544137052532,,,NEW-B_batteries-02,procurement_required
P1346_2_5,G1,A_aircraft,G1-A_aircraft-01,T002_1,0.0,1652.4416357195464,T016,2705.4237932369183,U01,existing
P1346_2_5,G1,A_aircraft,G1-A_aircraft-01,T016,4357.865428956465,6053.623533624929,T020,887.2828924404594,U01,existing
P1346_2_5,G1,A_aircraft,G1-A_aircraft-01,T020,6940.906426065389,8911.116273042207,,,U01,existing
P1346_2_5,G1,A_aircraft,G1-A_aircraft-02,T009,0.0,1316.0142144169886,T023,4737.609419207941,U02,existing
P1346_2_5,G1,A_aircraft,G1-A_aircraft-02,T023,6053.623633624929,7689.381738293394,,,U02,existing
P1346_2_5,G1,A_aircraft,G1-A_aircraft-03,T014_1,0.0,1695.7581046684645,T007,2637.107324288001,U03,existing
P1346_2_5,G1,A_aircraft,G1-A_aircraft-03,T007,4332.865428956466,6940.9063260653875,T019_1,748.4755122280048,U03,existing
P1346_2_5,G1,A_aircraft,G1-A_aircraft-03,T019_1,7689.381838293392,9325.139942961858,,,U03,existing
P1346_2_5,G1,B_aircraft,G1-B_aircraft-01,T005,0.0,1210.3573074816584,T006,3902.115666871554,U05,existing
P1346_2_5,G1,B_aircraft,G1-B_aircraft-01,T006,5112.4729743532125,6302.1032600896515,,,U05,existing
P1346_2_5,G1,C_aircraft,G1-C_aircraft-01,T003,0.0,1429.4261775174655,T010_2,398.7983286330418,U07,existing
P1346_2_5,G1,C_aircraft,G1-C_aircraft-01,T010_2,1828.2245061505073,3261.2595890284992,T018,2495.830368887626,U07,existing
P1346_2_5,G1,C_aircraft,G1-C_aircraft-01,T018,5757.089957916125,8192.899478773774,,,U07,existing
P1346_2_5,G1,C_aircraft,G1-C_aircraft-02,T010_1,0.0,1823.224406150507,T001,1443.0352828779924,U08,existing
P1346_2_5,G1,C_aircraft,G1-C_aircraft-02,T001,3266.2596890284995,4827.685866545965,,,U08,existing
P1346_2_5,G1,A_batteries,G1-A_batteries-01,T002_1,0.0,2667.5322461730734,T016,1690.3331827833913,A01,existing
P1346_2_5,G1,A_batteries,G1-A_batteries-01,T016,4357.865428956465,7189.599845781131,T019_1,499.78199251226124,A01,existing
P1346_2_5,G1,A_batteries,G1-A_batteries-01,T019_1,7689.381838293392,10409.758236602142,,,A01,existing
P1346_2_5,G1,A_batteries,G1-A_batteries-02,T009,0.0,2207.8690163260853,T023,3845.754617298844,A02,existing
P1346_2_5,G1,A_batteries,G1-A_batteries-02,T023,6053.623633624929,8794.320358969193,,,A02,existing
P1346_2_5,G1,A_batteries,G1-A_batteries-03,T014_1,0.0,2810.952429148163,T007,1521.9129998083026,A03,existing
P1346_2_5,G1,A_batteries,G1-A_batteries-03,T007,4332.865428956466,8394.169789148978,,,A03,existing
P1346_2_5,G1,A_batteries,G1-A_batteries-04,T020,6940.906426065389,10151.116923729283,,,A04,existing
P1346_2_5,G1,B_batteries,G1-B_batteries-01,T005,0.0,2343.7606215473797,T006,2768.712352805833,B01,existing
P1346_2_5,G1,B_batteries,G1-B_batteries-01,T006,5112.4729743532125,7435.544137052532,,,B01,existing
P1346_2_5,G1,C_batteries,G1-C_batteries-01,T003,0.0,2947.606630665684,T001,318.6530583628155,C01,existing
P1346_2_5,G1,C_batteries,G1-C_batteries-01,T001,3266.2596890284995,6416.352542791451,,,C01,existing
P1346_2_5,G1,C_batteries,G1-C_batteries-02,T010_1,0.0,3563.4170832737245,T018,2193.6728746424005,C02,existing
P1346_2_5,G1,C_batteries,G1-C_batteries-02,T018,5757.089957916125,10691.253758748288,,,C02,existing
P1346_2_5,G1,C_batteries,G1-C_batteries-03,T010_2,1828.2245061505073,4709.032782226957,,,C03,existing
P1346_2_5,G1,relay_aircraft,G1-relay_aircraft-01,R001,162.1373190294086,2129.297638856331,R002,2462.7051091295434,R01,existing
P1346_2_5,G1,relay_aircraft,G1-relay_aircraft-01,R002,4592.0027479858745,9578.679477149724,,,R01,existing
P1346_2_5,G1,relay_components,G1-relay_components-01,R001,162.1373190294086,2493.9201725268517,R002,2098.082575459023,RE01,existing
P1346_2_5,G1,relay_components,G1-relay_components-01,R002,4592.0027479858745,10318.120453993146,,,RE01,existing
P1346_2_5,G2,B_aircraft,G2-B_aircraft-01,T013,2.631913957884535e-07,1958.0412717501863,T021,1698.645560680136,U06,existing
P1346_2_5,G2,B_aircraft,G2-B_aircraft-01,T021,3656.6868324303223,5554.728103917317,T014_2,5.000099999999293,U06,existing
P1346_2_5,G2,B_aircraft,G2-B_aircraft-01,T014_2,5559.728203917316,7425.499213465236,T022,2287.9942650634084,U06,existing
P1346_2_5,G2,B_aircraft,G2-B_aircraft-01,T022,9713.493478528644,11214.272215143501,,,U06,existing
P1346_2_5,G2,C_aircraft,G2-C_aircraft-01,T004,1434.4262775174655,3604.9947859277245,T019_2,1227.6911806182397,NEW-C_aircraft-01,procurement_required
P1346_2_5,G2,C_aircraft,G2-C_aircraft-01,T019_2,4832.685966545964,7071.870031513806,,,NEW-C_aircraft-01,procurement_required
P1346_2_5,G2,C_aircraft,G2-C_aircraft-02,T012,3609.9948859277265,5725.07652720618,,,NEW-C_aircraft-02,procurement_required
P1346_2_5,G2,B_batteries,G2-B_batteries-01,T013,2.631913957884535e-07,3917.286899235777,T014_2,1642.441304681539,B02,existing
P1346_2_5,G2,B_batteries,G2-B_batteries-01,T014_2,5559.728203917316,9106.026402123385,,,B02,existing
P1346_2_5,G2,B_batteries,G2-B_batteries-02,T021,3656.6868324303223,7421.910255834926,T022,2291.583222693718,B03,existing
P1346_2_5,G2,B_batteries,G2-B_batteries-02,T022,9713.493478528644,12750.274657105232,,,B03,existing
P1346_2_5,G2,C_batteries,G2-C_batteries-01,T004,1434.4262775174655,5752.089857916125,,,C04,existing
P1346_2_5,G2,C_batteries,G2-C_batteries-02,T012,3609.9948859277265,8217.742244657848,,,NEW-C_batteries-01,procurement_required
P1346_2_5,G2,C_batteries,G2-C_batteries-03,T019_2,4832.685966545964,9540.547812933855,,,NEW-C_batteries-02,procurement_required
P1346_2_5,G2,relay_aircraft,G2-relay_aircraft-01,R003,5.186098884268291,7850.634235067152,R004,1733.0453420825716,R02,existing
P1346_2_5,G2,relay_aircraft,G2-relay_aircraft-01,R004,9583.679577149724,11813.399509678484,,,R02,existing
P1346_2_5,G2,relay_components,G2-relay_components-01,R003,5.186098884268291,8956.255878782365,R004,627.4236983673582,RE02,existing
P1346_2_5,G2,relay_components,G2-relay_components-01,R004,9583.679577149724,12221.929892002603,,,RE02,existing
P1346_2_5,G3,A_aircraft,G3-A_aircraft-01,T011,2058.1153733026395,4188.754462062222,,,U04,existing
P1346_2_5,G3,A_aircraft,G3-A_aircraft-02,T002_2,2212.8691163260855,3815.461852306258,T017,3953.9901172072023,NEW-A_aircraft-01,procurement_required
P1346_2_5,G3,A_aircraft,G3-A_aircraft-02,T017,7769.45196951346,10113.299044225432,,,NEW-A_aircraft-01,procurement_required
P1346_2_5,G3,B_aircraft,G3-B_aircraft-01,T015,2097.1153733026395,3651.686732430321,,,NEW-B_aircraft-01,procurement_required
P1346_2_5,G3,B_aircraft,G3-B_aircraft-02,T008,2348.76072154738,4193.299611702947,,,NEW-B_aircraft-02,procurement_required
P1346_2_5,G3,A_batteries,G3-A_batteries-01,T011,2058.1153733026395,5546.539457030654,,,A05,existing
P1346_2_5,G3,A_batteries,G3-A_batteries-02,T002_2,2212.8691163260855,4879.929014022942,T017,2889.522955490518,A06,existing
P1346_2_5,G3,A_batteries,G3-A_batteries-02,T017,7769.45196951346,11476.863027475007,,,A06,existing
P1346_2_5,G3,B_batteries,G3-B_batteries-01,T015,2097.1153733026395,5107.472874353213,,,B04,existing
P1346_2_5,G3,B_batteries,G3-B_batteries-02,T008,2348.76072154738,5781.961574782329,,,NEW-B_batteries-01,procurement_required
P1346_2_5,G3,relay_aircraft,G3-relay_aircraft-01,R005,2134.2977388563304,4587.002647985877,R006,3268.6316870812743,NEW-relay_aircraft-01,procurement_required
P1346_2_5,G3,relay_aircraft,G3-relay_aircraft-01,R006,7855.634335067151,10510.693895951956,,,NEW-relay_aircraft-01,procurement_required
P1346_2_5,G3,relay_components,G3-relay_components-01,R005,2134.2977388563304,5015.591855407197,R006,2840.0424796599546,RE03,existing
P1346_2_5,G3,relay_components,G3-relay_components-01,R006,7855.634335067151,10964.401779763033,,,RE03,existing
P134_26_5,G1,A_aircraft,G1-A_aircraft-01,T002_1,0.0,1652.4416357195464,T016,2705.4237932369183,U01,existing
P134_26_5,G1,A_aircraft,G1-A_aircraft-01,T016,4357.865428956465,6053.623533624929,T020,887.2828924404594,U01,existing
P134_26_5,G1,A_aircraft,G1-A_aircraft-01,T020,6940.906426065389,8911.116273042207,,,U01,existing
P134_26_5,G1,A_aircraft,G1-A_aircraft-02,T009,0.0,1316.0142144169886,T023,4737.609419207941,U02,existing
P134_26_5,G1,A_aircraft,G1-A_aircraft-02,T023,6053.623633624929,7689.381738293394,,,U02,existing
P134_26_5,G1,A_aircraft,G1-A_aircraft-03,T014_1,0.0,1695.7581046684645,T007,2637.107324288001,U03,existing
P134_26_5,G1,A_aircraft,G1-A_aircraft-03,T007,4332.865428956466,6940.9063260653875,T019_1,748.4755122280048,U03,existing
P134_26_5,G1,A_aircraft,G1-A_aircraft-03,T019_1,7689.381838293392,9325.139942961858,,,U03,existing
P134_26_5,G1,B_aircraft,G1-B_aircraft-01,T005,0.0,1210.3573074816584,,,U05,existing
P134_26_5,G1,C_aircraft,G1-C_aircraft-01,T003,0.0,1429.4261775174655,T010_2,398.7983286330418,U07,existing
P134_26_5,G1,C_aircraft,G1-C_aircraft-01,T010_2,1828.2245061505073,3261.2595890284992,T018,2495.830368887626,U07,existing
P134_26_5,G1,C_aircraft,G1-C_aircraft-01,T018,5757.089957916125,8192.899478773774,,,U07,existing
P134_26_5,G1,C_aircraft,G1-C_aircraft-02,T010_1,0.0,1823.224406150507,T001,1443.0352828779924,U08,existing
P134_26_5,G1,C_aircraft,G1-C_aircraft-02,T001,3266.2596890284995,4827.685866545965,,,U08,existing
P134_26_5,G1,A_batteries,G1-A_batteries-01,T002_1,0.0,2667.5322461730734,T016,1690.3331827833913,A01,existing
P134_26_5,G1,A_batteries,G1-A_batteries-01,T016,4357.865428956465,7189.599845781131,T019_1,499.78199251226124,A01,existing
P134_26_5,G1,A_batteries,G1-A_batteries-01,T019_1,7689.381838293392,10409.758236602142,,,A01,existing
P134_26_5,G1,A_batteries,G1-A_batteries-02,T009,0.0,2207.8690163260853,T023,3845.754617298844,A02,existing
P134_26_5,G1,A_batteries,G1-A_batteries-02,T023,6053.623633624929,8794.320358969193,,,A02,existing
P134_26_5,G1,A_batteries,G1-A_batteries-03,T014_1,0.0,2810.952429148163,T007,1521.9129998083026,A03,existing
P134_26_5,G1,A_batteries,G1-A_batteries-03,T007,4332.865428956466,8394.169789148978,,,A03,existing
P134_26_5,G1,A_batteries,G1-A_batteries-04,T020,6940.906426065389,10151.116923729283,,,A04,existing
P134_26_5,G1,B_batteries,G1-B_batteries-01,T005,0.0,2343.7606215473797,,,B01,existing
P134_26_5,G1,C_batteries,G1-C_batteries-01,T003,0.0,2947.606630665684,T001,318.6530583628155,C01,existing
P134_26_5,G1,C_batteries,G1-C_batteries-01,T001,3266.2596890284995,6416.352542791451,,,C01,existing
P134_26_5,G1,C_batteries,G1-C_batteries-02,T010_1,0.0,3563.4170832737245,T018,2193.6728746424005,C02,existing
P134_26_5,G1,C_batteries,G1-C_batteries-02,T018,5757.089957916125,10691.253758748288,,,C02,existing
P134_26_5,G1,C_batteries,G1-C_batteries-03,T010_2,1828.2245061505073,4709.032782226957,,,C03,existing
P134_26_5,G1,relay_aircraft,G1-relay_aircraft-01,R001,162.1373190294086,2129.297638856331,R002,2462.7051091295434,R01,existing
P134_26_5,G1,relay_aircraft,G1-relay_aircraft-01,R002,4592.0027479858745,9578.679477149724,,,R01,existing
P134_26_5,G1,relay_components,G1-relay_components-01,R001,162.1373190294086,2493.9201725268517,R002,2098.082575459023,RE01,existing
P134_26_5,G1,relay_components,G1-relay_components-01,R002,4592.0027479858745,10318.120453993146,,,RE01,existing
P134_26_5,G2,B_aircraft,G2-B_aircraft-01,T013,2.631913957884535e-07,1958.0412717501863,T021,1698.645560680136,U06,existing
P134_26_5,G2,B_aircraft,G2-B_aircraft-01,T021,3656.6868324303223,5554.728103917317,T014_2,5.000099999999293,U06,existing
P134_26_5,G2,B_aircraft,G2-B_aircraft-01,T014_2,5559.728203917316,7425.499213465236,,,U06,existing
P134_26_5,G2,B_aircraft,G2-B_aircraft-02,T006,5112.4729743532125,6302.1032600896515,T022,3411.3902184389926,NEW-B_aircraft-01,procurement_required
P134_26_5,G2,B_aircraft,G2-B_aircraft-02,T022,9713.493478528644,11214.272215143501,,,NEW-B_aircraft-01,procurement_required
P134_26_5,G2,C_aircraft,G2-C_aircraft-01,T004,1434.4262775174655,3604.9947859277245,T019_2,1227.6911806182397,NEW-C_aircraft-01,procurement_required
P134_26_5,G2,C_aircraft,G2-C_aircraft-01,T019_2,4832.685966545964,7071.870031513806,,,NEW-C_aircraft-01,procurement_required
P134_26_5,G2,C_aircraft,G2-C_aircraft-02,T012,3609.9948859277265,5725.07652720618,,,NEW-C_aircraft-02,procurement_required
P134_26_5,G2,B_batteries,G2-B_batteries-01,T013,2.631913957884535e-07,3917.286899235777,T014_2,1642.441304681539,B02,existing
P134_26_5,G2,B_batteries,G2-B_batteries-01,T014_2,5559.728203917316,9106.026402123385,,,B02,existing
P134_26_5,G2,B_batteries,G2-B_batteries-02,T021,3656.6868324303223,7421.910255834926,T022,2291.583222693718,B03,existing
P134_26_5,G2,B_batteries,G2-B_batteries-02,T022,9713.493478528644,12750.274657105232,,,B03,existing
P134_26_5,G2,B_batteries,G2-B_batteries-03,T006,5112.4729743532125,7435.544137052532,,,B04,existing
P134_26_5,G2,C_batteries,G2-C_batteries-01,T004,1434.4262775174655,5752.089857916125,,,C04,existing
P134_26_5,G2,C_batteries,G2-C_batteries-02,T012,3609.9948859277265,8217.742244657848,,,NEW-C_batteries-01,procurement_required
P134_26_5,G2,C_batteries,G2-C_batteries-03,T019_2,4832.685966545964,9540.547812933855,,,NEW-C_batteries-02,procurement_required
P134_26_5,G2,relay_aircraft,G2-relay_aircraft-01,R003,5.186098884268291,7850.634235067152,R004,1733.0453420825716,R02,existing
P134_26_5,G2,relay_aircraft,G2-relay_aircraft-01,R004,9583.679577149724,11813.399509678484,,,R02,existing
P134_26_5,G2,relay_components,G2-relay_components-01,R003,5.186098884268291,8956.255878782365,R004,627.4236983673582,RE02,existing
P134_26_5,G2,relay_components,G2-relay_components-01,R004,9583.679577149724,12221.929892002603,,,RE02,existing
P134_26_5,G3,A_aircraft,G3-A_aircraft-01,T011,2058.1153733026395,4188.754462062222,,,U04,existing
P134_26_5,G3,A_aircraft,G3-A_aircraft-02,T002_2,2212.8691163260855,3815.461852306258,T017,3953.9901172072023,NEW-A_aircraft-01,procurement_required
P134_26_5,G3,A_aircraft,G3-A_aircraft-02,T017,7769.45196951346,10113.299044225432,,,NEW-A_aircraft-01,procurement_required
P134_26_5,G3,B_aircraft,G3-B_aircraft-01,T015,2097.1153733026395,3651.686732430321,,,NEW-B_aircraft-02,procurement_required
P134_26_5,G3,B_aircraft,G3-B_aircraft-02,T008,2348.76072154738,4193.299611702947,,,NEW-B_aircraft-03,procurement_required
P134_26_5,G3,A_batteries,G3-A_batteries-01,T011,2058.1153733026395,5546.539457030654,,,A05,existing
P134_26_5,G3,A_batteries,G3-A_batteries-02,T002_2,2212.8691163260855,4879.929014022942,T017,2889.522955490518,A06,existing
P134_26_5,G3,A_batteries,G3-A_batteries-02,T017,7769.45196951346,11476.863027475007,,,A06,existing
P134_26_5,G3,B_batteries,G3-B_batteries-01,T015,2097.1153733026395,5107.472874353213,,,NEW-B_batteries-01,procurement_required
P134_26_5,G3,B_batteries,G3-B_batteries-02,T008,2348.76072154738,5781.961574782329,,,NEW-B_batteries-02,procurement_required
P134_26_5,G3,relay_aircraft,G3-relay_aircraft-01,R005,2134.2977388563304,4587.002647985877,R006,3268.6316870812743,NEW-relay_aircraft-01,procurement_required
P134_26_5,G3,relay_aircraft,G3-relay_aircraft-01,R006,7855.634335067151,10510.693895951956,,,NEW-relay_aircraft-01,procurement_required
P134_26_5,G3,relay_components,G3-relay_components-01,R005,2134.2977388563304,5015.591855407197,R006,2840.0424796599546,RE03,existing
P134_26_5,G3,relay_components,G3-relay_components-01,R006,7855.634335067151,10964.401779763033,,,RE03,existing
P134_2_56,G1,A_aircraft,G1-A_aircraft-01,T002_1,0.0,1652.4416357195464,T016,2705.4237932369183,U01,existing
P134_2_56,G1,A_aircraft,G1-A_aircraft-01,T016,4357.865428956465,6053.623533624929,T020,887.2828924404594,U01,existing
P134_2_56,G1,A_aircraft,G1-A_aircraft-01,T020,6940.906426065389,8911.116273042207,,,U01,existing
P134_2_56,G1,A_aircraft,G1-A_aircraft-02,T009,0.0,1316.0142144169886,T023,4737.609419207941,U02,existing
P134_2_56,G1,A_aircraft,G1-A_aircraft-02,T023,6053.623633624929,7689.381738293394,,,U02,existing
P134_2_56,G1,A_aircraft,G1-A_aircraft-03,T014_1,0.0,1695.7581046684645,T007,2637.107324288001,U03,existing
P134_2_56,G1,A_aircraft,G1-A_aircraft-03,T007,4332.865428956466,6940.9063260653875,T019_1,748.4755122280048,U03,existing
P134_2_56,G1,A_aircraft,G1-A_aircraft-03,T019_1,7689.381838293392,9325.139942961858,,,U03,existing
P134_2_56,G1,B_aircraft,G1-B_aircraft-01,T005,0.0,1210.3573074816584,,,U05,existing
P134_2_56,G1,C_aircraft,G1-C_aircraft-01,T003,0.0,1429.4261775174655,T010_2,398.7983286330418,U07,existing
P134_2_56,G1,C_aircraft,G1-C_aircraft-01,T010_2,1828.2245061505073,3261.2595890284992,T018,2495.830368887626,U07,existing
P134_2_56,G1,C_aircraft,G1-C_aircraft-01,T018,5757.089957916125,8192.899478773774,,,U07,existing
P134_2_56,G1,C_aircraft,G1-C_aircraft-02,T010_1,0.0,1823.224406150507,T001,1443.0352828779924,U08,existing
P134_2_56,G1,C_aircraft,G1-C_aircraft-02,T001,3266.2596890284995,4827.685866545965,,,U08,existing
P134_2_56,G1,A_batteries,G1-A_batteries-01,T002_1,0.0,2667.5322461730734,T016,1690.3331827833913,A01,existing
P134_2_56,G1,A_batteries,G1-A_batteries-01,T016,4357.865428956465,7189.599845781131,T019_1,499.78199251226124,A01,existing
P134_2_56,G1,A_batteries,G1-A_batteries-01,T019_1,7689.381838293392,10409.758236602142,,,A01,existing
P134_2_56,G1,A_batteries,G1-A_batteries-02,T009,0.0,2207.8690163260853,T023,3845.754617298844,A02,existing
P134_2_56,G1,A_batteries,G1-A_batteries-02,T023,6053.623633624929,8794.320358969193,,,A02,existing
P134_2_56,G1,A_batteries,G1-A_batteries-03,T014_1,0.0,2810.952429148163,T007,1521.9129998083026,A03,existing
P134_2_56,G1,A_batteries,G1-A_batteries-03,T007,4332.865428956466,8394.169789148978,,,A03,existing
P134_2_56,G1,A_batteries,G1-A_batteries-04,T020,6940.906426065389,10151.116923729283,,,A04,existing
P134_2_56,G1,B_batteries,G1-B_batteries-01,T005,0.0,2343.7606215473797,,,B01,existing
P134_2_56,G1,C_batteries,G1-C_batteries-01,T003,0.0,2947.606630665684,T001,318.6530583628155,C01,existing
P134_2_56,G1,C_batteries,G1-C_batteries-01,T001,3266.2596890284995,6416.352542791451,,,C01,existing
P134_2_56,G1,C_batteries,G1-C_batteries-02,T010_1,0.0,3563.4170832737245,T018,2193.6728746424005,C02,existing
P134_2_56,G1,C_batteries,G1-C_batteries-02,T018,5757.089957916125,10691.253758748288,,,C02,existing
P134_2_56,G1,C_batteries,G1-C_batteries-03,T010_2,1828.2245061505073,4709.032782226957,,,C03,existing
P134_2_56,G1,relay_aircraft,G1-relay_aircraft-01,R001,162.1373190294086,2129.297638856331,R002,2462.7051091295434,R01,existing
P134_2_56,G1,relay_aircraft,G1-relay_aircraft-01,R002,4592.0027479858745,9578.679477149724,,,R01,existing
P134_2_56,G1,relay_components,G1-relay_components-01,R001,162.1373190294086,2493.9201725268517,R002,2098.082575459023,RE01,existing
P134_2_56,G1,relay_components,G1-relay_components-01,R002,4592.0027479858745,10318.120453993146,,,RE01,existing
P134_2_56,G2,B_aircraft,G2-B_aircraft-01,T013,2.631913957884535e-07,1958.0412717501863,T021,1698.645560680136,U06,existing
P134_2_56,G2,B_aircraft,G2-B_aircraft-01,T021,3656.6868324303223,5554.728103917317,T014_2,5.000099999999293,U06,existing
P134_2_56,G2,B_aircraft,G2-B_aircraft-01,T014_2,5559.728203917316,7425.499213465236,T022,2287.9942650634084,U06,existing
P134_2_56,G2,B_aircraft,G2-B_aircraft-01,T022,9713.493478528644,11214.272215143501,,,U06,existing
P134_2_56,G2,C_aircraft,G2-C_aircraft-01,T004,1434.4262775174655,3604.9947859277245,T019_2,1227.6911806182397,NEW-C_aircraft-01,procurement_required
P134_2_56,G2,C_aircraft,G2-C_aircraft-01,T019_2,4832.685966545964,7071.870031513806,,,NEW-C_aircraft-01,procurement_required
P134_2_56,G2,C_aircraft,G2-C_aircraft-02,T012,3609.9948859277265,5725.07652720618,,,NEW-C_aircraft-02,procurement_required
P134_2_56,G2,B_batteries,G2-B_batteries-01,T013,2.631913957884535e-07,3917.286899235777,T014_2,1642.441304681539,B02,existing
P134_2_56,G2,B_batteries,G2-B_batteries-01,T014_2,5559.728203917316,9106.026402123385,,,B02,existing
P134_2_56,G2,B_batteries,G2-B_batteries-02,T021,3656.6868324303223,7421.910255834926,T022,2291.583222693718,B03,existing
P134_2_56,G2,B_batteries,G2-B_batteries-02,T022,9713.493478528644,12750.274657105232,,,B03,existing
P134_2_56,G2,C_batteries,G2-C_batteries-01,T004,1434.4262775174655,5752.089857916125,,,C04,existing
P134_2_56,G2,C_batteries,G2-C_batteries-02,T012,3609.9948859277265,8217.742244657848,,,NEW-C_batteries-01,procurement_required
P134_2_56,G2,C_batteries,G2-C_batteries-03,T019_2,4832.685966545964,9540.547812933855,,,NEW-C_batteries-02,procurement_required
P134_2_56,G2,relay_aircraft,G2-relay_aircraft-01,R003,5.186098884268291,7850.634235067152,R004,1733.0453420825716,R02,existing
P134_2_56,G2,relay_aircraft,G2-relay_aircraft-01,R004,9583.679577149724,11813.399509678484,,,R02,existing
P134_2_56,G2,relay_components,G2-relay_components-01,R003,5.186098884268291,8956.255878782365,R004,627.4236983673582,RE02,existing
P134_2_56,G2,relay_components,G2-relay_components-01,R004,9583.679577149724,12221.929892002603,,,RE02,existing
P134_2_56,G3,A_aircraft,G3-A_aircraft-01,T011,2058.1153733026395,4188.754462062222,,,U04,existing
P134_2_56,G3,A_aircraft,G3-A_aircraft-02,T002_2,2212.8691163260855,3815.461852306258,T017,3953.9901172072023,NEW-A_aircraft-01,procurement_required
P134_2_56,G3,A_aircraft,G3-A_aircraft-02,T017,7769.45196951346,10113.299044225432,,,NEW-A_aircraft-01,procurement_required
P134_2_56,G3,B_aircraft,G3-B_aircraft-01,T015,2097.1153733026395,3651.686732430321,T006,1460.7862419228913,NEW-B_aircraft-01,procurement_required
P134_2_56,G3,B_aircraft,G3-B_aircraft-01,T006,5112.4729743532125,6302.1032600896515,,,NEW-B_aircraft-01,procurement_required
P134_2_56,G3,B_aircraft,G3-B_aircraft-02,T008,2348.76072154738,4193.299611702947,,,NEW-B_aircraft-02,procurement_required
P134_2_56,G3,A_batteries,G3-A_batteries-01,T011,2058.1153733026395,5546.539457030654,,,A05,existing
P134_2_56,G3,A_batteries,G3-A_batteries-02,T002_2,2212.8691163260855,4879.929014022942,T017,2889.522955490518,A06,existing
P134_2_56,G3,A_batteries,G3-A_batteries-02,T017,7769.45196951346,11476.863027475007,,,A06,existing
P134_2_56,G3,B_batteries,G3-B_batteries-01,T015,2097.1153733026395,5107.472874353213,T006,5.000099999999293,B04,existing
P134_2_56,G3,B_batteries,G3-B_batteries-01,T006,5112.4729743532125,7435.544137052532,,,B04,existing
P134_2_56,G3,B_batteries,G3-B_batteries-02,T008,2348.76072154738,5781.961574782329,,,NEW-B_batteries-01,procurement_required
P134_2_56,G3,relay_aircraft,G3-relay_aircraft-01,R005,2134.2977388563304,4587.002647985877,R006,3268.6316870812743,NEW-relay_aircraft-01,procurement_required
P134_2_56,G3,relay_aircraft,G3-relay_aircraft-01,R006,7855.634335067151,10510.693895951956,,,NEW-relay_aircraft-01,procurement_required
P134_2_56,G3,relay_components,G3-relay_components-01,R005,2134.2977388563304,5015.591855407197,R006,2840.0424796599546,RE03,existing
P134_2_56,G3,relay_components,G3-relay_components-01,R006,7855.634335067151,10964.401779763033,,,RE03,existing
P135_24_6,G1,A_aircraft,G1-A_aircraft-01,T002_1,0.0,1652.4416357195464,T002_2,560.4274806065391,U01,existing
P135_24_6,G1,A_aircraft,G1-A_aircraft-01,T002_2,2212.8691163260855,3815.461852306258,T016,542.4035766502066,U01,existing
P135_24_6,G1,A_aircraft,G1-A_aircraft-01,T016,4357.865428956465,6053.623533624929,T020,887.2828924404594,U01,existing
P135_24_6,G1,A_aircraft,G1-A_aircraft-01,T020,6940.906426065389,8911.116273042207,,,U01,existing
P135_24_6,G1,A_aircraft,G1-A_aircraft-02,T014_1,0.0,1695.7581046684645,T011,362.35726863417494,U02,existing
P135_24_6,G1,A_aircraft,G1-A_aircraft-02,T011,2058.1153733026395,4188.754462062222,T007,144.11096689424357,U02,existing
P135_24_6,G1,A_aircraft,G1-A_aircraft-02,T007,4332.865428956466,6940.9063260653875,T019_1,748.4755122280048,U02,existing
P135_24_6,G1,A_aircraft,G1-A_aircraft-02,T019_1,7689.381838293392,9325.139942961858,,,U02,existing
P135_24_6,G1,A_aircraft,G1-A_aircraft-03,T023,6053.623633624929,7689.381738293394,T017,80.07023122006649,U03,existing
P135_24_6,G1,A_aircraft,G1-A_aircraft-03,T017,7769.45196951346,10113.299044225432,,,U03,existing
P135_24_6,G1,B_aircraft,G1-B_aircraft-01,T005,0.0,1210.3573074816584,T008,1138.4034140657216,U05,existing
P135_24_6,G1,B_aircraft,G1-B_aircraft-01,T008,2348.76072154738,4193.299611702947,,,U05,existing
P135_24_6,G1,B_aircraft,G1-B_aircraft-02,T015,2097.1153733026395,3651.686732430321,,,U06,existing
P135_24_6,G1,C_aircraft,G1-C_aircraft-01,T003,0.0,1429.4261775174655,T001,1836.833511511034,U07,existing
P135_24_6,G1,C_aircraft,G1-C_aircraft-01,T001,3266.2596890284995,4827.685866545965,,,U07,existing
P135_24_6,G1,C_aircraft,G1-C_aircraft-02,T010_1,0.0,1823.224406150507,T018,3933.865551765618,U08,existing
P135_24_6,G1,C_aircraft,G1-C_aircraft-02,T018,5757.089957916125,8192.899478773774,,,U08,existing
P135_24_6,G1,A_batteries,G1-A_batteries-01,T002_1,0.0,2667.5322461730734,T016,1690.3331827833913,A01,existing
P135_24_6,G1,A_batteries,G1-A_batteries-01,T016,4357.865428956465,7189.599845781131,T017,579.8521237323293,A01,existing
P135_24_6,G1,A_batteries,G1-A_batteries-01,T017,7769.45196951346,11476.863027475007,,,A01,existing
P135_24_6,G1,A_batteries,G1-A_batteries-02,T014_1,0.0,2810.952429148163,T007,1521.9129998083026,A02,existing
P135_24_6,G1,A_batteries,G1-A_batteries-02,T007,4332.865428956466,8394.169789148978,,,A02,existing
P135_24_6,G1,A_batteries,G1-A_batteries-03,T011,2058.1153733026395,5546.539457030654,T020,1394.3669690347342,A03,existing
P135_24_6,G1,A_batteries,G1-A_batteries-03,T020,6940.906426065389,10151.116923729283,,,A03,existing
P135_24_6,G1,A_batteries,G1-A_batteries-04,T002_2,2212.8691163260855,4879.929014022942,T023,1173.6946196019871,A04,existing
P135_24_6,G1,A_batteries,G1-A_batteries-04,T023,6053.623633624929,8794.320358969193,,,A04,existing
P135_24_6,G1,A_batteries,G1-A_batteries-05,T019_1,7689.381838293392,10409.758236602142,,,A05,existing
P135_24_6,G1,B_batteries,G1-B_batteries-01,T005,0.0,2343.7606215473797,T008,5.000100000000202,B01,existing
P135_24_6,G1,B_batteries,G1-B_batteries-01,T008,2348.76072154738,5781.961574782329,,,B01,existing
P135_24_6,G1,B_batteries,G1-B_batteries-02,T015,2097.1153733026395,5107.472874353213,,,B02,existing
P135_24_6,G1,C_batteries,G1-C_batteries-01,T003,0.0,2947.606630665684,T001,318.6530583628155,C01,existing
P135_24_6,G1,C_batteries,G1-C_batteries-01,T001,3266.2596890284995,6416.352542791451,,,C01,existing
P135_24_6,G1,C_batteries,G1-C_batteries-02,T010_1,0.0,3563.4170832737245,T018,2193.6728746424005,C02,existing
P135_24_6,G1,C_batteries,G1-C_batteries-02,T018,5757.089957916125,10691.253758748288,,,C02,existing
P135_24_6,G1,relay_aircraft,G1-relay_aircraft-01,R001,162.1373190294086,2129.297638856331,R002,2462.7051091295434,R01,existing
P135_24_6,G1,relay_aircraft,G1-relay_aircraft-01,R002,4592.0027479858745,9578.679477149724,,,R01,existing
P135_24_6,G1,relay_aircraft,G1-relay_aircraft-02,R005,2134.2977388563304,4587.002647985877,R006,3268.6316870812743,R02,existing
P135_24_6,G1,relay_aircraft,G1-relay_aircraft-02,R006,7855.634335067151,10510.693895951956,,,R02,existing
P135_24_6,G1,relay_components,G1-relay_components-01,R001,162.1373190294086,2493.9201725268517,R002,2098.082575459023,RE01,existing
P135_24_6,G1,relay_components,G1-relay_components-01,R002,4592.0027479858745,10318.120453993146,,,RE01,existing
P135_24_6,G1,relay_components,G1-relay_components-02,R005,2134.2977388563304,5015.591855407197,R006,2840.0424796599546,RE02,existing
P135_24_6,G1,relay_components,G1-relay_components-02,R006,7855.634335067151,10964.401779763033,,,RE02,existing
P135_24_6,G2,A_aircraft,G2-A_aircraft-01,T009,0.0,1316.0142144169886,,,U04,existing
P135_24_6,G2,B_aircraft,G2-B_aircraft-01,T013,2.631913957884535e-07,1958.0412717501863,T021,1698.645560680136,NEW-B_aircraft-01,procurement_required
P135_24_6,G2,B_aircraft,G2-B_aircraft-01,T021,3656.6868324303223,5554.728103917317,T014_2,5.000099999999293,NEW-B_aircraft-01,procurement_required
P135_24_6,G2,B_aircraft,G2-B_aircraft-01,T014_2,5559.728203917316,7425.499213465236,T022,2287.9942650634084,NEW-B_aircraft-01,procurement_required
P135_24_6,G2,B_aircraft,G2-B_aircraft-01,T022,9713.493478528644,11214.272215143501,,,NEW-B_aircraft-01,procurement_required
P135_24_6,G2,C_aircraft,G2-C_aircraft-01,T004,1434.4262775174655,3604.9947859277245,T019_2,1227.6911806182397,NEW-C_aircraft-01,procurement_required
P135_24_6,G2,C_aircraft,G2-C_aircraft-01,T019_2,4832.685966545964,7071.870031513806,,,NEW-C_aircraft-01,procurement_required
P135_24_6,G2,C_aircraft,G2-C_aircraft-02,T010_2,1828.2245061505073,3261.2595890284992,T012,348.73529689922725,NEW-C_aircraft-02,procurement_required
P135_24_6,G2,C_aircraft,G2-C_aircraft-02,T012,3609.9948859277265,5725.07652720618,,,NEW-C_aircraft-02,procurement_required
P135_24_6,G2,A_batteries,G2-A_batteries-01,T009,0.0,2207.8690163260853,,,A06,existing
P135_24_6,G2,B_batteries,G2-B_batteries-01,T013,2.631913957884535e-07,3917.286899235777,T014_2,1642.441304681539,B03,existing
P135_24_6,G2,B_batteries,G2-B_batteries-01,T014_2,5559.728203917316,9106.026402123385,,,B03,existing
P135_24_6,G2,B_batteries,G2-B_batteries-02,T021,3656.6868324303223,7421.910255834926,T022,2291.583222693718,B04,existing
P135_24_6,G2,B_batteries,G2-B_batteries-02,T022,9713.493478528644,12750.274657105232,,,B04,existing
P135_24_6,G2,C_batteries,G2-C_batteries-01,T004,1434.4262775174655,5752.089857916125,,,C03,existing
P135_24_6,G2,C_batteries,G2-C_batteries-02,T010_2,1828.2245061505073,4709.032782226957,T019_2,123.65318431900687,C04,existing
P135_24_6,G2,C_batteries,G2-C_batteries-02,T019_2,4832.685966545964,9540.547812933855,,,C04,existing
P135_24_6,G2,C_batteries,G2-C_batteries-03,T012,3609.9948859277265,8217.742244657848,,,NEW-C_batteries-01,procurement_required
P135_24_6,G2,relay_aircraft,G2-relay_aircraft-01,R003,5.186098884268291,7850.634235067152,R004,1733.0453420825716,NEW-relay_aircraft-01,procurement_required
P135_24_6,G2,relay_aircraft,G2-relay_aircraft-01,R004,9583.679577149724,11813.399509678484,,,NEW-relay_aircraft-01,procurement_required
P135_24_6,G2,relay_components,G2-relay_components-01,R003,5.186098884268291,8956.255878782365,R004,627.4236983673582,RE03,existing
P135_24_6,G2,relay_components,G2-relay_components-01,R004,9583.679577149724,12221.929892002603,,,RE03,existing
P135_24_6,G3,B_aircraft,G3-B_aircraft-01,T006,5112.4729743532125,6302.1032600896515,,,NEW-B_aircraft-02,procurement_required
P135_24_6,G3,B_batteries,G3-B_batteries-01,T006,5112.4729743532125,7435.544137052532,,,NEW-B_batteries-01,procurement_required
P13_245_6,G1,A_aircraft,G1-A_aircraft-01,T002_1,0.0,1652.4416357195464,T016,2705.4237932369183,U01,existing
P13_245_6,G1,A_aircraft,G1-A_aircraft-01,T016,4357.865428956465,6053.623533624929,T023,0.00010000000020227162,U01,existing
P13_245_6,G1,A_aircraft,G1-A_aircraft-01,T023,6053.623633624929,7689.381738293394,T019_1,9.999999838328222e-05,U01,existing
P13_245_6,G1,A_aircraft,G1-A_aircraft-01,T019_1,7689.381838293392,9325.139942961858,,,U01,existing
P13_245_6,G1,A_aircraft,G1-A_aircraft-02,T014_1,0.0,1695.7581046684645,T007,2637.107324288001,U02,existing
P13_245_6,G1,A_aircraft,G1-A_aircraft-02,T007,4332.865428956466,6940.9063260653875,T020,0.00010000000111176632,U02,existing
P13_245_6,G1,A_aircraft,G1-A_aircraft-02,T020,6940.906426065389,8911.116273042207,,,U02,existing
P13_245_6,G1,B_aircraft,G1-B_aircraft-01,T005,0.0,1210.3573074816584,,,U05,existing
P13_245_6,G1,C_aircraft,G1-C_aircraft-01,T003,0.0,1429.4261775174655,T001,1836.833511511034,U07,existing
P13_245_6,G1,C_aircraft,G1-C_aircraft-01,T001,3266.2596890284995,4827.685866545965,,,U07,existing
P13_245_6,G1,C_aircraft,G1-C_aircraft-02,T010_1,0.0,1823.224406150507,T018,3933.865551765618,U08,existing
P13_245_6,G1,C_aircraft,G1-C_aircraft-02,T018,5757.089957916125,8192.899478773774,,,U08,existing
P13_245_6,G1,A_batteries,G1-A_batteries-01,T002_1,0.0,2667.5322461730734,T016,1690.3331827833913,A01,existing
P13_245_6,G1,A_batteries,G1-A_batteries-01,T016,4357.865428956465,7189.599845781131,T019_1,499.78199251226124,A01,existing
P13_245_6,G1,A_batteries,G1-A_batteries-01,T019_1,7689.381838293392,10409.758236602142,,,A01,existing
P13_245_6,G1,A_batteries,G1-A_batteries-02,T014_1,0.0,2810.952429148163,T007,1521.9129998083026,A02,existing
P13_245_6,G1,A_batteries,G1-A_batteries-02,T007,4332.865428956466,8394.169789148978,,,A02,existing
P13_245_6,G1,A_batteries,G1-A_batteries-03,T023,6053.623633624929,8794.320358969193,,,A03,existing
P13_245_6,G1,A_batteries,G1-A_batteries-04,T020,6940.906426065389,10151.116923729283,,,A04,existing
P13_245_6,G1,B_batteries,G1-B_batteries-01,T005,0.0,2343.7606215473797,,,B01,existing
P13_245_6,G1,C_batteries,G1-C_batteries-01,T003,0.0,2947.606630665684,T001,318.6530583628155,C01,existing
P13_245_6,G1,C_batteries,G1-C_batteries-01,T001,3266.2596890284995,6416.352542791451,,,C01,existing
P13_245_6,G1,C_batteries,G1-C_batteries-02,T010_1,0.0,3563.4170832737245,T018,2193.6728746424005,C02,existing
P13_245_6,G1,C_batteries,G1-C_batteries-02,T018,5757.089957916125,10691.253758748288,,,C02,existing
P13_245_6,G1,relay_aircraft,G1-relay_aircraft-01,R001,162.1373190294086,2129.297638856331,R002,2462.7051091295434,R01,existing
P13_245_6,G1,relay_aircraft,G1-relay_aircraft-01,R002,4592.0027479858745,9578.679477149724,,,R01,existing
P13_245_6,G1,relay_components,G1-relay_components-01,R001,162.1373190294086,2493.9201725268517,R002,2098.082575459023,RE01,existing
P13_245_6,G1,relay_components,G1-relay_components-01,R002,4592.0027479858745,10318.120453993146,,,RE01,existing
P13_245_6,G2,A_aircraft,G2-A_aircraft-01,T009,0.0,1316.0142144169886,T002_2,896.854901909097,U03,existing
P13_245_6,G2,A_aircraft,G2-A_aircraft-01,T002_2,2212.8691163260855,3815.461852306258,T017,3953.9901172072023,U03,existing
P13_245_6,G2,A_aircraft,G2-A_aircraft-01,T017,7769.45196951346,10113.299044225432,,,U03,existing
P13_245_6,G2,A_aircraft,G2-A_aircraft-02,T011,2058.1153733026395,4188.754462062222,,,U04,existing
P13_245_6,G2,B_aircraft,G2-B_aircraft-01,T013,2.631913957884535e-07,1958.0412717501863,T015,139.07410155245316,U06,existing
P13_245_6,G2,B_aircraft,G2-B_aircraft-01,T015,2097.1153733026395,3651.686732430321,T021,5.000100000001112,U06,existing
P13_245_6,G2,B_aircraft,G2-B_aircraft-01,T021,3656.6868324303223,5554.728103917317,T022,4158.765374611327,U06,existing
P13_245_6,G2,B_aircraft,G2-B_aircraft-01,T022,9713.493478528644,11214.272215143501,,,U06,existing
P13_245_6,G2,B_aircraft,G2-B_aircraft-02,T008,2348.76072154738,4193.299611702947,T014_2,1366.428592214369,NEW-B_aircraft-01,procurement_required
P13_245_6,G2,B_aircraft,G2-B_aircraft-02,T014_2,5559.728203917316,7425.499213465236,,,NEW-B_aircraft-01,procurement_required
P13_245_6,G2,C_aircraft,G2-C_aircraft-01,T004,1434.4262775174655,3604.9947859277245,T019_2,1227.6911806182397,NEW-C_aircraft-01,procurement_required
P13_245_6,G2,C_aircraft,G2-C_aircraft-01,T019_2,4832.685966545964,7071.870031513806,,,NEW-C_aircraft-01,procurement_required
P13_245_6,G2,C_aircraft,G2-C_aircraft-02,T010_2,1828.2245061505073,3261.2595890284992,T012,348.73529689922725,NEW-C_aircraft-02,procurement_required
P13_245_6,G2,C_aircraft,G2-C_aircraft-02,T012,3609.9948859277265,5725.07652720618,,,NEW-C_aircraft-02,procurement_required
P13_245_6,G2,A_batteries,G2-A_batteries-01,T009,0.0,2207.8690163260853,T002_2,5.000100000000202,A05,existing
P13_245_6,G2,A_batteries,G2-A_batteries-01,T002_2,2212.8691163260855,4879.929014022942,T017,2889.522955490518,A05,existing
P13_245_6,G2,A_batteries,G2-A_batteries-01,T017,7769.45196951346,11476.863027475007,,,A05,existing
P13_245_6,G2,A_batteries,G2-A_batteries-02,T011,2058.1153733026395,5546.539457030654,,,A06,existing
P13_245_6,G2,B_batteries,G2-B_batteries-01,T013,2.631913957884535e-07,3917.286899235777,T014_2,1642.441304681539,B02,existing
P13_245_6,G2,B_batteries,G2-B_batteries-01,T014_2,5559.728203917316,9106.026402123385,,,B02,existing
P13_245_6,G2,B_batteries,G2-B_batteries-02,T015,2097.1153733026395,5107.472874353213,T022,4606.020604175431,B03,existing
P13_245_6,G2,B_batteries,G2-B_batteries-02,T022,9713.493478528644,12750.274657105232,,,B03,existing
P13_245_6,G2,B_batteries,G2-B_batteries-03,T008,2348.76072154738,5781.961574782329,,,B04,existing
P13_245_6,G2,B_batteries,G2-B_batteries-04,T021,3656.6868324303223,7421.910255834926,,,NEW-B_batteries-01,procurement_required
P13_245_6,G2,C_batteries,G2-C_batteries-01,T004,1434.4262775174655,5752.089857916125,,,C03,existing
P13_245_6,G2,C_batteries,G2-C_batteries-02,T010_2,1828.2245061505073,4709.032782226957,T019_2,123.65318431900687,C04,existing
P13_245_6,G2,C_batteries,G2-C_batteries-02,T019_2,4832.685966545964,9540.547812933855,,,C04,existing
P13_245_6,G2,C_batteries,G2-C_batteries-03,T012,3609.9948859277265,8217.742244657848,,,NEW-C_batteries-01,procurement_required
P13_245_6,G2,relay_aircraft,G2-relay_aircraft-01,R003,5.186098884268291,7850.634235067152,R004,1733.0453420825716,R02,existing
P13_245_6,G2,relay_aircraft,G2-relay_aircraft-01,R004,9583.679577149724,11813.399509678484,,,R02,existing
P13_245_6,G2,relay_aircraft,G2-relay_aircraft-02,R005,2134.2977388563304,4587.002647985877,R006,3268.6316870812743,NEW-relay_aircraft-01,procurement_required
P13_245_6,G2,relay_aircraft,G2-relay_aircraft-02,R006,7855.634335067151,10510.693895951956,,,NEW-relay_aircraft-01,procurement_required
P13_245_6,G2,relay_components,G2-relay_components-01,R003,5.186098884268291,8956.255878782365,R004,627.4236983673582,RE02,existing
P13_245_6,G2,relay_components,G2-relay_components-01,R004,9583.679577149724,12221.929892002603,,,RE02,existing
P13_245_6,G2,relay_components,G2-relay_components-02,R005,2134.2977388563304,5015.591855407197,R006,2840.0424796599546,RE03,existing
P13_245_6,G2,relay_components,G2-relay_components-02,R006,7855.634335067151,10964.401779763033,,,RE03,existing
P13_245_6,G3,B_aircraft,G3-B_aircraft-01,T006,5112.4729743532125,6302.1032600896515,,,NEW-B_aircraft-02,procurement_required
P13_245_6,G3,B_batteries,G3-B_batteries-01,T006,5112.4729743532125,7435.544137052532,,,NEW-B_batteries-02,procurement_required
P136_24_5,G1,A_aircraft,G1-A_aircraft-01,T002_1,0.0,1652.4416357195464,T016,2705.4237932369183,U01,existing
P136_24_5,G1,A_aircraft,G1-A_aircraft-01,T016,4357.865428956465,6053.623533624929,T023,0.00010000000020227162,U01,existing
P136_24_5,G1,A_aircraft,G1-A_aircraft-01,T023,6053.623633624929,7689.381738293394,T019_1,9.999999838328222e-05,U01,existing
P136_24_5,G1,A_aircraft,G1-A_aircraft-01,T019_1,7689.381838293392,9325.139942961858,,,U01,existing
P136_24_5,G1,A_aircraft,G1-A_aircraft-02,T014_1,0.0,1695.7581046684645,T007,2637.107324288001,U02,existing
P136_24_5,G1,A_aircraft,G1-A_aircraft-02,T007,4332.865428956466,6940.9063260653875,T020,0.00010000000111176632,U02,existing
P136_24_5,G1,A_aircraft,G1-A_aircraft-02,T020,6940.906426065389,8911.116273042207,,,U02,existing
P136_24_5,G1,B_aircraft,G1-B_aircraft-01,T005,0.0,1210.3573074816584,T006,3902.115666871554,U05,existing
P136_24_5,G1,B_aircraft,G1-B_aircraft-01,T006,5112.4729743532125,6302.1032600896515,,,U05,existing
P136_24_5,G1,C_aircraft,G1-C_aircraft-01,T003,0.0,1429.4261775174655,T001,1836.833511511034,U07,existing
P136_24_5,G1,C_aircraft,G1-C_aircraft-01,T001,3266.2596890284995,4827.685866545965,,,U07,existing
P136_24_5,G1,C_aircraft,G1-C_aircraft-02,T010_1,0.0,1823.224406150507,T018,3933.865551765618,U08,existing
P136_24_5,G1,C_aircraft,G1-C_aircraft-02,T018,5757.089957916125,8192.899478773774,,,U08,existing
P136_24_5,G1,A_batteries,G1-A_batteries-01,T002_1,0.0,2667.5322461730734,T016,1690.3331827833913,A01,existing
P136_24_5,G1,A_batteries,G1-A_batteries-01,T016,4357.865428956465,7189.599845781131,T019_1,499.78199251226124,A01,existing
P136_24_5,G1,A_batteries,G1-A_batteries-01,T019_1,7689.381838293392,10409.758236602142,,,A01,existing
P136_24_5,G1,A_batteries,G1-A_batteries-02,T014_1,0.0,2810.952429148163,T007,1521.9129998083026,A02,existing
P136_24_5,G1,A_batteries,G1-A_batteries-02,T007,4332.865428956466,8394.169789148978,,,A02,existing
P136_24_5,G1,A_batteries,G1-A_batteries-03,T023,6053.623633624929,8794.320358969193,,,A03,existing
P136_24_5,G1,A_batteries,G1-A_batteries-04,T020,6940.906426065389,10151.116923729283,,,A04,existing
P136_24_5,G1,B_batteries,G1-B_batteries-01,T005,0.0,2343.7606215473797,T006,2768.712352805833,B01,existing
P136_24_5,G1,B_batteries,G1-B_batteries-01,T006,5112.4729743532125,7435.544137052532,,,B01,existing
P136_24_5,G1,C_batteries,G1-C_batteries-01,T003,0.0,2947.606630665684,T001,318.6530583628155,C01,existing
P136_24_5,G1,C_batteries,G1-C_batteries-01,T001,3266.2596890284995,6416.352542791451,,,C01,existing
P136_24_5,G1,C_batteries,G1-C_batteries-02,T010_1,0.0,3563.4170832737245,T018,2193.6728746424005,C02,existing
P136_24_5,G1,C_batteries,G1-C_batteries-02,T018,5757.089957916125,10691.253758748288,,,C02,existing
P136_24_5,G1,relay_aircraft,G1-relay_aircraft-01,R001,162.1373190294086,2129.297638856331,R002,2462.7051091295434,R01,existing
P136_24_5,G1,relay_aircraft,G1-relay_aircraft-01,R002,4592.0027479858745,9578.679477149724,,,R01,existing
P136_24_5,G1,relay_components,G1-relay_components-01,R001,162.1373190294086,2493.9201725268517,R002,2098.082575459023,RE01,existing
P136_24_5,G1,relay_components,G1-relay_components-01,R002,4592.0027479858745,10318.120453993146,,,RE01,existing
P136_24_5,G2,A_aircraft,G2-A_aircraft-01,T009,0.0,1316.0142144169886,,,U03,existing
P136_24_5,G2,B_aircraft,G2-B_aircraft-01,T013,2.631913957884535e-07,1958.0412717501863,T021,1698.645560680136,U06,existing
P136_24_5,G2,B_aircraft,G2-B_aircraft-01,T021,3656.6868324303223,5554.728103917317,T014_2,5.000099999999293,U06,existing
P136_24_5,G2,B_aircraft,G2-B_aircraft-01,T014_2,5559.728203917316,7425.499213465236,T022,2287.9942650634084,U06,existing
P136_24_5,G2,B_aircraft,G2-B_aircraft-01,T022,9713.493478528644,11214.272215143501,,,U06,existing
P136_24_5,G2,C_aircraft,G2-C_aircraft-01,T004,1434.4262775174655,3604.9947859277245,T019_2,1227.6911806182397,NEW-C_aircraft-01,procurement_required
P136_24_5,G2,C_aircraft,G2-C_aircraft-01,T019_2,4832.685966545964,7071.870031513806,,,NEW-C_aircraft-01,procurement_required
P136_24_5,G2,C_aircraft,G2-C_aircraft-02,T010_2,1828.2245061505073,3261.2595890284992,T012,348.73529689922725,NEW-C_aircraft-02,procurement_required
P136_24_5,G2,C_aircraft,G2-C_aircraft-02,T012,3609.9948859277265,5725.07652720618,,,NEW-C_aircraft-02,procurement_required
P136_24_5,G2,A_batteries,G2-A_batteries-01,T009,0.0,2207.8690163260853,,,A05,existing
P136_24_5,G2,B_batteries,G2-B_batteries-01,T013,2.631913957884535e-07,3917.286899235777,T014_2,1642.441304681539,B02,existing
P136_24_5,G2,B_batteries,G2-B_batteries-01,T014_2,5559.728203917316,9106.026402123385,,,B02,existing
P136_24_5,G2,B_batteries,G2-B_batteries-02,T021,3656.6868324303223,7421.910255834926,T022,2291.583222693718,B03,existing
P136_24_5,G2,B_batteries,G2-B_batteries-02,T022,9713.493478528644,12750.274657105232,,,B03,existing
P136_24_5,G2,C_batteries,G2-C_batteries-01,T004,1434.4262775174655,5752.089857916125,,,C03,existing
P136_24_5,G2,C_batteries,G2-C_batteries-02,T010_2,1828.2245061505073,4709.032782226957,T019_2,123.65318431900687,C04,existing
P136_24_5,G2,C_batteries,G2-C_batteries-02,T019_2,4832.685966545964,9540.547812933855,,,C04,existing
P136_24_5,G2,C_batteries,G2-C_batteries-03,T012,3609.9948859277265,8217.742244657848,,,NEW-C_batteries-01,procurement_required
P136_24_5,G2,relay_aircraft,G2-relay_aircraft-01,R003,5.186098884268291,7850.634235067152,R004,1733.0453420825716,R02,existing
P136_24_5,G2,relay_aircraft,G2-relay_aircraft-01,R004,9583.679577149724,11813.399509678484,,,R02,existing
P136_24_5,G2,relay_components,G2-relay_components-01,R003,5.186098884268291,8956.255878782365,R004,627.4236983673582,RE02,existing
P136_24_5,G2,relay_components,G2-relay_components-01,R004,9583.679577149724,12221.929892002603,,,RE02,existing
P136_24_5,G3,A_aircraft,G3-A_aircraft-01,T011,2058.1153733026395,4188.754462062222,,,U04,existing
P136_24_5,G3,A_aircraft,G3-A_aircraft-02,T002_2,2212.8691163260855,3815.461852306258,T017,3953.9901172072023,NEW-A_aircraft-01,procurement_required
P136_24_5,G3,A_aircraft,G3-A_aircraft-02,T017,7769.45196951346,10113.299044225432,,,NEW-A_aircraft-01,procurement_required
P136_24_5,G3,B_aircraft,G3-B_aircraft-01,T015,2097.1153733026395,3651.686732430321,,,NEW-B_aircraft-01,procurement_required
P136_24_5,G3,B_aircraft,G3-B_aircraft-02,T008,2348.76072154738,4193.299611702947,,,NEW-B_aircraft-02,procurement_required
P136_24_5,G3,A_batteries,G3-A_batteries-01,T011,2058.1153733026395,5546.539457030654,,,A06,existing
P136_24_5,G3,A_batteries,G3-A_batteries-02,T002_2,2212.8691163260855,4879.929014022942,T017,2889.522955490518,NEW-A_batteries-01,procurement_required
P136_24_5,G3,A_batteries,G3-A_batteries-02,T017,7769.45196951346,11476.863027475007,,,NEW-A_batteries-01,procurement_required
P136_24_5,G3,B_batteries,G3-B_batteries-01,T015,2097.1153733026395,5107.472874353213,,,B04,existing
P136_24_5,G3,B_batteries,G3-B_batteries-02,T008,2348.76072154738,5781.961574782329,,,NEW-B_batteries-01,procurement_required
P136_24_5,G3,relay_aircraft,G3-relay_aircraft-01,R005,2134.2977388563304,4587.002647985877,R006,3268.6316870812743,NEW-relay_aircraft-01,procurement_required
P136_24_5,G3,relay_aircraft,G3-relay_aircraft-01,R006,7855.634335067151,10510.693895951956,,,NEW-relay_aircraft-01,procurement_required
P136_24_5,G3,relay_components,G3-relay_components-01,R005,2134.2977388563304,5015.591855407197,R006,2840.0424796599546,RE03,existing
P136_24_5,G3,relay_components,G3-relay_components-01,R006,7855.634335067151,10964.401779763033,,,RE03,existing
P13_246_5,G1,A_aircraft,G1-A_aircraft-01,T002_1,0.0,1652.4416357195464,T016,2705.4237932369183,U01,existing
P13_246_5,G1,A_aircraft,G1-A_aircraft-01,T016,4357.865428956465,6053.623533624929,T023,0.00010000000020227162,U01,existing
P13_246_5,G1,A_aircraft,G1-A_aircraft-01,T023,6053.623633624929,7689.381738293394,T019_1,9.999999838328222e-05,U01,existing
P13_246_5,G1,A_aircraft,G1-A_aircraft-01,T019_1,7689.381838293392,9325.139942961858,,,U01,existing
P13_246_5,G1,A_aircraft,G1-A_aircraft-02,T014_1,0.0,1695.7581046684645,T007,2637.107324288001,U02,existing
P13_246_5,G1,A_aircraft,G1-A_aircraft-02,T007,4332.865428956466,6940.9063260653875,T020,0.00010000000111176632,U02,existing
P13_246_5,G1,A_aircraft,G1-A_aircraft-02,T020,6940.906426065389,8911.116273042207,,,U02,existing
P13_246_5,G1,B_aircraft,G1-B_aircraft-01,T005,0.0,1210.3573074816584,,,U05,existing
P13_246_5,G1,C_aircraft,G1-C_aircraft-01,T003,0.0,1429.4261775174655,T001,1836.833511511034,U07,existing
P13_246_5,G1,C_aircraft,G1-C_aircraft-01,T001,3266.2596890284995,4827.685866545965,,,U07,existing
P13_246_5,G1,C_aircraft,G1-C_aircraft-02,T010_1,0.0,1823.224406150507,T018,3933.865551765618,U08,existing
P13_246_5,G1,C_aircraft,G1-C_aircraft-02,T018,5757.089957916125,8192.899478773774,,,U08,existing
P13_246_5,G1,A_batteries,G1-A_batteries-01,T002_1,0.0,2667.5322461730734,T016,1690.3331827833913,A01,existing
P13_246_5,G1,A_batteries,G1-A_batteries-01,T016,4357.865428956465,7189.599845781131,T019_1,499.78199251226124,A01,existing
P13_246_5,G1,A_batteries,G1-A_batteries-01,T019_1,7689.381838293392,10409.758236602142,,,A01,existing
P13_246_5,G1,A_batteries,G1-A_batteries-02,T014_1,0.0,2810.952429148163,T007,1521.9129998083026,A02,existing
P13_246_5,G1,A_batteries,G1-A_batteries-02,T007,4332.865428956466,8394.169789148978,,,A02,existing
P13_246_5,G1,A_batteries,G1-A_batteries-03,T023,6053.623633624929,8794.320358969193,,,A03,existing
P13_246_5,G1,A_batteries,G1-A_batteries-04,T020,6940.906426065389,10151.116923729283,,,A04,existing
P13_246_5,G1,B_batteries,G1-B_batteries-01,T005,0.0,2343.7606215473797,,,B01,existing
P13_246_5,G1,C_batteries,G1-C_batteries-01,T003,0.0,2947.606630665684,T001,318.6530583628155,C01,existing
P13_246_5,G1,C_batteries,G1-C_batteries-01,T001,3266.2596890284995,6416.352542791451,,,C01,existing
P13_246_5,G1,C_batteries,G1-C_batteries-02,T010_1,0.0,3563.4170832737245,T018,2193.6728746424005,C02,existing
P13_246_5,G1,C_batteries,G1-C_batteries-02,T018,5757.089957916125,10691.253758748288,,,C02,existing
P13_246_5,G1,relay_aircraft,G1-relay_aircraft-01,R001,162.1373190294086,2129.297638856331,R002,2462.7051091295434,R01,existing
P13_246_5,G1,relay_aircraft,G1-relay_aircraft-01,R002,4592.0027479858745,9578.679477149724,,,R01,existing
P13_246_5,G1,relay_components,G1-relay_components-01,R001,162.1373190294086,2493.9201725268517,R002,2098.082575459023,RE01,existing
P13_246_5,G1,relay_components,G1-relay_components-01,R002,4592.0027479858745,10318.120453993146,,,RE01,existing
P13_246_5,G2,A_aircraft,G2-A_aircraft-01,T009,0.0,1316.0142144169886,,,U03,existing
P13_246_5,G2,B_aircraft,G2-B_aircraft-01,T013,2.631913957884535e-07,1958.0412717501863,T021,1698.645560680136,U06,existing
P13_246_5,G2,B_aircraft,G2-B_aircraft-01,T021,3656.6868324303223,5554.728103917317,T014_2,5.000099999999293,U06,existing
P13_246_5,G2,B_aircraft,G2-B_aircraft-01,T014_2,5559.728203917316,7425.499213465236,,,U06,existing
P13_246_5,G2,B_aircraft,G2-B_aircraft-02,T006,5112.4729743532125,6302.1032600896515,T022,3411.3902184389926,NEW-B_aircraft-01,procurement_required
P13_246_5,G2,B_aircraft,G2-B_aircraft-02,T022,9713.493478528644,11214.272215143501,,,NEW-B_aircraft-01,procurement_required
P13_246_5,G2,C_aircraft,G2-C_aircraft-01,T004,1434.4262775174655,3604.9947859277245,T019_2,1227.6911806182397,NEW-C_aircraft-01,procurement_required
P13_246_5,G2,C_aircraft,G2-C_aircraft-01,T019_2,4832.685966545964,7071.870031513806,,,NEW-C_aircraft-01,procurement_required
P13_246_5,G2,C_aircraft,G2-C_aircraft-02,T010_2,1828.2245061505073,3261.2595890284992,T012,348.73529689922725,NEW-C_aircraft-02,procurement_required
P13_246_5,G2,C_aircraft,G2-C_aircraft-02,T012,3609.9948859277265,5725.07652720618,,,NEW-C_aircraft-02,procurement_required
P13_246_5,G2,A_batteries,G2-A_batteries-01,T009,0.0,2207.8690163260853,,,A05,existing
P13_246_5,G2,B_batteries,G2-B_batteries-01,T013,2.631913957884535e-07,3917.286899235777,T014_2,1642.441304681539,B02,existing
P13_246_5,G2,B_batteries,G2-B_batteries-01,T014_2,5559.728203917316,9106.026402123385,,,B02,existing
P13_246_5,G2,B_batteries,G2-B_batteries-02,T021,3656.6868324303223,7421.910255834926,T022,2291.583222693718,B03,existing
P13_246_5,G2,B_batteries,G2-B_batteries-02,T022,9713.493478528644,12750.274657105232,,,B03,existing
P13_246_5,G2,B_batteries,G2-B_batteries-03,T006,5112.4729743532125,7435.544137052532,,,B04,existing
P13_246_5,G2,C_batteries,G2-C_batteries-01,T004,1434.4262775174655,5752.089857916125,,,C03,existing
P13_246_5,G2,C_batteries,G2-C_batteries-02,T010_2,1828.2245061505073,4709.032782226957,T019_2,123.65318431900687,C04,existing
P13_246_5,G2,C_batteries,G2-C_batteries-02,T019_2,4832.685966545964,9540.547812933855,,,C04,existing
P13_246_5,G2,C_batteries,G2-C_batteries-03,T012,3609.9948859277265,8217.742244657848,,,NEW-C_batteries-01,procurement_required
P13_246_5,G2,relay_aircraft,G2-relay_aircraft-01,R003,5.186098884268291,7850.634235067152,R004,1733.0453420825716,R02,existing
P13_246_5,G2,relay_aircraft,G2-relay_aircraft-01,R004,9583.679577149724,11813.399509678484,,,R02,existing
P13_246_5,G2,relay_components,G2-relay_components-01,R003,5.186098884268291,8956.255878782365,R004,627.4236983673582,RE02,existing
P13_246_5,G2,relay_components,G2-relay_components-01,R004,9583.679577149724,12221.929892002603,,,RE02,existing
P13_246_5,G3,A_aircraft,G3-A_aircraft-01,T011,2058.1153733026395,4188.754462062222,,,U04,existing
P13_246_5,G3,A_aircraft,G3-A_aircraft-02,T002_2,2212.8691163260855,3815.461852306258,T017,3953.9901172072023,NEW-A_aircraft-01,procurement_required
P13_246_5,G3,A_aircraft,G3-A_aircraft-02,T017,7769.45196951346,10113.299044225432,,,NEW-A_aircraft-01,procurement_required
P13_246_5,G3,B_aircraft,G3-B_aircraft-01,T015,2097.1153733026395,3651.686732430321,,,NEW-B_aircraft-02,procurement_required
P13_246_5,G3,B_aircraft,G3-B_aircraft-02,T008,2348.76072154738,4193.299611702947,,,NEW-B_aircraft-03,procurement_required
P13_246_5,G3,A_batteries,G3-A_batteries-01,T011,2058.1153733026395,5546.539457030654,,,A06,existing
P13_246_5,G3,A_batteries,G3-A_batteries-02,T002_2,2212.8691163260855,4879.929014022942,T017,2889.522955490518,NEW-A_batteries-01,procurement_required
P13_246_5,G3,A_batteries,G3-A_batteries-02,T017,7769.45196951346,11476.863027475007,,,NEW-A_batteries-01,procurement_required
P13_246_5,G3,B_batteries,G3-B_batteries-01,T015,2097.1153733026395,5107.472874353213,,,NEW-B_batteries-01,procurement_required
P13_246_5,G3,B_batteries,G3-B_batteries-02,T008,2348.76072154738,5781.961574782329,,,NEW-B_batteries-02,procurement_required
P13_246_5,G3,relay_aircraft,G3-relay_aircraft-01,R005,2134.2977388563304,4587.002647985877,R006,3268.6316870812743,NEW-relay_aircraft-01,procurement_required
P13_246_5,G3,relay_aircraft,G3-relay_aircraft-01,R006,7855.634335067151,10510.693895951956,,,NEW-relay_aircraft-01,procurement_required
P13_246_5,G3,relay_components,G3-relay_components-01,R005,2134.2977388563304,5015.591855407197,R006,2840.0424796599546,RE03,existing
P13_246_5,G3,relay_components,G3-relay_components-01,R006,7855.634335067151,10964.401779763033,,,RE03,existing
P13_24_56,G1,A_aircraft,G1-A_aircraft-01,T002_1,0.0,1652.4416357195464,T016,2705.4237932369183,U01,existing
P13_24_56,G1,A_aircraft,G1-A_aircraft-01,T016,4357.865428956465,6053.623533624929,T023,0.00010000000020227162,U01,existing
P13_24_56,G1,A_aircraft,G1-A_aircraft-01,T023,6053.623633624929,7689.381738293394,T019_1,9.999999838328222e-05,U01,existing
P13_24_56,G1,A_aircraft,G1-A_aircraft-01,T019_1,7689.381838293392,9325.139942961858,,,U01,existing
P13_24_56,G1,A_aircraft,G1-A_aircraft-02,T014_1,0.0,1695.7581046684645,T007,2637.107324288001,U02,existing
P13_24_56,G1,A_aircraft,G1-A_aircraft-02,T007,4332.865428956466,6940.9063260653875,T020,0.00010000000111176632,U02,existing
P13_24_56,G1,A_aircraft,G1-A_aircraft-02,T020,6940.906426065389,8911.116273042207,,,U02,existing
P13_24_56,G1,B_aircraft,G1-B_aircraft-01,T005,0.0,1210.3573074816584,,,U05,existing
P13_24_56,G1,C_aircraft,G1-C_aircraft-01,T003,0.0,1429.4261775174655,T001,1836.833511511034,U07,existing
P13_24_56,G1,C_aircraft,G1-C_aircraft-01,T001,3266.2596890284995,4827.685866545965,,,U07,existing
P13_24_56,G1,C_aircraft,G1-C_aircraft-02,T010_1,0.0,1823.224406150507,T018,3933.865551765618,U08,existing
P13_24_56,G1,C_aircraft,G1-C_aircraft-02,T018,5757.089957916125,8192.899478773774,,,U08,existing
P13_24_56,G1,A_batteries,G1-A_batteries-01,T002_1,0.0,2667.5322461730734,T016,1690.3331827833913,A01,existing
P13_24_56,G1,A_batteries,G1-A_batteries-01,T016,4357.865428956465,7189.599845781131,T019_1,499.78199251226124,A01,existing
P13_24_56,G1,A_batteries,G1-A_batteries-01,T019_1,7689.381838293392,10409.758236602142,,,A01,existing
P13_24_56,G1,A_batteries,G1-A_batteries-02,T014_1,0.0,2810.952429148163,T007,1521.9129998083026,A02,existing
P13_24_56,G1,A_batteries,G1-A_batteries-02,T007,4332.865428956466,8394.169789148978,,,A02,existing
P13_24_56,G1,A_batteries,G1-A_batteries-03,T023,6053.623633624929,8794.320358969193,,,A03,existing
P13_24_56,G1,A_batteries,G1-A_batteries-04,T020,6940.906426065389,10151.116923729283,,,A04,existing
P13_24_56,G1,B_batteries,G1-B_batteries-01,T005,0.0,2343.7606215473797,,,B01,existing
P13_24_56,G1,C_batteries,G1-C_batteries-01,T003,0.0,2947.606630665684,T001,318.6530583628155,C01,existing
P13_24_56,G1,C_batteries,G1-C_batteries-01,T001,3266.2596890284995,6416.352542791451,,,C01,existing
P13_24_56,G1,C_batteries,G1-C_batteries-02,T010_1,0.0,3563.4170832737245,T018,2193.6728746424005,C02,existing
P13_24_56,G1,C_batteries,G1-C_batteries-02,T018,5757.089957916125,10691.253758748288,,,C02,existing
P13_24_56,G1,relay_aircraft,G1-relay_aircraft-01,R001,162.1373190294086,2129.297638856331,R002,2462.7051091295434,R01,existing
P13_24_56,G1,relay_aircraft,G1-relay_aircraft-01,R002,4592.0027479858745,9578.679477149724,,,R01,existing
P13_24_56,G1,relay_components,G1-relay_components-01,R001,162.1373190294086,2493.9201725268517,R002,2098.082575459023,RE01,existing
P13_24_56,G1,relay_components,G1-relay_components-01,R002,4592.0027479858745,10318.120453993146,,,RE01,existing
P13_24_56,G2,A_aircraft,G2-A_aircraft-01,T009,0.0,1316.0142144169886,,,U03,existing
P13_24_56,G2,B_aircraft,G2-B_aircraft-01,T013,2.631913957884535e-07,1958.0412717501863,T021,1698.645560680136,U06,existing
P13_24_56,G2,B_aircraft,G2-B_aircraft-01,T021,3656.6868324303223,5554.728103917317,T014_2,5.000099999999293,U06,existing
P13_24_56,G2,B_aircraft,G2-B_aircraft-01,T014_2,5559.728203917316,7425.499213465236,T022,2287.9942650634084,U06,existing
P13_24_56,G2,B_aircraft,G2-B_aircraft-01,T022,9713.493478528644,11214.272215143501,,,U06,existing
P13_24_56,G2,C_aircraft,G2-C_aircraft-01,T004,1434.4262775174655,3604.9947859277245,T019_2,1227.6911806182397,NEW-C_aircraft-01,procurement_required
P13_24_56,G2,C_aircraft,G2-C_aircraft-01,T019_2,4832.685966545964,7071.870031513806,,,NEW-C_aircraft-01,procurement_required
P13_24_56,G2,C_aircraft,G2-C_aircraft-02,T010_2,1828.2245061505073,3261.2595890284992,T012,348.73529689922725,NEW-C_aircraft-02,procurement_required
P13_24_56,G2,C_aircraft,G2-C_aircraft-02,T012,3609.9948859277265,5725.07652720618,,,NEW-C_aircraft-02,procurement_required
P13_24_56,G2,A_batteries,G2-A_batteries-01,T009,0.0,2207.8690163260853,,,A05,existing
P13_24_56,G2,B_batteries,G2-B_batteries-01,T013,2.631913957884535e-07,3917.286899235777,T014_2,1642.441304681539,B02,existing
P13_24_56,G2,B_batteries,G2-B_batteries-01,T014_2,5559.728203917316,9106.026402123385,,,B02,existing
P13_24_56,G2,B_batteries,G2-B_batteries-02,T021,3656.6868324303223,7421.910255834926,T022,2291.583222693718,B03,existing
P13_24_56,G2,B_batteries,G2-B_batteries-02,T022,9713.493478528644,12750.274657105232,,,B03,existing
P13_24_56,G2,C_batteries,G2-C_batteries-01,T004,1434.4262775174655,5752.089857916125,,,C03,existing
P13_24_56,G2,C_batteries,G2-C_batteries-02,T010_2,1828.2245061505073,4709.032782226957,T019_2,123.65318431900687,C04,existing
P13_24_56,G2,C_batteries,G2-C_batteries-02,T019_2,4832.685966545964,9540.547812933855,,,C04,existing
P13_24_56,G2,C_batteries,G2-C_batteries-03,T012,3609.9948859277265,8217.742244657848,,,NEW-C_batteries-01,procurement_required
P13_24_56,G2,relay_aircraft,G2-relay_aircraft-01,R003,5.186098884268291,7850.634235067152,R004,1733.0453420825716,R02,existing
P13_24_56,G2,relay_aircraft,G2-relay_aircraft-01,R004,9583.679577149724,11813.399509678484,,,R02,existing
P13_24_56,G2,relay_components,G2-relay_components-01,R003,5.186098884268291,8956.255878782365,R004,627.4236983673582,RE02,existing
P13_24_56,G2,relay_components,G2-relay_components-01,R004,9583.679577149724,12221.929892002603,,,RE02,existing
P13_24_56,G3,A_aircraft,G3-A_aircraft-01,T011,2058.1153733026395,4188.754462062222,,,U04,existing
P13_24_56,G3,A_aircraft,G3-A_aircraft-02,T002_2,2212.8691163260855,3815.461852306258,T017,3953.9901172072023,NEW-A_aircraft-01,procurement_required
P13_24_56,G3,A_aircraft,G3-A_aircraft-02,T017,7769.45196951346,10113.299044225432,,,NEW-A_aircraft-01,procurement_required
P13_24_56,G3,B_aircraft,G3-B_aircraft-01,T015,2097.1153733026395,3651.686732430321,T006,1460.7862419228913,NEW-B_aircraft-01,procurement_required
P13_24_56,G3,B_aircraft,G3-B_aircraft-01,T006,5112.4729743532125,6302.1032600896515,,,NEW-B_aircraft-01,procurement_required
P13_24_56,G3,B_aircraft,G3-B_aircraft-02,T008,2348.76072154738,4193.299611702947,,,NEW-B_aircraft-02,procurement_required
P13_24_56,G3,A_batteries,G3-A_batteries-01,T011,2058.1153733026395,5546.539457030654,,,A06,existing
P13_24_56,G3,A_batteries,G3-A_batteries-02,T002_2,2212.8691163260855,4879.929014022942,T017,2889.522955490518,NEW-A_batteries-01,procurement_required
P13_24_56,G3,A_batteries,G3-A_batteries-02,T017,7769.45196951346,11476.863027475007,,,NEW-A_batteries-01,procurement_required
P13_24_56,G3,B_batteries,G3-B_batteries-01,T015,2097.1153733026395,5107.472874353213,T006,5.000099999999293,B04,existing
P13_24_56,G3,B_batteries,G3-B_batteries-01,T006,5112.4729743532125,7435.544137052532,,,B04,existing
P13_24_56,G3,B_batteries,G3-B_batteries-02,T008,2348.76072154738,5781.961574782329,,,NEW-B_batteries-01,procurement_required
P13_24_56,G3,relay_aircraft,G3-relay_aircraft-01,R005,2134.2977388563304,4587.002647985877,R006,3268.6316870812743,NEW-relay_aircraft-01,procurement_required
P13_24_56,G3,relay_aircraft,G3-relay_aircraft-01,R006,7855.634335067151,10510.693895951956,,,NEW-relay_aircraft-01,procurement_required
P13_24_56,G3,relay_components,G3-relay_components-01,R005,2134.2977388563304,5015.591855407197,R006,2840.0424796599546,RE03,existing
P13_24_56,G3,relay_components,G3-relay_components-01,R006,7855.634335067151,10964.401779763033,,,RE03,existing
P1356_2_4,G1,A_aircraft,G1-A_aircraft-01,T002_1,0.0,1652.4416357195464,T002_2,560.4274806065391,U01,existing
P1356_2_4,G1,A_aircraft,G1-A_aircraft-01,T002_2,2212.8691163260855,3815.461852306258,T016,542.4035766502066,U01,existing
P1356_2_4,G1,A_aircraft,G1-A_aircraft-01,T016,4357.865428956465,6053.623533624929,T020,887.2828924404594,U01,existing
P1356_2_4,G1,A_aircraft,G1-A_aircraft-01,T020,6940.906426065389,8911.116273042207,,,U01,existing
P1356_2_4,G1,A_aircraft,G1-A_aircraft-02,T014_1,0.0,1695.7581046684645,T011,362.35726863417494,U02,existing
P1356_2_4,G1,A_aircraft,G1-A_aircraft-02,T011,2058.1153733026395,4188.754462062222,T007,144.11096689424357,U02,existing
P1356_2_4,G1,A_aircraft,G1-A_aircraft-02,T007,4332.865428956466,6940.9063260653875,T019_1,748.4755122280048,U02,existing
P1356_2_4,G1,A_aircraft,G1-A_aircraft-02,T019_1,7689.381838293392,9325.139942961858,,,U02,existing
P1356_2_4,G1,A_aircraft,G1-A_aircraft-03,T023,6053.623633624929,7689.381738293394,T017,80.07023122006649,U03,existing
P1356_2_4,G1,A_aircraft,G1-A_aircraft-03,T017,7769.45196951346,10113.299044225432,,,U03,existing
P1356_2_4,G1,B_aircraft,G1-B_aircraft-01,T005,0.0,1210.3573074816584,T008,1138.4034140657216,U05,existing
P1356_2_4,G1,B_aircraft,G1-B_aircraft-01,T008,2348.76072154738,4193.299611702947,,,U05,existing
P1356_2_4,G1,B_aircraft,G1-B_aircraft-02,T015,2097.1153733026395,3651.686732430321,T006,1460.7862419228913,U06,existing
P1356_2_4,G1,B_aircraft,G1-B_aircraft-02,T006,5112.4729743532125,6302.1032600896515,,,U06,existing
P1356_2_4,G1,C_aircraft,G1-C_aircraft-01,T003,0.0,1429.4261775174655,T001,1836.833511511034,U07,existing
P1356_2_4,G1,C_aircraft,G1-C_aircraft-01,T001,3266.2596890284995,4827.685866545965,,,U07,existing
P1356_2_4,G1,C_aircraft,G1-C_aircraft-02,T010_1,0.0,1823.224406150507,T018,3933.865551765618,U08,existing
P1356_2_4,G1,C_aircraft,G1-C_aircraft-02,T018,5757.089957916125,8192.899478773774,,,U08,existing
P1356_2_4,G1,A_batteries,G1-A_batteries-01,T002_1,0.0,2667.5322461730734,T016,1690.3331827833913,A01,existing
P1356_2_4,G1,A_batteries,G1-A_batteries-01,T016,4357.865428956465,7189.599845781131,T017,579.8521237323293,A01,existing
P1356_2_4,G1,A_batteries,G1-A_batteries-01,T017,7769.45196951346,11476.863027475007,,,A01,existing
P1356_2_4,G1,A_batteries,G1-A_batteries-02,T014_1,0.0,2810.952429148163,T007,1521.9129998083026,A02,existing
P1356_2_4,G1,A_batteries,G1-A_batteries-02,T007,4332.865428956466,8394.169789148978,,,A02,existing
P1356_2_4,G1,A_batteries,G1-A_batteries-03,T011,2058.1153733026395,5546.539457030654,T020,1394.3669690347342,A03,existing
P1356_2_4,G1,A_batteries,G1-A_batteries-03,T020,6940.906426065389,10151.116923729283,,,A03,existing
P1356_2_4,G1,A_batteries,G1-A_batteries-04,T002_2,2212.8691163260855,4879.929014022942,T023,1173.6946196019871,A04,existing
P1356_2_4,G1,A_batteries,G1-A_batteries-04,T023,6053.623633624929,8794.320358969193,,,A04,existing
P1356_2_4,G1,A_batteries,G1-A_batteries-05,T019_1,7689.381838293392,10409.758236602142,,,A05,existing
P1356_2_4,G1,B_batteries,G1-B_batteries-01,T005,0.0,2343.7606215473797,T008,5.000100000000202,B01,existing
P1356_2_4,G1,B_batteries,G1-B_batteries-01,T008,2348.76072154738,5781.961574782329,,,B01,existing
P1356_2_4,G1,B_batteries,G1-B_batteries-02,T015,2097.1153733026395,5107.472874353213,T006,5.000099999999293,B02,existing
P1356_2_4,G1,B_batteries,G1-B_batteries-02,T006,5112.4729743532125,7435.544137052532,,,B02,existing
P1356_2_4,G1,C_batteries,G1-C_batteries-01,T003,0.0,2947.606630665684,T001,318.6530583628155,C01,existing
P1356_2_4,G1,C_batteries,G1-C_batteries-01,T001,3266.2596890284995,6416.352542791451,,,C01,existing
P1356_2_4,G1,C_batteries,G1-C_batteries-02,T010_1,0.0,3563.4170832737245,T018,2193.6728746424005,C02,existing
P1356_2_4,G1,C_batteries,G1-C_batteries-02,T018,5757.089957916125,10691.253758748288,,,C02,existing
P1356_2_4,G1,relay_aircraft,G1-relay_aircraft-01,R001,162.1373190294086,2129.297638856331,R002,2462.7051091295434,R01,existing
P1356_2_4,G1,relay_aircraft,G1-relay_aircraft-01,R002,4592.0027479858745,9578.679477149724,,,R01,existing
P1356_2_4,G1,relay_aircraft,G1-relay_aircraft-02,R005,2134.2977388563304,4587.002647985877,R006,3268.6316870812743,R02,existing
P1356_2_4,G1,relay_aircraft,G1-relay_aircraft-02,R006,7855.634335067151,10510.693895951956,,,R02,existing
P1356_2_4,G1,relay_components,G1-relay_components-01,R001,162.1373190294086,2493.9201725268517,R002,2098.082575459023,RE01,existing
P1356_2_4,G1,relay_components,G1-relay_components-01,R002,4592.0027479858745,10318.120453993146,,,RE01,existing
P1356_2_4,G1,relay_components,G1-relay_components-02,R005,2134.2977388563304,5015.591855407197,R006,2840.0424796599546,RE02,existing
P1356_2_4,G1,relay_components,G1-relay_components-02,R006,7855.634335067151,10964.401779763033,,,RE02,existing
P1356_2_4,G2,B_aircraft,G2-B_aircraft-01,T013,2.631913957884535e-07,1958.0412717501863,T021,1698.645560680136,NEW-B_aircraft-01,procurement_required
P1356_2_4,G2,B_aircraft,G2-B_aircraft-01,T021,3656.6868324303223,5554.728103917317,T014_2,5.000099999999293,NEW-B_aircraft-01,procurement_required
P1356_2_4,G2,B_aircraft,G2-B_aircraft-01,T014_2,5559.728203917316,7425.499213465236,T022,2287.9942650634084,NEW-B_aircraft-01,procurement_required
P1356_2_4,G2,B_aircraft,G2-B_aircraft-01,T022,9713.493478528644,11214.272215143501,,,NEW-B_aircraft-01,procurement_required
P1356_2_4,G2,C_aircraft,G2-C_aircraft-01,T004,1434.4262775174655,3604.9947859277245,T019_2,1227.6911806182397,NEW-C_aircraft-01,procurement_required
P1356_2_4,G2,C_aircraft,G2-C_aircraft-01,T019_2,4832.685966545964,7071.870031513806,,,NEW-C_aircraft-01,procurement_required
P1356_2_4,G2,C_aircraft,G2-C_aircraft-02,T012,3609.9948859277265,5725.07652720618,,,NEW-C_aircraft-02,procurement_required
P1356_2_4,G2,B_batteries,G2-B_batteries-01,T013,2.631913957884535e-07,3917.286899235777,T014_2,1642.441304681539,B03,existing
P1356_2_4,G2,B_batteries,G2-B_batteries-01,T014_2,5559.728203917316,9106.026402123385,,,B03,existing
P1356_2_4,G2,B_batteries,G2-B_batteries-02,T021,3656.6868324303223,7421.910255834926,T022,2291.583222693718,B04,existing
P1356_2_4,G2,B_batteries,G2-B_batteries-02,T022,9713.493478528644,12750.274657105232,,,B04,existing
P1356_2_4,G2,C_batteries,G2-C_batteries-01,T004,1434.4262775174655,5752.089857916125,,,C03,existing
P1356_2_4,G2,C_batteries,G2-C_batteries-02,T012,3609.9948859277265,8217.742244657848,,,C04,existing
P1356_2_4,G2,C_batteries,G2-C_batteries-03,T019_2,4832.685966545964,9540.547812933855,,,NEW-C_batteries-01,procurement_required
P1356_2_4,G2,relay_aircraft,G2-relay_aircraft-01,R003,5.186098884268291,7850.634235067152,R004,1733.0453420825716,NEW-relay_aircraft-01,procurement_required
P1356_2_4,G2,relay_aircraft,G2-relay_aircraft-01,R004,9583.679577149724,11813.399509678484,,,NEW-relay_aircraft-01,procurement_required
P1356_2_4,G2,relay_components,G2-relay_components-01,R003,5.186098884268291,8956.255878782365,R004,627.4236983673582,RE03,existing
P1356_2_4,G2,relay_components,G2-relay_components-01,R004,9583.679577149724,12221.929892002603,,,RE03,existing
P1356_2_4,G3,A_aircraft,G3-A_aircraft-01,T009,0.0,1316.0142144169886,,,U04,existing
P1356_2_4,G3,C_aircraft,G3-C_aircraft-01,T010_2,1828.2245061505073,3261.2595890284992,,,NEW-C_aircraft-03,procurement_required
P1356_2_4,G3,A_batteries,G3-A_batteries-01,T009,0.0,2207.8690163260853,,,A06,existing
P1356_2_4,G3,C_batteries,G3-C_batteries-01,T010_2,1828.2245061505073,4709.032782226957,,,NEW-C_batteries-02,procurement_required
P135_26_4,G1,A_aircraft,G1-A_aircraft-01,T002_1,0.0,1652.4416357195464,T002_2,560.4274806065391,U01,existing
P135_26_4,G1,A_aircraft,G1-A_aircraft-01,T002_2,2212.8691163260855,3815.461852306258,T016,542.4035766502066,U01,existing
P135_26_4,G1,A_aircraft,G1-A_aircraft-01,T016,4357.865428956465,6053.623533624929,T020,887.2828924404594,U01,existing
P135_26_4,G1,A_aircraft,G1-A_aircraft-01,T020,6940.906426065389,8911.116273042207,,,U01,existing
P135_26_4,G1,A_aircraft,G1-A_aircraft-02,T014_1,0.0,1695.7581046684645,T011,362.35726863417494,U02,existing
P135_26_4,G1,A_aircraft,G1-A_aircraft-02,T011,2058.1153733026395,4188.754462062222,T007,144.11096689424357,U02,existing
P135_26_4,G1,A_aircraft,G1-A_aircraft-02,T007,4332.865428956466,6940.9063260653875,T019_1,748.4755122280048,U02,existing
P135_26_4,G1,A_aircraft,G1-A_aircraft-02,T019_1,7689.381838293392,9325.139942961858,,,U02,existing
P135_26_4,G1,A_aircraft,G1-A_aircraft-03,T023,6053.623633624929,7689.381738293394,T017,80.07023122006649,U03,existing
P135_26_4,G1,A_aircraft,G1-A_aircraft-03,T017,7769.45196951346,10113.299044225432,,,U03,existing
P135_26_4,G1,B_aircraft,G1-B_aircraft-01,T005,0.0,1210.3573074816584,T008,1138.4034140657216,U05,existing
P135_26_4,G1,B_aircraft,G1-B_aircraft-01,T008,2348.76072154738,4193.299611702947,,,U05,existing
P135_26_4,G1,B_aircraft,G1-B_aircraft-02,T015,2097.1153733026395,3651.686732430321,,,U06,existing
P135_26_4,G1,C_aircraft,G1-C_aircraft-01,T003,0.0,1429.4261775174655,T001,1836.833511511034,U07,existing
P135_26_4,G1,C_aircraft,G1-C_aircraft-01,T001,3266.2596890284995,4827.685866545965,,,U07,existing
P135_26_4,G1,C_aircraft,G1-C_aircraft-02,T010_1,0.0,1823.224406150507,T018,3933.865551765618,U08,existing
P135_26_4,G1,C_aircraft,G1-C_aircraft-02,T018,5757.089957916125,8192.899478773774,,,U08,existing
P135_26_4,G1,A_batteries,G1-A_batteries-01,T002_1,0.0,2667.5322461730734,T016,1690.3331827833913,A01,existing
P135_26_4,G1,A_batteries,G1-A_batteries-01,T016,4357.865428956465,7189.599845781131,T017,579.8521237323293,A01,existing
P135_26_4,G1,A_batteries,G1-A_batteries-01,T017,7769.45196951346,11476.863027475007,,,A01,existing
P135_26_4,G1,A_batteries,G1-A_batteries-02,T014_1,0.0,2810.952429148163,T007,1521.9129998083026,A02,existing
P135_26_4,G1,A_batteries,G1-A_batteries-02,T007,4332.865428956466,8394.169789148978,,,A02,existing
P135_26_4,G1,A_batteries,G1-A_batteries-03,T011,2058.1153733026395,5546.539457030654,T020,1394.3669690347342,A03,existing
P135_26_4,G1,A_batteries,G1-A_batteries-03,T020,6940.906426065389,10151.116923729283,,,A03,existing
P135_26_4,G1,A_batteries,G1-A_batteries-04,T002_2,2212.8691163260855,4879.929014022942,T023,1173.6946196019871,A04,existing
P135_26_4,G1,A_batteries,G1-A_batteries-04,T023,6053.623633624929,8794.320358969193,,,A04,existing
P135_26_4,G1,A_batteries,G1-A_batteries-05,T019_1,7689.381838293392,10409.758236602142,,,A05,existing
P135_26_4,G1,B_batteries,G1-B_batteries-01,T005,0.0,2343.7606215473797,T008,5.000100000000202,B01,existing
P135_26_4,G1,B_batteries,G1-B_batteries-01,T008,2348.76072154738,5781.961574782329,,,B01,existing
P135_26_4,G1,B_batteries,G1-B_batteries-02,T015,2097.1153733026395,5107.472874353213,,,B02,existing
P135_26_4,G1,C_batteries,G1-C_batteries-01,T003,0.0,2947.606630665684,T001,318.6530583628155,C01,existing
P135_26_4,G1,C_batteries,G1-C_batteries-01,T001,3266.2596890284995,6416.352542791451,,,C01,existing
P135_26_4,G1,C_batteries,G1-C_batteries-02,T010_1,0.0,3563.4170832737245,T018,2193.6728746424005,C02,existing
P135_26_4,G1,C_batteries,G1-C_batteries-02,T018,5757.089957916125,10691.253758748288,,,C02,existing
P135_26_4,G1,relay_aircraft,G1-relay_aircraft-01,R001,162.1373190294086,2129.297638856331,R002,2462.7051091295434,R01,existing
P135_26_4,G1,relay_aircraft,G1-relay_aircraft-01,R002,4592.0027479858745,9578.679477149724,,,R01,existing
P135_26_4,G1,relay_aircraft,G1-relay_aircraft-02,R005,2134.2977388563304,4587.002647985877,R006,3268.6316870812743,R02,existing
P135_26_4,G1,relay_aircraft,G1-relay_aircraft-02,R006,7855.634335067151,10510.693895951956,,,R02,existing
P135_26_4,G1,relay_components,G1-relay_components-01,R001,162.1373190294086,2493.9201725268517,R002,2098.082575459023,RE01,existing
P135_26_4,G1,relay_components,G1-relay_components-01,R002,4592.0027479858745,10318.120453993146,,,RE01,existing
P135_26_4,G1,relay_components,G1-relay_components-02,R005,2134.2977388563304,5015.591855407197,R006,2840.0424796599546,RE02,existing
P135_26_4,G1,relay_components,G1-relay_components-02,R006,7855.634335067151,10964.401779763033,,,RE02,existing
P135_26_4,G2,B_aircraft,G2-B_aircraft-01,T013,2.631913957884535e-07,1958.0412717501863,T021,1698.645560680136,NEW-B_aircraft-01,procurement_required
P135_26_4,G2,B_aircraft,G2-B_aircraft-01,T021,3656.6868324303223,5554.728103917317,T014_2,5.000099999999293,NEW-B_aircraft-01,procurement_required
P135_26_4,G2,B_aircraft,G2-B_aircraft-01,T014_2,5559.728203917316,7425.499213465236,,,NEW-B_aircraft-01,procurement_required
P135_26_4,G2,B_aircraft,G2-B_aircraft-02,T006,5112.4729743532125,6302.1032600896515,T022,3411.3902184389926,NEW-B_aircraft-02,procurement_required
P135_26_4,G2,B_aircraft,G2-B_aircraft-02,T022,9713.493478528644,11214.272215143501,,,NEW-B_aircraft-02,procurement_required
P135_26_4,G2,C_aircraft,G2-C_aircraft-01,T004,1434.4262775174655,3604.9947859277245,T019_2,1227.6911806182397,NEW-C_aircraft-01,procurement_required
P135_26_4,G2,C_aircraft,G2-C_aircraft-01,T019_2,4832.685966545964,7071.870031513806,,,NEW-C_aircraft-01,procurement_required
P135_26_4,G2,C_aircraft,G2-C_aircraft-02,T012,3609.9948859277265,5725.07652720618,,,NEW-C_aircraft-02,procurement_required
P135_26_4,G2,B_batteries,G2-B_batteries-01,T013,2.631913957884535e-07,3917.286899235777,T014_2,1642.441304681539,B03,existing
P135_26_4,G2,B_batteries,G2-B_batteries-01,T014_2,5559.728203917316,9106.026402123385,,,B03,existing
P135_26_4,G2,B_batteries,G2-B_batteries-02,T021,3656.6868324303223,7421.910255834926,T022,2291.583222693718,B04,existing
P135_26_4,G2,B_batteries,G2-B_batteries-02,T022,9713.493478528644,12750.274657105232,,,B04,existing
P135_26_4,G2,B_batteries,G2-B_batteries-03,T006,5112.4729743532125,7435.544137052532,,,NEW-B_batteries-01,procurement_required
P135_26_4,G2,C_batteries,G2-C_batteries-01,T004,1434.4262775174655,5752.089857916125,,,C03,existing
P135_26_4,G2,C_batteries,G2-C_batteries-02,T012,3609.9948859277265,8217.742244657848,,,C04,existing
P135_26_4,G2,C_batteries,G2-C_batteries-03,T019_2,4832.685966545964,9540.547812933855,,,NEW-C_batteries-01,procurement_required
P135_26_4,G2,relay_aircraft,G2-relay_aircraft-01,R003,5.186098884268291,7850.634235067152,R004,1733.0453420825716,NEW-relay_aircraft-01,procurement_required
P135_26_4,G2,relay_aircraft,G2-relay_aircraft-01,R004,9583.679577149724,11813.399509678484,,,NEW-relay_aircraft-01,procurement_required
P135_26_4,G2,relay_components,G2-relay_components-01,R003,5.186098884268291,8956.255878782365,R004,627.4236983673582,RE03,existing
P135_26_4,G2,relay_components,G2-relay_components-01,R004,9583.679577149724,12221.929892002603,,,RE03,existing
P135_26_4,G3,A_aircraft,G3-A_aircraft-01,T009,0.0,1316.0142144169886,,,U04,existing
P135_26_4,G3,C_aircraft,G3-C_aircraft-01,T010_2,1828.2245061505073,3261.2595890284992,,,NEW-C_aircraft-03,procurement_required
P135_26_4,G3,A_batteries,G3-A_batteries-01,T009,0.0,2207.8690163260853,,,A06,existing
P135_26_4,G3,C_batteries,G3-C_batteries-01,T010_2,1828.2245061505073,4709.032782226957,,,NEW-C_batteries-02,procurement_required
P135_2_46,G1,A_aircraft,G1-A_aircraft-01,T002_1,0.0,1652.4416357195464,T002_2,560.4274806065391,U01,existing
P135_2_46,G1,A_aircraft,G1-A_aircraft-01,T002_2,2212.8691163260855,3815.461852306258,T016,542.4035766502066,U01,existing
P135_2_46,G1,A_aircraft,G1-A_aircraft-01,T016,4357.865428956465,6053.623533624929,T020,887.2828924404594,U01,existing
P135_2_46,G1,A_aircraft,G1-A_aircraft-01,T020,6940.906426065389,8911.116273042207,,,U01,existing
P135_2_46,G1,A_aircraft,G1-A_aircraft-02,T014_1,0.0,1695.7581046684645,T011,362.35726863417494,U02,existing
P135_2_46,G1,A_aircraft,G1-A_aircraft-02,T011,2058.1153733026395,4188.754462062222,T007,144.11096689424357,U02,existing
P135_2_46,G1,A_aircraft,G1-A_aircraft-02,T007,4332.865428956466,6940.9063260653875,T019_1,748.4755122280048,U02,existing
P135_2_46,G1,A_aircraft,G1-A_aircraft-02,T019_1,7689.381838293392,9325.139942961858,,,U02,existing
P135_2_46,G1,A_aircraft,G1-A_aircraft-03,T023,6053.623633624929,7689.381738293394,T017,80.07023122006649,U03,existing
P135_2_46,G1,A_aircraft,G1-A_aircraft-03,T017,7769.45196951346,10113.299044225432,,,U03,existing
P135_2_46,G1,B_aircraft,G1-B_aircraft-01,T005,0.0,1210.3573074816584,T008,1138.4034140657216,U05,existing
P135_2_46,G1,B_aircraft,G1-B_aircraft-01,T008,2348.76072154738,4193.299611702947,,,U05,existing
P135_2_46,G1,B_aircraft,G1-B_aircraft-02,T015,2097.1153733026395,3651.686732430321,,,U06,existing
P135_2_46,G1,C_aircraft,G1-C_aircraft-01,T003,0.0,1429.4261775174655,T001,1836.833511511034,U07,existing
P135_2_46,G1,C_aircraft,G1-C_aircraft-01,T001,3266.2596890284995,4827.685866545965,,,U07,existing
P135_2_46,G1,C_aircraft,G1-C_aircraft-02,T010_1,0.0,1823.224406150507,T018,3933.865551765618,U08,existing
P135_2_46,G1,C_aircraft,G1-C_aircraft-02,T018,5757.089957916125,8192.899478773774,,,U08,existing
P135_2_46,G1,A_batteries,G1-A_batteries-01,T002_1,0.0,2667.5322461730734,T016,1690.3331827833913,A01,existing
P135_2_46,G1,A_batteries,G1-A_batteries-01,T016,4357.865428956465,7189.599845781131,T017,579.8521237323293,A01,existing
P135_2_46,G1,A_batteries,G1-A_batteries-01,T017,7769.45196951346,11476.863027475007,,,A01,existing
P135_2_46,G1,A_batteries,G1-A_batteries-02,T014_1,0.0,2810.952429148163,T007,1521.9129998083026,A02,existing
P135_2_46,G1,A_batteries,G1-A_batteries-02,T007,4332.865428956466,8394.169789148978,,,A02,existing
P135_2_46,G1,A_batteries,G1-A_batteries-03,T011,2058.1153733026395,5546.539457030654,T020,1394.3669690347342,A03,existing
P135_2_46,G1,A_batteries,G1-A_batteries-03,T020,6940.906426065389,10151.116923729283,,,A03,existing
P135_2_46,G1,A_batteries,G1-A_batteries-04,T002_2,2212.8691163260855,4879.929014022942,T023,1173.6946196019871,A04,existing
P135_2_46,G1,A_batteries,G1-A_batteries-04,T023,6053.623633624929,8794.320358969193,,,A04,existing
P135_2_46,G1,A_batteries,G1-A_batteries-05,T019_1,7689.381838293392,10409.758236602142,,,A05,existing
P135_2_46,G1,B_batteries,G1-B_batteries-01,T005,0.0,2343.7606215473797,T008,5.000100000000202,B01,existing
P135_2_46,G1,B_batteries,G1-B_batteries-01,T008,2348.76072154738,5781.961574782329,,,B01,existing
P135_2_46,G1,B_batteries,G1-B_batteries-02,T015,2097.1153733026395,5107.472874353213,,,B02,existing
P135_2_46,G1,C_batteries,G1-C_batteries-01,T003,0.0,2947.606630665684,T001,318.6530583628155,C01,existing
P135_2_46,G1,C_batteries,G1-C_batteries-01,T001,3266.2596890284995,6416.352542791451,,,C01,existing
P135_2_46,G1,C_batteries,G1-C_batteries-02,T010_1,0.0,3563.4170832737245,T018,2193.6728746424005,C02,existing
P135_2_46,G1,C_batteries,G1-C_batteries-02,T018,5757.089957916125,10691.253758748288,,,C02,existing
P135_2_46,G1,relay_aircraft,G1-relay_aircraft-01,R001,162.1373190294086,2129.297638856331,R002,2462.7051091295434,R01,existing
P135_2_46,G1,relay_aircraft,G1-relay_aircraft-01,R002,4592.0027479858745,9578.679477149724,,,R01,existing
P135_2_46,G1,relay_aircraft,G1-relay_aircraft-02,R005,2134.2977388563304,4587.002647985877,R006,3268.6316870812743,R02,existing
P135_2_46,G1,relay_aircraft,G1-relay_aircraft-02,R006,7855.634335067151,10510.693895951956,,,R02,existing
P135_2_46,G1,relay_components,G1-relay_components-01,R001,162.1373190294086,2493.9201725268517,R002,2098.082575459023,RE01,existing
P135_2_46,G1,relay_components,G1-relay_components-01,R002,4592.0027479858745,10318.120453993146,,,RE01,existing
P135_2_46,G1,relay_components,G1-relay_components-02,R005,2134.2977388563304,5015.591855407197,R006,2840.0424796599546,RE02,existing
P135_2_46,G1,relay_components,G1-relay_components-02,R006,7855.634335067151,10964.401779763033,,,RE02,existing
P135_2_46,G2,B_aircraft,G2-B_aircraft-01,T013,2.631913957884535e-07,1958.0412717501863,T021,1698.645560680136,NEW-B_aircraft-01,procurement_required
P135_2_46,G2,B_aircraft,G2-B_aircraft-01,T021,3656.6868324303223,5554.728103917317,T014_2,5.000099999999293,NEW-B_aircraft-01,procurement_required
P135_2_46,G2,B_aircraft,G2-B_aircraft-01,T014_2,5559.728203917316,7425.499213465236,T022,2287.9942650634084,NEW-B_aircraft-01,procurement_required
P135_2_46,G2,B_aircraft,G2-B_aircraft-01,T022,9713.493478528644,11214.272215143501,,,NEW-B_aircraft-01,procurement_required
P135_2_46,G2,C_aircraft,G2-C_aircraft-01,T004,1434.4262775174655,3604.9947859277245,T019_2,1227.6911806182397,NEW-C_aircraft-01,procurement_required
P135_2_46,G2,C_aircraft,G2-C_aircraft-01,T019_2,4832.685966545964,7071.870031513806,,,NEW-C_aircraft-01,procurement_required
P135_2_46,G2,C_aircraft,G2-C_aircraft-02,T012,3609.9948859277265,5725.07652720618,,,NEW-C_aircraft-02,procurement_required
P135_2_46,G2,B_batteries,G2-B_batteries-01,T013,2.631913957884535e-07,3917.286899235777,T014_2,1642.441304681539,B03,existing
P135_2_46,G2,B_batteries,G2-B_batteries-01,T014_2,5559.728203917316,9106.026402123385,,,B03,existing
P135_2_46,G2,B_batteries,G2-B_batteries-02,T021,3656.6868324303223,7421.910255834926,T022,2291.583222693718,B04,existing
P135_2_46,G2,B_batteries,G2-B_batteries-02,T022,9713.493478528644,12750.274657105232,,,B04,existing
P135_2_46,G2,C_batteries,G2-C_batteries-01,T004,1434.4262775174655,5752.089857916125,,,C03,existing
P135_2_46,G2,C_batteries,G2-C_batteries-02,T012,3609.9948859277265,8217.742244657848,,,C04,existing
P135_2_46,G2,C_batteries,G2-C_batteries-03,T019_2,4832.685966545964,9540.547812933855,,,NEW-C_batteries-01,procurement_required
P135_2_46,G2,relay_aircraft,G2-relay_aircraft-01,R003,5.186098884268291,7850.634235067152,R004,1733.0453420825716,NEW-relay_aircraft-01,procurement_required
P135_2_46,G2,relay_aircraft,G2-relay_aircraft-01,R004,9583.679577149724,11813.399509678484,,,NEW-relay_aircraft-01,procurement_required
P135_2_46,G2,relay_components,G2-relay_components-01,R003,5.186098884268291,8956.255878782365,R004,627.4236983673582,RE03,existing
P135_2_46,G2,relay_components,G2-relay_components-01,R004,9583.679577149724,12221.929892002603,,,RE03,existing
P135_2_46,G3,A_aircraft,G3-A_aircraft-01,T009,0.0,1316.0142144169886,,,U04,existing
P135_2_46,G3,B_aircraft,G3-B_aircraft-01,T006,5112.4729743532125,6302.1032600896515,,,NEW-B_aircraft-02,procurement_required
P135_2_46,G3,C_aircraft,G3-C_aircraft-01,T010_2,1828.2245061505073,3261.2595890284992,,,NEW-C_aircraft-03,procurement_required
P135_2_46,G3,A_batteries,G3-A_batteries-01,T009,0.0,2207.8690163260853,,,A06,existing
P135_2_46,G3,B_batteries,G3-B_batteries-01,T006,5112.4729743532125,7435.544137052532,,,NEW-B_batteries-01,procurement_required
P135_2_46,G3,C_batteries,G3-C_batteries-01,T010_2,1828.2245061505073,4709.032782226957,,,NEW-C_batteries-02,procurement_required
P136_25_4,G1,A_aircraft,G1-A_aircraft-01,T002_1,0.0,1652.4416357195464,T016,2705.4237932369183,U01,existing
P136_25_4,G1,A_aircraft,G1-A_aircraft-01,T016,4357.865428956465,6053.623533624929,T023,0.00010000000020227162,U01,existing
P136_25_4,G1,A_aircraft,G1-A_aircraft-01,T023,6053.623633624929,7689.381738293394,T019_1,9.999999838328222e-05,U01,existing
P136_25_4,G1,A_aircraft,G1-A_aircraft-01,T019_1,7689.381838293392,9325.139942961858,,,U01,existing
P136_25_4,G1,A_aircraft,G1-A_aircraft-02,T014_1,0.0,1695.7581046684645,T007,2637.107324288001,U02,existing
P136_25_4,G1,A_aircraft,G1-A_aircraft-02,T007,4332.865428956466,6940.9063260653875,T020,0.00010000000111176632,U02,existing
P136_25_4,G1,A_aircraft,G1-A_aircraft-02,T020,6940.906426065389,8911.116273042207,,,U02,existing
P136_25_4,G1,B_aircraft,G1-B_aircraft-01,T005,0.0,1210.3573074816584,T006,3902.115666871554,U05,existing
P136_25_4,G1,B_aircraft,G1-B_aircraft-01,T006,5112.4729743532125,6302.1032600896515,,,U05,existing
P136_25_4,G1,C_aircraft,G1-C_aircraft-01,T003,0.0,1429.4261775174655,T001,1836.833511511034,U07,existing
P136_25_4,G1,C_aircraft,G1-C_aircraft-01,T001,3266.2596890284995,4827.685866545965,,,U07,existing
P136_25_4,G1,C_aircraft,G1-C_aircraft-02,T010_1,0.0,1823.224406150507,T018,3933.865551765618,U08,existing
P136_25_4,G1,C_aircraft,G1-C_aircraft-02,T018,5757.089957916125,8192.899478773774,,,U08,existing
P136_25_4,G1,A_batteries,G1-A_batteries-01,T002_1,0.0,2667.5322461730734,T016,1690.3331827833913,A01,existing
P136_25_4,G1,A_batteries,G1-A_batteries-01,T016,4357.865428956465,7189.599845781131,T019_1,499.78199251226124,A01,existing
P136_25_4,G1,A_batteries,G1-A_batteries-01,T019_1,7689.381838293392,10409.758236602142,,,A01,existing
P136_25_4,G1,A_batteries,G1-A_batteries-02,T014_1,0.0,2810.952429148163,T007,1521.9129998083026,A02,existing
P136_25_4,G1,A_batteries,G1-A_batteries-02,T007,4332.865428956466,8394.169789148978,,,A02,existing
P136_25_4,G1,A_batteries,G1-A_batteries-03,T023,6053.623633624929,8794.320358969193,,,A03,existing
P136_25_4,G1,A_batteries,G1-A_batteries-04,T020,6940.906426065389,10151.116923729283,,,A04,existing
P136_25_4,G1,B_batteries,G1-B_batteries-01,T005,0.0,2343.7606215473797,T006,2768.712352805833,B01,existing
P136_25_4,G1,B_batteries,G1-B_batteries-01,T006,5112.4729743532125,7435.544137052532,,,B01,existing
P136_25_4,G1,C_batteries,G1-C_batteries-01,T003,0.0,2947.606630665684,T001,318.6530583628155,C01,existing
P136_25_4,G1,C_batteries,G1-C_batteries-01,T001,3266.2596890284995,6416.352542791451,,,C01,existing
P136_25_4,G1,C_batteries,G1-C_batteries-02,T010_1,0.0,3563.4170832737245,T018,2193.6728746424005,C02,existing
P136_25_4,G1,C_batteries,G1-C_batteries-02,T018,5757.089957916125,10691.253758748288,,,C02,existing
P136_25_4,G1,relay_aircraft,G1-relay_aircraft-01,R001,162.1373190294086,2129.297638856331,R002,2462.7051091295434,R01,existing
P136_25_4,G1,relay_aircraft,G1-relay_aircraft-01,R002,4592.0027479858745,9578.679477149724,,,R01,existing
P136_25_4,G1,relay_components,G1-relay_components-01,R001,162.1373190294086,2493.9201725268517,R002,2098.082575459023,RE01,existing
P136_25_4,G1,relay_components,G1-relay_components-01,R002,4592.0027479858745,10318.120453993146,,,RE01,existing
P136_25_4,G2,A_aircraft,G2-A_aircraft-01,T011,2058.1153733026395,4188.754462062222,,,U03,existing
P136_25_4,G2,A_aircraft,G2-A_aircraft-02,T002_2,2212.8691163260855,3815.461852306258,T017,3953.9901172072023,U04,existing
P136_25_4,G2,A_aircraft,G2-A_aircraft-02,T017,7769.45196951346,10113.299044225432,,,U04,existing
P136_25_4,G2,B_aircraft,G2-B_aircraft-01,T013,2.631913957884535e-07,1958.0412717501863,T015,139.07410155245316,U06,existing
P136_25_4,G2,B_aircraft,G2-B_aircraft-01,T015,2097.1153733026395,3651.686732430321,T021,5.000100000001112,U06,existing
P136_25_4,G2,B_aircraft,G2-B_aircraft-01,T021,3656.6868324303223,5554.728103917317,T022,4158.765374611327,U06,existing
P136_25_4,G2,B_aircraft,G2-B_aircraft-01,T022,9713.493478528644,11214.272215143501,,,U06,existing
P136_25_4,G2,B_aircraft,G2-B_aircraft-02,T008,2348.76072154738,4193.299611702947,T014_2,1366.428592214369,NEW-B_aircraft-01,procurement_required
P136_25_4,G2,B_aircraft,G2-B_aircraft-02,T014_2,5559.728203917316,7425.499213465236,,,NEW-B_aircraft-01,procurement_required
P136_25_4,G2,C_aircraft,G2-C_aircraft-01,T004,1434.4262775174655,3604.9947859277245,T019_2,1227.6911806182397,NEW-C_aircraft-01,procurement_required
P136_25_4,G2,C_aircraft,G2-C_aircraft-01,T019_2,4832.685966545964,7071.870031513806,,,NEW-C_aircraft-01,procurement_required
P136_25_4,G2,C_aircraft,G2-C_aircraft-02,T012,3609.9948859277265,5725.07652720618,,,NEW-C_aircraft-02,procurement_required
P136_25_4,G2,A_batteries,G2-A_batteries-01,T011,2058.1153733026395,5546.539457030654,,,A05,existing
P136_25_4,G2,A_batteries,G2-A_batteries-02,T002_2,2212.8691163260855,4879.929014022942,T017,2889.522955490518,A06,existing
P136_25_4,G2,A_batteries,G2-A_batteries-02,T017,7769.45196951346,11476.863027475007,,,A06,existing
P136_25_4,G2,B_batteries,G2-B_batteries-01,T013,2.631913957884535e-07,3917.286899235777,T014_2,1642.441304681539,B02,existing
P136_25_4,G2,B_batteries,G2-B_batteries-01,T014_2,5559.728203917316,9106.026402123385,,,B02,existing
P136_25_4,G2,B_batteries,G2-B_batteries-02,T015,2097.1153733026395,5107.472874353213,T022,4606.020604175431,B03,existing
P136_25_4,G2,B_batteries,G2-B_batteries-02,T022,9713.493478528644,12750.274657105232,,,B03,existing
P136_25_4,G2,B_batteries,G2-B_batteries-03,T008,2348.76072154738,5781.961574782329,,,B04,existing
P136_25_4,G2,B_batteries,G2-B_batteries-04,T021,3656.6868324303223,7421.910255834926,,,NEW-B_batteries-01,procurement_required
P136_25_4,G2,C_batteries,G2-C_batteries-01,T004,1434.4262775174655,5752.089857916125,,,C03,existing
P136_25_4,G2,C_batteries,G2-C_batteries-02,T012,3609.9948859277265,8217.742244657848,,,C04,existing
P136_25_4,G2,C_batteries,G2-C_batteries-03,T019_2,4832.685966545964,9540.547812933855,,,NEW-C_batteries-01,procurement_required
P136_25_4,G2,relay_aircraft,G2-relay_aircraft-01,R003,5.186098884268291,7850.634235067152,R004,1733.0453420825716,R02,existing
P136_25_4,G2,relay_aircraft,G2-relay_aircraft-01,R004,9583.679577149724,11813.399509678484,,,R02,existing
P136_25_4,G2,relay_aircraft,G2-relay_aircraft-02,R005,2134.2977388563304,4587.002647985877,R006,3268.6316870812743,NEW-relay_aircraft-01,procurement_required
P136_25_4,G2,relay_aircraft,G2-relay_aircraft-02,R006,7855.634335067151,10510.693895951956,,,NEW-relay_aircraft-01,procurement_required
P136_25_4,G2,relay_components,G2-relay_components-01,R003,5.186098884268291,8956.255878782365,R004,627.4236983673582,RE02,existing
P136_25_4,G2,relay_components,G2-relay_components-01,R004,9583.679577149724,12221.929892002603,,,RE02,existing
P136_25_4,G2,relay_components,G2-relay_components-02,R005,2134.2977388563304,5015.591855407197,R006,2840.0424796599546,RE03,existing
P136_25_4,G2,relay_components,G2-relay_components-02,R006,7855.634335067151,10964.401779763033,,,RE03,existing
P136_25_4,G3,A_aircraft,G3-A_aircraft-01,T009,0.0,1316.0142144169886,,,NEW-A_aircraft-01,procurement_required
P136_25_4,G3,C_aircraft,G3-C_aircraft-01,T010_2,1828.2245061505073,3261.2595890284992,,,NEW-C_aircraft-03,procurement_required
P136_25_4,G3,A_batteries,G3-A_batteries-01,T009,0.0,2207.8690163260853,,,NEW-A_batteries-01,procurement_required
P136_25_4,G3,C_batteries,G3-C_batteries-01,T010_2,1828.2245061505073,4709.032782226957,,,NEW-C_batteries-02,procurement_required
P13_256_4,G1,A_aircraft,G1-A_aircraft-01,T002_1,0.0,1652.4416357195464,T016,2705.4237932369183,U01,existing
P13_256_4,G1,A_aircraft,G1-A_aircraft-01,T016,4357.865428956465,6053.623533624929,T023,0.00010000000020227162,U01,existing
P13_256_4,G1,A_aircraft,G1-A_aircraft-01,T023,6053.623633624929,7689.381738293394,T019_1,9.999999838328222e-05,U01,existing
P13_256_4,G1,A_aircraft,G1-A_aircraft-01,T019_1,7689.381838293392,9325.139942961858,,,U01,existing
P13_256_4,G1,A_aircraft,G1-A_aircraft-02,T014_1,0.0,1695.7581046684645,T007,2637.107324288001,U02,existing
P13_256_4,G1,A_aircraft,G1-A_aircraft-02,T007,4332.865428956466,6940.9063260653875,T020,0.00010000000111176632,U02,existing
P13_256_4,G1,A_aircraft,G1-A_aircraft-02,T020,6940.906426065389,8911.116273042207,,,U02,existing
P13_256_4,G1,B_aircraft,G1-B_aircraft-01,T005,0.0,1210.3573074816584,,,U05,existing
P13_256_4,G1,C_aircraft,G1-C_aircraft-01,T003,0.0,1429.4261775174655,T001,1836.833511511034,U07,existing
P13_256_4,G1,C_aircraft,G1-C_aircraft-01,T001,3266.2596890284995,4827.685866545965,,,U07,existing
P13_256_4,G1,C_aircraft,G1-C_aircraft-02,T010_1,0.0,1823.224406150507,T018,3933.865551765618,U08,existing
P13_256_4,G1,C_aircraft,G1-C_aircraft-02,T018,5757.089957916125,8192.899478773774,,,U08,existing
P13_256_4,G1,A_batteries,G1-A_batteries-01,T002_1,0.0,2667.5322461730734,T016,1690.3331827833913,A01,existing
P13_256_4,G1,A_batteries,G1-A_batteries-01,T016,4357.865428956465,7189.599845781131,T019_1,499.78199251226124,A01,existing
P13_256_4,G1,A_batteries,G1-A_batteries-01,T019_1,7689.381838293392,10409.758236602142,,,A01,existing
P13_256_4,G1,A_batteries,G1-A_batteries-02,T014_1,0.0,2810.952429148163,T007,1521.9129998083026,A02,existing
P13_256_4,G1,A_batteries,G1-A_batteries-02,T007,4332.865428956466,8394.169789148978,,,A02,existing
P13_256_4,G1,A_batteries,G1-A_batteries-03,T023,6053.623633624929,8794.320358969193,,,A03,existing
P13_256_4,G1,A_batteries,G1-A_batteries-04,T020,6940.906426065389,10151.116923729283,,,A04,existing
P13_256_4,G1,B_batteries,G1-B_batteries-01,T005,0.0,2343.7606215473797,,,B01,existing
P13_256_4,G1,C_batteries,G1-C_batteries-01,T003,0.0,2947.606630665684,T001,318.6530583628155,C01,existing
P13_256_4,G1,C_batteries,G1-C_batteries-01,T001,3266.2596890284995,6416.352542791451,,,C01,existing
P13_256_4,G1,C_batteries,G1-C_batteries-02,T010_1,0.0,3563.4170832737245,T018,2193.6728746424005,C02,existing
P13_256_4,G1,C_batteries,G1-C_batteries-02,T018,5757.089957916125,10691.253758748288,,,C02,existing
P13_256_4,G1,relay_aircraft,G1-relay_aircraft-01,R001,162.1373190294086,2129.297638856331,R002,2462.7051091295434,R01,existing
P13_256_4,G1,relay_aircraft,G1-relay_aircraft-01,R002,4592.0027479858745,9578.679477149724,,,R01,existing
P13_256_4,G1,relay_components,G1-relay_components-01,R001,162.1373190294086,2493.9201725268517,R002,2098.082575459023,RE01,existing
P13_256_4,G1,relay_components,G1-relay_components-01,R002,4592.0027479858745,10318.120453993146,,,RE01,existing
P13_256_4,G2,A_aircraft,G2-A_aircraft-01,T011,2058.1153733026395,4188.754462062222,,,U03,existing
P13_256_4,G2,A_aircraft,G2-A_aircraft-02,T002_2,2212.8691163260855,3815.461852306258,T017,3953.9901172072023,U04,existing
P13_256_4,G2,A_aircraft,G2-A_aircraft-02,T017,7769.45196951346,10113.299044225432,,,U04,existing
P13_256_4,G2,B_aircraft,G2-B_aircraft-01,T013,2.631913957884535e-07,1958.0412717501863,T015,139.07410155245316,U06,existing
P13_256_4,G2,B_aircraft,G2-B_aircraft-01,T015,2097.1153733026395,3651.686732430321,T021,5.000100000001112,U06,existing
P13_256_4,G2,B_aircraft,G2-B_aircraft-01,T021,3656.6868324303223,5554.728103917317,T014_2,5.000099999999293,U06,existing
P13_256_4,G2,B_aircraft,G2-B_aircraft-01,T014_2,5559.728203917316,7425.499213465236,,,U06,existing
P13_256_4,G2,B_aircraft,G2-B_aircraft-02,T008,2348.76072154738,4193.299611702947,T006,919.1733626502655,NEW-B_aircraft-01,procurement_required
P13_256_4,G2,B_aircraft,G2-B_aircraft-02,T006,5112.4729743532125,6302.1032600896515,T022,3411.3902184389926,NEW-B_aircraft-01,procurement_required
P13_256_4,G2,B_aircraft,G2-B_aircraft-02,T022,9713.493478528644,11214.272215143501,,,NEW-B_aircraft-01,procurement_required
P13_256_4,G2,C_aircraft,G2-C_aircraft-01,T004,1434.4262775174655,3604.9947859277245,T019_2,1227.6911806182397,NEW-C_aircraft-01,procurement_required
P13_256_4,G2,C_aircraft,G2-C_aircraft-01,T019_2,4832.685966545964,7071.870031513806,,,NEW-C_aircraft-01,procurement_required
P13_256_4,G2,C_aircraft,G2-C_aircraft-02,T012,3609.9948859277265,5725.07652720618,,,NEW-C_aircraft-02,procurement_required
P13_256_4,G2,A_batteries,G2-A_batteries-01,T011,2058.1153733026395,5546.539457030654,,,A05,existing
P13_256_4,G2,A_batteries,G2-A_batteries-02,T002_2,2212.8691163260855,4879.929014022942,T017,2889.522955490518,A06,existing
P13_256_4,G2,A_batteries,G2-A_batteries-02,T017,7769.45196951346,11476.863027475007,,,A06,existing
P13_256_4,G2,B_batteries,G2-B_batteries-01,T013,2.631913957884535e-07,3917.286899235777,T006,1195.1860751174354,B02,existing
P13_256_4,G2,B_batteries,G2-B_batteries-01,T006,5112.4729743532125,7435.544137052532,,,B02,existing
P13_256_4,G2,B_batteries,G2-B_batteries-02,T015,2097.1153733026395,5107.472874353213,T014_2,452.2553295641028,B03,existing
P13_256_4,G2,B_batteries,G2-B_batteries-02,T014_2,5559.728203917316,9106.026402123385,,,B03,existing
P13_256_4,G2,B_batteries,G2-B_batteries-03,T008,2348.76072154738,5781.961574782329,T022,3931.531903746315,B04,existing
P13_256_4,G2,B_batteries,G2-B_batteries-03,T022,9713.493478528644,12750.274657105232,,,B04,existing
P13_256_4,G2,B_batteries,G2-B_batteries-04,T021,3656.6868324303223,7421.910255834926,,,NEW-B_batteries-01,procurement_required
P13_256_4,G2,C_batteries,G2-C_batteries-01,T004,1434.4262775174655,5752.089857916125,,,C03,existing
P13_256_4,G2,C_batteries,G2-C_batteries-02,T012,3609.9948859277265,8217.742244657848,,,C04,existing
P13_256_4,G2,C_batteries,G2-C_batteries-03,T019_2,4832.685966545964,9540.547812933855,,,NEW-C_batteries-01,procurement_required
P13_256_4,G2,relay_aircraft,G2-relay_aircraft-01,R003,5.186098884268291,7850.634235067152,R004,1733.0453420825716,R02,existing
P13_256_4,G2,relay_aircraft,G2-relay_aircraft-01,R004,9583.679577149724,11813.399509678484,,,R02,existing
P13_256_4,G2,relay_aircraft,G2-relay_aircraft-02,R005,2134.2977388563304,4587.002647985877,R006,3268.6316870812743,NEW-relay_aircraft-01,procurement_required
P13_256_4,G2,relay_aircraft,G2-relay_aircraft-02,R006,7855.634335067151,10510.693895951956,,,NEW-relay_aircraft-01,procurement_required
P13_256_4,G2,relay_components,G2-relay_components-01,R003,5.186098884268291,8956.255878782365,R004,627.4236983673582,RE02,existing
P13_256_4,G2,relay_components,G2-relay_components-01,R004,9583.679577149724,12221.929892002603,,,RE02,existing
P13_256_4,G2,relay_components,G2-relay_components-02,R005,2134.2977388563304,5015.591855407197,R006,2840.0424796599546,RE03,existing
P13_256_4,G2,relay_components,G2-relay_components-02,R006,7855.634335067151,10964.401779763033,,,RE03,existing
P13_256_4,G3,A_aircraft,G3-A_aircraft-01,T009,0.0,1316.0142144169886,,,NEW-A_aircraft-01,procurement_required
P13_256_4,G3,C_aircraft,G3-C_aircraft-01,T010_2,1828.2245061505073,3261.2595890284992,,,NEW-C_aircraft-03,procurement_required
P13_256_4,G3,A_batteries,G3-A_batteries-01,T009,0.0,2207.8690163260853,,,NEW-A_batteries-01,procurement_required
P13_256_4,G3,C_batteries,G3-C_batteries-01,T010_2,1828.2245061505073,4709.032782226957,,,NEW-C_batteries-02,procurement_required
P13_25_46,G1,A_aircraft,G1-A_aircraft-01,T002_1,0.0,1652.4416357195464,T016,2705.4237932369183,U01,existing
P13_25_46,G1,A_aircraft,G1-A_aircraft-01,T016,4357.865428956465,6053.623533624929,T023,0.00010000000020227162,U01,existing
P13_25_46,G1,A_aircraft,G1-A_aircraft-01,T023,6053.623633624929,7689.381738293394,T019_1,9.999999838328222e-05,U01,existing
P13_25_46,G1,A_aircraft,G1-A_aircraft-01,T019_1,7689.381838293392,9325.139942961858,,,U01,existing
P13_25_46,G1,A_aircraft,G1-A_aircraft-02,T014_1,0.0,1695.7581046684645,T007,2637.107324288001,U02,existing
P13_25_46,G1,A_aircraft,G1-A_aircraft-02,T007,4332.865428956466,6940.9063260653875,T020,0.00010000000111176632,U02,existing
P13_25_46,G1,A_aircraft,G1-A_aircraft-02,T020,6940.906426065389,8911.116273042207,,,U02,existing
P13_25_46,G1,B_aircraft,G1-B_aircraft-01,T005,0.0,1210.3573074816584,,,U05,existing
P13_25_46,G1,C_aircraft,G1-C_aircraft-01,T003,0.0,1429.4261775174655,T001,1836.833511511034,U07,existing
P13_25_46,G1,C_aircraft,G1-C_aircraft-01,T001,3266.2596890284995,4827.685866545965,,,U07,existing
P13_25_46,G1,C_aircraft,G1-C_aircraft-02,T010_1,0.0,1823.224406150507,T018,3933.865551765618,U08,existing
P13_25_46,G1,C_aircraft,G1-C_aircraft-02,T018,5757.089957916125,8192.899478773774,,,U08,existing
P13_25_46,G1,A_batteries,G1-A_batteries-01,T002_1,0.0,2667.5322461730734,T016,1690.3331827833913,A01,existing
P13_25_46,G1,A_batteries,G1-A_batteries-01,T016,4357.865428956465,7189.599845781131,T019_1,499.78199251226124,A01,existing
P13_25_46,G1,A_batteries,G1-A_batteries-01,T019_1,7689.381838293392,10409.758236602142,,,A01,existing
P13_25_46,G1,A_batteries,G1-A_batteries-02,T014_1,0.0,2810.952429148163,T007,1521.9129998083026,A02,existing
P13_25_46,G1,A_batteries,G1-A_batteries-02,T007,4332.865428956466,8394.169789148978,,,A02,existing
P13_25_46,G1,A_batteries,G1-A_batteries-03,T023,6053.623633624929,8794.320358969193,,,A03,existing
P13_25_46,G1,A_batteries,G1-A_batteries-04,T020,6940.906426065389,10151.116923729283,,,A04,existing
P13_25_46,G1,B_batteries,G1-B_batteries-01,T005,0.0,2343.7606215473797,,,B01,existing
P13_25_46,G1,C_batteries,G1-C_batteries-01,T003,0.0,2947.606630665684,T001,318.6530583628155,C01,existing
P13_25_46,G1,C_batteries,G1-C_batteries-01,T001,3266.2596890284995,6416.352542791451,,,C01,existing
P13_25_46,G1,C_batteries,G1-C_batteries-02,T010_1,0.0,3563.4170832737245,T018,2193.6728746424005,C02,existing
P13_25_46,G1,C_batteries,G1-C_batteries-02,T018,5757.089957916125,10691.253758748288,,,C02,existing
P13_25_46,G1,relay_aircraft,G1-relay_aircraft-01,R001,162.1373190294086,2129.297638856331,R002,2462.7051091295434,R01,existing
P13_25_46,G1,relay_aircraft,G1-relay_aircraft-01,R002,4592.0027479858745,9578.679477149724,,,R01,existing
P13_25_46,G1,relay_components,G1-relay_components-01,R001,162.1373190294086,2493.9201725268517,R002,2098.082575459023,RE01,existing
P13_25_46,G1,relay_components,G1-relay_components-01,R002,4592.0027479858745,10318.120453993146,,,RE01,existing
P13_25_46,G2,A_aircraft,G2-A_aircraft-01,T011,2058.1153733026395,4188.754462062222,,,U03,existing
P13_25_46,G2,A_aircraft,G2-A_aircraft-02,T002_2,2212.8691163260855,3815.461852306258,T017,3953.9901172072023,U04,existing
P13_25_46,G2,A_aircraft,G2-A_aircraft-02,T017,7769.45196951346,10113.299044225432,,,U04,existing
P13_25_46,G2,B_aircraft,G2-B_aircraft-01,T013,2.631913957884535e-07,1958.0412717501863,T015,139.07410155245316,U06,existing
P13_25_46,G2,B_aircraft,G2-B_aircraft-01,T015,2097.1153733026395,3651.686732430321,T021,5.000100000001112,U06,existing
P13_25_46,G2,B_aircraft,G2-B_aircraft-01,T021,3656.6868324303223,5554.728103917317,T022,4158.765374611327,U06,existing
P13_25_46,G2,B_aircraft,G2-B_aircraft-01,T022,9713.493478528644,11214.272215143501,,,U06,existing
P13_25_46,G2,B_aircraft,G2-B_aircraft-02,T008,2348.76072154738,4193.299611702947,T014_2,1366.428592214369,NEW-B_aircraft-01,procurement_required
P13_25_46,G2,B_aircraft,G2-B_aircraft-02,T014_2,5559.728203917316,7425.499213465236,,,NEW-B_aircraft-01,procurement_required
P13_25_46,G2,C_aircraft,G2-C_aircraft-01,T004,1434.4262775174655,3604.9947859277245,T019_2,1227.6911806182397,NEW-C_aircraft-01,procurement_required
P13_25_46,G2,C_aircraft,G2-C_aircraft-01,T019_2,4832.685966545964,7071.870031513806,,,NEW-C_aircraft-01,procurement_required
P13_25_46,G2,C_aircraft,G2-C_aircraft-02,T012,3609.9948859277265,5725.07652720618,,,NEW-C_aircraft-02,procurement_required
P13_25_46,G2,A_batteries,G2-A_batteries-01,T011,2058.1153733026395,5546.539457030654,,,A05,existing
P13_25_46,G2,A_batteries,G2-A_batteries-02,T002_2,2212.8691163260855,4879.929014022942,T017,2889.522955490518,A06,existing
P13_25_46,G2,A_batteries,G2-A_batteries-02,T017,7769.45196951346,11476.863027475007,,,A06,existing
P13_25_46,G2,B_batteries,G2-B_batteries-01,T013,2.631913957884535e-07,3917.286899235777,T014_2,1642.441304681539,B02,existing
P13_25_46,G2,B_batteries,G2-B_batteries-01,T014_2,5559.728203917316,9106.026402123385,,,B02,existing
P13_25_46,G2,B_batteries,G2-B_batteries-02,T015,2097.1153733026395,5107.472874353213,T022,4606.020604175431,B03,existing
P13_25_46,G2,B_batteries,G2-B_batteries-02,T022,9713.493478528644,12750.274657105232,,,B03,existing
P13_25_46,G2,B_batteries,G2-B_batteries-03,T008,2348.76072154738,5781.961574782329,,,B04,existing
P13_25_46,G2,B_batteries,G2-B_batteries-04,T021,3656.6868324303223,7421.910255834926,,,NEW-B_batteries-01,procurement_required
P13_25_46,G2,C_batteries,G2-C_batteries-01,T004,1434.4262775174655,5752.089857916125,,,C03,existing
P13_25_46,G2,C_batteries,G2-C_batteries-02,T012,3609.9948859277265,8217.742244657848,,,C04,existing
P13_25_46,G2,C_batteries,G2-C_batteries-03,T019_2,4832.685966545964,9540.547812933855,,,NEW-C_batteries-01,procurement_required
P13_25_46,G2,relay_aircraft,G2-relay_aircraft-01,R003,5.186098884268291,7850.634235067152,R004,1733.0453420825716,R02,existing
P13_25_46,G2,relay_aircraft,G2-relay_aircraft-01,R004,9583.679577149724,11813.399509678484,,,R02,existing
P13_25_46,G2,relay_aircraft,G2-relay_aircraft-02,R005,2134.2977388563304,4587.002647985877,R006,3268.6316870812743,NEW-relay_aircraft-01,procurement_required
P13_25_46,G2,relay_aircraft,G2-relay_aircraft-02,R006,7855.634335067151,10510.693895951956,,,NEW-relay_aircraft-01,procurement_required
P13_25_46,G2,relay_components,G2-relay_components-01,R003,5.186098884268291,8956.255878782365,R004,627.4236983673582,RE02,existing
P13_25_46,G2,relay_components,G2-relay_components-01,R004,9583.679577149724,12221.929892002603,,,RE02,existing
P13_25_46,G2,relay_components,G2-relay_components-02,R005,2134.2977388563304,5015.591855407197,R006,2840.0424796599546,RE03,existing
P13_25_46,G2,relay_components,G2-relay_components-02,R006,7855.634335067151,10964.401779763033,,,RE03,existing
P13_25_46,G3,A_aircraft,G3-A_aircraft-01,T009,0.0,1316.0142144169886,,,NEW-A_aircraft-01,procurement_required
P13_25_46,G3,B_aircraft,G3-B_aircraft-01,T006,5112.4729743532125,6302.1032600896515,,,NEW-B_aircraft-02,procurement_required
P13_25_46,G3,C_aircraft,G3-C_aircraft-01,T010_2,1828.2245061505073,3261.2595890284992,,,NEW-C_aircraft-03,procurement_required
P13_25_46,G3,A_batteries,G3-A_batteries-01,T009,0.0,2207.8690163260853,,,NEW-A_batteries-01,procurement_required
P13_25_46,G3,B_batteries,G3-B_batteries-01,T006,5112.4729743532125,7435.544137052532,,,NEW-B_batteries-02,procurement_required
P13_25_46,G3,C_batteries,G3-C_batteries-01,T010_2,1828.2245061505073,4709.032782226957,,,NEW-C_batteries-02,procurement_required
P136_2_45,G1,A_aircraft,G1-A_aircraft-01,T002_1,0.0,1652.4416357195464,T016,2705.4237932369183,U01,existing
P136_2_45,G1,A_aircraft,G1-A_aircraft-01,T016,4357.865428956465,6053.623533624929,T023,0.00010000000020227162,U01,existing
P136_2_45,G1,A_aircraft,G1-A_aircraft-01,T023,6053.623633624929,7689.381738293394,T019_1,9.999999838328222e-05,U01,existing
P136_2_45,G1,A_aircraft,G1-A_aircraft-01,T019_1,7689.381838293392,9325.139942961858,,,U01,existing
P136_2_45,G1,A_aircraft,G1-A_aircraft-02,T014_1,0.0,1695.7581046684645,T007,2637.107324288001,U02,existing
P136_2_45,G1,A_aircraft,G1-A_aircraft-02,T007,4332.865428956466,6940.9063260653875,T020,0.00010000000111176632,U02,existing
P136_2_45,G1,A_aircraft,G1-A_aircraft-02,T020,6940.906426065389,8911.116273042207,,,U02,existing
P136_2_45,G1,B_aircraft,G1-B_aircraft-01,T005,0.0,1210.3573074816584,T006,3902.115666871554,U05,existing
P136_2_45,G1,B_aircraft,G1-B_aircraft-01,T006,5112.4729743532125,6302.1032600896515,,,U05,existing
P136_2_45,G1,C_aircraft,G1-C_aircraft-01,T003,0.0,1429.4261775174655,T001,1836.833511511034,U07,existing
P136_2_45,G1,C_aircraft,G1-C_aircraft-01,T001,3266.2596890284995,4827.685866545965,,,U07,existing
P136_2_45,G1,C_aircraft,G1-C_aircraft-02,T010_1,0.0,1823.224406150507,T018,3933.865551765618,U08,existing
P136_2_45,G1,C_aircraft,G1-C_aircraft-02,T018,5757.089957916125,8192.899478773774,,,U08,existing
P136_2_45,G1,A_batteries,G1-A_batteries-01,T002_1,0.0,2667.5322461730734,T016,1690.3331827833913,A01,existing
P136_2_45,G1,A_batteries,G1-A_batteries-01,T016,4357.865428956465,7189.599845781131,T019_1,499.78199251226124,A01,existing
P136_2_45,G1,A_batteries,G1-A_batteries-01,T019_1,7689.381838293392,10409.758236602142,,,A01,existing
P136_2_45,G1,A_batteries,G1-A_batteries-02,T014_1,0.0,2810.952429148163,T007,1521.9129998083026,A02,existing
P136_2_45,G1,A_batteries,G1-A_batteries-02,T007,4332.865428956466,8394.169789148978,,,A02,existing
P136_2_45,G1,A_batteries,G1-A_batteries-03,T023,6053.623633624929,8794.320358969193,,,A03,existing
P136_2_45,G1,A_batteries,G1-A_batteries-04,T020,6940.906426065389,10151.116923729283,,,A04,existing
P136_2_45,G1,B_batteries,G1-B_batteries-01,T005,0.0,2343.7606215473797,T006,2768.712352805833,B01,existing
P136_2_45,G1,B_batteries,G1-B_batteries-01,T006,5112.4729743532125,7435.544137052532,,,B01,existing
P136_2_45,G1,C_batteries,G1-C_batteries-01,T003,0.0,2947.606630665684,T001,318.6530583628155,C01,existing
P136_2_45,G1,C_batteries,G1-C_batteries-01,T001,3266.2596890284995,6416.352542791451,,,C01,existing
P136_2_45,G1,C_batteries,G1-C_batteries-02,T010_1,0.0,3563.4170832737245,T018,2193.6728746424005,C02,existing
P136_2_45,G1,C_batteries,G1-C_batteries-02,T018,5757.089957916125,10691.253758748288,,,C02,existing
P136_2_45,G1,relay_aircraft,G1-relay_aircraft-01,R001,162.1373190294086,2129.297638856331,R002,2462.7051091295434,R01,existing
P136_2_45,G1,relay_aircraft,G1-relay_aircraft-01,R002,4592.0027479858745,9578.679477149724,,,R01,existing
P136_2_45,G1,relay_components,G1-relay_components-01,R001,162.1373190294086,2493.9201725268517,R002,2098.082575459023,RE01,existing
P136_2_45,G1,relay_components,G1-relay_components-01,R002,4592.0027479858745,10318.120453993146,,,RE01,existing
P136_2_45,G2,B_aircraft,G2-B_aircraft-01,T013,2.631913957884535e-07,1958.0412717501863,T021,1698.645560680136,U06,existing
P136_2_45,G2,B_aircraft,G2-B_aircraft-01,T021,3656.6868324303223,5554.728103917317,T014_2,5.000099999999293,U06,existing
P136_2_45,G2,B_aircraft,G2-B_aircraft-01,T014_2,5559.728203917316,7425.499213465236,T022,2287.9942650634084,U06,existing
P136_2_45,G2,B_aircraft,G2-B_aircraft-01,T022,9713.493478528644,11214.272215143501,,,U06,existing
P136_2_45,G2,C_aircraft,G2-C_aircraft-01,T004,1434.4262775174655,3604.9947859277245,T019_2,1227.6911806182397,NEW-C_aircraft-01,procurement_required
P136_2_45,G2,C_aircraft,G2-C_aircraft-01,T019_2,4832.685966545964,7071.870031513806,,,NEW-C_aircraft-01,procurement_required
P136_2_45,G2,C_aircraft,G2-C_aircraft-02,T012,3609.9948859277265,5725.07652720618,,,NEW-C_aircraft-02,procurement_required
P136_2_45,G2,B_batteries,G2-B_batteries-01,T013,2.631913957884535e-07,3917.286899235777,T014_2,1642.441304681539,B02,existing
P136_2_45,G2,B_batteries,G2-B_batteries-01,T014_2,5559.728203917316,9106.026402123385,,,B02,existing
P136_2_45,G2,B_batteries,G2-B_batteries-02,T021,3656.6868324303223,7421.910255834926,T022,2291.583222693718,B03,existing
P136_2_45,G2,B_batteries,G2-B_batteries-02,T022,9713.493478528644,12750.274657105232,,,B03,existing
P136_2_45,G2,C_batteries,G2-C_batteries-01,T004,1434.4262775174655,5752.089857916125,,,C03,existing
P136_2_45,G2,C_batteries,G2-C_batteries-02,T012,3609.9948859277265,8217.742244657848,,,C04,existing
P136_2_45,G2,C_batteries,G2-C_batteries-03,T019_2,4832.685966545964,9540.547812933855,,,NEW-C_batteries-01,procurement_required
P136_2_45,G2,relay_aircraft,G2-relay_aircraft-01,R003,5.186098884268291,7850.634235067152,R004,1733.0453420825716,R02,existing
P136_2_45,G2,relay_aircraft,G2-relay_aircraft-01,R004,9583.679577149724,11813.399509678484,,,R02,existing
P136_2_45,G2,relay_components,G2-relay_components-01,R003,5.186098884268291,8956.255878782365,R004,627.4236983673582,RE02,existing
P136_2_45,G2,relay_components,G2-relay_components-01,R004,9583.679577149724,12221.929892002603,,,RE02,existing
P136_2_45,G3,A_aircraft,G3-A_aircraft-01,T009,0.0,1316.0142144169886,T002_2,896.854901909097,U03,existing
P136_2_45,G3,A_aircraft,G3-A_aircraft-01,T002_2,2212.8691163260855,3815.461852306258,T017,3953.9901172072023,U03,existing
P136_2_45,G3,A_aircraft,G3-A_aircraft-01,T017,7769.45196951346,10113.299044225432,,,U03,existing
P136_2_45,G3,A_aircraft,G3-A_aircraft-02,T011,2058.1153733026395,4188.754462062222,,,U04,existing
P136_2_45,G3,B_aircraft,G3-B_aircraft-01,T015,2097.1153733026395,3651.686732430321,,,NEW-B_aircraft-01,procurement_required
P136_2_45,G3,B_aircraft,G3-B_aircraft-02,T008,2348.76072154738,4193.299611702947,,,NEW-B_aircraft-02,procurement_required
P136_2_45,G3,C_aircraft,G3-C_aircraft-01,T010_2,1828.2245061505073,3261.2595890284992,,,NEW-C_aircraft-03,procurement_required
P136_2_45,G3,A_batteries,G3-A_batteries-01,T009,0.0,2207.8690163260853,T002_2,5.000100000000202,A05,existing
P136_2_45,G3,A_batteries,G3-A_batteries-01,T002_2,2212.8691163260855,4879.929014022942,T017,2889.522955490518,A05,existing
P136_2_45,G3,A_batteries,G3-A_batteries-01,T017,7769.45196951346,11476.863027475007,,,A05,existing
P136_2_45,G3,A_batteries,G3-A_batteries-02,T011,2058.1153733026395,5546.539457030654,,,A06,existing
P136_2_45,G3,B_batteries,G3-B_batteries-01,T015,2097.1153733026395,5107.472874353213,,,B04,existing
P136_2_45,G3,B_batteries,G3-B_batteries-02,T008,2348.76072154738,5781.961574782329,,,NEW-B_batteries-01,procurement_required
P136_2_45,G3,C_batteries,G3-C_batteries-01,T010_2,1828.2245061505073,4709.032782226957,,,NEW-C_batteries-02,procurement_required
P136_2_45,G3,relay_aircraft,G3-relay_aircraft-01,R005,2134.2977388563304,4587.002647985877,R006,3268.6316870812743,NEW-relay_aircraft-01,procurement_required
P136_2_45,G3,relay_aircraft,G3-relay_aircraft-01,R006,7855.634335067151,10510.693895951956,,,NEW-relay_aircraft-01,procurement_required
P136_2_45,G3,relay_components,G3-relay_components-01,R005,2134.2977388563304,5015.591855407197,R006,2840.0424796599546,RE03,existing
P136_2_45,G3,relay_components,G3-relay_components-01,R006,7855.634335067151,10964.401779763033,,,RE03,existing
P13_26_45,G1,A_aircraft,G1-A_aircraft-01,T002_1,0.0,1652.4416357195464,T016,2705.4237932369183,U01,existing
P13_26_45,G1,A_aircraft,G1-A_aircraft-01,T016,4357.865428956465,6053.623533624929,T023,0.00010000000020227162,U01,existing
P13_26_45,G1,A_aircraft,G1-A_aircraft-01,T023,6053.623633624929,7689.381738293394,T019_1,9.999999838328222e-05,U01,existing
P13_26_45,G1,A_aircraft,G1-A_aircraft-01,T019_1,7689.381838293392,9325.139942961858,,,U01,existing
P13_26_45,G1,A_aircraft,G1-A_aircraft-02,T014_1,0.0,1695.7581046684645,T007,2637.107324288001,U02,existing
P13_26_45,G1,A_aircraft,G1-A_aircraft-02,T007,4332.865428956466,6940.9063260653875,T020,0.00010000000111176632,U02,existing
P13_26_45,G1,A_aircraft,G1-A_aircraft-02,T020,6940.906426065389,8911.116273042207,,,U02,existing
P13_26_45,G1,B_aircraft,G1-B_aircraft-01,T005,0.0,1210.3573074816584,,,U05,existing
P13_26_45,G1,C_aircraft,G1-C_aircraft-01,T003,0.0,1429.4261775174655,T001,1836.833511511034,U07,existing
P13_26_45,G1,C_aircraft,G1-C_aircraft-01,T001,3266.2596890284995,4827.685866545965,,,U07,existing
P13_26_45,G1,C_aircraft,G1-C_aircraft-02,T010_1,0.0,1823.224406150507,T018,3933.865551765618,U08,existing
P13_26_45,G1,C_aircraft,G1-C_aircraft-02,T018,5757.089957916125,8192.899478773774,,,U08,existing
P13_26_45,G1,A_batteries,G1-A_batteries-01,T002_1,0.0,2667.5322461730734,T016,1690.3331827833913,A01,existing
P13_26_45,G1,A_batteries,G1-A_batteries-01,T016,4357.865428956465,7189.599845781131,T019_1,499.78199251226124,A01,existing
P13_26_45,G1,A_batteries,G1-A_batteries-01,T019_1,7689.381838293392,10409.758236602142,,,A01,existing
P13_26_45,G1,A_batteries,G1-A_batteries-02,T014_1,0.0,2810.952429148163,T007,1521.9129998083026,A02,existing
P13_26_45,G1,A_batteries,G1-A_batteries-02,T007,4332.865428956466,8394.169789148978,,,A02,existing
P13_26_45,G1,A_batteries,G1-A_batteries-03,T023,6053.623633624929,8794.320358969193,,,A03,existing
P13_26_45,G1,A_batteries,G1-A_batteries-04,T020,6940.906426065389,10151.116923729283,,,A04,existing
P13_26_45,G1,B_batteries,G1-B_batteries-01,T005,0.0,2343.7606215473797,,,B01,existing
P13_26_45,G1,C_batteries,G1-C_batteries-01,T003,0.0,2947.606630665684,T001,318.6530583628155,C01,existing
P13_26_45,G1,C_batteries,G1-C_batteries-01,T001,3266.2596890284995,6416.352542791451,,,C01,existing
P13_26_45,G1,C_batteries,G1-C_batteries-02,T010_1,0.0,3563.4170832737245,T018,2193.6728746424005,C02,existing
P13_26_45,G1,C_batteries,G1-C_batteries-02,T018,5757.089957916125,10691.253758748288,,,C02,existing
P13_26_45,G1,relay_aircraft,G1-relay_aircraft-01,R001,162.1373190294086,2129.297638856331,R002,2462.7051091295434,R01,existing
P13_26_45,G1,relay_aircraft,G1-relay_aircraft-01,R002,4592.0027479858745,9578.679477149724,,,R01,existing
P13_26_45,G1,relay_components,G1-relay_components-01,R001,162.1373190294086,2493.9201725268517,R002,2098.082575459023,RE01,existing
P13_26_45,G1,relay_components,G1-relay_components-01,R002,4592.0027479858745,10318.120453993146,,,RE01,existing
P13_26_45,G2,B_aircraft,G2-B_aircraft-01,T013,2.631913957884535e-07,1958.0412717501863,T021,1698.645560680136,U06,existing
P13_26_45,G2,B_aircraft,G2-B_aircraft-01,T021,3656.6868324303223,5554.728103917317,T014_2,5.000099999999293,U06,existing
P13_26_45,G2,B_aircraft,G2-B_aircraft-01,T014_2,5559.728203917316,7425.499213465236,,,U06,existing
P13_26_45,G2,B_aircraft,G2-B_aircraft-02,T006,5112.4729743532125,6302.1032600896515,T022,3411.3902184389926,NEW-B_aircraft-01,procurement_required
P13_26_45,G2,B_aircraft,G2-B_aircraft-02,T022,9713.493478528644,11214.272215143501,,,NEW-B_aircraft-01,procurement_required
P13_26_45,G2,C_aircraft,G2-C_aircraft-01,T004,1434.4262775174655,3604.9947859277245,T019_2,1227.6911806182397,NEW-C_aircraft-01,procurement_required
P13_26_45,G2,C_aircraft,G2-C_aircraft-01,T019_2,4832.685966545964,7071.870031513806,,,NEW-C_aircraft-01,procurement_required
P13_26_45,G2,C_aircraft,G2-C_aircraft-02,T012,3609.9948859277265,5725.07652720618,,,NEW-C_aircraft-02,procurement_required
P13_26_45,G2,B_batteries,G2-B_batteries-01,T013,2.631913957884535e-07,3917.286899235777,T014_2,1642.441304681539,B02,existing
P13_26_45,G2,B_batteries,G2-B_batteries-01,T014_2,5559.728203917316,9106.026402123385,,,B02,existing
P13_26_45,G2,B_batteries,G2-B_batteries-02,T021,3656.6868324303223,7421.910255834926,T022,2291.583222693718,B03,existing
P13_26_45,G2,B_batteries,G2-B_batteries-02,T022,9713.493478528644,12750.274657105232,,,B03,existing
P13_26_45,G2,B_batteries,G2-B_batteries-03,T006,5112.4729743532125,7435.544137052532,,,B04,existing
P13_26_45,G2,C_batteries,G2-C_batteries-01,T004,1434.4262775174655,5752.089857916125,,,C03,existing
P13_26_45,G2,C_batteries,G2-C_batteries-02,T012,3609.9948859277265,8217.742244657848,,,C04,existing
P13_26_45,G2,C_batteries,G2-C_batteries-03,T019_2,4832.685966545964,9540.547812933855,,,NEW-C_batteries-01,procurement_required
P13_26_45,G2,relay_aircraft,G2-relay_aircraft-01,R003,5.186098884268291,7850.634235067152,R004,1733.0453420825716,R02,existing
P13_26_45,G2,relay_aircraft,G2-relay_aircraft-01,R004,9583.679577149724,11813.399509678484,,,R02,existing
P13_26_45,G2,relay_components,G2-relay_components-01,R003,5.186098884268291,8956.255878782365,R004,627.4236983673582,RE02,existing
P13_26_45,G2,relay_components,G2-relay_components-01,R004,9583.679577149724,12221.929892002603,,,RE02,existing
P13_26_45,G3,A_aircraft,G3-A_aircraft-01,T009,0.0,1316.0142144169886,T002_2,896.854901909097,U03,existing
P13_26_45,G3,A_aircraft,G3-A_aircraft-01,T002_2,2212.8691163260855,3815.461852306258,T017,3953.9901172072023,U03,existing
P13_26_45,G3,A_aircraft,G3-A_aircraft-01,T017,7769.45196951346,10113.299044225432,,,U03,existing
P13_26_45,G3,A_aircraft,G3-A_aircraft-02,T011,2058.1153733026395,4188.754462062222,,,U04,existing
P13_26_45,G3,B_aircraft,G3-B_aircraft-01,T015,2097.1153733026395,3651.686732430321,,,NEW-B_aircraft-02,procurement_required
P13_26_45,G3,B_aircraft,G3-B_aircraft-02,T008,2348.76072154738,4193.299611702947,,,NEW-B_aircraft-03,procurement_required
P13_26_45,G3,C_aircraft,G3-C_aircraft-01,T010_2,1828.2245061505073,3261.2595890284992,,,NEW-C_aircraft-03,procurement_required
P13_26_45,G3,A_batteries,G3-A_batteries-01,T009,0.0,2207.8690163260853,T002_2,5.000100000000202,A05,existing
P13_26_45,G3,A_batteries,G3-A_batteries-01,T002_2,2212.8691163260855,4879.929014022942,T017,2889.522955490518,A05,existing
P13_26_45,G3,A_batteries,G3-A_batteries-01,T017,7769.45196951346,11476.863027475007,,,A05,existing
P13_26_45,G3,A_batteries,G3-A_batteries-02,T011,2058.1153733026395,5546.539457030654,,,A06,existing
P13_26_45,G3,B_batteries,G3-B_batteries-01,T015,2097.1153733026395,5107.472874353213,,,NEW-B_batteries-01,procurement_required
P13_26_45,G3,B_batteries,G3-B_batteries-02,T008,2348.76072154738,5781.961574782329,,,NEW-B_batteries-02,procurement_required
P13_26_45,G3,C_batteries,G3-C_batteries-01,T010_2,1828.2245061505073,4709.032782226957,,,NEW-C_batteries-02,procurement_required
P13_26_45,G3,relay_aircraft,G3-relay_aircraft-01,R005,2134.2977388563304,4587.002647985877,R006,3268.6316870812743,NEW-relay_aircraft-01,procurement_required
P13_26_45,G3,relay_aircraft,G3-relay_aircraft-01,R006,7855.634335067151,10510.693895951956,,,NEW-relay_aircraft-01,procurement_required
P13_26_45,G3,relay_components,G3-relay_components-01,R005,2134.2977388563304,5015.591855407197,R006,2840.0424796599546,RE03,existing
P13_26_45,G3,relay_components,G3-relay_components-01,R006,7855.634335067151,10964.401779763033,,,RE03,existing
P13_2_456,G1,A_aircraft,G1-A_aircraft-01,T002_1,0.0,1652.4416357195464,T016,2705.4237932369183,U01,existing
P13_2_456,G1,A_aircraft,G1-A_aircraft-01,T016,4357.865428956465,6053.623533624929,T023,0.00010000000020227162,U01,existing
P13_2_456,G1,A_aircraft,G1-A_aircraft-01,T023,6053.623633624929,7689.381738293394,T019_1,9.999999838328222e-05,U01,existing
P13_2_456,G1,A_aircraft,G1-A_aircraft-01,T019_1,7689.381838293392,9325.139942961858,,,U01,existing
P13_2_456,G1,A_aircraft,G1-A_aircraft-02,T014_1,0.0,1695.7581046684645,T007,2637.107324288001,U02,existing
P13_2_456,G1,A_aircraft,G1-A_aircraft-02,T007,4332.865428956466,6940.9063260653875,T020,0.00010000000111176632,U02,existing
P13_2_456,G1,A_aircraft,G1-A_aircraft-02,T020,6940.906426065389,8911.116273042207,,,U02,existing
P13_2_456,G1,B_aircraft,G1-B_aircraft-01,T005,0.0,1210.3573074816584,,,U05,existing
P13_2_456,G1,C_aircraft,G1-C_aircraft-01,T003,0.0,1429.4261775174655,T001,1836.833511511034,U07,existing
P13_2_456,G1,C_aircraft,G1-C_aircraft-01,T001,3266.2596890284995,4827.685866545965,,,U07,existing
P13_2_456,G1,C_aircraft,G1-C_aircraft-02,T010_1,0.0,1823.224406150507,T018,3933.865551765618,U08,existing
P13_2_456,G1,C_aircraft,G1-C_aircraft-02,T018,5757.089957916125,8192.899478773774,,,U08,existing
P13_2_456,G1,A_batteries,G1-A_batteries-01,T002_1,0.0,2667.5322461730734,T016,1690.3331827833913,A01,existing
P13_2_456,G1,A_batteries,G1-A_batteries-01,T016,4357.865428956465,7189.599845781131,T019_1,499.78199251226124,A01,existing
P13_2_456,G1,A_batteries,G1-A_batteries-01,T019_1,7689.381838293392,10409.758236602142,,,A01,existing
P13_2_456,G1,A_batteries,G1-A_batteries-02,T014_1,0.0,2810.952429148163,T007,1521.9129998083026,A02,existing
P13_2_456,G1,A_batteries,G1-A_batteries-02,T007,4332.865428956466,8394.169789148978,,,A02,existing
P13_2_456,G1,A_batteries,G1-A_batteries-03,T023,6053.623633624929,8794.320358969193,,,A03,existing
P13_2_456,G1,A_batteries,G1-A_batteries-04,T020,6940.906426065389,10151.116923729283,,,A04,existing
P13_2_456,G1,B_batteries,G1-B_batteries-01,T005,0.0,2343.7606215473797,,,B01,existing
P13_2_456,G1,C_batteries,G1-C_batteries-01,T003,0.0,2947.606630665684,T001,318.6530583628155,C01,existing
P13_2_456,G1,C_batteries,G1-C_batteries-01,T001,3266.2596890284995,6416.352542791451,,,C01,existing
P13_2_456,G1,C_batteries,G1-C_batteries-02,T010_1,0.0,3563.4170832737245,T018,2193.6728746424005,C02,existing
P13_2_456,G1,C_batteries,G1-C_batteries-02,T018,5757.089957916125,10691.253758748288,,,C02,existing
P13_2_456,G1,relay_aircraft,G1-relay_aircraft-01,R001,162.1373190294086,2129.297638856331,R002,2462.7051091295434,R01,existing
P13_2_456,G1,relay_aircraft,G1-relay_aircraft-01,R002,4592.0027479858745,9578.679477149724,,,R01,existing
P13_2_456,G1,relay_components,G1-relay_components-01,R001,162.1373190294086,2493.9201725268517,R002,2098.082575459023,RE01,existing
P13_2_456,G1,relay_components,G1-relay_components-01,R002,4592.0027479858745,10318.120453993146,,,RE01,existing
P13_2_456,G2,B_aircraft,G2-B_aircraft-01,T013,2.631913957884535e-07,1958.0412717501863,T021,1698.645560680136,U06,existing
P13_2_456,G2,B_aircraft,G2-B_aircraft-01,T021,3656.6868324303223,5554.728103917317,T014_2,5.000099999999293,U06,existing
P13_2_456,G2,B_aircraft,G2-B_aircraft-01,T014_2,5559.728203917316,7425.499213465236,T022,2287.9942650634084,U06,existing
P13_2_456,G2,B_aircraft,G2-B_aircraft-01,T022,9713.493478528644,11214.272215143501,,,U06,existing
P13_2_456,G2,C_aircraft,G2-C_aircraft-01,T004,1434.4262775174655,3604.9947859277245,T019_2,1227.6911806182397,NEW-C_aircraft-01,procurement_required
P13_2_456,G2,C_aircraft,G2-C_aircraft-01,T019_2,4832.685966545964,7071.870031513806,,,NEW-C_aircraft-01,procurement_required
P13_2_456,G2,C_aircraft,G2-C_aircraft-02,T012,3609.9948859277265,5725.07652720618,,,NEW-C_aircraft-02,procurement_required
P13_2_456,G2,B_batteries,G2-B_batteries-01,T013,2.631913957884535e-07,3917.286899235777,T014_2,1642.441304681539,B02,existing
P13_2_456,G2,B_batteries,G2-B_batteries-01,T014_2,5559.728203917316,9106.026402123385,,,B02,existing
P13_2_456,G2,B_batteries,G2-B_batteries-02,T021,3656.6868324303223,7421.910255834926,T022,2291.583222693718,B03,existing
P13_2_456,G2,B_batteries,G2-B_batteries-02,T022,9713.493478528644,12750.274657105232,,,B03,existing
P13_2_456,G2,C_batteries,G2-C_batteries-01,T004,1434.4262775174655,5752.089857916125,,,C03,existing
P13_2_456,G2,C_batteries,G2-C_batteries-02,T012,3609.9948859277265,8217.742244657848,,,C04,existing
P13_2_456,G2,C_batteries,G2-C_batteries-03,T019_2,4832.685966545964,9540.547812933855,,,NEW-C_batteries-01,procurement_required
P13_2_456,G2,relay_aircraft,G2-relay_aircraft-01,R003,5.186098884268291,7850.634235067152,R004,1733.0453420825716,R02,existing
P13_2_456,G2,relay_aircraft,G2-relay_aircraft-01,R004,9583.679577149724,11813.399509678484,,,R02,existing
P13_2_456,G2,relay_components,G2-relay_components-01,R003,5.186098884268291,8956.255878782365,R004,627.4236983673582,RE02,existing
P13_2_456,G2,relay_components,G2-relay_components-01,R004,9583.679577149724,12221.929892002603,,,RE02,existing
P13_2_456,G3,A_aircraft,G3-A_aircraft-01,T009,0.0,1316.0142144169886,T002_2,896.854901909097,U03,existing
P13_2_456,G3,A_aircraft,G3-A_aircraft-01,T002_2,2212.8691163260855,3815.461852306258,T017,3953.9901172072023,U03,existing
P13_2_456,G3,A_aircraft,G3-A_aircraft-01,T017,7769.45196951346,10113.299044225432,,,U03,existing
P13_2_456,G3,A_aircraft,G3-A_aircraft-02,T011,2058.1153733026395,4188.754462062222,,,U04,existing
P13_2_456,G3,B_aircraft,G3-B_aircraft-01,T015,2097.1153733026395,3651.686732430321,T006,1460.7862419228913,NEW-B_aircraft-01,procurement_required
P13_2_456,G3,B_aircraft,G3-B_aircraft-01,T006,5112.4729743532125,6302.1032600896515,,,NEW-B_aircraft-01,procurement_required
P13_2_456,G3,B_aircraft,G3-B_aircraft-02,T008,2348.76072154738,4193.299611702947,,,NEW-B_aircraft-02,procurement_required
P13_2_456,G3,C_aircraft,G3-C_aircraft-01,T010_2,1828.2245061505073,3261.2595890284992,,,NEW-C_aircraft-03,procurement_required
P13_2_456,G3,A_batteries,G3-A_batteries-01,T009,0.0,2207.8690163260853,T002_2,5.000100000000202,A05,existing
P13_2_456,G3,A_batteries,G3-A_batteries-01,T002_2,2212.8691163260855,4879.929014022942,T017,2889.522955490518,A05,existing
P13_2_456,G3,A_batteries,G3-A_batteries-01,T017,7769.45196951346,11476.863027475007,,,A05,existing
P13_2_456,G3,A_batteries,G3-A_batteries-02,T011,2058.1153733026395,5546.539457030654,,,A06,existing
P13_2_456,G3,B_batteries,G3-B_batteries-01,T015,2097.1153733026395,5107.472874353213,T006,5.000099999999293,B04,existing
P13_2_456,G3,B_batteries,G3-B_batteries-01,T006,5112.4729743532125,7435.544137052532,,,B04,existing
P13_2_456,G3,B_batteries,G3-B_batteries-02,T008,2348.76072154738,5781.961574782329,,,NEW-B_batteries-01,procurement_required
P13_2_456,G3,C_batteries,G3-C_batteries-01,T010_2,1828.2245061505073,4709.032782226957,,,NEW-C_batteries-02,procurement_required
P13_2_456,G3,relay_aircraft,G3-relay_aircraft-01,R005,2134.2977388563304,4587.002647985877,R006,3268.6316870812743,NEW-relay_aircraft-01,procurement_required
P13_2_456,G3,relay_aircraft,G3-relay_aircraft-01,R006,7855.634335067151,10510.693895951956,,,NEW-relay_aircraft-01,procurement_required
P13_2_456,G3,relay_components,G3-relay_components-01,R005,2134.2977388563304,5015.591855407197,R006,2840.0424796599546,RE03,existing
P13_2_456,G3,relay_components,G3-relay_components-01,R006,7855.634335067151,10964.401779763033,,,RE03,existing
P145_23_6,G1,A_aircraft,G1-A_aircraft-01,T009,0.0,1316.0142144169886,T002_2,896.854901909097,U01,existing
P145_23_6,G1,A_aircraft,G1-A_aircraft-01,T002_2,2212.8691163260855,3815.461852306258,T017,3953.9901172072023,U01,existing
P145_23_6,G1,A_aircraft,G1-A_aircraft-01,T017,7769.45196951346,10113.299044225432,,,U01,existing
P145_23_6,G1,A_aircraft,G1-A_aircraft-02,T011,2058.1153733026395,4188.754462062222,,,U02,existing
P145_23_6,G1,B_aircraft,G1-B_aircraft-01,T005,0.0,1210.3573074816584,T008,1138.4034140657216,U05,existing
P145_23_6,G1,B_aircraft,G1-B_aircraft-01,T008,2348.76072154738,4193.299611702947,,,U05,existing
P145_23_6,G1,B_aircraft,G1-B_aircraft-02,T015,2097.1153733026395,3651.686732430321,,,U06,existing
P145_23_6,G1,C_aircraft,G1-C_aircraft-01,T003,0.0,1429.4261775174655,T010_2,398.7983286330418,U07,existing
P145_23_6,G1,C_aircraft,G1-C_aircraft-01,T010_2,1828.2245061505073,3261.2595890284992,T001,5.000100000000202,U07,existing
P145_23_6,G1,C_aircraft,G1-C_aircraft-01,T001,3266.2596890284995,4827.685866545965,,,U07,existing
P145_23_6,G1,A_batteries,G1-A_batteries-01,T009,0.0,2207.8690163260853,T002_2,5.000100000000202,A01,existing
P145_23_6,G1,A_batteries,G1-A_batteries-01,T002_2,2212.8691163260855,4879.929014022942,T017,2889.522955490518,A01,existing
P145_23_6,G1,A_batteries,G1-A_batteries-01,T017,7769.45196951346,11476.863027475007,,,A01,existing
P145_23_6,G1,A_batteries,G1-A_batteries-02,T011,2058.1153733026395,5546.539457030654,,,A02,existing
P145_23_6,G1,B_batteries,G1-B_batteries-01,T005,0.0,2343.7606215473797,T008,5.000100000000202,B01,existing
P145_23_6,G1,B_batteries,G1-B_batteries-01,T008,2348.76072154738,5781.961574782329,,,B01,existing
P145_23_6,G1,B_batteries,G1-B_batteries-02,T015,2097.1153733026395,5107.472874353213,,,B02,existing
P145_23_6,G1,C_batteries,G1-C_batteries-01,T003,0.0,2947.606630665684,T001,318.6530583628155,C01,existing
P145_23_6,G1,C_batteries,G1-C_batteries-01,T001,3266.2596890284995,6416.352542791451,,,C01,existing
P145_23_6,G1,C_batteries,G1-C_batteries-02,T010_2,1828.2245061505073,4709.032782226957,,,C02,existing
P145_23_6,G1,relay_aircraft,G1-relay_aircraft-01,R005,2134.2977388563304,4587.002647985877,R006,3268.6316870812743,R01,existing
P145_23_6,G1,relay_aircraft,G1-relay_aircraft-01,R006,7855.634335067151,10510.693895951956,,,R01,existing
P145_23_6,G1,relay_components,G1-relay_components-01,R005,2134.2977388563304,5015.591855407197,R006,2840.0424796599546,RE01,existing
P145_23_6,G1,relay_components,G1-relay_components-01,R006,7855.634335067151,10964.401779763033,,,RE01,existing
P145_23_6,G2,A_aircraft,G2-A_aircraft-01,T002_1,0.0,1652.4416357195464,T016,2705.4237932369183,U03,existing
P145_23_6,G2,A_aircraft,G2-A_aircraft-01,T016,4357.865428956465,6053.623533624929,T023,0.00010000000020227162,U03,existing
P145_23_6,G2,A_aircraft,G2-A_aircraft-01,T023,6053.623633624929,7689.381738293394,T019_1,9.999999838328222e-05,U03,existing
P145_23_6,G2,A_aircraft,G2-A_aircraft-01,T019_1,7689.381838293392,9325.139942961858,,,U03,existing
P145_23_6,G2,A_aircraft,G2-A_aircraft-02,T014_1,0.0,1695.7581046684645,T007,2637.107324288001,U04,existing
P145_23_6,G2,A_aircraft,G2-A_aircraft-02,T007,4332.865428956466,6940.9063260653875,T020,0.00010000000111176632,U04,existing
P145_23_6,G2,A_aircraft,G2-A_aircraft-02,T020,6940.906426065389,8911.116273042207,,,U04,existing
P145_23_6,G2,B_aircraft,G2-B_aircraft-01,T013,2.631913957884535e-07,1958.0412717501863,T021,1698.645560680136,NEW-B_aircraft-01,procurement_required
P145_23_6,G2,B_aircraft,G2-B_aircraft-01,T021,3656.6868324303223,5554.728103917317,T014_2,5.000099999999293,NEW-B_aircraft-01,procurement_required
P145_23_6,G2,B_aircraft,G2-B_aircraft-01,T014_2,5559.728203917316,7425.499213465236,T022,2287.9942650634084,NEW-B_aircraft-01,procurement_required
P145_23_6,G2,B_aircraft,G2-B_aircraft-01,T022,9713.493478528644,11214.272215143501,,,NEW-B_aircraft-01,procurement_required
P145_23_6,G2,C_aircraft,G2-C_aircraft-01,T010_1,0.0,1823.224406150507,T012,1786.7704797772194,U08,existing
P145_23_6,G2,C_aircraft,G2-C_aircraft-01,T012,3609.9948859277265,5725.07652720618,T018,32.01343070994517,U08,existing
P145_23_6,G2,C_aircraft,G2-C_aircraft-01,T018,5757.089957916125,8192.899478773774,,,U08,existing
P145_23_6,G2,C_aircraft,G2-C_aircraft-02,T004,1434.4262775174655,3604.9947859277245,T019_2,1227.6911806182397,NEW-C_aircraft-01,procurement_required
P145_23_6,G2,C_aircraft,G2-C_aircraft-02,T019_2,4832.685966545964,7071.870031513806,,,NEW-C_aircraft-01,procurement_required
P145_23_6,G2,A_batteries,G2-A_batteries-01,T002_1,0.0,2667.5322461730734,T016,1690.3331827833913,A03,existing
P145_23_6,G2,A_batteries,G2-A_batteries-01,T016,4357.865428956465,7189.599845781131,T019_1,499.78199251226124,A03,existing
P145_23_6,G2,A_batteries,G2-A_batteries-01,T019_1,7689.381838293392,10409.758236602142,,,A03,existing
P145_23_6,G2,A_batteries,G2-A_batteries-02,T014_1,0.0,2810.952429148163,T007,1521.9129998083026,A04,existing
P145_23_6,G2,A_batteries,G2-A_batteries-02,T007,4332.865428956466,8394.169789148978,,,A04,existing
P145_23_6,G2,A_batteries,G2-A_batteries-03,T023,6053.623633624929,8794.320358969193,,,A05,existing
P145_23_6,G2,A_batteries,G2-A_batteries-04,T020,6940.906426065389,10151.116923729283,,,A06,existing
P145_23_6,G2,B_batteries,G2-B_batteries-01,T013,2.631913957884535e-07,3917.286899235777,T014_2,1642.441304681539,B03,existing
P145_23_6,G2,B_batteries,G2-B_batteries-01,T014_2,5559.728203917316,9106.026402123385,,,B03,existing
P145_23_6,G2,B_batteries,G2-B_batteries-02,T021,3656.6868324303223,7421.910255834926,T022,2291.583222693718,B04,existing
P145_23_6,G2,B_batteries,G2-B_batteries-02,T022,9713.493478528644,12750.274657105232,,,B04,existing
P145_23_6,G2,C_batteries,G2-C_batteries-01,T010_1,0.0,3563.4170832737245,T012,46.57780265400197,C03,existing
P145_23_6,G2,C_batteries,G2-C_batteries-01,T012,3609.9948859277265,8217.742244657848,,,C03,existing
P145_23_6,G2,C_batteries,G2-C_batteries-02,T004,1434.4262775174655,5752.089857916125,T018,5.000100000000202,C04,existing
P145_23_6,G2,C_batteries,G2-C_batteries-02,T018,5757.089957916125,10691.253758748288,,,C04,existing
P145_23_6,G2,C_batteries,G2-C_batteries-03,T019_2,4832.685966545964,9540.547812933855,,,NEW-C_batteries-01,procurement_required
P145_23_6,G2,relay_aircraft,G2-relay_aircraft-01,R003,5.186098884268291,7850.634235067152,R004,1733.0453420825716,R02,existing
P145_23_6,G2,relay_aircraft,G2-relay_aircraft-01,R004,9583.679577149724,11813.399509678484,,,R02,existing
P145_23_6,G2,relay_aircraft,G2-relay_aircraft-02,R001,162.1373190294086,2129.297638856331,R002,2462.7051091295434,NEW-relay_aircraft-01,procurement_required
P145_23_6,G2,relay_aircraft,G2-relay_aircraft-02,R002,4592.0027479858745,9578.679477149724,,,NEW-relay_aircraft-01,procurement_required
P145_23_6,G2,relay_components,G2-relay_components-01,R003,5.186098884268291,8956.255878782365,R004,627.4236983673582,RE02,existing
P145_23_6,G2,relay_components,G2-relay_components-01,R004,9583.679577149724,12221.929892002603,,,RE02,existing
P145_23_6,G2,relay_components,G2-relay_components-02,R001,162.1373190294086,2493.9201725268517,R002,2098.082575459023,RE03,existing
P145_23_6,G2,relay_components,G2-relay_components-02,R002,4592.0027479858745,10318.120453993146,,,RE03,existing
P145_23_6,G3,B_aircraft,G3-B_aircraft-01,T006,5112.4729743532125,6302.1032600896515,,,NEW-B_aircraft-02,procurement_required
P145_23_6,G3,B_batteries,G3-B_batteries-01,T006,5112.4729743532125,7435.544137052532,,,NEW-B_batteries-01,procurement_required
P14_235_6,G1,A_aircraft,G1-A_aircraft-01,T009,0.0,1316.0142144169886,,,U01,existing
P14_235_6,G1,B_aircraft,G1-B_aircraft-01,T005,0.0,1210.3573074816584,,,U05,existing
P14_235_6,G1,C_aircraft,G1-C_aircraft-01,T003,0.0,1429.4261775174655,T010_2,398.7983286330418,U07,existing
P14_235_6,G1,C_aircraft,G1-C_aircraft-01,T010_2,1828.2245061505073,3261.2595890284992,T001,5.000100000000202,U07,existing
P14_235_6,G1,C_aircraft,G1-C_aircraft-01,T001,3266.2596890284995,4827.685866545965,,,U07,existing
P14_235_6,G1,A_batteries,G1-A_batteries-01,T009,0.0,2207.8690163260853,,,A01,existing
P14_235_6,G1,B_batteries,G1-B_batteries-01,T005,0.0,2343.7606215473797,,,B01,existing
P14_235_6,G1,C_batteries,G1-C_batteries-01,T003,0.0,2947.606630665684,T001,318.6530583628155,C01,existing
P14_235_6,G1,C_batteries,G1-C_batteries-01,T001,3266.2596890284995,6416.352542791451,,,C01,existing
P14_235_6,G1,C_batteries,G1-C_batteries-02,T010_2,1828.2245061505073,4709.032782226957,,,C02,existing
P14_235_6,G2,A_aircraft,G2-A_aircraft-01,T002_1,0.0,1652.4416357195464,T002_2,560.4274806065391,U02,existing
P14_235_6,G2,A_aircraft,G2-A_aircraft-01,T002_2,2212.8691163260855,3815.461852306258,T016,542.4035766502066,U02,existing
P14_235_6,G2,A_aircraft,G2-A_aircraft-01,T016,4357.865428956465,6053.623533624929,T020,887.2828924404594,U02,existing
P14_235_6,G2,A_aircraft,G2-A_aircraft-01,T020,6940.906426065389,8911.116273042207,,,U02,existing
P14_235_6,G2,A_aircraft,G2-A_aircraft-02,T014_1,0.0,1695.7581046684645,T011,362.35726863417494,U03,existing
P14_235_6,G2,A_aircraft,G2-A_aircraft-02,T011,2058.1153733026395,4188.754462062222,T007,144.11096689424357,U03,existing
P14_235_6,G2,A_aircraft,G2-A_aircraft-02,T007,4332.865428956466,6940.9063260653875,T019_1,748.4755122280048,U03,existing
P14_235_6,G2,A_aircraft,G2-A_aircraft-02,T019_1,7689.381838293392,9325.139942961858,,,U03,existing
P14_235_6,G2,A_aircraft,G2-A_aircraft-03,T023,6053.623633624929,7689.381738293394,T017,80.07023122006649,U04,existing
P14_235_6,G2,A_aircraft,G2-A_aircraft-03,T017,7769.45196951346,10113.299044225432,,,U04,existing
P14_235_6,G2,B_aircraft,G2-B_aircraft-01,T013,2.631913957884535e-07,1958.0412717501863,T015,139.07410155245316,U06,existing
P14_235_6,G2,B_aircraft,G2-B_aircraft-01,T015,2097.1153733026395,3651.686732430321,T021,5.000100000001112,U06,existing
P14_235_6,G2,B_aircraft,G2-B_aircraft-01,T021,3656.6868324303223,5554.728103917317,T022,4158.765374611327,U06,existing
P14_235_6,G2,B_aircraft,G2-B_aircraft-01,T022,9713.493478528644,11214.272215143501,,,U06,existing
P14_235_6,G2,B_aircraft,G2-B_aircraft-02,T008,2348.76072154738,4193.299611702947,T014_2,1366.428592214369,NEW-B_aircraft-01,procurement_required
P14_235_6,G2,B_aircraft,G2-B_aircraft-02,T014_2,5559.728203917316,7425.499213465236,,,NEW-B_aircraft-01,procurement_required
P14_235_6,G2,C_aircraft,G2-C_aircraft-01,T010_1,0.0,1823.224406150507,T012,1786.7704797772194,U08,existing
P14_235_6,G2,C_aircraft,G2-C_aircraft-01,T012,3609.9948859277265,5725.07652720618,T018,32.01343070994517,U08,existing
P14_235_6,G2,C_aircraft,G2-C_aircraft-01,T018,5757.089957916125,8192.899478773774,,,U08,existing
P14_235_6,G2,C_aircraft,G2-C_aircraft-02,T004,1434.4262775174655,3604.9947859277245,T019_2,1227.6911806182397,NEW-C_aircraft-01,procurement_required
P14_235_6,G2,C_aircraft,G2-C_aircraft-02,T019_2,4832.685966545964,7071.870031513806,,,NEW-C_aircraft-01,procurement_required
P14_235_6,G2,A_batteries,G2-A_batteries-01,T002_1,0.0,2667.5322461730734,T016,1690.3331827833913,A02,existing
P14_235_6,G2,A_batteries,G2-A_batteries-01,T016,4357.865428956465,7189.599845781131,T017,579.8521237323293,A02,existing
P14_235_6,G2,A_batteries,G2-A_batteries-01,T017,7769.45196951346,11476.863027475007,,,A02,existing
P14_235_6,G2,A_batteries,G2-A_batteries-02,T014_1,0.0,2810.952429148163,T007,1521.9129998083026,A03,existing
P14_235_6,G2,A_batteries,G2-A_batteries-02,T007,4332.865428956466,8394.169789148978,,,A03,existing
P14_235_6,G2,A_batteries,G2-A_batteries-03,T011,2058.1153733026395,5546.539457030654,T020,1394.3669690347342,A04,existing
P14_235_6,G2,A_batteries,G2-A_batteries-03,T020,6940.906426065389,10151.116923729283,,,A04,existing
P14_235_6,G2,A_batteries,G2-A_batteries-04,T002_2,2212.8691163260855,4879.929014022942,T023,1173.6946196019871,A05,existing
P14_235_6,G2,A_batteries,G2-A_batteries-04,T023,6053.623633624929,8794.320358969193,,,A05,existing
P14_235_6,G2,A_batteries,G2-A_batteries-05,T019_1,7689.381838293392,10409.758236602142,,,A06,existing
P14_235_6,G2,B_batteries,G2-B_batteries-01,T013,2.631913957884535e-07,3917.286899235777,T014_2,1642.441304681539,B02,existing
P14_235_6,G2,B_batteries,G2-B_batteries-01,T014_2,5559.728203917316,9106.026402123385,,,B02,existing
P14_235_6,G2,B_batteries,G2-B_batteries-02,T015,2097.1153733026395,5107.472874353213,T022,4606.020604175431,B03,existing
P14_235_6,G2,B_batteries,G2-B_batteries-02,T022,9713.493478528644,12750.274657105232,,,B03,existing
P14_235_6,G2,B_batteries,G2-B_batteries-03,T008,2348.76072154738,5781.961574782329,,,B04,existing
P14_235_6,G2,B_batteries,G2-B_batteries-04,T021,3656.6868324303223,7421.910255834926,,,NEW-B_batteries-01,procurement_required
P14_235_6,G2,C_batteries,G2-C_batteries-01,T010_1,0.0,3563.4170832737245,T012,46.57780265400197,C03,existing
P14_235_6,G2,C_batteries,G2-C_batteries-01,T012,3609.9948859277265,8217.742244657848,,,C03,existing
P14_235_6,G2,C_batteries,G2-C_batteries-02,T004,1434.4262775174655,5752.089857916125,T018,5.000100000000202,C04,existing
P14_235_6,G2,C_batteries,G2-C_batteries-02,T018,5757.089957916125,10691.253758748288,,,C04,existing
P14_235_6,G2,C_batteries,G2-C_batteries-03,T019_2,4832.685966545964,9540.547812933855,,,NEW-C_batteries-01,procurement_required
P14_235_6,G2,relay_aircraft,G2-relay_aircraft-01,R003,5.186098884268291,7850.634235067152,R006,5.000099999999293,R01,existing
P14_235_6,G2,relay_aircraft,G2-relay_aircraft-01,R006,7855.634335067151,10510.693895951956,,,R01,existing
P14_235_6,G2,relay_aircraft,G2-relay_aircraft-02,R001,162.1373190294086,2129.297638856331,R005,5.000099999999293,R02,existing
P14_235_6,G2,relay_aircraft,G2-relay_aircraft-02,R005,2134.2977388563304,4587.002647985877,R002,5.000099999997474,R02,existing
P14_235_6,G2,relay_aircraft,G2-relay_aircraft-02,R002,4592.0027479858745,9578.679477149724,R004,5.000099999999293,R02,existing
P14_235_6,G2,relay_aircraft,G2-relay_aircraft-02,R004,9583.679577149724,11813.399509678484,,,R02,existing
P14_235_6,G2,relay_components,G2-relay_components-01,R003,5.186098884268291,8956.255878782365,R004,627.4236983673582,RE01,existing
P14_235_6,G2,relay_components,G2-relay_components-01,R004,9583.679577149724,12221.929892002603,,,RE01,existing
P14_235_6,G2,relay_components,G2-relay_components-02,R001,162.1373190294086,2493.9201725268517,R002,2098.082575459023,RE02,existing
P14_235_6,G2,relay_components,G2-relay_components-02,R002,4592.0027479858745,10318.120453993146,,,RE02,existing
P14_235_6,G2,relay_components,G2-relay_components-03,R005,2134.2977388563304,5015.591855407197,R006,2840.0424796599546,RE03,existing
P14_235_6,G2,relay_components,G2-relay_components-03,R006,7855.634335067151,10964.401779763033,,,RE03,existing
P14_235_6,G3,B_aircraft,G3-B_aircraft-01,T006,5112.4729743532125,6302.1032600896515,,,NEW-B_aircraft-02,procurement_required
P14_235_6,G3,B_batteries,G3-B_batteries-01,T006,5112.4729743532125,7435.544137052532,,,NEW-B_batteries-02,procurement_required
P146_23_5,G1,A_aircraft,G1-A_aircraft-01,T009,0.0,1316.0142144169886,,,U01,existing
P146_23_5,G1,B_aircraft,G1-B_aircraft-01,T005,0.0,1210.3573074816584,T006,3902.115666871554,U05,existing
P146_23_5,G1,B_aircraft,G1-B_aircraft-01,T006,5112.4729743532125,6302.1032600896515,,,U05,existing
P146_23_5,G1,C_aircraft,G1-C_aircraft-01,T003,0.0,1429.4261775174655,T010_2,398.7983286330418,U07,existing
P146_23_5,G1,C_aircraft,G1-C_aircraft-01,T010_2,1828.2245061505073,3261.2595890284992,T001,5.000100000000202,U07,existing
P146_23_5,G1,C_aircraft,G1-C_aircraft-01,T001,3266.2596890284995,4827.685866545965,,,U07,existing
P146_23_5,G1,A_batteries,G1-A_batteries-01,T009,0.0,2207.8690163260853,,,A01,existing
P146_23_5,G1,B_batteries,G1-B_batteries-01,T005,0.0,2343.7606215473797,T006,2768.712352805833,B01,existing
P146_23_5,G1,B_batteries,G1-B_batteries-01,T006,5112.4729743532125,7435.544137052532,,,B01,existing
P146_23_5,G1,C_batteries,G1-C_batteries-01,T003,0.0,2947.606630665684,T001,318.6530583628155,C01,existing
P146_23_5,G1,C_batteries,G1-C_batteries-01,T001,3266.2596890284995,6416.352542791451,,,C01,existing
P146_23_5,G1,C_batteries,G1-C_batteries-02,T010_2,1828.2245061505073,4709.032782226957,,,C02,existing
P146_23_5,G2,A_aircraft,G2-A_aircraft-01,T002_1,0.0,1652.4416357195464,T016,2705.4237932369183,U02,existing
P146_23_5,G2,A_aircraft,G2-A_aircraft-01,T016,4357.865428956465,6053.623533624929,T023,0.00010000000020227162,U02,existing
P146_23_5,G2,A_aircraft,G2-A_aircraft-01,T023,6053.623633624929,7689.381738293394,T019_1,9.999999838328222e-05,U02,existing
P146_23_5,G2,A_aircraft,G2-A_aircraft-01,T019_1,7689.381838293392,9325.139942961858,,,U02,existing
P146_23_5,G2,A_aircraft,G2-A_aircraft-02,T014_1,0.0,1695.7581046684645,T007,2637.107324288001,U03,existing
P146_23_5,G2,A_aircraft,G2-A_aircraft-02,T007,4332.865428956466,6940.9063260653875,T020,0.00010000000111176632,U03,existing
P146_23_5,G2,A_aircraft,G2-A_aircraft-02,T020,6940.906426065389,8911.116273042207,,,U03,existing
P146_23_5,G2,B_aircraft,G2-B_aircraft-01,T013,2.631913957884535e-07,1958.0412717501863,T021,1698.645560680136,U06,existing
P146_23_5,G2,B_aircraft,G2-B_aircraft-01,T021,3656.6868324303223,5554.728103917317,T014_2,5.000099999999293,U06,existing
P146_23_5,G2,B_aircraft,G2-B_aircraft-01,T014_2,5559.728203917316,7425.499213465236,T022,2287.9942650634084,U06,existing
P146_23_5,G2,B_aircraft,G2-B_aircraft-01,T022,9713.493478528644,11214.272215143501,,,U06,existing
P146_23_5,G2,C_aircraft,G2-C_aircraft-01,T010_1,0.0,1823.224406150507,T012,1786.7704797772194,U08,existing
P146_23_5,G2,C_aircraft,G2-C_aircraft-01,T012,3609.9948859277265,5725.07652720618,T018,32.01343070994517,U08,existing
P146_23_5,G2,C_aircraft,G2-C_aircraft-01,T018,5757.089957916125,8192.899478773774,,,U08,existing
P146_23_5,G2,C_aircraft,G2-C_aircraft-02,T004,1434.4262775174655,3604.9947859277245,T019_2,1227.6911806182397,NEW-C_aircraft-01,procurement_required
P146_23_5,G2,C_aircraft,G2-C_aircraft-02,T019_2,4832.685966545964,7071.870031513806,,,NEW-C_aircraft-01,procurement_required
P146_23_5,G2,A_batteries,G2-A_batteries-01,T002_1,0.0,2667.5322461730734,T016,1690.3331827833913,A02,existing
P146_23_5,G2,A_batteries,G2-A_batteries-01,T016,4357.865428956465,7189.599845781131,T019_1,499.78199251226124,A02,existing
P146_23_5,G2,A_batteries,G2-A_batteries-01,T019_1,7689.381838293392,10409.758236602142,,,A02,existing
P146_23_5,G2,A_batteries,G2-A_batteries-02,T014_1,0.0,2810.952429148163,T007,1521.9129998083026,A03,existing
P146_23_5,G2,A_batteries,G2-A_batteries-02,T007,4332.865428956466,8394.169789148978,,,A03,existing
P146_23_5,G2,A_batteries,G2-A_batteries-03,T023,6053.623633624929,8794.320358969193,,,A04,existing
P146_23_5,G2,A_batteries,G2-A_batteries-04,T020,6940.906426065389,10151.116923729283,,,A05,existing
P146_23_5,G2,B_batteries,G2-B_batteries-01,T013,2.631913957884535e-07,3917.286899235777,T014_2,1642.441304681539,B02,existing
P146_23_5,G2,B_batteries,G2-B_batteries-01,T014_2,5559.728203917316,9106.026402123385,,,B02,existing
P146_23_5,G2,B_batteries,G2-B_batteries-02,T021,3656.6868324303223,7421.910255834926,T022,2291.583222693718,B03,existing
P146_23_5,G2,B_batteries,G2-B_batteries-02,T022,9713.493478528644,12750.274657105232,,,B03,existing
P146_23_5,G2,C_batteries,G2-C_batteries-01,T010_1,0.0,3563.4170832737245,T012,46.57780265400197,C03,existing
P146_23_5,G2,C_batteries,G2-C_batteries-01,T012,3609.9948859277265,8217.742244657848,,,C03,existing
P146_23_5,G2,C_batteries,G2-C_batteries-02,T004,1434.4262775174655,5752.089857916125,T018,5.000100000000202,C04,existing
P146_23_5,G2,C_batteries,G2-C_batteries-02,T018,5757.089957916125,10691.253758748288,,,C04,existing
P146_23_5,G2,C_batteries,G2-C_batteries-03,T019_2,4832.685966545964,9540.547812933855,,,NEW-C_batteries-01,procurement_required
P146_23_5,G2,relay_aircraft,G2-relay_aircraft-01,R003,5.186098884268291,7850.634235067152,R004,1733.0453420825716,R01,existing
P146_23_5,G2,relay_aircraft,G2-relay_aircraft-01,R004,9583.679577149724,11813.399509678484,,,R01,existing
P146_23_5,G2,relay_aircraft,G2-relay_aircraft-02,R001,162.1373190294086,2129.297638856331,R002,2462.7051091295434,R02,existing
P146_23_5,G2,relay_aircraft,G2-relay_aircraft-02,R002,4592.0027479858745,9578.679477149724,,,R02,existing
P146_23_5,G2,relay_components,G2-relay_components-01,R003,5.186098884268291,8956.255878782365,R004,627.4236983673582,RE01,existing
P146_23_5,G2,relay_components,G2-relay_components-01,R004,9583.679577149724,12221.929892002603,,,RE01,existing
P146_23_5,G2,relay_components,G2-relay_components-02,R001,162.1373190294086,2493.9201725268517,R002,2098.082575459023,RE02,existing
P146_23_5,G2,relay_components,G2-relay_components-02,R002,4592.0027479858745,10318.120453993146,,,RE02,existing
P146_23_5,G3,A_aircraft,G3-A_aircraft-01,T011,2058.1153733026395,4188.754462062222,,,U04,existing
P146_23_5,G3,A_aircraft,G3-A_aircraft-02,T002_2,2212.8691163260855,3815.461852306258,T017,3953.9901172072023,NEW-A_aircraft-01,procurement_required
P146_23_5,G3,A_aircraft,G3-A_aircraft-02,T017,7769.45196951346,10113.299044225432,,,NEW-A_aircraft-01,procurement_required
P146_23_5,G3,B_aircraft,G3-B_aircraft-01,T015,2097.1153733026395,3651.686732430321,,,NEW-B_aircraft-01,procurement_required
P146_23_5,G3,B_aircraft,G3-B_aircraft-02,T008,2348.76072154738,4193.299611702947,,,NEW-B_aircraft-02,procurement_required
P146_23_5,G3,A_batteries,G3-A_batteries-01,T011,2058.1153733026395,5546.539457030654,,,A06,existing
P146_23_5,G3,A_batteries,G3-A_batteries-02,T002_2,2212.8691163260855,4879.929014022942,T017,2889.522955490518,NEW-A_batteries-01,procurement_required
P146_23_5,G3,A_batteries,G3-A_batteries-02,T017,7769.45196951346,11476.863027475007,,,NEW-A_batteries-01,procurement_required
P146_23_5,G3,B_batteries,G3-B_batteries-01,T015,2097.1153733026395,5107.472874353213,,,B04,existing
P146_23_5,G3,B_batteries,G3-B_batteries-02,T008,2348.76072154738,5781.961574782329,,,NEW-B_batteries-01,procurement_required
P146_23_5,G3,relay_aircraft,G3-relay_aircraft-01,R005,2134.2977388563304,4587.002647985877,R006,3268.6316870812743,NEW-relay_aircraft-01,procurement_required
P146_23_5,G3,relay_aircraft,G3-relay_aircraft-01,R006,7855.634335067151,10510.693895951956,,,NEW-relay_aircraft-01,procurement_required
P146_23_5,G3,relay_components,G3-relay_components-01,R005,2134.2977388563304,5015.591855407197,R006,2840.0424796599546,RE03,existing
P146_23_5,G3,relay_components,G3-relay_components-01,R006,7855.634335067151,10964.401779763033,,,RE03,existing
P14_236_5,G1,A_aircraft,G1-A_aircraft-01,T009,0.0,1316.0142144169886,,,U01,existing
P14_236_5,G1,B_aircraft,G1-B_aircraft-01,T005,0.0,1210.3573074816584,,,U05,existing
P14_236_5,G1,C_aircraft,G1-C_aircraft-01,T003,0.0,1429.4261775174655,T010_2,398.7983286330418,U07,existing
P14_236_5,G1,C_aircraft,G1-C_aircraft-01,T010_2,1828.2245061505073,3261.2595890284992,T001,5.000100000000202,U07,existing
P14_236_5,G1,C_aircraft,G1-C_aircraft-01,T001,3266.2596890284995,4827.685866545965,,,U07,existing
P14_236_5,G1,A_batteries,G1-A_batteries-01,T009,0.0,2207.8690163260853,,,A01,existing
P14_236_5,G1,B_batteries,G1-B_batteries-01,T005,0.0,2343.7606215473797,,,B01,existing
P14_236_5,G1,C_batteries,G1-C_batteries-01,T003,0.0,2947.606630665684,T001,318.6530583628155,C01,existing
P14_236_5,G1,C_batteries,G1-C_batteries-01,T001,3266.2596890284995,6416.352542791451,,,C01,existing
P14_236_5,G1,C_batteries,G1-C_batteries-02,T010_2,1828.2245061505073,4709.032782226957,,,C02,existing
P14_236_5,G2,A_aircraft,G2-A_aircraft-01,T002_1,0.0,1652.4416357195464,T016,2705.4237932369183,U02,existing
P14_236_5,G2,A_aircraft,G2-A_aircraft-01,T016,4357.865428956465,6053.623533624929,T023,0.00010000000020227162,U02,existing
P14_236_5,G2,A_aircraft,G2-A_aircraft-01,T023,6053.623633624929,7689.381738293394,T019_1,9.999999838328222e-05,U02,existing
P14_236_5,G2,A_aircraft,G2-A_aircraft-01,T019_1,7689.381838293392,9325.139942961858,,,U02,existing
P14_236_5,G2,A_aircraft,G2-A_aircraft-02,T014_1,0.0,1695.7581046684645,T007,2637.107324288001,U03,existing
P14_236_5,G2,A_aircraft,G2-A_aircraft-02,T007,4332.865428956466,6940.9063260653875,T020,0.00010000000111176632,U03,existing
P14_236_5,G2,A_aircraft,G2-A_aircraft-02,T020,6940.906426065389,8911.116273042207,,,U03,existing
P14_236_5,G2,B_aircraft,G2-B_aircraft-01,T013,2.631913957884535e-07,1958.0412717501863,T021,1698.645560680136,U06,existing
P14_236_5,G2,B_aircraft,G2-B_aircraft-01,T021,3656.6868324303223,5554.728103917317,T014_2,5.000099999999293,U06,existing
P14_236_5,G2,B_aircraft,G2-B_aircraft-01,T014_2,5559.728203917316,7425.499213465236,,,U06,existing
P14_236_5,G2,B_aircraft,G2-B_aircraft-02,T006,5112.4729743532125,6302.1032600896515,T022,3411.3902184389926,NEW-B_aircraft-01,procurement_required
P14_236_5,G2,B_aircraft,G2-B_aircraft-02,T022,9713.493478528644,11214.272215143501,,,NEW-B_aircraft-01,procurement_required
P14_236_5,G2,C_aircraft,G2-C_aircraft-01,T010_1,0.0,1823.224406150507,T012,1786.7704797772194,U08,existing
P14_236_5,G2,C_aircraft,G2-C_aircraft-01,T012,3609.9948859277265,5725.07652720618,T018,32.01343070994517,U08,existing
P14_236_5,G2,C_aircraft,G2-C_aircraft-01,T018,5757.089957916125,8192.899478773774,,,U08,existing
P14_236_5,G2,C_aircraft,G2-C_aircraft-02,T004,1434.4262775174655,3604.9947859277245,T019_2,1227.6911806182397,NEW-C_aircraft-01,procurement_required
P14_236_5,G2,C_aircraft,G2-C_aircraft-02,T019_2,4832.685966545964,7071.870031513806,,,NEW-C_aircraft-01,procurement_required
P14_236_5,G2,A_batteries,G2-A_batteries-01,T002_1,0.0,2667.5322461730734,T016,1690.3331827833913,A02,existing
P14_236_5,G2,A_batteries,G2-A_batteries-01,T016,4357.865428956465,7189.599845781131,T019_1,499.78199251226124,A02,existing
P14_236_5,G2,A_batteries,G2-A_batteries-01,T019_1,7689.381838293392,10409.758236602142,,,A02,existing
P14_236_5,G2,A_batteries,G2-A_batteries-02,T014_1,0.0,2810.952429148163,T007,1521.9129998083026,A03,existing
P14_236_5,G2,A_batteries,G2-A_batteries-02,T007,4332.865428956466,8394.169789148978,,,A03,existing
P14_236_5,G2,A_batteries,G2-A_batteries-03,T023,6053.623633624929,8794.320358969193,,,A04,existing
P14_236_5,G2,A_batteries,G2-A_batteries-04,T020,6940.906426065389,10151.116923729283,,,A05,existing
P14_236_5,G2,B_batteries,G2-B_batteries-01,T013,2.631913957884535e-07,3917.286899235777,T014_2,1642.441304681539,B02,existing
P14_236_5,G2,B_batteries,G2-B_batteries-01,T014_2,5559.728203917316,9106.026402123385,,,B02,existing
P14_236_5,G2,B_batteries,G2-B_batteries-02,T021,3656.6868324303223,7421.910255834926,T022,2291.583222693718,B03,existing
P14_236_5,G2,B_batteries,G2-B_batteries-02,T022,9713.493478528644,12750.274657105232,,,B03,existing
P14_236_5,G2,B_batteries,G2-B_batteries-03,T006,5112.4729743532125,7435.544137052532,,,B04,existing
P14_236_5,G2,C_batteries,G2-C_batteries-01,T010_1,0.0,3563.4170832737245,T012,46.57780265400197,C03,existing
P14_236_5,G2,C_batteries,G2-C_batteries-01,T012,3609.9948859277265,8217.742244657848,,,C03,existing
P14_236_5,G2,C_batteries,G2-C_batteries-02,T004,1434.4262775174655,5752.089857916125,T018,5.000100000000202,C04,existing
P14_236_5,G2,C_batteries,G2-C_batteries-02,T018,5757.089957916125,10691.253758748288,,,C04,existing
P14_236_5,G2,C_batteries,G2-C_batteries-03,T019_2,4832.685966545964,9540.547812933855,,,NEW-C_batteries-01,procurement_required
P14_236_5,G2,relay_aircraft,G2-relay_aircraft-01,R003,5.186098884268291,7850.634235067152,R004,1733.0453420825716,R01,existing
P14_236_5,G2,relay_aircraft,G2-relay_aircraft-01,R004,9583.679577149724,11813.399509678484,,,R01,existing
P14_236_5,G2,relay_aircraft,G2-relay_aircraft-02,R001,162.1373190294086,2129.297638856331,R002,2462.7051091295434,R02,existing
P14_236_5,G2,relay_aircraft,G2-relay_aircraft-02,R002,4592.0027479858745,9578.679477149724,,,R02,existing
P14_236_5,G2,relay_components,G2-relay_components-01,R003,5.186098884268291,8956.255878782365,R004,627.4236983673582,RE01,existing
P14_236_5,G2,relay_components,G2-relay_components-01,R004,9583.679577149724,12221.929892002603,,,RE01,existing
P14_236_5,G2,relay_components,G2-relay_components-02,R001,162.1373190294086,2493.9201725268517,R002,2098.082575459023,RE02,existing
P14_236_5,G2,relay_components,G2-relay_components-02,R002,4592.0027479858745,10318.120453993146,,,RE02,existing
P14_236_5,G3,A_aircraft,G3-A_aircraft-01,T011,2058.1153733026395,4188.754462062222,,,U04,existing
P14_236_5,G3,A_aircraft,G3-A_aircraft-02,T002_2,2212.8691163260855,3815.461852306258,T017,3953.9901172072023,NEW-A_aircraft-01,procurement_required
P14_236_5,G3,A_aircraft,G3-A_aircraft-02,T017,7769.45196951346,10113.299044225432,,,NEW-A_aircraft-01,procurement_required
P14_236_5,G3,B_aircraft,G3-B_aircraft-01,T015,2097.1153733026395,3651.686732430321,,,NEW-B_aircraft-02,procurement_required
P14_236_5,G3,B_aircraft,G3-B_aircraft-02,T008,2348.76072154738,4193.299611702947,,,NEW-B_aircraft-03,procurement_required
P14_236_5,G3,A_batteries,G3-A_batteries-01,T011,2058.1153733026395,5546.539457030654,,,A06,existing
P14_236_5,G3,A_batteries,G3-A_batteries-02,T002_2,2212.8691163260855,4879.929014022942,T017,2889.522955490518,NEW-A_batteries-01,procurement_required
P14_236_5,G3,A_batteries,G3-A_batteries-02,T017,7769.45196951346,11476.863027475007,,,NEW-A_batteries-01,procurement_required
P14_236_5,G3,B_batteries,G3-B_batteries-01,T015,2097.1153733026395,5107.472874353213,,,NEW-B_batteries-01,procurement_required
P14_236_5,G3,B_batteries,G3-B_batteries-02,T008,2348.76072154738,5781.961574782329,,,NEW-B_batteries-02,procurement_required
P14_236_5,G3,relay_aircraft,G3-relay_aircraft-01,R005,2134.2977388563304,4587.002647985877,R006,3268.6316870812743,NEW-relay_aircraft-01,procurement_required
P14_236_5,G3,relay_aircraft,G3-relay_aircraft-01,R006,7855.634335067151,10510.693895951956,,,NEW-relay_aircraft-01,procurement_required
P14_236_5,G3,relay_components,G3-relay_components-01,R005,2134.2977388563304,5015.591855407197,R006,2840.0424796599546,RE03,existing
P14_236_5,G3,relay_components,G3-relay_components-01,R006,7855.634335067151,10964.401779763033,,,RE03,existing
P14_23_56,G1,A_aircraft,G1-A_aircraft-01,T009,0.0,1316.0142144169886,,,U01,existing
P14_23_56,G1,B_aircraft,G1-B_aircraft-01,T005,0.0,1210.3573074816584,,,U05,existing
P14_23_56,G1,C_aircraft,G1-C_aircraft-01,T003,0.0,1429.4261775174655,T010_2,398.7983286330418,U07,existing
P14_23_56,G1,C_aircraft,G1-C_aircraft-01,T010_2,1828.2245061505073,3261.2595890284992,T001,5.000100000000202,U07,existing
P14_23_56,G1,C_aircraft,G1-C_aircraft-01,T001,3266.2596890284995,4827.685866545965,,,U07,existing
P14_23_56,G1,A_batteries,G1-A_batteries-01,T009,0.0,2207.8690163260853,,,A01,existing
P14_23_56,G1,B_batteries,G1-B_batteries-01,T005,0.0,2343.7606215473797,,,B01,existing
P14_23_56,G1,C_batteries,G1-C_batteries-01,T003,0.0,2947.606630665684,T001,318.6530583628155,C01,existing
P14_23_56,G1,C_batteries,G1-C_batteries-01,T001,3266.2596890284995,6416.352542791451,,,C01,existing
P14_23_56,G1,C_batteries,G1-C_batteries-02,T010_2,1828.2245061505073,4709.032782226957,,,C02,existing
P14_23_56,G2,A_aircraft,G2-A_aircraft-01,T002_1,0.0,1652.4416357195464,T016,2705.4237932369183,U02,existing
P14_23_56,G2,A_aircraft,G2-A_aircraft-01,T016,4357.865428956465,6053.623533624929,T023,0.00010000000020227162,U02,existing
P14_23_56,G2,A_aircraft,G2-A_aircraft-01,T023,6053.623633624929,7689.381738293394,T019_1,9.999999838328222e-05,U02,existing
P14_23_56,G2,A_aircraft,G2-A_aircraft-01,T019_1,7689.381838293392,9325.139942961858,,,U02,existing
P14_23_56,G2,A_aircraft,G2-A_aircraft-02,T014_1,0.0,1695.7581046684645,T007,2637.107324288001,U03,existing
P14_23_56,G2,A_aircraft,G2-A_aircraft-02,T007,4332.865428956466,6940.9063260653875,T020,0.00010000000111176632,U03,existing
P14_23_56,G2,A_aircraft,G2-A_aircraft-02,T020,6940.906426065389,8911.116273042207,,,U03,existing
P14_23_56,G2,B_aircraft,G2-B_aircraft-01,T013,2.631913957884535e-07,1958.0412717501863,T021,1698.645560680136,U06,existing
P14_23_56,G2,B_aircraft,G2-B_aircraft-01,T021,3656.6868324303223,5554.728103917317,T014_2,5.000099999999293,U06,existing
P14_23_56,G2,B_aircraft,G2-B_aircraft-01,T014_2,5559.728203917316,7425.499213465236,T022,2287.9942650634084,U06,existing
P14_23_56,G2,B_aircraft,G2-B_aircraft-01,T022,9713.493478528644,11214.272215143501,,,U06,existing
P14_23_56,G2,C_aircraft,G2-C_aircraft-01,T010_1,0.0,1823.224406150507,T012,1786.7704797772194,U08,existing
P14_23_56,G2,C_aircraft,G2-C_aircraft-01,T012,3609.9948859277265,5725.07652720618,T018,32.01343070994517,U08,existing
P14_23_56,G2,C_aircraft,G2-C_aircraft-01,T018,5757.089957916125,8192.899478773774,,,U08,existing
P14_23_56,G2,C_aircraft,G2-C_aircraft-02,T004,1434.4262775174655,3604.9947859277245,T019_2,1227.6911806182397,NEW-C_aircraft-01,procurement_required
P14_23_56,G2,C_aircraft,G2-C_aircraft-02,T019_2,4832.685966545964,7071.870031513806,,,NEW-C_aircraft-01,procurement_required
P14_23_56,G2,A_batteries,G2-A_batteries-01,T002_1,0.0,2667.5322461730734,T016,1690.3331827833913,A02,existing
P14_23_56,G2,A_batteries,G2-A_batteries-01,T016,4357.865428956465,7189.599845781131,T019_1,499.78199251226124,A02,existing
P14_23_56,G2,A_batteries,G2-A_batteries-01,T019_1,7689.381838293392,10409.758236602142,,,A02,existing
P14_23_56,G2,A_batteries,G2-A_batteries-02,T014_1,0.0,2810.952429148163,T007,1521.9129998083026,A03,existing
P14_23_56,G2,A_batteries,G2-A_batteries-02,T007,4332.865428956466,8394.169789148978,,,A03,existing
P14_23_56,G2,A_batteries,G2-A_batteries-03,T023,6053.623633624929,8794.320358969193,,,A04,existing
P14_23_56,G2,A_batteries,G2-A_batteries-04,T020,6940.906426065389,10151.116923729283,,,A05,existing
P14_23_56,G2,B_batteries,G2-B_batteries-01,T013,2.631913957884535e-07,3917.286899235777,T014_2,1642.441304681539,B02,existing
P14_23_56,G2,B_batteries,G2-B_batteries-01,T014_2,5559.728203917316,9106.026402123385,,,B02,existing
P14_23_56,G2,B_batteries,G2-B_batteries-02,T021,3656.6868324303223,7421.910255834926,T022,2291.583222693718,B03,existing
P14_23_56,G2,B_batteries,G2-B_batteries-02,T022,9713.493478528644,12750.274657105232,,,B03,existing
P14_23_56,G2,C_batteries,G2-C_batteries-01,T010_1,0.0,3563.4170832737245,T012,46.57780265400197,C03,existing
P14_23_56,G2,C_batteries,G2-C_batteries-01,T012,3609.9948859277265,8217.742244657848,,,C03,existing
P14_23_56,G2,C_batteries,G2-C_batteries-02,T004,1434.4262775174655,5752.089857916125,T018,5.000100000000202,C04,existing
P14_23_56,G2,C_batteries,G2-C_batteries-02,T018,5757.089957916125,10691.253758748288,,,C04,existing
P14_23_56,G2,C_batteries,G2-C_batteries-03,T019_2,4832.685966545964,9540.547812933855,,,NEW-C_batteries-01,procurement_required
P14_23_56,G2,relay_aircraft,G2-relay_aircraft-01,R003,5.186098884268291,7850.634235067152,R004,1733.0453420825716,R01,existing
P14_23_56,G2,relay_aircraft,G2-relay_aircraft-01,R004,9583.679577149724,11813.399509678484,,,R01,existing
P14_23_56,G2,relay_aircraft,G2-relay_aircraft-02,R001,162.1373190294086,2129.297638856331,R002,2462.7051091295434,R02,existing
P14_23_56,G2,relay_aircraft,G2-relay_aircraft-02,R002,4592.0027479858745,9578.679477149724,,,R02,existing
P14_23_56,G2,relay_components,G2-relay_components-01,R003,5.186098884268291,8956.255878782365,R004,627.4236983673582,RE01,existing
P14_23_56,G2,relay_components,G2-relay_components-01,R004,9583.679577149724,12221.929892002603,,,RE01,existing
P14_23_56,G2,relay_components,G2-relay_components-02,R001,162.1373190294086,2493.9201725268517,R002,2098.082575459023,RE02,existing
P14_23_56,G2,relay_components,G2-relay_components-02,R002,4592.0027479858745,10318.120453993146,,,RE02,existing
P14_23_56,G3,A_aircraft,G3-A_aircraft-01,T011,2058.1153733026395,4188.754462062222,,,U04,existing
P14_23_56,G3,A_aircraft,G3-A_aircraft-02,T002_2,2212.8691163260855,3815.461852306258,T017,3953.9901172072023,NEW-A_aircraft-01,procurement_required
P14_23_56,G3,A_aircraft,G3-A_aircraft-02,T017,7769.45196951346,10113.299044225432,,,NEW-A_aircraft-01,procurement_required
P14_23_56,G3,B_aircraft,G3-B_aircraft-01,T015,2097.1153733026395,3651.686732430321,T006,1460.7862419228913,NEW-B_aircraft-01,procurement_required
P14_23_56,G3,B_aircraft,G3-B_aircraft-01,T006,5112.4729743532125,6302.1032600896515,,,NEW-B_aircraft-01,procurement_required
P14_23_56,G3,B_aircraft,G3-B_aircraft-02,T008,2348.76072154738,4193.299611702947,,,NEW-B_aircraft-02,procurement_required
P14_23_56,G3,A_batteries,G3-A_batteries-01,T011,2058.1153733026395,5546.539457030654,,,A06,existing
P14_23_56,G3,A_batteries,G3-A_batteries-02,T002_2,2212.8691163260855,4879.929014022942,T017,2889.522955490518,NEW-A_batteries-01,procurement_required
P14_23_56,G3,A_batteries,G3-A_batteries-02,T017,7769.45196951346,11476.863027475007,,,NEW-A_batteries-01,procurement_required
P14_23_56,G3,B_batteries,G3-B_batteries-01,T015,2097.1153733026395,5107.472874353213,T006,5.000099999999293,B04,existing
P14_23_56,G3,B_batteries,G3-B_batteries-01,T006,5112.4729743532125,7435.544137052532,,,B04,existing
P14_23_56,G3,B_batteries,G3-B_batteries-02,T008,2348.76072154738,5781.961574782329,,,NEW-B_batteries-01,procurement_required
P14_23_56,G3,relay_aircraft,G3-relay_aircraft-01,R005,2134.2977388563304,4587.002647985877,R006,3268.6316870812743,NEW-relay_aircraft-01,procurement_required
P14_23_56,G3,relay_aircraft,G3-relay_aircraft-01,R006,7855.634335067151,10510.693895951956,,,NEW-relay_aircraft-01,procurement_required
P14_23_56,G3,relay_components,G3-relay_components-01,R005,2134.2977388563304,5015.591855407197,R006,2840.0424796599546,RE03,existing
P14_23_56,G3,relay_components,G3-relay_components-01,R006,7855.634335067151,10964.401779763033,,,RE03,existing
P15_234_6,G1,A_aircraft,G1-A_aircraft-01,T011,2058.1153733026395,4188.754462062222,,,U01,existing
P15_234_6,G1,A_aircraft,G1-A_aircraft-02,T002_2,2212.8691163260855,3815.461852306258,T017,3953.9901172072023,U02,existing
P15_234_6,G1,A_aircraft,G1-A_aircraft-02,T017,7769.45196951346,10113.299044225432,,,U02,existing
P15_234_6,G1,B_aircraft,G1-B_aircraft-01,T005,0.0,1210.3573074816584,T008,1138.4034140657216,U05,existing
P15_234_6,G1,B_aircraft,G1-B_aircraft-01,T008,2348.76072154738,4193.299611702947,,,U05,existing
P15_234_6,G1,B_aircraft,G1-B_aircraft-02,T015,2097.1153733026395,3651.686732430321,,,U06,existing
P15_234_6,G1,C_aircraft,G1-C_aircraft-01,T003,0.0,1429.4261775174655,T001,1836.833511511034,U07,existing
P15_234_6,G1,C_aircraft,G1-C_aircraft-01,T001,3266.2596890284995,4827.685866545965,,,U07,existing
P15_234_6,G1,A_batteries,G1-A_batteries-01,T011,2058.1153733026395,5546.539457030654,,,A01,existing
P15_234_6,G1,A_batteries,G1-A_batteries-02,T002_2,2212.8691163260855,4879.929014022942,T017,2889.522955490518,A02,existing
P15_234_6,G1,A_batteries,G1-A_batteries-02,T017,7769.45196951346,11476.863027475007,,,A02,existing
P15_234_6,G1,B_batteries,G1-B_batteries-01,T005,0.0,2343.7606215473797,T008,5.000100000000202,B01,existing
P15_234_6,G1,B_batteries,G1-B_batteries-01,T008,2348.76072154738,5781.961574782329,,,B01,existing
P15_234_6,G1,B_batteries,G1-B_batteries-02,T015,2097.1153733026395,5107.472874353213,,,B02,existing
P15_234_6,G1,C_batteries,G1-C_batteries-01,T003,0.0,2947.606630665684,T001,318.6530583628155,C01,existing
P15_234_6,G1,C_batteries,G1-C_batteries-01,T001,3266.2596890284995,6416.352542791451,,,C01,existing
P15_234_6,G1,relay_aircraft,G1-relay_aircraft-01,R005,2134.2977388563304,4587.002647985877,R006,3268.6316870812743,R01,existing
P15_234_6,G1,relay_aircraft,G1-relay_aircraft-01,R006,7855.634335067151,10510.693895951956,,,R01,existing
P15_234_6,G1,relay_components,G1-relay_components-01,R005,2134.2977388563304,5015.591855407197,R006,2840.0424796599546,RE01,existing
P15_234_6,G1,relay_components,G1-relay_components-01,R006,7855.634335067151,10964.401779763033,,,RE01,existing
P15_234_6,G2,A_aircraft,G2-A_aircraft-01,T002_1,0.0,1652.4416357195464,T016,2705.4237932369183,U03,existing
P15_234_6,G2,A_aircraft,G2-A_aircraft-01,T016,4357.865428956465,6053.623533624929,T020,887.2828924404594,U03,existing
P15_234_6,G2,A_aircraft,G2-A_aircraft-01,T020,6940.906426065389,8911.116273042207,,,U03,existing
P15_234_6,G2,A_aircraft,G2-A_aircraft-02,T009,0.0,1316.0142144169886,T023,4737.609419207941,U04,existing
P15_234_6,G2,A_aircraft,G2-A_aircraft-02,T023,6053.623633624929,7689.381738293394,,,U04,existing
P15_234_6,G2,A_aircraft,G2-A_aircraft-03,T014_1,0.0,1695.7581046684645,T007,2637.107324288001,NEW-A_aircraft-01,procurement_required
P15_234_6,G2,A_aircraft,G2-A_aircraft-03,T007,4332.865428956466,6940.9063260653875,T019_1,748.4755122280048,NEW-A_aircraft-01,procurement_required
P15_234_6,G2,A_aircraft,G2-A_aircraft-03,T019_1,7689.381838293392,9325.139942961858,,,NEW-A_aircraft-01,procurement_required
P15_234_6,G2,B_aircraft,G2-B_aircraft-01,T013,2.631913957884535e-07,1958.0412717501863,T021,1698.645560680136,NEW-B_aircraft-01,procurement_required
P15_234_6,G2,B_aircraft,G2-B_aircraft-01,T021,3656.6868324303223,5554.728103917317,T014_2,5.000099999999293,NEW-B_aircraft-01,procurement_required
P15_234_6,G2,B_aircraft,G2-B_aircraft-01,T014_2,5559.728203917316,7425.499213465236,T022,2287.9942650634084,NEW-B_aircraft-01,procurement_required
P15_234_6,G2,B_aircraft,G2-B_aircraft-01,T022,9713.493478528644,11214.272215143501,,,NEW-B_aircraft-01,procurement_required
P15_234_6,G2,C_aircraft,G2-C_aircraft-01,T010_1,0.0,1823.224406150507,T010_2,5.000100000000202,U08,existing
P15_234_6,G2,C_aircraft,G2-C_aircraft-01,T010_2,1828.2245061505073,3261.2595890284992,T019_2,1571.426377517465,U08,existing
P15_234_6,G2,C_aircraft,G2-C_aircraft-01,T019_2,4832.685966545964,7071.870031513806,,,U08,existing
P15_234_6,G2,C_aircraft,G2-C_aircraft-02,T004,1434.4262775174655,3604.9947859277245,T012,5.000100000002021,NEW-C_aircraft-01,procurement_required
P15_234_6,G2,C_aircraft,G2-C_aircraft-02,T012,3609.9948859277265,5725.07652720618,T018,32.01343070994517,NEW-C_aircraft-01,procurement_required
P15_234_6,G2,C_aircraft,G2-C_aircraft-02,T018,5757.089957916125,8192.899478773774,,,NEW-C_aircraft-01,procurement_required
P15_234_6,G2,A_batteries,G2-A_batteries-01,T002_1,0.0,2667.5322461730734,T016,1690.3331827833913,A03,existing
P15_234_6,G2,A_batteries,G2-A_batteries-01,T016,4357.865428956465,7189.599845781131,T019_1,499.78199251226124,A03,existing
P15_234_6,G2,A_batteries,G2-A_batteries-01,T019_1,7689.381838293392,10409.758236602142,,,A03,existing
P15_234_6,G2,A_batteries,G2-A_batteries-02,T009,0.0,2207.8690163260853,T023,3845.754617298844,A04,existing
P15_234_6,G2,A_batteries,G2-A_batteries-02,T023,6053.623633624929,8794.320358969193,,,A04,existing
P15_234_6,G2,A_batteries,G2-A_batteries-03,T014_1,0.0,2810.952429148163,T007,1521.9129998083026,A05,existing
P15_234_6,G2,A_batteries,G2-A_batteries-03,T007,4332.865428956466,8394.169789148978,,,A05,existing
P15_234_6,G2,A_batteries,G2-A_batteries-04,T020,6940.906426065389,10151.116923729283,,,A06,existing
P15_234_6,G2,B_batteries,G2-B_batteries-01,T013,2.631913957884535e-07,3917.286899235777,T014_2,1642.441304681539,B03,existing
P15_234_6,G2,B_batteries,G2-B_batteries-01,T014_2,5559.728203917316,9106.026402123385,,,B03,existing
P15_234_6,G2,B_batteries,G2-B_batteries-02,T021,3656.6868324303223,7421.910255834926,T022,2291.583222693718,B04,existing
P15_234_6,G2,B_batteries,G2-B_batteries-02,T022,9713.493478528644,12750.274657105232,,,B04,existing
P15_234_6,G2,C_batteries,G2-C_batteries-01,T010_1,0.0,3563.4170832737245,T012,46.57780265400197,C02,existing
P15_234_6,G2,C_batteries,G2-C_batteries-01,T012,3609.9948859277265,8217.742244657848,,,C02,existing
P15_234_6,G2,C_batteries,G2-C_batteries-02,T004,1434.4262775174655,5752.089857916125,T018,5.000100000000202,C03,existing
P15_234_6,G2,C_batteries,G2-C_batteries-02,T018,5757.089957916125,10691.253758748288,,,C03,existing
P15_234_6,G2,C_batteries,G2-C_batteries-03,T010_2,1828.2245061505073,4709.032782226957,T019_2,123.65318431900687,C04,existing
P15_234_6,G2,C_batteries,G2-C_batteries-03,T019_2,4832.685966545964,9540.547812933855,,,C04,existing
P15_234_6,G2,relay_aircraft,G2-relay_aircraft-01,R003,5.186098884268291,7850.634235067152,R004,1733.0453420825716,R02,existing
P15_234_6,G2,relay_aircraft,G2-relay_aircraft-01,R004,9583.679577149724,11813.399509678484,,,R02,existing
P15_234_6,G2,relay_aircraft,G2-relay_aircraft-02,R001,162.1373190294086,2129.297638856331,R002,2462.7051091295434,NEW-relay_aircraft-01,procurement_required
P15_234_6,G2,relay_aircraft,G2-relay_aircraft-02,R002,4592.0027479858745,9578.679477149724,,,NEW-relay_aircraft-01,procurement_required
P15_234_6,G2,relay_components,G2-relay_components-01,R003,5.186098884268291,8956.255878782365,R004,627.4236983673582,RE02,existing
P15_234_6,G2,relay_components,G2-relay_components-01,R004,9583.679577149724,12221.929892002603,,,RE02,existing
P15_234_6,G2,relay_components,G2-relay_components-02,R001,162.1373190294086,2493.9201725268517,R002,2098.082575459023,RE03,existing
P15_234_6,G2,relay_components,G2-relay_components-02,R002,4592.0027479858745,10318.120453993146,,,RE03,existing
P15_234_6,G3,B_aircraft,G3-B_aircraft-01,T006,5112.4729743532125,6302.1032600896515,,,NEW-B_aircraft-02,procurement_required
P15_234_6,G3,B_batteries,G3-B_batteries-01,T006,5112.4729743532125,7435.544137052532,,,NEW-B_batteries-01,procurement_required
P1_2345_6,G1,B_aircraft,G1-B_aircraft-01,T005,0.0,1210.3573074816584,,,U05,existing
P1_2345_6,G1,C_aircraft,G1-C_aircraft-01,T003,0.0,1429.4261775174655,T001,1836.833511511034,U07,existing
P1_2345_6,G1,C_aircraft,G1-C_aircraft-01,T001,3266.2596890284995,4827.685866545965,,,U07,existing
P1_2345_6,G1,B_batteries,G1-B_batteries-01,T005,0.0,2343.7606215473797,,,B01,existing
P1_2345_6,G1,C_batteries,G1-C_batteries-01,T003,0.0,2947.606630665684,T001,318.6530583628155,C01,existing
P1_2345_6,G1,C_batteries,G1-C_batteries-01,T001,3266.2596890284995,6416.352542791451,,,C01,existing
P1_2345_6,G2,A_aircraft,G2-A_aircraft-01,T002_1,0.0,1652.4416357195464,T011,405.67373758309304,U01,existing
P1_2345_6,G2,A_aircraft,G2-A_aircraft-01,T011,2058.1153733026395,4188.754462062222,T007,144.11096689424357,U01,existing
P1_2345_6,G2,A_aircraft,G2-A_aircraft-01,T007,4332.865428956466,6940.9063260653875,T019_1,748.4755122280048,U01,existing
P1_2345_6,G2,A_aircraft,G2-A_aircraft-01,T019_1,7689.381838293392,9325.139942961858,,,U01,existing
P1_2345_6,G2,A_aircraft,G2-A_aircraft-02,T009,0.0,1316.0142144169886,T002_2,896.854901909097,U02,existing
P1_2345_6,G2,A_aircraft,G2-A_aircraft-02,T002_2,2212.8691163260855,3815.461852306258,T016,542.4035766502066,U02,existing
P1_2345_6,G2,A_aircraft,G2-A_aircraft-02,T016,4357.865428956465,6053.623533624929,T020,887.2828924404594,U02,existing
P1_2345_6,G2,A_aircraft,G2-A_aircraft-02,T020,6940.906426065389,8911.116273042207,,,U02,existing
P1_2345_6,G2,A_aircraft,G2-A_aircraft-03,T014_1,0.0,1695.7581046684645,T023,4357.865528956465,U03,existing
P1_2345_6,G2,A_aircraft,G2-A_aircraft-03,T023,6053.623633624929,7689.381738293394,T017,80.07023122006649,U03,existing
P1_2345_6,G2,A_aircraft,G2-A_aircraft-03,T017,7769.45196951346,10113.299044225432,,,U03,existing
P1_2345_6,G2,B_aircraft,G2-B_aircraft-01,T013,2.631913957884535e-07,1958.0412717501863,T015,139.07410155245316,U06,existing
P1_2345_6,G2,B_aircraft,G2-B_aircraft-01,T015,2097.1153733026395,3651.686732430321,T021,5.000100000001112,U06,existing
P1_2345_6,G2,B_aircraft,G2-B_aircraft-01,T021,3656.6868324303223,5554.728103917317,T022,4158.765374611327,U06,existing
P1_2345_6,G2,B_aircraft,G2-B_aircraft-01,T022,9713.493478528644,11214.272215143501,,,U06,existing
P1_2345_6,G2,B_aircraft,G2-B_aircraft-02,T008,2348.76072154738,4193.299611702947,T014_2,1366.428592214369,NEW-B_aircraft-01,procurement_required
P1_2345_6,G2,B_aircraft,G2-B_aircraft-02,T014_2,5559.728203917316,7425.499213465236,,,NEW-B_aircraft-01,procurement_required
P1_2345_6,G2,C_aircraft,G2-C_aircraft-01,T010_1,0.0,1823.224406150507,T010_2,5.000100000000202,U08,existing
P1_2345_6,G2,C_aircraft,G2-C_aircraft-01,T010_2,1828.2245061505073,3261.2595890284992,T019_2,1571.426377517465,U08,existing
P1_2345_6,G2,C_aircraft,G2-C_aircraft-01,T019_2,4832.685966545964,7071.870031513806,,,U08,existing
P1_2345_6,G2,C_aircraft,G2-C_aircraft-02,T004,1434.4262775174655,3604.9947859277245,T012,5.000100000002021,NEW-C_aircraft-01,procurement_required
P1_2345_6,G2,C_aircraft,G2-C_aircraft-02,T012,3609.9948859277265,5725.07652720618,T018,32.01343070994517,NEW-C_aircraft-01,procurement_required
P1_2345_6,G2,C_aircraft,G2-C_aircraft-02,T018,5757.089957916125,8192.899478773774,,,NEW-C_aircraft-01,procurement_required
P1_2345_6,G2,A_batteries,G2-A_batteries-01,T002_1,0.0,2667.5322461730734,T007,1665.3331827833922,A01,existing
P1_2345_6,G2,A_batteries,G2-A_batteries-01,T007,4332.865428956466,8394.169789148978,,,A01,existing
P1_2345_6,G2,A_batteries,G2-A_batteries-02,T009,0.0,2207.8690163260853,T016,2149.9964126303794,A02,existing
P1_2345_6,G2,A_batteries,G2-A_batteries-02,T016,4357.865428956465,7189.599845781131,T017,579.8521237323293,A02,existing
P1_2345_6,G2,A_batteries,G2-A_batteries-02,T017,7769.45196951346,11476.863027475007,,,A02,existing
P1_2345_6,G2,A_batteries,G2-A_batteries-03,T014_1,0.0,2810.952429148163,T023,3242.6712044767664,A03,existing
P1_2345_6,G2,A_batteries,G2-A_batteries-03,T023,6053.623633624929,8794.320358969193,,,A03,existing
P1_2345_6,G2,A_batteries,G2-A_batteries-04,T011,2058.1153733026395,5546.539457030654,T020,1394.3669690347342,A04,existing
P1_2345_6,G2,A_batteries,G2-A_batteries-04,T020,6940.906426065389,10151.116923729283,,,A04,existing
P1_2345_6,G2,A_batteries,G2-A_batteries-05,T002_2,2212.8691163260855,4879.929014022942,T019_1,2809.45282427045,A05,existing
P1_2345_6,G2,A_batteries,G2-A_batteries-05,T019_1,7689.381838293392,10409.758236602142,,,A05,existing
P1_2345_6,G2,B_batteries,G2-B_batteries-01,T013,2.631913957884535e-07,3917.286899235777,T014_2,1642.441304681539,B02,existing
P1_2345_6,G2,B_batteries,G2-B_batteries-01,T014_2,5559.728203917316,9106.026402123385,,,B02,existing
P1_2345_6,G2,B_batteries,G2-B_batteries-02,T015,2097.1153733026395,5107.472874353213,T022,4606.020604175431,B03,existing
P1_2345_6,G2,B_batteries,G2-B_batteries-02,T022,9713.493478528644,12750.274657105232,,,B03,existing
P1_2345_6,G2,B_batteries,G2-B_batteries-03,T008,2348.76072154738,5781.961574782329,,,B04,existing
P1_2345_6,G2,B_batteries,G2-B_batteries-04,T021,3656.6868324303223,7421.910255834926,,,NEW-B_batteries-01,procurement_required
P1_2345_6,G2,C_batteries,G2-C_batteries-01,T010_1,0.0,3563.4170832737245,T012,46.57780265400197,C02,existing
P1_2345_6,G2,C_batteries,G2-C_batteries-01,T012,3609.9948859277265,8217.742244657848,,,C02,existing
P1_2345_6,G2,C_batteries,G2-C_batteries-02,T004,1434.4262775174655,5752.089857916125,T018,5.000100000000202,C03,existing
P1_2345_6,G2,C_batteries,G2-C_batteries-02,T018,5757.089957916125,10691.253758748288,,,C03,existing
P1_2345_6,G2,C_batteries,G2-C_batteries-03,T010_2,1828.2245061505073,4709.032782226957,T019_2,123.65318431900687,C04,existing
P1_2345_6,G2,C_batteries,G2-C_batteries-03,T019_2,4832.685966545964,9540.547812933855,,,C04,existing
P1_2345_6,G2,relay_aircraft,G2-relay_aircraft-01,R003,5.186098884268291,7850.634235067152,R006,5.000099999999293,R01,existing
P1_2345_6,G2,relay_aircraft,G2-relay_aircraft-01,R006,7855.634335067151,10510.693895951956,,,R01,existing
P1_2345_6,G2,relay_aircraft,G2-relay_aircraft-02,R001,162.1373190294086,2129.297638856331,R005,5.000099999999293,R02,existing
P1_2345_6,G2,relay_aircraft,G2-relay_aircraft-02,R005,2134.2977388563304,4587.002647985877,R002,5.000099999997474,R02,existing
P1_2345_6,G2,relay_aircraft,G2-relay_aircraft-02,R002,4592.0027479858745,9578.679477149724,R004,5.000099999999293,R02,existing
P1_2345_6,G2,relay_aircraft,G2-relay_aircraft-02,R004,9583.679577149724,11813.399509678484,,,R02,existing
P1_2345_6,G2,relay_components,G2-relay_components-01,R003,5.186098884268291,8956.255878782365,R004,627.4236983673582,RE01,existing
P1_2345_6,G2,relay_components,G2-relay_components-01,R004,9583.679577149724,12221.929892002603,,,RE01,existing
P1_2345_6,G2,relay_components,G2-relay_components-02,R001,162.1373190294086,2493.9201725268517,R002,2098.082575459023,RE02,existing
P1_2345_6,G2,relay_components,G2-relay_components-02,R002,4592.0027479858745,10318.120453993146,,,RE02,existing
P1_2345_6,G2,relay_components,G2-relay_components-03,R005,2134.2977388563304,5015.591855407197,R006,2840.0424796599546,RE03,existing
P1_2345_6,G2,relay_components,G2-relay_components-03,R006,7855.634335067151,10964.401779763033,,,RE03,existing
P1_2345_6,G3,B_aircraft,G3-B_aircraft-01,T006,5112.4729743532125,6302.1032600896515,,,NEW-B_aircraft-02,procurement_required
P1_2345_6,G3,B_batteries,G3-B_batteries-01,T006,5112.4729743532125,7435.544137052532,,,NEW-B_batteries-02,procurement_required
P16_234_5,G1,B_aircraft,G1-B_aircraft-01,T005,0.0,1210.3573074816584,T006,3902.115666871554,U05,existing
P16_234_5,G1,B_aircraft,G1-B_aircraft-01,T006,5112.4729743532125,6302.1032600896515,,,U05,existing
P16_234_5,G1,C_aircraft,G1-C_aircraft-01,T003,0.0,1429.4261775174655,T001,1836.833511511034,U07,existing
P16_234_5,G1,C_aircraft,G1-C_aircraft-01,T001,3266.2596890284995,4827.685866545965,,,U07,existing
P16_234_5,G1,B_batteries,G1-B_batteries-01,T005,0.0,2343.7606215473797,T006,2768.712352805833,B01,existing
P16_234_5,G1,B_batteries,G1-B_batteries-01,T006,5112.4729743532125,7435.544137052532,,,B01,existing
P16_234_5,G1,C_batteries,G1-C_batteries-01,T003,0.0,2947.606630665684,T001,318.6530583628155,C01,existing
P16_234_5,G1,C_batteries,G1-C_batteries-01,T001,3266.2596890284995,6416.352542791451,,,C01,existing
P16_234_5,G2,A_aircraft,G2-A_aircraft-01,T002_1,0.0,1652.4416357195464,T016,2705.4237932369183,U01,existing
P16_234_5,G2,A_aircraft,G2-A_aircraft-01,T016,4357.865428956465,6053.623533624929,T020,887.2828924404594,U01,existing
P16_234_5,G2,A_aircraft,G2-A_aircraft-01,T020,6940.906426065389,8911.116273042207,,,U01,existing
P16_234_5,G2,A_aircraft,G2-A_aircraft-02,T009,0.0,1316.0142144169886,T023,4737.609419207941,U02,existing
P16_234_5,G2,A_aircraft,G2-A_aircraft-02,T023,6053.623633624929,7689.381738293394,,,U02,existing
P16_234_5,G2,A_aircraft,G2-A_aircraft-03,T014_1,0.0,1695.7581046684645,T007,2637.107324288001,U03,existing
P16_234_5,G2,A_aircraft,G2-A_aircraft-03,T007,4332.865428956466,6940.9063260653875,T019_1,748.4755122280048,U03,existing
P16_234_5,G2,A_aircraft,G2-A_aircraft-03,T019_1,7689.381838293392,9325.139942961858,,,U03,existing
P16_234_5,G2,B_aircraft,G2-B_aircraft-01,T013,2.631913957884535e-07,1958.0412717501863,T021,1698.645560680136,U06,existing
P16_234_5,G2,B_aircraft,G2-B_aircraft-01,T021,3656.6868324303223,5554.728103917317,T014_2,5.000099999999293,U06,existing
P16_234_5,G2,B_aircraft,G2-B_aircraft-01,T014_2,5559.728203917316,7425.499213465236,T022,2287.9942650634084,U06,existing
P16_234_5,G2,B_aircraft,G2-B_aircraft-01,T022,9713.493478528644,11214.272215143501,,,U06,existing
P16_234_5,G2,C_aircraft,G2-C_aircraft-01,T010_1,0.0,1823.224406150507,T010_2,5.000100000000202,U08,existing
P16_234_5,G2,C_aircraft,G2-C_aircraft-01,T010_2,1828.2245061505073,3261.2595890284992,T019_2,1571.426377517465,U08,existing
P16_234_5,G2,C_aircraft,G2-C_aircraft-01,T019_2,4832.685966545964,7071.870031513806,,,U08,existing
P16_234_5,G2,C_aircraft,G2-C_aircraft-02,T004,1434.4262775174655,3604.9947859277245,T012,5.000100000002021,NEW-C_aircraft-01,procurement_required
P16_234_5,G2,C_aircraft,G2-C_aircraft-02,T012,3609.9948859277265,5725.07652720618,T018,32.01343070994517,NEW-C_aircraft-01,procurement_required
P16_234_5,G2,C_aircraft,G2-C_aircraft-02,T018,5757.089957916125,8192.899478773774,,,NEW-C_aircraft-01,procurement_required
P16_234_5,G2,A_batteries,G2-A_batteries-01,T002_1,0.0,2667.5322461730734,T016,1690.3331827833913,A01,existing
P16_234_5,G2,A_batteries,G2-A_batteries-01,T016,4357.865428956465,7189.599845781131,T019_1,499.78199251226124,A01,existing
P16_234_5,G2,A_batteries,G2-A_batteries-01,T019_1,7689.381838293392,10409.758236602142,,,A01,existing
P16_234_5,G2,A_batteries,G2-A_batteries-02,T009,0.0,2207.8690163260853,T023,3845.754617298844,A02,existing
P16_234_5,G2,A_batteries,G2-A_batteries-02,T023,6053.623633624929,8794.320358969193,,,A02,existing
P16_234_5,G2,A_batteries,G2-A_batteries-03,T014_1,0.0,2810.952429148163,T007,1521.9129998083026,A03,existing
P16_234_5,G2,A_batteries,G2-A_batteries-03,T007,4332.865428956466,8394.169789148978,,,A03,existing
P16_234_5,G2,A_batteries,G2-A_batteries-04,T020,6940.906426065389,10151.116923729283,,,A04,existing
P16_234_5,G2,B_batteries,G2-B_batteries-01,T013,2.631913957884535e-07,3917.286899235777,T014_2,1642.441304681539,B02,existing
P16_234_5,G2,B_batteries,G2-B_batteries-01,T014_2,5559.728203917316,9106.026402123385,,,B02,existing
P16_234_5,G2,B_batteries,G2-B_batteries-02,T021,3656.6868324303223,7421.910255834926,T022,2291.583222693718,B03,existing
P16_234_5,G2,B_batteries,G2-B_batteries-02,T022,9713.493478528644,12750.274657105232,,,B03,existing
P16_234_5,G2,C_batteries,G2-C_batteries-01,T010_1,0.0,3563.4170832737245,T012,46.57780265400197,C02,existing
P16_234_5,G2,C_batteries,G2-C_batteries-01,T012,3609.9948859277265,8217.742244657848,,,C02,existing
P16_234_5,G2,C_batteries,G2-C_batteries-02,T004,1434.4262775174655,5752.089857916125,T018,5.000100000000202,C03,existing
P16_234_5,G2,C_batteries,G2-C_batteries-02,T018,5757.089957916125,10691.253758748288,,,C03,existing
P16_234_5,G2,C_batteries,G2-C_batteries-03,T010_2,1828.2245061505073,4709.032782226957,T019_2,123.65318431900687,C04,existing
P16_234_5,G2,C_batteries,G2-C_batteries-03,T019_2,4832.685966545964,9540.547812933855,,,C04,existing
P16_234_5,G2,relay_aircraft,G2-relay_aircraft-01,R003,5.186098884268291,7850.634235067152,R004,1733.0453420825716,R01,existing
P16_234_5,G2,relay_aircraft,G2-relay_aircraft-01,R004,9583.679577149724,11813.399509678484,,,R01,existing
P16_234_5,G2,relay_aircraft,G2-relay_aircraft-02,R001,162.1373190294086,2129.297638856331,R002,2462.7051091295434,R02,existing
P16_234_5,G2,relay_aircraft,G2-relay_aircraft-02,R002,4592.0027479858745,9578.679477149724,,,R02,existing
P16_234_5,G2,relay_components,G2-relay_components-01,R003,5.186098884268291,8956.255878782365,R004,627.4236983673582,RE01,existing
P16_234_5,G2,relay_components,G2-relay_components-01,R004,9583.679577149724,12221.929892002603,,,RE01,existing
P16_234_5,G2,relay_components,G2-relay_components-02,R001,162.1373190294086,2493.9201725268517,R002,2098.082575459023,RE02,existing
P16_234_5,G2,relay_components,G2-relay_components-02,R002,4592.0027479858745,10318.120453993146,,,RE02,existing
P16_234_5,G3,A_aircraft,G3-A_aircraft-01,T011,2058.1153733026395,4188.754462062222,,,U04,existing
P16_234_5,G3,A_aircraft,G3-A_aircraft-02,T002_2,2212.8691163260855,3815.461852306258,T017,3953.9901172072023,NEW-A_aircraft-01,procurement_required
P16_234_5,G3,A_aircraft,G3-A_aircraft-02,T017,7769.45196951346,10113.299044225432,,,NEW-A_aircraft-01,procurement_required
P16_234_5,G3,B_aircraft,G3-B_aircraft-01,T015,2097.1153733026395,3651.686732430321,,,NEW-B_aircraft-01,procurement_required
P16_234_5,G3,B_aircraft,G3-B_aircraft-02,T008,2348.76072154738,4193.299611702947,,,NEW-B_aircraft-02,procurement_required
P16_234_5,G3,A_batteries,G3-A_batteries-01,T011,2058.1153733026395,5546.539457030654,,,A05,existing
P16_234_5,G3,A_batteries,G3-A_batteries-02,T002_2,2212.8691163260855,4879.929014022942,T017,2889.522955490518,A06,existing
P16_234_5,G3,A_batteries,G3-A_batteries-02,T017,7769.45196951346,11476.863027475007,,,A06,existing
P16_234_5,G3,B_batteries,G3-B_batteries-01,T015,2097.1153733026395,5107.472874353213,,,B04,existing
P16_234_5,G3,B_batteries,G3-B_batteries-02,T008,2348.76072154738,5781.961574782329,,,NEW-B_batteries-01,procurement_required
P16_234_5,G3,relay_aircraft,G3-relay_aircraft-01,R005,2134.2977388563304,4587.002647985877,R006,3268.6316870812743,NEW-relay_aircraft-01,procurement_required
P16_234_5,G3,relay_aircraft,G3-relay_aircraft-01,R006,7855.634335067151,10510.693895951956,,,NEW-relay_aircraft-01,procurement_required
P16_234_5,G3,relay_components,G3-relay_components-01,R005,2134.2977388563304,5015.591855407197,R006,2840.0424796599546,RE03,existing
P16_234_5,G3,relay_components,G3-relay_components-01,R006,7855.634335067151,10964.401779763033,,,RE03,existing
P1_2346_5,G1,B_aircraft,G1-B_aircraft-01,T005,0.0,1210.3573074816584,,,U05,existing
P1_2346_5,G1,C_aircraft,G1-C_aircraft-01,T003,0.0,1429.4261775174655,T001,1836.833511511034,U07,existing
P1_2346_5,G1,C_aircraft,G1-C_aircraft-01,T001,3266.2596890284995,4827.685866545965,,,U07,existing
P1_2346_5,G1,B_batteries,G1-B_batteries-01,T005,0.0,2343.7606215473797,,,B01,existing
P1_2346_5,G1,C_batteries,G1-C_batteries-01,T003,0.0,2947.606630665684,T001,318.6530583628155,C01,existing
P1_2346_5,G1,C_batteries,G1-C_batteries-01,T001,3266.2596890284995,6416.352542791451,,,C01,existing
P1_2346_5,G2,A_aircraft,G2-A_aircraft-01,T002_1,0.0,1652.4416357195464,T016,2705.4237932369183,U01,existing
P1_2346_5,G2,A_aircraft,G2-A_aircraft-01,T016,4357.865428956465,6053.623533624929,T020,887.2828924404594,U01,existing
P1_2346_5,G2,A_aircraft,G2-A_aircraft-01,T020,6940.906426065389,8911.116273042207,,,U01,existing
P1_2346_5,G2,A_aircraft,G2-A_aircraft-02,T009,0.0,1316.0142144169886,T023,4737.609419207941,U02,existing
P1_2346_5,G2,A_aircraft,G2-A_aircraft-02,T023,6053.623633624929,7689.381738293394,,,U02,existing
P1_2346_5,G2,A_aircraft,G2-A_aircraft-03,T014_1,0.0,1695.7581046684645,T007,2637.107324288001,U03,existing
P1_2346_5,G2,A_aircraft,G2-A_aircraft-03,T007,4332.865428956466,6940.9063260653875,T019_1,748.4755122280048,U03,existing
P1_2346_5,G2,A_aircraft,G2-A_aircraft-03,T019_1,7689.381838293392,9325.139942961858,,,U03,existing
P1_2346_5,G2,B_aircraft,G2-B_aircraft-01,T013,2.631913957884535e-07,1958.0412717501863,T021,1698.645560680136,U06,existing
P1_2346_5,G2,B_aircraft,G2-B_aircraft-01,T021,3656.6868324303223,5554.728103917317,T014_2,5.000099999999293,U06,existing
P1_2346_5,G2,B_aircraft,G2-B_aircraft-01,T014_2,5559.728203917316,7425.499213465236,,,U06,existing
P1_2346_5,G2,B_aircraft,G2-B_aircraft-02,T006,5112.4729743532125,6302.1032600896515,T022,3411.3902184389926,NEW-B_aircraft-01,procurement_required
P1_2346_5,G2,B_aircraft,G2-B_aircraft-02,T022,9713.493478528644,11214.272215143501,,,NEW-B_aircraft-01,procurement_required
P1_2346_5,G2,C_aircraft,G2-C_aircraft-01,T010_1,0.0,1823.224406150507,T010_2,5.000100000000202,U08,existing
P1_2346_5,G2,C_aircraft,G2-C_aircraft-01,T010_2,1828.2245061505073,3261.2595890284992,T019_2,1571.426377517465,U08,existing
P1_2346_5,G2,C_aircraft,G2-C_aircraft-01,T019_2,4832.685966545964,7071.870031513806,,,U08,existing
P1_2346_5,G2,C_aircraft,G2-C_aircraft-02,T004,1434.4262775174655,3604.9947859277245,T012,5.000100000002021,NEW-C_aircraft-01,procurement_required
P1_2346_5,G2,C_aircraft,G2-C_aircraft-02,T012,3609.9948859277265,5725.07652720618,T018,32.01343070994517,NEW-C_aircraft-01,procurement_required
P1_2346_5,G2,C_aircraft,G2-C_aircraft-02,T018,5757.089957916125,8192.899478773774,,,NEW-C_aircraft-01,procurement_required
P1_2346_5,G2,A_batteries,G2-A_batteries-01,T002_1,0.0,2667.5322461730734,T016,1690.3331827833913,A01,existing
P1_2346_5,G2,A_batteries,G2-A_batteries-01,T016,4357.865428956465,7189.599845781131,T019_1,499.78199251226124,A01,existing
P1_2346_5,G2,A_batteries,G2-A_batteries-01,T019_1,7689.381838293392,10409.758236602142,,,A01,existing
P1_2346_5,G2,A_batteries,G2-A_batteries-02,T009,0.0,2207.8690163260853,T023,3845.754617298844,A02,existing
P1_2346_5,G2,A_batteries,G2-A_batteries-02,T023,6053.623633624929,8794.320358969193,,,A02,existing
P1_2346_5,G2,A_batteries,G2-A_batteries-03,T014_1,0.0,2810.952429148163,T007,1521.9129998083026,A03,existing
P1_2346_5,G2,A_batteries,G2-A_batteries-03,T007,4332.865428956466,8394.169789148978,,,A03,existing
P1_2346_5,G2,A_batteries,G2-A_batteries-04,T020,6940.906426065389,10151.116923729283,,,A04,existing
P1_2346_5,G2,B_batteries,G2-B_batteries-01,T013,2.631913957884535e-07,3917.286899235777,T014_2,1642.441304681539,B02,existing
P1_2346_5,G2,B_batteries,G2-B_batteries-01,T014_2,5559.728203917316,9106.026402123385,,,B02,existing
P1_2346_5,G2,B_batteries,G2-B_batteries-02,T021,3656.6868324303223,7421.910255834926,T022,2291.583222693718,B03,existing
P1_2346_5,G2,B_batteries,G2-B_batteries-02,T022,9713.493478528644,12750.274657105232,,,B03,existing
P1_2346_5,G2,B_batteries,G2-B_batteries-03,T006,5112.4729743532125,7435.544137052532,,,B04,existing
P1_2346_5,G2,C_batteries,G2-C_batteries-01,T010_1,0.0,3563.4170832737245,T012,46.57780265400197,C02,existing
P1_2346_5,G2,C_batteries,G2-C_batteries-01,T012,3609.9948859277265,8217.742244657848,,,C02,existing
P1_2346_5,G2,C_batteries,G2-C_batteries-02,T004,1434.4262775174655,5752.089857916125,T018,5.000100000000202,C03,existing
P1_2346_5,G2,C_batteries,G2-C_batteries-02,T018,5757.089957916125,10691.253758748288,,,C03,existing
P1_2346_5,G2,C_batteries,G2-C_batteries-03,T010_2,1828.2245061505073,4709.032782226957,T019_2,123.65318431900687,C04,existing
P1_2346_5,G2,C_batteries,G2-C_batteries-03,T019_2,4832.685966545964,9540.547812933855,,,C04,existing
P1_2346_5,G2,relay_aircraft,G2-relay_aircraft-01,R003,5.186098884268291,7850.634235067152,R004,1733.0453420825716,R01,existing
P1_2346_5,G2,relay_aircraft,G2-relay_aircraft-01,R004,9583.679577149724,11813.399509678484,,,R01,existing
P1_2346_5,G2,relay_aircraft,G2-relay_aircraft-02,R001,162.1373190294086,2129.297638856331,R002,2462.7051091295434,R02,existing
P1_2346_5,G2,relay_aircraft,G2-relay_aircraft-02,R002,4592.0027479858745,9578.679477149724,,,R02,existing
P1_2346_5,G2,relay_components,G2-relay_components-01,R003,5.186098884268291,8956.255878782365,R004,627.4236983673582,RE01,existing
P1_2346_5,G2,relay_components,G2-relay_components-01,R004,9583.679577149724,12221.929892002603,,,RE01,existing
P1_2346_5,G2,relay_components,G2-relay_components-02,R001,162.1373190294086,2493.9201725268517,R002,2098.082575459023,RE02,existing
P1_2346_5,G2,relay_components,G2-relay_components-02,R002,4592.0027479858745,10318.120453993146,,,RE02,existing
P1_2346_5,G3,A_aircraft,G3-A_aircraft-01,T011,2058.1153733026395,4188.754462062222,,,U04,existing
P1_2346_5,G3,A_aircraft,G3-A_aircraft-02,T002_2,2212.8691163260855,3815.461852306258,T017,3953.9901172072023,NEW-A_aircraft-01,procurement_required
P1_2346_5,G3,A_aircraft,G3-A_aircraft-02,T017,7769.45196951346,10113.299044225432,,,NEW-A_aircraft-01,procurement_required
P1_2346_5,G3,B_aircraft,G3-B_aircraft-01,T015,2097.1153733026395,3651.686732430321,,,NEW-B_aircraft-02,procurement_required
P1_2346_5,G3,B_aircraft,G3-B_aircraft-02,T008,2348.76072154738,4193.299611702947,,,NEW-B_aircraft-03,procurement_required
P1_2346_5,G3,A_batteries,G3-A_batteries-01,T011,2058.1153733026395,5546.539457030654,,,A05,existing
P1_2346_5,G3,A_batteries,G3-A_batteries-02,T002_2,2212.8691163260855,4879.929014022942,T017,2889.522955490518,A06,existing
P1_2346_5,G3,A_batteries,G3-A_batteries-02,T017,7769.45196951346,11476.863027475007,,,A06,existing
P1_2346_5,G3,B_batteries,G3-B_batteries-01,T015,2097.1153733026395,5107.472874353213,,,NEW-B_batteries-01,procurement_required
P1_2346_5,G3,B_batteries,G3-B_batteries-02,T008,2348.76072154738,5781.961574782329,,,NEW-B_batteries-02,procurement_required
P1_2346_5,G3,relay_aircraft,G3-relay_aircraft-01,R005,2134.2977388563304,4587.002647985877,R006,3268.6316870812743,NEW-relay_aircraft-01,procurement_required
P1_2346_5,G3,relay_aircraft,G3-relay_aircraft-01,R006,7855.634335067151,10510.693895951956,,,NEW-relay_aircraft-01,procurement_required
P1_2346_5,G3,relay_components,G3-relay_components-01,R005,2134.2977388563304,5015.591855407197,R006,2840.0424796599546,RE03,existing
P1_2346_5,G3,relay_components,G3-relay_components-01,R006,7855.634335067151,10964.401779763033,,,RE03,existing
P1_234_56,G1,B_aircraft,G1-B_aircraft-01,T005,0.0,1210.3573074816584,,,U05,existing
P1_234_56,G1,C_aircraft,G1-C_aircraft-01,T003,0.0,1429.4261775174655,T001,1836.833511511034,U07,existing
P1_234_56,G1,C_aircraft,G1-C_aircraft-01,T001,3266.2596890284995,4827.685866545965,,,U07,existing
P1_234_56,G1,B_batteries,G1-B_batteries-01,T005,0.0,2343.7606215473797,,,B01,existing
P1_234_56,G1,C_batteries,G1-C_batteries-01,T003,0.0,2947.606630665684,T001,318.6530583628155,C01,existing
P1_234_56,G1,C_batteries,G1-C_batteries-01,T001,3266.2596890284995,6416.352542791451,,,C01,existing
P1_234_56,G2,A_aircraft,G2-A_aircraft-01,T002_1,0.0,1652.4416357195464,T016,2705.4237932369183,U01,existing
P1_234_56,G2,A_aircraft,G2-A_aircraft-01,T016,4357.865428956465,6053.623533624929,T020,887.2828924404594,U01,existing
P1_234_56,G2,A_aircraft,G2-A_aircraft-01,T020,6940.906426065389,8911.116273042207,,,U01,existing
P1_234_56,G2,A_aircraft,G2-A_aircraft-02,T009,0.0,1316.0142144169886,T023,4737.609419207941,U02,existing
P1_234_56,G2,A_aircraft,G2-A_aircraft-02,T023,6053.623633624929,7689.381738293394,,,U02,existing
P1_234_56,G2,A_aircraft,G2-A_aircraft-03,T014_1,0.0,1695.7581046684645,T007,2637.107324288001,U03,existing
P1_234_56,G2,A_aircraft,G2-A_aircraft-03,T007,4332.865428956466,6940.9063260653875,T019_1,748.4755122280048,U03,existing
P1_234_56,G2,A_aircraft,G2-A_aircraft-03,T019_1,7689.381838293392,9325.139942961858,,,U03,existing
P1_234_56,G2,B_aircraft,G2-B_aircraft-01,T013,2.631913957884535e-07,1958.0412717501863,T021,1698.645560680136,U06,existing
P1_234_56,G2,B_aircraft,G2-B_aircraft-01,T021,3656.6868324303223,5554.728103917317,T014_2,5.000099999999293,U06,existing
P1_234_56,G2,B_aircraft,G2-B_aircraft-01,T014_2,5559.728203917316,7425.499213465236,T022,2287.9942650634084,U06,existing
P1_234_56,G2,B_aircraft,G2-B_aircraft-01,T022,9713.493478528644,11214.272215143501,,,U06,existing
P1_234_56,G2,C_aircraft,G2-C_aircraft-01,T010_1,0.0,1823.224406150507,T010_2,5.000100000000202,U08,existing
P1_234_56,G2,C_aircraft,G2-C_aircraft-01,T010_2,1828.2245061505073,3261.2595890284992,T019_2,1571.426377517465,U08,existing
P1_234_56,G2,C_aircraft,G2-C_aircraft-01,T019_2,4832.685966545964,7071.870031513806,,,U08,existing
P1_234_56,G2,C_aircraft,G2-C_aircraft-02,T004,1434.4262775174655,3604.9947859277245,T012,5.000100000002021,NEW-C_aircraft-01,procurement_required
P1_234_56,G2,C_aircraft,G2-C_aircraft-02,T012,3609.9948859277265,5725.07652720618,T018,32.01343070994517,NEW-C_aircraft-01,procurement_required
P1_234_56,G2,C_aircraft,G2-C_aircraft-02,T018,5757.089957916125,8192.899478773774,,,NEW-C_aircraft-01,procurement_required
P1_234_56,G2,A_batteries,G2-A_batteries-01,T002_1,0.0,2667.5322461730734,T016,1690.3331827833913,A01,existing
P1_234_56,G2,A_batteries,G2-A_batteries-01,T016,4357.865428956465,7189.599845781131,T019_1,499.78199251226124,A01,existing
P1_234_56,G2,A_batteries,G2-A_batteries-01,T019_1,7689.381838293392,10409.758236602142,,,A01,existing
P1_234_56,G2,A_batteries,G2-A_batteries-02,T009,0.0,2207.8690163260853,T023,3845.754617298844,A02,existing
P1_234_56,G2,A_batteries,G2-A_batteries-02,T023,6053.623633624929,8794.320358969193,,,A02,existing
P1_234_56,G2,A_batteries,G2-A_batteries-03,T014_1,0.0,2810.952429148163,T007,1521.9129998083026,A03,existing
P1_234_56,G2,A_batteries,G2-A_batteries-03,T007,4332.865428956466,8394.169789148978,,,A03,existing
P1_234_56,G2,A_batteries,G2-A_batteries-04,T020,6940.906426065389,10151.116923729283,,,A04,existing
P1_234_56,G2,B_batteries,G2-B_batteries-01,T013,2.631913957884535e-07,3917.286899235777,T014_2,1642.441304681539,B02,existing
P1_234_56,G2,B_batteries,G2-B_batteries-01,T014_2,5559.728203917316,9106.026402123385,,,B02,existing
P1_234_56,G2,B_batteries,G2-B_batteries-02,T021,3656.6868324303223,7421.910255834926,T022,2291.583222693718,B03,existing
P1_234_56,G2,B_batteries,G2-B_batteries-02,T022,9713.493478528644,12750.274657105232,,,B03,existing
P1_234_56,G2,C_batteries,G2-C_batteries-01,T010_1,0.0,3563.4170832737245,T012,46.57780265400197,C02,existing
P1_234_56,G2,C_batteries,G2-C_batteries-01,T012,3609.9948859277265,8217.742244657848,,,C02,existing
P1_234_56,G2,C_batteries,G2-C_batteries-02,T004,1434.4262775174655,5752.089857916125,T018,5.000100000000202,C03,existing
P1_234_56,G2,C_batteries,G2-C_batteries-02,T018,5757.089957916125,10691.253758748288,,,C03,existing
P1_234_56,G2,C_batteries,G2-C_batteries-03,T010_2,1828.2245061505073,4709.032782226957,T019_2,123.65318431900687,C04,existing
P1_234_56,G2,C_batteries,G2-C_batteries-03,T019_2,4832.685966545964,9540.547812933855,,,C04,existing
P1_234_56,G2,relay_aircraft,G2-relay_aircraft-01,R003,5.186098884268291,7850.634235067152,R004,1733.0453420825716,R01,existing
P1_234_56,G2,relay_aircraft,G2-relay_aircraft-01,R004,9583.679577149724,11813.399509678484,,,R01,existing
P1_234_56,G2,relay_aircraft,G2-relay_aircraft-02,R001,162.1373190294086,2129.297638856331,R002,2462.7051091295434,R02,existing
P1_234_56,G2,relay_aircraft,G2-relay_aircraft-02,R002,4592.0027479858745,9578.679477149724,,,R02,existing
P1_234_56,G2,relay_components,G2-relay_components-01,R003,5.186098884268291,8956.255878782365,R004,627.4236983673582,RE01,existing
P1_234_56,G2,relay_components,G2-relay_components-01,R004,9583.679577149724,12221.929892002603,,,RE01,existing
P1_234_56,G2,relay_components,G2-relay_components-02,R001,162.1373190294086,2493.9201725268517,R002,2098.082575459023,RE02,existing
P1_234_56,G2,relay_components,G2-relay_components-02,R002,4592.0027479858745,10318.120453993146,,,RE02,existing
P1_234_56,G3,A_aircraft,G3-A_aircraft-01,T011,2058.1153733026395,4188.754462062222,,,U04,existing
P1_234_56,G3,A_aircraft,G3-A_aircraft-02,T002_2,2212.8691163260855,3815.461852306258,T017,3953.9901172072023,NEW-A_aircraft-01,procurement_required
P1_234_56,G3,A_aircraft,G3-A_aircraft-02,T017,7769.45196951346,10113.299044225432,,,NEW-A_aircraft-01,procurement_required
P1_234_56,G3,B_aircraft,G3-B_aircraft-01,T015,2097.1153733026395,3651.686732430321,T006,1460.7862419228913,NEW-B_aircraft-01,procurement_required
P1_234_56,G3,B_aircraft,G3-B_aircraft-01,T006,5112.4729743532125,6302.1032600896515,,,NEW-B_aircraft-01,procurement_required
P1_234_56,G3,B_aircraft,G3-B_aircraft-02,T008,2348.76072154738,4193.299611702947,,,NEW-B_aircraft-02,procurement_required
P1_234_56,G3,A_batteries,G3-A_batteries-01,T011,2058.1153733026395,5546.539457030654,,,A05,existing
P1_234_56,G3,A_batteries,G3-A_batteries-02,T002_2,2212.8691163260855,4879.929014022942,T017,2889.522955490518,A06,existing
P1_234_56,G3,A_batteries,G3-A_batteries-02,T017,7769.45196951346,11476.863027475007,,,A06,existing
P1_234_56,G3,B_batteries,G3-B_batteries-01,T015,2097.1153733026395,5107.472874353213,T006,5.000099999999293,B04,existing
P1_234_56,G3,B_batteries,G3-B_batteries-01,T006,5112.4729743532125,7435.544137052532,,,B04,existing
P1_234_56,G3,B_batteries,G3-B_batteries-02,T008,2348.76072154738,5781.961574782329,,,NEW-B_batteries-01,procurement_required
P1_234_56,G3,relay_aircraft,G3-relay_aircraft-01,R005,2134.2977388563304,4587.002647985877,R006,3268.6316870812743,NEW-relay_aircraft-01,procurement_required
P1_234_56,G3,relay_aircraft,G3-relay_aircraft-01,R006,7855.634335067151,10510.693895951956,,,NEW-relay_aircraft-01,procurement_required
P1_234_56,G3,relay_components,G3-relay_components-01,R005,2134.2977388563304,5015.591855407197,R006,2840.0424796599546,RE03,existing
P1_234_56,G3,relay_components,G3-relay_components-01,R006,7855.634335067151,10964.401779763033,,,RE03,existing
P156_23_4,G1,A_aircraft,G1-A_aircraft-01,T011,2058.1153733026395,4188.754462062222,,,U01,existing
P156_23_4,G1,A_aircraft,G1-A_aircraft-02,T002_2,2212.8691163260855,3815.461852306258,T017,3953.9901172072023,U02,existing
P156_23_4,G1,A_aircraft,G1-A_aircraft-02,T017,7769.45196951346,10113.299044225432,,,U02,existing
P156_23_4,G1,B_aircraft,G1-B_aircraft-01,T005,0.0,1210.3573074816584,T008,1138.4034140657216,U05,existing
P156_23_4,G1,B_aircraft,G1-B_aircraft-01,T008,2348.76072154738,4193.299611702947,,,U05,existing
P156_23_4,G1,B_aircraft,G1-B_aircraft-02,T015,2097.1153733026395,3651.686732430321,T006,1460.7862419228913,U06,existing
P156_23_4,G1,B_aircraft,G1-B_aircraft-02,T006,5112.4729743532125,6302.1032600896515,,,U06,existing
P156_23_4,G1,C_aircraft,G1-C_aircraft-01,T003,0.0,1429.4261775174655,T001,1836.833511511034,U07,existing
P156_23_4,G1,C_aircraft,G1-C_aircraft-01,T001,3266.2596890284995,4827.685866545965,,,U07,existing
P156_23_4,G1,A_batteries,G1-A_batteries-01,T011,2058.1153733026395,5546.539457030654,,,A01,existing
P156_23_4,G1,A_batteries,G1-A_batteries-02,T002_2,2212.8691163260855,4879.929014022942,T017,2889.522955490518,A02,existing
P156_23_4,G1,A_batteries,G1-A_batteries-02,T017,7769.45196951346,11476.863027475007,,,A02,existing
P156_23_4,G1,B_batteries,G1-B_batteries-01,T005,0.0,2343.7606215473797,T008,5.000100000000202,B01,existing
P156_23_4,G1,B_batteries,G1-B_batteries-01,T008,2348.76072154738,5781.961574782329,,,B01,existing
P156_23_4,G1,B_batteries,G1-B_batteries-02,T015,2097.1153733026395,5107.472874353213,T006,5.000099999999293,B02,existing
P156_23_4,G1,B_batteries,G1-B_batteries-02,T006,5112.4729743532125,7435.544137052532,,,B02,existing
P156_23_4,G1,C_batteries,G1-C_batteries-01,T003,0.0,2947.606630665684,T001,318.6530583628155,C01,existing
P156_23_4,G1,C_batteries,G1-C_batteries-01,T001,3266.2596890284995,6416.352542791451,,,C01,existing
P156_23_4,G1,relay_aircraft,G1-relay_aircraft-01,R005,2134.2977388563304,4587.002647985877,R006,3268.6316870812743,R01,existing
P156_23_4,G1,relay_aircraft,G1-relay_aircraft-01,R006,7855.634335067151,10510.693895951956,,,R01,existing
P156_23_4,G1,relay_components,G1-relay_components-01,R005,2134.2977388563304,5015.591855407197,R006,2840.0424796599546,RE01,existing
P156_23_4,G1,relay_components,G1-relay_components-01,R006,7855.634335067151,10964.401779763033,,,RE01,existing
P156_23_4,G2,A_aircraft,G2-A_aircraft-01,T002_1,0.0,1652.4416357195464,T016,2705.4237932369183,U03,existing
P156_23_4,G2,A_aircraft,G2-A_aircraft-01,T016,4357.865428956465,6053.623533624929,T023,0.00010000000020227162,U03,existing
P156_23_4,G2,A_aircraft,G2-A_aircraft-01,T023,6053.623633624929,7689.381738293394,T019_1,9.999999838328222e-05,U03,existing
P156_23_4,G2,A_aircraft,G2-A_aircraft-01,T019_1,7689.381838293392,9325.139942961858,,,U03,existing
P156_23_4,G2,A_aircraft,G2-A_aircraft-02,T014_1,0.0,1695.7581046684645,T007,2637.107324288001,U04,existing
P156_23_4,G2,A_aircraft,G2-A_aircraft-02,T007,4332.865428956466,6940.9063260653875,T020,0.00010000000111176632,U04,existing
P156_23_4,G2,A_aircraft,G2-A_aircraft-02,T020,6940.906426065389,8911.116273042207,,,U04,existing
P156_23_4,G2,B_aircraft,G2-B_aircraft-01,T013,2.631913957884535e-07,1958.0412717501863,T021,1698.645560680136,NEW-B_aircraft-01,procurement_required
P156_23_4,G2,B_aircraft,G2-B_aircraft-01,T021,3656.6868324303223,5554.728103917317,T014_2,5.000099999999293,NEW-B_aircraft-01,procurement_required
P156_23_4,G2,B_aircraft,G2-B_aircraft-01,T014_2,5559.728203917316,7425.499213465236,T022,2287.9942650634084,NEW-B_aircraft-01,procurement_required
P156_23_4,G2,B_aircraft,G2-B_aircraft-01,T022,9713.493478528644,11214.272215143501,,,NEW-B_aircraft-01,procurement_required
P156_23_4,G2,C_aircraft,G2-C_aircraft-01,T010_1,0.0,1823.224406150507,T012,1786.7704797772194,U08,existing
P156_23_4,G2,C_aircraft,G2-C_aircraft-01,T012,3609.9948859277265,5725.07652720618,T018,32.01343070994517,U08,existing
P156_23_4,G2,C_aircraft,G2-C_aircraft-01,T018,5757.089957916125,8192.899478773774,,,U08,existing
P156_23_4,G2,C_aircraft,G2-C_aircraft-02,T004,1434.4262775174655,3604.9947859277245,T019_2,1227.6911806182397,NEW-C_aircraft-01,procurement_required
P156_23_4,G2,C_aircraft,G2-C_aircraft-02,T019_2,4832.685966545964,7071.870031513806,,,NEW-C_aircraft-01,procurement_required
P156_23_4,G2,A_batteries,G2-A_batteries-01,T002_1,0.0,2667.5322461730734,T016,1690.3331827833913,A03,existing
P156_23_4,G2,A_batteries,G2-A_batteries-01,T016,4357.865428956465,7189.599845781131,T019_1,499.78199251226124,A03,existing
P156_23_4,G2,A_batteries,G2-A_batteries-01,T019_1,7689.381838293392,10409.758236602142,,,A03,existing
P156_23_4,G2,A_batteries,G2-A_batteries-02,T014_1,0.0,2810.952429148163,T007,1521.9129998083026,A04,existing
P156_23_4,G2,A_batteries,G2-A_batteries-02,T007,4332.865428956466,8394.169789148978,,,A04,existing
P156_23_4,G2,A_batteries,G2-A_batteries-03,T023,6053.623633624929,8794.320358969193,,,A05,existing
P156_23_4,G2,A_batteries,G2-A_batteries-04,T020,6940.906426065389,10151.116923729283,,,A06,existing
P156_23_4,G2,B_batteries,G2-B_batteries-01,T013,2.631913957884535e-07,3917.286899235777,T014_2,1642.441304681539,B03,existing
P156_23_4,G2,B_batteries,G2-B_batteries-01,T014_2,5559.728203917316,9106.026402123385,,,B03,existing
P156_23_4,G2,B_batteries,G2-B_batteries-02,T021,3656.6868324303223,7421.910255834926,T022,2291.583222693718,B04,existing
P156_23_4,G2,B_batteries,G2-B_batteries-02,T022,9713.493478528644,12750.274657105232,,,B04,existing
P156_23_4,G2,C_batteries,G2-C_batteries-01,T010_1,0.0,3563.4170832737245,T012,46.57780265400197,C02,existing
P156_23_4,G2,C_batteries,G2-C_batteries-01,T012,3609.9948859277265,8217.742244657848,,,C02,existing
P156_23_4,G2,C_batteries,G2-C_batteries-02,T004,1434.4262775174655,5752.089857916125,T018,5.000100000000202,C03,existing
P156_23_4,G2,C_batteries,G2-C_batteries-02,T018,5757.089957916125,10691.253758748288,,,C03,existing
P156_23_4,G2,C_batteries,G2-C_batteries-03,T019_2,4832.685966545964,9540.547812933855,,,C04,existing
P156_23_4,G2,relay_aircraft,G2-relay_aircraft-01,R003,5.186098884268291,7850.634235067152,R004,1733.0453420825716,R02,existing
P156_23_4,G2,relay_aircraft,G2-relay_aircraft-01,R004,9583.679577149724,11813.399509678484,,,R02,existing
P156_23_4,G2,relay_aircraft,G2-relay_aircraft-02,R001,162.1373190294086,2129.297638856331,R002,2462.7051091295434,NEW-relay_aircraft-01,procurement_required
P156_23_4,G2,relay_aircraft,G2-relay_aircraft-02,R002,4592.0027479858745,9578.679477149724,,,NEW-relay_aircraft-01,procurement_required
P156_23_4,G2,relay_components,G2-relay_components-01,R003,5.186098884268291,8956.255878782365,R004,627.4236983673582,RE02,existing
P156_23_4,G2,relay_components,G2-relay_components-01,R004,9583.679577149724,12221.929892002603,,,RE02,existing
P156_23_4,G2,relay_components,G2-relay_components-02,R001,162.1373190294086,2493.9201725268517,R002,2098.082575459023,RE03,existing
P156_23_4,G2,relay_components,G2-relay_components-02,R002,4592.0027479858745,10318.120453993146,,,RE03,existing
P156_23_4,G3,A_aircraft,G3-A_aircraft-01,T009,0.0,1316.0142144169886,,,NEW-A_aircraft-01,procurement_required
P156_23_4,G3,C_aircraft,G3-C_aircraft-01,T010_2,1828.2245061505073,3261.2595890284992,,,NEW-C_aircraft-02,procurement_required
P156_23_4,G3,A_batteries,G3-A_batteries-01,T009,0.0,2207.8690163260853,,,NEW-A_batteries-01,procurement_required
P156_23_4,G3,C_batteries,G3-C_batteries-01,T010_2,1828.2245061505073,4709.032782226957,,,NEW-C_batteries-01,procurement_required
P15_236_4,G1,A_aircraft,G1-A_aircraft-01,T011,2058.1153733026395,4188.754462062222,,,U01,existing
P15_236_4,G1,A_aircraft,G1-A_aircraft-02,T002_2,2212.8691163260855,3815.461852306258,T017,3953.9901172072023,U02,existing
P15_236_4,G1,A_aircraft,G1-A_aircraft-02,T017,7769.45196951346,10113.299044225432,,,U02,existing
P15_236_4,G1,B_aircraft,G1-B_aircraft-01,T005,0.0,1210.3573074816584,T008,1138.4034140657216,U05,existing
P15_236_4,G1,B_aircraft,G1-B_aircraft-01,T008,2348.76072154738,4193.299611702947,,,U05,existing
P15_236_4,G1,B_aircraft,G1-B_aircraft-02,T015,2097.1153733026395,3651.686732430321,,,U06,existing
P15_236_4,G1,C_aircraft,G1-C_aircraft-01,T003,0.0,1429.4261775174655,T001,1836.833511511034,U07,existing
P15_236_4,G1,C_aircraft,G1-C_aircraft-01,T001,3266.2596890284995,4827.685866545965,,,U07,existing
P15_236_4,G1,A_batteries,G1-A_batteries-01,T011,2058.1153733026395,5546.539457030654,,,A01,existing
P15_236_4,G1,A_batteries,G1-A_batteries-02,T002_2,2212.8691163260855,4879.929014022942,T017,2889.522955490518,A02,existing
P15_236_4,G1,A_batteries,G1-A_batteries-02,T017,7769.45196951346,11476.863027475007,,,A02,existing
P15_236_4,G1,B_batteries,G1-B_batteries-01,T005,0.0,2343.7606215473797,T008,5.000100000000202,B01,existing
P15_236_4,G1,B_batteries,G1-B_batteries-01,T008,2348.76072154738,5781.961574782329,,,B01,existing
P15_236_4,G1,B_batteries,G1-B_batteries-02,T015,2097.1153733026395,5107.472874353213,,,B02,existing
P15_236_4,G1,C_batteries,G1-C_batteries-01,T003,0.0,2947.606630665684,T001,318.6530583628155,C01,existing
P15_236_4,G1,C_batteries,G1-C_batteries-01,T001,3266.2596890284995,6416.352542791451,,,C01,existing
P15_236_4,G1,relay_aircraft,G1-relay_aircraft-01,R005,2134.2977388563304,4587.002647985877,R006,3268.6316870812743,R01,existing
P15_236_4,G1,relay_aircraft,G1-relay_aircraft-01,R006,7855.634335067151,10510.693895951956,,,R01,existing
P15_236_4,G1,relay_components,G1-relay_components-01,R005,2134.2977388563304,5015.591855407197,R006,2840.0424796599546,RE01,existing
P15_236_4,G1,relay_components,G1-relay_components-01,R006,7855.634335067151,10964.401779763033,,,RE01,existing
P15_236_4,G2,A_aircraft,G2-A_aircraft-01,T002_1,0.0,1652.4416357195464,T016,2705.4237932369183,U03,existing
P15_236_4,G2,A_aircraft,G2-A_aircraft-01,T016,4357.865428956465,6053.623533624929,T023,0.00010000000020227162,U03,existing
P15_236_4,G2,A_aircraft,G2-A_aircraft-01,T023,6053.623633624929,7689.381738293394,T019_1,9.999999838328222e-05,U03,existing
P15_236_4,G2,A_aircraft,G2-A_aircraft-01,T019_1,7689.381838293392,9325.139942961858,,,U03,existing
P15_236_4,G2,A_aircraft,G2-A_aircraft-02,T014_1,0.0,1695.7581046684645,T007,2637.107324288001,U04,existing
P15_236_4,G2,A_aircraft,G2-A_aircraft-02,T007,4332.865428956466,6940.9063260653875,T020,0.00010000000111176632,U04,existing
P15_236_4,G2,A_aircraft,G2-A_aircraft-02,T020,6940.906426065389,8911.116273042207,,,U04,existing
P15_236_4,G2,B_aircraft,G2-B_aircraft-01,T013,2.631913957884535e-07,1958.0412717501863,T021,1698.645560680136,NEW-B_aircraft-01,procurement_required
P15_236_4,G2,B_aircraft,G2-B_aircraft-01,T021,3656.6868324303223,5554.728103917317,T014_2,5.000099999999293,NEW-B_aircraft-01,procurement_required
P15_236_4,G2,B_aircraft,G2-B_aircraft-01,T014_2,5559.728203917316,7425.499213465236,,,NEW-B_aircraft-01,procurement_required
P15_236_4,G2,B_aircraft,G2-B_aircraft-02,T006,5112.4729743532125,6302.1032600896515,T022,3411.3902184389926,NEW-B_aircraft-02,procurement_required
P15_236_4,G2,B_aircraft,G2-B_aircraft-02,T022,9713.493478528644,11214.272215143501,,,NEW-B_aircraft-02,procurement_required
P15_236_4,G2,C_aircraft,G2-C_aircraft-01,T010_1,0.0,1823.224406150507,T012,1786.7704797772194,U08,existing
P15_236_4,G2,C_aircraft,G2-C_aircraft-01,T012,3609.9948859277265,5725.07652720618,T018,32.01343070994517,U08,existing
P15_236_4,G2,C_aircraft,G2-C_aircraft-01,T018,5757.089957916125,8192.899478773774,,,U08,existing
P15_236_4,G2,C_aircraft,G2-C_aircraft-02,T004,1434.4262775174655,3604.9947859277245,T019_2,1227.6911806182397,NEW-C_aircraft-01,procurement_required
P15_236_4,G2,C_aircraft,G2-C_aircraft-02,T019_2,4832.685966545964,7071.870031513806,,,NEW-C_aircraft-01,procurement_required
P15_236_4,G2,A_batteries,G2-A_batteries-01,T002_1,0.0,2667.5322461730734,T016,1690.3331827833913,A03,existing
P15_236_4,G2,A_batteries,G2-A_batteries-01,T016,4357.865428956465,7189.599845781131,T019_1,499.78199251226124,A03,existing
P15_236_4,G2,A_batteries,G2-A_batteries-01,T019_1,7689.381838293392,10409.758236602142,,,A03,existing
P15_236_4,G2,A_batteries,G2-A_batteries-02,T014_1,0.0,2810.952429148163,T007,1521.9129998083026,A04,existing
P15_236_4,G2,A_batteries,G2-A_batteries-02,T007,4332.865428956466,8394.169789148978,,,A04,existing
P15_236_4,G2,A_batteries,G2-A_batteries-03,T023,6053.623633624929,8794.320358969193,,,A05,existing
P15_236_4,G2,A_batteries,G2-A_batteries-04,T020,6940.906426065389,10151.116923729283,,,A06,existing
P15_236_4,G2,B_batteries,G2-B_batteries-01,T013,2.631913957884535e-07,3917.286899235777,T014_2,1642.441304681539,B03,existing
P15_236_4,G2,B_batteries,G2-B_batteries-01,T014_2,5559.728203917316,9106.026402123385,,,B03,existing
P15_236_4,G2,B_batteries,G2-B_batteries-02,T021,3656.6868324303223,7421.910255834926,T022,2291.583222693718,B04,existing
P15_236_4,G2,B_batteries,G2-B_batteries-02,T022,9713.493478528644,12750.274657105232,,,B04,existing
P15_236_4,G2,B_batteries,G2-B_batteries-03,T006,5112.4729743532125,7435.544137052532,,,NEW-B_batteries-01,procurement_required
P15_236_4,G2,C_batteries,G2-C_batteries-01,T010_1,0.0,3563.4170832737245,T012,46.57780265400197,C02,existing
P15_236_4,G2,C_batteries,G2-C_batteries-01,T012,3609.9948859277265,8217.742244657848,,,C02,existing
P15_236_4,G2,C_batteries,G2-C_batteries-02,T004,1434.4262775174655,5752.089857916125,T018,5.000100000000202,C03,existing
P15_236_4,G2,C_batteries,G2-C_batteries-02,T018,5757.089957916125,10691.253758748288,,,C03,existing
P15_236_4,G2,C_batteries,G2-C_batteries-03,T019_2,4832.685966545964,9540.547812933855,,,C04,existing
P15_236_4,G2,relay_aircraft,G2-relay_aircraft-01,R003,5.186098884268291,7850.634235067152,R004,1733.0453420825716,R02,existing
P15_236_4,G2,relay_aircraft,G2-relay_aircraft-01,R004,9583.679577149724,11813.399509678484,,,R02,existing
P15_236_4,G2,relay_aircraft,G2-relay_aircraft-02,R001,162.1373190294086,2129.297638856331,R002,2462.7051091295434,NEW-relay_aircraft-01,procurement_required
P15_236_4,G2,relay_aircraft,G2-relay_aircraft-02,R002,4592.0027479858745,9578.679477149724,,,NEW-relay_aircraft-01,procurement_required
P15_236_4,G2,relay_components,G2-relay_components-01,R003,5.186098884268291,8956.255878782365,R004,627.4236983673582,RE02,existing
P15_236_4,G2,relay_components,G2-relay_components-01,R004,9583.679577149724,12221.929892002603,,,RE02,existing
P15_236_4,G2,relay_components,G2-relay_components-02,R001,162.1373190294086,2493.9201725268517,R002,2098.082575459023,RE03,existing
P15_236_4,G2,relay_components,G2-relay_components-02,R002,4592.0027479858745,10318.120453993146,,,RE03,existing
P15_236_4,G3,A_aircraft,G3-A_aircraft-01,T009,0.0,1316.0142144169886,,,NEW-A_aircraft-01,procurement_required
P15_236_4,G3,C_aircraft,G3-C_aircraft-01,T010_2,1828.2245061505073,3261.2595890284992,,,NEW-C_aircraft-02,procurement_required
P15_236_4,G3,A_batteries,G3-A_batteries-01,T009,0.0,2207.8690163260853,,,NEW-A_batteries-01,procurement_required
P15_236_4,G3,C_batteries,G3-C_batteries-01,T010_2,1828.2245061505073,4709.032782226957,,,NEW-C_batteries-01,procurement_required
P15_23_46,G1,A_aircraft,G1-A_aircraft-01,T011,2058.1153733026395,4188.754462062222,,,U01,existing
P15_23_46,G1,A_aircraft,G1-A_aircraft-02,T002_2,2212.8691163260855,3815.461852306258,T017,3953.9901172072023,U02,existing
P15_23_46,G1,A_aircraft,G1-A_aircraft-02,T017,7769.45196951346,10113.299044225432,,,U02,existing
P15_23_46,G1,B_aircraft,G1-B_aircraft-01,T005,0.0,1210.3573074816584,T008,1138.4034140657216,U05,existing
P15_23_46,G1,B_aircraft,G1-B_aircraft-01,T008,2348.76072154738,4193.299611702947,,,U05,existing
P15_23_46,G1,B_aircraft,G1-B_aircraft-02,T015,2097.1153733026395,3651.686732430321,,,U06,existing
P15_23_46,G1,C_aircraft,G1-C_aircraft-01,T003,0.0,1429.4261775174655,T001,1836.833511511034,U07,existing
P15_23_46,G1,C_aircraft,G1-C_aircraft-01,T001,3266.2596890284995,4827.685866545965,,,U07,existing
P15_23_46,G1,A_batteries,G1-A_batteries-01,T011,2058.1153733026395,5546.539457030654,,,A01,existing
P15_23_46,G1,A_batteries,G1-A_batteries-02,T002_2,2212.8691163260855,4879.929014022942,T017,2889.522955490518,A02,existing
P15_23_46,G1,A_batteries,G1-A_batteries-02,T017,7769.45196951346,11476.863027475007,,,A02,existing
P15_23_46,G1,B_batteries,G1-B_batteries-01,T005,0.0,2343.7606215473797,T008,5.000100000000202,B01,existing
P15_23_46,G1,B_batteries,G1-B_batteries-01,T008,2348.76072154738,5781.961574782329,,,B01,existing
P15_23_46,G1,B_batteries,G1-B_batteries-02,T015,2097.1153733026395,5107.472874353213,,,B02,existing
P15_23_46,G1,C_batteries,G1-C_batteries-01,T003,0.0,2947.606630665684,T001,318.6530583628155,C01,existing
P15_23_46,G1,C_batteries,G1-C_batteries-01,T001,3266.2596890284995,6416.352542791451,,,C01,existing
P15_23_46,G1,relay_aircraft,G1-relay_aircraft-01,R005,2134.2977388563304,4587.002647985877,R006,3268.6316870812743,R01,existing
P15_23_46,G1,relay_aircraft,G1-relay_aircraft-01,R006,7855.634335067151,10510.693895951956,,,R01,existing
P15_23_46,G1,relay_components,G1-relay_components-01,R005,2134.2977388563304,5015.591855407197,R006,2840.0424796599546,RE01,existing
P15_23_46,G1,relay_components,G1-relay_components-01,R006,7855.634335067151,10964.401779763033,,,RE01,existing
P15_23_46,G2,A_aircraft,G2-A_aircraft-01,T002_1,0.0,1652.4416357195464,T016,2705.4237932369183,U03,existing
P15_23_46,G2,A_aircraft,G2-A_aircraft-01,T016,4357.865428956465,6053.623533624929,T023,0.00010000000020227162,U03,existing
P15_23_46,G2,A_aircraft,G2-A_aircraft-01,T023,6053.623633624929,7689.381738293394,T019_1,9.999999838328222e-05,U03,existing
P15_23_46,G2,A_aircraft,G2-A_aircraft-01,T019_1,7689.381838293392,9325.139942961858,,,U03,existing
P15_23_46,G2,A_aircraft,G2-A_aircraft-02,T014_1,0.0,1695.7581046684645,T007,2637.107324288001,U04,existing
P15_23_46,G2,A_aircraft,G2-A_aircraft-02,T007,4332.865428956466,6940.9063260653875,T020,0.00010000000111176632,U04,existing
P15_23_46,G2,A_aircraft,G2-A_aircraft-02,T020,6940.906426065389,8911.116273042207,,,U04,existing
P15_23_46,G2,B_aircraft,G2-B_aircraft-01,T013,2.631913957884535e-07,1958.0412717501863,T021,1698.645560680136,NEW-B_aircraft-01,procurement_required
P15_23_46,G2,B_aircraft,G2-B_aircraft-01,T021,3656.6868324303223,5554.728103917317,T014_2,5.000099999999293,NEW-B_aircraft-01,procurement_required
P15_23_46,G2,B_aircraft,G2-B_aircraft-01,T014_2,5559.728203917316,7425.499213465236,T022,2287.9942650634084,NEW-B_aircraft-01,procurement_required
P15_23_46,G2,B_aircraft,G2-B_aircraft-01,T022,9713.493478528644,11214.272215143501,,,NEW-B_aircraft-01,procurement_required
P15_23_46,G2,C_aircraft,G2-C_aircraft-01,T010_1,0.0,1823.224406150507,T012,1786.7704797772194,U08,existing
P15_23_46,G2,C_aircraft,G2-C_aircraft-01,T012,3609.9948859277265,5725.07652720618,T018,32.01343070994517,U08,existing
P15_23_46,G2,C_aircraft,G2-C_aircraft-01,T018,5757.089957916125,8192.899478773774,,,U08,existing
P15_23_46,G2,C_aircraft,G2-C_aircraft-02,T004,1434.4262775174655,3604.9947859277245,T019_2,1227.6911806182397,NEW-C_aircraft-01,procurement_required
P15_23_46,G2,C_aircraft,G2-C_aircraft-02,T019_2,4832.685966545964,7071.870031513806,,,NEW-C_aircraft-01,procurement_required
P15_23_46,G2,A_batteries,G2-A_batteries-01,T002_1,0.0,2667.5322461730734,T016,1690.3331827833913,A03,existing
P15_23_46,G2,A_batteries,G2-A_batteries-01,T016,4357.865428956465,7189.599845781131,T019_1,499.78199251226124,A03,existing
P15_23_46,G2,A_batteries,G2-A_batteries-01,T019_1,7689.381838293392,10409.758236602142,,,A03,existing
P15_23_46,G2,A_batteries,G2-A_batteries-02,T014_1,0.0,2810.952429148163,T007,1521.9129998083026,A04,existing
P15_23_46,G2,A_batteries,G2-A_batteries-02,T007,4332.865428956466,8394.169789148978,,,A04,existing
P15_23_46,G2,A_batteries,G2-A_batteries-03,T023,6053.623633624929,8794.320358969193,,,A05,existing
P15_23_46,G2,A_batteries,G2-A_batteries-04,T020,6940.906426065389,10151.116923729283,,,A06,existing
P15_23_46,G2,B_batteries,G2-B_batteries-01,T013,2.631913957884535e-07,3917.286899235777,T014_2,1642.441304681539,B03,existing
P15_23_46,G2,B_batteries,G2-B_batteries-01,T014_2,5559.728203917316,9106.026402123385,,,B03,existing
P15_23_46,G2,B_batteries,G2-B_batteries-02,T021,3656.6868324303223,7421.910255834926,T022,2291.583222693718,B04,existing
P15_23_46,G2,B_batteries,G2-B_batteries-02,T022,9713.493478528644,12750.274657105232,,,B04,existing
P15_23_46,G2,C_batteries,G2-C_batteries-01,T010_1,0.0,3563.4170832737245,T012,46.57780265400197,C02,existing
P15_23_46,G2,C_batteries,G2-C_batteries-01,T012,3609.9948859277265,8217.742244657848,,,C02,existing
P15_23_46,G2,C_batteries,G2-C_batteries-02,T004,1434.4262775174655,5752.089857916125,T018,5.000100000000202,C03,existing
P15_23_46,G2,C_batteries,G2-C_batteries-02,T018,5757.089957916125,10691.253758748288,,,C03,existing
P15_23_46,G2,C_batteries,G2-C_batteries-03,T019_2,4832.685966545964,9540.547812933855,,,C04,existing
P15_23_46,G2,relay_aircraft,G2-relay_aircraft-01,R003,5.186098884268291,7850.634235067152,R004,1733.0453420825716,R02,existing
P15_23_46,G2,relay_aircraft,G2-relay_aircraft-01,R004,9583.679577149724,11813.399509678484,,,R02,existing
P15_23_46,G2,relay_aircraft,G2-relay_aircraft-02,R001,162.1373190294086,2129.297638856331,R002,2462.7051091295434,NEW-relay_aircraft-01,procurement_required
P15_23_46,G2,relay_aircraft,G2-relay_aircraft-02,R002,4592.0027479858745,9578.679477149724,,,NEW-relay_aircraft-01,procurement_required
P15_23_46,G2,relay_components,G2-relay_components-01,R003,5.186098884268291,8956.255878782365,R004,627.4236983673582,RE02,existing
P15_23_46,G2,relay_components,G2-relay_components-01,R004,9583.679577149724,12221.929892002603,,,RE02,existing
P15_23_46,G2,relay_components,G2-relay_components-02,R001,162.1373190294086,2493.9201725268517,R002,2098.082575459023,RE03,existing
P15_23_46,G2,relay_components,G2-relay_components-02,R002,4592.0027479858745,10318.120453993146,,,RE03,existing
P15_23_46,G3,A_aircraft,G3-A_aircraft-01,T009,0.0,1316.0142144169886,,,NEW-A_aircraft-01,procurement_required
P15_23_46,G3,B_aircraft,G3-B_aircraft-01,T006,5112.4729743532125,6302.1032600896515,,,NEW-B_aircraft-02,procurement_required
P15_23_46,G3,C_aircraft,G3-C_aircraft-01,T010_2,1828.2245061505073,3261.2595890284992,,,NEW-C_aircraft-02,procurement_required
P15_23_46,G3,A_batteries,G3-A_batteries-01,T009,0.0,2207.8690163260853,,,NEW-A_batteries-01,procurement_required
P15_23_46,G3,B_batteries,G3-B_batteries-01,T006,5112.4729743532125,7435.544137052532,,,NEW-B_batteries-01,procurement_required
P15_23_46,G3,C_batteries,G3-C_batteries-01,T010_2,1828.2245061505073,4709.032782226957,,,NEW-C_batteries-01,procurement_required
P16_235_4,G1,B_aircraft,G1-B_aircraft-01,T005,0.0,1210.3573074816584,T006,3902.115666871554,U05,existing
P16_235_4,G1,B_aircraft,G1-B_aircraft-01,T006,5112.4729743532125,6302.1032600896515,,,U05,existing
P16_235_4,G1,C_aircraft,G1-C_aircraft-01,T003,0.0,1429.4261775174655,T001,1836.833511511034,U07,existing
P16_235_4,G1,C_aircraft,G1-C_aircraft-01,T001,3266.2596890284995,4827.685866545965,,,U07,existing
P16_235_4,G1,B_batteries,G1-B_batteries-01,T005,0.0,2343.7606215473797,T006,2768.712352805833,B01,existing
P16_235_4,G1,B_batteries,G1-B_batteries-01,T006,5112.4729743532125,7435.544137052532,,,B01,existing
P16_235_4,G1,C_batteries,G1-C_batteries-01,T003,0.0,2947.606630665684,T001,318.6530583628155,C01,existing
P16_235_4,G1,C_batteries,G1-C_batteries-01,T001,3266.2596890284995,6416.352542791451,,,C01,existing
P16_235_4,G2,A_aircraft,G2-A_aircraft-01,T002_1,0.0,1652.4416357195464,T002_2,560.4274806065391,U01,existing
P16_235_4,G2,A_aircraft,G2-A_aircraft-01,T002_2,2212.8691163260855,3815.461852306258,T016,542.4035766502066,U01,existing
P16_235_4,G2,A_aircraft,G2-A_aircraft-01,T016,4357.865428956465,6053.623533624929,T020,887.2828924404594,U01,existing
P16_235_4,G2,A_aircraft,G2-A_aircraft-01,T020,6940.906426065389,8911.116273042207,,,U01,existing
P16_235_4,G2,A_aircraft,G2-A_aircraft-02,T014_1,0.0,1695.7581046684645,T011,362.35726863417494,U02,existing
P16_235_4,G2,A_aircraft,G2-A_aircraft-02,T011,2058.1153733026395,4188.754462062222,T007,144.11096689424357,U02,existing
P16_235_4,G2,A_aircraft,G2-A_aircraft-02,T007,4332.865428956466,6940.9063260653875,T019_1,748.4755122280048,U02,existing
P16_235_4,G2,A_aircraft,G2-A_aircraft-02,T019_1,7689.381838293392,9325.139942961858,,,U02,existing
P16_235_4,G2,A_aircraft,G2-A_aircraft-03,T023,6053.623633624929,7689.381738293394,T017,80.07023122006649,U03,existing
P16_235_4,G2,A_aircraft,G2-A_aircraft-03,T017,7769.45196951346,10113.299044225432,,,U03,existing
P16_235_4,G2,B_aircraft,G2-B_aircraft-01,T013,2.631913957884535e-07,1958.0412717501863,T015,139.07410155245316,U06,existing
P16_235_4,G2,B_aircraft,G2-B_aircraft-01,T015,2097.1153733026395,3651.686732430321,T021,5.000100000001112,U06,existing
P16_235_4,G2,B_aircraft,G2-B_aircraft-01,T021,3656.6868324303223,5554.728103917317,T022,4158.765374611327,U06,existing
P16_235_4,G2,B_aircraft,G2-B_aircraft-01,T022,9713.493478528644,11214.272215143501,,,U06,existing
P16_235_4,G2,B_aircraft,G2-B_aircraft-02,T008,2348.76072154738,4193.299611702947,T014_2,1366.428592214369,NEW-B_aircraft-01,procurement_required
P16_235_4,G2,B_aircraft,G2-B_aircraft-02,T014_2,5559.728203917316,7425.499213465236,,,NEW-B_aircraft-01,procurement_required
P16_235_4,G2,C_aircraft,G2-C_aircraft-01,T010_1,0.0,1823.224406150507,T012,1786.7704797772194,U08,existing
P16_235_4,G2,C_aircraft,G2-C_aircraft-01,T012,3609.9948859277265,5725.07652720618,T018,32.01343070994517,U08,existing
P16_235_4,G2,C_aircraft,G2-C_aircraft-01,T018,5757.089957916125,8192.899478773774,,,U08,existing
P16_235_4,G2,C_aircraft,G2-C_aircraft-02,T004,1434.4262775174655,3604.9947859277245,T019_2,1227.6911806182397,NEW-C_aircraft-01,procurement_required
P16_235_4,G2,C_aircraft,G2-C_aircraft-02,T019_2,4832.685966545964,7071.870031513806,,,NEW-C_aircraft-01,procurement_required
P16_235_4,G2,A_batteries,G2-A_batteries-01,T002_1,0.0,2667.5322461730734,T016,1690.3331827833913,A01,existing
P16_235_4,G2,A_batteries,G2-A_batteries-01,T016,4357.865428956465,7189.599845781131,T017,579.8521237323293,A01,existing
P16_235_4,G2,A_batteries,G2-A_batteries-01,T017,7769.45196951346,11476.863027475007,,,A01,existing
P16_235_4,G2,A_batteries,G2-A_batteries-02,T014_1,0.0,2810.952429148163,T007,1521.9129998083026,A02,existing
P16_235_4,G2,A_batteries,G2-A_batteries-02,T007,4332.865428956466,8394.169789148978,,,A02,existing
P16_235_4,G2,A_batteries,G2-A_batteries-03,T011,2058.1153733026395,5546.539457030654,T020,1394.3669690347342,A03,existing
P16_235_4,G2,A_batteries,G2-A_batteries-03,T020,6940.906426065389,10151.116923729283,,,A03,existing
P16_235_4,G2,A_batteries,G2-A_batteries-04,T002_2,2212.8691163260855,4879.929014022942,T023,1173.6946196019871,A04,existing
P16_235_4,G2,A_batteries,G2-A_batteries-04,T023,6053.623633624929,8794.320358969193,,,A04,existing
P16_235_4,G2,A_batteries,G2-A_batteries-05,T019_1,7689.381838293392,10409.758236602142,,,A05,existing
P16_235_4,G2,B_batteries,G2-B_batteries-01,T013,2.631913957884535e-07,3917.286899235777,T014_2,1642.441304681539,B02,existing
P16_235_4,G2,B_batteries,G2-B_batteries-01,T014_2,5559.728203917316,9106.026402123385,,,B02,existing
P16_235_4,G2,B_batteries,G2-B_batteries-02,T015,2097.1153733026395,5107.472874353213,T022,4606.020604175431,B03,existing
P16_235_4,G2,B_batteries,G2-B_batteries-02,T022,9713.493478528644,12750.274657105232,,,B03,existing
P16_235_4,G2,B_batteries,G2-B_batteries-03,T008,2348.76072154738,5781.961574782329,,,B04,existing
P16_235_4,G2,B_batteries,G2-B_batteries-04,T021,3656.6868324303223,7421.910255834926,,,NEW-B_batteries-01,procurement_required
P16_235_4,G2,C_batteries,G2-C_batteries-01,T010_1,0.0,3563.4170832737245,T012,46.57780265400197,C02,existing
P16_235_4,G2,C_batteries,G2-C_batteries-01,T012,3609.9948859277265,8217.742244657848,,,C02,existing
P16_235_4,G2,C_batteries,G2-C_batteries-02,T004,1434.4262775174655,5752.089857916125,T018,5.000100000000202,C03,existing
P16_235_4,G2,C_batteries,G2-C_batteries-02,T018,5757.089957916125,10691.253758748288,,,C03,existing
P16_235_4,G2,C_batteries,G2-C_batteries-03,T019_2,4832.685966545964,9540.547812933855,,,C04,existing
P16_235_4,G2,relay_aircraft,G2-relay_aircraft-01,R003,5.186098884268291,7850.634235067152,R006,5.000099999999293,R01,existing
P16_235_4,G2,relay_aircraft,G2-relay_aircraft-01,R006,7855.634335067151,10510.693895951956,,,R01,existing
P16_235_4,G2,relay_aircraft,G2-relay_aircraft-02,R001,162.1373190294086,2129.297638856331,R005,5.000099999999293,R02,existing
P16_235_4,G2,relay_aircraft,G2-relay_aircraft-02,R005,2134.2977388563304,4587.002647985877,R002,5.000099999997474,R02,existing
P16_235_4,G2,relay_aircraft,G2-relay_aircraft-02,R002,4592.0027479858745,9578.679477149724,R004,5.000099999999293,R02,existing
P16_235_4,G2,relay_aircraft,G2-relay_aircraft-02,R004,9583.679577149724,11813.399509678484,,,R02,existing
P16_235_4,G2,relay_components,G2-relay_components-01,R003,5.186098884268291,8956.255878782365,R004,627.4236983673582,RE01,existing
P16_235_4,G2,relay_components,G2-relay_components-01,R004,9583.679577149724,12221.929892002603,,,RE01,existing
P16_235_4,G2,relay_components,G2-relay_components-02,R001,162.1373190294086,2493.9201725268517,R002,2098.082575459023,RE02,existing
P16_235_4,G2,relay_components,G2-relay_components-02,R002,4592.0027479858745,10318.120453993146,,,RE02,existing
P16_235_4,G2,relay_components,G2-relay_components-03,R005,2134.2977388563304,5015.591855407197,R006,2840.0424796599546,RE03,existing
P16_235_4,G2,relay_components,G2-relay_components-03,R006,7855.634335067151,10964.401779763033,,,RE03,existing
P16_235_4,G3,A_aircraft,G3-A_aircraft-01,T009,0.0,1316.0142144169886,,,U04,existing
P16_235_4,G3,C_aircraft,G3-C_aircraft-01,T010_2,1828.2245061505073,3261.2595890284992,,,NEW-C_aircraft-02,procurement_required
P16_235_4,G3,A_batteries,G3-A_batteries-01,T009,0.0,2207.8690163260853,,,A06,existing
P16_235_4,G3,C_batteries,G3-C_batteries-01,T010_2,1828.2245061505073,4709.032782226957,,,NEW-C_batteries-01,procurement_required
P1_2356_4,G1,B_aircraft,G1-B_aircraft-01,T005,0.0,1210.3573074816584,,,U05,existing
P1_2356_4,G1,C_aircraft,G1-C_aircraft-01,T003,0.0,1429.4261775174655,T001,1836.833511511034,U07,existing
P1_2356_4,G1,C_aircraft,G1-C_aircraft-01,T001,3266.2596890284995,4827.685866545965,,,U07,existing
P1_2356_4,G1,B_batteries,G1-B_batteries-01,T005,0.0,2343.7606215473797,,,B01,existing
P1_2356_4,G1,C_batteries,G1-C_batteries-01,T003,0.0,2947.606630665684,T001,318.6530583628155,C01,existing
P1_2356_4,G1,C_batteries,G1-C_batteries-01,T001,3266.2596890284995,6416.352542791451,,,C01,existing
P1_2356_4,G2,A_aircraft,G2-A_aircraft-01,T002_1,0.0,1652.4416357195464,T002_2,560.4274806065391,U01,existing
P1_2356_4,G2,A_aircraft,G2-A_aircraft-01,T002_2,2212.8691163260855,3815.461852306258,T016,542.4035766502066,U01,existing
P1_2356_4,G2,A_aircraft,G2-A_aircraft-01,T016,4357.865428956465,6053.623533624929,T020,887.2828924404594,U01,existing
P1_2356_4,G2,A_aircraft,G2-A_aircraft-01,T020,6940.906426065389,8911.116273042207,,,U01,existing
P1_2356_4,G2,A_aircraft,G2-A_aircraft-02,T014_1,0.0,1695.7581046684645,T011,362.35726863417494,U02,existing
P1_2356_4,G2,A_aircraft,G2-A_aircraft-02,T011,2058.1153733026395,4188.754462062222,T007,144.11096689424357,U02,existing
P1_2356_4,G2,A_aircraft,G2-A_aircraft-02,T007,4332.865428956466,6940.9063260653875,T019_1,748.4755122280048,U02,existing
P1_2356_4,G2,A_aircraft,G2-A_aircraft-02,T019_1,7689.381838293392,9325.139942961858,,,U02,existing
P1_2356_4,G2,A_aircraft,G2-A_aircraft-03,T023,6053.623633624929,7689.381738293394,T017,80.07023122006649,U03,existing
P1_2356_4,G2,A_aircraft,G2-A_aircraft-03,T017,7769.45196951346,10113.299044225432,,,U03,existing
P1_2356_4,G2,B_aircraft,G2-B_aircraft-01,T013,2.631913957884535e-07,1958.0412717501863,T015,139.07410155245316,U06,existing
P1_2356_4,G2,B_aircraft,G2-B_aircraft-01,T015,2097.1153733026395,3651.686732430321,T021,5.000100000001112,U06,existing
P1_2356_4,G2,B_aircraft,G2-B_aircraft-01,T021,3656.6868324303223,5554.728103917317,T014_2,5.000099999999293,U06,existing
P1_2356_4,G2,B_aircraft,G2-B_aircraft-01,T014_2,5559.728203917316,7425.499213465236,,,U06,existing
P1_2356_4,G2,B_aircraft,G2-B_aircraft-02,T008,2348.76072154738,4193.299611702947,T006,919.1733626502655,NEW-B_aircraft-01,procurement_required
P1_2356_4,G2,B_aircraft,G2-B_aircraft-02,T006,5112.4729743532125,6302.1032600896515,T022,3411.3902184389926,NEW-B_aircraft-01,procurement_required
P1_2356_4,G2,B_aircraft,G2-B_aircraft-02,T022,9713.493478528644,11214.272215143501,,,NEW-B_aircraft-01,procurement_required
P1_2356_4,G2,C_aircraft,G2-C_aircraft-01,T010_1,0.0,1823.224406150507,T012,1786.7704797772194,U08,existing
P1_2356_4,G2,C_aircraft,G2-C_aircraft-01,T012,3609.9948859277265,5725.07652720618,T018,32.01343070994517,U08,existing
P1_2356_4,G2,C_aircraft,G2-C_aircraft-01,T018,5757.089957916125,8192.899478773774,,,U08,existing
P1_2356_4,G2,C_aircraft,G2-C_aircraft-02,T004,1434.4262775174655,3604.9947859277245,T019_2,1227.6911806182397,NEW-C_aircraft-01,procurement_required
P1_2356_4,G2,C_aircraft,G2-C_aircraft-02,T019_2,4832.685966545964,7071.870031513806,,,NEW-C_aircraft-01,procurement_required
P1_2356_4,G2,A_batteries,G2-A_batteries-01,T002_1,0.0,2667.5322461730734,T016,1690.3331827833913,A01,existing
P1_2356_4,G2,A_batteries,G2-A_batteries-01,T016,4357.865428956465,7189.599845781131,T017,579.8521237323293,A01,existing
P1_2356_4,G2,A_batteries,G2-A_batteries-01,T017,7769.45196951346,11476.863027475007,,,A01,existing
P1_2356_4,G2,A_batteries,G2-A_batteries-02,T014_1,0.0,2810.952429148163,T007,1521.9129998083026,A02,existing
P1_2356_4,G2,A_batteries,G2-A_batteries-02,T007,4332.865428956466,8394.169789148978,,,A02,existing
P1_2356_4,G2,A_batteries,G2-A_batteries-03,T011,2058.1153733026395,5546.539457030654,T020,1394.3669690347342,A03,existing
P1_2356_4,G2,A_batteries,G2-A_batteries-03,T020,6940.906426065389,10151.116923729283,,,A03,existing
P1_2356_4,G2,A_batteries,G2-A_batteries-04,T002_2,2212.8691163260855,4879.929014022942,T023,1173.6946196019871,A04,existing
P1_2356_4,G2,A_batteries,G2-A_batteries-04,T023,6053.623633624929,8794.320358969193,,,A04,existing
P1_2356_4,G2,A_batteries,G2-A_batteries-05,T019_1,7689.381838293392,10409.758236602142,,,A05,existing
P1_2356_4,G2,B_batteries,G2-B_batteries-01,T013,2.631913957884535e-07,3917.286899235777,T006,1195.1860751174354,B02,existing
P1_2356_4,G2,B_batteries,G2-B_batteries-01,T006,5112.4729743532125,7435.544137052532,,,B02,existing
P1_2356_4,G2,B_batteries,G2-B_batteries-02,T015,2097.1153733026395,5107.472874353213,T014_2,452.2553295641028,B03,existing
P1_2356_4,G2,B_batteries,G2-B_batteries-02,T014_2,5559.728203917316,9106.026402123385,,,B03,existing
P1_2356_4,G2,B_batteries,G2-B_batteries-03,T008,2348.76072154738,5781.961574782329,T022,3931.531903746315,B04,existing
P1_2356_4,G2,B_batteries,G2-B_batteries-03,T022,9713.493478528644,12750.274657105232,,,B04,existing
P1_2356_4,G2,B_batteries,G2-B_batteries-04,T021,3656.6868324303223,7421.910255834926,,,NEW-B_batteries-01,procurement_required
P1_2356_4,G2,C_batteries,G2-C_batteries-01,T010_1,0.0,3563.4170832737245,T012,46.57780265400197,C02,existing
P1_2356_4,G2,C_batteries,G2-C_batteries-01,T012,3609.9948859277265,8217.742244657848,,,C02,existing
P1_2356_4,G2,C_batteries,G2-C_batteries-02,T004,1434.4262775174655,5752.089857916125,T018,5.000100000000202,C03,existing
P1_2356_4,G2,C_batteries,G2-C_batteries-02,T018,5757.089957916125,10691.253758748288,,,C03,existing
P1_2356_4,G2,C_batteries,G2-C_batteries-03,T019_2,4832.685966545964,9540.547812933855,,,C04,existing
P1_2356_4,G2,relay_aircraft,G2-relay_aircraft-01,R003,5.186098884268291,7850.634235067152,R006,5.000099999999293,R01,existing
P1_2356_4,G2,relay_aircraft,G2-relay_aircraft-01,R006,7855.634335067151,10510.693895951956,,,R01,existing
P1_2356_4,G2,relay_aircraft,G2-relay_aircraft-02,R001,162.1373190294086,2129.297638856331,R005,5.000099999999293,R02,existing
P1_2356_4,G2,relay_aircraft,G2-relay_aircraft-02,R005,2134.2977388563304,4587.002647985877,R002,5.000099999997474,R02,existing
P1_2356_4,G2,relay_aircraft,G2-relay_aircraft-02,R002,4592.0027479858745,9578.679477149724,R004,5.000099999999293,R02,existing
P1_2356_4,G2,relay_aircraft,G2-relay_aircraft-02,R004,9583.679577149724,11813.399509678484,,,R02,existing
P1_2356_4,G2,relay_components,G2-relay_components-01,R003,5.186098884268291,8956.255878782365,R004,627.4236983673582,RE01,existing
P1_2356_4,G2,relay_components,G2-relay_components-01,R004,9583.679577149724,12221.929892002603,,,RE01,existing
P1_2356_4,G2,relay_components,G2-relay_components-02,R001,162.1373190294086,2493.9201725268517,R002,2098.082575459023,RE02,existing
P1_2356_4,G2,relay_components,G2-relay_components-02,R002,4592.0027479858745,10318.120453993146,,,RE02,existing
P1_2356_4,G2,relay_components,G2-relay_components-03,R005,2134.2977388563304,5015.591855407197,R006,2840.0424796599546,RE03,existing
P1_2356_4,G2,relay_components,G2-relay_components-03,R006,7855.634335067151,10964.401779763033,,,RE03,existing
P1_2356_4,G3,A_aircraft,G3-A_aircraft-01,T009,0.0,1316.0142144169886,,,U04,existing
P1_2356_4,G3,C_aircraft,G3-C_aircraft-01,T010_2,1828.2245061505073,3261.2595890284992,,,NEW-C_aircraft-02,procurement_required
P1_2356_4,G3,A_batteries,G3-A_batteries-01,T009,0.0,2207.8690163260853,,,A06,existing
P1_2356_4,G3,C_batteries,G3-C_batteries-01,T010_2,1828.2245061505073,4709.032782226957,,,NEW-C_batteries-01,procurement_required
P1_235_46,G1,B_aircraft,G1-B_aircraft-01,T005,0.0,1210.3573074816584,,,U05,existing
P1_235_46,G1,C_aircraft,G1-C_aircraft-01,T003,0.0,1429.4261775174655,T001,1836.833511511034,U07,existing
P1_235_46,G1,C_aircraft,G1-C_aircraft-01,T001,3266.2596890284995,4827.685866545965,,,U07,existing
P1_235_46,G1,B_batteries,G1-B_batteries-01,T005,0.0,2343.7606215473797,,,B01,existing
P1_235_46,G1,C_batteries,G1-C_batteries-01,T003,0.0,2947.606630665684,T001,318.6530583628155,C01,existing
P1_235_46,G1,C_batteries,G1-C_batteries-01,T001,3266.2596890284995,6416.352542791451,,,C01,existing
P1_235_46,G2,A_aircraft,G2-A_aircraft-01,T002_1,0.0,1652.4416357195464,T002_2,560.4274806065391,U01,existing
P1_235_46,G2,A_aircraft,G2-A_aircraft-01,T002_2,2212.8691163260855,3815.461852306258,T016,542.4035766502066,U01,existing
P1_235_46,G2,A_aircraft,G2-A_aircraft-01,T016,4357.865428956465,6053.623533624929,T020,887.2828924404594,U01,existing
P1_235_46,G2,A_aircraft,G2-A_aircraft-01,T020,6940.906426065389,8911.116273042207,,,U01,existing
P1_235_46,G2,A_aircraft,G2-A_aircraft-02,T014_1,0.0,1695.7581046684645,T011,362.35726863417494,U02,existing
P1_235_46,G2,A_aircraft,G2-A_aircraft-02,T011,2058.1153733026395,4188.754462062222,T007,144.11096689424357,U02,existing
P1_235_46,G2,A_aircraft,G2-A_aircraft-02,T007,4332.865428956466,6940.9063260653875,T019_1,748.4755122280048,U02,existing
P1_235_46,G2,A_aircraft,G2-A_aircraft-02,T019_1,7689.381838293392,9325.139942961858,,,U02,existing
P1_235_46,G2,A_aircraft,G2-A_aircraft-03,T023,6053.623633624929,7689.381738293394,T017,80.07023122006649,U03,existing
P1_235_46,G2,A_aircraft,G2-A_aircraft-03,T017,7769.45196951346,10113.299044225432,,,U03,existing
P1_235_46,G2,B_aircraft,G2-B_aircraft-01,T013,2.631913957884535e-07,1958.0412717501863,T015,139.07410155245316,U06,existing
P1_235_46,G2,B_aircraft,G2-B_aircraft-01,T015,2097.1153733026395,3651.686732430321,T021,5.000100000001112,U06,existing
P1_235_46,G2,B_aircraft,G2-B_aircraft-01,T021,3656.6868324303223,5554.728103917317,T022,4158.765374611327,U06,existing
P1_235_46,G2,B_aircraft,G2-B_aircraft-01,T022,9713.493478528644,11214.272215143501,,,U06,existing
P1_235_46,G2,B_aircraft,G2-B_aircraft-02,T008,2348.76072154738,4193.299611702947,T014_2,1366.428592214369,NEW-B_aircraft-01,procurement_required
P1_235_46,G2,B_aircraft,G2-B_aircraft-02,T014_2,5559.728203917316,7425.499213465236,,,NEW-B_aircraft-01,procurement_required
P1_235_46,G2,C_aircraft,G2-C_aircraft-01,T010_1,0.0,1823.224406150507,T012,1786.7704797772194,U08,existing
P1_235_46,G2,C_aircraft,G2-C_aircraft-01,T012,3609.9948859277265,5725.07652720618,T018,32.01343070994517,U08,existing
P1_235_46,G2,C_aircraft,G2-C_aircraft-01,T018,5757.089957916125,8192.899478773774,,,U08,existing
P1_235_46,G2,C_aircraft,G2-C_aircraft-02,T004,1434.4262775174655,3604.9947859277245,T019_2,1227.6911806182397,NEW-C_aircraft-01,procurement_required
P1_235_46,G2,C_aircraft,G2-C_aircraft-02,T019_2,4832.685966545964,7071.870031513806,,,NEW-C_aircraft-01,procurement_required
P1_235_46,G2,A_batteries,G2-A_batteries-01,T002_1,0.0,2667.5322461730734,T016,1690.3331827833913,A01,existing
P1_235_46,G2,A_batteries,G2-A_batteries-01,T016,4357.865428956465,7189.599845781131,T017,579.8521237323293,A01,existing
P1_235_46,G2,A_batteries,G2-A_batteries-01,T017,7769.45196951346,11476.863027475007,,,A01,existing
P1_235_46,G2,A_batteries,G2-A_batteries-02,T014_1,0.0,2810.952429148163,T007,1521.9129998083026,A02,existing
P1_235_46,G2,A_batteries,G2-A_batteries-02,T007,4332.865428956466,8394.169789148978,,,A02,existing
P1_235_46,G2,A_batteries,G2-A_batteries-03,T011,2058.1153733026395,5546.539457030654,T020,1394.3669690347342,A03,existing
P1_235_46,G2,A_batteries,G2-A_batteries-03,T020,6940.906426065389,10151.116923729283,,,A03,existing
P1_235_46,G2,A_batteries,G2-A_batteries-04,T002_2,2212.8691163260855,4879.929014022942,T023,1173.6946196019871,A04,existing
P1_235_46,G2,A_batteries,G2-A_batteries-04,T023,6053.623633624929,8794.320358969193,,,A04,existing
P1_235_46,G2,A_batteries,G2-A_batteries-05,T019_1,7689.381838293392,10409.758236602142,,,A05,existing
P1_235_46,G2,B_batteries,G2-B_batteries-01,T013,2.631913957884535e-07,3917.286899235777,T014_2,1642.441304681539,B02,existing
P1_235_46,G2,B_batteries,G2-B_batteries-01,T014_2,5559.728203917316,9106.026402123385,,,B02,existing
P1_235_46,G2,B_batteries,G2-B_batteries-02,T015,2097.1153733026395,5107.472874353213,T022,4606.020604175431,B03,existing
P1_235_46,G2,B_batteries,G2-B_batteries-02,T022,9713.493478528644,12750.274657105232,,,B03,existing
P1_235_46,G2,B_batteries,G2-B_batteries-03,T008,2348.76072154738,5781.961574782329,,,B04,existing
P1_235_46,G2,B_batteries,G2-B_batteries-04,T021,3656.6868324303223,7421.910255834926,,,NEW-B_batteries-01,procurement_required
P1_235_46,G2,C_batteries,G2-C_batteries-01,T010_1,0.0,3563.4170832737245,T012,46.57780265400197,C02,existing
P1_235_46,G2,C_batteries,G2-C_batteries-01,T012,3609.9948859277265,8217.742244657848,,,C02,existing
P1_235_46,G2,C_batteries,G2-C_batteries-02,T004,1434.4262775174655,5752.089857916125,T018,5.000100000000202,C03,existing
P1_235_46,G2,C_batteries,G2-C_batteries-02,T018,5757.089957916125,10691.253758748288,,,C03,existing
P1_235_46,G2,C_batteries,G2-C_batteries-03,T019_2,4832.685966545964,9540.547812933855,,,C04,existing
P1_235_46,G2,relay_aircraft,G2-relay_aircraft-01,R003,5.186098884268291,7850.634235067152,R006,5.000099999999293,R01,existing
P1_235_46,G2,relay_aircraft,G2-relay_aircraft-01,R006,7855.634335067151,10510.693895951956,,,R01,existing
P1_235_46,G2,relay_aircraft,G2-relay_aircraft-02,R001,162.1373190294086,2129.297638856331,R005,5.000099999999293,R02,existing
P1_235_46,G2,relay_aircraft,G2-relay_aircraft-02,R005,2134.2977388563304,4587.002647985877,R002,5.000099999997474,R02,existing
P1_235_46,G2,relay_aircraft,G2-relay_aircraft-02,R002,4592.0027479858745,9578.679477149724,R004,5.000099999999293,R02,existing
P1_235_46,G2,relay_aircraft,G2-relay_aircraft-02,R004,9583.679577149724,11813.399509678484,,,R02,existing
P1_235_46,G2,relay_components,G2-relay_components-01,R003,5.186098884268291,8956.255878782365,R004,627.4236983673582,RE01,existing
P1_235_46,G2,relay_components,G2-relay_components-01,R004,9583.679577149724,12221.929892002603,,,RE01,existing
P1_235_46,G2,relay_components,G2-relay_components-02,R001,162.1373190294086,2493.9201725268517,R002,2098.082575459023,RE02,existing
P1_235_46,G2,relay_components,G2-relay_components-02,R002,4592.0027479858745,10318.120453993146,,,RE02,existing
P1_235_46,G2,relay_components,G2-relay_components-03,R005,2134.2977388563304,5015.591855407197,R006,2840.0424796599546,RE03,existing
P1_235_46,G2,relay_components,G2-relay_components-03,R006,7855.634335067151,10964.401779763033,,,RE03,existing
P1_235_46,G3,A_aircraft,G3-A_aircraft-01,T009,0.0,1316.0142144169886,,,U04,existing
P1_235_46,G3,B_aircraft,G3-B_aircraft-01,T006,5112.4729743532125,6302.1032600896515,,,NEW-B_aircraft-02,procurement_required
P1_235_46,G3,C_aircraft,G3-C_aircraft-01,T010_2,1828.2245061505073,3261.2595890284992,,,NEW-C_aircraft-02,procurement_required
P1_235_46,G3,A_batteries,G3-A_batteries-01,T009,0.0,2207.8690163260853,,,A06,existing
P1_235_46,G3,B_batteries,G3-B_batteries-01,T006,5112.4729743532125,7435.544137052532,,,NEW-B_batteries-02,procurement_required
P1_235_46,G3,C_batteries,G3-C_batteries-01,T010_2,1828.2245061505073,4709.032782226957,,,NEW-C_batteries-01,procurement_required
P16_23_45,G1,B_aircraft,G1-B_aircraft-01,T005,0.0,1210.3573074816584,T006,3902.115666871554,U05,existing
P16_23_45,G1,B_aircraft,G1-B_aircraft-01,T006,5112.4729743532125,6302.1032600896515,,,U05,existing
P16_23_45,G1,C_aircraft,G1-C_aircraft-01,T003,0.0,1429.4261775174655,T001,1836.833511511034,U07,existing
P16_23_45,G1,C_aircraft,G1-C_aircraft-01,T001,3266.2596890284995,4827.685866545965,,,U07,existing
P16_23_45,G1,B_batteries,G1-B_batteries-01,T005,0.0,2343.7606215473797,T006,2768.712352805833,B01,existing
P16_23_45,G1,B_batteries,G1-B_batteries-01,T006,5112.4729743532125,7435.544137052532,,,B01,existing
P16_23_45,G1,C_batteries,G1-C_batteries-01,T003,0.0,2947.606630665684,T001,318.6530583628155,C01,existing
P16_23_45,G1,C_batteries,G1-C_batteries-01,T001,3266.2596890284995,6416.352542791451,,,C01,existing
P16_23_45,G2,A_aircraft,G2-A_aircraft-01,T002_1,0.0,1652.4416357195464,T016,2705.4237932369183,U01,existing
P16_23_45,G2,A_aircraft,G2-A_aircraft-01,T016,4357.865428956465,6053.623533624929,T023,0.00010000000020227162,U01,existing
P16_23_45,G2,A_aircraft,G2-A_aircraft-01,T023,6053.623633624929,7689.381738293394,T019_1,9.999999838328222e-05,U01,existing
P16_23_45,G2,A_aircraft,G2-A_aircraft-01,T019_1,7689.381838293392,9325.139942961858,,,U01,existing
P16_23_45,G2,A_aircraft,G2-A_aircraft-02,T014_1,0.0,1695.7581046684645,T007,2637.107324288001,U02,existing
P16_23_45,G2,A_aircraft,G2-A_aircraft-02,T007,4332.865428956466,6940.9063260653875,T020,0.00010000000111176632,U02,existing
P16_23_45,G2,A_aircraft,G2-A_aircraft-02,T020,6940.906426065389,8911.116273042207,,,U02,existing
P16_23_45,G2,B_aircraft,G2-B_aircraft-01,T013,2.631913957884535e-07,1958.0412717501863,T021,1698.645560680136,U06,existing
P16_23_45,G2,B_aircraft,G2-B_aircraft-01,T021,3656.6868324303223,5554.728103917317,T014_2,5.000099999999293,U06,existing
P16_23_45,G2,B_aircraft,G2-B_aircraft-01,T014_2,5559.728203917316,7425.499213465236,T022,2287.9942650634084,U06,existing
P16_23_45,G2,B_aircraft,G2-B_aircraft-01,T022,9713.493478528644,11214.272215143501,,,U06,existing
P16_23_45,G2,C_aircraft,G2-C_aircraft-01,T010_1,0.0,1823.224406150507,T012,1786.7704797772194,U08,existing
P16_23_45,G2,C_aircraft,G2-C_aircraft-01,T012,3609.9948859277265,5725.07652720618,T018,32.01343070994517,U08,existing
P16_23_45,G2,C_aircraft,G2-C_aircraft-01,T018,5757.089957916125,8192.899478773774,,,U08,existing
P16_23_45,G2,C_aircraft,G2-C_aircraft-02,T004,1434.4262775174655,3604.9947859277245,T019_2,1227.6911806182397,NEW-C_aircraft-01,procurement_required
P16_23_45,G2,C_aircraft,G2-C_aircraft-02,T019_2,4832.685966545964,7071.870031513806,,,NEW-C_aircraft-01,procurement_required
P16_23_45,G2,A_batteries,G2-A_batteries-01,T002_1,0.0,2667.5322461730734,T016,1690.3331827833913,A01,existing
P16_23_45,G2,A_batteries,G2-A_batteries-01,T016,4357.865428956465,7189.599845781131,T019_1,499.78199251226124,A01,existing
P16_23_45,G2,A_batteries,G2-A_batteries-01,T019_1,7689.381838293392,10409.758236602142,,,A01,existing
P16_23_45,G2,A_batteries,G2-A_batteries-02,T014_1,0.0,2810.952429148163,T007,1521.9129998083026,A02,existing
P16_23_45,G2,A_batteries,G2-A_batteries-02,T007,4332.865428956466,8394.169789148978,,,A02,existing
P16_23_45,G2,A_batteries,G2-A_batteries-03,T023,6053.623633624929,8794.320358969193,,,A03,existing
P16_23_45,G2,A_batteries,G2-A_batteries-04,T020,6940.906426065389,10151.116923729283,,,A04,existing
P16_23_45,G2,B_batteries,G2-B_batteries-01,T013,2.631913957884535e-07,3917.286899235777,T014_2,1642.441304681539,B02,existing
P16_23_45,G2,B_batteries,G2-B_batteries-01,T014_2,5559.728203917316,9106.026402123385,,,B02,existing
P16_23_45,G2,B_batteries,G2-B_batteries-02,T021,3656.6868324303223,7421.910255834926,T022,2291.583222693718,B03,existing
P16_23_45,G2,B_batteries,G2-B_batteries-02,T022,9713.493478528644,12750.274657105232,,,B03,existing
P16_23_45,G2,C_batteries,G2-C_batteries-01,T010_1,0.0,3563.4170832737245,T012,46.57780265400197,C02,existing
P16_23_45,G2,C_batteries,G2-C_batteries-01,T012,3609.9948859277265,8217.742244657848,,,C02,existing
P16_23_45,G2,C_batteries,G2-C_batteries-02,T004,1434.4262775174655,5752.089857916125,T018,5.000100000000202,C03,existing
P16_23_45,G2,C_batteries,G2-C_batteries-02,T018,5757.089957916125,10691.253758748288,,,C03,existing
P16_23_45,G2,C_batteries,G2-C_batteries-03,T019_2,4832.685966545964,9540.547812933855,,,C04,existing
P16_23_45,G2,relay_aircraft,G2-relay_aircraft-01,R003,5.186098884268291,7850.634235067152,R004,1733.0453420825716,R01,existing
P16_23_45,G2,relay_aircraft,G2-relay_aircraft-01,R004,9583.679577149724,11813.399509678484,,,R01,existing
P16_23_45,G2,relay_aircraft,G2-relay_aircraft-02,R001,162.1373190294086,2129.297638856331,R002,2462.7051091295434,R02,existing
P16_23_45,G2,relay_aircraft,G2-relay_aircraft-02,R002,4592.0027479858745,9578.679477149724,,,R02,existing
P16_23_45,G2,relay_components,G2-relay_components-01,R003,5.186098884268291,8956.255878782365,R004,627.4236983673582,RE01,existing
P16_23_45,G2,relay_components,G2-relay_components-01,R004,9583.679577149724,12221.929892002603,,,RE01,existing
P16_23_45,G2,relay_components,G2-relay_components-02,R001,162.1373190294086,2493.9201725268517,R002,2098.082575459023,RE02,existing
P16_23_45,G2,relay_components,G2-relay_components-02,R002,4592.0027479858745,10318.120453993146,,,RE02,existing
P16_23_45,G3,A_aircraft,G3-A_aircraft-01,T009,0.0,1316.0142144169886,T002_2,896.854901909097,U03,existing
P16_23_45,G3,A_aircraft,G3-A_aircraft-01,T002_2,2212.8691163260855,3815.461852306258,T017,3953.9901172072023,U03,existing
P16_23_45,G3,A_aircraft,G3-A_aircraft-01,T017,7769.45196951346,10113.299044225432,,,U03,existing
P16_23_45,G3,A_aircraft,G3-A_aircraft-02,T011,2058.1153733026395,4188.754462062222,,,U04,existing
P16_23_45,G3,B_aircraft,G3-B_aircraft-01,T015,2097.1153733026395,3651.686732430321,,,NEW-B_aircraft-01,procurement_required
P16_23_45,G3,B_aircraft,G3-B_aircraft-02,T008,2348.76072154738,4193.299611702947,,,NEW-B_aircraft-02,procurement_required
P16_23_45,G3,C_aircraft,G3-C_aircraft-01,T010_2,1828.2245061505073,3261.2595890284992,,,NEW-C_aircraft-02,procurement_required
P16_23_45,G3,A_batteries,G3-A_batteries-01,T009,0.0,2207.8690163260853,T002_2,5.000100000000202,A05,existing
P16_23_45,G3,A_batteries,G3-A_batteries-01,T002_2,2212.8691163260855,4879.929014022942,T017,2889.522955490518,A05,existing
P16_23_45,G3,A_batteries,G3-A_batteries-01,T017,7769.45196951346,11476.863027475007,,,A05,existing
P16_23_45,G3,A_batteries,G3-A_batteries-02,T011,2058.1153733026395,5546.539457030654,,,A06,existing
P16_23_45,G3,B_batteries,G3-B_batteries-01,T015,2097.1153733026395,5107.472874353213,,,B04,existing
P16_23_45,G3,B_batteries,G3-B_batteries-02,T008,2348.76072154738,5781.961574782329,,,NEW-B_batteries-01,procurement_required
P16_23_45,G3,C_batteries,G3-C_batteries-01,T010_2,1828.2245061505073,4709.032782226957,,,NEW-C_batteries-01,procurement_required
P16_23_45,G3,relay_aircraft,G3-relay_aircraft-01,R005,2134.2977388563304,4587.002647985877,R006,3268.6316870812743,NEW-relay_aircraft-01,procurement_required
P16_23_45,G3,relay_aircraft,G3-relay_aircraft-01,R006,7855.634335067151,10510.693895951956,,,NEW-relay_aircraft-01,procurement_required
P16_23_45,G3,relay_components,G3-relay_components-01,R005,2134.2977388563304,5015.591855407197,R006,2840.0424796599546,RE03,existing
P16_23_45,G3,relay_components,G3-relay_components-01,R006,7855.634335067151,10964.401779763033,,,RE03,existing
P1_236_45,G1,B_aircraft,G1-B_aircraft-01,T005,0.0,1210.3573074816584,,,U05,existing
P1_236_45,G1,C_aircraft,G1-C_aircraft-01,T003,0.0,1429.4261775174655,T001,1836.833511511034,U07,existing
P1_236_45,G1,C_aircraft,G1-C_aircraft-01,T001,3266.2596890284995,4827.685866545965,,,U07,existing
P1_236_45,G1,B_batteries,G1-B_batteries-01,T005,0.0,2343.7606215473797,,,B01,existing
P1_236_45,G1,C_batteries,G1-C_batteries-01,T003,0.0,2947.606630665684,T001,318.6530583628155,C01,existing
P1_236_45,G1,C_batteries,G1-C_batteries-01,T001,3266.2596890284995,6416.352542791451,,,C01,existing
P1_236_45,G2,A_aircraft,G2-A_aircraft-01,T002_1,0.0,1652.4416357195464,T016,2705.4237932369183,U01,existing
P1_236_45,G2,A_aircraft,G2-A_aircraft-01,T016,4357.865428956465,6053.623533624929,T023,0.00010000000020227162,U01,existing
P1_236_45,G2,A_aircraft,G2-A_aircraft-01,T023,6053.623633624929,7689.381738293394,T019_1,9.999999838328222e-05,U01,existing
P1_236_45,G2,A_aircraft,G2-A_aircraft-01,T019_1,7689.381838293392,9325.139942961858,,,U01,existing
P1_236_45,G2,A_aircraft,G2-A_aircraft-02,T014_1,0.0,1695.7581046684645,T007,2637.107324288001,U02,existing
P1_236_45,G2,A_aircraft,G2-A_aircraft-02,T007,4332.865428956466,6940.9063260653875,T020,0.00010000000111176632,U02,existing
P1_236_45,G2,A_aircraft,G2-A_aircraft-02,T020,6940.906426065389,8911.116273042207,,,U02,existing
P1_236_45,G2,B_aircraft,G2-B_aircraft-01,T013,2.631913957884535e-07,1958.0412717501863,T021,1698.645560680136,U06,existing
P1_236_45,G2,B_aircraft,G2-B_aircraft-01,T021,3656.6868324303223,5554.728103917317,T014_2,5.000099999999293,U06,existing
P1_236_45,G2,B_aircraft,G2-B_aircraft-01,T014_2,5559.728203917316,7425.499213465236,,,U06,existing
P1_236_45,G2,B_aircraft,G2-B_aircraft-02,T006,5112.4729743532125,6302.1032600896515,T022,3411.3902184389926,NEW-B_aircraft-01,procurement_required
P1_236_45,G2,B_aircraft,G2-B_aircraft-02,T022,9713.493478528644,11214.272215143501,,,NEW-B_aircraft-01,procurement_required
P1_236_45,G2,C_aircraft,G2-C_aircraft-01,T010_1,0.0,1823.224406150507,T012,1786.7704797772194,U08,existing
P1_236_45,G2,C_aircraft,G2-C_aircraft-01,T012,3609.9948859277265,5725.07652720618,T018,32.01343070994517,U08,existing
P1_236_45,G2,C_aircraft,G2-C_aircraft-01,T018,5757.089957916125,8192.899478773774,,,U08,existing
P1_236_45,G2,C_aircraft,G2-C_aircraft-02,T004,1434.4262775174655,3604.9947859277245,T019_2,1227.6911806182397,NEW-C_aircraft-01,procurement_required
P1_236_45,G2,C_aircraft,G2-C_aircraft-02,T019_2,4832.685966545964,7071.870031513806,,,NEW-C_aircraft-01,procurement_required
P1_236_45,G2,A_batteries,G2-A_batteries-01,T002_1,0.0,2667.5322461730734,T016,1690.3331827833913,A01,existing
P1_236_45,G2,A_batteries,G2-A_batteries-01,T016,4357.865428956465,7189.599845781131,T019_1,499.78199251226124,A01,existing
P1_236_45,G2,A_batteries,G2-A_batteries-01,T019_1,7689.381838293392,10409.758236602142,,,A01,existing
P1_236_45,G2,A_batteries,G2-A_batteries-02,T014_1,0.0,2810.952429148163,T007,1521.9129998083026,A02,existing
P1_236_45,G2,A_batteries,G2-A_batteries-02,T007,4332.865428956466,8394.169789148978,,,A02,existing
P1_236_45,G2,A_batteries,G2-A_batteries-03,T023,6053.623633624929,8794.320358969193,,,A03,existing
P1_236_45,G2,A_batteries,G2-A_batteries-04,T020,6940.906426065389,10151.116923729283,,,A04,existing
P1_236_45,G2,B_batteries,G2-B_batteries-01,T013,2.631913957884535e-07,3917.286899235777,T014_2,1642.441304681539,B02,existing
P1_236_45,G2,B_batteries,G2-B_batteries-01,T014_2,5559.728203917316,9106.026402123385,,,B02,existing
P1_236_45,G2,B_batteries,G2-B_batteries-02,T021,3656.6868324303223,7421.910255834926,T022,2291.583222693718,B03,existing
P1_236_45,G2,B_batteries,G2-B_batteries-02,T022,9713.493478528644,12750.274657105232,,,B03,existing
P1_236_45,G2,B_batteries,G2-B_batteries-03,T006,5112.4729743532125,7435.544137052532,,,B04,existing
P1_236_45,G2,C_batteries,G2-C_batteries-01,T010_1,0.0,3563.4170832737245,T012,46.57780265400197,C02,existing
P1_236_45,G2,C_batteries,G2-C_batteries-01,T012,3609.9948859277265,8217.742244657848,,,C02,existing
P1_236_45,G2,C_batteries,G2-C_batteries-02,T004,1434.4262775174655,5752.089857916125,T018,5.000100000000202,C03,existing
P1_236_45,G2,C_batteries,G2-C_batteries-02,T018,5757.089957916125,10691.253758748288,,,C03,existing
P1_236_45,G2,C_batteries,G2-C_batteries-03,T019_2,4832.685966545964,9540.547812933855,,,C04,existing
P1_236_45,G2,relay_aircraft,G2-relay_aircraft-01,R003,5.186098884268291,7850.634235067152,R004,1733.0453420825716,R01,existing
P1_236_45,G2,relay_aircraft,G2-relay_aircraft-01,R004,9583.679577149724,11813.399509678484,,,R01,existing
P1_236_45,G2,relay_aircraft,G2-relay_aircraft-02,R001,162.1373190294086,2129.297638856331,R002,2462.7051091295434,R02,existing
P1_236_45,G2,relay_aircraft,G2-relay_aircraft-02,R002,4592.0027479858745,9578.679477149724,,,R02,existing
P1_236_45,G2,relay_components,G2-relay_components-01,R003,5.186098884268291,8956.255878782365,R004,627.4236983673582,RE01,existing
P1_236_45,G2,relay_components,G2-relay_components-01,R004,9583.679577149724,12221.929892002603,,,RE01,existing
P1_236_45,G2,relay_components,G2-relay_components-02,R001,162.1373190294086,2493.9201725268517,R002,2098.082575459023,RE02,existing
P1_236_45,G2,relay_components,G2-relay_components-02,R002,4592.0027479858745,10318.120453993146,,,RE02,existing
P1_236_45,G3,A_aircraft,G3-A_aircraft-01,T009,0.0,1316.0142144169886,T002_2,896.854901909097,U03,existing
P1_236_45,G3,A_aircraft,G3-A_aircraft-01,T002_2,2212.8691163260855,3815.461852306258,T017,3953.9901172072023,U03,existing
P1_236_45,G3,A_aircraft,G3-A_aircraft-01,T017,7769.45196951346,10113.299044225432,,,U03,existing
P1_236_45,G3,A_aircraft,G3-A_aircraft-02,T011,2058.1153733026395,4188.754462062222,,,U04,existing
P1_236_45,G3,B_aircraft,G3-B_aircraft-01,T015,2097.1153733026395,3651.686732430321,,,NEW-B_aircraft-02,procurement_required
P1_236_45,G3,B_aircraft,G3-B_aircraft-02,T008,2348.76072154738,4193.299611702947,,,NEW-B_aircraft-03,procurement_required
P1_236_45,G3,C_aircraft,G3-C_aircraft-01,T010_2,1828.2245061505073,3261.2595890284992,,,NEW-C_aircraft-02,procurement_required
P1_236_45,G3,A_batteries,G3-A_batteries-01,T009,0.0,2207.8690163260853,T002_2,5.000100000000202,A05,existing
P1_236_45,G3,A_batteries,G3-A_batteries-01,T002_2,2212.8691163260855,4879.929014022942,T017,2889.522955490518,A05,existing
P1_236_45,G3,A_batteries,G3-A_batteries-01,T017,7769.45196951346,11476.863027475007,,,A05,existing
P1_236_45,G3,A_batteries,G3-A_batteries-02,T011,2058.1153733026395,5546.539457030654,,,A06,existing
P1_236_45,G3,B_batteries,G3-B_batteries-01,T015,2097.1153733026395,5107.472874353213,,,NEW-B_batteries-01,procurement_required
P1_236_45,G3,B_batteries,G3-B_batteries-02,T008,2348.76072154738,5781.961574782329,,,NEW-B_batteries-02,procurement_required
P1_236_45,G3,C_batteries,G3-C_batteries-01,T010_2,1828.2245061505073,4709.032782226957,,,NEW-C_batteries-01,procurement_required
P1_236_45,G3,relay_aircraft,G3-relay_aircraft-01,R005,2134.2977388563304,4587.002647985877,R006,3268.6316870812743,NEW-relay_aircraft-01,procurement_required
P1_236_45,G3,relay_aircraft,G3-relay_aircraft-01,R006,7855.634335067151,10510.693895951956,,,NEW-relay_aircraft-01,procurement_required
P1_236_45,G3,relay_components,G3-relay_components-01,R005,2134.2977388563304,5015.591855407197,R006,2840.0424796599546,RE03,existing
P1_236_45,G3,relay_components,G3-relay_components-01,R006,7855.634335067151,10964.401779763033,,,RE03,existing
P1_23_456,G1,B_aircraft,G1-B_aircraft-01,T005,0.0,1210.3573074816584,,,U05,existing
P1_23_456,G1,C_aircraft,G1-C_aircraft-01,T003,0.0,1429.4261775174655,T001,1836.833511511034,U07,existing
P1_23_456,G1,C_aircraft,G1-C_aircraft-01,T001,3266.2596890284995,4827.685866545965,,,U07,existing
P1_23_456,G1,B_batteries,G1-B_batteries-01,T005,0.0,2343.7606215473797,,,B01,existing
P1_23_456,G1,C_batteries,G1-C_batteries-01,T003,0.0,2947.606630665684,T001,318.6530583628155,C01,existing
P1_23_456,G1,C_batteries,G1-C_batteries-01,T001,3266.2596890284995,6416.352542791451,,,C01,existing
P1_23_456,G2,A_aircraft,G2-A_aircraft-01,T002_1,0.0,1652.4416357195464,T016,2705.4237932369183,U01,existing
P1_23_456,G2,A_aircraft,G2-A_aircraft-01,T016,4357.865428956465,6053.623533624929,T023,0.00010000000020227162,U01,existing
P1_23_456,G2,A_aircraft,G2-A_aircraft-01,T023,6053.623633624929,7689.381738293394,T019_1,9.999999838328222e-05,U01,existing
P1_23_456,G2,A_aircraft,G2-A_aircraft-01,T019_1,7689.381838293392,9325.139942961858,,,U01,existing
P1_23_456,G2,A_aircraft,G2-A_aircraft-02,T014_1,0.0,1695.7581046684645,T007,2637.107324288001,U02,existing
P1_23_456,G2,A_aircraft,G2-A_aircraft-02,T007,4332.865428956466,6940.9063260653875,T020,0.00010000000111176632,U02,existing
P1_23_456,G2,A_aircraft,G2-A_aircraft-02,T020,6940.906426065389,8911.116273042207,,,U02,existing
P1_23_456,G2,B_aircraft,G2-B_aircraft-01,T013,2.631913957884535e-07,1958.0412717501863,T021,1698.645560680136,U06,existing
P1_23_456,G2,B_aircraft,G2-B_aircraft-01,T021,3656.6868324303223,5554.728103917317,T014_2,5.000099999999293,U06,existing
P1_23_456,G2,B_aircraft,G2-B_aircraft-01,T014_2,5559.728203917316,7425.499213465236,T022,2287.9942650634084,U06,existing
P1_23_456,G2,B_aircraft,G2-B_aircraft-01,T022,9713.493478528644,11214.272215143501,,,U06,existing
P1_23_456,G2,C_aircraft,G2-C_aircraft-01,T010_1,0.0,1823.224406150507,T012,1786.7704797772194,U08,existing
P1_23_456,G2,C_aircraft,G2-C_aircraft-01,T012,3609.9948859277265,5725.07652720618,T018,32.01343070994517,U08,existing
P1_23_456,G2,C_aircraft,G2-C_aircraft-01,T018,5757.089957916125,8192.899478773774,,,U08,existing
P1_23_456,G2,C_aircraft,G2-C_aircraft-02,T004,1434.4262775174655,3604.9947859277245,T019_2,1227.6911806182397,NEW-C_aircraft-01,procurement_required
P1_23_456,G2,C_aircraft,G2-C_aircraft-02,T019_2,4832.685966545964,7071.870031513806,,,NEW-C_aircraft-01,procurement_required
P1_23_456,G2,A_batteries,G2-A_batteries-01,T002_1,0.0,2667.5322461730734,T016,1690.3331827833913,A01,existing
P1_23_456,G2,A_batteries,G2-A_batteries-01,T016,4357.865428956465,7189.599845781131,T019_1,499.78199251226124,A01,existing
P1_23_456,G2,A_batteries,G2-A_batteries-01,T019_1,7689.381838293392,10409.758236602142,,,A01,existing
P1_23_456,G2,A_batteries,G2-A_batteries-02,T014_1,0.0,2810.952429148163,T007,1521.9129998083026,A02,existing
P1_23_456,G2,A_batteries,G2-A_batteries-02,T007,4332.865428956466,8394.169789148978,,,A02,existing
P1_23_456,G2,A_batteries,G2-A_batteries-03,T023,6053.623633624929,8794.320358969193,,,A03,existing
P1_23_456,G2,A_batteries,G2-A_batteries-04,T020,6940.906426065389,10151.116923729283,,,A04,existing
P1_23_456,G2,B_batteries,G2-B_batteries-01,T013,2.631913957884535e-07,3917.286899235777,T014_2,1642.441304681539,B02,existing
P1_23_456,G2,B_batteries,G2-B_batteries-01,T014_2,5559.728203917316,9106.026402123385,,,B02,existing
P1_23_456,G2,B_batteries,G2-B_batteries-02,T021,3656.6868324303223,7421.910255834926,T022,2291.583222693718,B03,existing
P1_23_456,G2,B_batteries,G2-B_batteries-02,T022,9713.493478528644,12750.274657105232,,,B03,existing
P1_23_456,G2,C_batteries,G2-C_batteries-01,T010_1,0.0,3563.4170832737245,T012,46.57780265400197,C02,existing
P1_23_456,G2,C_batteries,G2-C_batteries-01,T012,3609.9948859277265,8217.742244657848,,,C02,existing
P1_23_456,G2,C_batteries,G2-C_batteries-02,T004,1434.4262775174655,5752.089857916125,T018,5.000100000000202,C03,existing
P1_23_456,G2,C_batteries,G2-C_batteries-02,T018,5757.089957916125,10691.253758748288,,,C03,existing
P1_23_456,G2,C_batteries,G2-C_batteries-03,T019_2,4832.685966545964,9540.547812933855,,,C04,existing
P1_23_456,G2,relay_aircraft,G2-relay_aircraft-01,R003,5.186098884268291,7850.634235067152,R004,1733.0453420825716,R01,existing
P1_23_456,G2,relay_aircraft,G2-relay_aircraft-01,R004,9583.679577149724,11813.399509678484,,,R01,existing
P1_23_456,G2,relay_aircraft,G2-relay_aircraft-02,R001,162.1373190294086,2129.297638856331,R002,2462.7051091295434,R02,existing
P1_23_456,G2,relay_aircraft,G2-relay_aircraft-02,R002,4592.0027479858745,9578.679477149724,,,R02,existing
P1_23_456,G2,relay_components,G2-relay_components-01,R003,5.186098884268291,8956.255878782365,R004,627.4236983673582,RE01,existing
P1_23_456,G2,relay_components,G2-relay_components-01,R004,9583.679577149724,12221.929892002603,,,RE01,existing
P1_23_456,G2,relay_components,G2-relay_components-02,R001,162.1373190294086,2493.9201725268517,R002,2098.082575459023,RE02,existing
P1_23_456,G2,relay_components,G2-relay_components-02,R002,4592.0027479858745,10318.120453993146,,,RE02,existing
P1_23_456,G3,A_aircraft,G3-A_aircraft-01,T009,0.0,1316.0142144169886,T002_2,896.854901909097,U03,existing
P1_23_456,G3,A_aircraft,G3-A_aircraft-01,T002_2,2212.8691163260855,3815.461852306258,T017,3953.9901172072023,U03,existing
P1_23_456,G3,A_aircraft,G3-A_aircraft-01,T017,7769.45196951346,10113.299044225432,,,U03,existing
P1_23_456,G3,A_aircraft,G3-A_aircraft-02,T011,2058.1153733026395,4188.754462062222,,,U04,existing
P1_23_456,G3,B_aircraft,G3-B_aircraft-01,T015,2097.1153733026395,3651.686732430321,T006,1460.7862419228913,NEW-B_aircraft-01,procurement_required
P1_23_456,G3,B_aircraft,G3-B_aircraft-01,T006,5112.4729743532125,6302.1032600896515,,,NEW-B_aircraft-01,procurement_required
P1_23_456,G3,B_aircraft,G3-B_aircraft-02,T008,2348.76072154738,4193.299611702947,,,NEW-B_aircraft-02,procurement_required
P1_23_456,G3,C_aircraft,G3-C_aircraft-01,T010_2,1828.2245061505073,3261.2595890284992,,,NEW-C_aircraft-02,procurement_required
P1_23_456,G3,A_batteries,G3-A_batteries-01,T009,0.0,2207.8690163260853,T002_2,5.000100000000202,A05,existing
P1_23_456,G3,A_batteries,G3-A_batteries-01,T002_2,2212.8691163260855,4879.929014022942,T017,2889.522955490518,A05,existing
P1_23_456,G3,A_batteries,G3-A_batteries-01,T017,7769.45196951346,11476.863027475007,,,A05,existing
P1_23_456,G3,A_batteries,G3-A_batteries-02,T011,2058.1153733026395,5546.539457030654,,,A06,existing
P1_23_456,G3,B_batteries,G3-B_batteries-01,T015,2097.1153733026395,5107.472874353213,T006,5.000099999999293,B04,existing
P1_23_456,G3,B_batteries,G3-B_batteries-01,T006,5112.4729743532125,7435.544137052532,,,B04,existing
P1_23_456,G3,B_batteries,G3-B_batteries-02,T008,2348.76072154738,5781.961574782329,,,NEW-B_batteries-01,procurement_required
P1_23_456,G3,C_batteries,G3-C_batteries-01,T010_2,1828.2245061505073,4709.032782226957,,,NEW-C_batteries-01,procurement_required
P1_23_456,G3,relay_aircraft,G3-relay_aircraft-01,R005,2134.2977388563304,4587.002647985877,R006,3268.6316870812743,NEW-relay_aircraft-01,procurement_required
P1_23_456,G3,relay_aircraft,G3-relay_aircraft-01,R006,7855.634335067151,10510.693895951956,,,NEW-relay_aircraft-01,procurement_required
P1_23_456,G3,relay_components,G3-relay_components-01,R005,2134.2977388563304,5015.591855407197,R006,2840.0424796599546,RE03,existing
P1_23_456,G3,relay_components,G3-relay_components-01,R006,7855.634335067151,10964.401779763033,,,RE03,existing
P1456_2_3,G1,A_aircraft,G1-A_aircraft-01,T009,0.0,1316.0142144169886,T002_2,896.854901909097,U01,existing
P1456_2_3,G1,A_aircraft,G1-A_aircraft-01,T002_2,2212.8691163260855,3815.461852306258,T017,3953.9901172072023,U01,existing
P1456_2_3,G1,A_aircraft,G1-A_aircraft-01,T017,7769.45196951346,10113.299044225432,,,U01,existing
P1456_2_3,G1,A_aircraft,G1-A_aircraft-02,T011,2058.1153733026395,4188.754462062222,,,U02,existing
P1456_2_3,G1,B_aircraft,G1-B_aircraft-01,T005,0.0,1210.3573074816584,T008,1138.4034140657216,U05,existing
P1456_2_3,G1,B_aircraft,G1-B_aircraft-01,T008,2348.76072154738,4193.299611702947,,,U05,existing
P1456_2_3,G1,B_aircraft,G1-B_aircraft-02,T015,2097.1153733026395,3651.686732430321,T006,1460.7862419228913,U06,existing
P1456_2_3,G1,B_aircraft,G1-B_aircraft-02,T006,5112.4729743532125,6302.1032600896515,,,U06,existing
P1456_2_3,G1,C_aircraft,G1-C_aircraft-01,T003,0.0,1429.4261775174655,T010_2,398.7983286330418,U07,existing
P1456_2_3,G1,C_aircraft,G1-C_aircraft-01,T010_2,1828.2245061505073,3261.2595890284992,T001,5.000100000000202,U07,existing
P1456_2_3,G1,C_aircraft,G1-C_aircraft-01,T001,3266.2596890284995,4827.685866545965,,,U07,existing
P1456_2_3,G1,A_batteries,G1-A_batteries-01,T009,0.0,2207.8690163260853,T002_2,5.000100000000202,A01,existing
P1456_2_3,G1,A_batteries,G1-A_batteries-01,T002_2,2212.8691163260855,4879.929014022942,T017,2889.522955490518,A01,existing
P1456_2_3,G1,A_batteries,G1-A_batteries-01,T017,7769.45196951346,11476.863027475007,,,A01,existing
P1456_2_3,G1,A_batteries,G1-A_batteries-02,T011,2058.1153733026395,5546.539457030654,,,A02,existing
P1456_2_3,G1,B_batteries,G1-B_batteries-01,T005,0.0,2343.7606215473797,T008,5.000100000000202,B01,existing
P1456_2_3,G1,B_batteries,G1-B_batteries-01,T008,2348.76072154738,5781.961574782329,,,B01,existing
P1456_2_3,G1,B_batteries,G1-B_batteries-02,T015,2097.1153733026395,5107.472874353213,T006,5.000099999999293,B02,existing
P1456_2_3,G1,B_batteries,G1-B_batteries-02,T006,5112.4729743532125,7435.544137052532,,,B02,existing
P1456_2_3,G1,C_batteries,G1-C_batteries-01,T003,0.0,2947.606630665684,T001,318.6530583628155,C01,existing
P1456_2_3,G1,C_batteries,G1-C_batteries-01,T001,3266.2596890284995,6416.352542791451,,,C01,existing
P1456_2_3,G1,C_batteries,G1-C_batteries-02,T010_2,1828.2245061505073,4709.032782226957,,,C02,existing
P1456_2_3,G1,relay_aircraft,G1-relay_aircraft-01,R005,2134.2977388563304,4587.002647985877,R006,3268.6316870812743,R01,existing
P1456_2_3,G1,relay_aircraft,G1-relay_aircraft-01,R006,7855.634335067151,10510.693895951956,,,R01,existing
P1456_2_3,G1,relay_components,G1-relay_components-01,R005,2134.2977388563304,5015.591855407197,R006,2840.0424796599546,RE01,existing
P1456_2_3,G1,relay_components,G1-relay_components-01,R006,7855.634335067151,10964.401779763033,,,RE01,existing
P1456_2_3,G2,B_aircraft,G2-B_aircraft-01,T013,2.631913957884535e-07,1958.0412717501863,T021,1698.645560680136,NEW-B_aircraft-01,procurement_required
P1456_2_3,G2,B_aircraft,G2-B_aircraft-01,T021,3656.6868324303223,5554.728103917317,T014_2,5.000099999999293,NEW-B_aircraft-01,procurement_required
P1456_2_3,G2,B_aircraft,G2-B_aircraft-01,T014_2,5559.728203917316,7425.499213465236,T022,2287.9942650634084,NEW-B_aircraft-01,procurement_required
P1456_2_3,G2,B_aircraft,G2-B_aircraft-01,T022,9713.493478528644,11214.272215143501,,,NEW-B_aircraft-01,procurement_required
P1456_2_3,G2,C_aircraft,G2-C_aircraft-01,T004,1434.4262775174655,3604.9947859277245,T019_2,1227.6911806182397,U08,existing
P1456_2_3,G2,C_aircraft,G2-C_aircraft-01,T019_2,4832.685966545964,7071.870031513806,,,U08,existing
P1456_2_3,G2,C_aircraft,G2-C_aircraft-02,T012,3609.9948859277265,5725.07652720618,,,NEW-C_aircraft-01,procurement_required
P1456_2_3,G2,B_batteries,G2-B_batteries-01,T013,2.631913957884535e-07,3917.286899235777,T014_2,1642.441304681539,B03,existing
P1456_2_3,G2,B_batteries,G2-B_batteries-01,T014_2,5559.728203917316,9106.026402123385,,,B03,existing
P1456_2_3,G2,B_batteries,G2-B_batteries-02,T021,3656.6868324303223,7421.910255834926,T022,2291.583222693718,B04,existing
P1456_2_3,G2,B_batteries,G2-B_batteries-02,T022,9713.493478528644,12750.274657105232,,,B04,existing
P1456_2_3,G2,C_batteries,G2-C_batteries-01,T004,1434.4262775174655,5752.089857916125,,,C03,existing
P1456_2_3,G2,C_batteries,G2-C_batteries-02,T012,3609.9948859277265,8217.742244657848,,,C04,existing
P1456_2_3,G2,C_batteries,G2-C_batteries-03,T019_2,4832.685966545964,9540.547812933855,,,NEW-C_batteries-01,procurement_required
P1456_2_3,G2,relay_aircraft,G2-relay_aircraft-01,R003,5.186098884268291,7850.634235067152,R004,1733.0453420825716,R02,existing
P1456_2_3,G2,relay_aircraft,G2-relay_aircraft-01,R004,9583.679577149724,11813.399509678484,,,R02,existing
P1456_2_3,G2,relay_components,G2-relay_components-01,R003,5.186098884268291,8956.255878782365,R004,627.4236983673582,RE02,existing
P1456_2_3,G2,relay_components,G2-relay_components-01,R004,9583.679577149724,12221.929892002603,,,RE02,existing
P1456_2_3,G3,A_aircraft,G3-A_aircraft-01,T002_1,0.0,1652.4416357195464,T016,2705.4237932369183,U03,existing
P1456_2_3,G3,A_aircraft,G3-A_aircraft-01,T016,4357.865428956465,6053.623533624929,T023,0.00010000000020227162,U03,existing
P1456_2_3,G3,A_aircraft,G3-A_aircraft-01,T023,6053.623633624929,7689.381738293394,T019_1,9.999999838328222e-05,U03,existing
P1456_2_3,G3,A_aircraft,G3-A_aircraft-01,T019_1,7689.381838293392,9325.139942961858,,,U03,existing
P1456_2_3,G3,A_aircraft,G3-A_aircraft-02,T014_1,0.0,1695.7581046684645,T007,2637.107324288001,U04,existing
P1456_2_3,G3,A_aircraft,G3-A_aircraft-02,T007,4332.865428956466,6940.9063260653875,T020,0.00010000000111176632,U04,existing
P1456_2_3,G3,A_aircraft,G3-A_aircraft-02,T020,6940.906426065389,8911.116273042207,,,U04,existing
P1456_2_3,G3,C_aircraft,G3-C_aircraft-01,T010_1,0.0,1823.224406150507,T018,3933.865551765618,NEW-C_aircraft-02,procurement_required
P1456_2_3,G3,C_aircraft,G3-C_aircraft-01,T018,5757.089957916125,8192.899478773774,,,NEW-C_aircraft-02,procurement_required
P1456_2_3,G3,A_batteries,G3-A_batteries-01,T002_1,0.0,2667.5322461730734,T016,1690.3331827833913,A03,existing
P1456_2_3,G3,A_batteries,G3-A_batteries-01,T016,4357.865428956465,7189.599845781131,T019_1,499.78199251226124,A03,existing
P1456_2_3,G3,A_batteries,G3-A_batteries-01,T019_1,7689.381838293392,10409.758236602142,,,A03,existing
P1456_2_3,G3,A_batteries,G3-A_batteries-02,T014_1,0.0,2810.952429148163,T007,1521.9129998083026,A04,existing
P1456_2_3,G3,A_batteries,G3-A_batteries-02,T007,4332.865428956466,8394.169789148978,,,A04,existing
P1456_2_3,G3,A_batteries,G3-A_batteries-03,T023,6053.623633624929,8794.320358969193,,,A05,existing
P1456_2_3,G3,A_batteries,G3-A_batteries-04,T020,6940.906426065389,10151.116923729283,,,A06,existing
P1456_2_3,G3,C_batteries,G3-C_batteries-01,T010_1,0.0,3563.4170832737245,T018,2193.6728746424005,NEW-C_batteries-02,procurement_required
P1456_2_3,G3,C_batteries,G3-C_batteries-01,T018,5757.089957916125,10691.253758748288,,,NEW-C_batteries-02,procurement_required
P1456_2_3,G3,relay_aircraft,G3-relay_aircraft-01,R001,162.1373190294086,2129.297638856331,R002,2462.7051091295434,NEW-relay_aircraft-01,procurement_required
P1456_2_3,G3,relay_aircraft,G3-relay_aircraft-01,R002,4592.0027479858745,9578.679477149724,,,NEW-relay_aircraft-01,procurement_required
P1456_2_3,G3,relay_components,G3-relay_components-01,R001,162.1373190294086,2493.9201725268517,R002,2098.082575459023,RE03,existing
P1456_2_3,G3,relay_components,G3-relay_components-01,R002,4592.0027479858745,10318.120453993146,,,RE03,existing
P145_26_3,G1,A_aircraft,G1-A_aircraft-01,T009,0.0,1316.0142144169886,T002_2,896.854901909097,U01,existing
P145_26_3,G1,A_aircraft,G1-A_aircraft-01,T002_2,2212.8691163260855,3815.461852306258,T017,3953.9901172072023,U01,existing
P145_26_3,G1,A_aircraft,G1-A_aircraft-01,T017,7769.45196951346,10113.299044225432,,,U01,existing
P145_26_3,G1,A_aircraft,G1-A_aircraft-02,T011,2058.1153733026395,4188.754462062222,,,U02,existing
P145_26_3,G1,B_aircraft,G1-B_aircraft-01,T005,0.0,1210.3573074816584,T008,1138.4034140657216,U05,existing
P145_26_3,G1,B_aircraft,G1-B_aircraft-01,T008,2348.76072154738,4193.299611702947,,,U05,existing
P145_26_3,G1,B_aircraft,G1-B_aircraft-02,T015,2097.1153733026395,3651.686732430321,,,U06,existing
P145_26_3,G1,C_aircraft,G1-C_aircraft-01,T003,0.0,1429.4261775174655,T010_2,398.7983286330418,U07,existing
P145_26_3,G1,C_aircraft,G1-C_aircraft-01,T010_2,1828.2245061505073,3261.2595890284992,T001,5.000100000000202,U07,existing
P145_26_3,G1,C_aircraft,G1-C_aircraft-01,T001,3266.2596890284995,4827.685866545965,,,U07,existing
P145_26_3,G1,A_batteries,G1-A_batteries-01,T009,0.0,2207.8690163260853,T002_2,5.000100000000202,A01,existing
P145_26_3,G1,A_batteries,G1-A_batteries-01,T002_2,2212.8691163260855,4879.929014022942,T017,2889.522955490518,A01,existing
P145_26_3,G1,A_batteries,G1-A_batteries-01,T017,7769.45196951346,11476.863027475007,,,A01,existing
P145_26_3,G1,A_batteries,G1-A_batteries-02,T011,2058.1153733026395,5546.539457030654,,,A02,existing
P145_26_3,G1,B_batteries,G1-B_batteries-01,T005,0.0,2343.7606215473797,T008,5.000100000000202,B01,existing
P145_26_3,G1,B_batteries,G1-B_batteries-01,T008,2348.76072154738,5781.961574782329,,,B01,existing
P145_26_3,G1,B_batteries,G1-B_batteries-02,T015,2097.1153733026395,5107.472874353213,,,B02,existing
P145_26_3,G1,C_batteries,G1-C_batteries-01,T003,0.0,2947.606630665684,T001,318.6530583628155,C01,existing
P145_26_3,G1,C_batteries,G1-C_batteries-01,T001,3266.2596890284995,6416.352542791451,,,C01,existing
P145_26_3,G1,C_batteries,G1-C_batteries-02,T010_2,1828.2245061505073,4709.032782226957,,,C02,existing
P145_26_3,G1,relay_aircraft,G1-relay_aircraft-01,R005,2134.2977388563304,4587.002647985877,R006,3268.6316870812743,R01,existing
P145_26_3,G1,relay_aircraft,G1-relay_aircraft-01,R006,7855.634335067151,10510.693895951956,,,R01,existing
P145_26_3,G1,relay_components,G1-relay_components-01,R005,2134.2977388563304,5015.591855407197,R006,2840.0424796599546,RE01,existing
P145_26_3,G1,relay_components,G1-relay_components-01,R006,7855.634335067151,10964.401779763033,,,RE01,existing
P145_26_3,G2,B_aircraft,G2-B_aircraft-01,T013,2.631913957884535e-07,1958.0412717501863,T021,1698.645560680136,NEW-B_aircraft-01,procurement_required
P145_26_3,G2,B_aircraft,G2-B_aircraft-01,T021,3656.6868324303223,5554.728103917317,T014_2,5.000099999999293,NEW-B_aircraft-01,procurement_required
P145_26_3,G2,B_aircraft,G2-B_aircraft-01,T014_2,5559.728203917316,7425.499213465236,,,NEW-B_aircraft-01,procurement_required
P145_26_3,G2,B_aircraft,G2-B_aircraft-02,T006,5112.4729743532125,6302.1032600896515,T022,3411.3902184389926,NEW-B_aircraft-02,procurement_required
P145_26_3,G2,B_aircraft,G2-B_aircraft-02,T022,9713.493478528644,11214.272215143501,,,NEW-B_aircraft-02,procurement_required
P145_26_3,G2,C_aircraft,G2-C_aircraft-01,T004,1434.4262775174655,3604.9947859277245,T019_2,1227.6911806182397,U08,existing
P145_26_3,G2,C_aircraft,G2-C_aircraft-01,T019_2,4832.685966545964,7071.870031513806,,,U08,existing
P145_26_3,G2,C_aircraft,G2-C_aircraft-02,T012,3609.9948859277265,5725.07652720618,,,NEW-C_aircraft-01,procurement_required
P145_26_3,G2,B_batteries,G2-B_batteries-01,T013,2.631913957884535e-07,3917.286899235777,T014_2,1642.441304681539,B03,existing
P145_26_3,G2,B_batteries,G2-B_batteries-01,T014_2,5559.728203917316,9106.026402123385,,,B03,existing
P145_26_3,G2,B_batteries,G2-B_batteries-02,T021,3656.6868324303223,7421.910255834926,T022,2291.583222693718,B04,existing
P145_26_3,G2,B_batteries,G2-B_batteries-02,T022,9713.493478528644,12750.274657105232,,,B04,existing
P145_26_3,G2,B_batteries,G2-B_batteries-03,T006,5112.4729743532125,7435.544137052532,,,NEW-B_batteries-01,procurement_required
P145_26_3,G2,C_batteries,G2-C_batteries-01,T004,1434.4262775174655,5752.089857916125,,,C03,existing
P145_26_3,G2,C_batteries,G2-C_batteries-02,T012,3609.9948859277265,8217.742244657848,,,C04,existing
P145_26_3,G2,C_batteries,G2-C_batteries-03,T019_2,4832.685966545964,9540.547812933855,,,NEW-C_batteries-01,procurement_required
P145_26_3,G2,relay_aircraft,G2-relay_aircraft-01,R003,5.186098884268291,7850.634235067152,R004,1733.0453420825716,R02,existing
P145_26_3,G2,relay_aircraft,G2-relay_aircraft-01,R004,9583.679577149724,11813.399509678484,,,R02,existing
P145_26_3,G2,relay_components,G2-relay_components-01,R003,5.186098884268291,8956.255878782365,R004,627.4236983673582,RE02,existing
P145_26_3,G2,relay_components,G2-relay_components-01,R004,9583.679577149724,12221.929892002603,,,RE02,existing
P145_26_3,G3,A_aircraft,G3-A_aircraft-01,T002_1,0.0,1652.4416357195464,T016,2705.4237932369183,U03,existing
P145_26_3,G3,A_aircraft,G3-A_aircraft-01,T016,4357.865428956465,6053.623533624929,T023,0.00010000000020227162,U03,existing
P145_26_3,G3,A_aircraft,G3-A_aircraft-01,T023,6053.623633624929,7689.381738293394,T019_1,9.999999838328222e-05,U03,existing
P145_26_3,G3,A_aircraft,G3-A_aircraft-01,T019_1,7689.381838293392,9325.139942961858,,,U03,existing
P145_26_3,G3,A_aircraft,G3-A_aircraft-02,T014_1,0.0,1695.7581046684645,T007,2637.107324288001,U04,existing
P145_26_3,G3,A_aircraft,G3-A_aircraft-02,T007,4332.865428956466,6940.9063260653875,T020,0.00010000000111176632,U04,existing
P145_26_3,G3,A_aircraft,G3-A_aircraft-02,T020,6940.906426065389,8911.116273042207,,,U04,existing
P145_26_3,G3,C_aircraft,G3-C_aircraft-01,T010_1,0.0,1823.224406150507,T018,3933.865551765618,NEW-C_aircraft-02,procurement_required
P145_26_3,G3,C_aircraft,G3-C_aircraft-01,T018,5757.089957916125,8192.899478773774,,,NEW-C_aircraft-02,procurement_required
P145_26_3,G3,A_batteries,G3-A_batteries-01,T002_1,0.0,2667.5322461730734,T016,1690.3331827833913,A03,existing
P145_26_3,G3,A_batteries,G3-A_batteries-01,T016,4357.865428956465,7189.599845781131,T019_1,499.78199251226124,A03,existing
P145_26_3,G3,A_batteries,G3-A_batteries-01,T019_1,7689.381838293392,10409.758236602142,,,A03,existing
P145_26_3,G3,A_batteries,G3-A_batteries-02,T014_1,0.0,2810.952429148163,T007,1521.9129998083026,A04,existing
P145_26_3,G3,A_batteries,G3-A_batteries-02,T007,4332.865428956466,8394.169789148978,,,A04,existing
P145_26_3,G3,A_batteries,G3-A_batteries-03,T023,6053.623633624929,8794.320358969193,,,A05,existing
P145_26_3,G3,A_batteries,G3-A_batteries-04,T020,6940.906426065389,10151.116923729283,,,A06,existing
P145_26_3,G3,C_batteries,G3-C_batteries-01,T010_1,0.0,3563.4170832737245,T018,2193.6728746424005,NEW-C_batteries-02,procurement_required
P145_26_3,G3,C_batteries,G3-C_batteries-01,T018,5757.089957916125,10691.253758748288,,,NEW-C_batteries-02,procurement_required
P145_26_3,G3,relay_aircraft,G3-relay_aircraft-01,R001,162.1373190294086,2129.297638856331,R002,2462.7051091295434,NEW-relay_aircraft-01,procurement_required
P145_26_3,G3,relay_aircraft,G3-relay_aircraft-01,R002,4592.0027479858745,9578.679477149724,,,NEW-relay_aircraft-01,procurement_required
P145_26_3,G3,relay_components,G3-relay_components-01,R001,162.1373190294086,2493.9201725268517,R002,2098.082575459023,RE03,existing
P145_26_3,G3,relay_components,G3-relay_components-01,R002,4592.0027479858745,10318.120453993146,,,RE03,existing
P145_2_36,G1,A_aircraft,G1-A_aircraft-01,T009,0.0,1316.0142144169886,T002_2,896.854901909097,U01,existing
P145_2_36,G1,A_aircraft,G1-A_aircraft-01,T002_2,2212.8691163260855,3815.461852306258,T017,3953.9901172072023,U01,existing
P145_2_36,G1,A_aircraft,G1-A_aircraft-01,T017,7769.45196951346,10113.299044225432,,,U01,existing
P145_2_36,G1,A_aircraft,G1-A_aircraft-02,T011,2058.1153733026395,4188.754462062222,,,U02,existing
P145_2_36,G1,B_aircraft,G1-B_aircraft-01,T005,0.0,1210.3573074816584,T008,1138.4034140657216,U05,existing
P145_2_36,G1,B_aircraft,G1-B_aircraft-01,T008,2348.76072154738,4193.299611702947,,,U05,existing
P145_2_36,G1,B_aircraft,G1-B_aircraft-02,T015,2097.1153733026395,3651.686732430321,,,U06,existing
P145_2_36,G1,C_aircraft,G1-C_aircraft-01,T003,0.0,1429.4261775174655,T010_2,398.7983286330418,U07,existing
P145_2_36,G1,C_aircraft,G1-C_aircraft-01,T010_2,1828.2245061505073,3261.2595890284992,T001,5.000100000000202,U07,existing
P145_2_36,G1,C_aircraft,G1-C_aircraft-01,T001,3266.2596890284995,4827.685866545965,,,U07,existing
P145_2_36,G1,A_batteries,G1-A_batteries-01,T009,0.0,2207.8690163260853,T002_2,5.000100000000202,A01,existing
P145_2_36,G1,A_batteries,G1-A_batteries-01,T002_2,2212.8691163260855,4879.929014022942,T017,2889.522955490518,A01,existing
P145_2_36,G1,A_batteries,G1-A_batteries-01,T017,7769.45196951346,11476.863027475007,,,A01,existing
P145_2_36,G1,A_batteries,G1-A_batteries-02,T011,2058.1153733026395,5546.539457030654,,,A02,existing
P145_2_36,G1,B_batteries,G1-B_batteries-01,T005,0.0,2343.7606215473797,T008,5.000100000000202,B01,existing
P145_2_36,G1,B_batteries,G1-B_batteries-01,T008,2348.76072154738,5781.961574782329,,,B01,existing
P145_2_36,G1,B_batteries,G1-B_batteries-02,T015,2097.1153733026395,5107.472874353213,,,B02,existing
P145_2_36,G1,C_batteries,G1-C_batteries-01,T003,0.0,2947.606630665684,T001,318.6530583628155,C01,existing
P145_2_36,G1,C_batteries,G1-C_batteries-01,T001,3266.2596890284995,6416.352542791451,,,C01,existing
P145_2_36,G1,C_batteries,G1-C_batteries-02,T010_2,1828.2245061505073,4709.032782226957,,,C02,existing
P145_2_36,G1,relay_aircraft,G1-relay_aircraft-01,R005,2134.2977388563304,4587.002647985877,R006,3268.6316870812743,R01,existing
P145_2_36,G1,relay_aircraft,G1-relay_aircraft-01,R006,7855.634335067151,10510.693895951956,,,R01,existing
P145_2_36,G1,relay_components,G1-relay_components-01,R005,2134.2977388563304,5015.591855407197,R006,2840.0424796599546,RE01,existing
P145_2_36,G1,relay_components,G1-relay_components-01,R006,7855.634335067151,10964.401779763033,,,RE01,existing
P145_2_36,G2,B_aircraft,G2-B_aircraft-01,T013,2.631913957884535e-07,1958.0412717501863,T021,1698.645560680136,NEW-B_aircraft-01,procurement_required
P145_2_36,G2,B_aircraft,G2-B_aircraft-01,T021,3656.6868324303223,5554.728103917317,T014_2,5.000099999999293,NEW-B_aircraft-01,procurement_required
P145_2_36,G2,B_aircraft,G2-B_aircraft-01,T014_2,5559.728203917316,7425.499213465236,T022,2287.9942650634084,NEW-B_aircraft-01,procurement_required
P145_2_36,G2,B_aircraft,G2-B_aircraft-01,T022,9713.493478528644,11214.272215143501,,,NEW-B_aircraft-01,procurement_required
P145_2_36,G2,C_aircraft,G2-C_aircraft-01,T004,1434.4262775174655,3604.9947859277245,T019_2,1227.6911806182397,U08,existing
P145_2_36,G2,C_aircraft,G2-C_aircraft-01,T019_2,4832.685966545964,7071.870031513806,,,U08,existing
P145_2_36,G2,C_aircraft,G2-C_aircraft-02,T012,3609.9948859277265,5725.07652720618,,,NEW-C_aircraft-01,procurement_required
P145_2_36,G2,B_batteries,G2-B_batteries-01,T013,2.631913957884535e-07,3917.286899235777,T014_2,1642.441304681539,B03,existing
P145_2_36,G2,B_batteries,G2-B_batteries-01,T014_2,5559.728203917316,9106.026402123385,,,B03,existing
P145_2_36,G2,B_batteries,G2-B_batteries-02,T021,3656.6868324303223,7421.910255834926,T022,2291.583222693718,B04,existing
P145_2_36,G2,B_batteries,G2-B_batteries-02,T022,9713.493478528644,12750.274657105232,,,B04,existing
P145_2_36,G2,C_batteries,G2-C_batteries-01,T004,1434.4262775174655,5752.089857916125,,,C03,existing
P145_2_36,G2,C_batteries,G2-C_batteries-02,T012,3609.9948859277265,8217.742244657848,,,C04,existing
P145_2_36,G2,C_batteries,G2-C_batteries-03,T019_2,4832.685966545964,9540.547812933855,,,NEW-C_batteries-01,procurement_required
P145_2_36,G2,relay_aircraft,G2-relay_aircraft-01,R003,5.186098884268291,7850.634235067152,R004,1733.0453420825716,R02,existing
P145_2_36,G2,relay_aircraft,G2-relay_aircraft-01,R004,9583.679577149724,11813.399509678484,,,R02,existing
P145_2_36,G2,relay_components,G2-relay_components-01,R003,5.186098884268291,8956.255878782365,R004,627.4236983673582,RE02,existing
P145_2_36,G2,relay_components,G2-relay_components-01,R004,9583.679577149724,12221.929892002603,,,RE02,existing
P145_2_36,G3,A_aircraft,G3-A_aircraft-01,T002_1,0.0,1652.4416357195464,T016,2705.4237932369183,U03,existing
P145_2_36,G3,A_aircraft,G3-A_aircraft-01,T016,4357.865428956465,6053.623533624929,T023,0.00010000000020227162,U03,existing
P145_2_36,G3,A_aircraft,G3-A_aircraft-01,T023,6053.623633624929,7689.381738293394,T019_1,9.999999838328222e-05,U03,existing
P145_2_36,G3,A_aircraft,G3-A_aircraft-01,T019_1,7689.381838293392,9325.139942961858,,,U03,existing
P145_2_36,G3,A_aircraft,G3-A_aircraft-02,T014_1,0.0,1695.7581046684645,T007,2637.107324288001,U04,existing
P145_2_36,G3,A_aircraft,G3-A_aircraft-02,T007,4332.865428956466,6940.9063260653875,T020,0.00010000000111176632,U04,existing
P145_2_36,G3,A_aircraft,G3-A_aircraft-02,T020,6940.906426065389,8911.116273042207,,,U04,existing
P145_2_36,G3,B_aircraft,G3-B_aircraft-01,T006,5112.4729743532125,6302.1032600896515,,,NEW-B_aircraft-02,procurement_required
P145_2_36,G3,C_aircraft,G3-C_aircraft-01,T010_1,0.0,1823.224406150507,T018,3933.865551765618,NEW-C_aircraft-02,procurement_required
P145_2_36,G3,C_aircraft,G3-C_aircraft-01,T018,5757.089957916125,8192.899478773774,,,NEW-C_aircraft-02,procurement_required
P145_2_36,G3,A_batteries,G3-A_batteries-01,T002_1,0.0,2667.5322461730734,T016,1690.3331827833913,A03,existing
P145_2_36,G3,A_batteries,G3-A_batteries-01,T016,4357.865428956465,7189.599845781131,T019_1,499.78199251226124,A03,existing
P145_2_36,G3,A_batteries,G3-A_batteries-01,T019_1,7689.381838293392,10409.758236602142,,,A03,existing
P145_2_36,G3,A_batteries,G3-A_batteries-02,T014_1,0.0,2810.952429148163,T007,1521.9129998083026,A04,existing
P145_2_36,G3,A_batteries,G3-A_batteries-02,T007,4332.865428956466,8394.169789148978,,,A04,existing
P145_2_36,G3,A_batteries,G3-A_batteries-03,T023,6053.623633624929,8794.320358969193,,,A05,existing
P145_2_36,G3,A_batteries,G3-A_batteries-04,T020,6940.906426065389,10151.116923729283,,,A06,existing
P145_2_36,G3,B_batteries,G3-B_batteries-01,T006,5112.4729743532125,7435.544137052532,,,NEW-B_batteries-01,procurement_required
P145_2_36,G3,C_batteries,G3-C_batteries-01,T010_1,0.0,3563.4170832737245,T018,2193.6728746424005,NEW-C_batteries-02,procurement_required
P145_2_36,G3,C_batteries,G3-C_batteries-01,T018,5757.089957916125,10691.253758748288,,,NEW-C_batteries-02,procurement_required
P145_2_36,G3,relay_aircraft,G3-relay_aircraft-01,R001,162.1373190294086,2129.297638856331,R002,2462.7051091295434,NEW-relay_aircraft-01,procurement_required
P145_2_36,G3,relay_aircraft,G3-relay_aircraft-01,R002,4592.0027479858745,9578.679477149724,,,NEW-relay_aircraft-01,procurement_required
P145_2_36,G3,relay_components,G3-relay_components-01,R001,162.1373190294086,2493.9201725268517,R002,2098.082575459023,RE03,existing
P145_2_36,G3,relay_components,G3-relay_components-01,R002,4592.0027479858745,10318.120453993146,,,RE03,existing
P146_25_3,G1,A_aircraft,G1-A_aircraft-01,T009,0.0,1316.0142144169886,,,U01,existing
P146_25_3,G1,B_aircraft,G1-B_aircraft-01,T005,0.0,1210.3573074816584,T006,3902.115666871554,U05,existing
P146_25_3,G1,B_aircraft,G1-B_aircraft-01,T006,5112.4729743532125,6302.1032600896515,,,U05,existing
P146_25_3,G1,C_aircraft,G1-C_aircraft-01,T003,0.0,1429.4261775174655,T010_2,398.7983286330418,U07,existing
P146_25_3,G1,C_aircraft,G1-C_aircraft-01,T010_2,1828.2245061505073,3261.2595890284992,T001,5.000100000000202,U07,existing
P146_25_3,G1,C_aircraft,G1-C_aircraft-01,T001,3266.2596890284995,4827.685866545965,,,U07,existing
P146_25_3,G1,A_batteries,G1-A_batteries-01,T009,0.0,2207.8690163260853,,,A01,existing
P146_25_3,G1,B_batteries,G1-B_batteries-01,T005,0.0,2343.7606215473797,T006,2768.712352805833,B01,existing
P146_25_3,G1,B_batteries,G1-B_batteries-01,T006,5112.4729743532125,7435.544137052532,,,B01,existing
P146_25_3,G1,C_batteries,G1-C_batteries-01,T003,0.0,2947.606630665684,T001,318.6530583628155,C01,existing
P146_25_3,G1,C_batteries,G1-C_batteries-01,T001,3266.2596890284995,6416.352542791451,,,C01,existing
P146_25_3,G1,C_batteries,G1-C_batteries-02,T010_2,1828.2245061505073,4709.032782226957,,,C02,existing
P146_25_3,G2,A_aircraft,G2-A_aircraft-01,T011,2058.1153733026395,4188.754462062222,,,U02,existing
P146_25_3,G2,A_aircraft,G2-A_aircraft-02,T002_2,2212.8691163260855,3815.461852306258,T017,3953.9901172072023,U03,existing
P146_25_3,G2,A_aircraft,G2-A_aircraft-02,T017,7769.45196951346,10113.299044225432,,,U03,existing
P146_25_3,G2,B_aircraft,G2-B_aircraft-01,T013,2.631913957884535e-07,1958.0412717501863,T015,139.07410155245316,U06,existing
P146_25_3,G2,B_aircraft,G2-B_aircraft-01,T015,2097.1153733026395,3651.686732430321,T021,5.000100000001112,U06,existing
P146_25_3,G2,B_aircraft,G2-B_aircraft-01,T021,3656.6868324303223,5554.728103917317,T022,4158.765374611327,U06,existing
P146_25_3,G2,B_aircraft,G2-B_aircraft-01,T022,9713.493478528644,11214.272215143501,,,U06,existing
P146_25_3,G2,B_aircraft,G2-B_aircraft-02,T008,2348.76072154738,4193.299611702947,T014_2,1366.428592214369,NEW-B_aircraft-01,procurement_required
P146_25_3,G2,B_aircraft,G2-B_aircraft-02,T014_2,5559.728203917316,7425.499213465236,,,NEW-B_aircraft-01,procurement_required
P146_25_3,G2,C_aircraft,G2-C_aircraft-01,T004,1434.4262775174655,3604.9947859277245,T019_2,1227.6911806182397,U08,existing
P146_25_3,G2,C_aircraft,G2-C_aircraft-01,T019_2,4832.685966545964,7071.870031513806,,,U08,existing
P146_25_3,G2,C_aircraft,G2-C_aircraft-02,T012,3609.9948859277265,5725.07652720618,,,NEW-C_aircraft-01,procurement_required
P146_25_3,G2,A_batteries,G2-A_batteries-01,T011,2058.1153733026395,5546.539457030654,,,A02,existing
P146_25_3,G2,A_batteries,G2-A_batteries-02,T002_2,2212.8691163260855,4879.929014022942,T017,2889.522955490518,A03,existing
P146_25_3,G2,A_batteries,G2-A_batteries-02,T017,7769.45196951346,11476.863027475007,,,A03,existing
P146_25_3,G2,B_batteries,G2-B_batteries-01,T013,2.631913957884535e-07,3917.286899235777,T014_2,1642.441304681539,B02,existing
P146_25_3,G2,B_batteries,G2-B_batteries-01,T014_2,5559.728203917316,9106.026402123385,,,B02,existing
P146_25_3,G2,B_batteries,G2-B_batteries-02,T015,2097.1153733026395,5107.472874353213,T022,4606.020604175431,B03,existing
P146_25_3,G2,B_batteries,G2-B_batteries-02,T022,9713.493478528644,12750.274657105232,,,B03,existing
P146_25_3,G2,B_batteries,G2-B_batteries-03,T008,2348.76072154738,5781.961574782329,,,B04,existing
P146_25_3,G2,B_batteries,G2-B_batteries-04,T021,3656.6868324303223,7421.910255834926,,,NEW-B_batteries-01,procurement_required
P146_25_3,G2,C_batteries,G2-C_batteries-01,T004,1434.4262775174655,5752.089857916125,,,C03,existing
P146_25_3,G2,C_batteries,G2-C_batteries-02,T012,3609.9948859277265,8217.742244657848,,,C04,existing
P146_25_3,G2,C_batteries,G2-C_batteries-03,T019_2,4832.685966545964,9540.547812933855,,,NEW-C_batteries-01,procurement_required
P146_25_3,G2,relay_aircraft,G2-relay_aircraft-01,R003,5.186098884268291,7850.634235067152,R004,1733.0453420825716,R01,existing
P146_25_3,G2,relay_aircraft,G2-relay_aircraft-01,R004,9583.679577149724,11813.399509678484,,,R01,existing
P146_25_3,G2,relay_aircraft,G2-relay_aircraft-02,R005,2134.2977388563304,4587.002647985877,R006,3268.6316870812743,R02,existing
P146_25_3,G2,relay_aircraft,G2-relay_aircraft-02,R006,7855.634335067151,10510.693895951956,,,R02,existing
P146_25_3,G2,relay_components,G2-relay_components-01,R003,5.186098884268291,8956.255878782365,R004,627.4236983673582,RE01,existing
P146_25_3,G2,relay_components,G2-relay_components-01,R004,9583.679577149724,12221.929892002603,,,RE01,existing
P146_25_3,G2,relay_components,G2-relay_components-02,R005,2134.2977388563304,5015.591855407197,R006,2840.0424796599546,RE02,existing
P146_25_3,G2,relay_components,G2-relay_components-02,R006,7855.634335067151,10964.401779763033,,,RE02,existing
P146_25_3,G3,A_aircraft,G3-A_aircraft-01,T002_1,0.0,1652.4416357195464,T016,2705.4237932369183,U04,existing
P146_25_3,G3,A_aircraft,G3-A_aircraft-01,T016,4357.865428956465,6053.623533624929,T023,0.00010000000020227162,U04,existing
P146_25_3,G3,A_aircraft,G3-A_aircraft-01,T023,6053.623633624929,7689.381738293394,T019_1,9.999999838328222e-05,U04,existing
P146_25_3,G3,A_aircraft,G3-A_aircraft-01,T019_1,7689.381838293392,9325.139942961858,,,U04,existing
P146_25_3,G3,A_aircraft,G3-A_aircraft-02,T014_1,0.0,1695.7581046684645,T007,2637.107324288001,NEW-A_aircraft-01,procurement_required
P146_25_3,G3,A_aircraft,G3-A_aircraft-02,T007,4332.865428956466,6940.9063260653875,T020,0.00010000000111176632,NEW-A_aircraft-01,procurement_required
P146_25_3,G3,A_aircraft,G3-A_aircraft-02,T020,6940.906426065389,8911.116273042207,,,NEW-A_aircraft-01,procurement_required
P146_25_3,G3,C_aircraft,G3-C_aircraft-01,T010_1,0.0,1823.224406150507,T018,3933.865551765618,NEW-C_aircraft-02,procurement_required
P146_25_3,G3,C_aircraft,G3-C_aircraft-01,T018,5757.089957916125,8192.899478773774,,,NEW-C_aircraft-02,procurement_required
P146_25_3,G3,A_batteries,G3-A_batteries-01,T002_1,0.0,2667.5322461730734,T016,1690.3331827833913,A04,existing
P146_25_3,G3,A_batteries,G3-A_batteries-01,T016,4357.865428956465,7189.599845781131,T019_1,499.78199251226124,A04,existing
P146_25_3,G3,A_batteries,G3-A_batteries-01,T019_1,7689.381838293392,10409.758236602142,,,A04,existing
P146_25_3,G3,A_batteries,G3-A_batteries-02,T014_1,0.0,2810.952429148163,T007,1521.9129998083026,A05,existing
P146_25_3,G3,A_batteries,G3-A_batteries-02,T007,4332.865428956466,8394.169789148978,,,A05,existing
P146_25_3,G3,A_batteries,G3-A_batteries-03,T023,6053.623633624929,8794.320358969193,,,A06,existing
P146_25_3,G3,A_batteries,G3-A_batteries-04,T020,6940.906426065389,10151.116923729283,,,NEW-A_batteries-01,procurement_required
P146_25_3,G3,C_batteries,G3-C_batteries-01,T010_1,0.0,3563.4170832737245,T018,2193.6728746424005,NEW-C_batteries-02,procurement_required
P146_25_3,G3,C_batteries,G3-C_batteries-01,T018,5757.089957916125,10691.253758748288,,,NEW-C_batteries-02,procurement_required
P146_25_3,G3,relay_aircraft,G3-relay_aircraft-01,R001,162.1373190294086,2129.297638856331,R002,2462.7051091295434,NEW-relay_aircraft-01,procurement_required
P146_25_3,G3,relay_aircraft,G3-relay_aircraft-01,R002,4592.0027479858745,9578.679477149724,,,NEW-relay_aircraft-01,procurement_required
P146_25_3,G3,relay_components,G3-relay_components-01,R001,162.1373190294086,2493.9201725268517,R002,2098.082575459023,RE03,existing
P146_25_3,G3,relay_components,G3-relay_components-01,R002,4592.0027479858745,10318.120453993146,,,RE03,existing
P14_256_3,G1,A_aircraft,G1-A_aircraft-01,T009,0.0,1316.0142144169886,,,U01,existing
P14_256_3,G1,B_aircraft,G1-B_aircraft-01,T005,0.0,1210.3573074816584,,,U05,existing
P14_256_3,G1,C_aircraft,G1-C_aircraft-01,T003,0.0,1429.4261775174655,T010_2,398.7983286330418,U07,existing
P14_256_3,G1,C_aircraft,G1-C_aircraft-01,T010_2,1828.2245061505073,3261.2595890284992,T001,5.000100000000202,U07,existing
P14_256_3,G1,C_aircraft,G1-C_aircraft-01,T001,3266.2596890284995,4827.685866545965,,,U07,existing
P14_256_3,G1,A_batteries,G1-A_batteries-01,T009,0.0,2207.8690163260853,,,A01,existing
P14_256_3,G1,B_batteries,G1-B_batteries-01,T005,0.0,2343.7606215473797,,,B01,existing
P14_256_3,G1,C_batteries,G1-C_batteries-01,T003,0.0,2947.606630665684,T001,318.6530583628155,C01,existing
P14_256_3,G1,C_batteries,G1-C_batteries-01,T001,3266.2596890284995,6416.352542791451,,,C01,existing
P14_256_3,G1,C_batteries,G1-C_batteries-02,T010_2,1828.2245061505073,4709.032782226957,,,C02,existing
P14_256_3,G2,A_aircraft,G2-A_aircraft-01,T011,2058.1153733026395,4188.754462062222,,,U02,existing
P14_256_3,G2,A_aircraft,G2-A_aircraft-02,T002_2,2212.8691163260855,3815.461852306258,T017,3953.9901172072023,U03,existing
P14_256_3,G2,A_aircraft,G2-A_aircraft-02,T017,7769.45196951346,10113.299044225432,,,U03,existing
P14_256_3,G2,B_aircraft,G2-B_aircraft-01,T013,2.631913957884535e-07,1958.0412717501863,T015,139.07410155245316,U06,existing
P14_256_3,G2,B_aircraft,G2-B_aircraft-01,T015,2097.1153733026395,3651.686732430321,T021,5.000100000001112,U06,existing
P14_256_3,G2,B_aircraft,G2-B_aircraft-01,T021,3656.6868324303223,5554.728103917317,T014_2,5.000099999999293,U06,existing
P14_256_3,G2,B_aircraft,G2-B_aircraft-01,T014_2,5559.728203917316,7425.499213465236,,,U06,existing
P14_256_3,G2,B_aircraft,G2-B_aircraft-02,T008,2348.76072154738,4193.299611702947,T006,919.1733626502655,NEW-B_aircraft-01,procurement_required
P14_256_3,G2,B_aircraft,G2-B_aircraft-02,T006,5112.4729743532125,6302.1032600896515,T022,3411.3902184389926,NEW-B_aircraft-01,procurement_required
P14_256_3,G2,B_aircraft,G2-B_aircraft-02,T022,9713.493478528644,11214.272215143501,,,NEW-B_aircraft-01,procurement_required
P14_256_3,G2,C_aircraft,G2-C_aircraft-01,T004,1434.4262775174655,3604.9947859277245,T019_2,1227.6911806182397,U08,existing
P14_256_3,G2,C_aircraft,G2-C_aircraft-01,T019_2,4832.685966545964,7071.870031513806,,,U08,existing
P14_256_3,G2,C_aircraft,G2-C_aircraft-02,T012,3609.9948859277265,5725.07652720618,,,NEW-C_aircraft-01,procurement_required
P14_256_3,G2,A_batteries,G2-A_batteries-01,T011,2058.1153733026395,5546.539457030654,,,A02,existing
P14_256_3,G2,A_batteries,G2-A_batteries-02,T002_2,2212.8691163260855,4879.929014022942,T017,2889.522955490518,A03,existing
P14_256_3,G2,A_batteries,G2-A_batteries-02,T017,7769.45196951346,11476.863027475007,,,A03,existing
P14_256_3,G2,B_batteries,G2-B_batteries-01,T013,2.631913957884535e-07,3917.286899235777,T006,1195.1860751174354,B02,existing
P14_256_3,G2,B_batteries,G2-B_batteries-01,T006,5112.4729743532125,7435.544137052532,,,B02,existing
P14_256_3,G2,B_batteries,G2-B_batteries-02,T015,2097.1153733026395,5107.472874353213,T014_2,452.2553295641028,B03,existing
P14_256_3,G2,B_batteries,G2-B_batteries-02,T014_2,5559.728203917316,9106.026402123385,,,B03,existing
P14_256_3,G2,B_batteries,G2-B_batteries-03,T008,2348.76072154738,5781.961574782329,T022,3931.531903746315,B04,existing
P14_256_3,G2,B_batteries,G2-B_batteries-03,T022,9713.493478528644,12750.274657105232,,,B04,existing
P14_256_3,G2,B_batteries,G2-B_batteries-04,T021,3656.6868324303223,7421.910255834926,,,NEW-B_batteries-01,procurement_required
P14_256_3,G2,C_batteries,G2-C_batteries-01,T004,1434.4262775174655,5752.089857916125,,,C03,existing
P14_256_3,G2,C_batteries,G2-C_batteries-02,T012,3609.9948859277265,8217.742244657848,,,C04,existing
P14_256_3,G2,C_batteries,G2-C_batteries-03,T019_2,4832.685966545964,9540.547812933855,,,NEW-C_batteries-01,procurement_required
P14_256_3,G2,relay_aircraft,G2-relay_aircraft-01,R003,5.186098884268291,7850.634235067152,R004,1733.0453420825716,R01,existing
P14_256_3,G2,relay_aircraft,G2-relay_aircraft-01,R004,9583.679577149724,11813.399509678484,,,R01,existing
P14_256_3,G2,relay_aircraft,G2-relay_aircraft-02,R005,2134.2977388563304,4587.002647985877,R006,3268.6316870812743,R02,existing
P14_256_3,G2,relay_aircraft,G2-relay_aircraft-02,R006,7855.634335067151,10510.693895951956,,,R02,existing
P14_256_3,G2,relay_components,G2-relay_components-01,R003,5.186098884268291,8956.255878782365,R004,627.4236983673582,RE01,existing
P14_256_3,G2,relay_components,G2-relay_components-01,R004,9583.679577149724,12221.929892002603,,,RE01,existing
P14_256_3,G2,relay_components,G2-relay_components-02,R005,2134.2977388563304,5015.591855407197,R006,2840.0424796599546,RE02,existing
P14_256_3,G2,relay_components,G2-relay_components-02,R006,7855.634335067151,10964.401779763033,,,RE02,existing
P14_256_3,G3,A_aircraft,G3-A_aircraft-01,T002_1,0.0,1652.4416357195464,T016,2705.4237932369183,U04,existing
P14_256_3,G3,A_aircraft,G3-A_aircraft-01,T016,4357.865428956465,6053.623533624929,T023,0.00010000000020227162,U04,existing
P14_256_3,G3,A_aircraft,G3-A_aircraft-01,T023,6053.623633624929,7689.381738293394,T019_1,9.999999838328222e-05,U04,existing
P14_256_3,G3,A_aircraft,G3-A_aircraft-01,T019_1,7689.381838293392,9325.139942961858,,,U04,existing
P14_256_3,G3,A_aircraft,G3-A_aircraft-02,T014_1,0.0,1695.7581046684645,T007,2637.107324288001,NEW-A_aircraft-01,procurement_required
P14_256_3,G3,A_aircraft,G3-A_aircraft-02,T007,4332.865428956466,6940.9063260653875,T020,0.00010000000111176632,NEW-A_aircraft-01,procurement_required
P14_256_3,G3,A_aircraft,G3-A_aircraft-02,T020,6940.906426065389,8911.116273042207,,,NEW-A_aircraft-01,procurement_required
P14_256_3,G3,C_aircraft,G3-C_aircraft-01,T010_1,0.0,1823.224406150507,T018,3933.865551765618,NEW-C_aircraft-02,procurement_required
P14_256_3,G3,C_aircraft,G3-C_aircraft-01,T018,5757.089957916125,8192.899478773774,,,NEW-C_aircraft-02,procurement_required
P14_256_3,G3,A_batteries,G3-A_batteries-01,T002_1,0.0,2667.5322461730734,T016,1690.3331827833913,A04,existing
P14_256_3,G3,A_batteries,G3-A_batteries-01,T016,4357.865428956465,7189.599845781131,T019_1,499.78199251226124,A04,existing
P14_256_3,G3,A_batteries,G3-A_batteries-01,T019_1,7689.381838293392,10409.758236602142,,,A04,existing
P14_256_3,G3,A_batteries,G3-A_batteries-02,T014_1,0.0,2810.952429148163,T007,1521.9129998083026,A05,existing
P14_256_3,G3,A_batteries,G3-A_batteries-02,T007,4332.865428956466,8394.169789148978,,,A05,existing
P14_256_3,G3,A_batteries,G3-A_batteries-03,T023,6053.623633624929,8794.320358969193,,,A06,existing
P14_256_3,G3,A_batteries,G3-A_batteries-04,T020,6940.906426065389,10151.116923729283,,,NEW-A_batteries-01,procurement_required
P14_256_3,G3,C_batteries,G3-C_batteries-01,T010_1,0.0,3563.4170832737245,T018,2193.6728746424005,NEW-C_batteries-02,procurement_required
P14_256_3,G3,C_batteries,G3-C_batteries-01,T018,5757.089957916125,10691.253758748288,,,NEW-C_batteries-02,procurement_required
P14_256_3,G3,relay_aircraft,G3-relay_aircraft-01,R001,162.1373190294086,2129.297638856331,R002,2462.7051091295434,NEW-relay_aircraft-01,procurement_required
P14_256_3,G3,relay_aircraft,G3-relay_aircraft-01,R002,4592.0027479858745,9578.679477149724,,,NEW-relay_aircraft-01,procurement_required
P14_256_3,G3,relay_components,G3-relay_components-01,R001,162.1373190294086,2493.9201725268517,R002,2098.082575459023,RE03,existing
P14_256_3,G3,relay_components,G3-relay_components-01,R002,4592.0027479858745,10318.120453993146,,,RE03,existing
P14_25_36,G1,A_aircraft,G1-A_aircraft-01,T009,0.0,1316.0142144169886,,,U01,existing
P14_25_36,G1,B_aircraft,G1-B_aircraft-01,T005,0.0,1210.3573074816584,,,U05,existing
P14_25_36,G1,C_aircraft,G1-C_aircraft-01,T003,0.0,1429.4261775174655,T010_2,398.7983286330418,U07,existing
P14_25_36,G1,C_aircraft,G1-C_aircraft-01,T010_2,1828.2245061505073,3261.2595890284992,T001,5.000100000000202,U07,existing
P14_25_36,G1,C_aircraft,G1-C_aircraft-01,T001,3266.2596890284995,4827.685866545965,,,U07,existing
P14_25_36,G1,A_batteries,G1-A_batteries-01,T009,0.0,2207.8690163260853,,,A01,existing
P14_25_36,G1,B_batteries,G1-B_batteries-01,T005,0.0,2343.7606215473797,,,B01,existing
P14_25_36,G1,C_batteries,G1-C_batteries-01,T003,0.0,2947.606630665684,T001,318.6530583628155,C01,existing
P14_25_36,G1,C_batteries,G1-C_batteries-01,T001,3266.2596890284995,6416.352542791451,,,C01,existing
P14_25_36,G1,C_batteries,G1-C_batteries-02,T010_2,1828.2245061505073,4709.032782226957,,,C02,existing
P14_25_36,G2,A_aircraft,G2-A_aircraft-01,T011,2058.1153733026395,4188.754462062222,,,U02,existing
P14_25_36,G2,A_aircraft,G2-A_aircraft-02,T002_2,2212.8691163260855,3815.461852306258,T017,3953.9901172072023,U03,existing
P14_25_36,G2,A_aircraft,G2-A_aircraft-02,T017,7769.45196951346,10113.299044225432,,,U03,existing
P14_25_36,G2,B_aircraft,G2-B_aircraft-01,T013,2.631913957884535e-07,1958.0412717501863,T015,139.07410155245316,U06,existing
P14_25_36,G2,B_aircraft,G2-B_aircraft-01,T015,2097.1153733026395,3651.686732430321,T021,5.000100000001112,U06,existing
P14_25_36,G2,B_aircraft,G2-B_aircraft-01,T021,3656.6868324303223,5554.728103917317,T022,4158.765374611327,U06,existing
P14_25_36,G2,B_aircraft,G2-B_aircraft-01,T022,9713.493478528644,11214.272215143501,,,U06,existing
P14_25_36,G2,B_aircraft,G2-B_aircraft-02,T008,2348.76072154738,4193.299611702947,T014_2,1366.428592214369,NEW-B_aircraft-01,procurement_required
P14_25_36,G2,B_aircraft,G2-B_aircraft-02,T014_2,5559.728203917316,7425.499213465236,,,NEW-B_aircraft-01,procurement_required
P14_25_36,G2,C_aircraft,G2-C_aircraft-01,T004,1434.4262775174655,3604.9947859277245,T019_2,1227.6911806182397,U08,existing
P14_25_36,G2,C_aircraft,G2-C_aircraft-01,T019_2,4832.685966545964,7071.870031513806,,,U08,existing
P14_25_36,G2,C_aircraft,G2-C_aircraft-02,T012,3609.9948859277265,5725.07652720618,,,NEW-C_aircraft-01,procurement_required
P14_25_36,G2,A_batteries,G2-A_batteries-01,T011,2058.1153733026395,5546.539457030654,,,A02,existing
P14_25_36,G2,A_batteries,G2-A_batteries-02,T002_2,2212.8691163260855,4879.929014022942,T017,2889.522955490518,A03,existing
P14_25_36,G2,A_batteries,G2-A_batteries-02,T017,7769.45196951346,11476.863027475007,,,A03,existing
P14_25_36,G2,B_batteries,G2-B_batteries-01,T013,2.631913957884535e-07,3917.286899235777,T014_2,1642.441304681539,B02,existing
P14_25_36,G2,B_batteries,G2-B_batteries-01,T014_2,5559.728203917316,9106.026402123385,,,B02,existing
P14_25_36,G2,B_batteries,G2-B_batteries-02,T015,2097.1153733026395,5107.472874353213,T022,4606.020604175431,B03,existing
P14_25_36,G2,B_batteries,G2-B_batteries-02,T022,9713.493478528644,12750.274657105232,,,B03,existing
P14_25_36,G2,B_batteries,G2-B_batteries-03,T008,2348.76072154738,5781.961574782329,,,B04,existing
P14_25_36,G2,B_batteries,G2-B_batteries-04,T021,3656.6868324303223,7421.910255834926,,,NEW-B_batteries-01,procurement_required
P14_25_36,G2,C_batteries,G2-C_batteries-01,T004,1434.4262775174655,5752.089857916125,,,C03,existing
P14_25_36,G2,C_batteries,G2-C_batteries-02,T012,3609.9948859277265,8217.742244657848,,,C04,existing
P14_25_36,G2,C_batteries,G2-C_batteries-03,T019_2,4832.685966545964,9540.547812933855,,,NEW-C_batteries-01,procurement_required
P14_25_36,G2,relay_aircraft,G2-relay_aircraft-01,R003,5.186098884268291,7850.634235067152,R004,1733.0453420825716,R01,existing
P14_25_36,G2,relay_aircraft,G2-relay_aircraft-01,R004,9583.679577149724,11813.399509678484,,,R01,existing
P14_25_36,G2,relay_aircraft,G2-relay_aircraft-02,R005,2134.2977388563304,4587.002647985877,R006,3268.6316870812743,R02,existing
P14_25_36,G2,relay_aircraft,G2-relay_aircraft-02,R006,7855.634335067151,10510.693895951956,,,R02,existing
P14_25_36,G2,relay_components,G2-relay_components-01,R003,5.186098884268291,8956.255878782365,R004,627.4236983673582,RE01,existing
P14_25_36,G2,relay_components,G2-relay_components-01,R004,9583.679577149724,12221.929892002603,,,RE01,existing
P14_25_36,G2,relay_components,G2-relay_components-02,R005,2134.2977388563304,5015.591855407197,R006,2840.0424796599546,RE02,existing
P14_25_36,G2,relay_components,G2-relay_components-02,R006,7855.634335067151,10964.401779763033,,,RE02,existing
P14_25_36,G3,A_aircraft,G3-A_aircraft-01,T002_1,0.0,1652.4416357195464,T016,2705.4237932369183,U04,existing
P14_25_36,G3,A_aircraft,G3-A_aircraft-01,T016,4357.865428956465,6053.623533624929,T023,0.00010000000020227162,U04,existing
P14_25_36,G3,A_aircraft,G3-A_aircraft-01,T023,6053.623633624929,7689.381738293394,T019_1,9.999999838328222e-05,U04,existing
P14_25_36,G3,A_aircraft,G3-A_aircraft-01,T019_1,7689.381838293392,9325.139942961858,,,U04,existing
P14_25_36,G3,A_aircraft,G3-A_aircraft-02,T014_1,0.0,1695.7581046684645,T007,2637.107324288001,NEW-A_aircraft-01,procurement_required
P14_25_36,G3,A_aircraft,G3-A_aircraft-02,T007,4332.865428956466,6940.9063260653875,T020,0.00010000000111176632,NEW-A_aircraft-01,procurement_required
P14_25_36,G3,A_aircraft,G3-A_aircraft-02,T020,6940.906426065389,8911.116273042207,,,NEW-A_aircraft-01,procurement_required
P14_25_36,G3,B_aircraft,G3-B_aircraft-01,T006,5112.4729743532125,6302.1032600896515,,,NEW-B_aircraft-02,procurement_required
P14_25_36,G3,C_aircraft,G3-C_aircraft-01,T010_1,0.0,1823.224406150507,T018,3933.865551765618,NEW-C_aircraft-02,procurement_required
P14_25_36,G3,C_aircraft,G3-C_aircraft-01,T018,5757.089957916125,8192.899478773774,,,NEW-C_aircraft-02,procurement_required
P14_25_36,G3,A_batteries,G3-A_batteries-01,T002_1,0.0,2667.5322461730734,T016,1690.3331827833913,A04,existing
P14_25_36,G3,A_batteries,G3-A_batteries-01,T016,4357.865428956465,7189.599845781131,T019_1,499.78199251226124,A04,existing
P14_25_36,G3,A_batteries,G3-A_batteries-01,T019_1,7689.381838293392,10409.758236602142,,,A04,existing
P14_25_36,G3,A_batteries,G3-A_batteries-02,T014_1,0.0,2810.952429148163,T007,1521.9129998083026,A05,existing
P14_25_36,G3,A_batteries,G3-A_batteries-02,T007,4332.865428956466,8394.169789148978,,,A05,existing
P14_25_36,G3,A_batteries,G3-A_batteries-03,T023,6053.623633624929,8794.320358969193,,,A06,existing
P14_25_36,G3,A_batteries,G3-A_batteries-04,T020,6940.906426065389,10151.116923729283,,,NEW-A_batteries-01,procurement_required
P14_25_36,G3,B_batteries,G3-B_batteries-01,T006,5112.4729743532125,7435.544137052532,,,NEW-B_batteries-02,procurement_required
P14_25_36,G3,C_batteries,G3-C_batteries-01,T010_1,0.0,3563.4170832737245,T018,2193.6728746424005,NEW-C_batteries-02,procurement_required
P14_25_36,G3,C_batteries,G3-C_batteries-01,T018,5757.089957916125,10691.253758748288,,,NEW-C_batteries-02,procurement_required
P14_25_36,G3,relay_aircraft,G3-relay_aircraft-01,R001,162.1373190294086,2129.297638856331,R002,2462.7051091295434,NEW-relay_aircraft-01,procurement_required
P14_25_36,G3,relay_aircraft,G3-relay_aircraft-01,R002,4592.0027479858745,9578.679477149724,,,NEW-relay_aircraft-01,procurement_required
P14_25_36,G3,relay_components,G3-relay_components-01,R001,162.1373190294086,2493.9201725268517,R002,2098.082575459023,RE03,existing
P14_25_36,G3,relay_components,G3-relay_components-01,R002,4592.0027479858745,10318.120453993146,,,RE03,existing
P146_2_35,G1,A_aircraft,G1-A_aircraft-01,T009,0.0,1316.0142144169886,,,U01,existing
P146_2_35,G1,B_aircraft,G1-B_aircraft-01,T005,0.0,1210.3573074816584,T006,3902.115666871554,U05,existing
P146_2_35,G1,B_aircraft,G1-B_aircraft-01,T006,5112.4729743532125,6302.1032600896515,,,U05,existing
P146_2_35,G1,C_aircraft,G1-C_aircraft-01,T003,0.0,1429.4261775174655,T010_2,398.7983286330418,U07,existing
P146_2_35,G1,C_aircraft,G1-C_aircraft-01,T010_2,1828.2245061505073,3261.2595890284992,T001,5.000100000000202,U07,existing
P146_2_35,G1,C_aircraft,G1-C_aircraft-01,T001,3266.2596890284995,4827.685866545965,,,U07,existing
P146_2_35,G1,A_batteries,G1-A_batteries-01,T009,0.0,2207.8690163260853,,,A01,existing
P146_2_35,G1,B_batteries,G1-B_batteries-01,T005,0.0,2343.7606215473797,T006,2768.712352805833,B01,existing
P146_2_35,G1,B_batteries,G1-B_batteries-01,T006,5112.4729743532125,7435.544137052532,,,B01,existing
P146_2_35,G1,C_batteries,G1-C_batteries-01,T003,0.0,2947.606630665684,T001,318.6530583628155,C01,existing
P146_2_35,G1,C_batteries,G1-C_batteries-01,T001,3266.2596890284995,6416.352542791451,,,C01,existing
P146_2_35,G1,C_batteries,G1-C_batteries-02,T010_2,1828.2245061505073,4709.032782226957,,,C02,existing
P146_2_35,G2,B_aircraft,G2-B_aircraft-01,T013,2.631913957884535e-07,1958.0412717501863,T021,1698.645560680136,U06,existing
P146_2_35,G2,B_aircraft,G2-B_aircraft-01,T021,3656.6868324303223,5554.728103917317,T014_2,5.000099999999293,U06,existing
P146_2_35,G2,B_aircraft,G2-B_aircraft-01,T014_2,5559.728203917316,7425.499213465236,T022,2287.9942650634084,U06,existing
P146_2_35,G2,B_aircraft,G2-B_aircraft-01,T022,9713.493478528644,11214.272215143501,,,U06,existing
P146_2_35,G2,C_aircraft,G2-C_aircraft-01,T004,1434.4262775174655,3604.9947859277245,T019_2,1227.6911806182397,U08,existing
P146_2_35,G2,C_aircraft,G2-C_aircraft-01,T019_2,4832.685966545964,7071.870031513806,,,U08,existing
P146_2_35,G2,C_aircraft,G2-C_aircraft-02,T012,3609.9948859277265,5725.07652720618,,,NEW-C_aircraft-01,procurement_required
P146_2_35,G2,B_batteries,G2-B_batteries-01,T013,2.631913957884535e-07,3917.286899235777,T014_2,1642.441304681539,B02,existing
P146_2_35,G2,B_batteries,G2-B_batteries-01,T014_2,5559.728203917316,9106.026402123385,,,B02,existing
P146_2_35,G2,B_batteries,G2-B_batteries-02,T021,3656.6868324303223,7421.910255834926,T022,2291.583222693718,B03,existing
P146_2_35,G2,B_batteries,G2-B_batteries-02,T022,9713.493478528644,12750.274657105232,,,B03,existing
P146_2_35,G2,C_batteries,G2-C_batteries-01,T004,1434.4262775174655,5752.089857916125,,,C03,existing
P146_2_35,G2,C_batteries,G2-C_batteries-02,T012,3609.9948859277265,8217.742244657848,,,C04,existing
P146_2_35,G2,C_batteries,G2-C_batteries-03,T019_2,4832.685966545964,9540.547812933855,,,NEW-C_batteries-01,procurement_required
P146_2_35,G2,relay_aircraft,G2-relay_aircraft-01,R003,5.186098884268291,7850.634235067152,R004,1733.0453420825716,R01,existing
P146_2_35,G2,relay_aircraft,G2-relay_aircraft-01,R004,9583.679577149724,11813.399509678484,,,R01,existing
P146_2_35,G2,relay_components,G2-relay_components-01,R003,5.186098884268291,8956.255878782365,R004,627.4236983673582,RE01,existing
P146_2_35,G2,relay_components,G2-relay_components-01,R004,9583.679577149724,12221.929892002603,,,RE01,existing
P146_2_35,G3,A_aircraft,G3-A_aircraft-01,T002_1,0.0,1652.4416357195464,T002_2,560.4274806065391,U02,existing
P146_2_35,G3,A_aircraft,G3-A_aircraft-01,T002_2,2212.8691163260855,3815.461852306258,T016,542.4035766502066,U02,existing
P146_2_35,G3,A_aircraft,G3-A_aircraft-01,T016,4357.865428956465,6053.623533624929,T020,887.2828924404594,U02,existing
P146_2_35,G3,A_aircraft,G3-A_aircraft-01,T020,6940.906426065389,8911.116273042207,,,U02,existing
P146_2_35,G3,A_aircraft,G3-A_aircraft-02,T014_1,0.0,1695.7581046684645,T011,362.35726863417494,U03,existing
P146_2_35,G3,A_aircraft,G3-A_aircraft-02,T011,2058.1153733026395,4188.754462062222,T007,144.11096689424357,U03,existing
P146_2_35,G3,A_aircraft,G3-A_aircraft-02,T007,4332.865428956466,6940.9063260653875,T019_1,748.4755122280048,U03,existing
P146_2_35,G3,A_aircraft,G3-A_aircraft-02,T019_1,7689.381838293392,9325.139942961858,,,U03,existing
P146_2_35,G3,A_aircraft,G3-A_aircraft-03,T023,6053.623633624929,7689.381738293394,T017,80.07023122006649,U04,existing
P146_2_35,G3,A_aircraft,G3-A_aircraft-03,T017,7769.45196951346,10113.299044225432,,,U04,existing
P146_2_35,G3,B_aircraft,G3-B_aircraft-01,T015,2097.1153733026395,3651.686732430321,,,NEW-B_aircraft-01,procurement_required
P146_2_35,G3,B_aircraft,G3-B_aircraft-02,T008,2348.76072154738,4193.299611702947,,,NEW-B_aircraft-02,procurement_required
P146_2_35,G3,C_aircraft,G3-C_aircraft-01,T010_1,0.0,1823.224406150507,T018,3933.865551765618,NEW-C_aircraft-02,procurement_required
P146_2_35,G3,C_aircraft,G3-C_aircraft-01,T018,5757.089957916125,8192.899478773774,,,NEW-C_aircraft-02,procurement_required
P146_2_35,G3,A_batteries,G3-A_batteries-01,T002_1,0.0,2667.5322461730734,T016,1690.3331827833913,A02,existing
P146_2_35,G3,A_batteries,G3-A_batteries-01,T016,4357.865428956465,7189.599845781131,T017,579.8521237323293,A02,existing
P146_2_35,G3,A_batteries,G3-A_batteries-01,T017,7769.45196951346,11476.863027475007,,,A02,existing
P146_2_35,G3,A_batteries,G3-A_batteries-02,T014_1,0.0,2810.952429148163,T007,1521.9129998083026,A03,existing
P146_2_35,G3,A_batteries,G3-A_batteries-02,T007,4332.865428956466,8394.169789148978,,,A03,existing
P146_2_35,G3,A_batteries,G3-A_batteries-03,T011,2058.1153733026395,5546.539457030654,T020,1394.3669690347342,A04,existing
P146_2_35,G3,A_batteries,G3-A_batteries-03,T020,6940.906426065389,10151.116923729283,,,A04,existing
P146_2_35,G3,A_batteries,G3-A_batteries-04,T002_2,2212.8691163260855,4879.929014022942,T023,1173.6946196019871,A05,existing
P146_2_35,G3,A_batteries,G3-A_batteries-04,T023,6053.623633624929,8794.320358969193,,,A05,existing
P146_2_35,G3,A_batteries,G3-A_batteries-05,T019_1,7689.381838293392,10409.758236602142,,,A06,existing
P146_2_35,G3,B_batteries,G3-B_batteries-01,T015,2097.1153733026395,5107.472874353213,,,B04,existing
P146_2_35,G3,B_batteries,G3-B_batteries-02,T008,2348.76072154738,5781.961574782329,,,NEW-B_batteries-01,procurement_required
P146_2_35,G3,C_batteries,G3-C_batteries-01,T010_1,0.0,3563.4170832737245,T018,2193.6728746424005,NEW-C_batteries-02,procurement_required
P146_2_35,G3,C_batteries,G3-C_batteries-01,T018,5757.089957916125,10691.253758748288,,,NEW-C_batteries-02,procurement_required
P146_2_35,G3,relay_aircraft,G3-relay_aircraft-01,R001,162.1373190294086,2129.297638856331,R002,2462.7051091295434,R02,existing
P146_2_35,G3,relay_aircraft,G3-relay_aircraft-01,R002,4592.0027479858745,9578.679477149724,,,R02,existing
P146_2_35,G3,relay_aircraft,G3-relay_aircraft-02,R005,2134.2977388563304,4587.002647985877,R006,3268.6316870812743,NEW-relay_aircraft-01,procurement_required
P146_2_35,G3,relay_aircraft,G3-relay_aircraft-02,R006,7855.634335067151,10510.693895951956,,,NEW-relay_aircraft-01,procurement_required
P146_2_35,G3,relay_components,G3-relay_components-01,R001,162.1373190294086,2493.9201725268517,R002,2098.082575459023,RE02,existing
P146_2_35,G3,relay_components,G3-relay_components-01,R002,4592.0027479858745,10318.120453993146,,,RE02,existing
P146_2_35,G3,relay_components,G3-relay_components-02,R005,2134.2977388563304,5015.591855407197,R006,2840.0424796599546,RE03,existing
P146_2_35,G3,relay_components,G3-relay_components-02,R006,7855.634335067151,10964.401779763033,,,RE03,existing
P14_26_35,G1,A_aircraft,G1-A_aircraft-01,T009,0.0,1316.0142144169886,,,U01,existing
P14_26_35,G1,B_aircraft,G1-B_aircraft-01,T005,0.0,1210.3573074816584,,,U05,existing
P14_26_35,G1,C_aircraft,G1-C_aircraft-01,T003,0.0,1429.4261775174655,T010_2,398.7983286330418,U07,existing
P14_26_35,G1,C_aircraft,G1-C_aircraft-01,T010_2,1828.2245061505073,3261.2595890284992,T001,5.000100000000202,U07,existing
P14_26_35,G1,C_aircraft,G1-C_aircraft-01,T001,3266.2596890284995,4827.685866545965,,,U07,existing
P14_26_35,G1,A_batteries,G1-A_batteries-01,T009,0.0,2207.8690163260853,,,A01,existing
P14_26_35,G1,B_batteries,G1-B_batteries-01,T005,0.0,2343.7606215473797,,,B01,existing
P14_26_35,G1,C_batteries,G1-C_batteries-01,T003,0.0,2947.606630665684,T001,318.6530583628155,C01,existing
P14_26_35,G1,C_batteries,G1-C_batteries-01,T001,3266.2596890284995,6416.352542791451,,,C01,existing
P14_26_35,G1,C_batteries,G1-C_batteries-02,T010_2,1828.2245061505073,4709.032782226957,,,C02,existing
P14_26_35,G2,B_aircraft,G2-B_aircraft-01,T013,2.631913957884535e-07,1958.0412717501863,T021,1698.645560680136,U06,existing
P14_26_35,G2,B_aircraft,G2-B_aircraft-01,T021,3656.6868324303223,5554.728103917317,T014_2,5.000099999999293,U06,existing
P14_26_35,G2,B_aircraft,G2-B_aircraft-01,T014_2,5559.728203917316,7425.499213465236,,,U06,existing
P14_26_35,G2,B_aircraft,G2-B_aircraft-02,T006,5112.4729743532125,6302.1032600896515,T022,3411.3902184389926,NEW-B_aircraft-01,procurement_required
P14_26_35,G2,B_aircraft,G2-B_aircraft-02,T022,9713.493478528644,11214.272215143501,,,NEW-B_aircraft-01,procurement_required
P14_26_35,G2,C_aircraft,G2-C_aircraft-01,T004,1434.4262775174655,3604.9947859277245,T019_2,1227.6911806182397,U08,existing
P14_26_35,G2,C_aircraft,G2-C_aircraft-01,T019_2,4832.685966545964,7071.870031513806,,,U08,existing
P14_26_35,G2,C_aircraft,G2-C_aircraft-02,T012,3609.9948859277265,5725.07652720618,,,NEW-C_aircraft-01,procurement_required
P14_26_35,G2,B_batteries,G2-B_batteries-01,T013,2.631913957884535e-07,3917.286899235777,T014_2,1642.441304681539,B02,existing
P14_26_35,G2,B_batteries,G2-B_batteries-01,T014_2,5559.728203917316,9106.026402123385,,,B02,existing
P14_26_35,G2,B_batteries,G2-B_batteries-02,T021,3656.6868324303223,7421.910255834926,T022,2291.583222693718,B03,existing
P14_26_35,G2,B_batteries,G2-B_batteries-02,T022,9713.493478528644,12750.274657105232,,,B03,existing
P14_26_35,G2,B_batteries,G2-B_batteries-03,T006,5112.4729743532125,7435.544137052532,,,B04,existing
P14_26_35,G2,C_batteries,G2-C_batteries-01,T004,1434.4262775174655,5752.089857916125,,,C03,existing
P14_26_35,G2,C_batteries,G2-C_batteries-02,T012,3609.9948859277265,8217.742244657848,,,C04,existing
P14_26_35,G2,C_batteries,G2-C_batteries-03,T019_2,4832.685966545964,9540.547812933855,,,NEW-C_batteries-01,procurement_required
P14_26_35,G2,relay_aircraft,G2-relay_aircraft-01,R003,5.186098884268291,7850.634235067152,R004,1733.0453420825716,R01,existing
P14_26_35,G2,relay_aircraft,G2-relay_aircraft-01,R004,9583.679577149724,11813.399509678484,,,R01,existing
P14_26_35,G2,relay_components,G2-relay_components-01,R003,5.186098884268291,8956.255878782365,R004,627.4236983673582,RE01,existing
P14_26_35,G2,relay_components,G2-relay_components-01,R004,9583.679577149724,12221.929892002603,,,RE01,existing
P14_26_35,G3,A_aircraft,G3-A_aircraft-01,T002_1,0.0,1652.4416357195464,T002_2,560.4274806065391,U02,existing
P14_26_35,G3,A_aircraft,G3-A_aircraft-01,T002_2,2212.8691163260855,3815.461852306258,T016,542.4035766502066,U02,existing
P14_26_35,G3,A_aircraft,G3-A_aircraft-01,T016,4357.865428956465,6053.623533624929,T020,887.2828924404594,U02,existing
P14_26_35,G3,A_aircraft,G3-A_aircraft-01,T020,6940.906426065389,8911.116273042207,,,U02,existing
P14_26_35,G3,A_aircraft,G3-A_aircraft-02,T014_1,0.0,1695.7581046684645,T011,362.35726863417494,U03,existing
P14_26_35,G3,A_aircraft,G3-A_aircraft-02,T011,2058.1153733026395,4188.754462062222,T007,144.11096689424357,U03,existing
P14_26_35,G3,A_aircraft,G3-A_aircraft-02,T007,4332.865428956466,6940.9063260653875,T019_1,748.4755122280048,U03,existing
P14_26_35,G3,A_aircraft,G3-A_aircraft-02,T019_1,7689.381838293392,9325.139942961858,,,U03,existing
P14_26_35,G3,A_aircraft,G3-A_aircraft-03,T023,6053.623633624929,7689.381738293394,T017,80.07023122006649,U04,existing
P14_26_35,G3,A_aircraft,G3-A_aircraft-03,T017,7769.45196951346,10113.299044225432,,,U04,existing
P14_26_35,G3,B_aircraft,G3-B_aircraft-01,T015,2097.1153733026395,3651.686732430321,,,NEW-B_aircraft-02,procurement_required
P14_26_35,G3,B_aircraft,G3-B_aircraft-02,T008,2348.76072154738,4193.299611702947,,,NEW-B_aircraft-03,procurement_required
P14_26_35,G3,C_aircraft,G3-C_aircraft-01,T010_1,0.0,1823.224406150507,T018,3933.865551765618,NEW-C_aircraft-02,procurement_required
P14_26_35,G3,C_aircraft,G3-C_aircraft-01,T018,5757.089957916125,8192.899478773774,,,NEW-C_aircraft-02,procurement_required
P14_26_35,G3,A_batteries,G3-A_batteries-01,T002_1,0.0,2667.5322461730734,T016,1690.3331827833913,A02,existing
P14_26_35,G3,A_batteries,G3-A_batteries-01,T016,4357.865428956465,7189.599845781131,T017,579.8521237323293,A02,existing
P14_26_35,G3,A_batteries,G3-A_batteries-01,T017,7769.45196951346,11476.863027475007,,,A02,existing
P14_26_35,G3,A_batteries,G3-A_batteries-02,T014_1,0.0,2810.952429148163,T007,1521.9129998083026,A03,existing
P14_26_35,G3,A_batteries,G3-A_batteries-02,T007,4332.865428956466,8394.169789148978,,,A03,existing
P14_26_35,G3,A_batteries,G3-A_batteries-03,T011,2058.1153733026395,5546.539457030654,T020,1394.3669690347342,A04,existing
P14_26_35,G3,A_batteries,G3-A_batteries-03,T020,6940.906426065389,10151.116923729283,,,A04,existing
P14_26_35,G3,A_batteries,G3-A_batteries-04,T002_2,2212.8691163260855,4879.929014022942,T023,1173.6946196019871,A05,existing
P14_26_35,G3,A_batteries,G3-A_batteries-04,T023,6053.623633624929,8794.320358969193,,,A05,existing
P14_26_35,G3,A_batteries,G3-A_batteries-05,T019_1,7689.381838293392,10409.758236602142,,,A06,existing
P14_26_35,G3,B_batteries,G3-B_batteries-01,T015,2097.1153733026395,5107.472874353213,,,NEW-B_batteries-01,procurement_required
P14_26_35,G3,B_batteries,G3-B_batteries-02,T008,2348.76072154738,5781.961574782329,,,NEW-B_batteries-02,procurement_required
P14_26_35,G3,C_batteries,G3-C_batteries-01,T010_1,0.0,3563.4170832737245,T018,2193.6728746424005,NEW-C_batteries-02,procurement_required
P14_26_35,G3,C_batteries,G3-C_batteries-01,T018,5757.089957916125,10691.253758748288,,,NEW-C_batteries-02,procurement_required
P14_26_35,G3,relay_aircraft,G3-relay_aircraft-01,R001,162.1373190294086,2129.297638856331,R002,2462.7051091295434,R02,existing
P14_26_35,G3,relay_aircraft,G3-relay_aircraft-01,R002,4592.0027479858745,9578.679477149724,,,R02,existing
P14_26_35,G3,relay_aircraft,G3-relay_aircraft-02,R005,2134.2977388563304,4587.002647985877,R006,3268.6316870812743,NEW-relay_aircraft-01,procurement_required
P14_26_35,G3,relay_aircraft,G3-relay_aircraft-02,R006,7855.634335067151,10510.693895951956,,,NEW-relay_aircraft-01,procurement_required
P14_26_35,G3,relay_components,G3-relay_components-01,R001,162.1373190294086,2493.9201725268517,R002,2098.082575459023,RE02,existing
P14_26_35,G3,relay_components,G3-relay_components-01,R002,4592.0027479858745,10318.120453993146,,,RE02,existing
P14_26_35,G3,relay_components,G3-relay_components-02,R005,2134.2977388563304,5015.591855407197,R006,2840.0424796599546,RE03,existing
P14_26_35,G3,relay_components,G3-relay_components-02,R006,7855.634335067151,10964.401779763033,,,RE03,existing
P14_2_356,G1,A_aircraft,G1-A_aircraft-01,T009,0.0,1316.0142144169886,,,U01,existing
P14_2_356,G1,B_aircraft,G1-B_aircraft-01,T005,0.0,1210.3573074816584,,,U05,existing
P14_2_356,G1,C_aircraft,G1-C_aircraft-01,T003,0.0,1429.4261775174655,T010_2,398.7983286330418,U07,existing
P14_2_356,G1,C_aircraft,G1-C_aircraft-01,T010_2,1828.2245061505073,3261.2595890284992,T001,5.000100000000202,U07,existing
P14_2_356,G1,C_aircraft,G1-C_aircraft-01,T001,3266.2596890284995,4827.685866545965,,,U07,existing
P14_2_356,G1,A_batteries,G1-A_batteries-01,T009,0.0,2207.8690163260853,,,A01,existing
P14_2_356,G1,B_batteries,G1-B_batteries-01,T005,0.0,2343.7606215473797,,,B01,existing
P14_2_356,G1,C_batteries,G1-C_batteries-01,T003,0.0,2947.606630665684,T001,318.6530583628155,C01,existing
P14_2_356,G1,C_batteries,G1-C_batteries-01,T001,3266.2596890284995,6416.352542791451,,,C01,existing
P14_2_356,G1,C_batteries,G1-C_batteries-02,T010_2,1828.2245061505073,4709.032782226957,,,C02,existing
P14_2_356,G2,B_aircraft,G2-B_aircraft-01,T013,2.631913957884535e-07,1958.0412717501863,T021,1698.645560680136,U06,existing
P14_2_356,G2,B_aircraft,G2-B_aircraft-01,T021,3656.6868324303223,5554.728103917317,T014_2,5.000099999999293,U06,existing
P14_2_356,G2,B_aircraft,G2-B_aircraft-01,T014_2,5559.728203917316,7425.499213465236,T022,2287.9942650634084,U06,existing
P14_2_356,G2,B_aircraft,G2-B_aircraft-01,T022,9713.493478528644,11214.272215143501,,,U06,existing
P14_2_356,G2,C_aircraft,G2-C_aircraft-01,T004,1434.4262775174655,3604.9947859277245,T019_2,1227.6911806182397,U08,existing
P14_2_356,G2,C_aircraft,G2-C_aircraft-01,T019_2,4832.685966545964,7071.870031513806,,,U08,existing
P14_2_356,G2,C_aircraft,G2-C_aircraft-02,T012,3609.9948859277265,5725.07652720618,,,NEW-C_aircraft-01,procurement_required
P14_2_356,G2,B_batteries,G2-B_batteries-01,T013,2.631913957884535e-07,3917.286899235777,T014_2,1642.441304681539,B02,existing
P14_2_356,G2,B_batteries,G2-B_batteries-01,T014_2,5559.728203917316,9106.026402123385,,,B02,existing
P14_2_356,G2,B_batteries,G2-B_batteries-02,T021,3656.6868324303223,7421.910255834926,T022,2291.583222693718,B03,existing
P14_2_356,G2,B_batteries,G2-B_batteries-02,T022,9713.493478528644,12750.274657105232,,,B03,existing
P14_2_356,G2,C_batteries,G2-C_batteries-01,T004,1434.4262775174655,5752.089857916125,,,C03,existing
P14_2_356,G2,C_batteries,G2-C_batteries-02,T012,3609.9948859277265,8217.742244657848,,,C04,existing
P14_2_356,G2,C_batteries,G2-C_batteries-03,T019_2,4832.685966545964,9540.547812933855,,,NEW-C_batteries-01,procurement_required
P14_2_356,G2,relay_aircraft,G2-relay_aircraft-01,R003,5.186098884268291,7850.634235067152,R004,1733.0453420825716,R01,existing
P14_2_356,G2,relay_aircraft,G2-relay_aircraft-01,R004,9583.679577149724,11813.399509678484,,,R01,existing
P14_2_356,G2,relay_components,G2-relay_components-01,R003,5.186098884268291,8956.255878782365,R004,627.4236983673582,RE01,existing
P14_2_356,G2,relay_components,G2-relay_components-01,R004,9583.679577149724,12221.929892002603,,,RE01,existing
P14_2_356,G3,A_aircraft,G3-A_aircraft-01,T002_1,0.0,1652.4416357195464,T002_2,560.4274806065391,U02,existing
P14_2_356,G3,A_aircraft,G3-A_aircraft-01,T002_2,2212.8691163260855,3815.461852306258,T016,542.4035766502066,U02,existing
P14_2_356,G3,A_aircraft,G3-A_aircraft-01,T016,4357.865428956465,6053.623533624929,T020,887.2828924404594,U02,existing
P14_2_356,G3,A_aircraft,G3-A_aircraft-01,T020,6940.906426065389,8911.116273042207,,,U02,existing
P14_2_356,G3,A_aircraft,G3-A_aircraft-02,T014_1,0.0,1695.7581046684645,T011,362.35726863417494,U03,existing
P14_2_356,G3,A_aircraft,G3-A_aircraft-02,T011,2058.1153733026395,4188.754462062222,T007,144.11096689424357,U03,existing
P14_2_356,G3,A_aircraft,G3-A_aircraft-02,T007,4332.865428956466,6940.9063260653875,T019_1,748.4755122280048,U03,existing
P14_2_356,G3,A_aircraft,G3-A_aircraft-02,T019_1,7689.381838293392,9325.139942961858,,,U03,existing
P14_2_356,G3,A_aircraft,G3-A_aircraft-03,T023,6053.623633624929,7689.381738293394,T017,80.07023122006649,U04,existing
P14_2_356,G3,A_aircraft,G3-A_aircraft-03,T017,7769.45196951346,10113.299044225432,,,U04,existing
P14_2_356,G3,B_aircraft,G3-B_aircraft-01,T015,2097.1153733026395,3651.686732430321,T006,1460.7862419228913,NEW-B_aircraft-01,procurement_required
P14_2_356,G3,B_aircraft,G3-B_aircraft-01,T006,5112.4729743532125,6302.1032600896515,,,NEW-B_aircraft-01,procurement_required
P14_2_356,G3,B_aircraft,G3-B_aircraft-02,T008,2348.76072154738,4193.299611702947,,,NEW-B_aircraft-02,procurement_required
P14_2_356,G3,C_aircraft,G3-C_aircraft-01,T010_1,0.0,1823.224406150507,T018,3933.865551765618,NEW-C_aircraft-02,procurement_required
P14_2_356,G3,C_aircraft,G3-C_aircraft-01,T018,5757.089957916125,8192.899478773774,,,NEW-C_aircraft-02,procurement_required
P14_2_356,G3,A_batteries,G3-A_batteries-01,T002_1,0.0,2667.5322461730734,T016,1690.3331827833913,A02,existing
P14_2_356,G3,A_batteries,G3-A_batteries-01,T016,4357.865428956465,7189.599845781131,T017,579.8521237323293,A02,existing
P14_2_356,G3,A_batteries,G3-A_batteries-01,T017,7769.45196951346,11476.863027475007,,,A02,existing
P14_2_356,G3,A_batteries,G3-A_batteries-02,T014_1,0.0,2810.952429148163,T007,1521.9129998083026,A03,existing
P14_2_356,G3,A_batteries,G3-A_batteries-02,T007,4332.865428956466,8394.169789148978,,,A03,existing
P14_2_356,G3,A_batteries,G3-A_batteries-03,T011,2058.1153733026395,5546.539457030654,T020,1394.3669690347342,A04,existing
P14_2_356,G3,A_batteries,G3-A_batteries-03,T020,6940.906426065389,10151.116923729283,,,A04,existing
P14_2_356,G3,A_batteries,G3-A_batteries-04,T002_2,2212.8691163260855,4879.929014022942,T023,1173.6946196019871,A05,existing
P14_2_356,G3,A_batteries,G3-A_batteries-04,T023,6053.623633624929,8794.320358969193,,,A05,existing
P14_2_356,G3,A_batteries,G3-A_batteries-05,T019_1,7689.381838293392,10409.758236602142,,,A06,existing
P14_2_356,G3,B_batteries,G3-B_batteries-01,T015,2097.1153733026395,5107.472874353213,T006,5.000099999999293,B04,existing
P14_2_356,G3,B_batteries,G3-B_batteries-01,T006,5112.4729743532125,7435.544137052532,,,B04,existing
P14_2_356,G3,B_batteries,G3-B_batteries-02,T008,2348.76072154738,5781.961574782329,,,NEW-B_batteries-01,procurement_required
P14_2_356,G3,C_batteries,G3-C_batteries-01,T010_1,0.0,3563.4170832737245,T018,2193.6728746424005,NEW-C_batteries-02,procurement_required
P14_2_356,G3,C_batteries,G3-C_batteries-01,T018,5757.089957916125,10691.253758748288,,,NEW-C_batteries-02,procurement_required
P14_2_356,G3,relay_aircraft,G3-relay_aircraft-01,R001,162.1373190294086,2129.297638856331,R002,2462.7051091295434,R02,existing
P14_2_356,G3,relay_aircraft,G3-relay_aircraft-01,R002,4592.0027479858745,9578.679477149724,,,R02,existing
P14_2_356,G3,relay_aircraft,G3-relay_aircraft-02,R005,2134.2977388563304,4587.002647985877,R006,3268.6316870812743,NEW-relay_aircraft-01,procurement_required
P14_2_356,G3,relay_aircraft,G3-relay_aircraft-02,R006,7855.634335067151,10510.693895951956,,,NEW-relay_aircraft-01,procurement_required
P14_2_356,G3,relay_components,G3-relay_components-01,R001,162.1373190294086,2493.9201725268517,R002,2098.082575459023,RE02,existing
P14_2_356,G3,relay_components,G3-relay_components-01,R002,4592.0027479858745,10318.120453993146,,,RE02,existing
P14_2_356,G3,relay_components,G3-relay_components-02,R005,2134.2977388563304,5015.591855407197,R006,2840.0424796599546,RE03,existing
P14_2_356,G3,relay_components,G3-relay_components-02,R006,7855.634335067151,10964.401779763033,,,RE03,existing
P156_24_3,G1,A_aircraft,G1-A_aircraft-01,T011,2058.1153733026395,4188.754462062222,,,U01,existing
P156_24_3,G1,A_aircraft,G1-A_aircraft-02,T002_2,2212.8691163260855,3815.461852306258,T017,3953.9901172072023,U02,existing
P156_24_3,G1,A_aircraft,G1-A_aircraft-02,T017,7769.45196951346,10113.299044225432,,,U02,existing
P156_24_3,G1,B_aircraft,G1-B_aircraft-01,T005,0.0,1210.3573074816584,T008,1138.4034140657216,U05,existing
P156_24_3,G1,B_aircraft,G1-B_aircraft-01,T008,2348.76072154738,4193.299611702947,,,U05,existing
P156_24_3,G1,B_aircraft,G1-B_aircraft-02,T015,2097.1153733026395,3651.686732430321,T006,1460.7862419228913,U06,existing
P156_24_3,G1,B_aircraft,G1-B_aircraft-02,T006,5112.4729743532125,6302.1032600896515,,,U06,existing
P156_24_3,G1,C_aircraft,G1-C_aircraft-01,T003,0.0,1429.4261775174655,T001,1836.833511511034,U07,existing
P156_24_3,G1,C_aircraft,G1-C_aircraft-01,T001,3266.2596890284995,4827.685866545965,,,U07,existing
P156_24_3,G1,A_batteries,G1-A_batteries-01,T011,2058.1153733026395,5546.539457030654,,,A01,existing
P156_24_3,G1,A_batteries,G1-A_batteries-02,T002_2,2212.8691163260855,4879.929014022942,T017,2889.522955490518,A02,existing
P156_24_3,G1,A_batteries,G1-A_batteries-02,T017,7769.45196951346,11476.863027475007,,,A02,existing
P156_24_3,G1,B_batteries,G1-B_batteries-01,T005,0.0,2343.7606215473797,T008,5.000100000000202,B01,existing
P156_24_3,G1,B_batteries,G1-B_batteries-01,T008,2348.76072154738,5781.961574782329,,,B01,existing
P156_24_3,G1,B_batteries,G1-B_batteries-02,T015,2097.1153733026395,5107.472874353213,T006,5.000099999999293,B02,existing
P156_24_3,G1,B_batteries,G1-B_batteries-02,T006,5112.4729743532125,7435.544137052532,,,B02,existing
P156_24_3,G1,C_batteries,G1-C_batteries-01,T003,0.0,2947.606630665684,T001,318.6530583628155,C01,existing
P156_24_3,G1,C_batteries,G1-C_batteries-01,T001,3266.2596890284995,6416.352542791451,,,C01,existing
P156_24_3,G1,relay_aircraft,G1-relay_aircraft-01,R005,2134.2977388563304,4587.002647985877,R006,3268.6316870812743,R01,existing
P156_24_3,G1,relay_aircraft,G1-relay_aircraft-01,R006,7855.634335067151,10510.693895951956,,,R01,existing
P156_24_3,G1,relay_components,G1-relay_components-01,R005,2134.2977388563304,5015.591855407197,R006,2840.0424796599546,RE01,existing
P156_24_3,G1,relay_components,G1-relay_components-01,R006,7855.634335067151,10964.401779763033,,,RE01,existing
P156_24_3,G2,A_aircraft,G2-A_aircraft-01,T009,0.0,1316.0142144169886,,,U03,existing
P156_24_3,G2,B_aircraft,G2-B_aircraft-01,T013,2.631913957884535e-07,1958.0412717501863,T021,1698.645560680136,NEW-B_aircraft-01,procurement_required
P156_24_3,G2,B_aircraft,G2-B_aircraft-01,T021,3656.6868324303223,5554.728103917317,T014_2,5.000099999999293,NEW-B_aircraft-01,procurement_required
P156_24_3,G2,B_aircraft,G2-B_aircraft-01,T014_2,5559.728203917316,7425.499213465236,T022,2287.9942650634084,NEW-B_aircraft-01,procurement_required
P156_24_3,G2,B_aircraft,G2-B_aircraft-01,T022,9713.493478528644,11214.272215143501,,,NEW-B_aircraft-01,procurement_required
P156_24_3,G2,C_aircraft,G2-C_aircraft-01,T004,1434.4262775174655,3604.9947859277245,T019_2,1227.6911806182397,U08,existing
P156_24_3,G2,C_aircraft,G2-C_aircraft-01,T019_2,4832.685966545964,7071.870031513806,,,U08,existing
P156_24_3,G2,C_aircraft,G2-C_aircraft-02,T010_2,1828.2245061505073,3261.2595890284992,T012,348.73529689922725,NEW-C_aircraft-01,procurement_required
P156_24_3,G2,C_aircraft,G2-C_aircraft-02,T012,3609.9948859277265,5725.07652720618,,,NEW-C_aircraft-01,procurement_required
P156_24_3,G2,A_batteries,G2-A_batteries-01,T009,0.0,2207.8690163260853,,,A03,existing
P156_24_3,G2,B_batteries,G2-B_batteries-01,T013,2.631913957884535e-07,3917.286899235777,T014_2,1642.441304681539,B03,existing
P156_24_3,G2,B_batteries,G2-B_batteries-01,T014_2,5559.728203917316,9106.026402123385,,,B03,existing
P156_24_3,G2,B_batteries,G2-B_batteries-02,T021,3656.6868324303223,7421.910255834926,T022,2291.583222693718,B04,existing
P156_24_3,G2,B_batteries,G2-B_batteries-02,T022,9713.493478528644,12750.274657105232,,,B04,existing
P156_24_3,G2,C_batteries,G2-C_batteries-01,T004,1434.4262775174655,5752.089857916125,,,C02,existing
P156_24_3,G2,C_batteries,G2-C_batteries-02,T010_2,1828.2245061505073,4709.032782226957,T019_2,123.65318431900687,C03,existing
P156_24_3,G2,C_batteries,G2-C_batteries-02,T019_2,4832.685966545964,9540.547812933855,,,C03,existing
P156_24_3,G2,C_batteries,G2-C_batteries-03,T012,3609.9948859277265,8217.742244657848,,,C04,existing
P156_24_3,G2,relay_aircraft,G2-relay_aircraft-01,R003,5.186098884268291,7850.634235067152,R004,1733.0453420825716,R02,existing
P156_24_3,G2,relay_aircraft,G2-relay_aircraft-01,R004,9583.679577149724,11813.399509678484,,,R02,existing
P156_24_3,G2,relay_components,G2-relay_components-01,R003,5.186098884268291,8956.255878782365,R004,627.4236983673582,RE02,existing
P156_24_3,G2,relay_components,G2-relay_components-01,R004,9583.679577149724,12221.929892002603,,,RE02,existing
P156_24_3,G3,A_aircraft,G3-A_aircraft-01,T002_1,0.0,1652.4416357195464,T016,2705.4237932369183,U04,existing
P156_24_3,G3,A_aircraft,G3-A_aircraft-01,T016,4357.865428956465,6053.623533624929,T023,0.00010000000020227162,U04,existing
P156_24_3,G3,A_aircraft,G3-A_aircraft-01,T023,6053.623633624929,7689.381738293394,T019_1,9.999999838328222e-05,U04,existing
P156_24_3,G3,A_aircraft,G3-A_aircraft-01,T019_1,7689.381838293392,9325.139942961858,,,U04,existing
P156_24_3,G3,A_aircraft,G3-A_aircraft-02,T014_1,0.0,1695.7581046684645,T007,2637.107324288001,NEW-A_aircraft-01,procurement_required
P156_24_3,G3,A_aircraft,G3-A_aircraft-02,T007,4332.865428956466,6940.9063260653875,T020,0.00010000000111176632,NEW-A_aircraft-01,procurement_required
P156_24_3,G3,A_aircraft,G3-A_aircraft-02,T020,6940.906426065389,8911.116273042207,,,NEW-A_aircraft-01,procurement_required
P156_24_3,G3,C_aircraft,G3-C_aircraft-01,T010_1,0.0,1823.224406150507,T018,3933.865551765618,NEW-C_aircraft-02,procurement_required
P156_24_3,G3,C_aircraft,G3-C_aircraft-01,T018,5757.089957916125,8192.899478773774,,,NEW-C_aircraft-02,procurement_required
P156_24_3,G3,A_batteries,G3-A_batteries-01,T002_1,0.0,2667.5322461730734,T016,1690.3331827833913,A04,existing
P156_24_3,G3,A_batteries,G3-A_batteries-01,T016,4357.865428956465,7189.599845781131,T019_1,499.78199251226124,A04,existing
P156_24_3,G3,A_batteries,G3-A_batteries-01,T019_1,7689.381838293392,10409.758236602142,,,A04,existing
P156_24_3,G3,A_batteries,G3-A_batteries-02,T014_1,0.0,2810.952429148163,T007,1521.9129998083026,A05,existing
P156_24_3,G3,A_batteries,G3-A_batteries-02,T007,4332.865428956466,8394.169789148978,,,A05,existing
P156_24_3,G3,A_batteries,G3-A_batteries-03,T023,6053.623633624929,8794.320358969193,,,A06,existing
P156_24_3,G3,A_batteries,G3-A_batteries-04,T020,6940.906426065389,10151.116923729283,,,NEW-A_batteries-01,procurement_required
P156_24_3,G3,C_batteries,G3-C_batteries-01,T010_1,0.0,3563.4170832737245,T018,2193.6728746424005,NEW-C_batteries-01,procurement_required
P156_24_3,G3,C_batteries,G3-C_batteries-01,T018,5757.089957916125,10691.253758748288,,,NEW-C_batteries-01,procurement_required
P156_24_3,G3,relay_aircraft,G3-relay_aircraft-01,R001,162.1373190294086,2129.297638856331,R002,2462.7051091295434,NEW-relay_aircraft-01,procurement_required
P156_24_3,G3,relay_aircraft,G3-relay_aircraft-01,R002,4592.0027479858745,9578.679477149724,,,NEW-relay_aircraft-01,procurement_required
P156_24_3,G3,relay_components,G3-relay_components-01,R001,162.1373190294086,2493.9201725268517,R002,2098.082575459023,RE03,existing
P156_24_3,G3,relay_components,G3-relay_components-01,R002,4592.0027479858745,10318.120453993146,,,RE03,existing
P15_246_3,G1,A_aircraft,G1-A_aircraft-01,T011,2058.1153733026395,4188.754462062222,,,U01,existing
P15_246_3,G1,A_aircraft,G1-A_aircraft-02,T002_2,2212.8691163260855,3815.461852306258,T017,3953.9901172072023,U02,existing
P15_246_3,G1,A_aircraft,G1-A_aircraft-02,T017,7769.45196951346,10113.299044225432,,,U02,existing
P15_246_3,G1,B_aircraft,G1-B_aircraft-01,T005,0.0,1210.3573074816584,T008,1138.4034140657216,U05,existing
P15_246_3,G1,B_aircraft,G1-B_aircraft-01,T008,2348.76072154738,4193.299611702947,,,U05,existing
P15_246_3,G1,B_aircraft,G1-B_aircraft-02,T015,2097.1153733026395,3651.686732430321,,,U06,existing
P15_246_3,G1,C_aircraft,G1-C_aircraft-01,T003,0.0,1429.4261775174655,T001,1836.833511511034,U07,existing
P15_246_3,G1,C_aircraft,G1-C_aircraft-01,T001,3266.2596890284995,4827.685866545965,,,U07,existing
P15_246_3,G1,A_batteries,G1-A_batteries-01,T011,2058.1153733026395,5546.539457030654,,,A01,existing
P15_246_3,G1,A_batteries,G1-A_batteries-02,T002_2,2212.8691163260855,4879.929014022942,T017,2889.522955490518,A02,existing
P15_246_3,G1,A_batteries,G1-A_batteries-02,T017,7769.45196951346,11476.863027475007,,,A02,existing
P15_246_3,G1,B_batteries,G1-B_batteries-01,T005,0.0,2343.7606215473797,T008,5.000100000000202,B01,existing
P15_246_3,G1,B_batteries,G1-B_batteries-01,T008,2348.76072154738,5781.961574782329,,,B01,existing
P15_246_3,G1,B_batteries,G1-B_batteries-02,T015,2097.1153733026395,5107.472874353213,,,B02,existing
P15_246_3,G1,C_batteries,G1-C_batteries-01,T003,0.0,2947.606630665684,T001,318.6530583628155,C01,existing
P15_246_3,G1,C_batteries,G1-C_batteries-01,T001,3266.2596890284995,6416.352542791451,,,C01,existing
P15_246_3,G1,relay_aircraft,G1-relay_aircraft-01,R005,2134.2977388563304,4587.002647985877,R006,3268.6316870812743,R01,existing
P15_246_3,G1,relay_aircraft,G1-relay_aircraft-01,R006,7855.634335067151,10510.693895951956,,,R01,existing
P15_246_3,G1,relay_components,G1-relay_components-01,R005,2134.2977388563304,5015.591855407197,R006,2840.0424796599546,RE01,existing
P15_246_3,G1,relay_components,G1-relay_components-01,R006,7855.634335067151,10964.401779763033,,,RE01,existing
P15_246_3,G2,A_aircraft,G2-A_aircraft-01,T009,0.0,1316.0142144169886,,,U03,existing
P15_246_3,G2,B_aircraft,G2-B_aircraft-01,T013,2.631913957884535e-07,1958.0412717501863,T021,1698.645560680136,NEW-B_aircraft-01,procurement_required
P15_246_3,G2,B_aircraft,G2-B_aircraft-01,T021,3656.6868324303223,5554.728103917317,T014_2,5.000099999999293,NEW-B_aircraft-01,procurement_required
P15_246_3,G2,B_aircraft,G2-B_aircraft-01,T014_2,5559.728203917316,7425.499213465236,,,NEW-B_aircraft-01,procurement_required
P15_246_3,G2,B_aircraft,G2-B_aircraft-02,T006,5112.4729743532125,6302.1032600896515,T022,3411.3902184389926,NEW-B_aircraft-02,procurement_required
P15_246_3,G2,B_aircraft,G2-B_aircraft-02,T022,9713.493478528644,11214.272215143501,,,NEW-B_aircraft-02,procurement_required
P15_246_3,G2,C_aircraft,G2-C_aircraft-01,T004,1434.4262775174655,3604.9947859277245,T019_2,1227.6911806182397,U08,existing
P15_246_3,G2,C_aircraft,G2-C_aircraft-01,T019_2,4832.685966545964,7071.870031513806,,,U08,existing
P15_246_3,G2,C_aircraft,G2-C_aircraft-02,T010_2,1828.2245061505073,3261.2595890284992,T012,348.73529689922725,NEW-C_aircraft-01,procurement_required
P15_246_3,G2,C_aircraft,G2-C_aircraft-02,T012,3609.9948859277265,5725.07652720618,,,NEW-C_aircraft-01,procurement_required
P15_246_3,G2,A_batteries,G2-A_batteries-01,T009,0.0,2207.8690163260853,,,A03,existing
P15_246_3,G2,B_batteries,G2-B_batteries-01,T013,2.631913957884535e-07,3917.286899235777,T014_2,1642.441304681539,B03,existing
P15_246_3,G2,B_batteries,G2-B_batteries-01,T014_2,5559.728203917316,9106.026402123385,,,B03,existing
P15_246_3,G2,B_batteries,G2-B_batteries-02,T021,3656.6868324303223,7421.910255834926,T022,2291.583222693718,B04,existing
P15_246_3,G2,B_batteries,G2-B_batteries-02,T022,9713.493478528644,12750.274657105232,,,B04,existing
P15_246_3,G2,B_batteries,G2-B_batteries-03,T006,5112.4729743532125,7435.544137052532,,,NEW-B_batteries-01,procurement_required
P15_246_3,G2,C_batteries,G2-C_batteries-01,T004,1434.4262775174655,5752.089857916125,,,C02,existing
P15_246_3,G2,C_batteries,G2-C_batteries-02,T010_2,1828.2245061505073,4709.032782226957,T019_2,123.65318431900687,C03,existing
P15_246_3,G2,C_batteries,G2-C_batteries-02,T019_2,4832.685966545964,9540.547812933855,,,C03,existing
P15_246_3,G2,C_batteries,G2-C_batteries-03,T012,3609.9948859277265,8217.742244657848,,,C04,existing
P15_246_3,G2,relay_aircraft,G2-relay_aircraft-01,R003,5.186098884268291,7850.634235067152,R004,1733.0453420825716,R02,existing
P15_246_3,G2,relay_aircraft,G2-relay_aircraft-01,R004,9583.679577149724,11813.399509678484,,,R02,existing
P15_246_3,G2,relay_components,G2-relay_components-01,R003,5.186098884268291,8956.255878782365,R004,627.4236983673582,RE02,existing
P15_246_3,G2,relay_components,G2-relay_components-01,R004,9583.679577149724,12221.929892002603,,,RE02,existing
P15_246_3,G3,A_aircraft,G3-A_aircraft-01,T002_1,0.0,1652.4416357195464,T016,2705.4237932369183,U04,existing
P15_246_3,G3,A_aircraft,G3-A_aircraft-01,T016,4357.865428956465,6053.623533624929,T023,0.00010000000020227162,U04,existing
P15_246_3,G3,A_aircraft,G3-A_aircraft-01,T023,6053.623633624929,7689.381738293394,T019_1,9.999999838328222e-05,U04,existing
P15_246_3,G3,A_aircraft,G3-A_aircraft-01,T019_1,7689.381838293392,9325.139942961858,,,U04,existing
P15_246_3,G3,A_aircraft,G3-A_aircraft-02,T014_1,0.0,1695.7581046684645,T007,2637.107324288001,NEW-A_aircraft-01,procurement_required
P15_246_3,G3,A_aircraft,G3-A_aircraft-02,T007,4332.865428956466,6940.9063260653875,T020,0.00010000000111176632,NEW-A_aircraft-01,procurement_required
P15_246_3,G3,A_aircraft,G3-A_aircraft-02,T020,6940.906426065389,8911.116273042207,,,NEW-A_aircraft-01,procurement_required
P15_246_3,G3,C_aircraft,G3-C_aircraft-01,T010_1,0.0,1823.224406150507,T018,3933.865551765618,NEW-C_aircraft-02,procurement_required
P15_246_3,G3,C_aircraft,G3-C_aircraft-01,T018,5757.089957916125,8192.899478773774,,,NEW-C_aircraft-02,procurement_required
P15_246_3,G3,A_batteries,G3-A_batteries-01,T002_1,0.0,2667.5322461730734,T016,1690.3331827833913,A04,existing
P15_246_3,G3,A_batteries,G3-A_batteries-01,T016,4357.865428956465,7189.599845781131,T019_1,499.78199251226124,A04,existing
P15_246_3,G3,A_batteries,G3-A_batteries-01,T019_1,7689.381838293392,10409.758236602142,,,A04,existing
P15_246_3,G3,A_batteries,G3-A_batteries-02,T014_1,0.0,2810.952429148163,T007,1521.9129998083026,A05,existing
P15_246_3,G3,A_batteries,G3-A_batteries-02,T007,4332.865428956466,8394.169789148978,,,A05,existing
P15_246_3,G3,A_batteries,G3-A_batteries-03,T023,6053.623633624929,8794.320358969193,,,A06,existing
P15_246_3,G3,A_batteries,G3-A_batteries-04,T020,6940.906426065389,10151.116923729283,,,NEW-A_batteries-01,procurement_required
P15_246_3,G3,C_batteries,G3-C_batteries-01,T010_1,0.0,3563.4170832737245,T018,2193.6728746424005,NEW-C_batteries-01,procurement_required
P15_246_3,G3,C_batteries,G3-C_batteries-01,T018,5757.089957916125,10691.253758748288,,,NEW-C_batteries-01,procurement_required
P15_246_3,G3,relay_aircraft,G3-relay_aircraft-01,R001,162.1373190294086,2129.297638856331,R002,2462.7051091295434,NEW-relay_aircraft-01,procurement_required
P15_246_3,G3,relay_aircraft,G3-relay_aircraft-01,R002,4592.0027479858745,9578.679477149724,,,NEW-relay_aircraft-01,procurement_required
P15_246_3,G3,relay_components,G3-relay_components-01,R001,162.1373190294086,2493.9201725268517,R002,2098.082575459023,RE03,existing
P15_246_3,G3,relay_components,G3-relay_components-01,R002,4592.0027479858745,10318.120453993146,,,RE03,existing
P15_24_36,G1,A_aircraft,G1-A_aircraft-01,T011,2058.1153733026395,4188.754462062222,,,U01,existing
P15_24_36,G1,A_aircraft,G1-A_aircraft-02,T002_2,2212.8691163260855,3815.461852306258,T017,3953.9901172072023,U02,existing
P15_24_36,G1,A_aircraft,G1-A_aircraft-02,T017,7769.45196951346,10113.299044225432,,,U02,existing
P15_24_36,G1,B_aircraft,G1-B_aircraft-01,T005,0.0,1210.3573074816584,T008,1138.4034140657216,U05,existing
P15_24_36,G1,B_aircraft,G1-B_aircraft-01,T008,2348.76072154738,4193.299611702947,,,U05,existing
P15_24_36,G1,B_aircraft,G1-B_aircraft-02,T015,2097.1153733026395,3651.686732430321,,,U06,existing
P15_24_36,G1,C_aircraft,G1-C_aircraft-01,T003,0.0,1429.4261775174655,T001,1836.833511511034,U07,existing
P15_24_36,G1,C_aircraft,G1-C_aircraft-01,T001,3266.2596890284995,4827.685866545965,,,U07,existing
P15_24_36,G1,A_batteries,G1-A_batteries-01,T011,2058.1153733026395,5546.539457030654,,,A01,existing
P15_24_36,G1,A_batteries,G1-A_batteries-02,T002_2,2212.8691163260855,4879.929014022942,T017,2889.522955490518,A02,existing
P15_24_36,G1,A_batteries,G1-A_batteries-02,T017,7769.45196951346,11476.863027475007,,,A02,existing
P15_24_36,G1,B_batteries,G1-B_batteries-01,T005,0.0,2343.7606215473797,T008,5.000100000000202,B01,existing
P15_24_36,G1,B_batteries,G1-B_batteries-01,T008,2348.76072154738,5781.961574782329,,,B01,existing
P15_24_36,G1,B_batteries,G1-B_batteries-02,T015,2097.1153733026395,5107.472874353213,,,B02,existing
P15_24_36,G1,C_batteries,G1-C_batteries-01,T003,0.0,2947.606630665684,T001,318.6530583628155,C01,existing
P15_24_36,G1,C_batteries,G1-C_batteries-01,T001,3266.2596890284995,6416.352542791451,,,C01,existing
P15_24_36,G1,relay_aircraft,G1-relay_aircraft-01,R005,2134.2977388563304,4587.002647985877,R006,3268.6316870812743,R01,existing
P15_24_36,G1,relay_aircraft,G1-relay_aircraft-01,R006,7855.634335067151,10510.693895951956,,,R01,existing
P15_24_36,G1,relay_components,G1-relay_components-01,R005,2134.2977388563304,5015.591855407197,R006,2840.0424796599546,RE01,existing
P15_24_36,G1,relay_components,G1-relay_components-01,R006,7855.634335067151,10964.401779763033,,,RE01,existing
P15_24_36,G2,A_aircraft,G2-A_aircraft-01,T009,0.0,1316.0142144169886,,,U03,existing
P15_24_36,G2,B_aircraft,G2-B_aircraft-01,T013,2.631913957884535e-07,1958.0412717501863,T021,1698.645560680136,NEW-B_aircraft-01,procurement_required
P15_24_36,G2,B_aircraft,G2-B_aircraft-01,T021,3656.6868324303223,5554.728103917317,T014_2,5.000099999999293,NEW-B_aircraft-01,procurement_required
P15_24_36,G2,B_aircraft,G2-B_aircraft-01,T014_2,5559.728203917316,7425.499213465236,T022,2287.9942650634084,NEW-B_aircraft-01,procurement_required
P15_24_36,G2,B_aircraft,G2-B_aircraft-01,T022,9713.493478528644,11214.272215143501,,,NEW-B_aircraft-01,procurement_required
P15_24_36,G2,C_aircraft,G2-C_aircraft-01,T004,1434.4262775174655,3604.9947859277245,T019_2,1227.6911806182397,U08,existing
P15_24_36,G2,C_aircraft,G2-C_aircraft-01,T019_2,4832.685966545964,7071.870031513806,,,U08,existing
P15_24_36,G2,C_aircraft,G2-C_aircraft-02,T010_2,1828.2245061505073,3261.2595890284992,T012,348.73529689922725,NEW-C_aircraft-01,procurement_required
P15_24_36,G2,C_aircraft,G2-C_aircraft-02,T012,3609.9948859277265,5725.07652720618,,,NEW-C_aircraft-01,procurement_required
P15_24_36,G2,A_batteries,G2-A_batteries-01,T009,0.0,2207.8690163260853,,,A03,existing
P15_24_36,G2,B_batteries,G2-B_batteries-01,T013,2.631913957884535e-07,3917.286899235777,T014_2,1642.441304681539,B03,existing
P15_24_36,G2,B_batteries,G2-B_batteries-01,T014_2,5559.728203917316,9106.026402123385,,,B03,existing
P15_24_36,G2,B_batteries,G2-B_batteries-02,T021,3656.6868324303223,7421.910255834926,T022,2291.583222693718,B04,existing
P15_24_36,G2,B_batteries,G2-B_batteries-02,T022,9713.493478528644,12750.274657105232,,,B04,existing
P15_24_36,G2,C_batteries,G2-C_batteries-01,T004,1434.4262775174655,5752.089857916125,,,C02,existing
P15_24_36,G2,C_batteries,G2-C_batteries-02,T010_2,1828.2245061505073,4709.032782226957,T019_2,123.65318431900687,C03,existing
P15_24_36,G2,C_batteries,G2-C_batteries-02,T019_2,4832.685966545964,9540.547812933855,,,C03,existing
P15_24_36,G2,C_batteries,G2-C_batteries-03,T012,3609.9948859277265,8217.742244657848,,,C04,existing
P15_24_36,G2,relay_aircraft,G2-relay_aircraft-01,R003,5.186098884268291,7850.634235067152,R004,1733.0453420825716,R02,existing
P15_24_36,G2,relay_aircraft,G2-relay_aircraft-01,R004,9583.679577149724,11813.399509678484,,,R02,existing
P15_24_36,G2,relay_components,G2-relay_components-01,R003,5.186098884268291,8956.255878782365,R004,627.4236983673582,RE02,existing
P15_24_36,G2,relay_components,G2-relay_components-01,R004,9583.679577149724,12221.929892002603,,,RE02,existing
P15_24_36,G3,A_aircraft,G3-A_aircraft-01,T002_1,0.0,1652.4416357195464,T016,2705.4237932369183,U04,existing
P15_24_36,G3,A_aircraft,G3-A_aircraft-01,T016,4357.865428956465,6053.623533624929,T023,0.00010000000020227162,U04,existing
P15_24_36,G3,A_aircraft,G3-A_aircraft-01,T023,6053.623633624929,7689.381738293394,T019_1,9.999999838328222e-05,U04,existing
P15_24_36,G3,A_aircraft,G3-A_aircraft-01,T019_1,7689.381838293392,9325.139942961858,,,U04,existing
P15_24_36,G3,A_aircraft,G3-A_aircraft-02,T014_1,0.0,1695.7581046684645,T007,2637.107324288001,NEW-A_aircraft-01,procurement_required
P15_24_36,G3,A_aircraft,G3-A_aircraft-02,T007,4332.865428956466,6940.9063260653875,T020,0.00010000000111176632,NEW-A_aircraft-01,procurement_required
P15_24_36,G3,A_aircraft,G3-A_aircraft-02,T020,6940.906426065389,8911.116273042207,,,NEW-A_aircraft-01,procurement_required
P15_24_36,G3,B_aircraft,G3-B_aircraft-01,T006,5112.4729743532125,6302.1032600896515,,,NEW-B_aircraft-02,procurement_required
P15_24_36,G3,C_aircraft,G3-C_aircraft-01,T010_1,0.0,1823.224406150507,T018,3933.865551765618,NEW-C_aircraft-02,procurement_required
P15_24_36,G3,C_aircraft,G3-C_aircraft-01,T018,5757.089957916125,8192.899478773774,,,NEW-C_aircraft-02,procurement_required
P15_24_36,G3,A_batteries,G3-A_batteries-01,T002_1,0.0,2667.5322461730734,T016,1690.3331827833913,A04,existing
P15_24_36,G3,A_batteries,G3-A_batteries-01,T016,4357.865428956465,7189.599845781131,T019_1,499.78199251226124,A04,existing
P15_24_36,G3,A_batteries,G3-A_batteries-01,T019_1,7689.381838293392,10409.758236602142,,,A04,existing
P15_24_36,G3,A_batteries,G3-A_batteries-02,T014_1,0.0,2810.952429148163,T007,1521.9129998083026,A05,existing
P15_24_36,G3,A_batteries,G3-A_batteries-02,T007,4332.865428956466,8394.169789148978,,,A05,existing
P15_24_36,G3,A_batteries,G3-A_batteries-03,T023,6053.623633624929,8794.320358969193,,,A06,existing
P15_24_36,G3,A_batteries,G3-A_batteries-04,T020,6940.906426065389,10151.116923729283,,,NEW-A_batteries-01,procurement_required
P15_24_36,G3,B_batteries,G3-B_batteries-01,T006,5112.4729743532125,7435.544137052532,,,NEW-B_batteries-01,procurement_required
P15_24_36,G3,C_batteries,G3-C_batteries-01,T010_1,0.0,3563.4170832737245,T018,2193.6728746424005,NEW-C_batteries-01,procurement_required
P15_24_36,G3,C_batteries,G3-C_batteries-01,T018,5757.089957916125,10691.253758748288,,,NEW-C_batteries-01,procurement_required
P15_24_36,G3,relay_aircraft,G3-relay_aircraft-01,R001,162.1373190294086,2129.297638856331,R002,2462.7051091295434,NEW-relay_aircraft-01,procurement_required
P15_24_36,G3,relay_aircraft,G3-relay_aircraft-01,R002,4592.0027479858745,9578.679477149724,,,NEW-relay_aircraft-01,procurement_required
P15_24_36,G3,relay_components,G3-relay_components-01,R001,162.1373190294086,2493.9201725268517,R002,2098.082575459023,RE03,existing
P15_24_36,G3,relay_components,G3-relay_components-01,R002,4592.0027479858745,10318.120453993146,,,RE03,existing
P16_245_3,G1,B_aircraft,G1-B_aircraft-01,T005,0.0,1210.3573074816584,T006,3902.115666871554,U05,existing
P16_245_3,G1,B_aircraft,G1-B_aircraft-01,T006,5112.4729743532125,6302.1032600896515,,,U05,existing
P16_245_3,G1,C_aircraft,G1-C_aircraft-01,T003,0.0,1429.4261775174655,T001,1836.833511511034,U07,existing
P16_245_3,G1,C_aircraft,G1-C_aircraft-01,T001,3266.2596890284995,4827.685866545965,,,U07,existing
P16_245_3,G1,B_batteries,G1-B_batteries-01,T005,0.0,2343.7606215473797,T006,2768.712352805833,B01,existing
P16_245_3,G1,B_batteries,G1-B_batteries-01,T006,5112.4729743532125,7435.544137052532,,,B01,existing
P16_245_3,G1,C_batteries,G1-C_batteries-01,T003,0.0,2947.606630665684,T001,318.6530583628155,C01,existing
P16_245_3,G1,C_batteries,G1-C_batteries-01,T001,3266.2596890284995,6416.352542791451,,,C01,existing
P16_245_3,G2,A_aircraft,G2-A_aircraft-01,T009,0.0,1316.0142144169886,T002_2,896.854901909097,U01,existing
P16_245_3,G2,A_aircraft,G2-A_aircraft-01,T002_2,2212.8691163260855,3815.461852306258,T017,3953.9901172072023,U01,existing
P16_245_3,G2,A_aircraft,G2-A_aircraft-01,T017,7769.45196951346,10113.299044225432,,,U01,existing
P16_245_3,G2,A_aircraft,G2-A_aircraft-02,T011,2058.1153733026395,4188.754462062222,,,U02,existing
P16_245_3,G2,B_aircraft,G2-B_aircraft-01,T013,2.631913957884535e-07,1958.0412717501863,T015,139.07410155245316,U06,existing
P16_245_3,G2,B_aircraft,G2-B_aircraft-01,T015,2097.1153733026395,3651.686732430321,T021,5.000100000001112,U06,existing
P16_245_3,G2,B_aircraft,G2-B_aircraft-01,T021,3656.6868324303223,5554.728103917317,T022,4158.765374611327,U06,existing
P16_245_3,G2,B_aircraft,G2-B_aircraft-01,T022,9713.493478528644,11214.272215143501,,,U06,existing
P16_245_3,G2,B_aircraft,G2-B_aircraft-02,T008,2348.76072154738,4193.299611702947,T014_2,1366.428592214369,NEW-B_aircraft-01,procurement_required
P16_245_3,G2,B_aircraft,G2-B_aircraft-02,T014_2,5559.728203917316,7425.499213465236,,,NEW-B_aircraft-01,procurement_required
P16_245_3,G2,C_aircraft,G2-C_aircraft-01,T004,1434.4262775174655,3604.9947859277245,T019_2,1227.6911806182397,U08,existing
P16_245_3,G2,C_aircraft,G2-C_aircraft-01,T019_2,4832.685966545964,7071.870031513806,,,U08,existing
P16_245_3,G2,C_aircraft,G2-C_aircraft-02,T010_2,1828.2245061505073,3261.2595890284992,T012,348.73529689922725,NEW-C_aircraft-01,procurement_required
P16_245_3,G2,C_aircraft,G2-C_aircraft-02,T012,3609.9948859277265,5725.07652720618,,,NEW-C_aircraft-01,procurement_required
P16_245_3,G2,A_batteries,G2-A_batteries-01,T009,0.0,2207.8690163260853,T002_2,5.000100000000202,A01,existing
P16_245_3,G2,A_batteries,G2-A_batteries-01,T002_2,2212.8691163260855,4879.929014022942,T017,2889.522955490518,A01,existing
P16_245_3,G2,A_batteries,G2-A_batteries-01,T017,7769.45196951346,11476.863027475007,,,A01,existing
P16_245_3,G2,A_batteries,G2-A_batteries-02,T011,2058.1153733026395,5546.539457030654,,,A02,existing
P16_245_3,G2,B_batteries,G2-B_batteries-01,T013,2.631913957884535e-07,3917.286899235777,T014_2,1642.441304681539,B02,existing
P16_245_3,G2,B_batteries,G2-B_batteries-01,T014_2,5559.728203917316,9106.026402123385,,,B02,existing
P16_245_3,G2,B_batteries,G2-B_batteries-02,T015,2097.1153733026395,5107.472874353213,T022,4606.020604175431,B03,existing
P16_245_3,G2,B_batteries,G2-B_batteries-02,T022,9713.493478528644,12750.274657105232,,,B03,existing
P16_245_3,G2,B_batteries,G2-B_batteries-03,T008,2348.76072154738,5781.961574782329,,,B04,existing
P16_245_3,G2,B_batteries,G2-B_batteries-04,T021,3656.6868324303223,7421.910255834926,,,NEW-B_batteries-01,procurement_required
P16_245_3,G2,C_batteries,G2-C_batteries-01,T004,1434.4262775174655,5752.089857916125,,,C02,existing
P16_245_3,G2,C_batteries,G2-C_batteries-02,T010_2,1828.2245061505073,4709.032782226957,T019_2,123.65318431900687,C03,existing
P16_245_3,G2,C_batteries,G2-C_batteries-02,T019_2,4832.685966545964,9540.547812933855,,,C03,existing
P16_245_3,G2,C_batteries,G2-C_batteries-03,T012,3609.9948859277265,8217.742244657848,,,C04,existing
P16_245_3,G2,relay_aircraft,G2-relay_aircraft-01,R003,5.186098884268291,7850.634235067152,R004,1733.0453420825716,R01,existing
P16_245_3,G2,relay_aircraft,G2-relay_aircraft-01,R004,9583.679577149724,11813.399509678484,,,R01,existing
P16_245_3,G2,relay_aircraft,G2-relay_aircraft-02,R005,2134.2977388563304,4587.002647985877,R006,3268.6316870812743,R02,existing
P16_245_3,G2,relay_aircraft,G2-relay_aircraft-02,R006,7855.634335067151,10510.693895951956,,,R02,existing
P16_245_3,G2,relay_components,G2-relay_components-01,R003,5.186098884268291,8956.255878782365,R004,627.4236983673582,RE01,existing
P16_245_3,G2,relay_components,G2-relay_components-01,R004,9583.679577149724,12221.929892002603,,,RE01,existing
P16_245_3,G2,relay_components,G2-relay_components-02,R005,2134.2977388563304,5015.591855407197,R006,2840.0424796599546,RE02,existing
P16_245_3,G2,relay_components,G2-relay_components-02,R006,7855.634335067151,10964.401779763033,,,RE02,existing
P16_245_3,G3,A_aircraft,G3-A_aircraft-01,T002_1,0.0,1652.4416357195464,T016,2705.4237932369183,U03,existing
P16_245_3,G3,A_aircraft,G3-A_aircraft-01,T016,4357.865428956465,6053.623533624929,T023,0.00010000000020227162,U03,existing
P16_245_3,G3,A_aircraft,G3-A_aircraft-01,T023,6053.623633624929,7689.381738293394,T019_1,9.999999838328222e-05,U03,existing
P16_245_3,G3,A_aircraft,G3-A_aircraft-01,T019_1,7689.381838293392,9325.139942961858,,,U03,existing
P16_245_3,G3,A_aircraft,G3-A_aircraft-02,T014_1,0.0,1695.7581046684645,T007,2637.107324288001,U04,existing
P16_245_3,G3,A_aircraft,G3-A_aircraft-02,T007,4332.865428956466,6940.9063260653875,T020,0.00010000000111176632,U04,existing
P16_245_3,G3,A_aircraft,G3-A_aircraft-02,T020,6940.906426065389,8911.116273042207,,,U04,existing
P16_245_3,G3,C_aircraft,G3-C_aircraft-01,T010_1,0.0,1823.224406150507,T018,3933.865551765618,NEW-C_aircraft-02,procurement_required
P16_245_3,G3,C_aircraft,G3-C_aircraft-01,T018,5757.089957916125,8192.899478773774,,,NEW-C_aircraft-02,procurement_required
P16_245_3,G3,A_batteries,G3-A_batteries-01,T002_1,0.0,2667.5322461730734,T016,1690.3331827833913,A03,existing
P16_245_3,G3,A_batteries,G3-A_batteries-01,T016,4357.865428956465,7189.599845781131,T019_1,499.78199251226124,A03,existing
P16_245_3,G3,A_batteries,G3-A_batteries-01,T019_1,7689.381838293392,10409.758236602142,,,A03,existing
P16_245_3,G3,A_batteries,G3-A_batteries-02,T014_1,0.0,2810.952429148163,T007,1521.9129998083026,A04,existing
P16_245_3,G3,A_batteries,G3-A_batteries-02,T007,4332.865428956466,8394.169789148978,,,A04,existing
P16_245_3,G3,A_batteries,G3-A_batteries-03,T023,6053.623633624929,8794.320358969193,,,A05,existing
P16_245_3,G3,A_batteries,G3-A_batteries-04,T020,6940.906426065389,10151.116923729283,,,A06,existing
P16_245_3,G3,C_batteries,G3-C_batteries-01,T010_1,0.0,3563.4170832737245,T018,2193.6728746424005,NEW-C_batteries-01,procurement_required
P16_245_3,G3,C_batteries,G3-C_batteries-01,T018,5757.089957916125,10691.253758748288,,,NEW-C_batteries-01,procurement_required
P16_245_3,G3,relay_aircraft,G3-relay_aircraft-01,R001,162.1373190294086,2129.297638856331,R002,2462.7051091295434,NEW-relay_aircraft-01,procurement_required
P16_245_3,G3,relay_aircraft,G3-relay_aircraft-01,R002,4592.0027479858745,9578.679477149724,,,NEW-relay_aircraft-01,procurement_required
P16_245_3,G3,relay_components,G3-relay_components-01,R001,162.1373190294086,2493.9201725268517,R002,2098.082575459023,RE03,existing
P16_245_3,G3,relay_components,G3-relay_components-01,R002,4592.0027479858745,10318.120453993146,,,RE03,existing
P1_2456_3,G1,B_aircraft,G1-B_aircraft-01,T005,0.0,1210.3573074816584,,,U05,existing
P1_2456_3,G1,C_aircraft,G1-C_aircraft-01,T003,0.0,1429.4261775174655,T001,1836.833511511034,U07,existing
P1_2456_3,G1,C_aircraft,G1-C_aircraft-01,T001,3266.2596890284995,4827.685866545965,,,U07,existing
P1_2456_3,G1,B_batteries,G1-B_batteries-01,T005,0.0,2343.7606215473797,,,B01,existing
P1_2456_3,G1,C_batteries,G1-C_batteries-01,T003,0.0,2947.606630665684,T001,318.6530583628155,C01,existing
P1_2456_3,G1,C_batteries,G1-C_batteries-01,T001,3266.2596890284995,6416.352542791451,,,C01,existing
P1_2456_3,G2,A_aircraft,G2-A_aircraft-01,T009,0.0,1316.0142144169886,T002_2,896.854901909097,U01,existing
P1_2456_3,G2,A_aircraft,G2-A_aircraft-01,T002_2,2212.8691163260855,3815.461852306258,T017,3953.9901172072023,U01,existing
P1_2456_3,G2,A_aircraft,G2-A_aircraft-01,T017,7769.45196951346,10113.299044225432,,,U01,existing
P1_2456_3,G2,A_aircraft,G2-A_aircraft-02,T011,2058.1153733026395,4188.754462062222,,,U02,existing
P1_2456_3,G2,B_aircraft,G2-B_aircraft-01,T013,2.631913957884535e-07,1958.0412717501863,T015,139.07410155245316,U06,existing
P1_2456_3,G2,B_aircraft,G2-B_aircraft-01,T015,2097.1153733026395,3651.686732430321,T021,5.000100000001112,U06,existing
P1_2456_3,G2,B_aircraft,G2-B_aircraft-01,T021,3656.6868324303223,5554.728103917317,T014_2,5.000099999999293,U06,existing
P1_2456_3,G2,B_aircraft,G2-B_aircraft-01,T014_2,5559.728203917316,7425.499213465236,,,U06,existing
P1_2456_3,G2,B_aircraft,G2-B_aircraft-02,T008,2348.76072154738,4193.299611702947,T006,919.1733626502655,NEW-B_aircraft-01,procurement_required
P1_2456_3,G2,B_aircraft,G2-B_aircraft-02,T006,5112.4729743532125,6302.1032600896515,T022,3411.3902184389926,NEW-B_aircraft-01,procurement_required
P1_2456_3,G2,B_aircraft,G2-B_aircraft-02,T022,9713.493478528644,11214.272215143501,,,NEW-B_aircraft-01,procurement_required
P1_2456_3,G2,C_aircraft,G2-C_aircraft-01,T004,1434.4262775174655,3604.9947859277245,T019_2,1227.6911806182397,U08,existing
P1_2456_3,G2,C_aircraft,G2-C_aircraft-01,T019_2,4832.685966545964,7071.870031513806,,,U08,existing
P1_2456_3,G2,C_aircraft,G2-C_aircraft-02,T010_2,1828.2245061505073,3261.2595890284992,T012,348.73529689922725,NEW-C_aircraft-01,procurement_required
P1_2456_3,G2,C_aircraft,G2-C_aircraft-02,T012,3609.9948859277265,5725.07652720618,,,NEW-C_aircraft-01,procurement_required
P1_2456_3,G2,A_batteries,G2-A_batteries-01,T009,0.0,2207.8690163260853,T002_2,5.000100000000202,A01,existing
P1_2456_3,G2,A_batteries,G2-A_batteries-01,T002_2,2212.8691163260855,4879.929014022942,T017,2889.522955490518,A01,existing
P1_2456_3,G2,A_batteries,G2-A_batteries-01,T017,7769.45196951346,11476.863027475007,,,A01,existing
P1_2456_3,G2,A_batteries,G2-A_batteries-02,T011,2058.1153733026395,5546.539457030654,,,A02,existing
P1_2456_3,G2,B_batteries,G2-B_batteries-01,T013,2.631913957884535e-07,3917.286899235777,T006,1195.1860751174354,B02,existing
P1_2456_3,G2,B_batteries,G2-B_batteries-01,T006,5112.4729743532125,7435.544137052532,,,B02,existing
P1_2456_3,G2,B_batteries,G2-B_batteries-02,T015,2097.1153733026395,5107.472874353213,T014_2,452.2553295641028,B03,existing
P1_2456_3,G2,B_batteries,G2-B_batteries-02,T014_2,5559.728203917316,9106.026402123385,,,B03,existing
P1_2456_3,G2,B_batteries,G2-B_batteries-03,T008,2348.76072154738,5781.961574782329,T022,3931.531903746315,B04,existing
P1_2456_3,G2,B_batteries,G2-B_batteries-03,T022,9713.493478528644,12750.274657105232,,,B04,existing
P1_2456_3,G2,B_batteries,G2-B_batteries-04,T021,3656.6868324303223,7421.910255834926,,,NEW-B_batteries-01,procurement_required
P1_2456_3,G2,C_batteries,G2-C_batteries-01,T004,1434.4262775174655,5752.089857916125,,,C02,existing
P1_2456_3,G2,C_batteries,G2-C_batteries-02,T010_2,1828.2245061505073,4709.032782226957,T019_2,123.65318431900687,C03,existing
P1_2456_3,G2,C_batteries,G2-C_batteries-02,T019_2,4832.685966545964,9540.547812933855,,,C03,existing
P1_2456_3,G2,C_batteries,G2-C_batteries-03,T012,3609.9948859277265,8217.742244657848,,,C04,existing
P1_2456_3,G2,relay_aircraft,G2-relay_aircraft-01,R003,5.186098884268291,7850.634235067152,R004,1733.0453420825716,R01,existing
P1_2456_3,G2,relay_aircraft,G2-relay_aircraft-01,R004,9583.679577149724,11813.399509678484,,,R01,existing
P1_2456_3,G2,relay_aircraft,G2-relay_aircraft-02,R005,2134.2977388563304,4587.002647985877,R006,3268.6316870812743,R02,existing
P1_2456_3,G2,relay_aircraft,G2-relay_aircraft-02,R006,7855.634335067151,10510.693895951956,,,R02,existing
P1_2456_3,G2,relay_components,G2-relay_components-01,R003,5.186098884268291,8956.255878782365,R004,627.4236983673582,RE01,existing
P1_2456_3,G2,relay_components,G2-relay_components-01,R004,9583.679577149724,12221.929892002603,,,RE01,existing
P1_2456_3,G2,relay_components,G2-relay_components-02,R005,2134.2977388563304,5015.591855407197,R006,2840.0424796599546,RE02,existing
P1_2456_3,G2,relay_components,G2-relay_components-02,R006,7855.634335067151,10964.401779763033,,,RE02,existing
P1_2456_3,G3,A_aircraft,G3-A_aircraft-01,T002_1,0.0,1652.4416357195464,T016,2705.4237932369183,U03,existing
P1_2456_3,G3,A_aircraft,G3-A_aircraft-01,T016,4357.865428956465,6053.623533624929,T023,0.00010000000020227162,U03,existing
P1_2456_3,G3,A_aircraft,G3-A_aircraft-01,T023,6053.623633624929,7689.381738293394,T019_1,9.999999838328222e-05,U03,existing
P1_2456_3,G3,A_aircraft,G3-A_aircraft-01,T019_1,7689.381838293392,9325.139942961858,,,U03,existing
P1_2456_3,G3,A_aircraft,G3-A_aircraft-02,T014_1,0.0,1695.7581046684645,T007,2637.107324288001,U04,existing
P1_2456_3,G3,A_aircraft,G3-A_aircraft-02,T007,4332.865428956466,6940.9063260653875,T020,0.00010000000111176632,U04,existing
P1_2456_3,G3,A_aircraft,G3-A_aircraft-02,T020,6940.906426065389,8911.116273042207,,,U04,existing
P1_2456_3,G3,C_aircraft,G3-C_aircraft-01,T010_1,0.0,1823.224406150507,T018,3933.865551765618,NEW-C_aircraft-02,procurement_required
P1_2456_3,G3,C_aircraft,G3-C_aircraft-01,T018,5757.089957916125,8192.899478773774,,,NEW-C_aircraft-02,procurement_required
P1_2456_3,G3,A_batteries,G3-A_batteries-01,T002_1,0.0,2667.5322461730734,T016,1690.3331827833913,A03,existing
P1_2456_3,G3,A_batteries,G3-A_batteries-01,T016,4357.865428956465,7189.599845781131,T019_1,499.78199251226124,A03,existing
P1_2456_3,G3,A_batteries,G3-A_batteries-01,T019_1,7689.381838293392,10409.758236602142,,,A03,existing
P1_2456_3,G3,A_batteries,G3-A_batteries-02,T014_1,0.0,2810.952429148163,T007,1521.9129998083026,A04,existing
P1_2456_3,G3,A_batteries,G3-A_batteries-02,T007,4332.865428956466,8394.169789148978,,,A04,existing
P1_2456_3,G3,A_batteries,G3-A_batteries-03,T023,6053.623633624929,8794.320358969193,,,A05,existing
P1_2456_3,G3,A_batteries,G3-A_batteries-04,T020,6940.906426065389,10151.116923729283,,,A06,existing
P1_2456_3,G3,C_batteries,G3-C_batteries-01,T010_1,0.0,3563.4170832737245,T018,2193.6728746424005,NEW-C_batteries-01,procurement_required
P1_2456_3,G3,C_batteries,G3-C_batteries-01,T018,5757.089957916125,10691.253758748288,,,NEW-C_batteries-01,procurement_required
P1_2456_3,G3,relay_aircraft,G3-relay_aircraft-01,R001,162.1373190294086,2129.297638856331,R002,2462.7051091295434,NEW-relay_aircraft-01,procurement_required
P1_2456_3,G3,relay_aircraft,G3-relay_aircraft-01,R002,4592.0027479858745,9578.679477149724,,,NEW-relay_aircraft-01,procurement_required
P1_2456_3,G3,relay_components,G3-relay_components-01,R001,162.1373190294086,2493.9201725268517,R002,2098.082575459023,RE03,existing
P1_2456_3,G3,relay_components,G3-relay_components-01,R002,4592.0027479858745,10318.120453993146,,,RE03,existing
P1_245_36,G1,B_aircraft,G1-B_aircraft-01,T005,0.0,1210.3573074816584,,,U05,existing
P1_245_36,G1,C_aircraft,G1-C_aircraft-01,T003,0.0,1429.4261775174655,T001,1836.833511511034,U07,existing
P1_245_36,G1,C_aircraft,G1-C_aircraft-01,T001,3266.2596890284995,4827.685866545965,,,U07,existing
P1_245_36,G1,B_batteries,G1-B_batteries-01,T005,0.0,2343.7606215473797,,,B01,existing
P1_245_36,G1,C_batteries,G1-C_batteries-01,T003,0.0,2947.606630665684,T001,318.6530583628155,C01,existing
P1_245_36,G1,C_batteries,G1-C_batteries-01,T001,3266.2596890284995,6416.352542791451,,,C01,existing
P1_245_36,G2,A_aircraft,G2-A_aircraft-01,T009,0.0,1316.0142144169886,T002_2,896.854901909097,U01,existing
P1_245_36,G2,A_aircraft,G2-A_aircraft-01,T002_2,2212.8691163260855,3815.461852306258,T017,3953.9901172072023,U01,existing
P1_245_36,G2,A_aircraft,G2-A_aircraft-01,T017,7769.45196951346,10113.299044225432,,,U01,existing
P1_245_36,G2,A_aircraft,G2-A_aircraft-02,T011,2058.1153733026395,4188.754462062222,,,U02,existing
P1_245_36,G2,B_aircraft,G2-B_aircraft-01,T013,2.631913957884535e-07,1958.0412717501863,T015,139.07410155245316,U06,existing
P1_245_36,G2,B_aircraft,G2-B_aircraft-01,T015,2097.1153733026395,3651.686732430321,T021,5.000100000001112,U06,existing
P1_245_36,G2,B_aircraft,G2-B_aircraft-01,T021,3656.6868324303223,5554.728103917317,T022,4158.765374611327,U06,existing
P1_245_36,G2,B_aircraft,G2-B_aircraft-01,T022,9713.493478528644,11214.272215143501,,,U06,existing
P1_245_36,G2,B_aircraft,G2-B_aircraft-02,T008,2348.76072154738,4193.299611702947,T014_2,1366.428592214369,NEW-B_aircraft-01,procurement_required
P1_245_36,G2,B_aircraft,G2-B_aircraft-02,T014_2,5559.728203917316,7425.499213465236,,,NEW-B_aircraft-01,procurement_required
P1_245_36,G2,C_aircraft,G2-C_aircraft-01,T004,1434.4262775174655,3604.9947859277245,T019_2,1227.6911806182397,U08,existing
P1_245_36,G2,C_aircraft,G2-C_aircraft-01,T019_2,4832.685966545964,7071.870031513806,,,U08,existing
P1_245_36,G2,C_aircraft,G2-C_aircraft-02,T010_2,1828.2245061505073,3261.2595890284992,T012,348.73529689922725,NEW-C_aircraft-01,procurement_required
P1_245_36,G2,C_aircraft,G2-C_aircraft-02,T012,3609.9948859277265,5725.07652720618,,,NEW-C_aircraft-01,procurement_required
P1_245_36,G2,A_batteries,G2-A_batteries-01,T009,0.0,2207.8690163260853,T002_2,5.000100000000202,A01,existing
P1_245_36,G2,A_batteries,G2-A_batteries-01,T002_2,2212.8691163260855,4879.929014022942,T017,2889.522955490518,A01,existing
P1_245_36,G2,A_batteries,G2-A_batteries-01,T017,7769.45196951346,11476.863027475007,,,A01,existing
P1_245_36,G2,A_batteries,G2-A_batteries-02,T011,2058.1153733026395,5546.539457030654,,,A02,existing
P1_245_36,G2,B_batteries,G2-B_batteries-01,T013,2.631913957884535e-07,3917.286899235777,T014_2,1642.441304681539,B02,existing
P1_245_36,G2,B_batteries,G2-B_batteries-01,T014_2,5559.728203917316,9106.026402123385,,,B02,existing
P1_245_36,G2,B_batteries,G2-B_batteries-02,T015,2097.1153733026395,5107.472874353213,T022,4606.020604175431,B03,existing
P1_245_36,G2,B_batteries,G2-B_batteries-02,T022,9713.493478528644,12750.274657105232,,,B03,existing
P1_245_36,G2,B_batteries,G2-B_batteries-03,T008,2348.76072154738,5781.961574782329,,,B04,existing
P1_245_36,G2,B_batteries,G2-B_batteries-04,T021,3656.6868324303223,7421.910255834926,,,NEW-B_batteries-01,procurement_required
P1_245_36,G2,C_batteries,G2-C_batteries-01,T004,1434.4262775174655,5752.089857916125,,,C02,existing
P1_245_36,G2,C_batteries,G2-C_batteries-02,T010_2,1828.2245061505073,4709.032782226957,T019_2,123.65318431900687,C03,existing
P1_245_36,G2,C_batteries,G2-C_batteries-02,T019_2,4832.685966545964,9540.547812933855,,,C03,existing
P1_245_36,G2,C_batteries,G2-C_batteries-03,T012,3609.9948859277265,8217.742244657848,,,C04,existing
P1_245_36,G2,relay_aircraft,G2-relay_aircraft-01,R003,5.186098884268291,7850.634235067152,R004,1733.0453420825716,R01,existing
P1_245_36,G2,relay_aircraft,G2-relay_aircraft-01,R004,9583.679577149724,11813.399509678484,,,R01,existing
P1_245_36,G2,relay_aircraft,G2-relay_aircraft-02,R005,2134.2977388563304,4587.002647985877,R006,3268.6316870812743,R02,existing
P1_245_36,G2,relay_aircraft,G2-relay_aircraft-02,R006,7855.634335067151,10510.693895951956,,,R02,existing
P1_245_36,G2,relay_components,G2-relay_components-01,R003,5.186098884268291,8956.255878782365,R004,627.4236983673582,RE01,existing
P1_245_36,G2,relay_components,G2-relay_components-01,R004,9583.679577149724,12221.929892002603,,,RE01,existing
P1_245_36,G2,relay_components,G2-relay_components-02,R005,2134.2977388563304,5015.591855407197,R006,2840.0424796599546,RE02,existing
P1_245_36,G2,relay_components,G2-relay_components-02,R006,7855.634335067151,10964.401779763033,,,RE02,existing
P1_245_36,G3,A_aircraft,G3-A_aircraft-01,T002_1,0.0,1652.4416357195464,T016,2705.4237932369183,U03,existing
P1_245_36,G3,A_aircraft,G3-A_aircraft-01,T016,4357.865428956465,6053.623533624929,T023,0.00010000000020227162,U03,existing
P1_245_36,G3,A_aircraft,G3-A_aircraft-01,T023,6053.623633624929,7689.381738293394,T019_1,9.999999838328222e-05,U03,existing
P1_245_36,G3,A_aircraft,G3-A_aircraft-01,T019_1,7689.381838293392,9325.139942961858,,,U03,existing
P1_245_36,G3,A_aircraft,G3-A_aircraft-02,T014_1,0.0,1695.7581046684645,T007,2637.107324288001,U04,existing
P1_245_36,G3,A_aircraft,G3-A_aircraft-02,T007,4332.865428956466,6940.9063260653875,T020,0.00010000000111176632,U04,existing
P1_245_36,G3,A_aircraft,G3-A_aircraft-02,T020,6940.906426065389,8911.116273042207,,,U04,existing
P1_245_36,G3,B_aircraft,G3-B_aircraft-01,T006,5112.4729743532125,6302.1032600896515,,,NEW-B_aircraft-02,procurement_required
P1_245_36,G3,C_aircraft,G3-C_aircraft-01,T010_1,0.0,1823.224406150507,T018,3933.865551765618,NEW-C_aircraft-02,procurement_required
P1_245_36,G3,C_aircraft,G3-C_aircraft-01,T018,5757.089957916125,8192.899478773774,,,NEW-C_aircraft-02,procurement_required
P1_245_36,G3,A_batteries,G3-A_batteries-01,T002_1,0.0,2667.5322461730734,T016,1690.3331827833913,A03,existing
P1_245_36,G3,A_batteries,G3-A_batteries-01,T016,4357.865428956465,7189.599845781131,T019_1,499.78199251226124,A03,existing
P1_245_36,G3,A_batteries,G3-A_batteries-01,T019_1,7689.381838293392,10409.758236602142,,,A03,existing
P1_245_36,G3,A_batteries,G3-A_batteries-02,T014_1,0.0,2810.952429148163,T007,1521.9129998083026,A04,existing
P1_245_36,G3,A_batteries,G3-A_batteries-02,T007,4332.865428956466,8394.169789148978,,,A04,existing
P1_245_36,G3,A_batteries,G3-A_batteries-03,T023,6053.623633624929,8794.320358969193,,,A05,existing
P1_245_36,G3,A_batteries,G3-A_batteries-04,T020,6940.906426065389,10151.116923729283,,,A06,existing
P1_245_36,G3,B_batteries,G3-B_batteries-01,T006,5112.4729743532125,7435.544137052532,,,NEW-B_batteries-02,procurement_required
P1_245_36,G3,C_batteries,G3-C_batteries-01,T010_1,0.0,3563.4170832737245,T018,2193.6728746424005,NEW-C_batteries-01,procurement_required
P1_245_36,G3,C_batteries,G3-C_batteries-01,T018,5757.089957916125,10691.253758748288,,,NEW-C_batteries-01,procurement_required
P1_245_36,G3,relay_aircraft,G3-relay_aircraft-01,R001,162.1373190294086,2129.297638856331,R002,2462.7051091295434,NEW-relay_aircraft-01,procurement_required
P1_245_36,G3,relay_aircraft,G3-relay_aircraft-01,R002,4592.0027479858745,9578.679477149724,,,NEW-relay_aircraft-01,procurement_required
P1_245_36,G3,relay_components,G3-relay_components-01,R001,162.1373190294086,2493.9201725268517,R002,2098.082575459023,RE03,existing
P1_245_36,G3,relay_components,G3-relay_components-01,R002,4592.0027479858745,10318.120453993146,,,RE03,existing
P16_24_35,G1,B_aircraft,G1-B_aircraft-01,T005,0.0,1210.3573074816584,T006,3902.115666871554,U05,existing
P16_24_35,G1,B_aircraft,G1-B_aircraft-01,T006,5112.4729743532125,6302.1032600896515,,,U05,existing
P16_24_35,G1,C_aircraft,G1-C_aircraft-01,T003,0.0,1429.4261775174655,T001,1836.833511511034,U07,existing
P16_24_35,G1,C_aircraft,G1-C_aircraft-01,T001,3266.2596890284995,4827.685866545965,,,U07,existing
P16_24_35,G1,B_batteries,G1-B_batteries-01,T005,0.0,2343.7606215473797,T006,2768.712352805833,B01,existing
P16_24_35,G1,B_batteries,G1-B_batteries-01,T006,5112.4729743532125,7435.544137052532,,,B01,existing
P16_24_35,G1,C_batteries,G1-C_batteries-01,T003,0.0,2947.606630665684,T001,318.6530583628155,C01,existing
P16_24_35,G1,C_batteries,G1-C_batteries-01,T001,3266.2596890284995,6416.352542791451,,,C01,existing
P16_24_35,G2,A_aircraft,G2-A_aircraft-01,T009,0.0,1316.0142144169886,,,U01,existing
P16_24_35,G2,B_aircraft,G2-B_aircraft-01,T013,2.631913957884535e-07,1958.0412717501863,T021,1698.645560680136,U06,existing
P16_24_35,G2,B_aircraft,G2-B_aircraft-01,T021,3656.6868324303223,5554.728103917317,T014_2,5.000099999999293,U06,existing
P16_24_35,G2,B_aircraft,G2-B_aircraft-01,T014_2,5559.728203917316,7425.499213465236,T022,2287.9942650634084,U06,existing
P16_24_35,G2,B_aircraft,G2-B_aircraft-01,T022,9713.493478528644,11214.272215143501,,,U06,existing
P16_24_35,G2,C_aircraft,G2-C_aircraft-01,T004,1434.4262775174655,3604.9947859277245,T019_2,1227.6911806182397,U08,existing
P16_24_35,G2,C_aircraft,G2-C_aircraft-01,T019_2,4832.685966545964,7071.870031513806,,,U08,existing
P16_24_35,G2,C_aircraft,G2-C_aircraft-02,T010_2,1828.2245061505073,3261.2595890284992,T012,348.73529689922725,NEW-C_aircraft-01,procurement_required
P16_24_35,G2,C_aircraft,G2-C_aircraft-02,T012,3609.9948859277265,5725.07652720618,,,NEW-C_aircraft-01,procurement_required
P16_24_35,G2,A_batteries,G2-A_batteries-01,T009,0.0,2207.8690163260853,,,A01,existing
P16_24_35,G2,B_batteries,G2-B_batteries-01,T013,2.631913957884535e-07,3917.286899235777,T014_2,1642.441304681539,B02,existing
P16_24_35,G2,B_batteries,G2-B_batteries-01,T014_2,5559.728203917316,9106.026402123385,,,B02,existing
P16_24_35,G2,B_batteries,G2-B_batteries-02,T021,3656.6868324303223,7421.910255834926,T022,2291.583222693718,B03,existing
P16_24_35,G2,B_batteries,G2-B_batteries-02,T022,9713.493478528644,12750.274657105232,,,B03,existing
P16_24_35,G2,C_batteries,G2-C_batteries-01,T004,1434.4262775174655,5752.089857916125,,,C02,existing
P16_24_35,G2,C_batteries,G2-C_batteries-02,T010_2,1828.2245061505073,4709.032782226957,T019_2,123.65318431900687,C03,existing
P16_24_35,G2,C_batteries,G2-C_batteries-02,T019_2,4832.685966545964,9540.547812933855,,,C03,existing
P16_24_35,G2,C_batteries,G2-C_batteries-03,T012,3609.9948859277265,8217.742244657848,,,C04,existing
P16_24_35,G2,relay_aircraft,G2-relay_aircraft-01,R003,5.186098884268291,7850.634235067152,R004,1733.0453420825716,R01,existing
P16_24_35,G2,relay_aircraft,G2-relay_aircraft-01,R004,9583.679577149724,11813.399509678484,,,R01,existing
P16_24_35,G2,relay_components,G2-relay_components-01,R003,5.186098884268291,8956.255878782365,R004,627.4236983673582,RE01,existing
P16_24_35,G2,relay_components,G2-relay_components-01,R004,9583.679577149724,12221.929892002603,,,RE01,existing
P16_24_35,G3,A_aircraft,G3-A_aircraft-01,T002_1,0.0,1652.4416357195464,T002_2,560.4274806065391,U02,existing
P16_24_35,G3,A_aircraft,G3-A_aircraft-01,T002_2,2212.8691163260855,3815.461852306258,T016,542.4035766502066,U02,existing
P16_24_35,G3,A_aircraft,G3-A_aircraft-01,T016,4357.865428956465,6053.623533624929,T020,887.2828924404594,U02,existing
P16_24_35,G3,A_aircraft,G3-A_aircraft-01,T020,6940.906426065389,8911.116273042207,,,U02,existing
P16_24_35,G3,A_aircraft,G3-A_aircraft-02,T014_1,0.0,1695.7581046684645,T011,362.35726863417494,U03,existing
P16_24_35,G3,A_aircraft,G3-A_aircraft-02,T011,2058.1153733026395,4188.754462062222,T007,144.11096689424357,U03,existing
P16_24_35,G3,A_aircraft,G3-A_aircraft-02,T007,4332.865428956466,6940.9063260653875,T019_1,748.4755122280048,U03,existing
P16_24_35,G3,A_aircraft,G3-A_aircraft-02,T019_1,7689.381838293392,9325.139942961858,,,U03,existing
P16_24_35,G3,A_aircraft,G3-A_aircraft-03,T023,6053.623633624929,7689.381738293394,T017,80.07023122006649,U04,existing
P16_24_35,G3,A_aircraft,G3-A_aircraft-03,T017,7769.45196951346,10113.299044225432,,,U04,existing
P16_24_35,G3,B_aircraft,G3-B_aircraft-01,T015,2097.1153733026395,3651.686732430321,,,NEW-B_aircraft-01,procurement_required
P16_24_35,G3,B_aircraft,G3-B_aircraft-02,T008,2348.76072154738,4193.299611702947,,,NEW-B_aircraft-02,procurement_required
P16_24_35,G3,C_aircraft,G3-C_aircraft-01,T010_1,0.0,1823.224406150507,T018,3933.865551765618,NEW-C_aircraft-02,procurement_required
P16_24_35,G3,C_aircraft,G3-C_aircraft-01,T018,5757.089957916125,8192.899478773774,,,NEW-C_aircraft-02,procurement_required
P16_24_35,G3,A_batteries,G3-A_batteries-01,T002_1,0.0,2667.5322461730734,T016,1690.3331827833913,A02,existing
P16_24_35,G3,A_batteries,G3-A_batteries-01,T016,4357.865428956465,7189.599845781131,T017,579.8521237323293,A02,existing
P16_24_35,G3,A_batteries,G3-A_batteries-01,T017,7769.45196951346,11476.863027475007,,,A02,existing
P16_24_35,G3,A_batteries,G3-A_batteries-02,T014_1,0.0,2810.952429148163,T007,1521.9129998083026,A03,existing
P16_24_35,G3,A_batteries,G3-A_batteries-02,T007,4332.865428956466,8394.169789148978,,,A03,existing
P16_24_35,G3,A_batteries,G3-A_batteries-03,T011,2058.1153733026395,5546.539457030654,T020,1394.3669690347342,A04,existing
P16_24_35,G3,A_batteries,G3-A_batteries-03,T020,6940.906426065389,10151.116923729283,,,A04,existing
P16_24_35,G3,A_batteries,G3-A_batteries-04,T002_2,2212.8691163260855,4879.929014022942,T023,1173.6946196019871,A05,existing
P16_24_35,G3,A_batteries,G3-A_batteries-04,T023,6053.623633624929,8794.320358969193,,,A05,existing
P16_24_35,G3,A_batteries,G3-A_batteries-05,T019_1,7689.381838293392,10409.758236602142,,,A06,existing
P16_24_35,G3,B_batteries,G3-B_batteries-01,T015,2097.1153733026395,5107.472874353213,,,B04,existing
P16_24_35,G3,B_batteries,G3-B_batteries-02,T008,2348.76072154738,5781.961574782329,,,NEW-B_batteries-01,procurement_required
P16_24_35,G3,C_batteries,G3-C_batteries-01,T010_1,0.0,3563.4170832737245,T018,2193.6728746424005,NEW-C_batteries-01,procurement_required
P16_24_35,G3,C_batteries,G3-C_batteries-01,T018,5757.089957916125,10691.253758748288,,,NEW-C_batteries-01,procurement_required
P16_24_35,G3,relay_aircraft,G3-relay_aircraft-01,R001,162.1373190294086,2129.297638856331,R002,2462.7051091295434,R02,existing
P16_24_35,G3,relay_aircraft,G3-relay_aircraft-01,R002,4592.0027479858745,9578.679477149724,,,R02,existing
P16_24_35,G3,relay_aircraft,G3-relay_aircraft-02,R005,2134.2977388563304,4587.002647985877,R006,3268.6316870812743,NEW-relay_aircraft-01,procurement_required
P16_24_35,G3,relay_aircraft,G3-relay_aircraft-02,R006,7855.634335067151,10510.693895951956,,,NEW-relay_aircraft-01,procurement_required
P16_24_35,G3,relay_components,G3-relay_components-01,R001,162.1373190294086,2493.9201725268517,R002,2098.082575459023,RE02,existing
P16_24_35,G3,relay_components,G3-relay_components-01,R002,4592.0027479858745,10318.120453993146,,,RE02,existing
P16_24_35,G3,relay_components,G3-relay_components-02,R005,2134.2977388563304,5015.591855407197,R006,2840.0424796599546,RE03,existing
P16_24_35,G3,relay_components,G3-relay_components-02,R006,7855.634335067151,10964.401779763033,,,RE03,existing
P1_246_35,G1,B_aircraft,G1-B_aircraft-01,T005,0.0,1210.3573074816584,,,U05,existing
P1_246_35,G1,C_aircraft,G1-C_aircraft-01,T003,0.0,1429.4261775174655,T001,1836.833511511034,U07,existing
P1_246_35,G1,C_aircraft,G1-C_aircraft-01,T001,3266.2596890284995,4827.685866545965,,,U07,existing
P1_246_35,G1,B_batteries,G1-B_batteries-01,T005,0.0,2343.7606215473797,,,B01,existing
P1_246_35,G1,C_batteries,G1-C_batteries-01,T003,0.0,2947.606630665684,T001,318.6530583628155,C01,existing
P1_246_35,G1,C_batteries,G1-C_batteries-01,T001,3266.2596890284995,6416.352542791451,,,C01,existing
P1_246_35,G2,A_aircraft,G2-A_aircraft-01,T009,0.0,1316.0142144169886,,,U01,existing
P1_246_35,G2,B_aircraft,G2-B_aircraft-01,T013,2.631913957884535e-07,1958.0412717501863,T021,1698.645560680136,U06,existing
P1_246_35,G2,B_aircraft,G2-B_aircraft-01,T021,3656.6868324303223,5554.728103917317,T014_2,5.000099999999293,U06,existing
P1_246_35,G2,B_aircraft,G2-B_aircraft-01,T014_2,5559.728203917316,7425.499213465236,,,U06,existing
P1_246_35,G2,B_aircraft,G2-B_aircraft-02,T006,5112.4729743532125,6302.1032600896515,T022,3411.3902184389926,NEW-B_aircraft-01,procurement_required
P1_246_35,G2,B_aircraft,G2-B_aircraft-02,T022,9713.493478528644,11214.272215143501,,,NEW-B_aircraft-01,procurement_required
P1_246_35,G2,C_aircraft,G2-C_aircraft-01,T004,1434.4262775174655,3604.9947859277245,T019_2,1227.6911806182397,U08,existing
P1_246_35,G2,C_aircraft,G2-C_aircraft-01,T019_2,4832.685966545964,7071.870031513806,,,U08,existing
P1_246_35,G2,C_aircraft,G2-C_aircraft-02,T010_2,1828.2245061505073,3261.2595890284992,T012,348.73529689922725,NEW-C_aircraft-01,procurement_required
P1_246_35,G2,C_aircraft,G2-C_aircraft-02,T012,3609.9948859277265,5725.07652720618,,,NEW-C_aircraft-01,procurement_required
P1_246_35,G2,A_batteries,G2-A_batteries-01,T009,0.0,2207.8690163260853,,,A01,existing
P1_246_35,G2,B_batteries,G2-B_batteries-01,T013,2.631913957884535e-07,3917.286899235777,T014_2,1642.441304681539,B02,existing
P1_246_35,G2,B_batteries,G2-B_batteries-01,T014_2,5559.728203917316,9106.026402123385,,,B02,existing
P1_246_35,G2,B_batteries,G2-B_batteries-02,T021,3656.6868324303223,7421.910255834926,T022,2291.583222693718,B03,existing
P1_246_35,G2,B_batteries,G2-B_batteries-02,T022,9713.493478528644,12750.274657105232,,,B03,existing
P1_246_35,G2,B_batteries,G2-B_batteries-03,T006,5112.4729743532125,7435.544137052532,,,B04,existing
P1_246_35,G2,C_batteries,G2-C_batteries-01,T004,1434.4262775174655,5752.089857916125,,,C02,existing
P1_246_35,G2,C_batteries,G2-C_batteries-02,T010_2,1828.2245061505073,4709.032782226957,T019_2,123.65318431900687,C03,existing
P1_246_35,G2,C_batteries,G2-C_batteries-02,T019_2,4832.685966545964,9540.547812933855,,,C03,existing
P1_246_35,G2,C_batteries,G2-C_batteries-03,T012,3609.9948859277265,8217.742244657848,,,C04,existing
P1_246_35,G2,relay_aircraft,G2-relay_aircraft-01,R003,5.186098884268291,7850.634235067152,R004,1733.0453420825716,R01,existing
P1_246_35,G2,relay_aircraft,G2-relay_aircraft-01,R004,9583.679577149724,11813.399509678484,,,R01,existing
P1_246_35,G2,relay_components,G2-relay_components-01,R003,5.186098884268291,8956.255878782365,R004,627.4236983673582,RE01,existing
P1_246_35,G2,relay_components,G2-relay_components-01,R004,9583.679577149724,12221.929892002603,,,RE01,existing
P1_246_35,G3,A_aircraft,G3-A_aircraft-01,T002_1,0.0,1652.4416357195464,T002_2,560.4274806065391,U02,existing
P1_246_35,G3,A_aircraft,G3-A_aircraft-01,T002_2,2212.8691163260855,3815.461852306258,T016,542.4035766502066,U02,existing
P1_246_35,G3,A_aircraft,G3-A_aircraft-01,T016,4357.865428956465,6053.623533624929,T020,887.2828924404594,U02,existing
P1_246_35,G3,A_aircraft,G3-A_aircraft-01,T020,6940.906426065389,8911.116273042207,,,U02,existing
P1_246_35,G3,A_aircraft,G3-A_aircraft-02,T014_1,0.0,1695.7581046684645,T011,362.35726863417494,U03,existing
P1_246_35,G3,A_aircraft,G3-A_aircraft-02,T011,2058.1153733026395,4188.754462062222,T007,144.11096689424357,U03,existing
P1_246_35,G3,A_aircraft,G3-A_aircraft-02,T007,4332.865428956466,6940.9063260653875,T019_1,748.4755122280048,U03,existing
P1_246_35,G3,A_aircraft,G3-A_aircraft-02,T019_1,7689.381838293392,9325.139942961858,,,U03,existing
P1_246_35,G3,A_aircraft,G3-A_aircraft-03,T023,6053.623633624929,7689.381738293394,T017,80.07023122006649,U04,existing
P1_246_35,G3,A_aircraft,G3-A_aircraft-03,T017,7769.45196951346,10113.299044225432,,,U04,existing
P1_246_35,G3,B_aircraft,G3-B_aircraft-01,T015,2097.1153733026395,3651.686732430321,,,NEW-B_aircraft-02,procurement_required
P1_246_35,G3,B_aircraft,G3-B_aircraft-02,T008,2348.76072154738,4193.299611702947,,,NEW-B_aircraft-03,procurement_required
P1_246_35,G3,C_aircraft,G3-C_aircraft-01,T010_1,0.0,1823.224406150507,T018,3933.865551765618,NEW-C_aircraft-02,procurement_required
P1_246_35,G3,C_aircraft,G3-C_aircraft-01,T018,5757.089957916125,8192.899478773774,,,NEW-C_aircraft-02,procurement_required
P1_246_35,G3,A_batteries,G3-A_batteries-01,T002_1,0.0,2667.5322461730734,T016,1690.3331827833913,A02,existing
P1_246_35,G3,A_batteries,G3-A_batteries-01,T016,4357.865428956465,7189.599845781131,T017,579.8521237323293,A02,existing
P1_246_35,G3,A_batteries,G3-A_batteries-01,T017,7769.45196951346,11476.863027475007,,,A02,existing
P1_246_35,G3,A_batteries,G3-A_batteries-02,T014_1,0.0,2810.952429148163,T007,1521.9129998083026,A03,existing
P1_246_35,G3,A_batteries,G3-A_batteries-02,T007,4332.865428956466,8394.169789148978,,,A03,existing
P1_246_35,G3,A_batteries,G3-A_batteries-03,T011,2058.1153733026395,5546.539457030654,T020,1394.3669690347342,A04,existing
P1_246_35,G3,A_batteries,G3-A_batteries-03,T020,6940.906426065389,10151.116923729283,,,A04,existing
P1_246_35,G3,A_batteries,G3-A_batteries-04,T002_2,2212.8691163260855,4879.929014022942,T023,1173.6946196019871,A05,existing
P1_246_35,G3,A_batteries,G3-A_batteries-04,T023,6053.623633624929,8794.320358969193,,,A05,existing
P1_246_35,G3,A_batteries,G3-A_batteries-05,T019_1,7689.381838293392,10409.758236602142,,,A06,existing
P1_246_35,G3,B_batteries,G3-B_batteries-01,T015,2097.1153733026395,5107.472874353213,,,NEW-B_batteries-01,procurement_required
P1_246_35,G3,B_batteries,G3-B_batteries-02,T008,2348.76072154738,5781.961574782329,,,NEW-B_batteries-02,procurement_required
P1_246_35,G3,C_batteries,G3-C_batteries-01,T010_1,0.0,3563.4170832737245,T018,2193.6728746424005,NEW-C_batteries-01,procurement_required
P1_246_35,G3,C_batteries,G3-C_batteries-01,T018,5757.089957916125,10691.253758748288,,,NEW-C_batteries-01,procurement_required
P1_246_35,G3,relay_aircraft,G3-relay_aircraft-01,R001,162.1373190294086,2129.297638856331,R002,2462.7051091295434,R02,existing
P1_246_35,G3,relay_aircraft,G3-relay_aircraft-01,R002,4592.0027479858745,9578.679477149724,,,R02,existing
P1_246_35,G3,relay_aircraft,G3-relay_aircraft-02,R005,2134.2977388563304,4587.002647985877,R006,3268.6316870812743,NEW-relay_aircraft-01,procurement_required
P1_246_35,G3,relay_aircraft,G3-relay_aircraft-02,R006,7855.634335067151,10510.693895951956,,,NEW-relay_aircraft-01,procurement_required
P1_246_35,G3,relay_components,G3-relay_components-01,R001,162.1373190294086,2493.9201725268517,R002,2098.082575459023,RE02,existing
P1_246_35,G3,relay_components,G3-relay_components-01,R002,4592.0027479858745,10318.120453993146,,,RE02,existing
P1_246_35,G3,relay_components,G3-relay_components-02,R005,2134.2977388563304,5015.591855407197,R006,2840.0424796599546,RE03,existing
P1_246_35,G3,relay_components,G3-relay_components-02,R006,7855.634335067151,10964.401779763033,,,RE03,existing
P1_24_356,G1,B_aircraft,G1-B_aircraft-01,T005,0.0,1210.3573074816584,,,U05,existing
P1_24_356,G1,C_aircraft,G1-C_aircraft-01,T003,0.0,1429.4261775174655,T001,1836.833511511034,U07,existing
P1_24_356,G1,C_aircraft,G1-C_aircraft-01,T001,3266.2596890284995,4827.685866545965,,,U07,existing
P1_24_356,G1,B_batteries,G1-B_batteries-01,T005,0.0,2343.7606215473797,,,B01,existing
P1_24_356,G1,C_batteries,G1-C_batteries-01,T003,0.0,2947.606630665684,T001,318.6530583628155,C01,existing
P1_24_356,G1,C_batteries,G1-C_batteries-01,T001,3266.2596890284995,6416.352542791451,,,C01,existing
P1_24_356,G2,A_aircraft,G2-A_aircraft-01,T009,0.0,1316.0142144169886,,,U01,existing
P1_24_356,G2,B_aircraft,G2-B_aircraft-01,T013,2.631913957884535e-07,1958.0412717501863,T021,1698.645560680136,U06,existing
P1_24_356,G2,B_aircraft,G2-B_aircraft-01,T021,3656.6868324303223,5554.728103917317,T014_2,5.000099999999293,U06,existing
P1_24_356,G2,B_aircraft,G2-B_aircraft-01,T014_2,5559.728203917316,7425.499213465236,T022,2287.9942650634084,U06,existing
P1_24_356,G2,B_aircraft,G2-B_aircraft-01,T022,9713.493478528644,11214.272215143501,,,U06,existing
P1_24_356,G2,C_aircraft,G2-C_aircraft-01,T004,1434.4262775174655,3604.9947859277245,T019_2,1227.6911806182397,U08,existing
P1_24_356,G2,C_aircraft,G2-C_aircraft-01,T019_2,4832.685966545964,7071.870031513806,,,U08,existing
P1_24_356,G2,C_aircraft,G2-C_aircraft-02,T010_2,1828.2245061505073,3261.2595890284992,T012,348.73529689922725,NEW-C_aircraft-01,procurement_required
P1_24_356,G2,C_aircraft,G2-C_aircraft-02,T012,3609.9948859277265,5725.07652720618,,,NEW-C_aircraft-01,procurement_required
P1_24_356,G2,A_batteries,G2-A_batteries-01,T009,0.0,2207.8690163260853,,,A01,existing
P1_24_356,G2,B_batteries,G2-B_batteries-01,T013,2.631913957884535e-07,3917.286899235777,T014_2,1642.441304681539,B02,existing
P1_24_356,G2,B_batteries,G2-B_batteries-01,T014_2,5559.728203917316,9106.026402123385,,,B02,existing
P1_24_356,G2,B_batteries,G2-B_batteries-02,T021,3656.6868324303223,7421.910255834926,T022,2291.583222693718,B03,existing
P1_24_356,G2,B_batteries,G2-B_batteries-02,T022,9713.493478528644,12750.274657105232,,,B03,existing
P1_24_356,G2,C_batteries,G2-C_batteries-01,T004,1434.4262775174655,5752.089857916125,,,C02,existing
P1_24_356,G2,C_batteries,G2-C_batteries-02,T010_2,1828.2245061505073,4709.032782226957,T019_2,123.65318431900687,C03,existing
P1_24_356,G2,C_batteries,G2-C_batteries-02,T019_2,4832.685966545964,9540.547812933855,,,C03,existing
P1_24_356,G2,C_batteries,G2-C_batteries-03,T012,3609.9948859277265,8217.742244657848,,,C04,existing
P1_24_356,G2,relay_aircraft,G2-relay_aircraft-01,R003,5.186098884268291,7850.634235067152,R004,1733.0453420825716,R01,existing
P1_24_356,G2,relay_aircraft,G2-relay_aircraft-01,R004,9583.679577149724,11813.399509678484,,,R01,existing
P1_24_356,G2,relay_components,G2-relay_components-01,R003,5.186098884268291,8956.255878782365,R004,627.4236983673582,RE01,existing
P1_24_356,G2,relay_components,G2-relay_components-01,R004,9583.679577149724,12221.929892002603,,,RE01,existing
P1_24_356,G3,A_aircraft,G3-A_aircraft-01,T002_1,0.0,1652.4416357195464,T002_2,560.4274806065391,U02,existing
P1_24_356,G3,A_aircraft,G3-A_aircraft-01,T002_2,2212.8691163260855,3815.461852306258,T016,542.4035766502066,U02,existing
P1_24_356,G3,A_aircraft,G3-A_aircraft-01,T016,4357.865428956465,6053.623533624929,T020,887.2828924404594,U02,existing
P1_24_356,G3,A_aircraft,G3-A_aircraft-01,T020,6940.906426065389,8911.116273042207,,,U02,existing
P1_24_356,G3,A_aircraft,G3-A_aircraft-02,T014_1,0.0,1695.7581046684645,T011,362.35726863417494,U03,existing
P1_24_356,G3,A_aircraft,G3-A_aircraft-02,T011,2058.1153733026395,4188.754462062222,T007,144.11096689424357,U03,existing
P1_24_356,G3,A_aircraft,G3-A_aircraft-02,T007,4332.865428956466,6940.9063260653875,T019_1,748.4755122280048,U03,existing
P1_24_356,G3,A_aircraft,G3-A_aircraft-02,T019_1,7689.381838293392,9325.139942961858,,,U03,existing
P1_24_356,G3,A_aircraft,G3-A_aircraft-03,T023,6053.623633624929,7689.381738293394,T017,80.07023122006649,U04,existing
P1_24_356,G3,A_aircraft,G3-A_aircraft-03,T017,7769.45196951346,10113.299044225432,,,U04,existing
P1_24_356,G3,B_aircraft,G3-B_aircraft-01,T015,2097.1153733026395,3651.686732430321,T006,1460.7862419228913,NEW-B_aircraft-01,procurement_required
P1_24_356,G3,B_aircraft,G3-B_aircraft-01,T006,5112.4729743532125,6302.1032600896515,,,NEW-B_aircraft-01,procurement_required
P1_24_356,G3,B_aircraft,G3-B_aircraft-02,T008,2348.76072154738,4193.299611702947,,,NEW-B_aircraft-02,procurement_required
P1_24_356,G3,C_aircraft,G3-C_aircraft-01,T010_1,0.0,1823.224406150507,T018,3933.865551765618,NEW-C_aircraft-02,procurement_required
P1_24_356,G3,C_aircraft,G3-C_aircraft-01,T018,5757.089957916125,8192.899478773774,,,NEW-C_aircraft-02,procurement_required
P1_24_356,G3,A_batteries,G3-A_batteries-01,T002_1,0.0,2667.5322461730734,T016,1690.3331827833913,A02,existing
P1_24_356,G3,A_batteries,G3-A_batteries-01,T016,4357.865428956465,7189.599845781131,T017,579.8521237323293,A02,existing
P1_24_356,G3,A_batteries,G3-A_batteries-01,T017,7769.45196951346,11476.863027475007,,,A02,existing
P1_24_356,G3,A_batteries,G3-A_batteries-02,T014_1,0.0,2810.952429148163,T007,1521.9129998083026,A03,existing
P1_24_356,G3,A_batteries,G3-A_batteries-02,T007,4332.865428956466,8394.169789148978,,,A03,existing
P1_24_356,G3,A_batteries,G3-A_batteries-03,T011,2058.1153733026395,5546.539457030654,T020,1394.3669690347342,A04,existing
P1_24_356,G3,A_batteries,G3-A_batteries-03,T020,6940.906426065389,10151.116923729283,,,A04,existing
P1_24_356,G3,A_batteries,G3-A_batteries-04,T002_2,2212.8691163260855,4879.929014022942,T023,1173.6946196019871,A05,existing
P1_24_356,G3,A_batteries,G3-A_batteries-04,T023,6053.623633624929,8794.320358969193,,,A05,existing
P1_24_356,G3,A_batteries,G3-A_batteries-05,T019_1,7689.381838293392,10409.758236602142,,,A06,existing
P1_24_356,G3,B_batteries,G3-B_batteries-01,T015,2097.1153733026395,5107.472874353213,T006,5.000099999999293,B04,existing
P1_24_356,G3,B_batteries,G3-B_batteries-01,T006,5112.4729743532125,7435.544137052532,,,B04,existing
P1_24_356,G3,B_batteries,G3-B_batteries-02,T008,2348.76072154738,5781.961574782329,,,NEW-B_batteries-01,procurement_required
P1_24_356,G3,C_batteries,G3-C_batteries-01,T010_1,0.0,3563.4170832737245,T018,2193.6728746424005,NEW-C_batteries-01,procurement_required
P1_24_356,G3,C_batteries,G3-C_batteries-01,T018,5757.089957916125,10691.253758748288,,,NEW-C_batteries-01,procurement_required
P1_24_356,G3,relay_aircraft,G3-relay_aircraft-01,R001,162.1373190294086,2129.297638856331,R002,2462.7051091295434,R02,existing
P1_24_356,G3,relay_aircraft,G3-relay_aircraft-01,R002,4592.0027479858745,9578.679477149724,,,R02,existing
P1_24_356,G3,relay_aircraft,G3-relay_aircraft-02,R005,2134.2977388563304,4587.002647985877,R006,3268.6316870812743,NEW-relay_aircraft-01,procurement_required
P1_24_356,G3,relay_aircraft,G3-relay_aircraft-02,R006,7855.634335067151,10510.693895951956,,,NEW-relay_aircraft-01,procurement_required
P1_24_356,G3,relay_components,G3-relay_components-01,R001,162.1373190294086,2493.9201725268517,R002,2098.082575459023,RE02,existing
P1_24_356,G3,relay_components,G3-relay_components-01,R002,4592.0027479858745,10318.120453993146,,,RE02,existing
P1_24_356,G3,relay_components,G3-relay_components-02,R005,2134.2977388563304,5015.591855407197,R006,2840.0424796599546,RE03,existing
P1_24_356,G3,relay_components,G3-relay_components-02,R006,7855.634335067151,10964.401779763033,,,RE03,existing
P156_2_34,G1,A_aircraft,G1-A_aircraft-01,T011,2058.1153733026395,4188.754462062222,,,U01,existing
P156_2_34,G1,A_aircraft,G1-A_aircraft-02,T002_2,2212.8691163260855,3815.461852306258,T017,3953.9901172072023,U02,existing
P156_2_34,G1,A_aircraft,G1-A_aircraft-02,T017,7769.45196951346,10113.299044225432,,,U02,existing
P156_2_34,G1,B_aircraft,G1-B_aircraft-01,T005,0.0,1210.3573074816584,T008,1138.4034140657216,U05,existing
P156_2_34,G1,B_aircraft,G1-B_aircraft-01,T008,2348.76072154738,4193.299611702947,,,U05,existing
P156_2_34,G1,B_aircraft,G1-B_aircraft-02,T015,2097.1153733026395,3651.686732430321,T006,1460.7862419228913,U06,existing
P156_2_34,G1,B_aircraft,G1-B_aircraft-02,T006,5112.4729743532125,6302.1032600896515,,,U06,existing
P156_2_34,G1,C_aircraft,G1-C_aircraft-01,T003,0.0,1429.4261775174655,T001,1836.833511511034,U07,existing
P156_2_34,G1,C_aircraft,G1-C_aircraft-01,T001,3266.2596890284995,4827.685866545965,,,U07,existing
P156_2_34,G1,A_batteries,G1-A_batteries-01,T011,2058.1153733026395,5546.539457030654,,,A01,existing
P156_2_34,G1,A_batteries,G1-A_batteries-02,T002_2,2212.8691163260855,4879.929014022942,T017,2889.522955490518,A02,existing
P156_2_34,G1,A_batteries,G1-A_batteries-02,T017,7769.45196951346,11476.863027475007,,,A02,existing
P156_2_34,G1,B_batteries,G1-B_batteries-01,T005,0.0,2343.7606215473797,T008,5.000100000000202,B01,existing
P156_2_34,G1,B_batteries,G1-B_batteries-01,T008,2348.76072154738,5781.961574782329,,,B01,existing
P156_2_34,G1,B_batteries,G1-B_batteries-02,T015,2097.1153733026395,5107.472874353213,T006,5.000099999999293,B02,existing
P156_2_34,G1,B_batteries,G1-B_batteries-02,T006,5112.4729743532125,7435.544137052532,,,B02,existing
P156_2_34,G1,C_batteries,G1-C_batteries-01,T003,0.0,2947.606630665684,T001,318.6530583628155,C01,existing
P156_2_34,G1,C_batteries,G1-C_batteries-01,T001,3266.2596890284995,6416.352542791451,,,C01,existing
P156_2_34,G1,relay_aircraft,G1-relay_aircraft-01,R005,2134.2977388563304,4587.002647985877,R006,3268.6316870812743,R01,existing
P156_2_34,G1,relay_aircraft,G1-relay_aircraft-01,R006,7855.634335067151,10510.693895951956,,,R01,existing
P156_2_34,G1,relay_components,G1-relay_components-01,R005,2134.2977388563304,5015.591855407197,R006,2840.0424796599546,RE01,existing
P156_2_34,G1,relay_components,G1-relay_components-01,R006,7855.634335067151,10964.401779763033,,,RE01,existing
P156_2_34,G2,B_aircraft,G2-B_aircraft-01,T013,2.631913957884535e-07,1958.0412717501863,T021,1698.645560680136,NEW-B_aircraft-01,procurement_required
P156_2_34,G2,B_aircraft,G2-B_aircraft-01,T021,3656.6868324303223,5554.728103917317,T014_2,5.000099999999293,NEW-B_aircraft-01,procurement_required
P156_2_34,G2,B_aircraft,G2-B_aircraft-01,T014_2,5559.728203917316,7425.499213465236,T022,2287.9942650634084,NEW-B_aircraft-01,procurement_required
P156_2_34,G2,B_aircraft,G2-B_aircraft-01,T022,9713.493478528644,11214.272215143501,,,NEW-B_aircraft-01,procurement_required
P156_2_34,G2,C_aircraft,G2-C_aircraft-01,T004,1434.4262775174655,3604.9947859277245,T019_2,1227.6911806182397,U08,existing
P156_2_34,G2,C_aircraft,G2-C_aircraft-01,T019_2,4832.685966545964,7071.870031513806,,,U08,existing
P156_2_34,G2,C_aircraft,G2-C_aircraft-02,T012,3609.9948859277265,5725.07652720618,,,NEW-C_aircraft-01,procurement_required
P156_2_34,G2,B_batteries,G2-B_batteries-01,T013,2.631913957884535e-07,3917.286899235777,T014_2,1642.441304681539,B03,existing
P156_2_34,G2,B_batteries,G2-B_batteries-01,T014_2,5559.728203917316,9106.026402123385,,,B03,existing
P156_2_34,G2,B_batteries,G2-B_batteries-02,T021,3656.6868324303223,7421.910255834926,T022,2291.583222693718,B04,existing
P156_2_34,G2,B_batteries,G2-B_batteries-02,T022,9713.493478528644,12750.274657105232,,,B04,existing
P156_2_34,G2,C_batteries,G2-C_batteries-01,T004,1434.4262775174655,5752.089857916125,,,C02,existing
P156_2_34,G2,C_batteries,G2-C_batteries-02,T012,3609.9948859277265,8217.742244657848,,,C03,existing
P156_2_34,G2,C_batteries,G2-C_batteries-03,T019_2,4832.685966545964,9540.547812933855,,,C04,existing
P156_2_34,G2,relay_aircraft,G2-relay_aircraft-01,R003,5.186098884268291,7850.634235067152,R004,1733.0453420825716,R02,existing
P156_2_34,G2,relay_aircraft,G2-relay_aircraft-01,R004,9583.679577149724,11813.399509678484,,,R02,existing
P156_2_34,G2,relay_components,G2-relay_components-01,R003,5.186098884268291,8956.255878782365,R004,627.4236983673582,RE02,existing
P156_2_34,G2,relay_components,G2-relay_components-01,R004,9583.679577149724,12221.929892002603,,,RE02,existing
P156_2_34,G3,A_aircraft,G3-A_aircraft-01,T002_1,0.0,1652.4416357195464,T016,2705.4237932369183,U03,existing
P156_2_34,G3,A_aircraft,G3-A_aircraft-01,T016,4357.865428956465,6053.623533624929,T020,887.2828924404594,U03,existing
P156_2_34,G3,A_aircraft,G3-A_aircraft-01,T020,6940.906426065389,8911.116273042207,,,U03,existing
P156_2_34,G3,A_aircraft,G3-A_aircraft-02,T009,0.0,1316.0142144169886,T023,4737.609419207941,U04,existing
P156_2_34,G3,A_aircraft,G3-A_aircraft-02,T023,6053.623633624929,7689.381738293394,,,U04,existing
P156_2_34,G3,A_aircraft,G3-A_aircraft-03,T014_1,0.0,1695.7581046684645,T007,2637.107324288001,NEW-A_aircraft-01,procurement_required
P156_2_34,G3,A_aircraft,G3-A_aircraft-03,T007,4332.865428956466,6940.9063260653875,T019_1,748.4755122280048,NEW-A_aircraft-01,procurement_required
P156_2_34,G3,A_aircraft,G3-A_aircraft-03,T019_1,7689.381838293392,9325.139942961858,,,NEW-A_aircraft-01,procurement_required
P156_2_34,G3,C_aircraft,G3-C_aircraft-01,T010_1,0.0,1823.224406150507,T010_2,5.000100000000202,NEW-C_aircraft-02,procurement_required
P156_2_34,G3,C_aircraft,G3-C_aircraft-01,T010_2,1828.2245061505073,3261.2595890284992,T018,2495.830368887626,NEW-C_aircraft-02,procurement_required
P156_2_34,G3,C_aircraft,G3-C_aircraft-01,T018,5757.089957916125,8192.899478773774,,,NEW-C_aircraft-02,procurement_required
P156_2_34,G3,A_batteries,G3-A_batteries-01,T002_1,0.0,2667.5322461730734,T016,1690.3331827833913,A03,existing
P156_2_34,G3,A_batteries,G3-A_batteries-01,T016,4357.865428956465,7189.599845781131,T019_1,499.78199251226124,A03,existing
P156_2_34,G3,A_batteries,G3-A_batteries-01,T019_1,7689.381838293392,10409.758236602142,,,A03,existing
P156_2_34,G3,A_batteries,G3-A_batteries-02,T009,0.0,2207.8690163260853,T023,3845.754617298844,A04,existing
P156_2_34,G3,A_batteries,G3-A_batteries-02,T023,6053.623633624929,8794.320358969193,,,A04,existing
P156_2_34,G3,A_batteries,G3-A_batteries-03,T014_1,0.0,2810.952429148163,T007,1521.9129998083026,A05,existing
P156_2_34,G3,A_batteries,G3-A_batteries-03,T007,4332.865428956466,8394.169789148978,,,A05,existing
P156_2_34,G3,A_batteries,G3-A_batteries-04,T020,6940.906426065389,10151.116923729283,,,A06,existing
P156_2_34,G3,C_batteries,G3-C_batteries-01,T010_1,0.0,3563.4170832737245,T018,2193.6728746424005,NEW-C_batteries-01,procurement_required
P156_2_34,G3,C_batteries,G3-C_batteries-01,T018,5757.089957916125,10691.253758748288,,,NEW-C_batteries-01,procurement_required
P156_2_34,G3,C_batteries,G3-C_batteries-02,T010_2,1828.2245061505073,4709.032782226957,,,NEW-C_batteries-02,procurement_required
P156_2_34,G3,relay_aircraft,G3-relay_aircraft-01,R001,162.1373190294086,2129.297638856331,R002,2462.7051091295434,NEW-relay_aircraft-01,procurement_required
P156_2_34,G3,relay_aircraft,G3-relay_aircraft-01,R002,4592.0027479858745,9578.679477149724,,,NEW-relay_aircraft-01,procurement_required
P156_2_34,G3,relay_components,G3-relay_components-01,R001,162.1373190294086,2493.9201725268517,R002,2098.082575459023,RE03,existing
P156_2_34,G3,relay_components,G3-relay_components-01,R002,4592.0027479858745,10318.120453993146,,,RE03,existing
P15_26_34,G1,A_aircraft,G1-A_aircraft-01,T011,2058.1153733026395,4188.754462062222,,,U01,existing
P15_26_34,G1,A_aircraft,G1-A_aircraft-02,T002_2,2212.8691163260855,3815.461852306258,T017,3953.9901172072023,U02,existing
P15_26_34,G1,A_aircraft,G1-A_aircraft-02,T017,7769.45196951346,10113.299044225432,,,U02,existing
P15_26_34,G1,B_aircraft,G1-B_aircraft-01,T005,0.0,1210.3573074816584,T008,1138.4034140657216,U05,existing
P15_26_34,G1,B_aircraft,G1-B_aircraft-01,T008,2348.76072154738,4193.299611702947,,,U05,existing
P15_26_34,G1,B_aircraft,G1-B_aircraft-02,T015,2097.1153733026395,3651.686732430321,,,U06,existing
P15_26_34,G1,C_aircraft,G1-C_aircraft-01,T003,0.0,1429.4261775174655,T001,1836.833511511034,U07,existing
P15_26_34,G1,C_aircraft,G1-C_aircraft-01,T001,3266.2596890284995,4827.685866545965,,,U07,existing
P15_26_34,G1,A_batteries,G1-A_batteries-01,T011,2058.1153733026395,5546.539457030654,,,A01,existing
P15_26_34,G1,A_batteries,G1-A_batteries-02,T002_2,2212.8691163260855,4879.929014022942,T017,2889.522955490518,A02,existing
P15_26_34,G1,A_batteries,G1-A_batteries-02,T017,7769.45196951346,11476.863027475007,,,A02,existing
P15_26_34,G1,B_batteries,G1-B_batteries-01,T005,0.0,2343.7606215473797,T008,5.000100000000202,B01,existing
P15_26_34,G1,B_batteries,G1-B_batteries-01,T008,2348.76072154738,5781.961574782329,,,B01,existing
P15_26_34,G1,B_batteries,G1-B_batteries-02,T015,2097.1153733026395,5107.472874353213,,,B02,existing
P15_26_34,G1,C_batteries,G1-C_batteries-01,T003,0.0,2947.606630665684,T001,318.6530583628155,C01,existing
P15_26_34,G1,C_batteries,G1-C_batteries-01,T001,3266.2596890284995,6416.352542791451,,,C01,existing
P15_26_34,G1,relay_aircraft,G1-relay_aircraft-01,R005,2134.2977388563304,4587.002647985877,R006,3268.6316870812743,R01,existing
P15_26_34,G1,relay_aircraft,G1-relay_aircraft-01,R006,7855.634335067151,10510.693895951956,,,R01,existing
P15_26_34,G1,relay_components,G1-relay_components-01,R005,2134.2977388563304,5015.591855407197,R006,2840.0424796599546,RE01,existing
P15_26_34,G1,relay_components,G1-relay_components-01,R006,7855.634335067151,10964.401779763033,,,RE01,existing
P15_26_34,G2,B_aircraft,G2-B_aircraft-01,T013,2.631913957884535e-07,1958.0412717501863,T021,1698.645560680136,NEW-B_aircraft-01,procurement_required
P15_26_34,G2,B_aircraft,G2-B_aircraft-01,T021,3656.6868324303223,5554.728103917317,T014_2,5.000099999999293,NEW-B_aircraft-01,procurement_required
P15_26_34,G2,B_aircraft,G2-B_aircraft-01,T014_2,5559.728203917316,7425.499213465236,,,NEW-B_aircraft-01,procurement_required
P15_26_34,G2,B_aircraft,G2-B_aircraft-02,T006,5112.4729743532125,6302.1032600896515,T022,3411.3902184389926,NEW-B_aircraft-02,procurement_required
P15_26_34,G2,B_aircraft,G2-B_aircraft-02,T022,9713.493478528644,11214.272215143501,,,NEW-B_aircraft-02,procurement_required
P15_26_34,G2,C_aircraft,G2-C_aircraft-01,T004,1434.4262775174655,3604.9947859277245,T019_2,1227.6911806182397,U08,existing
P15_26_34,G2,C_aircraft,G2-C_aircraft-01,T019_2,4832.685966545964,7071.870031513806,,,U08,existing
P15_26_34,G2,C_aircraft,G2-C_aircraft-02,T012,3609.9948859277265,5725.07652720618,,,NEW-C_aircraft-01,procurement_required
P15_26_34,G2,B_batteries,G2-B_batteries-01,T013,2.631913957884535e-07,3917.286899235777,T014_2,1642.441304681539,B03,existing
P15_26_34,G2,B_batteries,G2-B_batteries-01,T014_2,5559.728203917316,9106.026402123385,,,B03,existing
P15_26_34,G2,B_batteries,G2-B_batteries-02,T021,3656.6868324303223,7421.910255834926,T022,2291.583222693718,B04,existing
P15_26_34,G2,B_batteries,G2-B_batteries-02,T022,9713.493478528644,12750.274657105232,,,B04,existing
P15_26_34,G2,B_batteries,G2-B_batteries-03,T006,5112.4729743532125,7435.544137052532,,,NEW-B_batteries-01,procurement_required
P15_26_34,G2,C_batteries,G2-C_batteries-01,T004,1434.4262775174655,5752.089857916125,,,C02,existing
P15_26_34,G2,C_batteries,G2-C_batteries-02,T012,3609.9948859277265,8217.742244657848,,,C03,existing
P15_26_34,G2,C_batteries,G2-C_batteries-03,T019_2,4832.685966545964,9540.547812933855,,,C04,existing
P15_26_34,G2,relay_aircraft,G2-relay_aircraft-01,R003,5.186098884268291,7850.634235067152,R004,1733.0453420825716,R02,existing
P15_26_34,G2,relay_aircraft,G2-relay_aircraft-01,R004,9583.679577149724,11813.399509678484,,,R02,existing
P15_26_34,G2,relay_components,G2-relay_components-01,R003,5.186098884268291,8956.255878782365,R004,627.4236983673582,RE02,existing
P15_26_34,G2,relay_components,G2-relay_components-01,R004,9583.679577149724,12221.929892002603,,,RE02,existing
P15_26_34,G3,A_aircraft,G3-A_aircraft-01,T002_1,0.0,1652.4416357195464,T016,2705.4237932369183,U03,existing
P15_26_34,G3,A_aircraft,G3-A_aircraft-01,T016,4357.865428956465,6053.623533624929,T020,887.2828924404594,U03,existing
P15_26_34,G3,A_aircraft,G3-A_aircraft-01,T020,6940.906426065389,8911.116273042207,,,U03,existing
P15_26_34,G3,A_aircraft,G3-A_aircraft-02,T009,0.0,1316.0142144169886,T023,4737.609419207941,U04,existing
P15_26_34,G3,A_aircraft,G3-A_aircraft-02,T023,6053.623633624929,7689.381738293394,,,U04,existing
P15_26_34,G3,A_aircraft,G3-A_aircraft-03,T014_1,0.0,1695.7581046684645,T007,2637.107324288001,NEW-A_aircraft-01,procurement_required
P15_26_34,G3,A_aircraft,G3-A_aircraft-03,T007,4332.865428956466,6940.9063260653875,T019_1,748.4755122280048,NEW-A_aircraft-01,procurement_required
P15_26_34,G3,A_aircraft,G3-A_aircraft-03,T019_1,7689.381838293392,9325.139942961858,,,NEW-A_aircraft-01,procurement_required
P15_26_34,G3,C_aircraft,G3-C_aircraft-01,T010_1,0.0,1823.224406150507,T010_2,5.000100000000202,NEW-C_aircraft-02,procurement_required
P15_26_34,G3,C_aircraft,G3-C_aircraft-01,T010_2,1828.2245061505073,3261.2595890284992,T018,2495.830368887626,NEW-C_aircraft-02,procurement_required
P15_26_34,G3,C_aircraft,G3-C_aircraft-01,T018,5757.089957916125,8192.899478773774,,,NEW-C_aircraft-02,procurement_required
P15_26_34,G3,A_batteries,G3-A_batteries-01,T002_1,0.0,2667.5322461730734,T016,1690.3331827833913,A03,existing
P15_26_34,G3,A_batteries,G3-A_batteries-01,T016,4357.865428956465,7189.599845781131,T019_1,499.78199251226124,A03,existing
P15_26_34,G3,A_batteries,G3-A_batteries-01,T019_1,7689.381838293392,10409.758236602142,,,A03,existing
P15_26_34,G3,A_batteries,G3-A_batteries-02,T009,0.0,2207.8690163260853,T023,3845.754617298844,A04,existing
P15_26_34,G3,A_batteries,G3-A_batteries-02,T023,6053.623633624929,8794.320358969193,,,A04,existing
P15_26_34,G3,A_batteries,G3-A_batteries-03,T014_1,0.0,2810.952429148163,T007,1521.9129998083026,A05,existing
P15_26_34,G3,A_batteries,G3-A_batteries-03,T007,4332.865428956466,8394.169789148978,,,A05,existing
P15_26_34,G3,A_batteries,G3-A_batteries-04,T020,6940.906426065389,10151.116923729283,,,A06,existing
P15_26_34,G3,C_batteries,G3-C_batteries-01,T010_1,0.0,3563.4170832737245,T018,2193.6728746424005,NEW-C_batteries-01,procurement_required
P15_26_34,G3,C_batteries,G3-C_batteries-01,T018,5757.089957916125,10691.253758748288,,,NEW-C_batteries-01,procurement_required
P15_26_34,G3,C_batteries,G3-C_batteries-02,T010_2,1828.2245061505073,4709.032782226957,,,NEW-C_batteries-02,procurement_required
P15_26_34,G3,relay_aircraft,G3-relay_aircraft-01,R001,162.1373190294086,2129.297638856331,R002,2462.7051091295434,NEW-relay_aircraft-01,procurement_required
P15_26_34,G3,relay_aircraft,G3-relay_aircraft-01,R002,4592.0027479858745,9578.679477149724,,,NEW-relay_aircraft-01,procurement_required
P15_26_34,G3,relay_components,G3-relay_components-01,R001,162.1373190294086,2493.9201725268517,R002,2098.082575459023,RE03,existing
P15_26_34,G3,relay_components,G3-relay_components-01,R002,4592.0027479858745,10318.120453993146,,,RE03,existing
P15_2_346,G1,A_aircraft,G1-A_aircraft-01,T011,2058.1153733026395,4188.754462062222,,,U01,existing
P15_2_346,G1,A_aircraft,G1-A_aircraft-02,T002_2,2212.8691163260855,3815.461852306258,T017,3953.9901172072023,U02,existing
P15_2_346,G1,A_aircraft,G1-A_aircraft-02,T017,7769.45196951346,10113.299044225432,,,U02,existing
P15_2_346,G1,B_aircraft,G1-B_aircraft-01,T005,0.0,1210.3573074816584,T008,1138.4034140657216,U05,existing
P15_2_346,G1,B_aircraft,G1-B_aircraft-01,T008,2348.76072154738,4193.299611702947,,,U05,existing
P15_2_346,G1,B_aircraft,G1-B_aircraft-02,T015,2097.1153733026395,3651.686732430321,,,U06,existing
P15_2_346,G1,C_aircraft,G1-C_aircraft-01,T003,0.0,1429.4261775174655,T001,1836.833511511034,U07,existing
P15_2_346,G1,C_aircraft,G1-C_aircraft-01,T001,3266.2596890284995,4827.685866545965,,,U07,existing
P15_2_346,G1,A_batteries,G1-A_batteries-01,T011,2058.1153733026395,5546.539457030654,,,A01,existing
P15_2_346,G1,A_batteries,G1-A_batteries-02,T002_2,2212.8691163260855,4879.929014022942,T017,2889.522955490518,A02,existing
P15_2_346,G1,A_batteries,G1-A_batteries-02,T017,7769.45196951346,11476.863027475007,,,A02,existing
P15_2_346,G1,B_batteries,G1-B_batteries-01,T005,0.0,2343.7606215473797,T008,5.000100000000202,B01,existing
P15_2_346,G1,B_batteries,G1-B_batteries-01,T008,2348.76072154738,5781.961574782329,,,B01,existing
P15_2_346,G1,B_batteries,G1-B_batteries-02,T015,2097.1153733026395,5107.472874353213,,,B02,existing
P15_2_346,G1,C_batteries,G1-C_batteries-01,T003,0.0,2947.606630665684,T001,318.6530583628155,C01,existing
P15_2_346,G1,C_batteries,G1-C_batteries-01,T001,3266.2596890284995,6416.352542791451,,,C01,existing
P15_2_346,G1,relay_aircraft,G1-relay_aircraft-01,R005,2134.2977388563304,4587.002647985877,R006,3268.6316870812743,R01,existing
P15_2_346,G1,relay_aircraft,G1-relay_aircraft-01,R006,7855.634335067151,10510.693895951956,,,R01,existing
P15_2_346,G1,relay_components,G1-relay_components-01,R005,2134.2977388563304,5015.591855407197,R006,2840.0424796599546,RE01,existing
P15_2_346,G1,relay_components,G1-relay_components-01,R006,7855.634335067151,10964.401779763033,,,RE01,existing
P15_2_346,G2,B_aircraft,G2-B_aircraft-01,T013,2.631913957884535e-07,1958.0412717501863,T021,1698.645560680136,NEW-B_aircraft-01,procurement_required
P15_2_346,G2,B_aircraft,G2-B_aircraft-01,T021,3656.6868324303223,5554.728103917317,T014_2,5.000099999999293,NEW-B_aircraft-01,procurement_required
P15_2_346,G2,B_aircraft,G2-B_aircraft-01,T014_2,5559.728203917316,7425.499213465236,T022,2287.9942650634084,NEW-B_aircraft-01,procurement_required
P15_2_346,G2,B_aircraft,G2-B_aircraft-01,T022,9713.493478528644,11214.272215143501,,,NEW-B_aircraft-01,procurement_required
P15_2_346,G2,C_aircraft,G2-C_aircraft-01,T004,1434.4262775174655,3604.9947859277245,T019_2,1227.6911806182397,U08,existing
P15_2_346,G2,C_aircraft,G2-C_aircraft-01,T019_2,4832.685966545964,7071.870031513806,,,U08,existing
P15_2_346,G2,C_aircraft,G2-C_aircraft-02,T012,3609.9948859277265,5725.07652720618,,,NEW-C_aircraft-01,procurement_required
P15_2_346,G2,B_batteries,G2-B_batteries-01,T013,2.631913957884535e-07,3917.286899235777,T014_2,1642.441304681539,B03,existing
P15_2_346,G2,B_batteries,G2-B_batteries-01,T014_2,5559.728203917316,9106.026402123385,,,B03,existing
P15_2_346,G2,B_batteries,G2-B_batteries-02,T021,3656.6868324303223,7421.910255834926,T022,2291.583222693718,B04,existing
P15_2_346,G2,B_batteries,G2-B_batteries-02,T022,9713.493478528644,12750.274657105232,,,B04,existing
P15_2_346,G2,C_batteries,G2-C_batteries-01,T004,1434.4262775174655,5752.089857916125,,,C02,existing
P15_2_346,G2,C_batteries,G2-C_batteries-02,T012,3609.9948859277265,8217.742244657848,,,C03,existing
P15_2_346,G2,C_batteries,G2-C_batteries-03,T019_2,4832.685966545964,9540.547812933855,,,C04,existing
P15_2_346,G2,relay_aircraft,G2-relay_aircraft-01,R003,5.186098884268291,7850.634235067152,R004,1733.0453420825716,R02,existing
P15_2_346,G2,relay_aircraft,G2-relay_aircraft-01,R004,9583.679577149724,11813.399509678484,,,R02,existing
P15_2_346,G2,relay_components,G2-relay_components-01,R003,5.186098884268291,8956.255878782365,R004,627.4236983673582,RE02,existing
P15_2_346,G2,relay_components,G2-relay_components-01,R004,9583.679577149724,12221.929892002603,,,RE02,existing
P15_2_346,G3,A_aircraft,G3-A_aircraft-01,T002_1,0.0,1652.4416357195464,T016,2705.4237932369183,U03,existing
P15_2_346,G3,A_aircraft,G3-A_aircraft-01,T016,4357.865428956465,6053.623533624929,T020,887.2828924404594,U03,existing
P15_2_346,G3,A_aircraft,G3-A_aircraft-01,T020,6940.906426065389,8911.116273042207,,,U03,existing
P15_2_346,G3,A_aircraft,G3-A_aircraft-02,T009,0.0,1316.0142144169886,T023,4737.609419207941,U04,existing
P15_2_346,G3,A_aircraft,G3-A_aircraft-02,T023,6053.623633624929,7689.381738293394,,,U04,existing
P15_2_346,G3,A_aircraft,G3-A_aircraft-03,T014_1,0.0,1695.7581046684645,T007,2637.107324288001,NEW-A_aircraft-01,procurement_required
P15_2_346,G3,A_aircraft,G3-A_aircraft-03,T007,4332.865428956466,6940.9063260653875,T019_1,748.4755122280048,NEW-A_aircraft-01,procurement_required
P15_2_346,G3,A_aircraft,G3-A_aircraft-03,T019_1,7689.381838293392,9325.139942961858,,,NEW-A_aircraft-01,procurement_required
P15_2_346,G3,B_aircraft,G3-B_aircraft-01,T006,5112.4729743532125,6302.1032600896515,,,NEW-B_aircraft-02,procurement_required
P15_2_346,G3,C_aircraft,G3-C_aircraft-01,T010_1,0.0,1823.224406150507,T010_2,5.000100000000202,NEW-C_aircraft-02,procurement_required
P15_2_346,G3,C_aircraft,G3-C_aircraft-01,T010_2,1828.2245061505073,3261.2595890284992,T018,2495.830368887626,NEW-C_aircraft-02,procurement_required
P15_2_346,G3,C_aircraft,G3-C_aircraft-01,T018,5757.089957916125,8192.899478773774,,,NEW-C_aircraft-02,procurement_required
P15_2_346,G3,A_batteries,G3-A_batteries-01,T002_1,0.0,2667.5322461730734,T016,1690.3331827833913,A03,existing
P15_2_346,G3,A_batteries,G3-A_batteries-01,T016,4357.865428956465,7189.599845781131,T019_1,499.78199251226124,A03,existing
P15_2_346,G3,A_batteries,G3-A_batteries-01,T019_1,7689.381838293392,10409.758236602142,,,A03,existing
P15_2_346,G3,A_batteries,G3-A_batteries-02,T009,0.0,2207.8690163260853,T023,3845.754617298844,A04,existing
P15_2_346,G3,A_batteries,G3-A_batteries-02,T023,6053.623633624929,8794.320358969193,,,A04,existing
P15_2_346,G3,A_batteries,G3-A_batteries-03,T014_1,0.0,2810.952429148163,T007,1521.9129998083026,A05,existing
P15_2_346,G3,A_batteries,G3-A_batteries-03,T007,4332.865428956466,8394.169789148978,,,A05,existing
P15_2_346,G3,A_batteries,G3-A_batteries-04,T020,6940.906426065389,10151.116923729283,,,A06,existing
P15_2_346,G3,B_batteries,G3-B_batteries-01,T006,5112.4729743532125,7435.544137052532,,,NEW-B_batteries-01,procurement_required
P15_2_346,G3,C_batteries,G3-C_batteries-01,T010_1,0.0,3563.4170832737245,T018,2193.6728746424005,NEW-C_batteries-01,procurement_required
P15_2_346,G3,C_batteries,G3-C_batteries-01,T018,5757.089957916125,10691.253758748288,,,NEW-C_batteries-01,procurement_required
P15_2_346,G3,C_batteries,G3-C_batteries-02,T010_2,1828.2245061505073,4709.032782226957,,,NEW-C_batteries-02,procurement_required
P15_2_346,G3,relay_aircraft,G3-relay_aircraft-01,R001,162.1373190294086,2129.297638856331,R002,2462.7051091295434,NEW-relay_aircraft-01,procurement_required
P15_2_346,G3,relay_aircraft,G3-relay_aircraft-01,R002,4592.0027479858745,9578.679477149724,,,NEW-relay_aircraft-01,procurement_required
P15_2_346,G3,relay_components,G3-relay_components-01,R001,162.1373190294086,2493.9201725268517,R002,2098.082575459023,RE03,existing
P15_2_346,G3,relay_components,G3-relay_components-01,R002,4592.0027479858745,10318.120453993146,,,RE03,existing
P16_25_34,G1,B_aircraft,G1-B_aircraft-01,T005,0.0,1210.3573074816584,T006,3902.115666871554,U05,existing
P16_25_34,G1,B_aircraft,G1-B_aircraft-01,T006,5112.4729743532125,6302.1032600896515,,,U05,existing
P16_25_34,G1,C_aircraft,G1-C_aircraft-01,T003,0.0,1429.4261775174655,T001,1836.833511511034,U07,existing
P16_25_34,G1,C_aircraft,G1-C_aircraft-01,T001,3266.2596890284995,4827.685866545965,,,U07,existing
P16_25_34,G1,B_batteries,G1-B_batteries-01,T005,0.0,2343.7606215473797,T006,2768.712352805833,B01,existing
P16_25_34,G1,B_batteries,G1-B_batteries-01,T006,5112.4729743532125,7435.544137052532,,,B01,existing
P16_25_34,G1,C_batteries,G1-C_batteries-01,T003,0.0,2947.606630665684,T001,318.6530583628155,C01,existing
P16_25_34,G1,C_batteries,G1-C_batteries-01,T001,3266.2596890284995,6416.352542791451,,,C01,existing
P16_25_34,G2,A_aircraft,G2-A_aircraft-01,T011,2058.1153733026395,4188.754462062222,,,U01,existing
P16_25_34,G2,A_aircraft,G2-A_aircraft-02,T002_2,2212.8691163260855,3815.461852306258,T017,3953.9901172072023,U02,existing
P16_25_34,G2,A_aircraft,G2-A_aircraft-02,T017,7769.45196951346,10113.299044225432,,,U02,existing
P16_25_34,G2,B_aircraft,G2-B_aircraft-01,T013,2.631913957884535e-07,1958.0412717501863,T015,139.07410155245316,U06,existing
P16_25_34,G2,B_aircraft,G2-B_aircraft-01,T015,2097.1153733026395,3651.686732430321,T021,5.000100000001112,U06,existing
P16_25_34,G2,B_aircraft,G2-B_aircraft-01,T021,3656.6868324303223,5554.728103917317,T022,4158.765374611327,U06,existing
P16_25_34,G2,B_aircraft,G2-B_aircraft-01,T022,9713.493478528644,11214.272215143501,,,U06,existing
P16_25_34,G2,B_aircraft,G2-B_aircraft-02,T008,2348.76072154738,4193.299611702947,T014_2,1366.428592214369,NEW-B_aircraft-01,procurement_required
P16_25_34,G2,B_aircraft,G2-B_aircraft-02,T014_2,5559.728203917316,7425.499213465236,,,NEW-B_aircraft-01,procurement_required
P16_25_34,G2,C_aircraft,G2-C_aircraft-01,T004,1434.4262775174655,3604.9947859277245,T019_2,1227.6911806182397,U08,existing
P16_25_34,G2,C_aircraft,G2-C_aircraft-01,T019_2,4832.685966545964,7071.870031513806,,,U08,existing
P16_25_34,G2,C_aircraft,G2-C_aircraft-02,T012,3609.9948859277265,5725.07652720618,,,NEW-C_aircraft-01,procurement_required
P16_25_34,G2,A_batteries,G2-A_batteries-01,T011,2058.1153733026395,5546.539457030654,,,A01,existing
P16_25_34,G2,A_batteries,G2-A_batteries-02,T002_2,2212.8691163260855,4879.929014022942,T017,2889.522955490518,A02,existing
P16_25_34,G2,A_batteries,G2-A_batteries-02,T017,7769.45196951346,11476.863027475007,,,A02,existing
P16_25_34,G2,B_batteries,G2-B_batteries-01,T013,2.631913957884535e-07,3917.286899235777,T014_2,1642.441304681539,B02,existing
P16_25_34,G2,B_batteries,G2-B_batteries-01,T014_2,5559.728203917316,9106.026402123385,,,B02,existing
P16_25_34,G2,B_batteries,G2-B_batteries-02,T015,2097.1153733026395,5107.472874353213,T022,4606.020604175431,B03,existing
P16_25_34,G2,B_batteries,G2-B_batteries-02,T022,9713.493478528644,12750.274657105232,,,B03,existing
P16_25_34,G2,B_batteries,G2-B_batteries-03,T008,2348.76072154738,5781.961574782329,,,B04,existing
P16_25_34,G2,B_batteries,G2-B_batteries-04,T021,3656.6868324303223,7421.910255834926,,,NEW-B_batteries-01,procurement_required
P16_25_34,G2,C_batteries,G2-C_batteries-01,T004,1434.4262775174655,5752.089857916125,,,C02,existing
P16_25_34,G2,C_batteries,G2-C_batteries-02,T012,3609.9948859277265,8217.742244657848,,,C03,existing
P16_25_34,G2,C_batteries,G2-C_batteries-03,T019_2,4832.685966545964,9540.547812933855,,,C04,existing
P16_25_34,G2,relay_aircraft,G2-relay_aircraft-01,R003,5.186098884268291,7850.634235067152,R004,1733.0453420825716,R01,existing
P16_25_34,G2,relay_aircraft,G2-relay_aircraft-01,R004,9583.679577149724,11813.399509678484,,,R01,existing
P16_25_34,G2,relay_aircraft,G2-relay_aircraft-02,R005,2134.2977388563304,4587.002647985877,R006,3268.6316870812743,R02,existing
P16_25_34,G2,relay_aircraft,G2-relay_aircraft-02,R006,7855.634335067151,10510.693895951956,,,R02,existing
P16_25_34,G2,relay_components,G2-relay_components-01,R003,5.186098884268291,8956.255878782365,R004,627.4236983673582,RE01,existing
P16_25_34,G2,relay_components,G2-relay_components-01,R004,9583.679577149724,12221.929892002603,,,RE01,existing
P16_25_34,G2,relay_components,G2-relay_components-02,R005,2134.2977388563304,5015.591855407197,R006,2840.0424796599546,RE02,existing
P16_25_34,G2,relay_components,G2-relay_components-02,R006,7855.634335067151,10964.401779763033,,,RE02,existing
P16_25_34,G3,A_aircraft,G3-A_aircraft-01,T002_1,0.0,1652.4416357195464,T016,2705.4237932369183,U03,existing
P16_25_34,G3,A_aircraft,G3-A_aircraft-01,T016,4357.865428956465,6053.623533624929,T020,887.2828924404594,U03,existing
P16_25_34,G3,A_aircraft,G3-A_aircraft-01,T020,6940.906426065389,8911.116273042207,,,U03,existing
P16_25_34,G3,A_aircraft,G3-A_aircraft-02,T009,0.0,1316.0142144169886,T023,4737.609419207941,U04,existing
P16_25_34,G3,A_aircraft,G3-A_aircraft-02,T023,6053.623633624929,7689.381738293394,,,U04,existing
P16_25_34,G3,A_aircraft,G3-A_aircraft-03,T014_1,0.0,1695.7581046684645,T007,2637.107324288001,NEW-A_aircraft-01,procurement_required
P16_25_34,G3,A_aircraft,G3-A_aircraft-03,T007,4332.865428956466,6940.9063260653875,T019_1,748.4755122280048,NEW-A_aircraft-01,procurement_required
P16_25_34,G3,A_aircraft,G3-A_aircraft-03,T019_1,7689.381838293392,9325.139942961858,,,NEW-A_aircraft-01,procurement_required
P16_25_34,G3,C_aircraft,G3-C_aircraft-01,T010_1,0.0,1823.224406150507,T010_2,5.000100000000202,NEW-C_aircraft-02,procurement_required
P16_25_34,G3,C_aircraft,G3-C_aircraft-01,T010_2,1828.2245061505073,3261.2595890284992,T018,2495.830368887626,NEW-C_aircraft-02,procurement_required
P16_25_34,G3,C_aircraft,G3-C_aircraft-01,T018,5757.089957916125,8192.899478773774,,,NEW-C_aircraft-02,procurement_required
P16_25_34,G3,A_batteries,G3-A_batteries-01,T002_1,0.0,2667.5322461730734,T016,1690.3331827833913,A03,existing
P16_25_34,G3,A_batteries,G3-A_batteries-01,T016,4357.865428956465,7189.599845781131,T019_1,499.78199251226124,A03,existing
P16_25_34,G3,A_batteries,G3-A_batteries-01,T019_1,7689.381838293392,10409.758236602142,,,A03,existing
P16_25_34,G3,A_batteries,G3-A_batteries-02,T009,0.0,2207.8690163260853,T023,3845.754617298844,A04,existing
P16_25_34,G3,A_batteries,G3-A_batteries-02,T023,6053.623633624929,8794.320358969193,,,A04,existing
P16_25_34,G3,A_batteries,G3-A_batteries-03,T014_1,0.0,2810.952429148163,T007,1521.9129998083026,A05,existing
P16_25_34,G3,A_batteries,G3-A_batteries-03,T007,4332.865428956466,8394.169789148978,,,A05,existing
P16_25_34,G3,A_batteries,G3-A_batteries-04,T020,6940.906426065389,10151.116923729283,,,A06,existing
P16_25_34,G3,C_batteries,G3-C_batteries-01,T010_1,0.0,3563.4170832737245,T018,2193.6728746424005,NEW-C_batteries-01,procurement_required
P16_25_34,G3,C_batteries,G3-C_batteries-01,T018,5757.089957916125,10691.253758748288,,,NEW-C_batteries-01,procurement_required
P16_25_34,G3,C_batteries,G3-C_batteries-02,T010_2,1828.2245061505073,4709.032782226957,,,NEW-C_batteries-02,procurement_required
P16_25_34,G3,relay_aircraft,G3-relay_aircraft-01,R001,162.1373190294086,2129.297638856331,R002,2462.7051091295434,NEW-relay_aircraft-01,procurement_required
P16_25_34,G3,relay_aircraft,G3-relay_aircraft-01,R002,4592.0027479858745,9578.679477149724,,,NEW-relay_aircraft-01,procurement_required
P16_25_34,G3,relay_components,G3-relay_components-01,R001,162.1373190294086,2493.9201725268517,R002,2098.082575459023,RE03,existing
P16_25_34,G3,relay_components,G3-relay_components-01,R002,4592.0027479858745,10318.120453993146,,,RE03,existing
P1_256_34,G1,B_aircraft,G1-B_aircraft-01,T005,0.0,1210.3573074816584,,,U05,existing
P1_256_34,G1,C_aircraft,G1-C_aircraft-01,T003,0.0,1429.4261775174655,T001,1836.833511511034,U07,existing
P1_256_34,G1,C_aircraft,G1-C_aircraft-01,T001,3266.2596890284995,4827.685866545965,,,U07,existing
P1_256_34,G1,B_batteries,G1-B_batteries-01,T005,0.0,2343.7606215473797,,,B01,existing
P1_256_34,G1,C_batteries,G1-C_batteries-01,T003,0.0,2947.606630665684,T001,318.6530583628155,C01,existing
P1_256_34,G1,C_batteries,G1-C_batteries-01,T001,3266.2596890284995,6416.352542791451,,,C01,existing
P1_256_34,G2,A_aircraft,G2-A_aircraft-01,T011,2058.1153733026395,4188.754462062222,,,U01,existing
P1_256_34,G2,A_aircraft,G2-A_aircraft-02,T002_2,2212.8691163260855,3815.461852306258,T017,3953.9901172072023,U02,existing
P1_256_34,G2,A_aircraft,G2-A_aircraft-02,T017,7769.45196951346,10113.299044225432,,,U02,existing
P1_256_34,G2,B_aircraft,G2-B_aircraft-01,T013,2.631913957884535e-07,1958.0412717501863,T015,139.07410155245316,U06,existing
P1_256_34,G2,B_aircraft,G2-B_aircraft-01,T015,2097.1153733026395,3651.686732430321,T021,5.000100000001112,U06,existing
P1_256_34,G2,B_aircraft,G2-B_aircraft-01,T021,3656.6868324303223,5554.728103917317,T014_2,5.000099999999293,U06,existing
P1_256_34,G2,B_aircraft,G2-B_aircraft-01,T014_2,5559.728203917316,7425.499213465236,,,U06,existing
P1_256_34,G2,B_aircraft,G2-B_aircraft-02,T008,2348.76072154738,4193.299611702947,T006,919.1733626502655,NEW-B_aircraft-01,procurement_required
P1_256_34,G2,B_aircraft,G2-B_aircraft-02,T006,5112.4729743532125,6302.1032600896515,T022,3411.3902184389926,NEW-B_aircraft-01,procurement_required
P1_256_34,G2,B_aircraft,G2-B_aircraft-02,T022,9713.493478528644,11214.272215143501,,,NEW-B_aircraft-01,procurement_required
P1_256_34,G2,C_aircraft,G2-C_aircraft-01,T004,1434.4262775174655,3604.9947859277245,T019_2,1227.6911806182397,U08,existing
P1_256_34,G2,C_aircraft,G2-C_aircraft-01,T019_2,4832.685966545964,7071.870031513806,,,U08,existing
P1_256_34,G2,C_aircraft,G2-C_aircraft-02,T012,3609.9948859277265,5725.07652720618,,,NEW-C_aircraft-01,procurement_required
P1_256_34,G2,A_batteries,G2-A_batteries-01,T011,2058.1153733026395,5546.539457030654,,,A01,existing
P1_256_34,G2,A_batteries,G2-A_batteries-02,T002_2,2212.8691163260855,4879.929014022942,T017,2889.522955490518,A02,existing
P1_256_34,G2,A_batteries,G2-A_batteries-02,T017,7769.45196951346,11476.863027475007,,,A02,existing
P1_256_34,G2,B_batteries,G2-B_batteries-01,T013,2.631913957884535e-07,3917.286899235777,T006,1195.1860751174354,B02,existing
P1_256_34,G2,B_batteries,G2-B_batteries-01,T006,5112.4729743532125,7435.544137052532,,,B02,existing
P1_256_34,G2,B_batteries,G2-B_batteries-02,T015,2097.1153733026395,5107.472874353213,T014_2,452.2553295641028,B03,existing
P1_256_34,G2,B_batteries,G2-B_batteries-02,T014_2,5559.728203917316,9106.026402123385,,,B03,existing
P1_256_34,G2,B_batteries,G2-B_batteries-03,T008,2348.76072154738,5781.961574782329,T022,3931.531903746315,B04,existing
P1_256_34,G2,B_batteries,G2-B_batteries-03,T022,9713.493478528644,12750.274657105232,,,B04,existing
P1_256_34,G2,B_batteries,G2-B_batteries-04,T021,3656.6868324303223,7421.910255834926,,,NEW-B_batteries-01,procurement_required
P1_256_34,G2,C_batteries,G2-C_batteries-01,T004,1434.4262775174655,5752.089857916125,,,C02,existing
P1_256_34,G2,C_batteries,G2-C_batteries-02,T012,3609.9948859277265,8217.742244657848,,,C03,existing
P1_256_34,G2,C_batteries,G2-C_batteries-03,T019_2,4832.685966545964,9540.547812933855,,,C04,existing
P1_256_34,G2,relay_aircraft,G2-relay_aircraft-01,R003,5.186098884268291,7850.634235067152,R004,1733.0453420825716,R01,existing
P1_256_34,G2,relay_aircraft,G2-relay_aircraft-01,R004,9583.679577149724,11813.399509678484,,,R01,existing
P1_256_34,G2,relay_aircraft,G2-relay_aircraft-02,R005,2134.2977388563304,4587.002647985877,R006,3268.6316870812743,R02,existing
P1_256_34,G2,relay_aircraft,G2-relay_aircraft-02,R006,7855.634335067151,10510.693895951956,,,R02,existing
P1_256_34,G2,relay_components,G2-relay_components-01,R003,5.186098884268291,8956.255878782365,R004,627.4236983673582,RE01,existing
P1_256_34,G2,relay_components,G2-relay_components-01,R004,9583.679577149724,12221.929892002603,,,RE01,existing
P1_256_34,G2,relay_components,G2-relay_components-02,R005,2134.2977388563304,5015.591855407197,R006,2840.0424796599546,RE02,existing
P1_256_34,G2,relay_components,G2-relay_components-02,R006,7855.634335067151,10964.401779763033,,,RE02,existing
P1_256_34,G3,A_aircraft,G3-A_aircraft-01,T002_1,0.0,1652.4416357195464,T016,2705.4237932369183,U03,existing
P1_256_34,G3,A_aircraft,G3-A_aircraft-01,T016,4357.865428956465,6053.623533624929,T020,887.2828924404594,U03,existing
P1_256_34,G3,A_aircraft,G3-A_aircraft-01,T020,6940.906426065389,8911.116273042207,,,U03,existing
P1_256_34,G3,A_aircraft,G3-A_aircraft-02,T009,0.0,1316.0142144169886,T023,4737.609419207941,U04,existing
P1_256_34,G3,A_aircraft,G3-A_aircraft-02,T023,6053.623633624929,7689.381738293394,,,U04,existing
P1_256_34,G3,A_aircraft,G3-A_aircraft-03,T014_1,0.0,1695.7581046684645,T007,2637.107324288001,NEW-A_aircraft-01,procurement_required
P1_256_34,G3,A_aircraft,G3-A_aircraft-03,T007,4332.865428956466,6940.9063260653875,T019_1,748.4755122280048,NEW-A_aircraft-01,procurement_required
P1_256_34,G3,A_aircraft,G3-A_aircraft-03,T019_1,7689.381838293392,9325.139942961858,,,NEW-A_aircraft-01,procurement_required
P1_256_34,G3,C_aircraft,G3-C_aircraft-01,T010_1,0.0,1823.224406150507,T010_2,5.000100000000202,NEW-C_aircraft-02,procurement_required
P1_256_34,G3,C_aircraft,G3-C_aircraft-01,T010_2,1828.2245061505073,3261.2595890284992,T018,2495.830368887626,NEW-C_aircraft-02,procurement_required
P1_256_34,G3,C_aircraft,G3-C_aircraft-01,T018,5757.089957916125,8192.899478773774,,,NEW-C_aircraft-02,procurement_required
P1_256_34,G3,A_batteries,G3-A_batteries-01,T002_1,0.0,2667.5322461730734,T016,1690.3331827833913,A03,existing
P1_256_34,G3,A_batteries,G3-A_batteries-01,T016,4357.865428956465,7189.599845781131,T019_1,499.78199251226124,A03,existing
P1_256_34,G3,A_batteries,G3-A_batteries-01,T019_1,7689.381838293392,10409.758236602142,,,A03,existing
P1_256_34,G3,A_batteries,G3-A_batteries-02,T009,0.0,2207.8690163260853,T023,3845.754617298844,A04,existing
P1_256_34,G3,A_batteries,G3-A_batteries-02,T023,6053.623633624929,8794.320358969193,,,A04,existing
P1_256_34,G3,A_batteries,G3-A_batteries-03,T014_1,0.0,2810.952429148163,T007,1521.9129998083026,A05,existing
P1_256_34,G3,A_batteries,G3-A_batteries-03,T007,4332.865428956466,8394.169789148978,,,A05,existing
P1_256_34,G3,A_batteries,G3-A_batteries-04,T020,6940.906426065389,10151.116923729283,,,A06,existing
P1_256_34,G3,C_batteries,G3-C_batteries-01,T010_1,0.0,3563.4170832737245,T018,2193.6728746424005,NEW-C_batteries-01,procurement_required
P1_256_34,G3,C_batteries,G3-C_batteries-01,T018,5757.089957916125,10691.253758748288,,,NEW-C_batteries-01,procurement_required
P1_256_34,G3,C_batteries,G3-C_batteries-02,T010_2,1828.2245061505073,4709.032782226957,,,NEW-C_batteries-02,procurement_required
P1_256_34,G3,relay_aircraft,G3-relay_aircraft-01,R001,162.1373190294086,2129.297638856331,R002,2462.7051091295434,NEW-relay_aircraft-01,procurement_required
P1_256_34,G3,relay_aircraft,G3-relay_aircraft-01,R002,4592.0027479858745,9578.679477149724,,,NEW-relay_aircraft-01,procurement_required
P1_256_34,G3,relay_components,G3-relay_components-01,R001,162.1373190294086,2493.9201725268517,R002,2098.082575459023,RE03,existing
P1_256_34,G3,relay_components,G3-relay_components-01,R002,4592.0027479858745,10318.120453993146,,,RE03,existing
P1_25_346,G1,B_aircraft,G1-B_aircraft-01,T005,0.0,1210.3573074816584,,,U05,existing
P1_25_346,G1,C_aircraft,G1-C_aircraft-01,T003,0.0,1429.4261775174655,T001,1836.833511511034,U07,existing
P1_25_346,G1,C_aircraft,G1-C_aircraft-01,T001,3266.2596890284995,4827.685866545965,,,U07,existing
P1_25_346,G1,B_batteries,G1-B_batteries-01,T005,0.0,2343.7606215473797,,,B01,existing
P1_25_346,G1,C_batteries,G1-C_batteries-01,T003,0.0,2947.606630665684,T001,318.6530583628155,C01,existing
P1_25_346,G1,C_batteries,G1-C_batteries-01,T001,3266.2596890284995,6416.352542791451,,,C01,existing
P1_25_346,G2,A_aircraft,G2-A_aircraft-01,T011,2058.1153733026395,4188.754462062222,,,U01,existing
P1_25_346,G2,A_aircraft,G2-A_aircraft-02,T002_2,2212.8691163260855,3815.461852306258,T017,3953.9901172072023,U02,existing
P1_25_346,G2,A_aircraft,G2-A_aircraft-02,T017,7769.45196951346,10113.299044225432,,,U02,existing
P1_25_346,G2,B_aircraft,G2-B_aircraft-01,T013,2.631913957884535e-07,1958.0412717501863,T015,139.07410155245316,U06,existing
P1_25_346,G2,B_aircraft,G2-B_aircraft-01,T015,2097.1153733026395,3651.686732430321,T021,5.000100000001112,U06,existing
P1_25_346,G2,B_aircraft,G2-B_aircraft-01,T021,3656.6868324303223,5554.728103917317,T022,4158.765374611327,U06,existing
P1_25_346,G2,B_aircraft,G2-B_aircraft-01,T022,9713.493478528644,11214.272215143501,,,U06,existing
P1_25_346,G2,B_aircraft,G2-B_aircraft-02,T008,2348.76072154738,4193.299611702947,T014_2,1366.428592214369,NEW-B_aircraft-01,procurement_required
P1_25_346,G2,B_aircraft,G2-B_aircraft-02,T014_2,5559.728203917316,7425.499213465236,,,NEW-B_aircraft-01,procurement_required
P1_25_346,G2,C_aircraft,G2-C_aircraft-01,T004,1434.4262775174655,3604.9947859277245,T019_2,1227.6911806182397,U08,existing
P1_25_346,G2,C_aircraft,G2-C_aircraft-01,T019_2,4832.685966545964,7071.870031513806,,,U08,existing
P1_25_346,G2,C_aircraft,G2-C_aircraft-02,T012,3609.9948859277265,5725.07652720618,,,NEW-C_aircraft-01,procurement_required
P1_25_346,G2,A_batteries,G2-A_batteries-01,T011,2058.1153733026395,5546.539457030654,,,A01,existing
P1_25_346,G2,A_batteries,G2-A_batteries-02,T002_2,2212.8691163260855,4879.929014022942,T017,2889.522955490518,A02,existing
P1_25_346,G2,A_batteries,G2-A_batteries-02,T017,7769.45196951346,11476.863027475007,,,A02,existing
P1_25_346,G2,B_batteries,G2-B_batteries-01,T013,2.631913957884535e-07,3917.286899235777,T014_2,1642.441304681539,B02,existing
P1_25_346,G2,B_batteries,G2-B_batteries-01,T014_2,5559.728203917316,9106.026402123385,,,B02,existing
P1_25_346,G2,B_batteries,G2-B_batteries-02,T015,2097.1153733026395,5107.472874353213,T022,4606.020604175431,B03,existing
P1_25_346,G2,B_batteries,G2-B_batteries-02,T022,9713.493478528644,12750.274657105232,,,B03,existing
P1_25_346,G2,B_batteries,G2-B_batteries-03,T008,2348.76072154738,5781.961574782329,,,B04,existing
P1_25_346,G2,B_batteries,G2-B_batteries-04,T021,3656.6868324303223,7421.910255834926,,,NEW-B_batteries-01,procurement_required
P1_25_346,G2,C_batteries,G2-C_batteries-01,T004,1434.4262775174655,5752.089857916125,,,C02,existing
P1_25_346,G2,C_batteries,G2-C_batteries-02,T012,3609.9948859277265,8217.742244657848,,,C03,existing
P1_25_346,G2,C_batteries,G2-C_batteries-03,T019_2,4832.685966545964,9540.547812933855,,,C04,existing
P1_25_346,G2,relay_aircraft,G2-relay_aircraft-01,R003,5.186098884268291,7850.634235067152,R004,1733.0453420825716,R01,existing
P1_25_346,G2,relay_aircraft,G2-relay_aircraft-01,R004,9583.679577149724,11813.399509678484,,,R01,existing
P1_25_346,G2,relay_aircraft,G2-relay_aircraft-02,R005,2134.2977388563304,4587.002647985877,R006,3268.6316870812743,R02,existing
P1_25_346,G2,relay_aircraft,G2-relay_aircraft-02,R006,7855.634335067151,10510.693895951956,,,R02,existing
P1_25_346,G2,relay_components,G2-relay_components-01,R003,5.186098884268291,8956.255878782365,R004,627.4236983673582,RE01,existing
P1_25_346,G2,relay_components,G2-relay_components-01,R004,9583.679577149724,12221.929892002603,,,RE01,existing
P1_25_346,G2,relay_components,G2-relay_components-02,R005,2134.2977388563304,5015.591855407197,R006,2840.0424796599546,RE02,existing
P1_25_346,G2,relay_components,G2-relay_components-02,R006,7855.634335067151,10964.401779763033,,,RE02,existing
P1_25_346,G3,A_aircraft,G3-A_aircraft-01,T002_1,0.0,1652.4416357195464,T016,2705.4237932369183,U03,existing
P1_25_346,G3,A_aircraft,G3-A_aircraft-01,T016,4357.865428956465,6053.623533624929,T020,887.2828924404594,U03,existing
P1_25_346,G3,A_aircraft,G3-A_aircraft-01,T020,6940.906426065389,8911.116273042207,,,U03,existing
P1_25_346,G3,A_aircraft,G3-A_aircraft-02,T009,0.0,1316.0142144169886,T023,4737.609419207941,U04,existing
P1_25_346,G3,A_aircraft,G3-A_aircraft-02,T023,6053.623633624929,7689.381738293394,,,U04,existing
P1_25_346,G3,A_aircraft,G3-A_aircraft-03,T014_1,0.0,1695.7581046684645,T007,2637.107324288001,NEW-A_aircraft-01,procurement_required
P1_25_346,G3,A_aircraft,G3-A_aircraft-03,T007,4332.865428956466,6940.9063260653875,T019_1,748.4755122280048,NEW-A_aircraft-01,procurement_required
P1_25_346,G3,A_aircraft,G3-A_aircraft-03,T019_1,7689.381838293392,9325.139942961858,,,NEW-A_aircraft-01,procurement_required
P1_25_346,G3,B_aircraft,G3-B_aircraft-01,T006,5112.4729743532125,6302.1032600896515,,,NEW-B_aircraft-02,procurement_required
P1_25_346,G3,C_aircraft,G3-C_aircraft-01,T010_1,0.0,1823.224406150507,T010_2,5.000100000000202,NEW-C_aircraft-02,procurement_required
P1_25_346,G3,C_aircraft,G3-C_aircraft-01,T010_2,1828.2245061505073,3261.2595890284992,T018,2495.830368887626,NEW-C_aircraft-02,procurement_required
P1_25_346,G3,C_aircraft,G3-C_aircraft-01,T018,5757.089957916125,8192.899478773774,,,NEW-C_aircraft-02,procurement_required
P1_25_346,G3,A_batteries,G3-A_batteries-01,T002_1,0.0,2667.5322461730734,T016,1690.3331827833913,A03,existing
P1_25_346,G3,A_batteries,G3-A_batteries-01,T016,4357.865428956465,7189.599845781131,T019_1,499.78199251226124,A03,existing
P1_25_346,G3,A_batteries,G3-A_batteries-01,T019_1,7689.381838293392,10409.758236602142,,,A03,existing
P1_25_346,G3,A_batteries,G3-A_batteries-02,T009,0.0,2207.8690163260853,T023,3845.754617298844,A04,existing
P1_25_346,G3,A_batteries,G3-A_batteries-02,T023,6053.623633624929,8794.320358969193,,,A04,existing
P1_25_346,G3,A_batteries,G3-A_batteries-03,T014_1,0.0,2810.952429148163,T007,1521.9129998083026,A05,existing
P1_25_346,G3,A_batteries,G3-A_batteries-03,T007,4332.865428956466,8394.169789148978,,,A05,existing
P1_25_346,G3,A_batteries,G3-A_batteries-04,T020,6940.906426065389,10151.116923729283,,,A06,existing
P1_25_346,G3,B_batteries,G3-B_batteries-01,T006,5112.4729743532125,7435.544137052532,,,NEW-B_batteries-02,procurement_required
P1_25_346,G3,C_batteries,G3-C_batteries-01,T010_1,0.0,3563.4170832737245,T018,2193.6728746424005,NEW-C_batteries-01,procurement_required
P1_25_346,G3,C_batteries,G3-C_batteries-01,T018,5757.089957916125,10691.253758748288,,,NEW-C_batteries-01,procurement_required
P1_25_346,G3,C_batteries,G3-C_batteries-02,T010_2,1828.2245061505073,4709.032782226957,,,NEW-C_batteries-02,procurement_required
P1_25_346,G3,relay_aircraft,G3-relay_aircraft-01,R001,162.1373190294086,2129.297638856331,R002,2462.7051091295434,NEW-relay_aircraft-01,procurement_required
P1_25_346,G3,relay_aircraft,G3-relay_aircraft-01,R002,4592.0027479858745,9578.679477149724,,,NEW-relay_aircraft-01,procurement_required
P1_25_346,G3,relay_components,G3-relay_components-01,R001,162.1373190294086,2493.9201725268517,R002,2098.082575459023,RE03,existing
P1_25_346,G3,relay_components,G3-relay_components-01,R002,4592.0027479858745,10318.120453993146,,,RE03,existing
P16_2_345,G1,B_aircraft,G1-B_aircraft-01,T005,0.0,1210.3573074816584,T006,3902.115666871554,U05,existing
P16_2_345,G1,B_aircraft,G1-B_aircraft-01,T006,5112.4729743532125,6302.1032600896515,,,U05,existing
P16_2_345,G1,C_aircraft,G1-C_aircraft-01,T003,0.0,1429.4261775174655,T001,1836.833511511034,U07,existing
P16_2_345,G1,C_aircraft,G1-C_aircraft-01,T001,3266.2596890284995,4827.685866545965,,,U07,existing
P16_2_345,G1,B_batteries,G1-B_batteries-01,T005,0.0,2343.7606215473797,T006,2768.712352805833,B01,existing
P16_2_345,G1,B_batteries,G1-B_batteries-01,T006,5112.4729743532125,7435.544137052532,,,B01,existing
P16_2_345,G1,C_batteries,G1-C_batteries-01,T003,0.0,2947.606630665684,T001,318.6530583628155,C01,existing
P16_2_345,G1,C_batteries,G1-C_batteries-01,T001,3266.2596890284995,6416.352542791451,,,C01,existing
P16_2_345,G2,B_aircraft,G2-B_aircraft-01,T013,2.631913957884535e-07,1958.0412717501863,T021,1698.645560680136,U06,existing
P16_2_345,G2,B_aircraft,G2-B_aircraft-01,T021,3656.6868324303223,5554.728103917317,T014_2,5.000099999999293,U06,existing
P16_2_345,G2,B_aircraft,G2-B_aircraft-01,T014_2,5559.728203917316,7425.499213465236,T022,2287.9942650634084,U06,existing
P16_2_345,G2,B_aircraft,G2-B_aircraft-01,T022,9713.493478528644,11214.272215143501,,,U06,existing
P16_2_345,G2,C_aircraft,G2-C_aircraft-01,T004,1434.4262775174655,3604.9947859277245,T019_2,1227.6911806182397,U08,existing
P16_2_345,G2,C_aircraft,G2-C_aircraft-01,T019_2,4832.685966545964,7071.870031513806,,,U08,existing
P16_2_345,G2,C_aircraft,G2-C_aircraft-02,T012,3609.9948859277265,5725.07652720618,,,NEW-C_aircraft-01,procurement_required
P16_2_345,G2,B_batteries,G2-B_batteries-01,T013,2.631913957884535e-07,3917.286899235777,T014_2,1642.441304681539,B02,existing
P16_2_345,G2,B_batteries,G2-B_batteries-01,T014_2,5559.728203917316,9106.026402123385,,,B02,existing
P16_2_345,G2,B_batteries,G2-B_batteries-02,T021,3656.6868324303223,7421.910255834926,T022,2291.583222693718,B03,existing
P16_2_345,G2,B_batteries,G2-B_batteries-02,T022,9713.493478528644,12750.274657105232,,,B03,existing
P16_2_345,G2,C_batteries,G2-C_batteries-01,T004,1434.4262775174655,5752.089857916125,,,C02,existing
P16_2_345,G2,C_batteries,G2-C_batteries-02,T012,3609.9948859277265,8217.742244657848,,,C03,existing
P16_2_345,G2,C_batteries,G2-C_batteries-03,T019_2,4832.685966545964,9540.547812933855,,,C04,existing
P16_2_345,G2,relay_aircraft,G2-relay_aircraft-01,R003,5.186098884268291,7850.634235067152,R004,1733.0453420825716,R01,existing
P16_2_345,G2,relay_aircraft,G2-relay_aircraft-01,R004,9583.679577149724,11813.399509678484,,,R01,existing
P16_2_345,G2,relay_components,G2-relay_components-01,R003,5.186098884268291,8956.255878782365,R004,627.4236983673582,RE01,existing
P16_2_345,G2,relay_components,G2-relay_components-01,R004,9583.679577149724,12221.929892002603,,,RE01,existing
P16_2_345,G3,A_aircraft,G3-A_aircraft-01,T002_1,0.0,1652.4416357195464,T011,405.67373758309304,U01,existing
P16_2_345,G3,A_aircraft,G3-A_aircraft-01,T011,2058.1153733026395,4188.754462062222,T007,144.11096689424357,U01,existing
P16_2_345,G3,A_aircraft,G3-A_aircraft-01,T007,4332.865428956466,6940.9063260653875,T019_1,748.4755122280048,U01,existing
P16_2_345,G3,A_aircraft,G3-A_aircraft-01,T019_1,7689.381838293392,9325.139942961858,,,U01,existing
P16_2_345,G3,A_aircraft,G3-A_aircraft-02,T009,0.0,1316.0142144169886,T002_2,896.854901909097,U02,existing
P16_2_345,G3,A_aircraft,G3-A_aircraft-02,T002_2,2212.8691163260855,3815.461852306258,T016,542.4035766502066,U02,existing
P16_2_345,G3,A_aircraft,G3-A_aircraft-02,T016,4357.865428956465,6053.623533624929,T020,887.2828924404594,U02,existing
P16_2_345,G3,A_aircraft,G3-A_aircraft-02,T020,6940.906426065389,8911.116273042207,,,U02,existing
P16_2_345,G3,A_aircraft,G3-A_aircraft-03,T014_1,0.0,1695.7581046684645,T023,4357.865528956465,U03,existing
P16_2_345,G3,A_aircraft,G3-A_aircraft-03,T023,6053.623633624929,7689.381738293394,T017,80.07023122006649,U03,existing
P16_2_345,G3,A_aircraft,G3-A_aircraft-03,T017,7769.45196951346,10113.299044225432,,,U03,existing
P16_2_345,G3,B_aircraft,G3-B_aircraft-01,T015,2097.1153733026395,3651.686732430321,,,NEW-B_aircraft-01,procurement_required
P16_2_345,G3,B_aircraft,G3-B_aircraft-02,T008,2348.76072154738,4193.299611702947,,,NEW-B_aircraft-02,procurement_required
P16_2_345,G3,C_aircraft,G3-C_aircraft-01,T010_1,0.0,1823.224406150507,T010_2,5.000100000000202,NEW-C_aircraft-02,procurement_required
P16_2_345,G3,C_aircraft,G3-C_aircraft-01,T010_2,1828.2245061505073,3261.2595890284992,T018,2495.830368887626,NEW-C_aircraft-02,procurement_required
P16_2_345,G3,C_aircraft,G3-C_aircraft-01,T018,5757.089957916125,8192.899478773774,,,NEW-C_aircraft-02,procurement_required
P16_2_345,G3,A_batteries,G3-A_batteries-01,T002_1,0.0,2667.5322461730734,T007,1665.3331827833922,A01,existing
P16_2_345,G3,A_batteries,G3-A_batteries-01,T007,4332.865428956466,8394.169789148978,,,A01,existing
P16_2_345,G3,A_batteries,G3-A_batteries-02,T009,0.0,2207.8690163260853,T016,2149.9964126303794,A02,existing
P16_2_345,G3,A_batteries,G3-A_batteries-02,T016,4357.865428956465,7189.599845781131,T017,579.8521237323293,A02,existing
P16_2_345,G3,A_batteries,G3-A_batteries-02,T017,7769.45196951346,11476.863027475007,,,A02,existing
P16_2_345,G3,A_batteries,G3-A_batteries-03,T014_1,0.0,2810.952429148163,T023,3242.6712044767664,A03,existing
P16_2_345,G3,A_batteries,G3-A_batteries-03,T023,6053.623633624929,8794.320358969193,,,A03,existing
P16_2_345,G3,A_batteries,G3-A_batteries-04,T011,2058.1153733026395,5546.539457030654,T020,1394.3669690347342,A04,existing
P16_2_345,G3,A_batteries,G3-A_batteries-04,T020,6940.906426065389,10151.116923729283,,,A04,existing
P16_2_345,G3,A_batteries,G3-A_batteries-05,T002_2,2212.8691163260855,4879.929014022942,T019_1,2809.45282427045,A05,existing
P16_2_345,G3,A_batteries,G3-A_batteries-05,T019_1,7689.381838293392,10409.758236602142,,,A05,existing
P16_2_345,G3,B_batteries,G3-B_batteries-01,T015,2097.1153733026395,5107.472874353213,,,B04,existing
P16_2_345,G3,B_batteries,G3-B_batteries-02,T008,2348.76072154738,5781.961574782329,,,NEW-B_batteries-01,procurement_required
P16_2_345,G3,C_batteries,G3-C_batteries-01,T010_1,0.0,3563.4170832737245,T018,2193.6728746424005,NEW-C_batteries-01,procurement_required
P16_2_345,G3,C_batteries,G3-C_batteries-01,T018,5757.089957916125,10691.253758748288,,,NEW-C_batteries-01,procurement_required
P16_2_345,G3,C_batteries,G3-C_batteries-02,T010_2,1828.2245061505073,4709.032782226957,,,NEW-C_batteries-02,procurement_required
P16_2_345,G3,relay_aircraft,G3-relay_aircraft-01,R001,162.1373190294086,2129.297638856331,R002,2462.7051091295434,R02,existing
P16_2_345,G3,relay_aircraft,G3-relay_aircraft-01,R002,4592.0027479858745,9578.679477149724,,,R02,existing
P16_2_345,G3,relay_aircraft,G3-relay_aircraft-02,R005,2134.2977388563304,4587.002647985877,R006,3268.6316870812743,NEW-relay_aircraft-01,procurement_required
P16_2_345,G3,relay_aircraft,G3-relay_aircraft-02,R006,7855.634335067151,10510.693895951956,,,NEW-relay_aircraft-01,procurement_required
P16_2_345,G3,relay_components,G3-relay_components-01,R001,162.1373190294086,2493.9201725268517,R002,2098.082575459023,RE02,existing
P16_2_345,G3,relay_components,G3-relay_components-01,R002,4592.0027479858745,10318.120453993146,,,RE02,existing
P16_2_345,G3,relay_components,G3-relay_components-02,R005,2134.2977388563304,5015.591855407197,R006,2840.0424796599546,RE03,existing
P16_2_345,G3,relay_components,G3-relay_components-02,R006,7855.634335067151,10964.401779763033,,,RE03,existing
P1_26_345,G1,B_aircraft,G1-B_aircraft-01,T005,0.0,1210.3573074816584,,,U05,existing
P1_26_345,G1,C_aircraft,G1-C_aircraft-01,T003,0.0,1429.4261775174655,T001,1836.833511511034,U07,existing
P1_26_345,G1,C_aircraft,G1-C_aircraft-01,T001,3266.2596890284995,4827.685866545965,,,U07,existing
P1_26_345,G1,B_batteries,G1-B_batteries-01,T005,0.0,2343.7606215473797,,,B01,existing
P1_26_345,G1,C_batteries,G1-C_batteries-01,T003,0.0,2947.606630665684,T001,318.6530583628155,C01,existing
P1_26_345,G1,C_batteries,G1-C_batteries-01,T001,3266.2596890284995,6416.352542791451,,,C01,existing
P1_26_345,G2,B_aircraft,G2-B_aircraft-01,T013,2.631913957884535e-07,1958.0412717501863,T021,1698.645560680136,U06,existing
P1_26_345,G2,B_aircraft,G2-B_aircraft-01,T021,3656.6868324303223,5554.728103917317,T014_2,5.000099999999293,U06,existing
P1_26_345,G2,B_aircraft,G2-B_aircraft-01,T014_2,5559.728203917316,7425.499213465236,,,U06,existing
P1_26_345,G2,B_aircraft,G2-B_aircraft-02,T006,5112.4729743532125,6302.1032600896515,T022,3411.3902184389926,NEW-B_aircraft-01,procurement_required
P1_26_345,G2,B_aircraft,G2-B_aircraft-02,T022,9713.493478528644,11214.272215143501,,,NEW-B_aircraft-01,procurement_required
P1_26_345,G2,C_aircraft,G2-C_aircraft-01,T004,1434.4262775174655,3604.9947859277245,T019_2,1227.6911806182397,U08,existing
P1_26_345,G2,C_aircraft,G2-C_aircraft-01,T019_2,4832.685966545964,7071.870031513806,,,U08,existing
P1_26_345,G2,C_aircraft,G2-C_aircraft-02,T012,3609.9948859277265,5725.07652720618,,,NEW-C_aircraft-01,procurement_required
P1_26_345,G2,B_batteries,G2-B_batteries-01,T013,2.631913957884535e-07,3917.286899235777,T014_2,1642.441304681539,B02,existing
P1_26_345,G2,B_batteries,G2-B_batteries-01,T014_2,5559.728203917316,9106.026402123385,,,B02,existing
P1_26_345,G2,B_batteries,G2-B_batteries-02,T021,3656.6868324303223,7421.910255834926,T022,2291.583222693718,B03,existing
P1_26_345,G2,B_batteries,G2-B_batteries-02,T022,9713.493478528644,12750.274657105232,,,B03,existing
P1_26_345,G2,B_batteries,G2-B_batteries-03,T006,5112.4729743532125,7435.544137052532,,,B04,existing
P1_26_345,G2,C_batteries,G2-C_batteries-01,T004,1434.4262775174655,5752.089857916125,,,C02,existing
P1_26_345,G2,C_batteries,G2-C_batteries-02,T012,3609.9948859277265,8217.742244657848,,,C03,existing
P1_26_345,G2,C_batteries,G2-C_batteries-03,T019_2,4832.685966545964,9540.547812933855,,,C04,existing
P1_26_345,G2,relay_aircraft,G2-relay_aircraft-01,R003,5.186098884268291,7850.634235067152,R004,1733.0453420825716,R01,existing
P1_26_345,G2,relay_aircraft,G2-relay_aircraft-01,R004,9583.679577149724,11813.399509678484,,,R01,existing
P1_26_345,G2,relay_components,G2-relay_components-01,R003,5.186098884268291,8956.255878782365,R004,627.4236983673582,RE01,existing
P1_26_345,G2,relay_components,G2-relay_components-01,R004,9583.679577149724,12221.929892002603,,,RE01,existing
P1_26_345,G3,A_aircraft,G3-A_aircraft-01,T002_1,0.0,1652.4416357195464,T011,405.67373758309304,U01,existing
P1_26_345,G3,A_aircraft,G3-A_aircraft-01,T011,2058.1153733026395,4188.754462062222,T007,144.11096689424357,U01,existing
P1_26_345,G3,A_aircraft,G3-A_aircraft-01,T007,4332.865428956466,6940.9063260653875,T019_1,748.4755122280048,U01,existing
P1_26_345,G3,A_aircraft,G3-A_aircraft-01,T019_1,7689.381838293392,9325.139942961858,,,U01,existing
P1_26_345,G3,A_aircraft,G3-A_aircraft-02,T009,0.0,1316.0142144169886,T002_2,896.854901909097,U02,existing
P1_26_345,G3,A_aircraft,G3-A_aircraft-02,T002_2,2212.8691163260855,3815.461852306258,T016,542.4035766502066,U02,existing
P1_26_345,G3,A_aircraft,G3-A_aircraft-02,T016,4357.865428956465,6053.623533624929,T020,887.2828924404594,U02,existing
P1_26_345,G3,A_aircraft,G3-A_aircraft-02,T020,6940.906426065389,8911.116273042207,,,U02,existing
P1_26_345,G3,A_aircraft,G3-A_aircraft-03,T014_1,0.0,1695.7581046684645,T023,4357.865528956465,U03,existing
P1_26_345,G3,A_aircraft,G3-A_aircraft-03,T023,6053.623633624929,7689.381738293394,T017,80.07023122006649,U03,existing
P1_26_345,G3,A_aircraft,G3-A_aircraft-03,T017,7769.45196951346,10113.299044225432,,,U03,existing
P1_26_345,G3,B_aircraft,G3-B_aircraft-01,T015,2097.1153733026395,3651.686732430321,,,NEW-B_aircraft-02,procurement_required
P1_26_345,G3,B_aircraft,G3-B_aircraft-02,T008,2348.76072154738,4193.299611702947,,,NEW-B_aircraft-03,procurement_required
P1_26_345,G3,C_aircraft,G3-C_aircraft-01,T010_1,0.0,1823.224406150507,T010_2,5.000100000000202,NEW-C_aircraft-02,procurement_required
P1_26_345,G3,C_aircraft,G3-C_aircraft-01,T010_2,1828.2245061505073,3261.2595890284992,T018,2495.830368887626,NEW-C_aircraft-02,procurement_required
P1_26_345,G3,C_aircraft,G3-C_aircraft-01,T018,5757.089957916125,8192.899478773774,,,NEW-C_aircraft-02,procurement_required
P1_26_345,G3,A_batteries,G3-A_batteries-01,T002_1,0.0,2667.5322461730734,T007,1665.3331827833922,A01,existing
P1_26_345,G3,A_batteries,G3-A_batteries-01,T007,4332.865428956466,8394.169789148978,,,A01,existing
P1_26_345,G3,A_batteries,G3-A_batteries-02,T009,0.0,2207.8690163260853,T016,2149.9964126303794,A02,existing
P1_26_345,G3,A_batteries,G3-A_batteries-02,T016,4357.865428956465,7189.599845781131,T017,579.8521237323293,A02,existing
P1_26_345,G3,A_batteries,G3-A_batteries-02,T017,7769.45196951346,11476.863027475007,,,A02,existing
P1_26_345,G3,A_batteries,G3-A_batteries-03,T014_1,0.0,2810.952429148163,T023,3242.6712044767664,A03,existing
P1_26_345,G3,A_batteries,G3-A_batteries-03,T023,6053.623633624929,8794.320358969193,,,A03,existing
P1_26_345,G3,A_batteries,G3-A_batteries-04,T011,2058.1153733026395,5546.539457030654,T020,1394.3669690347342,A04,existing
P1_26_345,G3,A_batteries,G3-A_batteries-04,T020,6940.906426065389,10151.116923729283,,,A04,existing
P1_26_345,G3,A_batteries,G3-A_batteries-05,T002_2,2212.8691163260855,4879.929014022942,T019_1,2809.45282427045,A05,existing
P1_26_345,G3,A_batteries,G3-A_batteries-05,T019_1,7689.381838293392,10409.758236602142,,,A05,existing
P1_26_345,G3,B_batteries,G3-B_batteries-01,T015,2097.1153733026395,5107.472874353213,,,NEW-B_batteries-01,procurement_required
P1_26_345,G3,B_batteries,G3-B_batteries-02,T008,2348.76072154738,5781.961574782329,,,NEW-B_batteries-02,procurement_required
P1_26_345,G3,C_batteries,G3-C_batteries-01,T010_1,0.0,3563.4170832737245,T018,2193.6728746424005,NEW-C_batteries-01,procurement_required
P1_26_345,G3,C_batteries,G3-C_batteries-01,T018,5757.089957916125,10691.253758748288,,,NEW-C_batteries-01,procurement_required
P1_26_345,G3,C_batteries,G3-C_batteries-02,T010_2,1828.2245061505073,4709.032782226957,,,NEW-C_batteries-02,procurement_required
P1_26_345,G3,relay_aircraft,G3-relay_aircraft-01,R001,162.1373190294086,2129.297638856331,R002,2462.7051091295434,R02,existing
P1_26_345,G3,relay_aircraft,G3-relay_aircraft-01,R002,4592.0027479858745,9578.679477149724,,,R02,existing
P1_26_345,G3,relay_aircraft,G3-relay_aircraft-02,R005,2134.2977388563304,4587.002647985877,R006,3268.6316870812743,NEW-relay_aircraft-01,procurement_required
P1_26_345,G3,relay_aircraft,G3-relay_aircraft-02,R006,7855.634335067151,10510.693895951956,,,NEW-relay_aircraft-01,procurement_required
P1_26_345,G3,relay_components,G3-relay_components-01,R001,162.1373190294086,2493.9201725268517,R002,2098.082575459023,RE02,existing
P1_26_345,G3,relay_components,G3-relay_components-01,R002,4592.0027479858745,10318.120453993146,,,RE02,existing
P1_26_345,G3,relay_components,G3-relay_components-02,R005,2134.2977388563304,5015.591855407197,R006,2840.0424796599546,RE03,existing
P1_26_345,G3,relay_components,G3-relay_components-02,R006,7855.634335067151,10964.401779763033,,,RE03,existing
P1_2_3456,G1,B_aircraft,G1-B_aircraft-01,T005,0.0,1210.3573074816584,,,U05,existing
P1_2_3456,G1,C_aircraft,G1-C_aircraft-01,T003,0.0,1429.4261775174655,T001,1836.833511511034,U07,existing
P1_2_3456,G1,C_aircraft,G1-C_aircraft-01,T001,3266.2596890284995,4827.685866545965,,,U07,existing
P1_2_3456,G1,B_batteries,G1-B_batteries-01,T005,0.0,2343.7606215473797,,,B01,existing
P1_2_3456,G1,C_batteries,G1-C_batteries-01,T003,0.0,2947.606630665684,T001,318.6530583628155,C01,existing
P1_2_3456,G1,C_batteries,G1-C_batteries-01,T001,3266.2596890284995,6416.352542791451,,,C01,existing
P1_2_3456,G2,B_aircraft,G2-B_aircraft-01,T013,2.631913957884535e-07,1958.0412717501863,T021,1698.645560680136,U06,existing
P1_2_3456,G2,B_aircraft,G2-B_aircraft-01,T021,3656.6868324303223,5554.728103917317,T014_2,5.000099999999293,U06,existing
P1_2_3456,G2,B_aircraft,G2-B_aircraft-01,T014_2,5559.728203917316,7425.499213465236,T022,2287.9942650634084,U06,existing
P1_2_3456,G2,B_aircraft,G2-B_aircraft-01,T022,9713.493478528644,11214.272215143501,,,U06,existing
P1_2_3456,G2,C_aircraft,G2-C_aircraft-01,T004,1434.4262775174655,3604.9947859277245,T019_2,1227.6911806182397,U08,existing
P1_2_3456,G2,C_aircraft,G2-C_aircraft-01,T019_2,4832.685966545964,7071.870031513806,,,U08,existing
P1_2_3456,G2,C_aircraft,G2-C_aircraft-02,T012,3609.9948859277265,5725.07652720618,,,NEW-C_aircraft-01,procurement_required
P1_2_3456,G2,B_batteries,G2-B_batteries-01,T013,2.631913957884535e-07,3917.286899235777,T014_2,1642.441304681539,B02,existing
P1_2_3456,G2,B_batteries,G2-B_batteries-01,T014_2,5559.728203917316,9106.026402123385,,,B02,existing
P1_2_3456,G2,B_batteries,G2-B_batteries-02,T021,3656.6868324303223,7421.910255834926,T022,2291.583222693718,B03,existing
P1_2_3456,G2,B_batteries,G2-B_batteries-02,T022,9713.493478528644,12750.274657105232,,,B03,existing
P1_2_3456,G2,C_batteries,G2-C_batteries-01,T004,1434.4262775174655,5752.089857916125,,,C02,existing
P1_2_3456,G2,C_batteries,G2-C_batteries-02,T012,3609.9948859277265,8217.742244657848,,,C03,existing
P1_2_3456,G2,C_batteries,G2-C_batteries-03,T019_2,4832.685966545964,9540.547812933855,,,C04,existing
P1_2_3456,G2,relay_aircraft,G2-relay_aircraft-01,R003,5.186098884268291,7850.634235067152,R004,1733.0453420825716,R01,existing
P1_2_3456,G2,relay_aircraft,G2-relay_aircraft-01,R004,9583.679577149724,11813.399509678484,,,R01,existing
P1_2_3456,G2,relay_components,G2-relay_components-01,R003,5.186098884268291,8956.255878782365,R004,627.4236983673582,RE01,existing
P1_2_3456,G2,relay_components,G2-relay_components-01,R004,9583.679577149724,12221.929892002603,,,RE01,existing
P1_2_3456,G3,A_aircraft,G3-A_aircraft-01,T002_1,0.0,1652.4416357195464,T011,405.67373758309304,U01,existing
P1_2_3456,G3,A_aircraft,G3-A_aircraft-01,T011,2058.1153733026395,4188.754462062222,T007,144.11096689424357,U01,existing
P1_2_3456,G3,A_aircraft,G3-A_aircraft-01,T007,4332.865428956466,6940.9063260653875,T019_1,748.4755122280048,U01,existing
P1_2_3456,G3,A_aircraft,G3-A_aircraft-01,T019_1,7689.381838293392,9325.139942961858,,,U01,existing
P1_2_3456,G3,A_aircraft,G3-A_aircraft-02,T009,0.0,1316.0142144169886,T002_2,896.854901909097,U02,existing
P1_2_3456,G3,A_aircraft,G3-A_aircraft-02,T002_2,2212.8691163260855,3815.461852306258,T016,542.4035766502066,U02,existing
P1_2_3456,G3,A_aircraft,G3-A_aircraft-02,T016,4357.865428956465,6053.623533624929,T020,887.2828924404594,U02,existing
P1_2_3456,G3,A_aircraft,G3-A_aircraft-02,T020,6940.906426065389,8911.116273042207,,,U02,existing
P1_2_3456,G3,A_aircraft,G3-A_aircraft-03,T014_1,0.0,1695.7581046684645,T023,4357.865528956465,U03,existing
P1_2_3456,G3,A_aircraft,G3-A_aircraft-03,T023,6053.623633624929,7689.381738293394,T017,80.07023122006649,U03,existing
P1_2_3456,G3,A_aircraft,G3-A_aircraft-03,T017,7769.45196951346,10113.299044225432,,,U03,existing
P1_2_3456,G3,B_aircraft,G3-B_aircraft-01,T015,2097.1153733026395,3651.686732430321,T006,1460.7862419228913,NEW-B_aircraft-01,procurement_required
P1_2_3456,G3,B_aircraft,G3-B_aircraft-01,T006,5112.4729743532125,6302.1032600896515,,,NEW-B_aircraft-01,procurement_required
P1_2_3456,G3,B_aircraft,G3-B_aircraft-02,T008,2348.76072154738,4193.299611702947,,,NEW-B_aircraft-02,procurement_required
P1_2_3456,G3,C_aircraft,G3-C_aircraft-01,T010_1,0.0,1823.224406150507,T010_2,5.000100000000202,NEW-C_aircraft-02,procurement_required
P1_2_3456,G3,C_aircraft,G3-C_aircraft-01,T010_2,1828.2245061505073,3261.2595890284992,T018,2495.830368887626,NEW-C_aircraft-02,procurement_required
P1_2_3456,G3,C_aircraft,G3-C_aircraft-01,T018,5757.089957916125,8192.899478773774,,,NEW-C_aircraft-02,procurement_required
P1_2_3456,G3,A_batteries,G3-A_batteries-01,T002_1,0.0,2667.5322461730734,T007,1665.3331827833922,A01,existing
P1_2_3456,G3,A_batteries,G3-A_batteries-01,T007,4332.865428956466,8394.169789148978,,,A01,existing
P1_2_3456,G3,A_batteries,G3-A_batteries-02,T009,0.0,2207.8690163260853,T016,2149.9964126303794,A02,existing
P1_2_3456,G3,A_batteries,G3-A_batteries-02,T016,4357.865428956465,7189.599845781131,T017,579.8521237323293,A02,existing
P1_2_3456,G3,A_batteries,G3-A_batteries-02,T017,7769.45196951346,11476.863027475007,,,A02,existing
P1_2_3456,G3,A_batteries,G3-A_batteries-03,T014_1,0.0,2810.952429148163,T023,3242.6712044767664,A03,existing
P1_2_3456,G3,A_batteries,G3-A_batteries-03,T023,6053.623633624929,8794.320358969193,,,A03,existing
P1_2_3456,G3,A_batteries,G3-A_batteries-04,T011,2058.1153733026395,5546.539457030654,T020,1394.3669690347342,A04,existing
P1_2_3456,G3,A_batteries,G3-A_batteries-04,T020,6940.906426065389,10151.116923729283,,,A04,existing
P1_2_3456,G3,A_batteries,G3-A_batteries-05,T002_2,2212.8691163260855,4879.929014022942,T019_1,2809.45282427045,A05,existing
P1_2_3456,G3,A_batteries,G3-A_batteries-05,T019_1,7689.381838293392,10409.758236602142,,,A05,existing
P1_2_3456,G3,B_batteries,G3-B_batteries-01,T015,2097.1153733026395,5107.472874353213,T006,5.000099999999293,B04,existing
P1_2_3456,G3,B_batteries,G3-B_batteries-01,T006,5112.4729743532125,7435.544137052532,,,B04,existing
P1_2_3456,G3,B_batteries,G3-B_batteries-02,T008,2348.76072154738,5781.961574782329,,,NEW-B_batteries-01,procurement_required
P1_2_3456,G3,C_batteries,G3-C_batteries-01,T010_1,0.0,3563.4170832737245,T018,2193.6728746424005,NEW-C_batteries-01,procurement_required
P1_2_3456,G3,C_batteries,G3-C_batteries-01,T018,5757.089957916125,10691.253758748288,,,NEW-C_batteries-01,procurement_required
P1_2_3456,G3,C_batteries,G3-C_batteries-02,T010_2,1828.2245061505073,4709.032782226957,,,NEW-C_batteries-02,procurement_required
P1_2_3456,G3,relay_aircraft,G3-relay_aircraft-01,R001,162.1373190294086,2129.297638856331,R002,2462.7051091295434,R02,existing
P1_2_3456,G3,relay_aircraft,G3-relay_aircraft-01,R002,4592.0027479858745,9578.679477149724,,,R02,existing
P1_2_3456,G3,relay_aircraft,G3-relay_aircraft-02,R005,2134.2977388563304,4587.002647985877,R006,3268.6316870812743,NEW-relay_aircraft-01,procurement_required
P1_2_3456,G3,relay_aircraft,G3-relay_aircraft-02,R006,7855.634335067151,10510.693895951956,,,NEW-relay_aircraft-01,procurement_required
P1_2_3456,G3,relay_components,G3-relay_components-01,R001,162.1373190294086,2493.9201725268517,R002,2098.082575459023,RE02,existing
P1_2_3456,G3,relay_components,G3-relay_components-01,R002,4592.0027479858745,10318.120453993146,,,RE02,existing
P1_2_3456,G3,relay_components,G3-relay_components-02,R005,2134.2977388563304,5015.591855407197,R006,2840.0424796599546,RE03,existing
P1_2_3456,G3,relay_components,G3-relay_components-02,R006,7855.634335067151,10964.401779763033,,,RE03,existing
