partition,group,resource_type,resource_id,task,start,release,next_task,handoff_slack_seconds,physical_id,inventory_status
P12345_6,G1,A_aircraft,G1-A_aircraft-01,T005,0.0,1312.470877312685,T014_1,2691.6583742346756,U01,existing
P12345_6,G1,A_aircraft,G1-A_aircraft-01,T014_1,4004.1292515473606,5699.887356215825,,,U01,existing
P12345_6,G1,A_aircraft,G1-A_aircraft-02,T007_HARD,0.0,1712.4416357195464,T020,2209.6876158278146,U02,existing
P12345_6,G1,A_aircraft,G1-A_aircraft-02,T020,3922.129251547361,5892.33909852418,,,U02,existing
P12345_6,G1,A_aircraft,G1-A_aircraft-03,T007_SOFT,0.0,1712.4416357195464,T022,321.67000451571107,U03,existing
P12345_6,G1,A_aircraft,G1-A_aircraft-03,T022,2034.1116402352575,3725.6461264742065,T007,176.48312507315586,U03,existing
P12345_6,G1,A_aircraft,G1-A_aircraft-03,T007,3902.1292515473624,6510.170148656284,,,U03,existing
P12345_6,G1,A_aircraft,G1-A_aircraft-04,T009,0.0,1316.0142144169886,T004,688.0974258182687,U04,existing
P12345_6,G1,A_aircraft,G1-A_aircraft-04,T004,2004.1116402352573,4285.571599071649,T016,5.000100000000202,U04,existing
P12345_6,G1,A_aircraft,G1-A_aircraft-04,T016,4290.571699071649,5986.329803740114,,,U04,existing
P12345_6,G1,B_aircraft,G1-B_aircraft-01,T002_2,0.0,1500.9693925601796,T015,5.0000999999997475,U05,existing
P12345_6,G1,B_aircraft,G1-B_aircraft-01,T015,1505.9694925601793,3060.540851687861,T013,5.000100000000202,U05,existing
P12345_6,G1,B_aircraft,G1-B_aircraft-01,T013,3065.5409516878613,5023.582223174855,T019_1,5.000100000001112,U05,existing
P12345_6,G1,B_aircraft,G1-B_aircraft-01,T019_1,5028.582323174856,6547.606667586711,,,U05,existing
P12345_6,G1,B_aircraft,G1-B_aircraft-02,T011,0.0,1944.0244440219892,T008,5.000100000000202,U06,existing
P12345_6,G1,B_aircraft,G1-B_aircraft-02,T008,1949.0245440219894,3793.5634341775567,T021,19.56798758955574,U06,existing
P12345_6,G1,B_aircraft,G1-B_aircraft-02,T021,3813.1314217671124,5711.172693254107,,,U06,existing
P12345_6,G1,C_aircraft,G1-C_aircraft-01,T001,0.0,1561.4261775174655,T012,392.68546271779155,U07,existing
P12345_6,G1,C_aircraft,G1-C_aircraft-01,T012,1954.111640235257,4069.1932815137097,T018,5.000100000000202,U07,existing
P12345_6,G1,C_aircraft,G1-C_aircraft-01,T018,4074.19338151371,6761.824258884327,,,U07,existing
P12345_6,G1,C_aircraft,G1-C_aircraft-02,T003,0.0,1429.4261775174655,T010_2,5.000099999999975,U08,existing
P12345_6,G1,C_aircraft,G1-C_aircraft-02,T010_2,1434.4262775174655,2867.4613603954576,T014_2,85.14537027022652,U08,existing
P12345_6,G1,C_aircraft,G1-C_aircraft-02,T014_2,2952.606730665684,5257.790795633526,,,U08,existing
P12345_6,G1,A_batteries,G1-A_batteries-01,T005,0.0,2178.7887122874713,T020,1743.3405392598897,A01,existing
P12345_6,G1,A_batteries,G1-A_batteries-01,T020,3922.129251547361,7132.339749211256,,,A01,existing
P12345_6,G1,A_batteries,G1-A_batteries-02,T007_HARD,0.0,2761.062337358848,T014_1,1243.0669141885128,A02,existing
P12345_6,G1,A_batteries,G1-A_batteries-02,T014_1,4004.1292515473606,6815.081680695524,,,A02,existing
P12345_6,G1,A_batteries,G1-A_batteries-03,T007_SOFT,0.0,2779.9496716386757,T016,1510.6220274329735,A03,existing
P12345_6,G1,A_batteries,G1-A_batteries-03,T016,4290.571699071649,7122.3061158963155,,,A03,existing
P12345_6,G1,A_batteries,G1-A_batteries-04,T009,0.0,2194.736329391266,T007,1707.3929221560966,A04,existing
P12345_6,G1,A_batteries,G1-A_batteries-04,T007,3902.1292515473624,7963.433611739875,,,A04,existing
P12345_6,G1,A_batteries,G1-A_batteries-05,T004,2004.1116402352573,5653.515220850031,,,A05,existing
P12345_6,G1,A_batteries,G1-A_batteries-06,T022,2034.1116402352575,4901.140633153662,,,A06,existing
P12345_6,G1,B_batteries,G1-B_batteries-01,T002_2,0.0,2956.647180248775,T013,108.89377143908632,B01,existing
P12345_6,G1,B_batteries,G1-B_batteries-01,T013,3065.5409516878613,6982.827850660446,,,B01,existing
P12345_6,G1,B_batteries,G1-B_batteries-02,T011,0.0,3808.1313217671122,T021,5.000100000000202,B02,existing
P12345_6,G1,B_batteries,G1-B_batteries-02,T021,3813.1314217671124,7578.354845171716,,,B02,existing
P12345_6,G1,B_batteries,G1-B_batteries-03,T015,1505.9694925601793,4516.326993610754,T019_1,512.2553295641028,B03,existing
P12345_6,G1,B_batteries,G1-B_batteries-03,T019_1,5028.582323174856,8012.288751525202,,,B03,existing
P12345_6,G1,B_batteries,G1-B_batteries-04,T008,1949.0245440219894,5382.225397256939,,,B04,existing
P12345_6,G1,C_batteries,G1-C_batteries-01,T001,0.0,3150.0928537629516,T018,924.1005277507584,C01,existing
P12345_6,G1,C_batteries,G1-C_batteries-01,T018,4074.19338151371,9324.985225954879,,,C01,existing
P12345_6,G1,C_batteries,G1-C_batteries-02,T003,0.0,2947.606630665684,T014_2,5.000100000000202,C02,existing
P12345_6,G1,C_batteries,G1-C_batteries-02,T014_2,2952.606730665684,7764.037455028012,,,C02,existing
P12345_6,G1,C_batteries,G1-C_batteries-03,T010_2,1434.4262775174655,4330.702121185847,,,C03,existing
P12345_6,G1,C_batteries,G1-C_batteries-04,T012,1954.111640235257,6561.858998965378,,,C04,existing
P12345_6,G1,relay_aircraft,G1-relay_aircraft-01,R004,96.18236555369127,4137.266470460487,R002,5.000100116283647,R01,existing
P12345_6,G1,relay_aircraft,G1-relay_aircraft-01,R002,4142.26657057677,7037.879962031191,,,R01,existing
P12345_6,G1,relay_aircraft,G1-relay_aircraft-02,R001,190.13731902940862,1999.297638856333,R003,5.000100000000884,R02,existing
P12345_6,G1,relay_aircraft,G1-relay_aircraft-02,R003,2004.2977388563338,6244.037452916951,,,R02,existing
P12345_6,G1,relay_components,G1-relay_components-01,R004,96.18236555369127,4763.024275968738,,,RE01,existing
P12345_6,G1,relay_components,G1-relay_components-02,R001,190.13731902940862,2344.3073253046314,R002,1797.959245272139,RE02,existing
P12345_6,G1,relay_components,G1-relay_components-02,R002,4142.26657057677,7517.75318080825,,,RE02,existing
P12345_6,G1,relay_components,G1-relay_components-03,R003,2004.2977388563338,6902.075499094418,,,RE03,existing
P12345_6,G2,C_aircraft,G2-C_aircraft-01,T006,5262.790895633526,6542.241766493663,,,NEW-C_aircraft-01,procurement_required
P12345_6,G2,C_batteries,G2-C_batteries-01,T006,5262.790895633526,7891.7506752339295,,,NEW-C_batteries-01,procurement_required
P12346_5,G1,A_aircraft,G1-A_aircraft-01,T005,0.0,1312.470877312685,T014_1,2691.6583742346756,U01,existing
P12346_5,G1,A_aircraft,G1-A_aircraft-01,T014_1,4004.1292515473606,5699.887356215825,,,U01,existing
P12346_5,G1,A_aircraft,G1-A_aircraft-02,T007_HARD,0.0,1712.4416357195464,T020,2209.6876158278146,U02,existing
P12346_5,G1,A_aircraft,G1-A_aircraft-02,T020,3922.129251547361,5892.33909852418,,,U02,existing
P12346_5,G1,A_aircraft,G1-A_aircraft-03,T007_SOFT,0.0,1712.4416357195464,T022,321.67000451571107,U03,existing
P12346_5,G1,A_aircraft,G1-A_aircraft-03,T022,2034.1116402352575,3725.6461264742065,T007,176.48312507315586,U03,existing
P12346_5,G1,A_aircraft,G1-A_aircraft-03,T007,3902.1292515473624,6510.170148656284,,,U03,existing
P12346_5,G1,A_aircraft,G1-A_aircraft-04,T009,0.0,1316.0142144169886,T004,688.0974258182687,U04,existing
P12346_5,G1,A_aircraft,G1-A_aircraft-04,T004,2004.1116402352573,4285.571599071649,T016,5.000100000000202,U04,existing
P12346_5,G1,A_aircraft,G1-A_aircraft-04,T016,4290.571699071649,5986.329803740114,,,U04,existing
P12346_5,G1,B_aircraft,G1-B_aircraft-01,T013,3065.5409516878613,5023.582223174855,T019_1,5.000100000001112,U05,existing
P12346_5,G1,B_aircraft,G1-B_aircraft-01,T019_1,5028.582323174856,6547.606667586711,,,U05,existing
P12346_5,G1,B_aircraft,G1-B_aircraft-02,T021,3813.1314217671124,5711.172693254107,,,U06,existing
P12346_5,G1,C_aircraft,G1-C_aircraft-01,T001,0.0,1561.4261775174655,T012,392.68546271779155,U07,existing
P12346_5,G1,C_aircraft,G1-C_aircraft-01,T012,1954.111640235257,4069.1932815137097,T018,5.000100000000202,U07,existing
P12346_5,G1,C_aircraft,G1-C_aircraft-01,T018,4074.19338151371,6761.824258884327,,,U07,existing
P12346_5,G1,C_aircraft,G1-C_aircraft-02,T003,0.0,1429.4261775174655,T010_2,5.000099999999975,U08,existing
P12346_5,G1,C_aircraft,G1-C_aircraft-02,T010_2,1434.4262775174655,2867.4613603954576,T014_2,85.14537027022652,U08,existing
P12346_5,G1,C_aircraft,G1-C_aircraft-02,T014_2,2952.606730665684,5257.790795633526,T006,5.000100000000202,U08,existing
P12346_5,G1,C_aircraft,G1-C_aircraft-02,T006,5262.790895633526,6542.241766493663,,,U08,existing
P12346_5,G1,A_batteries,G1-A_batteries-01,T005,0.0,2178.7887122874713,T020,1743.3405392598897,A01,existing
P12346_5,G1,A_batteries,G1-A_batteries-01,T020,3922.129251547361,7132.339749211256,,,A01,existing
P12346_5,G1,A_batteries,G1-A_batteries-02,T007_HARD,0.0,2761.062337358848,T014_1,1243.0669141885128,A02,existing
P12346_5,G1,A_batteries,G1-A_batteries-02,T014_1,4004.1292515473606,6815.081680695524,,,A02,existing
P12346_5,G1,A_batteries,G1-A_batteries-03,T007_SOFT,0.0,2779.9496716386757,T016,1510.6220274329735,A03,existing
P12346_5,G1,A_batteries,G1-A_batteries-03,T016,4290.571699071649,7122.3061158963155,,,A03,existing
P12346_5,G1,A_batteries,G1-A_batteries-04,T009,0.0,2194.736329391266,T007,1707.3929221560966,A04,existing
P12346_5,G1,A_batteries,G1-A_batteries-04,T007,3902.1292515473624,7963.433611739875,,,A04,existing
P12346_5,G1,A_batteries,G1-A_batteries-05,T004,2004.1116402352573,5653.515220850031,,,A05,existing
P12346_5,G1,A_batteries,G1-A_batteries-06,T022,2034.1116402352575,4901.140633153662,,,A06,existing
P12346_5,G1,B_batteries,G1-B_batteries-01,T013,3065.5409516878613,6982.827850660446,,,B01,existing
P12346_5,G1,B_batteries,G1-B_batteries-02,T021,3813.1314217671124,7578.354845171716,,,B02,existing
P12346_5,G1,B_batteries,G1-B_batteries-03,T019_1,5028.582323174856,8012.288751525202,,,B03,existing
P12346_5,G1,C_batteries,G1-C_batteries-01,T001,0.0,3150.0928537629516,T018,924.1005277507584,C01,existing
P12346_5,G1,C_batteries,G1-C_batteries-01,T018,4074.19338151371,9324.985225954879,,,C01,existing
P12346_5,G1,C_batteries,G1-C_batteries-02,T003,0.0,2947.606630665684,T014_2,5.000100000000202,C02,existing
P12346_5,G1,C_batteries,G1-C_batteries-02,T014_2,2952.606730665684,7764.037455028012,,,C02,existing
P12346_5,G1,C_batteries,G1-C_batteries-03,T010_2,1434.4262775174655,4330.702121185847,T006,932.0887744476786,C03,existing
P12346_5,G1,C_batteries,G1-C_batteries-03,T006,5262.790895633526,7891.7506752339295,,,C03,existing
P12346_5,G1,C_batteries,G1-C_batteries-04,T012,1954.111640235257,6561.858998965378,,,C04,existing
P12346_5,G1,relay_aircraft,G1-relay_aircraft-01,R001,190.13731902940862,1999.297638856333,R002,2142.9689317204375,R01,existing
P12346_5,G1,relay_aircraft,G1-relay_aircraft-01,R002,4142.26657057677,7037.879962031191,,,R01,existing
P12346_5,G1,relay_aircraft,G1-relay_aircraft-02,R003,2004.2977388563338,6244.037452916951,,,R02,existing
P12346_5,G1,relay_components,G1-relay_components-01,R001,190.13731902940862,2344.3073253046314,R002,1797.959245272139,RE01,existing
P12346_5,G1,relay_components,G1-relay_components-01,R002,4142.26657057677,7517.75318080825,,,RE01,existing
P12346_5,G1,relay_components,G1-relay_components-02,R003,2004.2977388563338,6902.075499094418,,,RE02,existing
P12346_5,G2,B_aircraft,G2-B_aircraft-01,T002_2,0.0,1500.9693925601796,T015,5.0000999999997475,NEW-B_aircraft-01,procurement_required
P12346_5,G2,B_aircraft,G2-B_aircraft-01,T015,1505.9694925601793,3060.540851687861,,,NEW-B_aircraft-01,procurement_required
P12346_5,G2,B_aircraft,G2-B_aircraft-02,T011,0.0,1944.0244440219892,T008,5.000100000000202,NEW-B_aircraft-02,procurement_required
P12346_5,G2,B_aircraft,G2-B_aircraft-02,T008,1949.0245440219894,3793.5634341775567,,,NEW-B_aircraft-02,procurement_required
P12346_5,G2,B_batteries,G2-B_batteries-01,T002_2,0.0,2956.647180248775,,,B04,existing
P12346_5,G2,B_batteries,G2-B_batteries-02,T011,0.0,3808.1313217671122,,,NEW-B_batteries-01,procurement_required
P12346_5,G2,B_batteries,G2-B_batteries-03,T015,1505.9694925601793,4516.326993610754,,,NEW-B_batteries-02,procurement_required
P12346_5,G2,B_batteries,G2-B_batteries-04,T008,1949.0245440219894,5382.225397256939,,,NEW-B_batteries-03,procurement_required
P12346_5,G2,relay_aircraft,G2-relay_aircraft-01,R004,96.18236555369127,4137.266470460487,,,NEW-relay_aircraft-01,procurement_required
P12346_5,G2,relay_components,G2-relay_components-01,R004,96.18236555369127,4763.024275968738,,,RE03,existing
P1234_56,G1,A_aircraft,G1-A_aircraft-01,T005,0.0,1312.470877312685,T014_1,2691.6583742346756,U01,existing
P1234_56,G1,A_aircraft,G1-A_aircraft-01,T014_1,4004.1292515473606,5699.887356215825,,,U01,existing
P1234_56,G1,A_aircraft,G1-A_aircraft-02,T007_HARD,0.0,1712.4416357195464,T020,2209.6876158278146,U02,existing
P1234_56,G1,A_aircraft,G1-A_aircraft-02,T020,3922.129251547361,5892.33909852418,,,U02,existing
P1234_56,G1,A_aircraft,G1-A_aircraft-03,T007_SOFT,0.0,1712.4416357195464,T022,321.67000451571107,U03,existing
P1234_56,G1,A_aircraft,G1-A_aircraft-03,T022,2034.1116402352575,3725.6461264742065,T007,176.48312507315586,U03,existing
P1234_56,G1,A_aircraft,G1-A_aircraft-03,T007,3902.1292515473624,6510.170148656284,,,U03,existing
P1234_56,G1,A_aircraft,G1-A_aircraft-04,T009,0.0,1316.0142144169886,T004,688.0974258182687,U04,existing
P1234_56,G1,A_aircraft,G1-A_aircraft-04,T004,2004.1116402352573,4285.571599071649,T016,5.000100000000202,U04,existing
P1234_56,G1,A_aircraft,G1-A_aircraft-04,T016,4290.571699071649,5986.329803740114,,,U04,existing
P1234_56,G1,B_aircraft,G1-B_aircraft-01,T013,3065.5409516878613,5023.582223174855,T019_1,5.000100000001112,U05,existing
P1234_56,G1,B_aircraft,G1-B_aircraft-01,T019_1,5028.582323174856,6547.606667586711,,,U05,existing
P1234_56,G1,B_aircraft,G1-B_aircraft-02,T021,3813.1314217671124,5711.172693254107,,,U06,existing
P1234_56,G1,C_aircraft,G1-C_aircraft-01,T001,0.0,1561.4261775174655,T012,392.68546271779155,U07,existing
P1234_56,G1,C_aircraft,G1-C_aircraft-01,T012,1954.111640235257,4069.1932815137097,T018,5.000100000000202,U07,existing
P1234_56,G1,C_aircraft,G1-C_aircraft-01,T018,4074.19338151371,6761.824258884327,,,U07,existing
P1234_56,G1,C_aircraft,G1-C_aircraft-02,T003,0.0,1429.4261775174655,T010_2,5.000099999999975,U08,existing
P1234_56,G1,C_aircraft,G1-C_aircraft-02,T010_2,1434.4262775174655,2867.4613603954576,T014_2,85.14537027022652,U08,existing
P1234_56,G1,C_aircraft,G1-C_aircraft-02,T014_2,2952.606730665684,5257.790795633526,,,U08,existing
P1234_56,G1,A_batteries,G1-A_batteries-01,T005,0.0,2178.7887122874713,T020,1743.3405392598897,A01,existing
P1234_56,G1,A_batteries,G1-A_batteries-01,T020,3922.129251547361,7132.339749211256,,,A01,existing
P1234_56,G1,A_batteries,G1-A_batteries-02,T007_HARD,0.0,2761.062337358848,T014_1,1243.0669141885128,A02,existing
P1234_56,G1,A_batteries,G1-A_batteries-02,T014_1,4004.1292515473606,6815.081680695524,,,A02,existing
P1234_56,G1,A_batteries,G1-A_batteries-03,T007_SOFT,0.0,2779.9496716386757,T016,1510.6220274329735,A03,existing
P1234_56,G1,A_batteries,G1-A_batteries-03,T016,4290.571699071649,7122.3061158963155,,,A03,existing
P1234_56,G1,A_batteries,G1-A_batteries-04,T009,0.0,2194.736329391266,T007,1707.3929221560966,A04,existing
P1234_56,G1,A_batteries,G1-A_batteries-04,T007,3902.1292515473624,7963.433611739875,,,A04,existing
P1234_56,G1,A_batteries,G1-A_batteries-05,T004,2004.1116402352573,5653.515220850031,,,A05,existing
P1234_56,G1,A_batteries,G1-A_batteries-06,T022,2034.1116402352575,4901.140633153662,,,A06,existing
P1234_56,G1,B_batteries,G1-B_batteries-01,T013,3065.5409516878613,6982.827850660446,,,B01,existing
P1234_56,G1,B_batteries,G1-B_batteries-02,T021,3813.1314217671124,7578.354845171716,,,B02,existing
P1234_56,G1,B_batteries,G1-B_batteries-03,T019_1,5028.582323174856,8012.288751525202,,,B03,existing
P1234_56,G1,C_batteries,G1-C_batteries-01,T001,0.0,3150.0928537629516,T018,924.1005277507584,C01,existing
P1234_56,G1,C_batteries,G1-C_batteries-01,T018,4074.19338151371,9324.985225954879,,,C01,existing
P1234_56,G1,C_batteries,G1-C_batteries-02,T003,0.0,2947.606630665684,T014_2,5.000100000000202,C02,existing
P1234_56,G1,C_batteries,G1-C_batteries-02,T014_2,2952.606730665684,7764.037455028012,,,C02,existing
P1234_56,G1,C_batteries,G1-C_batteries-03,T010_2,1434.4262775174655,4330.702121185847,,,C03,existing
P1234_56,G1,C_batteries,G1-C_batteries-04,T012,1954.111640235257,6561.858998965378,,,C04,existing
P1234_56,G1,relay_aircraft,G1-relay_aircraft-01,R001,190.13731902940862,1999.297638856333,R002,2142.9689317204375,R01,existing
P1234_56,G1,relay_aircraft,G1-relay_aircraft-01,R002,4142.26657057677,7037.879962031191,,,R01,existing
P1234_56,G1,relay_aircraft,G1-relay_aircraft-02,R003,2004.2977388563338,6244.037452916951,,,R02,existing
P1234_56,G1,relay_components,G1-relay_components-01,R001,190.13731902940862,2344.3073253046314,R002,1797.959245272139,RE01,existing
P1234_56,G1,relay_components,G1-relay_components-01,R002,4142.26657057677,7517.75318080825,,,RE01,existing
P1234_56,G1,relay_components,G1-relay_components-02,R003,2004.2977388563338,6902.075499094418,,,RE02,existing
P1234_56,G2,B_aircraft,G2-B_aircraft-01,T002_2,0.0,1500.9693925601796,T015,5.0000999999997475,NEW-B_aircraft-01,procurement_required
P1234_56,G2,B_aircraft,G2-B_aircraft-01,T015,1505.9694925601793,3060.540851687861,,,NEW-B_aircraft-01,procurement_required
P1234_56,G2,B_aircraft,G2-B_aircraft-02,T011,0.0,1944.0244440219892,T008,5.000100000000202,NEW-B_aircraft-02,procurement_required
P1234_56,G2,B_aircraft,G2-B_aircraft-02,T008,1949.0245440219894,3793.5634341775567,,,NEW-B_aircraft-02,procurement_required
P1234_56,G2,C_aircraft,G2-C_aircraft-01,T006,5262.790895633526,6542.241766493663,,,NEW-C_aircraft-01,procurement_required
P1234_56,G2,B_batteries,G2-B_batteries-01,T002_2,0.0,2956.647180248775,,,B04,existing
P1234_56,G2,B_batteries,G2-B_batteries-02,T011,0.0,3808.1313217671122,,,NEW-B_batteries-01,procurement_required
P1234_56,G2,B_batteries,G2-B_batteries-03,T015,1505.9694925601793,4516.326993610754,,,NEW-B_batteries-02,procurement_required
P1234_56,G2,B_batteries,G2-B_batteries-04,T008,1949.0245440219894,5382.225397256939,,,NEW-B_batteries-03,procurement_required
P1234_56,G2,C_batteries,G2-C_batteries-01,T006,5262.790895633526,7891.7506752339295,,,NEW-C_batteries-01,procurement_required
P1234_56,G2,relay_aircraft,G2-relay_aircraft-01,R004,96.18236555369127,4137.266470460487,,,NEW-relay_aircraft-01,procurement_required
P1234_56,G2,relay_components,G2-relay_components-01,R004,96.18236555369127,4763.024275968738,,,RE03,existing
P12356_4,G1,A_aircraft,G1-A_aircraft-01,T005,0.0,1312.470877312685,T004,691.6407629225723,U01,existing
P12356_4,G1,A_aircraft,G1-A_aircraft-01,T004,2004.1116402352573,4285.571599071649,T016,5.000100000000202,U01,existing
P12356_4,G1,A_aircraft,G1-A_aircraft-01,T016,4290.571699071649,5986.329803740114,,,U01,existing
P12356_4,G1,A_aircraft,G1-A_aircraft-02,T007_HARD,0.0,1712.4416357195464,T020,2209.6876158278146,U02,existing
P12356_4,G1,A_aircraft,G1-A_aircraft-02,T020,3922.129251547361,5892.33909852418,,,U02,existing
P12356_4,G1,A_aircraft,G1-A_aircraft-03,T007_SOFT,0.0,1712.4416357195464,T022,321.67000451571107,U03,existing
P12356_4,G1,A_aircraft,G1-A_aircraft-03,T022,2034.1116402352575,3725.6461264742065,T007,176.48312507315586,U03,existing
P12356_4,G1,A_aircraft,G1-A_aircraft-03,T007,3902.1292515473624,6510.170148656284,,,U03,existing
P12356_4,G1,A_aircraft,G1-A_aircraft-04,T014_1,4004.1292515473606,5699.887356215825,,,U04,existing
P12356_4,G1,B_aircraft,G1-B_aircraft-01,T002_2,0.0,1500.9693925601796,T015,5.0000999999997475,U05,existing
P12356_4,G1,B_aircraft,G1-B_aircraft-01,T015,1505.9694925601793,3060.540851687861,T013,5.000100000000202,U05,existing
P12356_4,G1,B_aircraft,G1-B_aircraft-01,T013,3065.5409516878613,5023.582223174855,T019_1,5.000100000001112,U05,existing
P12356_4,G1,B_aircraft,G1-B_aircraft-01,T019_1,5028.582323174856,6547.606667586711,,,U05,existing
P12356_4,G1,B_aircraft,G1-B_aircraft-02,T011,0.0,1944.0244440219892,T008,5.000100000000202,U06,existing
P12356_4,G1,B_aircraft,G1-B_aircraft-02,T008,1949.0245440219894,3793.5634341775567,T021,19.56798758955574,U06,existing
P12356_4,G1,B_aircraft,G1-B_aircraft-02,T021,3813.1314217671124,5711.172693254107,,,U06,existing
P12356_4,G1,C_aircraft,G1-C_aircraft-01,T001,0.0,1561.4261775174655,T012,392.68546271779155,U07,existing
P12356_4,G1,C_aircraft,G1-C_aircraft-01,T012,1954.111640235257,4069.1932815137097,T018,5.000100000000202,U07,existing
P12356_4,G1,C_aircraft,G1-C_aircraft-01,T018,4074.19338151371,6761.824258884327,,,U07,existing
P12356_4,G1,C_aircraft,G1-C_aircraft-02,T003,0.0,1429.4261775174655,T014_2,1523.1805531482187,U08,existing
P12356_4,G1,C_aircraft,G1-C_aircraft-02,T014_2,2952.606730665684,5257.790795633526,T006,5.000100000000202,U08,existing
P12356_4,G1,C_aircraft,G1-C_aircraft-02,T006,5262.790895633526,6542.241766493663,,,U08,existing
P12356_4,G1,A_batteries,G1-A_batteries-01,T005,0.0,2178.7887122874713,T007,1723.340539259891,A01,existing
P12356_4,G1,A_batteries,G1-A_batteries-01,T007,3902.1292515473624,7963.433611739875,,,A01,existing
P12356_4,G1,A_batteries,G1-A_batteries-02,T007_HARD,0.0,2761.062337358848,T014_1,1243.0669141885128,A02,existing
P12356_4,G1,A_batteries,G1-A_batteries-02,T014_1,4004.1292515473606,6815.081680695524,,,A02,existing
P12356_4,G1,A_batteries,G1-A_batteries-03,T007_SOFT,0.0,2779.9496716386757,T016,1510.6220274329735,A03,existing
P12356_4,G1,A_batteries,G1-A_batteries-03,T016,4290.571699071649,7122.3061158963155,,,A03,existing
P12356_4,G1,A_batteries,G1-A_batteries-04,T004,2004.1116402352573,5653.515220850031,,,A04,existing
P12356_4,G1,A_batteries,G1-A_batteries-05,T022,2034.1116402352575,4901.140633153662,,,A05,existing
P12356_4,G1,A_batteries,G1-A_batteries-06,T020,3922.129251547361,7132.339749211256,,,A06,existing
P12356_4,G1,B_batteries,G1-B_batteries-01,T002_2,0.0,2956.647180248775,T013,108.89377143908632,B01,existing
P12356_4,G1,B_batteries,G1-B_batteries-01,T013,3065.5409516878613,6982.827850660446,,,B01,existing
P12356_4,G1,B_batteries,G1-B_batteries-02,T011,0.0,3808.1313217671122,T021,5.000100000000202,B02,existing
P12356_4,G1,B_batteries,G1-B_batteries-02,T021,3813.1314217671124,7578.354845171716,,,B02,existing
P12356_4,G1,B_batteries,G1-B_batteries-03,T015,1505.9694925601793,4516.326993610754,T019_1,512.2553295641028,B03,existing
P12356_4,G1,B_batteries,G1-B_batteries-03,T019_1,5028.582323174856,8012.288751525202,,,B03,existing
P12356_4,G1,B_batteries,G1-B_batteries-04,T008,1949.0245440219894,5382.225397256939,,,B04,existing
P12356_4,G1,C_batteries,G1-C_batteries-01,T001,0.0,3150.0928537629516,T006,2112.6980418705743,C01,existing
P12356_4,G1,C_batteries,G1-C_batteries-01,T006,5262.790895633526,7891.7506752339295,,,C01,existing
P12356_4,G1,C_batteries,G1-C_batteries-02,T003,0.0,2947.606630665684,T018,1126.586750848026,C02,existing
P12356_4,G1,C_batteries,G1-C_batteries-02,T018,4074.19338151371,9324.985225954879,,,C02,existing
P12356_4,G1,C_batteries,G1-C_batteries-03,T012,1954.111640235257,6561.858998965378,,,C03,existing
P12356_4,G1,C_batteries,G1-C_batteries-04,T014_2,2952.606730665684,7764.037455028012,,,C04,existing
P12356_4,G1,relay_aircraft,G1-relay_aircraft-01,R004,96.18236555369127,4137.266470460487,R002,5.000100116283647,R01,existing
P12356_4,G1,relay_aircraft,G1-relay_aircraft-01,R002,4142.26657057677,7037.879962031191,,,R01,existing
P12356_4,G1,relay_aircraft,G1-relay_aircraft-02,R001,190.13731902940862,1999.297638856333,R003,5.000100000000884,R02,existing
P12356_4,G1,relay_aircraft,G1-relay_aircraft-02,R003,2004.2977388563338,6244.037452916951,,,R02,existing
P12356_4,G1,relay_components,G1-relay_components-01,R004,96.18236555369127,4763.024275968738,,,RE01,existing
P12356_4,G1,relay_components,G1-relay_components-02,R001,190.13731902940862,2344.3073253046314,R002,1797.959245272139,RE02,existing
P12356_4,G1,relay_components,G1-relay_components-02,R002,4142.26657057677,7517.75318080825,,,RE02,existing
P12356_4,G1,relay_components,G1-relay_components-03,R003,2004.2977388563338,6902.075499094418,,,RE03,existing
P12356_4,G2,A_aircraft,G2-A_aircraft-01,T009,0.0,1316.0142144169886,,,NEW-A_aircraft-01,procurement_required
P12356_4,G2,C_aircraft,G2-C_aircraft-01,T010_2,1434.4262775174655,2867.4613603954576,,,NEW-C_aircraft-01,procurement_required
P12356_4,G2,A_batteries,G2-A_batteries-01,T009,0.0,2194.736329391266,,,NEW-A_batteries-01,procurement_required
P12356_4,G2,C_batteries,G2-C_batteries-01,T010_2,1434.4262775174655,4330.702121185847,,,NEW-C_batteries-01,procurement_required
P1235_46,G1,A_aircraft,G1-A_aircraft-01,T005,0.0,1312.470877312685,T004,691.6407629225723,U01,existing
P1235_46,G1,A_aircraft,G1-A_aircraft-01,T004,2004.1116402352573,4285.571599071649,T016,5.000100000000202,U01,existing
P1235_46,G1,A_aircraft,G1-A_aircraft-01,T016,4290.571699071649,5986.329803740114,,,U01,existing
P1235_46,G1,A_aircraft,G1-A_aircraft-02,T007_HARD,0.0,1712.4416357195464,T020,2209.6876158278146,U02,existing
P1235_46,G1,A_aircraft,G1-A_aircraft-02,T020,3922.129251547361,5892.33909852418,,,U02,existing
P1235_46,G1,A_aircraft,G1-A_aircraft-03,T007_SOFT,0.0,1712.4416357195464,T022,321.67000451571107,U03,existing
P1235_46,G1,A_aircraft,G1-A_aircraft-03,T022,2034.1116402352575,3725.6461264742065,T007,176.48312507315586,U03,existing
P1235_46,G1,A_aircraft,G1-A_aircraft-03,T007,3902.1292515473624,6510.170148656284,,,U03,existing
P1235_46,G1,A_aircraft,G1-A_aircraft-04,T014_1,4004.1292515473606,5699.887356215825,,,U04,existing
P1235_46,G1,B_aircraft,G1-B_aircraft-01,T002_2,0.0,1500.9693925601796,T015,5.0000999999997475,U05,existing
P1235_46,G1,B_aircraft,G1-B_aircraft-01,T015,1505.9694925601793,3060.540851687861,T013,5.000100000000202,U05,existing
P1235_46,G1,B_aircraft,G1-B_aircraft-01,T013,3065.5409516878613,5023.582223174855,T019_1,5.000100000001112,U05,existing
P1235_46,G1,B_aircraft,G1-B_aircraft-01,T019_1,5028.582323174856,6547.606667586711,,,U05,existing
P1235_46,G1,B_aircraft,G1-B_aircraft-02,T011,0.0,1944.0244440219892,T008,5.000100000000202,U06,existing
P1235_46,G1,B_aircraft,G1-B_aircraft-02,T008,1949.0245440219894,3793.5634341775567,T021,19.56798758955574,U06,existing
P1235_46,G1,B_aircraft,G1-B_aircraft-02,T021,3813.1314217671124,5711.172693254107,,,U06,existing
P1235_46,G1,C_aircraft,G1-C_aircraft-01,T001,0.0,1561.4261775174655,T012,392.68546271779155,U07,existing
P1235_46,G1,C_aircraft,G1-C_aircraft-01,T012,1954.111640235257,4069.1932815137097,T018,5.000100000000202,U07,existing
P1235_46,G1,C_aircraft,G1-C_aircraft-01,T018,4074.19338151371,6761.824258884327,,,U07,existing
P1235_46,G1,C_aircraft,G1-C_aircraft-02,T003,0.0,1429.4261775174655,T014_2,1523.1805531482187,U08,existing
P1235_46,G1,C_aircraft,G1-C_aircraft-02,T014_2,2952.606730665684,5257.790795633526,,,U08,existing
P1235_46,G1,A_batteries,G1-A_batteries-01,T005,0.0,2178.7887122874713,T007,1723.340539259891,A01,existing
P1235_46,G1,A_batteries,G1-A_batteries-01,T007,3902.1292515473624,7963.433611739875,,,A01,existing
P1235_46,G1,A_batteries,G1-A_batteries-02,T007_HARD,0.0,2761.062337358848,T014_1,1243.0669141885128,A02,existing
P1235_46,G1,A_batteries,G1-A_batteries-02,T014_1,4004.1292515473606,6815.081680695524,,,A02,existing
P1235_46,G1,A_batteries,G1-A_batteries-03,T007_SOFT,0.0,2779.9496716386757,T016,1510.6220274329735,A03,existing
P1235_46,G1,A_batteries,G1-A_batteries-03,T016,4290.571699071649,7122.3061158963155,,,A03,existing
P1235_46,G1,A_batteries,G1-A_batteries-04,T004,2004.1116402352573,5653.515220850031,,,A04,existing
P1235_46,G1,A_batteries,G1-A_batteries-05,T022,2034.1116402352575,4901.140633153662,,,A05,existing
P1235_46,G1,A_batteries,G1-A_batteries-06,T020,3922.129251547361,7132.339749211256,,,A06,existing
P1235_46,G1,B_batteries,G1-B_batteries-01,T002_2,0.0,2956.647180248775,T013,108.89377143908632,B01,existing
P1235_46,G1,B_batteries,G1-B_batteries-01,T013,3065.5409516878613,6982.827850660446,,,B01,existing
P1235_46,G1,B_batteries,G1-B_batteries-02,T011,0.0,3808.1313217671122,T021,5.000100000000202,B02,existing
P1235_46,G1,B_batteries,G1-B_batteries-02,T021,3813.1314217671124,7578.354845171716,,,B02,existing
P1235_46,G1,B_batteries,G1-B_batteries-03,T015,1505.9694925601793,4516.326993610754,T019_1,512.2553295641028,B03,existing
P1235_46,G1,B_batteries,G1-B_batteries-03,T019_1,5028.582323174856,8012.288751525202,,,B03,existing
P1235_46,G1,B_batteries,G1-B_batteries-04,T008,1949.0245440219894,5382.225397256939,,,B04,existing
P1235_46,G1,C_batteries,G1-C_batteries-01,T001,0.0,3150.0928537629516,T018,924.1005277507584,C01,existing
P1235_46,G1,C_batteries,G1-C_batteries-01,T018,4074.19338151371,9324.985225954879,,,C01,existing
P1235_46,G1,C_batteries,G1-C_batteries-02,T003,0.0,2947.606630665684,T014_2,5.000100000000202,C02,existing
P1235_46,G1,C_batteries,G1-C_batteries-02,T014_2,2952.606730665684,7764.037455028012,,,C02,existing
P1235_46,G1,C_batteries,G1-C_batteries-03,T012,1954.111640235257,6561.858998965378,,,C03,existing
P1235_46,G1,relay_aircraft,G1-relay_aircraft-01,R004,96.18236555369127,4137.266470460487,R002,5.000100116283647,R01,existing
P1235_46,G1,relay_aircraft,G1-relay_aircraft-01,R002,4142.26657057677,7037.879962031191,,,R01,existing
P1235_46,G1,relay_aircraft,G1-relay_aircraft-02,R001,190.13731902940862,1999.297638856333,R003,5.000100000000884,R02,existing
P1235_46,G1,relay_aircraft,G1-relay_aircraft-02,R003,2004.2977388563338,6244.037452916951,,,R02,existing
P1235_46,G1,relay_components,G1-relay_components-01,R004,96.18236555369127,4763.024275968738,,,RE01,existing
P1235_46,G1,relay_components,G1-relay_components-02,R001,190.13731902940862,2344.3073253046314,R002,1797.959245272139,RE02,existing
P1235_46,G1,relay_components,G1-relay_components-02,R002,4142.26657057677,7517.75318080825,,,RE02,existing
P1235_46,G1,relay_components,G1-relay_components-03,R003,2004.2977388563338,6902.075499094418,,,RE03,existing
P1235_46,G2,A_aircraft,G2-A_aircraft-01,T009,0.0,1316.0142144169886,,,NEW-A_aircraft-01,procurement_required
P1235_46,G2,C_aircraft,G2-C_aircraft-01,T010_2,1434.4262775174655,2867.4613603954576,T006,2395.3295352380683,NEW-C_aircraft-01,procurement_required
P1235_46,G2,C_aircraft,G2-C_aircraft-01,T006,5262.790895633526,6542.241766493663,,,NEW-C_aircraft-01,procurement_required
P1235_46,G2,A_batteries,G2-A_batteries-01,T009,0.0,2194.736329391266,,,NEW-A_batteries-01,procurement_required
P1235_46,G2,C_batteries,G2-C_batteries-01,T010_2,1434.4262775174655,4330.702121185847,T006,932.0887744476786,C04,existing
P1235_46,G2,C_batteries,G2-C_batteries-01,T006,5262.790895633526,7891.7506752339295,,,C04,existing
P1236_45,G1,A_aircraft,G1-A_aircraft-01,T005,0.0,1312.470877312685,T004,691.6407629225723,U01,existing
P1236_45,G1,A_aircraft,G1-A_aircraft-01,T004,2004.1116402352573,4285.571599071649,T016,5.000100000000202,U01,existing
P1236_45,G1,A_aircraft,G1-A_aircraft-01,T016,4290.571699071649,5986.329803740114,,,U01,existing
P1236_45,G1,A_aircraft,G1-A_aircraft-02,T007_HARD,0.0,1712.4416357195464,T020,2209.6876158278146,U02,existing
P1236_45,G1,A_aircraft,G1-A_aircraft-02,T020,3922.129251547361,5892.33909852418,,,U02,existing
P1236_45,G1,A_aircraft,G1-A_aircraft-03,T007_SOFT,0.0,1712.4416357195464,T022,321.67000451571107,U03,existing
P1236_45,G1,A_aircraft,G1-A_aircraft-03,T022,2034.1116402352575,3725.6461264742065,T007,176.48312507315586,U03,existing
P1236_45,G1,A_aircraft,G1-A_aircraft-03,T007,3902.1292515473624,6510.170148656284,,,U03,existing
P1236_45,G1,A_aircraft,G1-A_aircraft-04,T014_1,4004.1292515473606,5699.887356215825,,,U04,existing
P1236_45,G1,B_aircraft,G1-B_aircraft-01,T013,3065.5409516878613,5023.582223174855,T019_1,5.000100000001112,U05,existing
P1236_45,G1,B_aircraft,G1-B_aircraft-01,T019_1,5028.582323174856,6547.606667586711,,,U05,existing
P1236_45,G1,B_aircraft,G1-B_aircraft-02,T021,3813.1314217671124,5711.172693254107,,,U06,existing
P1236_45,G1,C_aircraft,G1-C_aircraft-01,T001,0.0,1561.4261775174655,T012,392.68546271779155,U07,existing
P1236_45,G1,C_aircraft,G1-C_aircraft-01,T012,1954.111640235257,4069.1932815137097,T018,5.000100000000202,U07,existing
P1236_45,G1,C_aircraft,G1-C_aircraft-01,T018,4074.19338151371,6761.824258884327,,,U07,existing
P1236_45,G1,C_aircraft,G1-C_aircraft-02,T003,0.0,1429.4261775174655,T014_2,1523.1805531482187,U08,existing
P1236_45,G1,C_aircraft,G1-C_aircraft-02,T014_2,2952.606730665684,5257.790795633526,T006,5.000100000000202,U08,existing
P1236_45,G1,C_aircraft,G1-C_aircraft-02,T006,5262.790895633526,6542.241766493663,,,U08,existing
P1236_45,G1,A_batteries,G1-A_batteries-01,T005,0.0,2178.7887122874713,T007,1723.340539259891,A01,existing
P1236_45,G1,A_batteries,G1-A_batteries-01,T007,3902.1292515473624,7963.433611739875,,,A01,existing
P1236_45,G1,A_batteries,G1-A_batteries-02,T007_HARD,0.0,2761.062337358848,T014_1,1243.0669141885128,A02,existing
P1236_45,G1,A_batteries,G1-A_batteries-02,T014_1,4004.1292515473606,6815.081680695524,,,A02,existing
P1236_45,G1,A_batteries,G1-A_batteries-03,T007_SOFT,0.0,2779.9496716386757,T016,1510.6220274329735,A03,existing
P1236_45,G1,A_batteries,G1-A_batteries-03,T016,4290.571699071649,7122.3061158963155,,,A03,existing
P1236_45,G1,A_batteries,G1-A_batteries-04,T004,2004.1116402352573,5653.515220850031,,,A04,existing
P1236_45,G1,A_batteries,G1-A_batteries-05,T022,2034.1116402352575,4901.140633153662,,,A05,existing
P1236_45,G1,A_batteries,G1-A_batteries-06,T020,3922.129251547361,7132.339749211256,,,A06,existing
P1236_45,G1,B_batteries,G1-B_batteries-01,T013,3065.5409516878613,6982.827850660446,,,B01,existing
P1236_45,G1,B_batteries,G1-B_batteries-02,T021,3813.1314217671124,7578.354845171716,,,B02,existing
P1236_45,G1,B_batteries,G1-B_batteries-03,T019_1,5028.582323174856,8012.288751525202,,,B03,existing
P1236_45,G1,C_batteries,G1-C_batteries-01,T001,0.0,3150.0928537629516,T006,2112.6980418705743,C01,existing
P1236_45,G1,C_batteries,G1-C_batteries-01,T006,5262.790895633526,7891.7506752339295,,,C01,existing
P1236_45,G1,C_batteries,G1-C_batteries-02,T003,0.0,2947.606630665684,T018,1126.586750848026,C02,existing
P1236_45,G1,C_batteries,G1-C_batteries-02,T018,4074.19338151371,9324.985225954879,,,C02,existing
P1236_45,G1,C_batteries,G1-C_batteries-03,T012,1954.111640235257,6561.858998965378,,,C03,existing
P1236_45,G1,C_batteries,G1-C_batteries-04,T014_2,2952.606730665684,7764.037455028012,,,C04,existing
P1236_45,G1,relay_aircraft,G1-relay_aircraft-01,R001,190.13731902940862,1999.297638856333,R002,2142.9689317204375,R01,existing
P1236_45,G1,relay_aircraft,G1-relay_aircraft-01,R002,4142.26657057677,7037.879962031191,,,R01,existing
P1236_45,G1,relay_aircraft,G1-relay_aircraft-02,R003,2004.2977388563338,6244.037452916951,,,R02,existing
P1236_45,G1,relay_components,G1-relay_components-01,R001,190.13731902940862,2344.3073253046314,R002,1797.959245272139,RE01,existing
P1236_45,G1,relay_components,G1-relay_components-01,R002,4142.26657057677,7517.75318080825,,,RE01,existing
P1236_45,G1,relay_components,G1-relay_components-02,R003,2004.2977388563338,6902.075499094418,,,RE02,existing
P1236_45,G2,A_aircraft,G2-A_aircraft-01,T009,0.0,1316.0142144169886,,,NEW-A_aircraft-01,procurement_required
P1236_45,G2,B_aircraft,G2-B_aircraft-01,T002_2,0.0,1500.9693925601796,T015,5.0000999999997475,NEW-B_aircraft-01,procurement_required
P1236_45,G2,B_aircraft,G2-B_aircraft-01,T015,1505.9694925601793,3060.540851687861,,,NEW-B_aircraft-01,procurement_required
P1236_45,G2,B_aircraft,G2-B_aircraft-02,T011,0.0,1944.0244440219892,T008,5.000100000000202,NEW-B_aircraft-02,procurement_required
P1236_45,G2,B_aircraft,G2-B_aircraft-02,T008,1949.0245440219894,3793.5634341775567,,,NEW-B_aircraft-02,procurement_required
P1236_45,G2,C_aircraft,G2-C_aircraft-01,T010_2,1434.4262775174655,2867.4613603954576,,,NEW-C_aircraft-01,procurement_required
P1236_45,G2,A_batteries,G2-A_batteries-01,T009,0.0,2194.736329391266,,,NEW-A_batteries-01,procurement_required
P1236_45,G2,B_batteries,G2-B_batteries-01,T002_2,0.0,2956.647180248775,,,B04,existing
P1236_45,G2,B_batteries,G2-B_batteries-02,T011,0.0,3808.1313217671122,,,NEW-B_batteries-01,procurement_required
P1236_45,G2,B_batteries,G2-B_batteries-03,T015,1505.9694925601793,4516.326993610754,,,NEW-B_batteries-02,procurement_required
P1236_45,G2,B_batteries,G2-B_batteries-04,T008,1949.0245440219894,5382.225397256939,,,NEW-B_batteries-03,procurement_required
P1236_45,G2,C_batteries,G2-C_batteries-01,T010_2,1434.4262775174655,4330.702121185847,,,NEW-C_batteries-01,procurement_required
P1236_45,G2,relay_aircraft,G2-relay_aircraft-01,R004,96.18236555369127,4137.266470460487,,,NEW-relay_aircraft-01,procurement_required
P1236_45,G2,relay_components,G2-relay_components-01,R004,96.18236555369127,4763.024275968738,,,RE03,existing
P123_456,G1,A_aircraft,G1-A_aircraft-01,T005,0.0,1312.470877312685,T004,691.6407629225723,U01,existing
P123_456,G1,A_aircraft,G1-A_aircraft-01,T004,2004.1116402352573,4285.571599071649,T016,5.000100000000202,U01,existing
P123_456,G1,A_aircraft,G1-A_aircraft-01,T016,4290.571699071649,5986.329803740114,,,U01,existing
P123_456,G1,A_aircraft,G1-A_aircraft-02,T007_HARD,0.0,1712.4416357195464,T020,2209.6876158278146,U02,existing
P123_456,G1,A_aircraft,G1-A_aircraft-02,T020,3922.129251547361,5892.33909852418,,,U02,existing
P123_456,G1,A_aircraft,G1-A_aircraft-03,T007_SOFT,0.0,1712.4416357195464,T022,321.67000451571107,U03,existing
P123_456,G1,A_aircraft,G1-A_aircraft-03,T022,2034.1116402352575,3725.6461264742065,T007,176.48312507315586,U03,existing
P123_456,G1,A_aircraft,G1-A_aircraft-03,T007,3902.1292515473624,6510.170148656284,,,U03,existing
P123_456,G1,A_aircraft,G1-A_aircraft-04,T014_1,4004.1292515473606,5699.887356215825,,,U04,existing
P123_456,G1,B_aircraft,G1-B_aircraft-01,T013,3065.5409516878613,5023.582223174855,T019_1,5.000100000001112,U05,existing
P123_456,G1,B_aircraft,G1-B_aircraft-01,T019_1,5028.582323174856,6547.606667586711,,,U05,existing
P123_456,G1,B_aircraft,G1-B_aircraft-02,T021,3813.1314217671124,5711.172693254107,,,U06,existing
P123_456,G1,C_aircraft,G1-C_aircraft-01,T001,0.0,1561.4261775174655,T012,392.68546271779155,U07,existing
P123_456,G1,C_aircraft,G1-C_aircraft-01,T012,1954.111640235257,4069.1932815137097,T018,5.000100000000202,U07,existing
P123_456,G1,C_aircraft,G1-C_aircraft-01,T018,4074.19338151371,6761.824258884327,,,U07,existing
P123_456,G1,C_aircraft,G1-C_aircraft-02,T003,0.0,1429.4261775174655,T014_2,1523.1805531482187,U08,existing
P123_456,G1,C_aircraft,G1-C_aircraft-02,T014_2,2952.606730665684,5257.790795633526,,,U08,existing
P123_456,G1,A_batteries,G1-A_batteries-01,T005,0.0,2178.7887122874713,T007,1723.340539259891,A01,existing
P123_456,G1,A_batteries,G1-A_batteries-01,T007,3902.1292515473624,7963.433611739875,,,A01,existing
P123_456,G1,A_batteries,G1-A_batteries-02,T007_HARD,0.0,2761.062337358848,T014_1,1243.0669141885128,A02,existing
P123_456,G1,A_batteries,G1-A_batteries-02,T014_1,4004.1292515473606,6815.081680695524,,,A02,existing
P123_456,G1,A_batteries,G1-A_batteries-03,T007_SOFT,0.0,2779.9496716386757,T016,1510.6220274329735,A03,existing
P123_456,G1,A_batteries,G1-A_batteries-03,T016,4290.571699071649,7122.3061158963155,,,A03,existing
P123_456,G1,A_batteries,G1-A_batteries-04,T004,2004.1116402352573,5653.515220850031,,,A04,existing
P123_456,G1,A_batteries,G1-A_batteries-05,T022,2034.1116402352575,4901.140633153662,,,A05,existing
P123_456,G1,A_batteries,G1-A_batteries-06,T020,3922.129251547361,7132.339749211256,,,A06,existing
P123_456,G1,B_batteries,G1-B_batteries-01,T013,3065.5409516878613,6982.827850660446,,,B01,existing
P123_456,G1,B_batteries,G1-B_batteries-02,T021,3813.1314217671124,7578.354845171716,,,B02,existing
P123_456,G1,B_batteries,G1-B_batteries-03,T019_1,5028.582323174856,8012.288751525202,,,B03,existing
P123_456,G1,C_batteries,G1-C_batteries-01,T001,0.0,3150.0928537629516,T018,924.1005277507584,C01,existing
P123_456,G1,C_batteries,G1-C_batteries-01,T018,4074.19338151371,9324.985225954879,,,C01,existing
P123_456,G1,C_batteries,G1-C_batteries-02,T003,0.0,2947.606630665684,T014_2,5.000100000000202,C02,existing
P123_456,G1,C_batteries,G1-C_batteries-02,T014_2,2952.606730665684,7764.037455028012,,,C02,existing
P123_456,G1,C_batteries,G1-C_batteries-03,T012,1954.111640235257,6561.858998965378,,,C03,existing
P123_456,G1,relay_aircraft,G1-relay_aircraft-01,R001,190.13731902940862,1999.297638856333,R002,2142.9689317204375,R01,existing
P123_456,G1,relay_aircraft,G1-relay_aircraft-01,R002,4142.26657057677,7037.879962031191,,,R01,existing
P123_456,G1,relay_aircraft,G1-relay_aircraft-02,R003,2004.2977388563338,6244.037452916951,,,R02,existing
P123_456,G1,relay_components,G1-relay_components-01,R001,190.13731902940862,2344.3073253046314,R002,1797.959245272139,RE01,existing
P123_456,G1,relay_components,G1-relay_components-01,R002,4142.26657057677,7517.75318080825,,,RE01,existing
P123_456,G1,relay_components,G1-relay_components-02,R003,2004.2977388563338,6902.075499094418,,,RE02,existing
P123_456,G2,A_aircraft,G2-A_aircraft-01,T009,0.0,1316.0142144169886,,,NEW-A_aircraft-01,procurement_required
P123_456,G2,B_aircraft,G2-B_aircraft-01,T002_2,0.0,1500.9693925601796,T015,5.0000999999997475,NEW-B_aircraft-01,procurement_required
P123_456,G2,B_aircraft,G2-B_aircraft-01,T015,1505.9694925601793,3060.540851687861,,,NEW-B_aircraft-01,procurement_required
P123_456,G2,B_aircraft,G2-B_aircraft-02,T011,0.0,1944.0244440219892,T008,5.000100000000202,NEW-B_aircraft-02,procurement_required
P123_456,G2,B_aircraft,G2-B_aircraft-02,T008,1949.0245440219894,3793.5634341775567,,,NEW-B_aircraft-02,procurement_required
P123_456,G2,C_aircraft,G2-C_aircraft-01,T010_2,1434.4262775174655,2867.4613603954576,T006,2395.3295352380683,NEW-C_aircraft-01,procurement_required
P123_456,G2,C_aircraft,G2-C_aircraft-01,T006,5262.790895633526,6542.241766493663,,,NEW-C_aircraft-01,procurement_required
P123_456,G2,A_batteries,G2-A_batteries-01,T009,0.0,2194.736329391266,,,NEW-A_batteries-01,procurement_required
P123_456,G2,B_batteries,G2-B_batteries-01,T002_2,0.0,2956.647180248775,,,B04,existing
P123_456,G2,B_batteries,G2-B_batteries-02,T011,0.0,3808.1313217671122,,,NEW-B_batteries-01,procurement_required
P123_456,G2,B_batteries,G2-B_batteries-03,T015,1505.9694925601793,4516.326993610754,,,NEW-B_batteries-02,procurement_required
P123_456,G2,B_batteries,G2-B_batteries-04,T008,1949.0245440219894,5382.225397256939,,,NEW-B_batteries-03,procurement_required
P123_456,G2,C_batteries,G2-C_batteries-01,T010_2,1434.4262775174655,4330.702121185847,T006,932.0887744476786,C04,existing
P123_456,G2,C_batteries,G2-C_batteries-01,T006,5262.790895633526,7891.7506752339295,,,C04,existing
P123_456,G2,relay_aircraft,G2-relay_aircraft-01,R004,96.18236555369127,4137.266470460487,,,NEW-relay_aircraft-01,procurement_required
P123_456,G2,relay_components,G2-relay_components-01,R004,96.18236555369127,4763.024275968738,,,RE03,existing
P12456_3,G1,A_aircraft,G1-A_aircraft-01,T005,0.0,1312.470877312685,T004,691.6407629225723,U01,existing
P12456_3,G1,A_aircraft,G1-A_aircraft-01,T004,2004.1116402352573,4285.571599071649,,,U01,existing
P12456_3,G1,A_aircraft,G1-A_aircraft-02,T009,0.0,1316.0142144169886,T022,718.0974258182689,U02,existing
P12456_3,G1,A_aircraft,G1-A_aircraft-02,T022,2034.1116402352575,3725.6461264742065,,,U02,existing
P12456_3,G1,B_aircraft,G1-B_aircraft-01,T002_2,0.0,1500.9693925601796,T015,5.0000999999997475,U05,existing
P12456_3,G1,B_aircraft,G1-B_aircraft-01,T015,1505.9694925601793,3060.540851687861,T013,5.000100000000202,U05,existing
P12456_3,G1,B_aircraft,G1-B_aircraft-01,T013,3065.5409516878613,5023.582223174855,,,U05,existing
P12456_3,G1,B_aircraft,G1-B_aircraft-02,T011,0.0,1944.0244440219892,T008,5.000100000000202,U06,existing
P12456_3,G1,B_aircraft,G1-B_aircraft-02,T008,1949.0245440219894,3793.5634341775567,T021,19.56798758955574,U06,existing
P12456_3,G1,B_aircraft,G1-B_aircraft-02,T021,3813.1314217671124,5711.172693254107,,,U06,existing
P12456_3,G1,C_aircraft,G1-C_aircraft-01,T001,0.0,1561.4261775174655,T012,392.68546271779155,U07,existing
P12456_3,G1,C_aircraft,G1-C_aircraft-01,T012,1954.111640235257,4069.1932815137097,T006,1193.5976141198162,U07,existing
P12456_3,G1,C_aircraft,G1-C_aircraft-01,T006,5262.790895633526,6542.241766493663,,,U07,existing
P12456_3,G1,C_aircraft,G1-C_aircraft-02,T003,0.0,1429.4261775174655,T010_2,5.000099999999975,U08,existing
P12456_3,G1,C_aircraft,G1-C_aircraft-02,T010_2,1434.4262775174655,2867.4613603954576,T014_2,85.14537027022652,U08,existing
P12456_3,G1,C_aircraft,G1-C_aircraft-02,T014_2,2952.606730665684,5257.790795633526,,,U08,existing
P12456_3,G1,A_batteries,G1-A_batteries-01,T005,0.0,2178.7887122874713,,,A01,existing
P12456_3,G1,A_batteries,G1-A_batteries-02,T009,0.0,2194.736329391266,,,A02,existing
P12456_3,G1,A_batteries,G1-A_batteries-03,T004,2004.1116402352573,5653.515220850031,,,A03,existing
P12456_3,G1,A_batteries,G1-A_batteries-04,T022,2034.1116402352575,4901.140633153662,,,A04,existing
P12456_3,G1,B_batteries,G1-B_batteries-01,T002_2,0.0,2956.647180248775,T013,108.89377143908632,B01,existing
P12456_3,G1,B_batteries,G1-B_batteries-01,T013,3065.5409516878613,6982.827850660446,,,B01,existing
P12456_3,G1,B_batteries,G1-B_batteries-02,T011,0.0,3808.1313217671122,T021,5.000100000000202,B02,existing
P12456_3,G1,B_batteries,G1-B_batteries-02,T021,3813.1314217671124,7578.354845171716,,,B02,existing
P12456_3,G1,B_batteries,G1-B_batteries-03,T015,1505.9694925601793,4516.326993610754,,,B03,existing
P12456_3,G1,B_batteries,G1-B_batteries-04,T008,1949.0245440219894,5382.225397256939,,,B04,existing
P12456_3,G1,C_batteries,G1-C_batteries-01,T001,0.0,3150.0928537629516,T006,2112.6980418705743,C01,existing
P12456_3,G1,C_batteries,G1-C_batteries-01,T006,5262.790895633526,7891.7506752339295,,,C01,existing
P12456_3,G1,C_batteries,G1-C_batteries-02,T003,0.0,2947.606630665684,T014_2,5.000100000000202,C02,existing
P12456_3,G1,C_batteries,G1-C_batteries-02,T014_2,2952.606730665684,7764.037455028012,,,C02,existing
P12456_3,G1,C_batteries,G1-C_batteries-03,T010_2,1434.4262775174655,4330.702121185847,,,C03,existing
P12456_3,G1,C_batteries,G1-C_batteries-04,T012,1954.111640235257,6561.858998965378,,,C04,existing
P12456_3,G1,relay_aircraft,G1-relay_aircraft-01,R004,96.18236555369127,4137.266470460487,,,R01,existing
P12456_3,G1,relay_aircraft,G1-relay_aircraft-02,R003,2004.2977388563338,6244.037452916951,,,R02,existing
P12456_3,G1,relay_components,G1-relay_components-01,R004,96.18236555369127,4763.024275968738,,,RE01,existing
P12456_3,G1,relay_components,G1-relay_components-02,R003,2004.2977388563338,6902.075499094418,,,RE02,existing
P12456_3,G2,A_aircraft,G2-A_aircraft-01,T007_HARD,0.0,1712.4416357195464,T016,2578.1300633521028,U03,existing
P12456_3,G2,A_aircraft,G2-A_aircraft-01,T016,4290.571699071649,5986.329803740114,,,U03,existing
P12456_3,G2,A_aircraft,G2-A_aircraft-02,T007_SOFT,0.0,1712.4416357195464,T014_1,2291.687615827814,U04,existing
P12456_3,G2,A_aircraft,G2-A_aircraft-02,T014_1,4004.1292515473606,5699.887356215825,,,U04,existing
P12456_3,G2,A_aircraft,G2-A_aircraft-03,T007,3902.1292515473624,6510.170148656284,,,NEW-A_aircraft-01,procurement_required
P12456_3,G2,A_aircraft,G2-A_aircraft-04,T020,3922.129251547361,5892.33909852418,,,NEW-A_aircraft-02,procurement_required
P12456_3,G2,B_aircraft,G2-B_aircraft-01,T019_1,5028.582323174856,6547.606667586711,,,NEW-B_aircraft-01,procurement_required
P12456_3,G2,C_aircraft,G2-C_aircraft-01,T018,4074.19338151371,6761.824258884327,,,NEW-C_aircraft-01,procurement_required
P12456_3,G2,A_batteries,G2-A_batteries-01,T007_HARD,0.0,2761.062337358848,T014_1,1243.0669141885128,A05,existing
P12456_3,G2,A_batteries,G2-A_batteries-01,T014_1,4004.1292515473606,6815.081680695524,,,A05,existing
P12456_3,G2,A_batteries,G2-A_batteries-02,T007_SOFT,0.0,2779.9496716386757,T016,1510.6220274329735,A06,existing
P12456_3,G2,A_batteries,G2-A_batteries-02,T016,4290.571699071649,7122.3061158963155,,,A06,existing
P12456_3,G2,A_batteries,G2-A_batteries-03,T007,3902.1292515473624,7963.433611739875,,,NEW-A_batteries-01,procurement_required
P12456_3,G2,A_batteries,G2-A_batteries-04,T020,3922.129251547361,7132.339749211256,,,NEW-A_batteries-02,procurement_required
P12456_3,G2,B_batteries,G2-B_batteries-01,T019_1,5028.582323174856,8012.288751525202,,,NEW-B_batteries-01,procurement_required
P12456_3,G2,C_batteries,G2-C_batteries-01,T018,4074.19338151371,9324.985225954879,,,NEW-C_batteries-01,procurement_required
P12456_3,G2,relay_aircraft,G2-relay_aircraft-01,R001,190.13731902940862,1999.297638856333,R002,2142.9689317204375,NEW-relay_aircraft-01,procurement_required
P12456_3,G2,relay_aircraft,G2-relay_aircraft-01,R002,4142.26657057677,7037.879962031191,,,NEW-relay_aircraft-01,procurement_required
P12456_3,G2,relay_components,G2-relay_components-01,R001,190.13731902940862,2344.3073253046314,R002,1797.959245272139,RE03,existing
P12456_3,G2,relay_components,G2-relay_components-01,R002,4142.26657057677,7517.75318080825,,,RE03,existing
P1245_36,G1,A_aircraft,G1-A_aircraft-01,T005,0.0,1312.470877312685,T004,691.6407629225723,U01,existing
P1245_36,G1,A_aircraft,G1-A_aircraft-01,T004,2004.1116402352573,4285.571599071649,,,U01,existing
P1245_36,G1,A_aircraft,G1-A_aircraft-02,T009,0.0,1316.0142144169886,T022,718.0974258182689,U02,existing
P1245_36,G1,A_aircraft,G1-A_aircraft-02,T022,2034.1116402352575,3725.6461264742065,,,U02,existing
P1245_36,G1,B_aircraft,G1-B_aircraft-01,T002_2,0.0,1500.9693925601796,T015,5.0000999999997475,U05,existing
P1245_36,G1,B_aircraft,G1-B_aircraft-01,T015,1505.9694925601793,3060.540851687861,T013,5.000100000000202,U05,existing
P1245_36,G1,B_aircraft,G1-B_aircraft-01,T013,3065.5409516878613,5023.582223174855,,,U05,existing
P1245_36,G1,B_aircraft,G1-B_aircraft-02,T011,0.0,1944.0244440219892,T008,5.000100000000202,U06,existing
P1245_36,G1,B_aircraft,G1-B_aircraft-02,T008,1949.0245440219894,3793.5634341775567,T021,19.56798758955574,U06,existing
P1245_36,G1,B_aircraft,G1-B_aircraft-02,T021,3813.1314217671124,5711.172693254107,,,U06,existing
P1245_36,G1,C_aircraft,G1-C_aircraft-01,T001,0.0,1561.4261775174655,T012,392.68546271779155,U07,existing
P1245_36,G1,C_aircraft,G1-C_aircraft-01,T012,1954.111640235257,4069.1932815137097,,,U07,existing
P1245_36,G1,C_aircraft,G1-C_aircraft-02,T003,0.0,1429.4261775174655,T010_2,5.000099999999975,U08,existing
P1245_36,G1,C_aircraft,G1-C_aircraft-02,T010_2,1434.4262775174655,2867.4613603954576,T014_2,85.14537027022652,U08,existing
P1245_36,G1,C_aircraft,G1-C_aircraft-02,T014_2,2952.606730665684,5257.790795633526,,,U08,existing
P1245_36,G1,A_batteries,G1-A_batteries-01,T005,0.0,2178.7887122874713,,,A01,existing
P1245_36,G1,A_batteries,G1-A_batteries-02,T009,0.0,2194.736329391266,,,A02,existing
P1245_36,G1,A_batteries,G1-A_batteries-03,T004,2004.1116402352573,5653.515220850031,,,A03,existing
P1245_36,G1,A_batteries,G1-A_batteries-04,T022,2034.1116402352575,4901.140633153662,,,A04,existing
P1245_36,G1,B_batteries,G1-B_batteries-01,T002_2,0.0,2956.647180248775,T013,108.89377143908632,B01,existing
P1245_36,G1,B_batteries,G1-B_batteries-01,T013,3065.5409516878613,6982.827850660446,,,B01,existing
P1245_36,G1,B_batteries,G1-B_batteries-02,T011,0.0,3808.1313217671122,T021,5.000100000000202,B02,existing
P1245_36,G1,B_batteries,G1-B_batteries-02,T021,3813.1314217671124,7578.354845171716,,,B02,existing
P1245_36,G1,B_batteries,G1-B_batteries-03,T015,1505.9694925601793,4516.326993610754,,,B03,existing
P1245_36,G1,B_batteries,G1-B_batteries-04,T008,1949.0245440219894,5382.225397256939,,,B04,existing
P1245_36,G1,C_batteries,G1-C_batteries-01,T001,0.0,3150.0928537629516,,,C01,existing
P1245_36,G1,C_batteries,G1-C_batteries-02,T003,0.0,2947.606630665684,T014_2,5.000100000000202,C02,existing
P1245_36,G1,C_batteries,G1-C_batteries-02,T014_2,2952.606730665684,7764.037455028012,,,C02,existing
P1245_36,G1,C_batteries,G1-C_batteries-03,T010_2,1434.4262775174655,4330.702121185847,,,C03,existing
P1245_36,G1,C_batteries,G1-C_batteries-04,T012,1954.111640235257,6561.858998965378,,,C04,existing
P1245_36,G1,relay_aircraft,G1-relay_aircraft-01,R004,96.18236555369127,4137.266470460487,,,R01,existing
P1245_36,G1,relay_aircraft,G1-relay_aircraft-02,R003,2004.2977388563338,6244.037452916951,,,R02,existing
P1245_36,G1,relay_components,G1-relay_components-01,R004,96.18236555369127,4763.024275968738,,,RE01,existing
P1245_36,G1,relay_components,G1-relay_components-02,R003,2004.2977388563338,6902.075499094418,,,RE02,existing
P1245_36,G2,A_aircraft,G2-A_aircraft-01,T007_HARD,0.0,1712.4416357195464,T016,2578.1300633521028,U03,existing
P1245_36,G2,A_aircraft,G2-A_aircraft-01,T016,4290.571699071649,5986.329803740114,,,U03,existing
P1245_36,G2,A_aircraft,G2-A_aircraft-02,T007_SOFT,0.0,1712.4416357195464,T014_1,2291.687615827814,U04,existing
P1245_36,G2,A_aircraft,G2-A_aircraft-02,T014_1,4004.1292515473606,5699.887356215825,,,U04,existing
P1245_36,G2,A_aircraft,G2-A_aircraft-03,T007,3902.1292515473624,6510.170148656284,,,NEW-A_aircraft-01,procurement_required
P1245_36,G2,A_aircraft,G2-A_aircraft-04,T020,3922.129251547361,5892.33909852418,,,NEW-A_aircraft-02,procurement_required
P1245_36,G2,B_aircraft,G2-B_aircraft-01,T019_1,5028.582323174856,6547.606667586711,,,NEW-B_aircraft-01,procurement_required
P1245_36,G2,C_aircraft,G2-C_aircraft-01,T018,4074.19338151371,6761.824258884327,,,NEW-C_aircraft-01,procurement_required
P1245_36,G2,C_aircraft,G2-C_aircraft-02,T006,5262.790895633526,6542.241766493663,,,NEW-C_aircraft-02,procurement_required
P1245_36,G2,A_batteries,G2-A_batteries-01,T007_HARD,0.0,2761.062337358848,T014_1,1243.0669141885128,A05,existing
P1245_36,G2,A_batteries,G2-A_batteries-01,T014_1,4004.1292515473606,6815.081680695524,,,A05,existing
P1245_36,G2,A_batteries,G2-A_batteries-02,T007_SOFT,0.0,2779.9496716386757,T016,1510.6220274329735,A06,existing
P1245_36,G2,A_batteries,G2-A_batteries-02,T016,4290.571699071649,7122.3061158963155,,,A06,existing
P1245_36,G2,A_batteries,G2-A_batteries-03,T007,3902.1292515473624,7963.433611739875,,,NEW-A_batteries-01,procurement_required
P1245_36,G2,A_batteries,G2-A_batteries-04,T020,3922.129251547361,7132.339749211256,,,NEW-A_batteries-02,procurement_required
P1245_36,G2,B_batteries,G2-B_batteries-01,T019_1,5028.582323174856,8012.288751525202,,,NEW-B_batteries-01,procurement_required
P1245_36,G2,C_batteries,G2-C_batteries-01,T018,4074.19338151371,9324.985225954879,,,NEW-C_batteries-01,procurement_required
P1245_36,G2,C_batteries,G2-C_batteries-02,T006,5262.790895633526,7891.7506752339295,,,NEW-C_batteries-02,procurement_required
P1245_36,G2,relay_aircraft,G2-relay_aircraft-01,R001,190.13731902940862,1999.297638856333,R002,2142.9689317204375,NEW-relay_aircraft-01,procurement_required
P1245_36,G2,relay_aircraft,G2-relay_aircraft-01,R002,4142.26657057677,7037.879962031191,,,NEW-relay_aircraft-01,procurement_required
P1245_36,G2,relay_components,G2-relay_components-01,R001,190.13731902940862,2344.3073253046314,R002,1797.959245272139,RE03,existing
P1245_36,G2,relay_components,G2-relay_components-01,R002,4142.26657057677,7517.75318080825,,,RE03,existing
P1246_35,G1,A_aircraft,G1-A_aircraft-01,T005,0.0,1312.470877312685,T004,691.6407629225723,U01,existing
P1246_35,G1,A_aircraft,G1-A_aircraft-01,T004,2004.1116402352573,4285.571599071649,,,U01,existing
P1246_35,G1,A_aircraft,G1-A_aircraft-02,T009,0.0,1316.0142144169886,T022,718.0974258182689,U02,existing
P1246_35,G1,A_aircraft,G1-A_aircraft-02,T022,2034.1116402352575,3725.6461264742065,,,U02,existing
P1246_35,G1,B_aircraft,G1-B_aircraft-01,T013,3065.5409516878613,5023.582223174855,,,U05,existing
P1246_35,G1,B_aircraft,G1-B_aircraft-02,T021,3813.1314217671124,5711.172693254107,,,U06,existing
P1246_35,G1,C_aircraft,G1-C_aircraft-01,T001,0.0,1561.4261775174655,T012,392.68546271779155,U07,existing
P1246_35,G1,C_aircraft,G1-C_aircraft-01,T012,1954.111640235257,4069.1932815137097,T006,1193.5976141198162,U07,existing
P1246_35,G1,C_aircraft,G1-C_aircraft-01,T006,5262.790895633526,6542.241766493663,,,U07,existing
P1246_35,G1,C_aircraft,G1-C_aircraft-02,T003,0.0,1429.4261775174655,T010_2,5.000099999999975,U08,existing
P1246_35,G1,C_aircraft,G1-C_aircraft-02,T010_2,1434.4262775174655,2867.4613603954576,T014_2,85.14537027022652,U08,existing
P1246_35,G1,C_aircraft,G1-C_aircraft-02,T014_2,2952.606730665684,5257.790795633526,,,U08,existing
P1246_35,G1,A_batteries,G1-A_batteries-01,T005,0.0,2178.7887122874713,,,A01,existing
P1246_35,G1,A_batteries,G1-A_batteries-02,T009,0.0,2194.736329391266,,,A02,existing
P1246_35,G1,A_batteries,G1-A_batteries-03,T004,2004.1116402352573,5653.515220850031,,,A03,existing
P1246_35,G1,A_batteries,G1-A_batteries-04,T022,2034.1116402352575,4901.140633153662,,,A04,existing
P1246_35,G1,B_batteries,G1-B_batteries-01,T013,3065.5409516878613,6982.827850660446,,,B01,existing
P1246_35,G1,B_batteries,G1-B_batteries-02,T021,3813.1314217671124,7578.354845171716,,,B02,existing
P1246_35,G1,C_batteries,G1-C_batteries-01,T001,0.0,3150.0928537629516,T006,2112.6980418705743,C01,existing
P1246_35,G1,C_batteries,G1-C_batteries-01,T006,5262.790895633526,7891.7506752339295,,,C01,existing
P1246_35,G1,C_batteries,G1-C_batteries-02,T003,0.0,2947.606630665684,T014_2,5.000100000000202,C02,existing
P1246_35,G1,C_batteries,G1-C_batteries-02,T014_2,2952.606730665684,7764.037455028012,,,C02,existing
P1246_35,G1,C_batteries,G1-C_batteries-03,T010_2,1434.4262775174655,4330.702121185847,,,C03,existing
P1246_35,G1,C_batteries,G1-C_batteries-04,T012,1954.111640235257,6561.858998965378,,,C04,existing
P1246_35,G1,relay_aircraft,G1-relay_aircraft-01,R003,2004.2977388563338,6244.037452916951,,,R01,existing
P1246_35,G1,relay_components,G1-relay_components-01,R003,2004.2977388563338,6902.075499094418,,,RE01,existing
P1246_35,G2,A_aircraft,G2-A_aircraft-01,T007_HARD,0.0,1712.4416357195464,T016,2578.1300633521028,U03,existing
P1246_35,G2,A_aircraft,G2-A_aircraft-01,T016,4290.571699071649,5986.329803740114,,,U03,existing
P1246_35,G2,A_aircraft,G2-A_aircraft-02,T007_SOFT,0.0,1712.4416357195464,T014_1,2291.687615827814,U04,existing
P1246_35,G2,A_aircraft,G2-A_aircraft-02,T014_1,4004.1292515473606,5699.887356215825,,,U04,existing
P1246_35,G2,A_aircraft,G2-A_aircraft-03,T007,3902.1292515473624,6510.170148656284,,,NEW-A_aircraft-01,procurement_required
P1246_35,G2,A_aircraft,G2-A_aircraft-04,T020,3922.129251547361,5892.33909852418,,,NEW-A_aircraft-02,procurement_required
P1246_35,G2,B_aircraft,G2-B_aircraft-01,T002_2,0.0,1500.9693925601796,T015,5.0000999999997475,NEW-B_aircraft-01,procurement_required
P1246_35,G2,B_aircraft,G2-B_aircraft-01,T015,1505.9694925601793,3060.540851687861,T019_1,1968.0414714869953,NEW-B_aircraft-01,procurement_required
P1246_35,G2,B_aircraft,G2-B_aircraft-01,T019_1,5028.582323174856,6547.606667586711,,,NEW-B_aircraft-01,procurement_required
P1246_35,G2,B_aircraft,G2-B_aircraft-02,T011,0.0,1944.0244440219892,T008,5.000100000000202,NEW-B_aircraft-02,procurement_required
P1246_35,G2,B_aircraft,G2-B_aircraft-02,T008,1949.0245440219894,3793.5634341775567,,,NEW-B_aircraft-02,procurement_required
P1246_35,G2,C_aircraft,G2-C_aircraft-01,T018,4074.19338151371,6761.824258884327,,,NEW-C_aircraft-01,procurement_required
P1246_35,G2,A_batteries,G2-A_batteries-01,T007_HARD,0.0,2761.062337358848,T014_1,1243.0669141885128,A05,existing
P1246_35,G2,A_batteries,G2-A_batteries-01,T014_1,4004.1292515473606,6815.081680695524,,,A05,existing
P1246_35,G2,A_batteries,G2-A_batteries-02,T007_SOFT,0.0,2779.9496716386757,T016,1510.6220274329735,A06,existing
P1246_35,G2,A_batteries,G2-A_batteries-02,T016,4290.571699071649,7122.3061158963155,,,A06,existing
P1246_35,G2,A_batteries,G2-A_batteries-03,T007,3902.1292515473624,7963.433611739875,,,NEW-A_batteries-01,procurement_required
P1246_35,G2,A_batteries,G2-A_batteries-04,T020,3922.129251547361,7132.339749211256,,,NEW-A_batteries-02,procurement_required
P1246_35,G2,B_batteries,G2-B_batteries-01,T002_2,0.0,2956.647180248775,T019_1,2071.9351429260814,B03,existing
P1246_35,G2,B_batteries,G2-B_batteries-01,T019_1,5028.582323174856,8012.288751525202,,,B03,existing
P1246_35,G2,B_batteries,G2-B_batteries-02,T011,0.0,3808.1313217671122,,,B04,existing
P1246_35,G2,B_batteries,G2-B_batteries-03,T015,1505.9694925601793,4516.326993610754,,,NEW-B_batteries-01,procurement_required
P1246_35,G2,B_batteries,G2-B_batteries-04,T008,1949.0245440219894,5382.225397256939,,,NEW-B_batteries-02,procurement_required
P1246_35,G2,C_batteries,G2-C_batteries-01,T018,4074.19338151371,9324.985225954879,,,NEW-C_batteries-01,procurement_required
P1246_35,G2,relay_aircraft,G2-relay_aircraft-01,R004,96.18236555369127,4137.266470460487,,,R02,existing
P1246_35,G2,relay_aircraft,G2-relay_aircraft-02,R001,190.13731902940862,1999.297638856333,R002,2142.9689317204375,NEW-relay_aircraft-01,procurement_required
P1246_35,G2,relay_aircraft,G2-relay_aircraft-02,R002,4142.26657057677,7037.879962031191,,,NEW-relay_aircraft-01,procurement_required
P1246_35,G2,relay_components,G2-relay_components-01,R004,96.18236555369127,4763.024275968738,,,RE02,existing
P1246_35,G2,relay_components,G2-relay_components-02,R001,190.13731902940862,2344.3073253046314,R002,1797.959245272139,RE03,existing
P1246_35,G2,relay_components,G2-relay_components-02,R002,4142.26657057677,7517.75318080825,,,RE03,existing
P124_356,G1,A_aircraft,G1-A_aircraft-01,T005,0.0,1312.470877312685,T004,691.6407629225723,U01,existing
P124_356,G1,A_aircraft,G1-A_aircraft-01,T004,2004.1116402352573,4285.571599071649,,,U01,existing
P124_356,G1,A_aircraft,G1-A_aircraft-02,T009,0.0,1316.0142144169886,T022,718.0974258182689,U02,existing
P124_356,G1,A_aircraft,G1-A_aircraft-02,T022,2034.1116402352575,3725.6461264742065,,,U02,existing
P124_356,G1,B_aircraft,G1-B_aircraft-01,T013,3065.5409516878613,5023.582223174855,,,U05,existing
P124_356,G1,B_aircraft,G1-B_aircraft-02,T021,3813.1314217671124,5711.172693254107,,,U06,existing
P124_356,G1,C_aircraft,G1-C_aircraft-01,T001,0.0,1561.4261775174655,T012,392.68546271779155,U07,existing
P124_356,G1,C_aircraft,G1-C_aircraft-01,T012,1954.111640235257,4069.1932815137097,,,U07,existing
P124_356,G1,C_aircraft,G1-C_aircraft-02,T003,0.0,1429.4261775174655,T010_2,5.000099999999975,U08,existing
P124_356,G1,C_aircraft,G1-C_aircraft-02,T010_2,1434.4262775174655,2867.4613603954576,T014_2,85.14537027022652,U08,existing
P124_356,G1,C_aircraft,G1-C_aircraft-02,T014_2,2952.606730665684,5257.790795633526,,,U08,existing
P124_356,G1,A_batteries,G1-A_batteries-01,T005,0.0,2178.7887122874713,,,A01,existing
P124_356,G1,A_batteries,G1-A_batteries-02,T009,0.0,2194.736329391266,,,A02,existing
P124_356,G1,A_batteries,G1-A_batteries-03,T004,2004.1116402352573,5653.515220850031,,,A03,existing
P124_356,G1,A_batteries,G1-A_batteries-04,T022,2034.1116402352575,4901.140633153662,,,A04,existing
P124_356,G1,B_batteries,G1-B_batteries-01,T013,3065.5409516878613,6982.827850660446,,,B01,existing
P124_356,G1,B_batteries,G1-B_batteries-02,T021,3813.1314217671124,7578.354845171716,,,B02,existing
P124_356,G1,C_batteries,G1-C_batteries-01,T001,0.0,3150.0928537629516,,,C01,existing
P124_356,G1,C_batteries,G1-C_batteries-02,T003,0.0,2947.606630665684,T014_2,5.000100000000202,C02,existing
P124_356,G1,C_batteries,G1-C_batteries-02,T014_2,2952.606730665684,7764.037455028012,,,C02,existing
P124_356,G1,C_batteries,G1-C_batteries-03,T010_2,1434.4262775174655,4330.702121185847,,,C03,existing
P124_356,G1,C_batteries,G1-C_batteries-04,T012,1954.111640235257,6561.858998965378,,,C04,existing
P124_356,G1,relay_aircraft,G1-relay_aircraft-01,R003,2004.2977388563338,6244.037452916951,,,R01,existing
P124_356,G1,relay_components,G1-relay_components-01,R003,2004.2977388563338,6902.075499094418,,,RE01,existing
P124_356,G2,A_aircraft,G2-A_aircraft-01,T007_HARD,0.0,1712.4416357195464,T016,2578.1300633521028,U03,existing
P124_356,G2,A_aircraft,G2-A_aircraft-01,T016,4290.571699071649,5986.329803740114,,,U03,existing
P124_356,G2,A_aircraft,G2-A_aircraft-02,T007_SOFT,0.0,1712.4416357195464,T014_1,2291.687615827814,U04,existing
P124_356,G2,A_aircraft,G2-A_aircraft-02,T014_1,4004.1292515473606,5699.887356215825,,,U04,existing
P124_356,G2,A_aircraft,G2-A_aircraft-03,T007,3902.1292515473624,6510.170148656284,,,NEW-A_aircraft-01,procurement_required
P124_356,G2,A_aircraft,G2-A_aircraft-04,T020,3922.129251547361,5892.33909852418,,,NEW-A_aircraft-02,procurement_required
P124_356,G2,B_aircraft,G2-B_aircraft-01,T002_2,0.0,1500.9693925601796,T015,5.0000999999997475,NEW-B_aircraft-01,procurement_required
P124_356,G2,B_aircraft,G2-B_aircraft-01,T015,1505.9694925601793,3060.540851687861,T019_1,1968.0414714869953,NEW-B_aircraft-01,procurement_required
P124_356,G2,B_aircraft,G2-B_aircraft-01,T019_1,5028.582323174856,6547.606667586711,,,NEW-B_aircraft-01,procurement_required
P124_356,G2,B_aircraft,G2-B_aircraft-02,T011,0.0,1944.0244440219892,T008,5.000100000000202,NEW-B_aircraft-02,procurement_required
P124_356,G2,B_aircraft,G2-B_aircraft-02,T008,1949.0245440219894,3793.5634341775567,,,NEW-B_aircraft-02,procurement_required
P124_356,G2,C_aircraft,G2-C_aircraft-01,T018,4074.19338151371,6761.824258884327,,,NEW-C_aircraft-01,procurement_required
P124_356,G2,C_aircraft,G2-C_aircraft-02,T006,5262.790895633526,6542.241766493663,,,NEW-C_aircraft-02,procurement_required
P124_356,G2,A_batteries,G2-A_batteries-01,T007_HARD,0.0,2761.062337358848,T014_1,1243.0669141885128,A05,existing
P124_356,G2,A_batteries,G2-A_batteries-01,T014_1,4004.1292515473606,6815.081680695524,,,A05,existing
P124_356,G2,A_batteries,G2-A_batteries-02,T007_SOFT,0.0,2779.9496716386757,T016,1510.6220274329735,A06,existing
P124_356,G2,A_batteries,G2-A_batteries-02,T016,4290.571699071649,7122.3061158963155,,,A06,existing
P124_356,G2,A_batteries,G2-A_batteries-03,T007,3902.1292515473624,7963.433611739875,,,NEW-A_batteries-01,procurement_required
P124_356,G2,A_batteries,G2-A_batteries-04,T020,3922.129251547361,7132.339749211256,,,NEW-A_batteries-02,procurement_required
P124_356,G2,B_batteries,G2-B_batteries-01,T002_2,0.0,2956.647180248775,T019_1,2071.9351429260814,B03,existing
P124_356,G2,B_batteries,G2-B_batteries-01,T019_1,5028.582323174856,8012.288751525202,,,B03,existing
P124_356,G2,B_batteries,G2-B_batteries-02,T011,0.0,3808.1313217671122,,,B04,existing
P124_356,G2,B_batteries,G2-B_batteries-03,T015,1505.9694925601793,4516.326993610754,,,NEW-B_batteries-01,procurement_required
P124_356,G2,B_batteries,G2-B_batteries-04,T008,1949.0245440219894,5382.225397256939,,,NEW-B_batteries-02,procurement_required
P124_356,G2,C_batteries,G2-C_batteries-01,T018,4074.19338151371,9324.985225954879,,,NEW-C_batteries-01,procurement_required
P124_356,G2,C_batteries,G2-C_batteries-02,T006,5262.790895633526,7891.7506752339295,,,NEW-C_batteries-02,procurement_required
P124_356,G2,relay_aircraft,G2-relay_aircraft-01,R004,96.18236555369127,4137.266470460487,,,R02,existing
P124_356,G2,relay_aircraft,G2-relay_aircraft-02,R001,190.13731902940862,1999.297638856333,R002,2142.9689317204375,NEW-relay_aircraft-01,procurement_required
P124_356,G2,relay_aircraft,G2-relay_aircraft-02,R002,4142.26657057677,7037.879962031191,,,NEW-relay_aircraft-01,procurement_required
P124_356,G2,relay_components,G2-relay_components-01,R004,96.18236555369127,4763.024275968738,,,RE02,existing
P124_356,G2,relay_components,G2-relay_components-02,R001,190.13731902940862,2344.3073253046314,R002,1797.959245272139,RE03,existing
P124_356,G2,relay_components,G2-relay_components-02,R002,4142.26657057677,7517.75318080825,,,RE03,existing
P1256_34,G1,A_aircraft,G1-A_aircraft-01,T005,0.0,1312.470877312685,T022,721.6407629225725,U01,existing
P1256_34,G1,A_aircraft,G1-A_aircraft-01,T022,2034.1116402352575,3725.6461264742065,,,U01,existing
P1256_34,G1,A_aircraft,G1-A_aircraft-02,T004,2004.1116402352573,4285.571599071649,,,U02,existing
P1256_34,G1,B_aircraft,G1-B_aircraft-01,T002_2,0.0,1500.9693925601796,T015,5.0000999999997475,U05,existing
P1256_34,G1,B_aircraft,G1-B_aircraft-01,T015,1505.9694925601793,3060.540851687861,T013,5.000100000000202,U05,existing
P1256_34,G1,B_aircraft,G1-B_aircraft-01,T013,3065.5409516878613,5023.582223174855,,,U05,existing
P1256_34,G1,B_aircraft,G1-B_aircraft-02,T011,0.0,1944.0244440219892,T008,5.000100000000202,U06,existing
P1256_34,G1,B_aircraft,G1-B_aircraft-02,T008,1949.0245440219894,3793.5634341775567,T021,19.56798758955574,U06,existing
P1256_34,G1,B_aircraft,G1-B_aircraft-02,T021,3813.1314217671124,5711.172693254107,,,U06,existing
P1256_34,G1,C_aircraft,G1-C_aircraft-01,T001,0.0,1561.4261775174655,T014_2,1391.1805531482187,U07,existing
P1256_34,G1,C_aircraft,G1-C_aircraft-01,T014_2,2952.606730665684,5257.790795633526,,,U07,existing
P1256_34,G1,C_aircraft,G1-C_aircraft-02,T003,0.0,1429.4261775174655,T012,524.6854627177916,U08,existing
P1256_34,G1,C_aircraft,G1-C_aircraft-02,T012,1954.111640235257,4069.1932815137097,T006,1193.5976141198162,U08,existing
P1256_34,G1,C_aircraft,G1-C_aircraft-02,T006,5262.790895633526,6542.241766493663,,,U08,existing
P1256_34,G1,A_batteries,G1-A_batteries-01,T005,0.0,2178.7887122874713,,,A01,existing
P1256_34,G1,A_batteries,G1-A_batteries-02,T004,2004.1116402352573,5653.515220850031,,,A02,existing
P1256_34,G1,A_batteries,G1-A_batteries-03,T022,2034.1116402352575,4901.140633153662,,,A03,existing
P1256_34,G1,B_batteries,G1-B_batteries-01,T002_2,0.0,2956.647180248775,T013,108.89377143908632,B01,existing
P1256_34,G1,B_batteries,G1-B_batteries-01,T013,3065.5409516878613,6982.827850660446,,,B01,existing
P1256_34,G1,B_batteries,G1-B_batteries-02,T011,0.0,3808.1313217671122,T021,5.000100000000202,B02,existing
P1256_34,G1,B_batteries,G1-B_batteries-02,T021,3813.1314217671124,7578.354845171716,,,B02,existing
P1256_34,G1,B_batteries,G1-B_batteries-03,T015,1505.9694925601793,4516.326993610754,,,B03,existing
P1256_34,G1,B_batteries,G1-B_batteries-04,T008,1949.0245440219894,5382.225397256939,,,B04,existing
P1256_34,G1,C_batteries,G1-C_batteries-01,T001,0.0,3150.0928537629516,T006,2112.6980418705743,C01,existing
P1256_34,G1,C_batteries,G1-C_batteries-01,T006,5262.790895633526,7891.7506752339295,,,C01,existing
P1256_34,G1,C_batteries,G1-C_batteries-02,T003,0.0,2947.606630665684,T014_2,5.000100000000202,C02,existing
P1256_34,G1,C_batteries,G1-C_batteries-02,T014_2,2952.606730665684,7764.037455028012,,,C02,existing
P1256_34,G1,C_batteries,G1-C_batteries-03,T012,1954.111640235257,6561.858998965378,,,C03,existing
P1256_34,G1,relay_aircraft,G1-relay_aircraft-01,R004,96.18236555369127,4137.266470460487,,,R01,existing
P1256_34,G1,relay_aircraft,G1-relay_aircraft-02,R003,2004.2977388563338,6244.037452916951,,,R02,existing
P1256_34,G1,relay_components,G1-relay_components-01,R004,96.18236555369127,4763.024275968738,,,RE01,existing
P1256_34,G1,relay_components,G1-relay_components-02,R003,2004.2977388563338,6902.075499094418,,,RE02,existing
P1256_34,G2,A_aircraft,G2-A_aircraft-01,T007_HARD,0.0,1712.4416357195464,T016,2578.1300633521028,U03,existing
P1256_34,G2,A_aircraft,G2-A_aircraft-01,T016,4290.571699071649,5986.329803740114,,,U03,existing
P1256_34,G2,A_aircraft,G2-A_aircraft-02,T007_SOFT,0.0,1712.4416357195464,T014_1,2291.687615827814,U04,existing
P1256_34,G2,A_aircraft,G2-A_aircraft-02,T014_1,4004.1292515473606,5699.887356215825,,,U04,existing
P1256_34,G2,A_aircraft,G2-A_aircraft-03,T009,0.0,1316.0142144169886,T007,2586.115037130374,NEW-A_aircraft-01,procurement_required
P1256_34,G2,A_aircraft,G2-A_aircraft-03,T007,3902.1292515473624,6510.170148656284,,,NEW-A_aircraft-01,procurement_required
P1256_34,G2,A_aircraft,G2-A_aircraft-04,T020,3922.129251547361,5892.33909852418,,,NEW-A_aircraft-02,procurement_required
P1256_34,G2,B_aircraft,G2-B_aircraft-01,T019_1,5028.582323174856,6547.606667586711,,,NEW-B_aircraft-01,procurement_required
P1256_34,G2,C_aircraft,G2-C_aircraft-01,T010_2,1434.4262775174655,2867.4613603954576,T018,1206.7320211182523,NEW-C_aircraft-01,procurement_required
P1256_34,G2,C_aircraft,G2-C_aircraft-01,T018,4074.19338151371,6761.824258884327,,,NEW-C_aircraft-01,procurement_required
P1256_34,G2,A_batteries,G2-A_batteries-01,T007_HARD,0.0,2761.062337358848,T014_1,1243.0669141885128,A04,existing
P1256_34,G2,A_batteries,G2-A_batteries-01,T014_1,4004.1292515473606,6815.081680695524,,,A04,existing
P1256_34,G2,A_batteries,G2-A_batteries-02,T007_SOFT,0.0,2779.9496716386757,T016,1510.6220274329735,A05,existing
P1256_34,G2,A_batteries,G2-A_batteries-02,T016,4290.571699071649,7122.3061158963155,,,A05,existing
P1256_34,G2,A_batteries,G2-A_batteries-03,T009,0.0,2194.736329391266,T007,1707.3929221560966,A06,existing
P1256_34,G2,A_batteries,G2-A_batteries-03,T007,3902.1292515473624,7963.433611739875,,,A06,existing
P1256_34,G2,A_batteries,G2-A_batteries-04,T020,3922.129251547361,7132.339749211256,,,NEW-A_batteries-01,procurement_required
P1256_34,G2,B_batteries,G2-B_batteries-01,T019_1,5028.582323174856,8012.288751525202,,,NEW-B_batteries-01,procurement_required
P1256_34,G2,C_batteries,G2-C_batteries-01,T010_2,1434.4262775174655,4330.702121185847,,,C04,existing
P1256_34,G2,C_batteries,G2-C_batteries-02,T018,4074.19338151371,9324.985225954879,,,NEW-C_batteries-01,procurement_required
P1256_34,G2,relay_aircraft,G2-relay_aircraft-01,R001,190.13731902940862,1999.297638856333,R002,2142.9689317204375,NEW-relay_aircraft-01,procurement_required
P1256_34,G2,relay_aircraft,G2-relay_aircraft-01,R002,4142.26657057677,7037.879962031191,,,NEW-relay_aircraft-01,procurement_required
P1256_34,G2,relay_components,G2-relay_components-01,R001,190.13731902940862,2344.3073253046314,R002,1797.959245272139,RE03,existing
P1256_34,G2,relay_components,G2-relay_components-01,R002,4142.26657057677,7517.75318080825,,,RE03,existing
P125_346,G1,A_aircraft,G1-A_aircraft-01,T005,0.0,1312.470877312685,T022,721.6407629225725,U01,existing
P125_346,G1,A_aircraft,G1-A_aircraft-01,T022,2034.1116402352575,3725.6461264742065,,,U01,existing
P125_346,G1,A_aircraft,G1-A_aircraft-02,T004,2004.1116402352573,4285.571599071649,,,U02,existing
P125_346,G1,B_aircraft,G1-B_aircraft-01,T002_2,0.0,1500.9693925601796,T015,5.0000999999997475,U05,existing
P125_346,G1,B_aircraft,G1-B_aircraft-01,T015,1505.9694925601793,3060.540851687861,T013,5.000100000000202,U05,existing
P125_346,G1,B_aircraft,G1-B_aircraft-01,T013,3065.5409516878613,5023.582223174855,,,U05,existing
P125_346,G1,B_aircraft,G1-B_aircraft-02,T011,0.0,1944.0244440219892,T008,5.000100000000202,U06,existing
P125_346,G1,B_aircraft,G1-B_aircraft-02,T008,1949.0245440219894,3793.5634341775567,T021,19.56798758955574,U06,existing
P125_346,G1,B_aircraft,G1-B_aircraft-02,T021,3813.1314217671124,5711.172693254107,,,U06,existing
P125_346,G1,C_aircraft,G1-C_aircraft-01,T001,0.0,1561.4261775174655,T014_2,1391.1805531482187,U07,existing
P125_346,G1,C_aircraft,G1-C_aircraft-01,T014_2,2952.606730665684,5257.790795633526,,,U07,existing
P125_346,G1,C_aircraft,G1-C_aircraft-02,T003,0.0,1429.4261775174655,T012,524.6854627177916,U08,existing
P125_346,G1,C_aircraft,G1-C_aircraft-02,T012,1954.111640235257,4069.1932815137097,,,U08,existing
P125_346,G1,A_batteries,G1-A_batteries-01,T005,0.0,2178.7887122874713,,,A01,existing
P125_346,G1,A_batteries,G1-A_batteries-02,T004,2004.1116402352573,5653.515220850031,,,A02,existing
P125_346,G1,A_batteries,G1-A_batteries-03,T022,2034.1116402352575,4901.140633153662,,,A03,existing
P125_346,G1,B_batteries,G1-B_batteries-01,T002_2,0.0,2956.647180248775,T013,108.89377143908632,B01,existing
P125_346,G1,B_batteries,G1-B_batteries-01,T013,3065.5409516878613,6982.827850660446,,,B01,existing
P125_346,G1,B_batteries,G1-B_batteries-02,T011,0.0,3808.1313217671122,T021,5.000100000000202,B02,existing
P125_346,G1,B_batteries,G1-B_batteries-02,T021,3813.1314217671124,7578.354845171716,,,B02,existing
P125_346,G1,B_batteries,G1-B_batteries-03,T015,1505.9694925601793,4516.326993610754,,,B03,existing
P125_346,G1,B_batteries,G1-B_batteries-04,T008,1949.0245440219894,5382.225397256939,,,B04,existing
P125_346,G1,C_batteries,G1-C_batteries-01,T001,0.0,3150.0928537629516,,,C01,existing
P125_346,G1,C_batteries,G1-C_batteries-02,T003,0.0,2947.606630665684,T014_2,5.000100000000202,C02,existing
P125_346,G1,C_batteries,G1-C_batteries-02,T014_2,2952.606730665684,7764.037455028012,,,C02,existing
P125_346,G1,C_batteries,G1-C_batteries-03,T012,1954.111640235257,6561.858998965378,,,C03,existing
P125_346,G1,relay_aircraft,G1-relay_aircraft-01,R004,96.18236555369127,4137.266470460487,,,R01,existing
P125_346,G1,relay_aircraft,G1-relay_aircraft-02,R003,2004.2977388563338,6244.037452916951,,,R02,existing
P125_346,G1,relay_components,G1-relay_components-01,R004,96.18236555369127,4763.024275968738,,,RE01,existing
P125_346,G1,relay_components,G1-relay_components-02,R003,2004.2977388563338,6902.075499094418,,,RE02,existing
P125_346,G2,A_aircraft,G2-A_aircraft-01,T007_HARD,0.0,1712.4416357195464,T016,2578.1300633521028,U03,existing
P125_346,G2,A_aircraft,G2-A_aircraft-01,T016,4290.571699071649,5986.329803740114,,,U03,existing
P125_346,G2,A_aircraft,G2-A_aircraft-02,T007_SOFT,0.0,1712.4416357195464,T014_1,2291.687615827814,U04,existing
P125_346,G2,A_aircraft,G2-A_aircraft-02,T014_1,4004.1292515473606,5699.887356215825,,,U04,existing
P125_346,G2,A_aircraft,G2-A_aircraft-03,T009,0.0,1316.0142144169886,T007,2586.115037130374,NEW-A_aircraft-01,procurement_required
P125_346,G2,A_aircraft,G2-A_aircraft-03,T007,3902.1292515473624,6510.170148656284,,,NEW-A_aircraft-01,procurement_required
P125_346,G2,A_aircraft,G2-A_aircraft-04,T020,3922.129251547361,5892.33909852418,,,NEW-A_aircraft-02,procurement_required
P125_346,G2,B_aircraft,G2-B_aircraft-01,T019_1,5028.582323174856,6547.606667586711,,,NEW-B_aircraft-01,procurement_required
P125_346,G2,C_aircraft,G2-C_aircraft-01,T010_2,1434.4262775174655,2867.4613603954576,T006,2395.3295352380683,NEW-C_aircraft-01,procurement_required
P125_346,G2,C_aircraft,G2-C_aircraft-01,T006,5262.790895633526,6542.241766493663,,,NEW-C_aircraft-01,procurement_required
P125_346,G2,C_aircraft,G2-C_aircraft-02,T018,4074.19338151371,6761.824258884327,,,NEW-C_aircraft-02,procurement_required
P125_346,G2,A_batteries,G2-A_batteries-01,T007_HARD,0.0,2761.062337358848,T014_1,1243.0669141885128,A04,existing
P125_346,G2,A_batteries,G2-A_batteries-01,T014_1,4004.1292515473606,6815.081680695524,,,A04,existing
P125_346,G2,A_batteries,G2-A_batteries-02,T007_SOFT,0.0,2779.9496716386757,T016,1510.6220274329735,A05,existing
P125_346,G2,A_batteries,G2-A_batteries-02,T016,4290.571699071649,7122.3061158963155,,,A05,existing
P125_346,G2,A_batteries,G2-A_batteries-03,T009,0.0,2194.736329391266,T007,1707.3929221560966,A06,existing
P125_346,G2,A_batteries,G2-A_batteries-03,T007,3902.1292515473624,7963.433611739875,,,A06,existing
P125_346,G2,A_batteries,G2-A_batteries-04,T020,3922.129251547361,7132.339749211256,,,NEW-A_batteries-01,procurement_required
P125_346,G2,B_batteries,G2-B_batteries-01,T019_1,5028.582323174856,8012.288751525202,,,NEW-B_batteries-01,procurement_required
P125_346,G2,C_batteries,G2-C_batteries-01,T010_2,1434.4262775174655,4330.702121185847,T006,932.0887744476786,C04,existing
P125_346,G2,C_batteries,G2-C_batteries-01,T006,5262.790895633526,7891.7506752339295,,,C04,existing
P125_346,G2,C_batteries,G2-C_batteries-02,T018,4074.19338151371,9324.985225954879,,,NEW-C_batteries-01,procurement_required
P125_346,G2,relay_aircraft,G2-relay_aircraft-01,R001,190.13731902940862,1999.297638856333,R002,2142.9689317204375,NEW-relay_aircraft-01,procurement_required
P125_346,G2,relay_aircraft,G2-relay_aircraft-01,R002,4142.26657057677,7037.879962031191,,,NEW-relay_aircraft-01,procurement_required
P125_346,G2,relay_components,G2-relay_components-01,R001,190.13731902940862,2344.3073253046314,R002,1797.959245272139,RE03,existing
P125_346,G2,relay_components,G2-relay_components-01,R002,4142.26657057677,7517.75318080825,,,RE03,existing
P126_345,G1,A_aircraft,G1-A_aircraft-01,T005,0.0,1312.470877312685,T022,721.6407629225725,U01,existing
P126_345,G1,A_aircraft,G1-A_aircraft-01,T022,2034.1116402352575,3725.6461264742065,,,U01,existing
P126_345,G1,A_aircraft,G1-A_aircraft-02,T004,2004.1116402352573,4285.571599071649,,,U02,existing
P126_345,G1,B_aircraft,G1-B_aircraft-01,T013,3065.5409516878613,5023.582223174855,,,U05,existing
P126_345,G1,B_aircraft,G1-B_aircraft-02,T021,3813.1314217671124,5711.172693254107,,,U06,existing
P126_345,G1,C_aircraft,G1-C_aircraft-01,T001,0.0,1561.4261775174655,T014_2,1391.1805531482187,U07,existing
P126_345,G1,C_aircraft,G1-C_aircraft-01,T014_2,2952.606730665684,5257.790795633526,,,U07,existing
P126_345,G1,C_aircraft,G1-C_aircraft-02,T003,0.0,1429.4261775174655,T012,524.6854627177916,U08,existing
P126_345,G1,C_aircraft,G1-C_aircraft-02,T012,1954.111640235257,4069.1932815137097,T006,1193.5976141198162,U08,existing
P126_345,G1,C_aircraft,G1-C_aircraft-02,T006,5262.790895633526,6542.241766493663,,,U08,existing
P126_345,G1,A_batteries,G1-A_batteries-01,T005,0.0,2178.7887122874713,,,A01,existing
P126_345,G1,A_batteries,G1-A_batteries-02,T004,2004.1116402352573,5653.515220850031,,,A02,existing
P126_345,G1,A_batteries,G1-A_batteries-03,T022,2034.1116402352575,4901.140633153662,,,A03,existing
P126_345,G1,B_batteries,G1-B_batteries-01,T013,3065.5409516878613,6982.827850660446,,,B01,existing
P126_345,G1,B_batteries,G1-B_batteries-02,T021,3813.1314217671124,7578.354845171716,,,B02,existing
P126_345,G1,C_batteries,G1-C_batteries-01,T001,0.0,3150.0928537629516,T006,2112.6980418705743,C01,existing
P126_345,G1,C_batteries,G1-C_batteries-01,T006,5262.790895633526,7891.7506752339295,,,C01,existing
P126_345,G1,C_batteries,G1-C_batteries-02,T003,0.0,2947.606630665684,T014_2,5.000100000000202,C02,existing
P126_345,G1,C_batteries,G1-C_batteries-02,T014_2,2952.606730665684,7764.037455028012,,,C02,existing
P126_345,G1,C_batteries,G1-C_batteries-03,T012,1954.111640235257,6561.858998965378,,,C03,existing
P126_345,G1,relay_aircraft,G1-relay_aircraft-01,R003,2004.2977388563338,6244.037452916951,,,R01,existing
P126_345,G1,relay_components,G1-relay_components-01,R003,2004.2977388563338,6902.075499094418,,,RE01,existing
P126_345,G2,A_aircraft,G2-A_aircraft-01,T007_HARD,0.0,1712.4416357195464,T016,2578.1300633521028,U03,existing
P126_345,G2,A_aircraft,G2-A_aircraft-01,T016,4290.571699071649,5986.329803740114,,,U03,existing
P126_345,G2,A_aircraft,G2-A_aircraft-02,T007_SOFT,0.0,1712.4416357195464,T014_1,2291.687615827814,U04,existing
P126_345,G2,A_aircraft,G2-A_aircraft-02,T014_1,4004.1292515473606,5699.887356215825,,,U04,existing
P126_345,G2,A_aircraft,G2-A_aircraft-03,T009,0.0,1316.0142144169886,T007,2586.115037130374,NEW-A_aircraft-01,procurement_required
P126_345,G2,A_aircraft,G2-A_aircraft-03,T007,3902.1292515473624,6510.170148656284,,,NEW-A_aircraft-01,procurement_required
P126_345,G2,A_aircraft,G2-A_aircraft-04,T020,3922.129251547361,5892.33909852418,,,NEW-A_aircraft-02,procurement_required
P126_345,G2,B_aircraft,G2-B_aircraft-01,T002_2,0.0,1500.9693925601796,T015,5.0000999999997475,NEW-B_aircraft-01,procurement_required
P126_345,G2,B_aircraft,G2-B_aircraft-01,T015,1505.9694925601793,3060.540851687861,T019_1,1968.0414714869953,NEW-B_aircraft-01,procurement_required
P126_345,G2,B_aircraft,G2-B_aircraft-01,T019_1,5028.582323174856,6547.606667586711,,,NEW-B_aircraft-01,procurement_required
P126_345,G2,B_aircraft,G2-B_aircraft-02,T011,0.0,1944.0244440219892,T008,5.000100000000202,NEW-B_aircraft-02,procurement_required
P126_345,G2,B_aircraft,G2-B_aircraft-02,T008,1949.0245440219894,3793.5634341775567,,,NEW-B_aircraft-02,procurement_required
P126_345,G2,C_aircraft,G2-C_aircraft-01,T010_2,1434.4262775174655,2867.4613603954576,T018,1206.7320211182523,NEW-C_aircraft-01,procurement_required
P126_345,G2,C_aircraft,G2-C_aircraft-01,T018,4074.19338151371,6761.824258884327,,,NEW-C_aircraft-01,procurement_required
P126_345,G2,A_batteries,G2-A_batteries-01,T007_HARD,0.0,2761.062337358848,T014_1,1243.0669141885128,A04,existing
P126_345,G2,A_batteries,G2-A_batteries-01,T014_1,4004.1292515473606,6815.081680695524,,,A04,existing
P126_345,G2,A_batteries,G2-A_batteries-02,T007_SOFT,0.0,2779.9496716386757,T016,1510.6220274329735,A05,existing
P126_345,G2,A_batteries,G2-A_batteries-02,T016,4290.571699071649,7122.3061158963155,,,A05,existing
P126_345,G2,A_batteries,G2-A_batteries-03,T009,0.0,2194.736329391266,T007,1707.3929221560966,A06,existing
P126_345,G2,A_batteries,G2-A_batteries-03,T007,3902.1292515473624,7963.433611739875,,,A06,existing
P126_345,G2,A_batteries,G2-A_batteries-04,T020,3922.129251547361,7132.339749211256,,,NEW-A_batteries-01,procurement_required
P126_345,G2,B_batteries,G2-B_batteries-01,T002_2,0.0,2956.647180248775,T019_1,2071.9351429260814,B03,existing
P126_345,G2,B_batteries,G2-B_batteries-01,T019_1,5028.582323174856,8012.288751525202,,,B03,existing
P126_345,G2,B_batteries,G2-B_batteries-02,T011,0.0,3808.1313217671122,,,B04,existing
P126_345,G2,B_batteries,G2-B_batteries-03,T015,1505.9694925601793,4516.326993610754,,,NEW-B_batteries-01,procurement_required
P126_345,G2,B_batteries,G2-B_batteries-04,T008,1949.0245440219894,5382.225397256939,,,NEW-B_batteries-02,procurement_required
P126_345,G2,C_batteries,G2-C_batteries-01,T010_2,1434.4262775174655,4330.702121185847,,,C04,existing
P126_345,G2,C_batteries,G2-C_batteries-02,T018,4074.19338151371,9324.985225954879,,,NEW-C_batteries-01,procurement_required
P126_345,G2,relay_aircraft,G2-relay_aircraft-01,R004,96.18236555369127,4137.266470460487,,,R02,existing
P126_345,G2,relay_aircraft,G2-relay_aircraft-02,R001,190.13731902940862,1999.297638856333,R002,2142.9689317204375,NEW-relay_aircraft-01,procurement_required
P126_345,G2,relay_aircraft,G2-relay_aircraft-02,R002,4142.26657057677,7037.879962031191,,,NEW-relay_aircraft-01,procurement_required
P126_345,G2,relay_components,G2-relay_components-01,R004,96.18236555369127,4763.024275968738,,,RE02,existing
P126_345,G2,relay_components,G2-relay_components-02,R001,190.13731902940862,2344.3073253046314,R002,1797.959245272139,RE03,existing
P126_345,G2,relay_components,G2-relay_components-02,R002,4142.26657057677,7517.75318080825,,,RE03,existing
P12_3456,G1,A_aircraft,G1-A_aircraft-01,T005,0.0,1312.470877312685,T022,721.6407629225725,U01,existing
P12_3456,G1,A_aircraft,G1-A_aircraft-01,T022,2034.1116402352575,3725.6461264742065,,,U01,existing
P12_3456,G1,A_aircraft,G1-A_aircraft-02,T004,2004.1116402352573,4285.571599071649,,,U02,existing
P12_3456,G1,B_aircraft,G1-B_aircraft-01,T013,3065.5409516878613,5023.582223174855,,,U05,existing
P12_3456,G1,B_aircraft,G1-B_aircraft-02,T021,3813.1314217671124,5711.172693254107,,,U06,existing
P12_3456,G1,C_aircraft,G1-C_aircraft-01,T001,0.0,1561.4261775174655,T014_2,1391.1805531482187,U07,existing
P12_3456,G1,C_aircraft,G1-C_aircraft-01,T014_2,2952.606730665684,5257.790795633526,,,U07,existing
P12_3456,G1,C_aircraft,G1-C_aircraft-02,T003,0.0,1429.4261775174655,T012,524.6854627177916,U08,existing
P12_3456,G1,C_aircraft,G1-C_aircraft-02,T012,1954.111640235257,4069.1932815137097,,,U08,existing
P12_3456,G1,A_batteries,G1-A_batteries-01,T005,0.0,2178.7887122874713,,,A01,existing
P12_3456,G1,A_batteries,G1-A_batteries-02,T004,2004.1116402352573,5653.515220850031,,,A02,existing
P12_3456,G1,A_batteries,G1-A_batteries-03,T022,2034.1116402352575,4901.140633153662,,,A03,existing
P12_3456,G1,B_batteries,G1-B_batteries-01,T013,3065.5409516878613,6982.827850660446,,,B01,existing
P12_3456,G1,B_batteries,G1-B_batteries-02,T021,3813.1314217671124,7578.354845171716,,,B02,existing
P12_3456,G1,C_batteries,G1-C_batteries-01,T001,0.0,3150.0928537629516,,,C01,existing
P12_3456,G1,C_batteries,G1-C_batteries-02,T003,0.0,2947.606630665684,T014_2,5.000100000000202,C02,existing
P12_3456,G1,C_batteries,G1-C_batteries-02,T014_2,2952.606730665684,7764.037455028012,,,C02,existing
P12_3456,G1,C_batteries,G1-C_batteries-03,T012,1954.111640235257,6561.858998965378,,,C03,existing
P12_3456,G1,relay_aircraft,G1-relay_aircraft-01,R003,2004.2977388563338,6244.037452916951,,,R01,existing
P12_3456,G1,relay_components,G1-relay_components-01,R003,2004.2977388563338,6902.075499094418,,,RE01,existing
P12_3456,G2,A_aircraft,G2-A_aircraft-01,T007_HARD,0.0,1712.4416357195464,T016,2578.1300633521028,U03,existing
P12_3456,G2,A_aircraft,G2-A_aircraft-01,T016,4290.571699071649,5986.329803740114,,,U03,existing
P12_3456,G2,A_aircraft,G2-A_aircraft-02,T007_SOFT,0.0,1712.4416357195464,T014_1,2291.687615827814,U04,existing
P12_3456,G2,A_aircraft,G2-A_aircraft-02,T014_1,4004.1292515473606,5699.887356215825,,,U04,existing
P12_3456,G2,A_aircraft,G2-A_aircraft-03,T009,0.0,1316.0142144169886,T007,2586.115037130374,NEW-A_aircraft-01,procurement_required
P12_3456,G2,A_aircraft,G2-A_aircraft-03,T007,3902.1292515473624,6510.170148656284,,,NEW-A_aircraft-01,procurement_required
P12_3456,G2,A_aircraft,G2-A_aircraft-04,T020,3922.129251547361,5892.33909852418,,,NEW-A_aircraft-02,procurement_required
P12_3456,G2,B_aircraft,G2-B_aircraft-01,T002_2,0.0,1500.9693925601796,T015,5.0000999999997475,NEW-B_aircraft-01,procurement_required
P12_3456,G2,B_aircraft,G2-B_aircraft-01,T015,1505.9694925601793,3060.540851687861,T019_1,1968.0414714869953,NEW-B_aircraft-01,procurement_required
P12_3456,G2,B_aircraft,G2-B_aircraft-01,T019_1,5028.582323174856,6547.606667586711,,,NEW-B_aircraft-01,procurement_required
P12_3456,G2,B_aircraft,G2-B_aircraft-02,T011,0.0,1944.0244440219892,T008,5.000100000000202,NEW-B_aircraft-02,procurement_required
P12_3456,G2,B_aircraft,G2-B_aircraft-02,T008,1949.0245440219894,3793.5634341775567,,,NEW-B_aircraft-02,procurement_required
P12_3456,G2,C_aircraft,G2-C_aircraft-01,T010_2,1434.4262775174655,2867.4613603954576,T006,2395.3295352380683,NEW-C_aircraft-01,procurement_required
P12_3456,G2,C_aircraft,G2-C_aircraft-01,T006,5262.790895633526,6542.241766493663,,,NEW-C_aircraft-01,procurement_required
P12_3456,G2,C_aircraft,G2-C_aircraft-02,T018,4074.19338151371,6761.824258884327,,,NEW-C_aircraft-02,procurement_required
P12_3456,G2,A_batteries,G2-A_batteries-01,T007_HARD,0.0,2761.062337358848,T014_1,1243.0669141885128,A04,existing
P12_3456,G2,A_batteries,G2-A_batteries-01,T014_1,4004.1292515473606,6815.081680695524,,,A04,existing
P12_3456,G2,A_batteries,G2-A_batteries-02,T007_SOFT,0.0,2779.9496716386757,T016,1510.6220274329735,A05,existing
P12_3456,G2,A_batteries,G2-A_batteries-02,T016,4290.571699071649,7122.3061158963155,,,A05,existing
P12_3456,G2,A_batteries,G2-A_batteries-03,T009,0.0,2194.736329391266,T007,1707.3929221560966,A06,existing
P12_3456,G2,A_batteries,G2-A_batteries-03,T007,3902.1292515473624,7963.433611739875,,,A06,existing
P12_3456,G2,A_batteries,G2-A_batteries-04,T020,3922.129251547361,7132.339749211256,,,NEW-A_batteries-01,procurement_required
P12_3456,G2,B_batteries,G2-B_batteries-01,T002_2,0.0,2956.647180248775,T019_1,2071.9351429260814,B03,existing
P12_3456,G2,B_batteries,G2-B_batteries-01,T019_1,5028.582323174856,8012.288751525202,,,B03,existing
P12_3456,G2,B_batteries,G2-B_batteries-02,T011,0.0,3808.1313217671122,,,B04,existing
P12_3456,G2,B_batteries,G2-B_batteries-03,T015,1505.9694925601793,4516.326993610754,,,NEW-B_batteries-01,procurement_required
P12_3456,G2,B_batteries,G2-B_batteries-04,T008,1949.0245440219894,5382.225397256939,,,NEW-B_batteries-02,procurement_required
P12_3456,G2,C_batteries,G2-C_batteries-01,T010_2,1434.4262775174655,4330.702121185847,T006,932.0887744476786,C04,existing
P12_3456,G2,C_batteries,G2-C_batteries-01,T006,5262.790895633526,7891.7506752339295,,,C04,existing
P12_3456,G2,C_batteries,G2-C_batteries-02,T018,4074.19338151371,9324.985225954879,,,NEW-C_batteries-01,procurement_required
P12_3456,G2,relay_aircraft,G2-relay_aircraft-01,R004,96.18236555369127,4137.266470460487,,,R02,existing
P12_3456,G2,relay_aircraft,G2-relay_aircraft-02,R001,190.13731902940862,1999.297638856333,R002,2142.9689317204375,NEW-relay_aircraft-01,procurement_required
P12_3456,G2,relay_aircraft,G2-relay_aircraft-02,R002,4142.26657057677,7037.879962031191,,,NEW-relay_aircraft-01,procurement_required
P12_3456,G2,relay_components,G2-relay_components-01,R004,96.18236555369127,4763.024275968738,,,RE02,existing
P12_3456,G2,relay_components,G2-relay_components-02,R001,190.13731902940862,2344.3073253046314,R002,1797.959245272139,RE03,existing
P12_3456,G2,relay_components,G2-relay_components-02,R002,4142.26657057677,7517.75318080825,,,RE03,existing
P13456_2,G1,A_aircraft,G1-A_aircraft-01,T005,0.0,1312.470877312685,T020,2609.658374234676,U01,existing
P13456_2,G1,A_aircraft,G1-A_aircraft-01,T020,3922.129251547361,5892.33909852418,,,U01,existing
P13456_2,G1,A_aircraft,G1-A_aircraft-02,T007_HARD,0.0,1712.4416357195464,T016,2578.1300633521028,U02,existing
P13456_2,G1,A_aircraft,G1-A_aircraft-02,T016,4290.571699071649,5986.329803740114,,,U02,existing
P13456_2,G1,A_aircraft,G1-A_aircraft-03,T007_SOFT,0.0,1712.4416357195464,T014_1,2291.687615827814,U03,existing
P13456_2,G1,A_aircraft,G1-A_aircraft-03,T014_1,4004.1292515473606,5699.887356215825,,,U03,existing
P13456_2,G1,A_aircraft,G1-A_aircraft-04,T009,0.0,1316.0142144169886,T007,2586.115037130374,U04,existing
P13456_2,G1,A_aircraft,G1-A_aircraft-04,T007,3902.1292515473624,6510.170148656284,,,U04,existing
P13456_2,G1,B_aircraft,G1-B_aircraft-01,T002_2,0.0,1500.9693925601796,T015,5.0000999999997475,U05,existing
P13456_2,G1,B_aircraft,G1-B_aircraft-01,T015,1505.9694925601793,3060.540851687861,T019_1,1968.0414714869953,U05,existing
P13456_2,G1,B_aircraft,G1-B_aircraft-01,T019_1,5028.582323174856,6547.606667586711,,,U05,existing
P13456_2,G1,B_aircraft,G1-B_aircraft-02,T011,0.0,1944.0244440219892,T008,5.000100000000202,U06,existing
P13456_2,G1,B_aircraft,G1-B_aircraft-02,T008,1949.0245440219894,3793.5634341775567,,,U06,existing
P13456_2,G1,C_aircraft,G1-C_aircraft-01,T001,0.0,1561.4261775174655,T006,3701.3647181160604,U07,existing
P13456_2,G1,C_aircraft,G1-C_aircraft-01,T006,5262.790895633526,6542.241766493663,,,U07,existing
P13456_2,G1,C_aircraft,G1-C_aircraft-02,T003,0.0,1429.4261775174655,T010_2,5.000099999999975,U08,existing
P13456_2,G1,C_aircraft,G1-C_aircraft-02,T010_2,1434.4262775174655,2867.4613603954576,T018,1206.7320211182523,U08,existing
P13456_2,G1,C_aircraft,G1-C_aircraft-02,T018,4074.19338151371,6761.824258884327,,,U08,existing
P13456_2,G1,A_batteries,G1-A_batteries-01,T005,0.0,2178.7887122874713,T020,1743.3405392598897,A01,existing
P13456_2,G1,A_batteries,G1-A_batteries-01,T020,3922.129251547361,7132.339749211256,,,A01,existing
P13456_2,G1,A_batteries,G1-A_batteries-02,T007_HARD,0.0,2761.062337358848,T014_1,1243.0669141885128,A02,existing
P13456_2,G1,A_batteries,G1-A_batteries-02,T014_1,4004.1292515473606,6815.081680695524,,,A02,existing
P13456_2,G1,A_batteries,G1-A_batteries-03,T007_SOFT,0.0,2779.9496716386757,T016,1510.6220274329735,A03,existing
P13456_2,G1,A_batteries,G1-A_batteries-03,T016,4290.571699071649,7122.3061158963155,,,A03,existing
P13456_2,G1,A_batteries,G1-A_batteries-04,T009,0.0,2194.736329391266,T007,1707.3929221560966,A04,existing
P13456_2,G1,A_batteries,G1-A_batteries-04,T007,3902.1292515473624,7963.433611739875,,,A04,existing
P13456_2,G1,B_batteries,G1-B_batteries-01,T002_2,0.0,2956.647180248775,T019_1,2071.9351429260814,B01,existing
P13456_2,G1,B_batteries,G1-B_batteries-01,T019_1,5028.582323174856,8012.288751525202,,,B01,existing
P13456_2,G1,B_batteries,G1-B_batteries-02,T011,0.0,3808.1313217671122,,,B02,existing
P13456_2,G1,B_batteries,G1-B_batteries-03,T015,1505.9694925601793,4516.326993610754,,,B03,existing
P13456_2,G1,B_batteries,G1-B_batteries-04,T008,1949.0245440219894,5382.225397256939,,,B04,existing
P13456_2,G1,C_batteries,G1-C_batteries-01,T001,0.0,3150.0928537629516,T006,2112.6980418705743,C01,existing
P13456_2,G1,C_batteries,G1-C_batteries-01,T006,5262.790895633526,7891.7506752339295,,,C01,existing
P13456_2,G1,C_batteries,G1-C_batteries-02,T003,0.0,2947.606630665684,T018,1126.586750848026,C02,existing
P13456_2,G1,C_batteries,G1-C_batteries-02,T018,4074.19338151371,9324.985225954879,,,C02,existing
P13456_2,G1,C_batteries,G1-C_batteries-03,T010_2,1434.4262775174655,4330.702121185847,,,C03,existing
P13456_2,G1,relay_aircraft,G1-relay_aircraft-01,R004,96.18236555369127,4137.266470460487,,,R01,existing
P13456_2,G1,relay_aircraft,G1-relay_aircraft-02,R001,190.13731902940862,1999.297638856333,R002,2142.9689317204375,R02,existing
P13456_2,G1,relay_aircraft,G1-relay_aircraft-02,R002,4142.26657057677,7037.879962031191,,,R02,existing
P13456_2,G1,relay_components,G1-relay_components-01,R004,96.18236555369127,4763.024275968738,,,RE01,existing
P13456_2,G1,relay_components,G1-relay_components-02,R001,190.13731902940862,2344.3073253046314,R002,1797.959245272139,RE02,existing
P13456_2,G1,relay_components,G1-relay_components-02,R002,4142.26657057677,7517.75318080825,,,RE02,existing
P13456_2,G2,A_aircraft,G2-A_aircraft-01,T004,2004.1116402352573,4285.571599071649,,,NEW-A_aircraft-01,procurement_required
P13456_2,G2,A_aircraft,G2-A_aircraft-02,T022,2034.1116402352575,3725.6461264742065,,,NEW-A_aircraft-02,procurement_required
P13456_2,G2,B_aircraft,G2-B_aircraft-01,T013,3065.5409516878613,5023.582223174855,,,NEW-B_aircraft-01,procurement_required
P13456_2,G2,B_aircraft,G2-B_aircraft-02,T021,3813.1314217671124,5711.172693254107,,,NEW-B_aircraft-02,procurement_required
P13456_2,G2,C_aircraft,G2-C_aircraft-01,T012,1954.111640235257,4069.1932815137097,,,NEW-C_aircraft-01,procurement_required
P13456_2,G2,C_aircraft,G2-C_aircraft-02,T014_2,2952.606730665684,5257.790795633526,,,NEW-C_aircraft-02,procurement_required
P13456_2,G2,A_batteries,G2-A_batteries-01,T004,2004.1116402352573,5653.515220850031,,,A05,existing
P13456_2,G2,A_batteries,G2-A_batteries-02,T022,2034.1116402352575,4901.140633153662,,,A06,existing
P13456_2,G2,B_batteries,G2-B_batteries-01,T013,3065.5409516878613,6982.827850660446,,,NEW-B_batteries-01,procurement_required
P13456_2,G2,B_batteries,G2-B_batteries-02,T021,3813.1314217671124,7578.354845171716,,,NEW-B_batteries-02,procurement_required
P13456_2,G2,C_batteries,G2-C_batteries-01,T012,1954.111640235257,6561.858998965378,,,C04,existing
P13456_2,G2,C_batteries,G2-C_batteries-02,T014_2,2952.606730665684,7764.037455028012,,,NEW-C_batteries-01,procurement_required
P13456_2,G2,relay_aircraft,G2-relay_aircraft-01,R003,2004.2977388563338,6244.037452916951,,,NEW-relay_aircraft-01,procurement_required
P13456_2,G2,relay_components,G2-relay_components-01,R003,2004.2977388563338,6902.075499094418,,,RE03,existing
P1345_26,G1,A_aircraft,G1-A_aircraft-01,T005,0.0,1312.470877312685,T020,2609.658374234676,U01,existing
P1345_26,G1,A_aircraft,G1-A_aircraft-01,T020,3922.129251547361,5892.33909852418,,,U01,existing
P1345_26,G1,A_aircraft,G1-A_aircraft-02,T007_HARD,0.0,1712.4416357195464,T016,2578.1300633521028,U02,existing
P1345_26,G1,A_aircraft,G1-A_aircraft-02,T016,4290.571699071649,5986.329803740114,,,U02,existing
P1345_26,G1,A_aircraft,G1-A_aircraft-03,T007_SOFT,0.0,1712.4416357195464,T014_1,2291.687615827814,U03,existing
P1345_26,G1,A_aircraft,G1-A_aircraft-03,T014_1,4004.1292515473606,5699.887356215825,,,U03,existing
P1345_26,G1,A_aircraft,G1-A_aircraft-04,T009,0.0,1316.0142144169886,T007,2586.115037130374,U04,existing
P1345_26,G1,A_aircraft,G1-A_aircraft-04,T007,3902.1292515473624,6510.170148656284,,,U04,existing
P1345_26,G1,B_aircraft,G1-B_aircraft-01,T002_2,0.0,1500.9693925601796,T015,5.0000999999997475,U05,existing
P1345_26,G1,B_aircraft,G1-B_aircraft-01,T015,1505.9694925601793,3060.540851687861,T019_1,1968.0414714869953,U05,existing
P1345_26,G1,B_aircraft,G1-B_aircraft-01,T019_1,5028.582323174856,6547.606667586711,,,U05,existing
P1345_26,G1,B_aircraft,G1-B_aircraft-02,T011,0.0,1944.0244440219892,T008,5.000100000000202,U06,existing
P1345_26,G1,B_aircraft,G1-B_aircraft-02,T008,1949.0245440219894,3793.5634341775567,,,U06,existing
P1345_26,G1,C_aircraft,G1-C_aircraft-01,T001,0.0,1561.4261775174655,T018,2512.7672039962445,U07,existing
P1345_26,G1,C_aircraft,G1-C_aircraft-01,T018,4074.19338151371,6761.824258884327,,,U07,existing
P1345_26,G1,C_aircraft,G1-C_aircraft-02,T003,0.0,1429.4261775174655,T010_2,5.000099999999975,U08,existing
P1345_26,G1,C_aircraft,G1-C_aircraft-02,T010_2,1434.4262775174655,2867.4613603954576,,,U08,existing
P1345_26,G1,A_batteries,G1-A_batteries-01,T005,0.0,2178.7887122874713,T020,1743.3405392598897,A01,existing
P1345_26,G1,A_batteries,G1-A_batteries-01,T020,3922.129251547361,7132.339749211256,,,A01,existing
P1345_26,G1,A_batteries,G1-A_batteries-02,T007_HARD,0.0,2761.062337358848,T014_1,1243.0669141885128,A02,existing
P1345_26,G1,A_batteries,G1-A_batteries-02,T014_1,4004.1292515473606,6815.081680695524,,,A02,existing
P1345_26,G1,A_batteries,G1-A_batteries-03,T007_SOFT,0.0,2779.9496716386757,T016,1510.6220274329735,A03,existing
P1345_26,G1,A_batteries,G1-A_batteries-03,T016,4290.571699071649,7122.3061158963155,,,A03,existing
P1345_26,G1,A_batteries,G1-A_batteries-04,T009,0.0,2194.736329391266,T007,1707.3929221560966,A04,existing
P1345_26,G1,A_batteries,G1-A_batteries-04,T007,3902.1292515473624,7963.433611739875,,,A04,existing
P1345_26,G1,B_batteries,G1-B_batteries-01,T002_2,0.0,2956.647180248775,T019_1,2071.9351429260814,B01,existing
P1345_26,G1,B_batteries,G1-B_batteries-01,T019_1,5028.582323174856,8012.288751525202,,,B01,existing
P1345_26,G1,B_batteries,G1-B_batteries-02,T011,0.0,3808.1313217671122,,,B02,existing
P1345_26,G1,B_batteries,G1-B_batteries-03,T015,1505.9694925601793,4516.326993610754,,,B03,existing
P1345_26,G1,B_batteries,G1-B_batteries-04,T008,1949.0245440219894,5382.225397256939,,,B04,existing
P1345_26,G1,C_batteries,G1-C_batteries-01,T001,0.0,3150.0928537629516,,,C01,existing
P1345_26,G1,C_batteries,G1-C_batteries-02,T003,0.0,2947.606630665684,T018,1126.586750848026,C02,existing
P1345_26,G1,C_batteries,G1-C_batteries-02,T018,4074.19338151371,9324.985225954879,,,C02,existing
P1345_26,G1,C_batteries,G1-C_batteries-03,T010_2,1434.4262775174655,4330.702121185847,,,C03,existing
P1345_26,G1,relay_aircraft,G1-relay_aircraft-01,R004,96.18236555369127,4137.266470460487,,,R01,existing
P1345_26,G1,relay_aircraft,G1-relay_aircraft-02,R001,190.13731902940862,1999.297638856333,R002,2142.9689317204375,R02,existing
P1345_26,G1,relay_aircraft,G1-relay_aircraft-02,R002,4142.26657057677,7037.879962031191,,,R02,existing
P1345_26,G1,relay_components,G1-relay_components-01,R004,96.18236555369127,4763.024275968738,,,RE01,existing
P1345_26,G1,relay_components,G1-relay_components-02,R001,190.13731902940862,2344.3073253046314,R002,1797.959245272139,RE02,existing
P1345_26,G1,relay_components,G1-relay_components-02,R002,4142.26657057677,7517.75318080825,,,RE02,existing
P1345_26,G2,A_aircraft,G2-A_aircraft-01,T004,2004.1116402352573,4285.571599071649,,,NEW-A_aircraft-01,procurement_required
P1345_26,G2,A_aircraft,G2-A_aircraft-02,T022,2034.1116402352575,3725.6461264742065,,,NEW-A_aircraft-02,procurement_required
P1345_26,G2,B_aircraft,G2-B_aircraft-01,T013,3065.5409516878613,5023.582223174855,,,NEW-B_aircraft-01,procurement_required
P1345_26,G2,B_aircraft,G2-B_aircraft-02,T021,3813.1314217671124,5711.172693254107,,,NEW-B_aircraft-02,procurement_required
P1345_26,G2,C_aircraft,G2-C_aircraft-01,T012,1954.111640235257,4069.1932815137097,T006,1193.5976141198162,NEW-C_aircraft-01,procurement_required
P1345_26,G2,C_aircraft,G2-C_aircraft-01,T006,5262.790895633526,6542.241766493663,,,NEW-C_aircraft-01,procurement_required
P1345_26,G2,C_aircraft,G2-C_aircraft-02,T014_2,2952.606730665684,5257.790795633526,,,NEW-C_aircraft-02,procurement_required
P1345_26,G2,A_batteries,G2-A_batteries-01,T004,2004.1116402352573,5653.515220850031,,,A05,existing
P1345_26,G2,A_batteries,G2-A_batteries-02,T022,2034.1116402352575,4901.140633153662,,,A06,existing
P1345_26,G2,B_batteries,G2-B_batteries-01,T013,3065.5409516878613,6982.827850660446,,,NEW-B_batteries-01,procurement_required
P1345_26,G2,B_batteries,G2-B_batteries-02,T021,3813.1314217671124,7578.354845171716,,,NEW-B_batteries-02,procurement_required
P1345_26,G2,C_batteries,G2-C_batteries-01,T012,1954.111640235257,6561.858998965378,,,C04,existing
P1345_26,G2,C_batteries,G2-C_batteries-02,T014_2,2952.606730665684,7764.037455028012,,,NEW-C_batteries-01,procurement_required
P1345_26,G2,C_batteries,G2-C_batteries-03,T006,5262.790895633526,7891.7506752339295,,,NEW-C_batteries-02,procurement_required
P1345_26,G2,relay_aircraft,G2-relay_aircraft-01,R003,2004.2977388563338,6244.037452916951,,,NEW-relay_aircraft-01,procurement_required
P1345_26,G2,relay_components,G2-relay_components-01,R003,2004.2977388563338,6902.075499094418,,,RE03,existing
P1346_25,G1,A_aircraft,G1-A_aircraft-01,T005,0.0,1312.470877312685,T020,2609.658374234676,U01,existing
P1346_25,G1,A_aircraft,G1-A_aircraft-01,T020,3922.129251547361,5892.33909852418,,,U01,existing
P1346_25,G1,A_aircraft,G1-A_aircraft-02,T007_HARD,0.0,1712.4416357195464,T016,2578.1300633521028,U02,existing
P1346_25,G1,A_aircraft,G1-A_aircraft-02,T016,4290.571699071649,5986.329803740114,,,U02,existing
P1346_25,G1,A_aircraft,G1-A_aircraft-03,T007_SOFT,0.0,1712.4416357195464,T014_1,2291.687615827814,U03,existing
P1346_25,G1,A_aircraft,G1-A_aircraft-03,T014_1,4004.1292515473606,5699.887356215825,,,U03,existing
P1346_25,G1,A_aircraft,G1-A_aircraft-04,T009,0.0,1316.0142144169886,T007,2586.115037130374,U04,existing
P1346_25,G1,A_aircraft,G1-A_aircraft-04,T007,3902.1292515473624,6510.170148656284,,,U04,existing
P1346_25,G1,B_aircraft,G1-B_aircraft-01,T019_1,5028.582323174856,6547.606667586711,,,U05,existing
P1346_25,G1,C_aircraft,G1-C_aircraft-01,T001,0.0,1561.4261775174655,T006,3701.3647181160604,U07,existing
P1346_25,G1,C_aircraft,G1-C_aircraft-01,T006,5262.790895633526,6542.241766493663,,,U07,existing
P1346_25,G1,C_aircraft,G1-C_aircraft-02,T003,0.0,1429.4261775174655,T010_2,5.000099999999975,U08,existing
P1346_25,G1,C_aircraft,G1-C_aircraft-02,T010_2,1434.4262775174655,2867.4613603954576,T018,1206.7320211182523,U08,existing
P1346_25,G1,C_aircraft,G1-C_aircraft-02,T018,4074.19338151371,6761.824258884327,,,U08,existing
P1346_25,G1,A_batteries,G1-A_batteries-01,T005,0.0,2178.7887122874713,T020,1743.3405392598897,A01,existing
P1346_25,G1,A_batteries,G1-A_batteries-01,T020,3922.129251547361,7132.339749211256,,,A01,existing
P1346_25,G1,A_batteries,G1-A_batteries-02,T007_HARD,0.0,2761.062337358848,T014_1,1243.0669141885128,A02,existing
P1346_25,G1,A_batteries,G1-A_batteries-02,T014_1,4004.1292515473606,6815.081680695524,,,A02,existing
P1346_25,G1,A_batteries,G1-A_batteries-03,T007_SOFT,0.0,2779.9496716386757,T016,1510.6220274329735,A03,existing
P1346_25,G1,A_batteries,G1-A_batteries-03,T016,4290.571699071649,7122.3061158963155,,,A03,existing
P1346_25,G1,A_batteries,G1-A_batteries-04,T009,0.0,2194.736329391266,T007,1707.3929221560966,A04,existing
P1346_25,G1,A_batteries,G1-A_batteries-04,T007,3902.1292515473624,7963.433611739875,,,A04,existing
P1346_25,G1,B_batteries,G1-B_batteries-01,T019_1,5028.582323174856,8012.288751525202,,,B01,existing
P1346_25,G1,C_batteries,G1-C_batteries-01,T001,0.0,3150.0928537629516,T006,2112.6980418705743,C01,existing
P1346_25,G1,C_batteries,G1-C_batteries-01,T006,5262.790895633526,7891.7506752339295,,,C01,existing
P1346_25,G1,C_batteries,G1-C_batteries-02,T003,0.0,2947.606630665684,T018,1126.586750848026,C02,existing
P1346_25,G1,C_batteries,G1-C_batteries-02,T018,4074.19338151371,9324.985225954879,,,C02,existing
P1346_25,G1,C_batteries,G1-C_batteries-03,T010_2,1434.4262775174655,4330.702121185847,,,C03,existing
P1346_25,G1,relay_aircraft,G1-relay_aircraft-01,R001,190.13731902940862,1999.297638856333,R002,2142.9689317204375,R01,existing
P1346_25,G1,relay_aircraft,G1-relay_aircraft-01,R002,4142.26657057677,7037.879962031191,,,R01,existing
P1346_25,G1,relay_components,G1-relay_components-01,R001,190.13731902940862,2344.3073253046314,R002,1797.959245272139,RE01,existing
P1346_25,G1,relay_components,G1-relay_components-01,R002,4142.26657057677,7517.75318080825,,,RE01,existing
P1346_25,G2,A_aircraft,G2-A_aircraft-01,T004,2004.1116402352573,4285.571599071649,,,NEW-A_aircraft-01,procurement_required
P1346_25,G2,A_aircraft,G2-A_aircraft-02,T022,2034.1116402352575,3725.6461264742065,,,NEW-A_aircraft-02,procurement_required
P1346_25,G2,B_aircraft,G2-B_aircraft-01,T002_2,0.0,1500.9693925601796,T015,5.0000999999997475,U06,existing
P1346_25,G2,B_aircraft,G2-B_aircraft-01,T015,1505.9694925601793,3060.540851687861,T013,5.000100000000202,U06,existing
P1346_25,G2,B_aircraft,G2-B_aircraft-01,T013,3065.5409516878613,5023.582223174855,,,U06,existing
P1346_25,G2,B_aircraft,G2-B_aircraft-02,T011,0.0,1944.0244440219892,T008,5.000100000000202,NEW-B_aircraft-01,procurement_required
P1346_25,G2,B_aircraft,G2-B_aircraft-02,T008,1949.0245440219894,3793.5634341775567,T021,19.56798758955574,NEW-B_aircraft-01,procurement_required
P1346_25,G2,B_aircraft,G2-B_aircraft-02,T021,3813.1314217671124,5711.172693254107,,,NEW-B_aircraft-01,procurement_required
P1346_25,G2,C_aircraft,G2-C_aircraft-01,T012,1954.111640235257,4069.1932815137097,,,NEW-C_aircraft-01,procurement_required
P1346_25,G2,C_aircraft,G2-C_aircraft-02,T014_2,2952.606730665684,5257.790795633526,,,NEW-C_aircraft-02,procurement_required
P1346_25,G2,A_batteries,G2-A_batteries-01,T004,2004.1116402352573,5653.515220850031,,,A05,existing
P1346_25,G2,A_batteries,G2-A_batteries-02,T022,2034.1116402352575,4901.140633153662,,,A06,existing
P1346_25,G2,B_batteries,G2-B_batteries-01,T002_2,0.0,2956.647180248775,T013,108.89377143908632,B02,existing
P1346_25,G2,B_batteries,G2-B_batteries-01,T013,3065.5409516878613,6982.827850660446,,,B02,existing
P1346_25,G2,B_batteries,G2-B_batteries-02,T011,0.0,3808.1313217671122,T021,5.000100000000202,B03,existing
P1346_25,G2,B_batteries,G2-B_batteries-02,T021,3813.1314217671124,7578.354845171716,,,B03,existing
P1346_25,G2,B_batteries,G2-B_batteries-03,T015,1505.9694925601793,4516.326993610754,,,B04,existing
P1346_25,G2,B_batteries,G2-B_batteries-04,T008,1949.0245440219894,5382.225397256939,,,NEW-B_batteries-01,procurement_required
P1346_25,G2,C_batteries,G2-C_batteries-01,T012,1954.111640235257,6561.858998965378,,,C04,existing
P1346_25,G2,C_batteries,G2-C_batteries-02,T014_2,2952.606730665684,7764.037455028012,,,NEW-C_batteries-01,procurement_required
P1346_25,G2,relay_aircraft,G2-relay_aircraft-01,R004,96.18236555369127,4137.266470460487,,,R02,existing
P1346_25,G2,relay_aircraft,G2-relay_aircraft-02,R003,2004.2977388563338,6244.037452916951,,,NEW-relay_aircraft-01,procurement_required
P1346_25,G2,relay_components,G2-relay_components-01,R004,96.18236555369127,4763.024275968738,,,RE02,existing
P1346_25,G2,relay_components,G2-relay_components-02,R003,2004.2977388563338,6902.075499094418,,,RE03,existing
P134_256,G1,A_aircraft,G1-A_aircraft-01,T005,0.0,1312.470877312685,T020,2609.658374234676,U01,existing
P134_256,G1,A_aircraft,G1-A_aircraft-01,T020,3922.129251547361,5892.33909852418,,,U01,existing
P134_256,G1,A_aircraft,G1-A_aircraft-02,T007_HARD,0.0,1712.4416357195464,T016,2578.1300633521028,U02,existing
P134_256,G1,A_aircraft,G1-A_aircraft-02,T016,4290.571699071649,5986.329803740114,,,U02,existing
P134_256,G1,A_aircraft,G1-A_aircraft-03,T007_SOFT,0.0,1712.4416357195464,T014_1,2291.687615827814,U03,existing
P134_256,G1,A_aircraft,G1-A_aircraft-03,T014_1,4004.1292515473606,5699.887356215825,,,U03,existing
P134_256,G1,A_aircraft,G1-A_aircraft-04,T009,0.0,1316.0142144169886,T007,2586.115037130374,U04,existing
P134_256,G1,A_aircraft,G1-A_aircraft-04,T007,3902.1292515473624,6510.170148656284,,,U04,existing
P134_256,G1,B_aircraft,G1-B_aircraft-01,T019_1,5028.582323174856,6547.606667586711,,,U05,existing
P134_256,G1,C_aircraft,G1-C_aircraft-01,T001,0.0,1561.4261775174655,T018,2512.7672039962445,U07,existing
P134_256,G1,C_aircraft,G1-C_aircraft-01,T018,4074.19338151371,6761.824258884327,,,U07,existing
P134_256,G1,C_aircraft,G1-C_aircraft-02,T003,0.0,1429.4261775174655,T010_2,5.000099999999975,U08,existing
P134_256,G1,C_aircraft,G1-C_aircraft-02,T010_2,1434.4262775174655,2867.4613603954576,,,U08,existing
P134_256,G1,A_batteries,G1-A_batteries-01,T005,0.0,2178.7887122874713,T020,1743.3405392598897,A01,existing
P134_256,G1,A_batteries,G1-A_batteries-01,T020,3922.129251547361,7132.339749211256,,,A01,existing
P134_256,G1,A_batteries,G1-A_batteries-02,T007_HARD,0.0,2761.062337358848,T014_1,1243.0669141885128,A02,existing
P134_256,G1,A_batteries,G1-A_batteries-02,T014_1,4004.1292515473606,6815.081680695524,,,A02,existing
P134_256,G1,A_batteries,G1-A_batteries-03,T007_SOFT,0.0,2779.9496716386757,T016,1510.6220274329735,A03,existing
P134_256,G1,A_batteries,G1-A_batteries-03,T016,4290.571699071649,7122.3061158963155,,,A03,existing
P134_256,G1,A_batteries,G1-A_batteries-04,T009,0.0,2194.736329391266,T007,1707.3929221560966,A04,existing
P134_256,G1,A_batteries,G1-A_batteries-04,T007,3902.1292515473624,7963.433611739875,,,A04,existing
P134_256,G1,B_batteries,G1-B_batteries-01,T019_1,5028.582323174856,8012.288751525202,,,B01,existing
P134_256,G1,C_batteries,G1-C_batteries-01,T001,0.0,3150.0928537629516,,,C01,existing
P134_256,G1,C_batteries,G1-C_batteries-02,T003,0.0,2947.606630665684,T018,1126.586750848026,C02,existing
P134_256,G1,C_batteries,G1-C_batteries-02,T018,4074.19338151371,9324.985225954879,,,C02,existing
P134_256,G1,C_batteries,G1-C_batteries-03,T010_2,1434.4262775174655,4330.702121185847,,,C03,existing
P134_256,G1,relay_aircraft,G1-relay_aircraft-01,R001,190.13731902940862,1999.297638856333,R002,2142.9689317204375,R01,existing
P134_256,G1,relay_aircraft,G1-relay_aircraft-01,R002,4142.26657057677,7037.879962031191,,,R01,existing
P134_256,G1,relay_components,G1-relay_components-01,R001,190.13731902940862,2344.3073253046314,R002,1797.959245272139,RE01,existing
P134_256,G1,relay_components,G1-relay_components-01,R002,4142.26657057677,7517.75318080825,,,RE01,existing
P134_256,G2,A_aircraft,G2-A_aircraft-01,T004,2004.1116402352573,4285.571599071649,,,NEW-A_aircraft-01,procurement_required
P134_256,G2,A_aircraft,G2-A_aircraft-02,T022,2034.1116402352575,3725.6461264742065,,,NEW-A_aircraft-02,procurement_required
P134_256,G2,B_aircraft,G2-B_aircraft-01,T002_2,0.0,1500.9693925601796,T015,5.0000999999997475,U06,existing
P134_256,G2,B_aircraft,G2-B_aircraft-01,T015,1505.9694925601793,3060.540851687861,T013,5.000100000000202,U06,existing
P134_256,G2,B_aircraft,G2-B_aircraft-01,T013,3065.5409516878613,5023.582223174855,,,U06,existing
P134_256,G2,B_aircraft,G2-B_aircraft-02,T011,0.0,1944.0244440219892,T008,5.000100000000202,NEW-B_aircraft-01,procurement_required
P134_256,G2,B_aircraft,G2-B_aircraft-02,T008,1949.0245440219894,3793.5634341775567,T021,19.56798758955574,NEW-B_aircraft-01,procurement_required
P134_256,G2,B_aircraft,G2-B_aircraft-02,T021,3813.1314217671124,5711.172693254107,,,NEW-B_aircraft-01,procurement_required
P134_256,G2,C_aircraft,G2-C_aircraft-01,T012,1954.111640235257,4069.1932815137097,T006,1193.5976141198162,NEW-C_aircraft-01,procurement_required
P134_256,G2,C_aircraft,G2-C_aircraft-01,T006,5262.790895633526,6542.241766493663,,,NEW-C_aircraft-01,procurement_required
P134_256,G2,C_aircraft,G2-C_aircraft-02,T014_2,2952.606730665684,5257.790795633526,,,NEW-C_aircraft-02,procurement_required
P134_256,G2,A_batteries,G2-A_batteries-01,T004,2004.1116402352573,5653.515220850031,,,A05,existing
P134_256,G2,A_batteries,G2-A_batteries-02,T022,2034.1116402352575,4901.140633153662,,,A06,existing
P134_256,G2,B_batteries,G2-B_batteries-01,T002_2,0.0,2956.647180248775,T013,108.89377143908632,B02,existing
P134_256,G2,B_batteries,G2-B_batteries-01,T013,3065.5409516878613,6982.827850660446,,,B02,existing
P134_256,G2,B_batteries,G2-B_batteries-02,T011,0.0,3808.1313217671122,T021,5.000100000000202,B03,existing
P134_256,G2,B_batteries,G2-B_batteries-02,T021,3813.1314217671124,7578.354845171716,,,B03,existing
P134_256,G2,B_batteries,G2-B_batteries-03,T015,1505.9694925601793,4516.326993610754,,,B04,existing
P134_256,G2,B_batteries,G2-B_batteries-04,T008,1949.0245440219894,5382.225397256939,,,NEW-B_batteries-01,procurement_required
P134_256,G2,C_batteries,G2-C_batteries-01,T012,1954.111640235257,6561.858998965378,,,C04,existing
P134_256,G2,C_batteries,G2-C_batteries-02,T014_2,2952.606730665684,7764.037455028012,,,NEW-C_batteries-01,procurement_required
P134_256,G2,C_batteries,G2-C_batteries-03,T006,5262.790895633526,7891.7506752339295,,,NEW-C_batteries-02,procurement_required
P134_256,G2,relay_aircraft,G2-relay_aircraft-01,R004,96.18236555369127,4137.266470460487,,,R02,existing
P134_256,G2,relay_aircraft,G2-relay_aircraft-02,R003,2004.2977388563338,6244.037452916951,,,NEW-relay_aircraft-01,procurement_required
P134_256,G2,relay_components,G2-relay_components-01,R004,96.18236555369127,4763.024275968738,,,RE02,existing
P134_256,G2,relay_components,G2-relay_components-02,R003,2004.2977388563338,6902.075499094418,,,RE03,existing
P1356_24,G1,A_aircraft,G1-A_aircraft-01,T005,0.0,1312.470877312685,T007,2589.6583742346775,U01,existing
P1356_24,G1,A_aircraft,G1-A_aircraft-01,T007,3902.1292515473624,6510.170148656284,,,U01,existing
P1356_24,G1,A_aircraft,G1-A_aircraft-02,T007_HARD,0.0,1712.4416357195464,T016,2578.1300633521028,U02,existing
P1356_24,G1,A_aircraft,G1-A_aircraft-02,T016,4290.571699071649,5986.329803740114,,,U02,existing
P1356_24,G1,A_aircraft,G1-A_aircraft-03,T007_SOFT,0.0,1712.4416357195464,T014_1,2291.687615827814,U03,existing
P1356_24,G1,A_aircraft,G1-A_aircraft-03,T014_1,4004.1292515473606,5699.887356215825,,,U03,existing
P1356_24,G1,A_aircraft,G1-A_aircraft-04,T020,3922.129251547361,5892.33909852418,,,U04,existing
P1356_24,G1,B_aircraft,G1-B_aircraft-01,T002_2,0.0,1500.9693925601796,T015,5.0000999999997475,U05,existing
P1356_24,G1,B_aircraft,G1-B_aircraft-01,T015,1505.9694925601793,3060.540851687861,T019_1,1968.0414714869953,U05,existing
P1356_24,G1,B_aircraft,G1-B_aircraft-01,T019_1,5028.582323174856,6547.606667586711,,,U05,existing
P1356_24,G1,B_aircraft,G1-B_aircraft-02,T011,0.0,1944.0244440219892,T008,5.000100000000202,U06,existing
P1356_24,G1,B_aircraft,G1-B_aircraft-02,T008,1949.0245440219894,3793.5634341775567,,,U06,existing
P1356_24,G1,C_aircraft,G1-C_aircraft-01,T001,0.0,1561.4261775174655,T006,3701.3647181160604,U07,existing
P1356_24,G1,C_aircraft,G1-C_aircraft-01,T006,5262.790895633526,6542.241766493663,,,U07,existing
P1356_24,G1,C_aircraft,G1-C_aircraft-02,T003,0.0,1429.4261775174655,T018,2644.7672039962445,U08,existing
P1356_24,G1,C_aircraft,G1-C_aircraft-02,T018,4074.19338151371,6761.824258884327,,,U08,existing
P1356_24,G1,A_batteries,G1-A_batteries-01,T005,0.0,2178.7887122874713,T007,1723.340539259891,A01,existing
P1356_24,G1,A_batteries,G1-A_batteries-01,T007,3902.1292515473624,7963.433611739875,,,A01,existing
P1356_24,G1,A_batteries,G1-A_batteries-02,T007_HARD,0.0,2761.062337358848,T014_1,1243.0669141885128,A02,existing
P1356_24,G1,A_batteries,G1-A_batteries-02,T014_1,4004.1292515473606,6815.081680695524,,,A02,existing
P1356_24,G1,A_batteries,G1-A_batteries-03,T007_SOFT,0.0,2779.9496716386757,T016,1510.6220274329735,A03,existing
P1356_24,G1,A_batteries,G1-A_batteries-03,T016,4290.571699071649,7122.3061158963155,,,A03,existing
P1356_24,G1,A_batteries,G1-A_batteries-04,T020,3922.129251547361,7132.339749211256,,,A04,existing
P1356_24,G1,B_batteries,G1-B_batteries-01,T002_2,0.0,2956.647180248775,T019_1,2071.9351429260814,B01,existing
P1356_24,G1,B_batteries,G1-B_batteries-01,T019_1,5028.582323174856,8012.288751525202,,,B01,existing
P1356_24,G1,B_batteries,G1-B_batteries-02,T011,0.0,3808.1313217671122,,,B02,existing
P1356_24,G1,B_batteries,G1-B_batteries-03,T015,1505.9694925601793,4516.326993610754,,,B03,existing
P1356_24,G1,B_batteries,G1-B_batteries-04,T008,1949.0245440219894,5382.225397256939,,,B04,existing
P1356_24,G1,C_batteries,G1-C_batteries-01,T001,0.0,3150.0928537629516,T006,2112.6980418705743,C01,existing
P1356_24,G1,C_batteries,G1-C_batteries-01,T006,5262.790895633526,7891.7506752339295,,,C01,existing
P1356_24,G1,C_batteries,G1-C_batteries-02,T003,0.0,2947.606630665684,T018,1126.586750848026,C02,existing
P1356_24,G1,C_batteries,G1-C_batteries-02,T018,4074.19338151371,9324.985225954879,,,C02,existing
P1356_24,G1,relay_aircraft,G1-relay_aircraft-01,R004,96.18236555369127,4137.266470460487,,,R01,existing
P1356_24,G1,relay_aircraft,G1-relay_aircraft-02,R001,190.13731902940862,1999.297638856333,R002,2142.9689317204375,R02,existing
P1356_24,G1,relay_aircraft,G1-relay_aircraft-02,R002,4142.26657057677,7037.879962031191,,,R02,existing
P1356_24,G1,relay_components,G1-relay_components-01,R004,96.18236555369127,4763.024275968738,,,RE01,existing
P1356_24,G1,relay_components,G1-relay_components-02,R001,190.13731902940862,2344.3073253046314,R002,1797.959245272139,RE02,existing
P1356_24,G1,relay_components,G1-relay_components-02,R002,4142.26657057677,7517.75318080825,,,RE02,existing
P1356_24,G2,A_aircraft,G2-A_aircraft-01,T009,0.0,1316.0142144169886,T022,718.0974258182689,NEW-A_aircraft-01,procurement_required
P1356_24,G2,A_aircraft,G2-A_aircraft-01,T022,2034.1116402352575,3725.6461264742065,,,NEW-A_aircraft-01,procurement_required
P1356_24,G2,A_aircraft,G2-A_aircraft-02,T004,2004.1116402352573,4285.571599071649,,,NEW-A_aircraft-02,procurement_required
P1356_24,G2,B_aircraft,G2-B_aircraft-01,T013,3065.5409516878613,5023.582223174855,,,NEW-B_aircraft-01,procurement_required
P1356_24,G2,B_aircraft,G2-B_aircraft-02,T021,3813.1314217671124,5711.172693254107,,,NEW-B_aircraft-02,procurement_required
P1356_24,G2,C_aircraft,G2-C_aircraft-01,T010_2,1434.4262775174655,2867.4613603954576,T014_2,85.14537027022652,NEW-C_aircraft-01,procurement_required
P1356_24,G2,C_aircraft,G2-C_aircraft-01,T014_2,2952.606730665684,5257.790795633526,,,NEW-C_aircraft-01,procurement_required
P1356_24,G2,C_aircraft,G2-C_aircraft-02,T012,1954.111640235257,4069.1932815137097,,,NEW-C_aircraft-02,procurement_required
P1356_24,G2,A_batteries,G2-A_batteries-01,T009,0.0,2194.736329391266,,,A05,existing
P1356_24,G2,A_batteries,G2-A_batteries-02,T004,2004.1116402352573,5653.515220850031,,,A06,existing
P1356_24,G2,A_batteries,G2-A_batteries-03,T022,2034.1116402352575,4901.140633153662,,,NEW-A_batteries-01,procurement_required
P1356_24,G2,B_batteries,G2-B_batteries-01,T013,3065.5409516878613,6982.827850660446,,,NEW-B_batteries-01,procurement_required
P1356_24,G2,B_batteries,G2-B_batteries-02,T021,3813.1314217671124,7578.354845171716,,,NEW-B_batteries-02,procurement_required
P1356_24,G2,C_batteries,G2-C_batteries-01,T010_2,1434.4262775174655,4330.702121185847,,,C03,existing
P1356_24,G2,C_batteries,G2-C_batteries-02,T012,1954.111640235257,6561.858998965378,,,C04,existing
P1356_24,G2,C_batteries,G2-C_batteries-03,T014_2,2952.606730665684,7764.037455028012,,,NEW-C_batteries-01,procurement_required
P1356_24,G2,relay_aircraft,G2-relay_aircraft-01,R003,2004.2977388563338,6244.037452916951,,,NEW-relay_aircraft-01,procurement_required
P1356_24,G2,relay_components,G2-relay_components-01,R003,2004.2977388563338,6902.075499094418,,,RE03,existing
P135_246,G1,A_aircraft,G1-A_aircraft-01,T005,0.0,1312.470877312685,T007,2589.6583742346775,U01,existing
P135_246,G1,A_aircraft,G1-A_aircraft-01,T007,3902.1292515473624,6510.170148656284,,,U01,existing
P135_246,G1,A_aircraft,G1-A_aircraft-02,T007_HARD,0.0,1712.4416357195464,T016,2578.1300633521028,U02,existing
P135_246,G1,A_aircraft,G1-A_aircraft-02,T016,4290.571699071649,5986.329803740114,,,U02,existing
P135_246,G1,A_aircraft,G1-A_aircraft-03,T007_SOFT,0.0,1712.4416357195464,T014_1,2291.687615827814,U03,existing
P135_246,G1,A_aircraft,G1-A_aircraft-03,T014_1,4004.1292515473606,5699.887356215825,,,U03,existing
P135_246,G1,A_aircraft,G1-A_aircraft-04,T020,3922.129251547361,5892.33909852418,,,U04,existing
P135_246,G1,B_aircraft,G1-B_aircraft-01,T002_2,0.0,1500.9693925601796,T015,5.0000999999997475,U05,existing
P135_246,G1,B_aircraft,G1-B_aircraft-01,T015,1505.9694925601793,3060.540851687861,T019_1,1968.0414714869953,U05,existing
P135_246,G1,B_aircraft,G1-B_aircraft-01,T019_1,5028.582323174856,6547.606667586711,,,U05,existing
P135_246,G1,B_aircraft,G1-B_aircraft-02,T011,0.0,1944.0244440219892,T008,5.000100000000202,U06,existing
P135_246,G1,B_aircraft,G1-B_aircraft-02,T008,1949.0245440219894,3793.5634341775567,,,U06,existing
P135_246,G1,C_aircraft,G1-C_aircraft-01,T001,0.0,1561.4261775174655,,,U07,existing
P135_246,G1,C_aircraft,G1-C_aircraft-02,T003,0.0,1429.4261775174655,T018,2644.7672039962445,U08,existing
P135_246,G1,C_aircraft,G1-C_aircraft-02,T018,4074.19338151371,6761.824258884327,,,U08,existing
P135_246,G1,A_batteries,G1-A_batteries-01,T005,0.0,2178.7887122874713,T007,1723.340539259891,A01,existing
P135_246,G1,A_batteries,G1-A_batteries-01,T007,3902.1292515473624,7963.433611739875,,,A01,existing
P135_246,G1,A_batteries,G1-A_batteries-02,T007_HARD,0.0,2761.062337358848,T014_1,1243.0669141885128,A02,existing
P135_246,G1,A_batteries,G1-A_batteries-02,T014_1,4004.1292515473606,6815.081680695524,,,A02,existing
P135_246,G1,A_batteries,G1-A_batteries-03,T007_SOFT,0.0,2779.9496716386757,T016,1510.6220274329735,A03,existing
P135_246,G1,A_batteries,G1-A_batteries-03,T016,4290.571699071649,7122.3061158963155,,,A03,existing
P135_246,G1,A_batteries,G1-A_batteries-04,T020,3922.129251547361,7132.339749211256,,,A04,existing
P135_246,G1,B_batteries,G1-B_batteries-01,T002_2,0.0,2956.647180248775,T019_1,2071.9351429260814,B01,existing
P135_246,G1,B_batteries,G1-B_batteries-01,T019_1,5028.582323174856,8012.288751525202,,,B01,existing
P135_246,G1,B_batteries,G1-B_batteries-02,T011,0.0,3808.1313217671122,,,B02,existing
P135_246,G1,B_batteries,G1-B_batteries-03,T015,1505.9694925601793,4516.326993610754,,,B03,existing
P135_246,G1,B_batteries,G1-B_batteries-04,T008,1949.0245440219894,5382.225397256939,,,B04,existing
P135_246,G1,C_batteries,G1-C_batteries-01,T001,0.0,3150.0928537629516,,,C01,existing
P135_246,G1,C_batteries,G1-C_batteries-02,T003,0.0,2947.606630665684,T018,1126.586750848026,C02,existing
P135_246,G1,C_batteries,G1-C_batteries-02,T018,4074.19338151371,9324.985225954879,,,C02,existing
P135_246,G1,relay_aircraft,G1-relay_aircraft-01,R004,96.18236555369127,4137.266470460487,,,R01,existing
P135_246,G1,relay_aircraft,G1-relay_aircraft-02,R001,190.13731902940862,1999.297638856333,R002,2142.9689317204375,R02,existing
P135_246,G1,relay_aircraft,G1-relay_aircraft-02,R002,4142.26657057677,7037.879962031191,,,R02,existing
P135_246,G1,relay_components,G1-relay_components-01,R004,96.18236555369127,4763.024275968738,,,RE01,existing
P135_246,G1,relay_components,G1-relay_components-02,R001,190.13731902940862,2344.3073253046314,R002,1797.959245272139,RE02,existing
P135_246,G1,relay_components,G1-relay_components-02,R002,4142.26657057677,7517.75318080825,,,RE02,existing
P135_246,G2,A_aircraft,G2-A_aircraft-01,T009,0.0,1316.0142144169886,T022,718.0974258182689,NEW-A_aircraft-01,procurement_required
P135_246,G2,A_aircraft,G2-A_aircraft-01,T022,2034.1116402352575,3725.6461264742065,,,NEW-A_aircraft-01,procurement_required
P135_246,G2,A_aircraft,G2-A_aircraft-02,T004,2004.1116402352573,4285.571599071649,,,NEW-A_aircraft-02,procurement_required
P135_246,G2,B_aircraft,G2-B_aircraft-01,T013,3065.5409516878613,5023.582223174855,,,NEW-B_aircraft-01,procurement_required
P135_246,G2,B_aircraft,G2-B_aircraft-02,T021,3813.1314217671124,5711.172693254107,,,NEW-B_aircraft-02,procurement_required
P135_246,G2,C_aircraft,G2-C_aircraft-01,T010_2,1434.4262775174655,2867.4613603954576,T014_2,85.14537027022652,NEW-C_aircraft-01,procurement_required
P135_246,G2,C_aircraft,G2-C_aircraft-01,T014_2,2952.606730665684,5257.790795633526,,,NEW-C_aircraft-01,procurement_required
P135_246,G2,C_aircraft,G2-C_aircraft-02,T012,1954.111640235257,4069.1932815137097,T006,1193.5976141198162,NEW-C_aircraft-02,procurement_required
P135_246,G2,C_aircraft,G2-C_aircraft-02,T006,5262.790895633526,6542.241766493663,,,NEW-C_aircraft-02,procurement_required
P135_246,G2,A_batteries,G2-A_batteries-01,T009,0.0,2194.736329391266,,,A05,existing
P135_246,G2,A_batteries,G2-A_batteries-02,T004,2004.1116402352573,5653.515220850031,,,A06,existing
P135_246,G2,A_batteries,G2-A_batteries-03,T022,2034.1116402352575,4901.140633153662,,,NEW-A_batteries-01,procurement_required
P135_246,G2,B_batteries,G2-B_batteries-01,T013,3065.5409516878613,6982.827850660446,,,NEW-B_batteries-01,procurement_required
P135_246,G2,B_batteries,G2-B_batteries-02,T021,3813.1314217671124,7578.354845171716,,,NEW-B_batteries-02,procurement_required
P135_246,G2,C_batteries,G2-C_batteries-01,T010_2,1434.4262775174655,4330.702121185847,T006,932.0887744476786,C03,existing
P135_246,G2,C_batteries,G2-C_batteries-01,T006,5262.790895633526,7891.7506752339295,,,C03,existing
P135_246,G2,C_batteries,G2-C_batteries-02,T012,1954.111640235257,6561.858998965378,,,C04,existing
P135_246,G2,C_batteries,G2-C_batteries-03,T014_2,2952.606730665684,7764.037455028012,,,NEW-C_batteries-01,procurement_required
P135_246,G2,relay_aircraft,G2-relay_aircraft-01,R003,2004.2977388563338,6244.037452916951,,,NEW-relay_aircraft-01,procurement_required
P135_246,G2,relay_components,G2-relay_components-01,R003,2004.2977388563338,6902.075499094418,,,RE03,existing
P136_245,G1,A_aircraft,G1-A_aircraft-01,T005,0.0,1312.470877312685,T007,2589.6583742346775,U01,existing
P136_245,G1,A_aircraft,G1-A_aircraft-01,T007,3902.1292515473624,6510.170148656284,,,U01,existing
P136_245,G1,A_aircraft,G1-A_aircraft-02,T007_HARD,0.0,1712.4416357195464,T016,2578.1300633521028,U02,existing
P136_245,G1,A_aircraft,G1-A_aircraft-02,T016,4290.571699071649,5986.329803740114,,,U02,existing
P136_245,G1,A_aircraft,G1-A_aircraft-03,T007_SOFT,0.0,1712.4416357195464,T014_1,2291.687615827814,U03,existing
P136_245,G1,A_aircraft,G1-A_aircraft-03,T014_1,4004.1292515473606,5699.887356215825,,,U03,existing
P136_245,G1,A_aircraft,G1-A_aircraft-04,T020,3922.129251547361,5892.33909852418,,,U04,existing
P136_245,G1,B_aircraft,G1-B_aircraft-01,T019_1,5028.582323174856,6547.606667586711,,,U05,existing
P136_245,G1,C_aircraft,G1-C_aircraft-01,T001,0.0,1561.4261775174655,T006,3701.3647181160604,U07,existing
P136_245,G1,C_aircraft,G1-C_aircraft-01,T006,5262.790895633526,6542.241766493663,,,U07,existing
P136_245,G1,C_aircraft,G1-C_aircraft-02,T003,0.0,1429.4261775174655,T018,2644.7672039962445,U08,existing
P136_245,G1,C_aircraft,G1-C_aircraft-02,T018,4074.19338151371,6761.824258884327,,,U08,existing
P136_245,G1,A_batteries,G1-A_batteries-01,T005,0.0,2178.7887122874713,T007,1723.340539259891,A01,existing
P136_245,G1,A_batteries,G1-A_batteries-01,T007,3902.1292515473624,7963.433611739875,,,A01,existing
P136_245,G1,A_batteries,G1-A_batteries-02,T007_HARD,0.0,2761.062337358848,T014_1,1243.0669141885128,A02,existing
P136_245,G1,A_batteries,G1-A_batteries-02,T014_1,4004.1292515473606,6815.081680695524,,,A02,existing
P136_245,G1,A_batteries,G1-A_batteries-03,T007_SOFT,0.0,2779.9496716386757,T016,1510.6220274329735,A03,existing
P136_245,G1,A_batteries,G1-A_batteries-03,T016,4290.571699071649,7122.3061158963155,,,A03,existing
P136_245,G1,A_batteries,G1-A_batteries-04,T020,3922.129251547361,7132.339749211256,,,A04,existing
P136_245,G1,B_batteries,G1-B_batteries-01,T019_1,5028.582323174856,8012.288751525202,,,B01,existing
P136_245,G1,C_batteries,G1-C_batteries-01,T001,0.0,3150.0928537629516,T006,2112.6980418705743,C01,existing
P136_245,G1,C_batteries,G1-C_batteries-01,T006,5262.790895633526,7891.7506752339295,,,C01,existing
P136_245,G1,C_batteries,G1-C_batteries-02,T003,0.0,2947.606630665684,T018,1126.586750848026,C02,existing
P136_245,G1,C_batteries,G1-C_batteries-02,T018,4074.19338151371,9324.985225954879,,,C02,existing
P136_245,G1,relay_aircraft,G1-relay_aircraft-01,R001,190.13731902940862,1999.297638856333,R002,2142.9689317204375,R01,existing
P136_245,G1,relay_aircraft,G1-relay_aircraft-01,R002,4142.26657057677,7037.879962031191,,,R01,existing
P136_245,G1,relay_components,G1-relay_components-01,R001,190.13731902940862,2344.3073253046314,R002,1797.959245272139,RE01,existing
P136_245,G1,relay_components,G1-relay_components-01,R002,4142.26657057677,7517.75318080825,,,RE01,existing
P136_245,G2,A_aircraft,G2-A_aircraft-01,T009,0.0,1316.0142144169886,T022,718.0974258182689,NEW-A_aircraft-01,procurement_required
P136_245,G2,A_aircraft,G2-A_aircraft-01,T022,2034.1116402352575,3725.6461264742065,,,NEW-A_aircraft-01,procurement_required
P136_245,G2,A_aircraft,G2-A_aircraft-02,T004,2004.1116402352573,4285.571599071649,,,NEW-A_aircraft-02,procurement_required
P136_245,G2,B_aircraft,G2-B_aircraft-01,T002_2,0.0,1500.9693925601796,T015,5.0000999999997475,U06,existing
P136_245,G2,B_aircraft,G2-B_aircraft-01,T015,1505.9694925601793,3060.540851687861,T013,5.000100000000202,U06,existing
P136_245,G2,B_aircraft,G2-B_aircraft-01,T013,3065.5409516878613,5023.582223174855,,,U06,existing
P136_245,G2,B_aircraft,G2-B_aircraft-02,T011,0.0,1944.0244440219892,T008,5.000100000000202,NEW-B_aircraft-01,procurement_required
P136_245,G2,B_aircraft,G2-B_aircraft-02,T008,1949.0245440219894,3793.5634341775567,T021,19.56798758955574,NEW-B_aircraft-01,procurement_required
P136_245,G2,B_aircraft,G2-B_aircraft-02,T021,3813.1314217671124,5711.172693254107,,,NEW-B_aircraft-01,procurement_required
P136_245,G2,C_aircraft,G2-C_aircraft-01,T010_2,1434.4262775174655,2867.4613603954576,T014_2,85.14537027022652,NEW-C_aircraft-01,procurement_required
P136_245,G2,C_aircraft,G2-C_aircraft-01,T014_2,2952.606730665684,5257.790795633526,,,NEW-C_aircraft-01,procurement_required
P136_245,G2,C_aircraft,G2-C_aircraft-02,T012,1954.111640235257,4069.1932815137097,,,NEW-C_aircraft-02,procurement_required
P136_245,G2,A_batteries,G2-A_batteries-01,T009,0.0,2194.736329391266,,,A05,existing
P136_245,G2,A_batteries,G2-A_batteries-02,T004,2004.1116402352573,5653.515220850031,,,A06,existing
P136_245,G2,A_batteries,G2-A_batteries-03,T022,2034.1116402352575,4901.140633153662,,,NEW-A_batteries-01,procurement_required
P136_245,G2,B_batteries,G2-B_batteries-01,T002_2,0.0,2956.647180248775,T013,108.89377143908632,B02,existing
P136_245,G2,B_batteries,G2-B_batteries-01,T013,3065.5409516878613,6982.827850660446,,,B02,existing
P136_245,G2,B_batteries,G2-B_batteries-02,T011,0.0,3808.1313217671122,T021,5.000100000000202,B03,existing
P136_245,G2,B_batteries,G2-B_batteries-02,T021,3813.1314217671124,7578.354845171716,,,B03,existing
P136_245,G2,B_batteries,G2-B_batteries-03,T015,1505.9694925601793,4516.326993610754,,,B04,existing
P136_245,G2,B_batteries,G2-B_batteries-04,T008,1949.0245440219894,5382.225397256939,,,NEW-B_batteries-01,procurement_required
P136_245,G2,C_batteries,G2-C_batteries-01,T010_2,1434.4262775174655,4330.702121185847,,,C03,existing
P136_245,G2,C_batteries,G2-C_batteries-02,T012,1954.111640235257,6561.858998965378,,,C04,existing
P136_245,G2,C_batteries,G2-C_batteries-03,T014_2,2952.606730665684,7764.037455028012,,,NEW-C_batteries-01,procurement_required
P136_245,G2,relay_aircraft,G2-relay_aircraft-01,R004,96.18236555369127,4137.266470460487,,,R02,existing
P136_245,G2,relay_aircraft,G2-relay_aircraft-02,R003,2004.2977388563338,6244.037452916951,,,NEW-relay_aircraft-01,procurement_required
P136_245,G2,relay_components,G2-relay_components-01,R004,96.18236555369127,4763.024275968738,,,RE02,existing
P136_245,G2,relay_components,G2-relay_components-02,R003,2004.2977388563338,6902.075499094418,,,RE03,existing
P13_2456,G1,A_aircraft,G1-A_aircraft-01,T005,0.0,1312.470877312685,T007,2589.6583742346775,U01,existing
P13_2456,G1,A_aircraft,G1-A_aircraft-01,T007,3902.1292515473624,6510.170148656284,,,U01,existing
P13_2456,G1,A_aircraft,G1-A_aircraft-02,T007_HARD,0.0,1712.4416357195464,T016,2578.1300633521028,U02,existing
P13_2456,G1,A_aircraft,G1-A_aircraft-02,T016,4290.571699071649,5986.329803740114,,,U02,existing
P13_2456,G1,A_aircraft,G1-A_aircraft-03,T007_SOFT,0.0,1712.4416357195464,T014_1,2291.687615827814,U03,existing
P13_2456,G1,A_aircraft,G1-A_aircraft-03,T014_1,4004.1292515473606,5699.887356215825,,,U03,existing
P13_2456,G1,A_aircraft,G1-A_aircraft-04,T020,3922.129251547361,5892.33909852418,,,U04,existing
P13_2456,G1,B_aircraft,G1-B_aircraft-01,T019_1,5028.582323174856,6547.606667586711,,,U05,existing
P13_2456,G1,C_aircraft,G1-C_aircraft-01,T001,0.0,1561.4261775174655,,,U07,existing
P13_2456,G1,C_aircraft,G1-C_aircraft-02,T003,0.0,1429.4261775174655,T018,2644.7672039962445,U08,existing
P13_2456,G1,C_aircraft,G1-C_aircraft-02,T018,4074.19338151371,6761.824258884327,,,U08,existing
P13_2456,G1,A_batteries,G1-A_batteries-01,T005,0.0,2178.7887122874713,T007,1723.340539259891,A01,existing
P13_2456,G1,A_batteries,G1-A_batteries-01,T007,3902.1292515473624,7963.433611739875,,,A01,existing
P13_2456,G1,A_batteries,G1-A_batteries-02,T007_HARD,0.0,2761.062337358848,T014_1,1243.0669141885128,A02,existing
P13_2456,G1,A_batteries,G1-A_batteries-02,T014_1,4004.1292515473606,6815.081680695524,,,A02,existing
P13_2456,G1,A_batteries,G1-A_batteries-03,T007_SOFT,0.0,2779.9496716386757,T016,1510.6220274329735,A03,existing
P13_2456,G1,A_batteries,G1-A_batteries-03,T016,4290.571699071649,7122.3061158963155,,,A03,existing
P13_2456,G1,A_batteries,G1-A_batteries-04,T020,3922.129251547361,7132.339749211256,,,A04,existing
P13_2456,G1,B_batteries,G1-B_batteries-01,T019_1,5028.582323174856,8012.288751525202,,,B01,existing
P13_2456,G1,C_batteries,G1-C_batteries-01,T001,0.0,3150.0928537629516,,,C01,existing
P13_2456,G1,C_batteries,G1-C_batteries-02,T003,0.0,2947.606630665684,T018,1126.586750848026,C02,existing
P13_2456,G1,C_batteries,G1-C_batteries-02,T018,4074.19338151371,9324.985225954879,,,C02,existing
P13_2456,G1,relay_aircraft,G1-relay_aircraft-01,R001,190.13731902940862,1999.297638856333,R002,2142.9689317204375,R01,existing
P13_2456,G1,relay_aircraft,G1-relay_aircraft-01,R002,4142.26657057677,7037.879962031191,,,R01,existing
P13_2456,G1,relay_components,G1-relay_components-01,R001,190.13731902940862,2344.3073253046314,R002,1797.959245272139,RE01,existing
P13_2456,G1,relay_components,G1-relay_components-01,R002,4142.26657057677,7517.75318080825,,,RE01,existing
P13_2456,G2,A_aircraft,G2-A_aircraft-01,T009,0.0,1316.0142144169886,T022,718.0974258182689,NEW-A_aircraft-01,procurement_required
P13_2456,G2,A_aircraft,G2-A_aircraft-01,T022,2034.1116402352575,3725.6461264742065,,,NEW-A_aircraft-01,procurement_required
P13_2456,G2,A_aircraft,G2-A_aircraft-02,T004,2004.1116402352573,4285.571599071649,,,NEW-A_aircraft-02,procurement_required
P13_2456,G2,B_aircraft,G2-B_aircraft-01,T002_2,0.0,1500.9693925601796,T015,5.0000999999997475,U06,existing
P13_2456,G2,B_aircraft,G2-B_aircraft-01,T015,1505.9694925601793,3060.540851687861,T013,5.000100000000202,U06,existing
P13_2456,G2,B_aircraft,G2-B_aircraft-01,T013,3065.5409516878613,5023.582223174855,,,U06,existing
P13_2456,G2,B_aircraft,G2-B_aircraft-02,T011,0.0,1944.0244440219892,T008,5.000100000000202,NEW-B_aircraft-01,procurement_required
P13_2456,G2,B_aircraft,G2-B_aircraft-02,T008,1949.0245440219894,3793.5634341775567,T021,19.56798758955574,NEW-B_aircraft-01,procurement_required
P13_2456,G2,B_aircraft,G2-B_aircraft-02,T021,3813.1314217671124,5711.172693254107,,,NEW-B_aircraft-01,procurement_required
P13_2456,G2,C_aircraft,G2-C_aircraft-01,T010_2,1434.4262775174655,2867.4613603954576,T014_2,85.14537027022652,NEW-C_aircraft-01,procurement_required
P13_2456,G2,C_aircraft,G2-C_aircraft-01,T014_2,2952.606730665684,5257.790795633526,,,NEW-C_aircraft-01,procurement_required
P13_2456,G2,C_aircraft,G2-C_aircraft-02,T012,1954.111640235257,4069.1932815137097,T006,1193.5976141198162,NEW-C_aircraft-02,procurement_required
P13_2456,G2,C_aircraft,G2-C_aircraft-02,T006,5262.790895633526,6542.241766493663,,,NEW-C_aircraft-02,procurement_required
P13_2456,G2,A_batteries,G2-A_batteries-01,T009,0.0,2194.736329391266,,,A05,existing
P13_2456,G2,A_batteries,G2-A_batteries-02,T004,2004.1116402352573,5653.515220850031,,,A06,existing
P13_2456,G2,A_batteries,G2-A_batteries-03,T022,2034.1116402352575,4901.140633153662,,,NEW-A_batteries-01,procurement_required
P13_2456,G2,B_batteries,G2-B_batteries-01,T002_2,0.0,2956.647180248775,T013,108.89377143908632,B02,existing
P13_2456,G2,B_batteries,G2-B_batteries-01,T013,3065.5409516878613,6982.827850660446,,,B02,existing
P13_2456,G2,B_batteries,G2-B_batteries-02,T011,0.0,3808.1313217671122,T021,5.000100000000202,B03,existing
P13_2456,G2,B_batteries,G2-B_batteries-02,T021,3813.1314217671124,7578.354845171716,,,B03,existing
P13_2456,G2,B_batteries,G2-B_batteries-03,T015,1505.9694925601793,4516.326993610754,,,B04,existing
P13_2456,G2,B_batteries,G2-B_batteries-04,T008,1949.0245440219894,5382.225397256939,,,NEW-B_batteries-01,procurement_required
P13_2456,G2,C_batteries,G2-C_batteries-01,T010_2,1434.4262775174655,4330.702121185847,T006,932.0887744476786,C03,existing
P13_2456,G2,C_batteries,G2-C_batteries-01,T006,5262.790895633526,7891.7506752339295,,,C03,existing
P13_2456,G2,C_batteries,G2-C_batteries-02,T012,1954.111640235257,6561.858998965378,,,C04,existing
P13_2456,G2,C_batteries,G2-C_batteries-03,T014_2,2952.606730665684,7764.037455028012,,,NEW-C_batteries-01,procurement_required
P13_2456,G2,relay_aircraft,G2-relay_aircraft-01,R004,96.18236555369127,4137.266470460487,,,R02,existing
P13_2456,G2,relay_aircraft,G2-relay_aircraft-02,R003,2004.2977388563338,6244.037452916951,,,NEW-relay_aircraft-01,procurement_required
P13_2456,G2,relay_components,G2-relay_components-01,R004,96.18236555369127,4763.024275968738,,,RE02,existing
P13_2456,G2,relay_components,G2-relay_components-02,R003,2004.2977388563338,6902.075499094418,,,RE03,existing
P1456_23,G1,A_aircraft,G1-A_aircraft-01,T005,0.0,1312.470877312685,,,U01,existing
P1456_23,G1,A_aircraft,G1-A_aircraft-02,T009,0.0,1316.0142144169886,,,U02,existing
P1456_23,G1,B_aircraft,G1-B_aircraft-01,T002_2,0.0,1500.9693925601796,T015,5.0000999999997475,U05,existing
P1456_23,G1,B_aircraft,G1-B_aircraft-01,T015,1505.9694925601793,3060.540851687861,,,U05,existing
P1456_23,G1,B_aircraft,G1-B_aircraft-02,T011,0.0,1944.0244440219892,T008,5.000100000000202,U06,existing
P1456_23,G1,B_aircraft,G1-B_aircraft-02,T008,1949.0245440219894,3793.5634341775567,,,U06,existing
P1456_23,G1,C_aircraft,G1-C_aircraft-01,T001,0.0,1561.4261775174655,T006,3701.3647181160604,U07,existing
P1456_23,G1,C_aircraft,G1-C_aircraft-01,T006,5262.790895633526,6542.241766493663,,,U07,existing
P1456_23,G1,C_aircraft,G1-C_aircraft-02,T003,0.0,1429.4261775174655,T010_2,5.000099999999975,U08,existing
P1456_23,G1,C_aircraft,G1-C_aircraft-02,T010_2,1434.4262775174655,2867.4613603954576,,,U08,existing
P1456_23,G1,A_batteries,G1-A_batteries-01,T005,0.0,2178.7887122874713,,,A01,existing
P1456_23,G1,A_batteries,G1-A_batteries-02,T009,0.0,2194.736329391266,,,A02,existing
P1456_23,G1,B_batteries,G1-B_batteries-01,T002_2,0.0,2956.647180248775,,,B01,existing
P1456_23,G1,B_batteries,G1-B_batteries-02,T011,0.0,3808.1313217671122,,,B02,existing
P1456_23,G1,B_batteries,G1-B_batteries-03,T015,1505.9694925601793,4516.326993610754,,,B03,existing
P1456_23,G1,B_batteries,G1-B_batteries-04,T008,1949.0245440219894,5382.225397256939,,,B04,existing
P1456_23,G1,C_batteries,G1-C_batteries-01,T001,0.0,3150.0928537629516,,,C01,existing
P1456_23,G1,C_batteries,G1-C_batteries-02,T003,0.0,2947.606630665684,T006,2315.184264967842,C02,existing
P1456_23,G1,C_batteries,G1-C_batteries-02,T006,5262.790895633526,7891.7506752339295,,,C02,existing
P1456_23,G1,C_batteries,G1-C_batteries-03,T010_2,1434.4262775174655,4330.702121185847,,,C03,existing
P1456_23,G1,relay_aircraft,G1-relay_aircraft-01,R004,96.18236555369127,4137.266470460487,,,R01,existing
P1456_23,G1,relay_components,G1-relay_components-01,R004,96.18236555369127,4763.024275968738,,,RE01,existing
P1456_23,G2,A_aircraft,G2-A_aircraft-01,T007_HARD,0.0,1712.4416357195464,T022,321.67000451571107,U03,existing
P1456_23,G2,A_aircraft,G2-A_aircraft-01,T022,2034.1116402352575,3725.6461264742065,T007,176.48312507315586,U03,existing
P1456_23,G2,A_aircraft,G2-A_aircraft-01,T007,3902.1292515473624,6510.170148656284,,,U03,existing
P1456_23,G2,A_aircraft,G2-A_aircraft-02,T007_SOFT,0.0,1712.4416357195464,T004,291.67000451571084,U04,existing
P1456_23,G2,A_aircraft,G2-A_aircraft-02,T004,2004.1116402352573,4285.571599071649,T016,5.000100000000202,U04,existing
P1456_23,G2,A_aircraft,G2-A_aircraft-02,T016,4290.571699071649,5986.329803740114,,,U04,existing
P1456_23,G2,A_aircraft,G2-A_aircraft-03,T020,3922.129251547361,5892.33909852418,,,NEW-A_aircraft-01,procurement_required
P1456_23,G2,A_aircraft,G2-A_aircraft-04,T014_1,4004.1292515473606,5699.887356215825,,,NEW-A_aircraft-02,procurement_required
P1456_23,G2,B_aircraft,G2-B_aircraft-01,T013,3065.5409516878613,5023.582223174855,T019_1,5.000100000001112,NEW-B_aircraft-01,procurement_required
P1456_23,G2,B_aircraft,G2-B_aircraft-01,T019_1,5028.582323174856,6547.606667586711,,,NEW-B_aircraft-01,procurement_required
P1456_23,G2,B_aircraft,G2-B_aircraft-02,T021,3813.1314217671124,5711.172693254107,,,NEW-B_aircraft-02,procurement_required
P1456_23,G2,C_aircraft,G2-C_aircraft-01,T012,1954.111640235257,4069.1932815137097,T018,5.000100000000202,NEW-C_aircraft-01,procurement_required
P1456_23,G2,C_aircraft,G2-C_aircraft-01,T018,4074.19338151371,6761.824258884327,,,NEW-C_aircraft-01,procurement_required
P1456_23,G2,C_aircraft,G2-C_aircraft-02,T014_2,2952.606730665684,5257.790795633526,,,NEW-C_aircraft-02,procurement_required
P1456_23,G2,A_batteries,G2-A_batteries-01,T007_HARD,0.0,2761.062337358848,T014_1,1243.0669141885128,A03,existing
P1456_23,G2,A_batteries,G2-A_batteries-01,T014_1,4004.1292515473606,6815.081680695524,,,A03,existing
P1456_23,G2,A_batteries,G2-A_batteries-02,T007_SOFT,0.0,2779.9496716386757,T016,1510.6220274329735,A04,existing
P1456_23,G2,A_batteries,G2-A_batteries-02,T016,4290.571699071649,7122.3061158963155,,,A04,existing
P1456_23,G2,A_batteries,G2-A_batteries-03,T004,2004.1116402352573,5653.515220850031,,,A05,existing
P1456_23,G2,A_batteries,G2-A_batteries-04,T022,2034.1116402352575,4901.140633153662,,,A06,existing
P1456_23,G2,A_batteries,G2-A_batteries-05,T007,3902.1292515473624,7963.433611739875,,,NEW-A_batteries-01,procurement_required
P1456_23,G2,A_batteries,G2-A_batteries-06,T020,3922.129251547361,7132.339749211256,,,NEW-A_batteries-02,procurement_required
P1456_23,G2,B_batteries,G2-B_batteries-01,T013,3065.5409516878613,6982.827850660446,,,NEW-B_batteries-01,procurement_required
P1456_23,G2,B_batteries,G2-B_batteries-02,T021,3813.1314217671124,7578.354845171716,,,NEW-B_batteries-02,procurement_required
P1456_23,G2,B_batteries,G2-B_batteries-03,T019_1,5028.582323174856,8012.288751525202,,,NEW-B_batteries-03,procurement_required
P1456_23,G2,C_batteries,G2-C_batteries-01,T012,1954.111640235257,6561.858998965378,,,C04,existing
P1456_23,G2,C_batteries,G2-C_batteries-02,T014_2,2952.606730665684,7764.037455028012,,,NEW-C_batteries-01,procurement_required
P1456_23,G2,C_batteries,G2-C_batteries-03,T018,4074.19338151371,9324.985225954879,,,NEW-C_batteries-02,procurement_required
P1456_23,G2,relay_aircraft,G2-relay_aircraft-01,R001,190.13731902940862,1999.297638856333,R002,2142.9689317204375,R02,existing
P1456_23,G2,relay_aircraft,G2-relay_aircraft-01,R002,4142.26657057677,7037.879962031191,,,R02,existing
P1456_23,G2,relay_aircraft,G2-relay_aircraft-02,R003,2004.2977388563338,6244.037452916951,,,NEW-relay_aircraft-01,procurement_required
P1456_23,G2,relay_components,G2-relay_components-01,R001,190.13731902940862,2344.3073253046314,R002,1797.959245272139,RE02,existing
P1456_23,G2,relay_components,G2-relay_components-01,R002,4142.26657057677,7517.75318080825,,,RE02,existing
P1456_23,G2,relay_components,G2-relay_components-02,R003,2004.2977388563338,6902.075499094418,,,RE03,existing
P145_236,G1,A_aircraft,G1-A_aircraft-01,T005,0.0,1312.470877312685,,,U01,existing
P145_236,G1,A_aircraft,G1-A_aircraft-02,T009,0.0,1316.0142144169886,,,U02,existing
P145_236,G1,B_aircraft,G1-B_aircraft-01,T002_2,0.0,1500.9693925601796,T015,5.0000999999997475,U05,existing
P145_236,G1,B_aircraft,G1-B_aircraft-01,T015,1505.9694925601793,3060.540851687861,,,U05,existing
P145_236,G1,B_aircraft,G1-B_aircraft-02,T011,0.0,1944.0244440219892,T008,5.000100000000202,U06,existing
P145_236,G1,B_aircraft,G1-B_aircraft-02,T008,1949.0245440219894,3793.5634341775567,,,U06,existing
P145_236,G1,C_aircraft,G1-C_aircraft-01,T001,0.0,1561.4261775174655,,,U07,existing
P145_236,G1,C_aircraft,G1-C_aircraft-02,T003,0.0,1429.4261775174655,T010_2,5.000099999999975,U08,existing
P145_236,G1,C_aircraft,G1-C_aircraft-02,T010_2,1434.4262775174655,2867.4613603954576,,,U08,existing
P145_236,G1,A_batteries,G1-A_batteries-01,T005,0.0,2178.7887122874713,,,A01,existing
P145_236,G1,A_batteries,G1-A_batteries-02,T009,0.0,2194.736329391266,,,A02,existing
P145_236,G1,B_batteries,G1-B_batteries-01,T002_2,0.0,2956.647180248775,,,B01,existing
P145_236,G1,B_batteries,G1-B_batteries-02,T011,0.0,3808.1313217671122,,,B02,existing
P145_236,G1,B_batteries,G1-B_batteries-03,T015,1505.9694925601793,4516.326993610754,,,B03,existing
P145_236,G1,B_batteries,G1-B_batteries-04,T008,1949.0245440219894,5382.225397256939,,,B04,existing
P145_236,G1,C_batteries,G1-C_batteries-01,T001,0.0,3150.0928537629516,,,C01,existing
P145_236,G1,C_batteries,G1-C_batteries-02,T003,0.0,2947.606630665684,,,C02,existing
P145_236,G1,C_batteries,G1-C_batteries-03,T010_2,1434.4262775174655,4330.702121185847,,,C03,existing
P145_236,G1,relay_aircraft,G1-relay_aircraft-01,R004,96.18236555369127,4137.266470460487,,,R01,existing
P145_236,G1,relay_components,G1-relay_components-01,R004,96.18236555369127,4763.024275968738,,,RE01,existing
P145_236,G2,A_aircraft,G2-A_aircraft-01,T007_HARD,0.0,1712.4416357195464,T022,321.67000451571107,U03,existing
P145_236,G2,A_aircraft,G2-A_aircraft-01,T022,2034.1116402352575,3725.6461264742065,T007,176.48312507315586,U03,existing
P145_236,G2,A_aircraft,G2-A_aircraft-01,T007,3902.1292515473624,6510.170148656284,,,U03,existing
P145_236,G2,A_aircraft,G2-A_aircraft-02,T007_SOFT,0.0,1712.4416357195464,T004,291.67000451571084,U04,existing
P145_236,G2,A_aircraft,G2-A_aircraft-02,T004,2004.1116402352573,4285.571599071649,T016,5.000100000000202,U04,existing
P145_236,G2,A_aircraft,G2-A_aircraft-02,T016,4290.571699071649,5986.329803740114,,,U04,existing
P145_236,G2,A_aircraft,G2-A_aircraft-03,T020,3922.129251547361,5892.33909852418,,,NEW-A_aircraft-01,procurement_required
P145_236,G2,A_aircraft,G2-A_aircraft-04,T014_1,4004.1292515473606,5699.887356215825,,,NEW-A_aircraft-02,procurement_required
P145_236,G2,B_aircraft,G2-B_aircraft-01,T013,3065.5409516878613,5023.582223174855,T019_1,5.000100000001112,NEW-B_aircraft-01,procurement_required
P145_236,G2,B_aircraft,G2-B_aircraft-01,T019_1,5028.582323174856,6547.606667586711,,,NEW-B_aircraft-01,procurement_required
P145_236,G2,B_aircraft,G2-B_aircraft-02,T021,3813.1314217671124,5711.172693254107,,,NEW-B_aircraft-02,procurement_required
P145_236,G2,C_aircraft,G2-C_aircraft-01,T012,1954.111640235257,4069.1932815137097,T018,5.000100000000202,NEW-C_aircraft-01,procurement_required
P145_236,G2,C_aircraft,G2-C_aircraft-01,T018,4074.19338151371,6761.824258884327,,,NEW-C_aircraft-01,procurement_required
P145_236,G2,C_aircraft,G2-C_aircraft-02,T014_2,2952.606730665684,5257.790795633526,T006,5.000100000000202,NEW-C_aircraft-02,procurement_required
P145_236,G2,C_aircraft,G2-C_aircraft-02,T006,5262.790895633526,6542.241766493663,,,NEW-C_aircraft-02,procurement_required
P145_236,G2,A_batteries,G2-A_batteries-01,T007_HARD,0.0,2761.062337358848,T014_1,1243.0669141885128,A03,existing
P145_236,G2,A_batteries,G2-A_batteries-01,T014_1,4004.1292515473606,6815.081680695524,,,A03,existing
P145_236,G2,A_batteries,G2-A_batteries-02,T007_SOFT,0.0,2779.9496716386757,T016,1510.6220274329735,A04,existing
P145_236,G2,A_batteries,G2-A_batteries-02,T016,4290.571699071649,7122.3061158963155,,,A04,existing
P145_236,G2,A_batteries,G2-A_batteries-03,T004,2004.1116402352573,5653.515220850031,,,A05,existing
P145_236,G2,A_batteries,G2-A_batteries-04,T022,2034.1116402352575,4901.140633153662,,,A06,existing
P145_236,G2,A_batteries,G2-A_batteries-05,T007,3902.1292515473624,7963.433611739875,,,NEW-A_batteries-01,procurement_required
P145_236,G2,A_batteries,G2-A_batteries-06,T020,3922.129251547361,7132.339749211256,,,NEW-A_batteries-02,procurement_required
P145_236,G2,B_batteries,G2-B_batteries-01,T013,3065.5409516878613,6982.827850660446,,,NEW-B_batteries-01,procurement_required
P145_236,G2,B_batteries,G2-B_batteries-02,T021,3813.1314217671124,7578.354845171716,,,NEW-B_batteries-02,procurement_required
P145_236,G2,B_batteries,G2-B_batteries-03,T019_1,5028.582323174856,8012.288751525202,,,NEW-B_batteries-03,procurement_required
P145_236,G2,C_batteries,G2-C_batteries-01,T012,1954.111640235257,6561.858998965378,,,C04,existing
P145_236,G2,C_batteries,G2-C_batteries-02,T014_2,2952.606730665684,7764.037455028012,,,NEW-C_batteries-01,procurement_required
P145_236,G2,C_batteries,G2-C_batteries-03,T018,4074.19338151371,9324.985225954879,,,NEW-C_batteries-02,procurement_required
P145_236,G2,C_batteries,G2-C_batteries-04,T006,5262.790895633526,7891.7506752339295,,,NEW-C_batteries-03,procurement_required
P145_236,G2,relay_aircraft,G2-relay_aircraft-01,R001,190.13731902940862,1999.297638856333,R002,2142.9689317204375,R02,existing
P145_236,G2,relay_aircraft,G2-relay_aircraft-01,R002,4142.26657057677,7037.879962031191,,,R02,existing
P145_236,G2,relay_aircraft,G2-relay_aircraft-02,R003,2004.2977388563338,6244.037452916951,,,NEW-relay_aircraft-01,procurement_required
P145_236,G2,relay_components,G2-relay_components-01,R001,190.13731902940862,2344.3073253046314,R002,1797.959245272139,RE02,existing
P145_236,G2,relay_components,G2-relay_components-01,R002,4142.26657057677,7517.75318080825,,,RE02,existing
P145_236,G2,relay_components,G2-relay_components-02,R003,2004.2977388563338,6902.075499094418,,,RE03,existing
P146_235,G1,A_aircraft,G1-A_aircraft-01,T005,0.0,1312.470877312685,,,U01,existing
P146_235,G1,A_aircraft,G1-A_aircraft-02,T009,0.0,1316.0142144169886,,,U02,existing
P146_235,G1,C_aircraft,G1-C_aircraft-01,T001,0.0,1561.4261775174655,T006,3701.3647181160604,U07,existing
P146_235,G1,C_aircraft,G1-C_aircraft-01,T006,5262.790895633526,6542.241766493663,,,U07,existing
P146_235,G1,C_aircraft,G1-C_aircraft-02,T003,0.0,1429.4261775174655,T010_2,5.000099999999975,U08,existing
P146_235,G1,C_aircraft,G1-C_aircraft-02,T010_2,1434.4262775174655,2867.4613603954576,,,U08,existing
P146_235,G1,A_batteries,G1-A_batteries-01,T005,0.0,2178.7887122874713,,,A01,existing
P146_235,G1,A_batteries,G1-A_batteries-02,T009,0.0,2194.736329391266,,,A02,existing
P146_235,G1,C_batteries,G1-C_batteries-01,T001,0.0,3150.0928537629516,,,C01,existing
P146_235,G1,C_batteries,G1-C_batteries-02,T003,0.0,2947.606630665684,T006,2315.184264967842,C02,existing
P146_235,G1,C_batteries,G1-C_batteries-02,T006,5262.790895633526,7891.7506752339295,,,C02,existing
P146_235,G1,C_batteries,G1-C_batteries-03,T010_2,1434.4262775174655,4330.702121185847,,,C03,existing
P146_235,G2,A_aircraft,G2-A_aircraft-01,T007_HARD,0.0,1712.4416357195464,T022,321.67000451571107,U03,existing
P146_235,G2,A_aircraft,G2-A_aircraft-01,T022,2034.1116402352575,3725.6461264742065,T007,176.48312507315586,U03,existing
P146_235,G2,A_aircraft,G2-A_aircraft-01,T007,3902.1292515473624,6510.170148656284,,,U03,existing
P146_235,G2,A_aircraft,G2-A_aircraft-02,T007_SOFT,0.0,1712.4416357195464,T004,291.67000451571084,U04,existing
P146_235,G2,A_aircraft,G2-A_aircraft-02,T004,2004.1116402352573,4285.571599071649,T016,5.000100000000202,U04,existing
P146_235,G2,A_aircraft,G2-A_aircraft-02,T016,4290.571699071649,5986.329803740114,,,U04,existing
P146_235,G2,A_aircraft,G2-A_aircraft-03,T020,3922.129251547361,5892.33909852418,,,NEW-A_aircraft-01,procurement_required
P146_235,G2,A_aircraft,G2-A_aircraft-04,T014_1,4004.1292515473606,5699.887356215825,,,NEW-A_aircraft-02,procurement_required
P146_235,G2,B_aircraft,G2-B_aircraft-01,T002_2,0.0,1500.9693925601796,T015,5.0000999999997475,U05,existing
P146_235,G2,B_aircraft,G2-B_aircraft-01,T015,1505.9694925601793,3060.540851687861,T013,5.000100000000202,U05,existing
P146_235,G2,B_aircraft,G2-B_aircraft-01,T013,3065.5409516878613,5023.582223174855,T019_1,5.000100000001112,U05,existing
P146_235,G2,B_aircraft,G2-B_aircraft-01,T019_1,5028.582323174856,6547.606667586711,,,U05,existing
P146_235,G2,B_aircraft,G2-B_aircraft-02,T011,0.0,1944.0244440219892,T008,5.000100000000202,U06,existing
P146_235,G2,B_aircraft,G2-B_aircraft-02,T008,1949.0245440219894,3793.5634341775567,T021,19.56798758955574,U06,existing
P146_235,G2,B_aircraft,G2-B_aircraft-02,T021,3813.1314217671124,5711.172693254107,,,U06,existing
P146_235,G2,C_aircraft,G2-C_aircraft-01,T012,1954.111640235257,4069.1932815137097,T018,5.000100000000202,NEW-C_aircraft-01,procurement_required
P146_235,G2,C_aircraft,G2-C_aircraft-01,T018,4074.19338151371,6761.824258884327,,,NEW-C_aircraft-01,procurement_required
P146_235,G2,C_aircraft,G2-C_aircraft-02,T014_2,2952.606730665684,5257.790795633526,,,NEW-C_aircraft-02,procurement_required
P146_235,G2,A_batteries,G2-A_batteries-01,T007_HARD,0.0,2761.062337358848,T014_1,1243.0669141885128,A03,existing
P146_235,G2,A_batteries,G2-A_batteries-01,T014_1,4004.1292515473606,6815.081680695524,,,A03,existing
P146_235,G2,A_batteries,G2-A_batteries-02,T007_SOFT,0.0,2779.9496716386757,T016,1510.6220274329735,A04,existing
P146_235,G2,A_batteries,G2-A_batteries-02,T016,4290.571699071649,7122.3061158963155,,,A04,existing
P146_235,G2,A_batteries,G2-A_batteries-03,T004,2004.1116402352573,5653.515220850031,,,A05,existing
P146_235,G2,A_batteries,G2-A_batteries-04,T022,2034.1116402352575,4901.140633153662,,,A06,existing
P146_235,G2,A_batteries,G2-A_batteries-05,T007,3902.1292515473624,7963.433611739875,,,NEW-A_batteries-01,procurement_required
P146_235,G2,A_batteries,G2-A_batteries-06,T020,3922.129251547361,7132.339749211256,,,NEW-A_batteries-02,procurement_required
P146_235,G2,B_batteries,G2-B_batteries-01,T002_2,0.0,2956.647180248775,T013,108.89377143908632,B01,existing
P146_235,G2,B_batteries,G2-B_batteries-01,T013,3065.5409516878613,6982.827850660446,,,B01,existing
P146_235,G2,B_batteries,G2-B_batteries-02,T011,0.0,3808.1313217671122,T021,5.000100000000202,B02,existing
P146_235,G2,B_batteries,G2-B_batteries-02,T021,3813.1314217671124,7578.354845171716,,,B02,existing
P146_235,G2,B_batteries,G2-B_batteries-03,T015,1505.9694925601793,4516.326993610754,T019_1,512.2553295641028,B03,existing
P146_235,G2,B_batteries,G2-B_batteries-03,T019_1,5028.582323174856,8012.288751525202,,,B03,existing
P146_235,G2,B_batteries,G2-B_batteries-04,T008,1949.0245440219894,5382.225397256939,,,B04,existing
P146_235,G2,C_batteries,G2-C_batteries-01,T012,1954.111640235257,6561.858998965378,,,C04,existing
P146_235,G2,C_batteries,G2-C_batteries-02,T014_2,2952.606730665684,7764.037455028012,,,NEW-C_batteries-01,procurement_required
P146_235,G2,C_batteries,G2-C_batteries-03,T018,4074.19338151371,9324.985225954879,,,NEW-C_batteries-02,procurement_required
P146_235,G2,relay_aircraft,G2-relay_aircraft-01,R004,96.18236555369127,4137.266470460487,R002,5.000100116283647,R01,existing
P146_235,G2,relay_aircraft,G2-relay_aircraft-01,R002,4142.26657057677,7037.879962031191,,,R01,existing
P146_235,G2,relay_aircraft,G2-relay_aircraft-02,R001,190.13731902940862,1999.297638856333,R003,5.000100000000884,R02,existing
P146_235,G2,relay_aircraft,G2-relay_aircraft-02,R003,2004.2977388563338,6244.037452916951,,,R02,existing
P146_235,G2,relay_components,G2-relay_components-01,R004,96.18236555369127,4763.024275968738,,,RE01,existing
P146_235,G2,relay_components,G2-relay_components-02,R001,190.13731902940862,2344.3073253046314,R002,1797.959245272139,RE02,existing
P146_235,G2,relay_components,G2-relay_components-02,R002,4142.26657057677,7517.75318080825,,,RE02,existing
P146_235,G2,relay_components,G2-relay_components-03,R003,2004.2977388563338,6902.075499094418,,,RE03,existing
P14_2356,G1,A_aircraft,G1-A_aircraft-01,T005,0.0,1312.470877312685,,,U01,existing
P14_2356,G1,A_aircraft,G1-A_aircraft-02,T009,0.0,1316.0142144169886,,,U02,existing
P14_2356,G1,C_aircraft,G1-C_aircraft-01,T001,0.0,1561.4261775174655,,,U07,existing
P14_2356,G1,C_aircraft,G1-C_aircraft-02,T003,0.0,1429.4261775174655,T010_2,5.000099999999975,U08,existing
P14_2356,G1,C_aircraft,G1-C_aircraft-02,T010_2,1434.4262775174655,2867.4613603954576,,,U08,existing
P14_2356,G1,A_batteries,G1-A_batteries-01,T005,0.0,2178.7887122874713,,,A01,existing
P14_2356,G1,A_batteries,G1-A_batteries-02,T009,0.0,2194.736329391266,,,A02,existing
P14_2356,G1,C_batteries,G1-C_batteries-01,T001,0.0,3150.0928537629516,,,C01,existing
P14_2356,G1,C_batteries,G1-C_batteries-02,T003,0.0,2947.606630665684,,,C02,existing
P14_2356,G1,C_batteries,G1-C_batteries-03,T010_2,1434.4262775174655,4330.702121185847,,,C03,existing
P14_2356,G2,A_aircraft,G2-A_aircraft-01,T007_HARD,0.0,1712.4416357195464,T022,321.67000451571107,U03,existing
P14_2356,G2,A_aircraft,G2-A_aircraft-01,T022,2034.1116402352575,3725.6461264742065,T007,176.48312507315586,U03,existing
P14_2356,G2,A_aircraft,G2-A_aircraft-01,T007,3902.1292515473624,6510.170148656284,,,U03,existing
P14_2356,G2,A_aircraft,G2-A_aircraft-02,T007_SOFT,0.0,1712.4416357195464,T004,291.67000451571084,U04,existing
P14_2356,G2,A_aircraft,G2-A_aircraft-02,T004,2004.1116402352573,4285.571599071649,T016,5.000100000000202,U04,existing
P14_2356,G2,A_aircraft,G2-A_aircraft-02,T016,4290.571699071649,5986.329803740114,,,U04,existing
P14_2356,G2,A_aircraft,G2-A_aircraft-03,T020,3922.129251547361,5892.33909852418,,,NEW-A_aircraft-01,procurement_required
P14_2356,G2,A_aircraft,G2-A_aircraft-04,T014_1,4004.1292515473606,5699.887356215825,,,NEW-A_aircraft-02,procurement_required
P14_2356,G2,B_aircraft,G2-B_aircraft-01,T002_2,0.0,1500.9693925601796,T015,5.0000999999997475,U05,existing
P14_2356,G2,B_aircraft,G2-B_aircraft-01,T015,1505.9694925601793,3060.540851687861,T013,5.000100000000202,U05,existing
P14_2356,G2,B_aircraft,G2-B_aircraft-01,T013,3065.5409516878613,5023.582223174855,T019_1,5.000100000001112,U05,existing
P14_2356,G2,B_aircraft,G2-B_aircraft-01,T019_1,5028.582323174856,6547.606667586711,,,U05,existing
P14_2356,G2,B_aircraft,G2-B_aircraft-02,T011,0.0,1944.0244440219892,T008,5.000100000000202,U06,existing
P14_2356,G2,B_aircraft,G2-B_aircraft-02,T008,1949.0245440219894,3793.5634341775567,T021,19.56798758955574,U06,existing
P14_2356,G2,B_aircraft,G2-B_aircraft-02,T021,3813.1314217671124,5711.172693254107,,,U06,existing
P14_2356,G2,C_aircraft,G2-C_aircraft-01,T012,1954.111640235257,4069.1932815137097,T018,5.000100000000202,NEW-C_aircraft-01,procurement_required
P14_2356,G2,C_aircraft,G2-C_aircraft-01,T018,4074.19338151371,6761.824258884327,,,NEW-C_aircraft-01,procurement_required
P14_2356,G2,C_aircraft,G2-C_aircraft-02,T014_2,2952.606730665684,5257.790795633526,T006,5.000100000000202,NEW-C_aircraft-02,procurement_required
P14_2356,G2,C_aircraft,G2-C_aircraft-02,T006,5262.790895633526,6542.241766493663,,,NEW-C_aircraft-02,procurement_required
P14_2356,G2,A_batteries,G2-A_batteries-01,T007_HARD,0.0,2761.062337358848,T014_1,1243.0669141885128,A03,existing
P14_2356,G2,A_batteries,G2-A_batteries-01,T014_1,4004.1292515473606,6815.081680695524,,,A03,existing
P14_2356,G2,A_batteries,G2-A_batteries-02,T007_SOFT,0.0,2779.9496716386757,T016,1510.6220274329735,A04,existing
P14_2356,G2,A_batteries,G2-A_batteries-02,T016,4290.571699071649,7122.3061158963155,,,A04,existing
P14_2356,G2,A_batteries,G2-A_batteries-03,T004,2004.1116402352573,5653.515220850031,,,A05,existing
P14_2356,G2,A_batteries,G2-A_batteries-04,T022,2034.1116402352575,4901.140633153662,,,A06,existing
P14_2356,G2,A_batteries,G2-A_batteries-05,T007,3902.1292515473624,7963.433611739875,,,NEW-A_batteries-01,procurement_required
P14_2356,G2,A_batteries,G2-A_batteries-06,T020,3922.129251547361,7132.339749211256,,,NEW-A_batteries-02,procurement_required
P14_2356,G2,B_batteries,G2-B_batteries-01,T002_2,0.0,2956.647180248775,T013,108.89377143908632,B01,existing
P14_2356,G2,B_batteries,G2-B_batteries-01,T013,3065.5409516878613,6982.827850660446,,,B01,existing
P14_2356,G2,B_batteries,G2-B_batteries-02,T011,0.0,3808.1313217671122,T021,5.000100000000202,B02,existing
P14_2356,G2,B_batteries,G2-B_batteries-02,T021,3813.1314217671124,7578.354845171716,,,B02,existing
P14_2356,G2,B_batteries,G2-B_batteries-03,T015,1505.9694925601793,4516.326993610754,T019_1,512.2553295641028,B03,existing
P14_2356,G2,B_batteries,G2-B_batteries-03,T019_1,5028.582323174856,8012.288751525202,,,B03,existing
P14_2356,G2,B_batteries,G2-B_batteries-04,T008,1949.0245440219894,5382.225397256939,,,B04,existing
P14_2356,G2,C_batteries,G2-C_batteries-01,T012,1954.111640235257,6561.858998965378,,,C04,existing
P14_2356,G2,C_batteries,G2-C_batteries-02,T014_2,2952.606730665684,7764.037455028012,,,NEW-C_batteries-01,procurement_required
P14_2356,G2,C_batteries,G2-C_batteries-03,T018,4074.19338151371,9324.985225954879,,,NEW-C_batteries-02,procurement_required
P14_2356,G2,C_batteries,G2-C_batteries-04,T006,5262.790895633526,7891.7506752339295,,,NEW-C_batteries-03,procurement_required
P14_2356,G2,relay_aircraft,G2-relay_aircraft-01,R004,96.18236555369127,4137.266470460487,R002,5.000100116283647,R01,existing
P14_2356,G2,relay_aircraft,G2-relay_aircraft-01,R002,4142.26657057677,7037.879962031191,,,R01,existing
P14_2356,G2,relay_aircraft,G2-relay_aircraft-02,R001,190.13731902940862,1999.297638856333,R003,5.000100000000884,R02,existing
P14_2356,G2,relay_aircraft,G2-relay_aircraft-02,R003,2004.2977388563338,6244.037452916951,,,R02,existing
P14_2356,G2,relay_components,G2-relay_components-01,R004,96.18236555369127,4763.024275968738,,,RE01,existing
P14_2356,G2,relay_components,G2-relay_components-02,R001,190.13731902940862,2344.3073253046314,R002,1797.959245272139,RE02,existing
P14_2356,G2,relay_components,G2-relay_components-02,R002,4142.26657057677,7517.75318080825,,,RE02,existing
P14_2356,G2,relay_components,G2-relay_components-03,R003,2004.2977388563338,6902.075499094418,,,RE03,existing
P156_234,G1,A_aircraft,G1-A_aircraft-01,T005,0.0,1312.470877312685,,,U01,existing
P156_234,G1,B_aircraft,G1-B_aircraft-01,T002_2,0.0,1500.9693925601796,T015,5.0000999999997475,U05,existing
P156_234,G1,B_aircraft,G1-B_aircraft-01,T015,1505.9694925601793,3060.540851687861,,,U05,existing
P156_234,G1,B_aircraft,G1-B_aircraft-02,T011,0.0,1944.0244440219892,T008,5.000100000000202,U06,existing
P156_234,G1,B_aircraft,G1-B_aircraft-02,T008,1949.0245440219894,3793.5634341775567,,,U06,existing
P156_234,G1,C_aircraft,G1-C_aircraft-01,T001,0.0,1561.4261775174655,,,U07,existing
P156_234,G1,C_aircraft,G1-C_aircraft-02,T003,0.0,1429.4261775174655,T006,3833.3647181160604,U08,existing
P156_234,G1,C_aircraft,G1-C_aircraft-02,T006,5262.790895633526,6542.241766493663,,,U08,existing
P156_234,G1,A_batteries,G1-A_batteries-01,T005,0.0,2178.7887122874713,,,A01,existing
P156_234,G1,B_batteries,G1-B_batteries-01,T002_2,0.0,2956.647180248775,,,B01,existing
P156_234,G1,B_batteries,G1-B_batteries-02,T011,0.0,3808.1313217671122,,,B02,existing
P156_234,G1,B_batteries,G1-B_batteries-03,T015,1505.9694925601793,4516.326993610754,,,B03,existing
P156_234,G1,B_batteries,G1-B_batteries-04,T008,1949.0245440219894,5382.225397256939,,,B04,existing
P156_234,G1,C_batteries,G1-C_batteries-01,T001,0.0,3150.0928537629516,,,C01,existing
P156_234,G1,C_batteries,G1-C_batteries-02,T003,0.0,2947.606630665684,T006,2315.184264967842,C02,existing
P156_234,G1,C_batteries,G1-C_batteries-02,T006,5262.790895633526,7891.7506752339295,,,C02,existing
P156_234,G1,relay_aircraft,G1-relay_aircraft-01,R004,96.18236555369127,4137.266470460487,,,R01,existing
P156_234,G1,relay_components,G1-relay_components-01,R004,96.18236555369127,4763.024275968738,,,RE01,existing
P156_234,G2,A_aircraft,G2-A_aircraft-01,T007_HARD,0.0,1712.4416357195464,T020,2209.6876158278146,U02,existing
P156_234,G2,A_aircraft,G2-A_aircraft-01,T020,3922.129251547361,5892.33909852418,,,U02,existing
P156_234,G2,A_aircraft,G2-A_aircraft-02,T007_SOFT,0.0,1712.4416357195464,T022,321.67000451571107,U03,existing
P156_234,G2,A_aircraft,G2-A_aircraft-02,T022,2034.1116402352575,3725.6461264742065,T007,176.48312507315586,U03,existing
P156_234,G2,A_aircraft,G2-A_aircraft-02,T007,3902.1292515473624,6510.170148656284,,,U03,existing
P156_234,G2,A_aircraft,G2-A_aircraft-03,T009,0.0,1316.0142144169886,T004,688.0974258182687,U04,existing
P156_234,G2,A_aircraft,G2-A_aircraft-03,T004,2004.1116402352573,4285.571599071649,T016,5.000100000000202,U04,existing
P156_234,G2,A_aircraft,G2-A_aircraft-03,T016,4290.571699071649,5986.329803740114,,,U04,existing
P156_234,G2,A_aircraft,G2-A_aircraft-04,T014_1,4004.1292515473606,5699.887356215825,,,NEW-A_aircraft-01,procurement_required
P156_234,G2,B_aircraft,G2-B_aircraft-01,T013,3065.5409516878613,5023.582223174855,T019_1,5.000100000001112,NEW-B_aircraft-01,procurement_required
P156_234,G2,B_aircraft,G2-B_aircraft-01,T019_1,5028.582323174856,6547.606667586711,,,NEW-B_aircraft-01,procurement_required
P156_234,G2,B_aircraft,G2-B_aircraft-02,T021,3813.1314217671124,5711.172693254107,,,NEW-B_aircraft-02,procurement_required
P156_234,G2,C_aircraft,G2-C_aircraft-01,T010_2,1434.4262775174655,2867.4613603954576,T014_2,85.14537027022652,NEW-C_aircraft-01,procurement_required
P156_234,G2,C_aircraft,G2-C_aircraft-01,T014_2,2952.606730665684,5257.790795633526,,,NEW-C_aircraft-01,procurement_required
P156_234,G2,C_aircraft,G2-C_aircraft-02,T012,1954.111640235257,4069.1932815137097,T018,5.000100000000202,NEW-C_aircraft-02,procurement_required
P156_234,G2,C_aircraft,G2-C_aircraft-02,T018,4074.19338151371,6761.824258884327,,,NEW-C_aircraft-02,procurement_required
P156_234,G2,A_batteries,G2-A_batteries-01,T007_HARD,0.0,2761.062337358848,T014_1,1243.0669141885128,A02,existing
P156_234,G2,A_batteries,G2-A_batteries-01,T014_1,4004.1292515473606,6815.081680695524,,,A02,existing
P156_234,G2,A_batteries,G2-A_batteries-02,T007_SOFT,0.0,2779.9496716386757,T016,1510.6220274329735,A03,existing
P156_234,G2,A_batteries,G2-A_batteries-02,T016,4290.571699071649,7122.3061158963155,,,A03,existing
P156_234,G2,A_batteries,G2-A_batteries-03,T009,0.0,2194.736329391266,T007,1707.3929221560966,A04,existing
P156_234,G2,A_batteries,G2-A_batteries-03,T007,3902.1292515473624,7963.433611739875,,,A04,existing
P156_234,G2,A_batteries,G2-A_batteries-04,T004,2004.1116402352573,5653.515220850031,,,A05,existing
P156_234,G2,A_batteries,G2-A_batteries-05,T022,2034.1116402352575,4901.140633153662,,,A06,existing
P156_234,G2,A_batteries,G2-A_batteries-06,T020,3922.129251547361,7132.339749211256,,,NEW-A_batteries-01,procurement_required
P156_234,G2,B_batteries,G2-B_batteries-01,T013,3065.5409516878613,6982.827850660446,,,NEW-B_batteries-01,procurement_required
P156_234,G2,B_batteries,G2-B_batteries-02,T021,3813.1314217671124,7578.354845171716,,,NEW-B_batteries-02,procurement_required
P156_234,G2,B_batteries,G2-B_batteries-03,T019_1,5028.582323174856,8012.288751525202,,,NEW-B_batteries-03,procurement_required
P156_234,G2,C_batteries,G2-C_batteries-01,T010_2,1434.4262775174655,4330.702121185847,,,C03,existing
P156_234,G2,C_batteries,G2-C_batteries-02,T012,1954.111640235257,6561.858998965378,,,C04,existing
P156_234,G2,C_batteries,G2-C_batteries-03,T014_2,2952.606730665684,7764.037455028012,,,NEW-C_batteries-01,procurement_required
P156_234,G2,C_batteries,G2-C_batteries-04,T018,4074.19338151371,9324.985225954879,,,NEW-C_batteries-02,procurement_required
P156_234,G2,relay_aircraft,G2-relay_aircraft-01,R001,190.13731902940862,1999.297638856333,R002,2142.9689317204375,R02,existing
P156_234,G2,relay_aircraft,G2-relay_aircraft-01,R002,4142.26657057677,7037.879962031191,,,R02,existing
P156_234,G2,relay_aircraft,G2-relay_aircraft-02,R003,2004.2977388563338,6244.037452916951,,,NEW-relay_aircraft-01,procurement_required
P156_234,G2,relay_components,G2-relay_components-01,R001,190.13731902940862,2344.3073253046314,R002,1797.959245272139,RE02,existing
P156_234,G2,relay_components,G2-relay_components-01,R002,4142.26657057677,7517.75318080825,,,RE02,existing
P156_234,G2,relay_components,G2-relay_components-02,R003,2004.2977388563338,6902.075499094418,,,RE03,existing
P15_2346,G1,A_aircraft,G1-A_aircraft-01,T005,0.0,1312.470877312685,,,U01,existing
P15_2346,G1,B_aircraft,G1-B_aircraft-01,T002_2,0.0,1500.9693925601796,T015,5.0000999999997475,U05,existing
P15_2346,G1,B_aircraft,G1-B_aircraft-01,T015,1505.9694925601793,3060.540851687861,,,U05,existing
P15_2346,G1,B_aircraft,G1-B_aircraft-02,T011,0.0,1944.0244440219892,T008,5.000100000000202,U06,existing
P15_2346,G1,B_aircraft,G1-B_aircraft-02,T008,1949.0245440219894,3793.5634341775567,,,U06,existing
P15_2346,G1,C_aircraft,G1-C_aircraft-01,T001,0.0,1561.4261775174655,,,U07,existing
P15_2346,G1,C_aircraft,G1-C_aircraft-02,T003,0.0,1429.4261775174655,,,U08,existing
P15_2346,G1,A_batteries,G1-A_batteries-01,T005,0.0,2178.7887122874713,,,A01,existing
P15_2346,G1,B_batteries,G1-B_batteries-01,T002_2,0.0,2956.647180248775,,,B01,existing
P15_2346,G1,B_batteries,G1-B_batteries-02,T011,0.0,3808.1313217671122,,,B02,existing
P15_2346,G1,B_batteries,G1-B_batteries-03,T015,1505.9694925601793,4516.326993610754,,,B03,existing
P15_2346,G1,B_batteries,G1-B_batteries-04,T008,1949.0245440219894,5382.225397256939,,,B04,existing
P15_2346,G1,C_batteries,G1-C_batteries-01,T001,0.0,3150.0928537629516,,,C01,existing
P15_2346,G1,C_batteries,G1-C_batteries-02,T003,0.0,2947.606630665684,,,C02,existing
P15_2346,G1,relay_aircraft,G1-relay_aircraft-01,R004,96.18236555369127,4137.266470460487,,,R01,existing
P15_2346,G1,relay_components,G1-relay_components-01,R004,96.18236555369127,4763.024275968738,,,RE01,existing
P15_2346,G2,A_aircraft,G2-A_aircraft-01,T007_HARD,0.0,1712.4416357195464,T020,2209.6876158278146,U02,existing
P15_2346,G2,A_aircraft,G2-A_aircraft-01,T020,3922.129251547361,5892.33909852418,,,U02,existing
P15_2346,G2,A_aircraft,G2-A_aircraft-02,T007_SOFT,0.0,1712.4416357195464,T022,321.67000451571107,U03,existing
P15_2346,G2,A_aircraft,G2-A_aircraft-02,T022,2034.1116402352575,3725.6461264742065,T007,176.48312507315586,U03,existing
P15_2346,G2,A_aircraft,G2-A_aircraft-02,T007,3902.1292515473624,6510.170148656284,,,U03,existing
P15_2346,G2,A_aircraft,G2-A_aircraft-03,T009,0.0,1316.0142144169886,T004,688.0974258182687,U04,existing
P15_2346,G2,A_aircraft,G2-A_aircraft-03,T004,2004.1116402352573,4285.571599071649,T016,5.000100000000202,U04,existing
P15_2346,G2,A_aircraft,G2-A_aircraft-03,T016,4290.571699071649,5986.329803740114,,,U04,existing
P15_2346,G2,A_aircraft,G2-A_aircraft-04,T014_1,4004.1292515473606,5699.887356215825,,,NEW-A_aircraft-01,procurement_required
P15_2346,G2,B_aircraft,G2-B_aircraft-01,T013,3065.5409516878613,5023.582223174855,T019_1,5.000100000001112,NEW-B_aircraft-01,procurement_required
P15_2346,G2,B_aircraft,G2-B_aircraft-01,T019_1,5028.582323174856,6547.606667586711,,,NEW-B_aircraft-01,procurement_required
P15_2346,G2,B_aircraft,G2-B_aircraft-02,T021,3813.1314217671124,5711.172693254107,,,NEW-B_aircraft-02,procurement_required
P15_2346,G2,C_aircraft,G2-C_aircraft-01,T010_2,1434.4262775174655,2867.4613603954576,T014_2,85.14537027022652,NEW-C_aircraft-01,procurement_required
P15_2346,G2,C_aircraft,G2-C_aircraft-01,T014_2,2952.606730665684,5257.790795633526,T006,5.000100000000202,NEW-C_aircraft-01,procurement_required
P15_2346,G2,C_aircraft,G2-C_aircraft-01,T006,5262.790895633526,6542.241766493663,,,NEW-C_aircraft-01,procurement_required
P15_2346,G2,C_aircraft,G2-C_aircraft-02,T012,1954.111640235257,4069.1932815137097,T018,5.000100000000202,NEW-C_aircraft-02,procurement_required
P15_2346,G2,C_aircraft,G2-C_aircraft-02,T018,4074.19338151371,6761.824258884327,,,NEW-C_aircraft-02,procurement_required
P15_2346,G2,A_batteries,G2-A_batteries-01,T007_HARD,0.0,2761.062337358848,T014_1,1243.0669141885128,A02,existing
P15_2346,G2,A_batteries,G2-A_batteries-01,T014_1,4004.1292515473606,6815.081680695524,,,A02,existing
P15_2346,G2,A_batteries,G2-A_batteries-02,T007_SOFT,0.0,2779.9496716386757,T016,1510.6220274329735,A03,existing
P15_2346,G2,A_batteries,G2-A_batteries-02,T016,4290.571699071649,7122.3061158963155,,,A03,existing
P15_2346,G2,A_batteries,G2-A_batteries-03,T009,0.0,2194.736329391266,T007,1707.3929221560966,A04,existing
P15_2346,G2,A_batteries,G2-A_batteries-03,T007,3902.1292515473624,7963.433611739875,,,A04,existing
P15_2346,G2,A_batteries,G2-A_batteries-04,T004,2004.1116402352573,5653.515220850031,,,A05,existing
P15_2346,G2,A_batteries,G2-A_batteries-05,T022,2034.1116402352575,4901.140633153662,,,A06,existing
P15_2346,G2,A_batteries,G2-A_batteries-06,T020,3922.129251547361,7132.339749211256,,,NEW-A_batteries-01,procurement_required
P15_2346,G2,B_batteries,G2-B_batteries-01,T013,3065.5409516878613,6982.827850660446,,,NEW-B_batteries-01,procurement_required
P15_2346,G2,B_batteries,G2-B_batteries-02,T021,3813.1314217671124,7578.354845171716,,,NEW-B_batteries-02,procurement_required
P15_2346,G2,B_batteries,G2-B_batteries-03,T019_1,5028.582323174856,8012.288751525202,,,NEW-B_batteries-03,procurement_required
P15_2346,G2,C_batteries,G2-C_batteries-01,T010_2,1434.4262775174655,4330.702121185847,T006,932.0887744476786,C03,existing
P15_2346,G2,C_batteries,G2-C_batteries-01,T006,5262.790895633526,7891.7506752339295,,,C03,existing
P15_2346,G2,C_batteries,G2-C_batteries-02,T012,1954.111640235257,6561.858998965378,,,C04,existing
P15_2346,G2,C_batteries,G2-C_batteries-03,T014_2,2952.606730665684,7764.037455028012,,,NEW-C_batteries-01,procurement_required
P15_2346,G2,C_batteries,G2-C_batteries-04,T018,4074.19338151371,9324.985225954879,,,NEW-C_batteries-02,procurement_required
P15_2346,G2,relay_aircraft,G2-relay_aircraft-01,R001,190.13731902940862,1999.297638856333,R002,2142.9689317204375,R02,existing
P15_2346,G2,relay_aircraft,G2-relay_aircraft-01,R002,4142.26657057677,7037.879962031191,,,R02,existing
P15_2346,G2,relay_aircraft,G2-relay_aircraft-02,R003,2004.2977388563338,6244.037452916951,,,NEW-relay_aircraft-01,procurement_required
P15_2346,G2,relay_components,G2-relay_components-01,R001,190.13731902940862,2344.3073253046314,R002,1797.959245272139,RE02,existing
P15_2346,G2,relay_components,G2-relay_components-01,R002,4142.26657057677,7517.75318080825,,,RE02,existing
P15_2346,G2,relay_components,G2-relay_components-02,R003,2004.2977388563338,6902.075499094418,,,RE03,existing
P16_2345,G1,A_aircraft,G1-A_aircraft-01,T005,0.0,1312.470877312685,,,U01,existing
P16_2345,G1,C_aircraft,G1-C_aircraft-01,T001,0.0,1561.4261775174655,,,U07,existing
P16_2345,G1,C_aircraft,G1-C_aircraft-02,T003,0.0,1429.4261775174655,T006,3833.3647181160604,U08,existing
P16_2345,G1,C_aircraft,G1-C_aircraft-02,T006,5262.790895633526,6542.241766493663,,,U08,existing
P16_2345,G1,A_batteries,G1-A_batteries-01,T005,0.0,2178.7887122874713,,,A01,existing
P16_2345,G1,C_batteries,G1-C_batteries-01,T001,0.0,3150.0928537629516,,,C01,existing
P16_2345,G1,C_batteries,G1-C_batteries-02,T003,0.0,2947.606630665684,T006,2315.184264967842,C02,existing
P16_2345,G1,C_batteries,G1-C_batteries-02,T006,5262.790895633526,7891.7506752339295,,,C02,existing
P16_2345,G2,A_aircraft,G2-A_aircraft-01,T007_HARD,0.0,1712.4416357195464,T020,2209.6876158278146,U02,existing
P16_2345,G2,A_aircraft,G2-A_aircraft-01,T020,3922.129251547361,5892.33909852418,,,U02,existing
P16_2345,G2,A_aircraft,G2-A_aircraft-02,T007_SOFT,0.0,1712.4416357195464,T022,321.67000451571107,U03,existing
P16_2345,G2,A_aircraft,G2-A_aircraft-02,T022,2034.1116402352575,3725.6461264742065,T007,176.48312507315586,U03,existing
P16_2345,G2,A_aircraft,G2-A_aircraft-02,T007,3902.1292515473624,6510.170148656284,,,U03,existing
P16_2345,G2,A_aircraft,G2-A_aircraft-03,T009,0.0,1316.0142144169886,T004,688.0974258182687,U04,existing
P16_2345,G2,A_aircraft,G2-A_aircraft-03,T004,2004.1116402352573,4285.571599071649,T016,5.000100000000202,U04,existing
P16_2345,G2,A_aircraft,G2-A_aircraft-03,T016,4290.571699071649,5986.329803740114,,,U04,existing
P16_2345,G2,A_aircraft,G2-A_aircraft-04,T014_1,4004.1292515473606,5699.887356215825,,,NEW-A_aircraft-01,procurement_required
P16_2345,G2,B_aircraft,G2-B_aircraft-01,T002_2,0.0,1500.9693925601796,T015,5.0000999999997475,U05,existing
P16_2345,G2,B_aircraft,G2-B_aircraft-01,T015,1505.9694925601793,3060.540851687861,T013,5.000100000000202,U05,existing
P16_2345,G2,B_aircraft,G2-B_aircraft-01,T013,3065.5409516878613,5023.582223174855,T019_1,5.000100000001112,U05,existing
P16_2345,G2,B_aircraft,G2-B_aircraft-01,T019_1,5028.582323174856,6547.606667586711,,,U05,existing
P16_2345,G2,B_aircraft,G2-B_aircraft-02,T011,0.0,1944.0244440219892,T008,5.000100000000202,U06,existing
P16_2345,G2,B_aircraft,G2-B_aircraft-02,T008,1949.0245440219894,3793.5634341775567,T021,19.56798758955574,U06,existing
P16_2345,G2,B_aircraft,G2-B_aircraft-02,T021,3813.1314217671124,5711.172693254107,,,U06,existing
P16_2345,G2,C_aircraft,G2-C_aircraft-01,T010_2,1434.4262775174655,2867.4613603954576,T014_2,85.14537027022652,NEW-C_aircraft-01,procurement_required
P16_2345,G2,C_aircraft,G2-C_aircraft-01,T014_2,2952.606730665684,5257.790795633526,,,NEW-C_aircraft-01,procurement_required
P16_2345,G2,C_aircraft,G2-C_aircraft-02,T012,1954.111640235257,4069.1932815137097,T018,5.000100000000202,NEW-C_aircraft-02,procurement_required
P16_2345,G2,C_aircraft,G2-C_aircraft-02,T018,4074.19338151371,6761.824258884327,,,NEW-C_aircraft-02,procurement_required
P16_2345,G2,A_batteries,G2-A_batteries-01,T007_HARD,0.0,2761.062337358848,T014_1,1243.0669141885128,A02,existing
P16_2345,G2,A_batteries,G2-A_batteries-01,T014_1,4004.1292515473606,6815.081680695524,,,A02,existing
P16_2345,G2,A_batteries,G2-A_batteries-02,T007_SOFT,0.0,2779.9496716386757,T016,1510.6220274329735,A03,existing
P16_2345,G2,A_batteries,G2-A_batteries-02,T016,4290.571699071649,7122.3061158963155,,,A03,existing
P16_2345,G2,A_batteries,G2-A_batteries-03,T009,0.0,2194.736329391266,T007,1707.3929221560966,A04,existing
P16_2345,G2,A_batteries,G2-A_batteries-03,T007,3902.1292515473624,7963.433611739875,,,A04,existing
P16_2345,G2,A_batteries,G2-A_batteries-04,T004,2004.1116402352573,5653.515220850031,,,A05,existing
P16_2345,G2,A_batteries,G2-A_batteries-05,T022,2034.1116402352575,4901.140633153662,,,A06,existing
P16_2345,G2,A_batteries,G2-A_batteries-06,T020,3922.129251547361,7132.339749211256,,,NEW-A_batteries-01,procurement_required
P16_2345,G2,B_batteries,G2-B_batteries-01,T002_2,0.0,2956.647180248775,T013,108.89377143908632,B01,existing
P16_2345,G2,B_batteries,G2-B_batteries-01,T013,3065.5409516878613,6982.827850660446,,,B01,existing
P16_2345,G2,B_batteries,G2-B_batteries-02,T011,0.0,3808.1313217671122,T021,5.000100000000202,B02,existing
P16_2345,G2,B_batteries,G2-B_batteries-02,T021,3813.1314217671124,7578.354845171716,,,B02,existing
P16_2345,G2,B_batteries,G2-B_batteries-03,T015,1505.9694925601793,4516.326993610754,T019_1,512.2553295641028,B03,existing
P16_2345,G2,B_batteries,G2-B_batteries-03,T019_1,5028.582323174856,8012.288751525202,,,B03,existing
P16_2345,G2,B_batteries,G2-B_batteries-04,T008,1949.0245440219894,5382.225397256939,,,B04,existing
P16_2345,G2,C_batteries,G2-C_batteries-01,T010_2,1434.4262775174655,4330.702121185847,,,C03,existing
P16_2345,G2,C_batteries,G2-C_batteries-02,T012,1954.111640235257,6561.858998965378,,,C04,existing
P16_2345,G2,C_batteries,G2-C_batteries-03,T014_2,2952.606730665684,7764.037455028012,,,NEW-C_batteries-01,procurement_required
P16_2345,G2,C_batteries,G2-C_batteries-04,T018,4074.19338151371,9324.985225954879,,,NEW-C_batteries-02,procurement_required
P16_2345,G2,relay_aircraft,G2-relay_aircraft-01,R004,96.18236555369127,4137.266470460487,R002,5.000100116283647,R01,existing
P16_2345,G2,relay_aircraft,G2-relay_aircraft-01,R002,4142.26657057677,7037.879962031191,,,R01,existing
P16_2345,G2,relay_aircraft,G2-relay_aircraft-02,R001,190.13731902940862,1999.297638856333,R003,5.000100000000884,R02,existing
P16_2345,G2,relay_aircraft,G2-relay_aircraft-02,R003,2004.2977388563338,6244.037452916951,,,R02,existing
P16_2345,G2,relay_components,G2-relay_components-01,R004,96.18236555369127,4763.024275968738,,,RE01,existing
P16_2345,G2,relay_components,G2-relay_components-02,R001,190.13731902940862,2344.3073253046314,R002,1797.959245272139,RE02,existing
P16_2345,G2,relay_components,G2-relay_components-02,R002,4142.26657057677,7517.75318080825,,,RE02,existing
P16_2345,G2,relay_components,G2-relay_components-03,R003,2004.2977388563338,6902.075499094418,,,RE03,existing
P1_23456,G1,A_aircraft,G1-A_aircraft-01,T005,0.0,1312.470877312685,,,U01,existing
P1_23456,G1,C_aircraft,G1-C_aircraft-01,T001,0.0,1561.4261775174655,,,U07,existing
P1_23456,G1,C_aircraft,G1-C_aircraft-02,T003,0.0,1429.4261775174655,,,U08,existing
P1_23456,G1,A_batteries,G1-A_batteries-01,T005,0.0,2178.7887122874713,,,A01,existing
P1_23456,G1,C_batteries,G1-C_batteries-01,T001,0.0,3150.0928537629516,,,C01,existing
P1_23456,G1,C_batteries,G1-C_batteries-02,T003,0.0,2947.606630665684,,,C02,existing
P1_23456,G2,A_aircraft,G2-A_aircraft-01,T007_HARD,0.0,1712.4416357195464,T020,2209.6876158278146,U02,existing
P1_23456,G2,A_aircraft,G2-A_aircraft-01,T020,3922.129251547361,5892.33909852418,,,U02,existing
P1_23456,G2,A_aircraft,G2-A_aircraft-02,T007_SOFT,0.0,1712.4416357195464,T022,321.67000451571107,U03,existing
P1_23456,G2,A_aircraft,G2-A_aircraft-02,T022,2034.1116402352575,3725.6461264742065,T007,176.48312507315586,U03,existing
P1_23456,G2,A_aircraft,G2-A_aircraft-02,T007,3902.1292515473624,6510.170148656284,,,U03,existing
P1_23456,G2,A_aircraft,G2-A_aircraft-03,T009,0.0,1316.0142144169886,T004,688.0974258182687,U04,existing
P1_23456,G2,A_aircraft,G2-A_aircraft-03,T004,2004.1116402352573,4285.571599071649,T016,5.000100000000202,U04,existing
P1_23456,G2,A_aircraft,G2-A_aircraft-03,T016,4290.571699071649,5986.329803740114,,,U04,existing
P1_23456,G2,A_aircraft,G2-A_aircraft-04,T014_1,4004.1292515473606,5699.887356215825,,,NEW-A_aircraft-01,procurement_required
P1_23456,G2,B_aircraft,G2-B_aircraft-01,T002_2,0.0,1500.9693925601796,T015,5.0000999999997475,U05,existing
P1_23456,G2,B_aircraft,G2-B_aircraft-01,T015,1505.9694925601793,3060.540851687861,T013,5.000100000000202,U05,existing
P1_23456,G2,B_aircraft,G2-B_aircraft-01,T013,3065.5409516878613,5023.582223174855,T019_1,5.000100000001112,U05,existing
P1_23456,G2,B_aircraft,G2-B_aircraft-01,T019_1,5028.582323174856,6547.606667586711,,,U05,existing
P1_23456,G2,B_aircraft,G2-B_aircraft-02,T011,0.0,1944.0244440219892,T008,5.000100000000202,U06,existing
P1_23456,G2,B_aircraft,G2-B_aircraft-02,T008,1949.0245440219894,3793.5634341775567,T021,19.56798758955574,U06,existing
P1_23456,G2,B_aircraft,G2-B_aircraft-02,T021,3813.1314217671124,5711.172693254107,,,U06,existing
P1_23456,G2,C_aircraft,G2-C_aircraft-01,T010_2,1434.4262775174655,2867.4613603954576,T014_2,85.14537027022652,NEW-C_aircraft-01,procurement_required
P1_23456,G2,C_aircraft,G2-C_aircraft-01,T014_2,2952.606730665684,5257.790795633526,T006,5.000100000000202,NEW-C_aircraft-01,procurement_required
P1_23456,G2,C_aircraft,G2-C_aircraft-01,T006,5262.790895633526,6542.241766493663,,,NEW-C_aircraft-01,procurement_required
P1_23456,G2,C_aircraft,G2-C_aircraft-02,T012,1954.111640235257,4069.1932815137097,T018,5.000100000000202,NEW-C_aircraft-02,procurement_required
P1_23456,G2,C_aircraft,G2-C_aircraft-02,T018,4074.19338151371,6761.824258884327,,,NEW-C_aircraft-02,procurement_required
P1_23456,G2,A_batteries,G2-A_batteries-01,T007_HARD,0.0,2761.062337358848,T014_1,1243.0669141885128,A02,existing
P1_23456,G2,A_batteries,G2-A_batteries-01,T014_1,4004.1292515473606,6815.081680695524,,,A02,existing
P1_23456,G2,A_batteries,G2-A_batteries-02,T007_SOFT,0.0,2779.9496716386757,T016,1510.6220274329735,A03,existing
P1_23456,G2,A_batteries,G2-A_batteries-02,T016,4290.571699071649,7122.3061158963155,,,A03,existing
P1_23456,G2,A_batteries,G2-A_batteries-03,T009,0.0,2194.736329391266,T007,1707.3929221560966,A04,existing
P1_23456,G2,A_batteries,G2-A_batteries-03,T007,3902.1292515473624,7963.433611739875,,,A04,existing
P1_23456,G2,A_batteries,G2-A_batteries-04,T004,2004.1116402352573,5653.515220850031,,,A05,existing
P1_23456,G2,A_batteries,G2-A_batteries-05,T022,2034.1116402352575,4901.140633153662,,,A06,existing
P1_23456,G2,A_batteries,G2-A_batteries-06,T020,3922.129251547361,7132.339749211256,,,NEW-A_batteries-01,procurement_required
P1_23456,G2,B_batteries,G2-B_batteries-01,T002_2,0.0,2956.647180248775,T013,108.89377143908632,B01,existing
P1_23456,G2,B_batteries,G2-B_batteries-01,T013,3065.5409516878613,6982.827850660446,,,B01,existing
P1_23456,G2,B_batteries,G2-B_batteries-02,T011,0.0,3808.1313217671122,T021,5.000100000000202,B02,existing
P1_23456,G2,B_batteries,G2-B_batteries-02,T021,3813.1314217671124,7578.354845171716,,,B02,existing
P1_23456,G2,B_batteries,G2-B_batteries-03,T015,1505.9694925601793,4516.326993610754,T019_1,512.2553295641028,B03,existing
P1_23456,G2,B_batteries,G2-B_batteries-03,T019_1,5028.582323174856,8012.288751525202,,,B03,existing
P1_23456,G2,B_batteries,G2-B_batteries-04,T008,1949.0245440219894,5382.225397256939,,,B04,existing
P1_23456,G2,C_batteries,G2-C_batteries-01,T010_2,1434.4262775174655,4330.702121185847,T006,932.0887744476786,C03,existing
P1_23456,G2,C_batteries,G2-C_batteries-01,T006,5262.790895633526,7891.7506752339295,,,C03,existing
P1_23456,G2,C_batteries,G2-C_batteries-02,T012,1954.111640235257,6561.858998965378,,,C04,existing
P1_23456,G2,C_batteries,G2-C_batteries-03,T014_2,2952.606730665684,7764.037455028012,,,NEW-C_batteries-01,procurement_required
P1_23456,G2,C_batteries,G2-C_batteries-04,T018,4074.19338151371,9324.985225954879,,,NEW-C_batteries-02,procurement_required
P1_23456,G2,relay_aircraft,G2-relay_aircraft-01,R004,96.18236555369127,4137.266470460487,R002,5.000100116283647,R01,existing
P1_23456,G2,relay_aircraft,G2-relay_aircraft-01,R002,4142.26657057677,7037.879962031191,,,R01,existing
P1_23456,G2,relay_aircraft,G2-relay_aircraft-02,R001,190.13731902940862,1999.297638856333,R003,5.000100000000884,R02,existing
P1_23456,G2,relay_aircraft,G2-relay_aircraft-02,R003,2004.2977388563338,6244.037452916951,,,R02,existing
P1_23456,G2,relay_components,G2-relay_components-01,R004,96.18236555369127,4763.024275968738,,,RE01,existing
P1_23456,G2,relay_components,G2-relay_components-02,R001,190.13731902940862,2344.3073253046314,R002,1797.959245272139,RE02,existing
P1_23456,G2,relay_components,G2-relay_components-02,R002,4142.26657057677,7517.75318080825,,,RE02,existing
P1_23456,G2,relay_components,G2-relay_components-03,R003,2004.2977388563338,6902.075499094418,,,RE03,existing
P1234_5_6,G1,A_aircraft,G1-A_aircraft-01,T005,0.0,1312.470877312685,T014_1,2691.6583742346756,U01,existing
P1234_5_6,G1,A_aircraft,G1-A_aircraft-01,T014_1,4004.1292515473606,5699.887356215825,,,U01,existing
P1234_5_6,G1,A_aircraft,G1-A_aircraft-02,T007_HARD,0.0,1712.4416357195464,T020,2209.6876158278146,U02,existing
P1234_5_6,G1,A_aircraft,G1-A_aircraft-02,T020,3922.129251547361,5892.33909852418,,,U02,existing
P1234_5_6,G1,A_aircraft,G1-A_aircraft-03,T007_SOFT,0.0,1712.4416357195464,T022,321.67000451571107,U03,existing
P1234_5_6,G1,A_aircraft,G1-A_aircraft-03,T022,2034.1116402352575,3725.6461264742065,T007,176.48312507315586,U03,existing
P1234_5_6,G1,A_aircraft,G1-A_aircraft-03,T007,3902.1292515473624,6510.170148656284,,,U03,existing
P1234_5_6,G1,A_aircraft,G1-A_aircraft-04,T009,0.0,1316.0142144169886,T004,688.0974258182687,U04,existing
P1234_5_6,G1,A_aircraft,G1-A_aircraft-04,T004,2004.1116402352573,4285.571599071649,T016,5.000100000000202,U04,existing
P1234_5_6,G1,A_aircraft,G1-A_aircraft-04,T016,4290.571699071649,5986.329803740114,,,U04,existing
P1234_5_6,G1,B_aircraft,G1-B_aircraft-01,T013,3065.5409516878613,5023.582223174855,T019_1,5.000100000001112,U05,existing
P1234_5_6,G1,B_aircraft,G1-B_aircraft-01,T019_1,5028.582323174856,6547.606667586711,,,U05,existing
P1234_5_6,G1,B_aircraft,G1-B_aircraft-02,T021,3813.1314217671124,5711.172693254107,,,U06,existing
P1234_5_6,G1,C_aircraft,G1-C_aircraft-01,T001,0.0,1561.4261775174655,T012,392.68546271779155,U07,existing
P1234_5_6,G1,C_aircraft,G1-C_aircraft-01,T012,1954.111640235257,4069.1932815137097,T018,5.000100000000202,U07,existing
P1234_5_6,G1,C_aircraft,G1-C_aircraft-01,T018,4074.19338151371,6761.824258884327,,,U07,existing
P1234_5_6,G1,C_aircraft,G1-C_aircraft-02,T003,0.0,1429.4261775174655,T010_2,5.000099999999975,U08,existing
P1234_5_6,G1,C_aircraft,G1-C_aircraft-02,T010_2,1434.4262775174655,2867.4613603954576,T014_2,85.14537027022652,U08,existing
P1234_5_6,G1,C_aircraft,G1-C_aircraft-02,T014_2,2952.606730665684,5257.790795633526,,,U08,existing
P1234_5_6,G1,A_batteries,G1-A_batteries-01,T005,0.0,2178.7887122874713,T020,1743.3405392598897,A01,existing
P1234_5_6,G1,A_batteries,G1-A_batteries-01,T020,3922.129251547361,7132.339749211256,,,A01,existing
P1234_5_6,G1,A_batteries,G1-A_batteries-02,T007_HARD,0.0,2761.062337358848,T014_1,1243.0669141885128,A02,existing
P1234_5_6,G1,A_batteries,G1-A_batteries-02,T014_1,4004.1292515473606,6815.081680695524,,,A02,existing
P1234_5_6,G1,A_batteries,G1-A_batteries-03,T007_SOFT,0.0,2779.9496716386757,T016,1510.6220274329735,A03,existing
P1234_5_6,G1,A_batteries,G1-A_batteries-03,T016,4290.571699071649,7122.3061158963155,,,A03,existing
P1234_5_6,G1,A_batteries,G1-A_batteries-04,T009,0.0,2194.736329391266,T007,1707.3929221560966,A04,existing
P1234_5_6,G1,A_batteries,G1-A_batteries-04,T007,3902.1292515473624,7963.433611739875,,,A04,existing
P1234_5_6,G1,A_batteries,G1-A_batteries-05,T004,2004.1116402352573,5653.515220850031,,,A05,existing
P1234_5_6,G1,A_batteries,G1-A_batteries-06,T022,2034.1116402352575,4901.140633153662,,,A06,existing
P1234_5_6,G1,B_batteries,G1-B_batteries-01,T013,3065.5409516878613,6982.827850660446,,,B01,existing
P1234_5_6,G1,B_batteries,G1-B_batteries-02,T021,3813.1314217671124,7578.354845171716,,,B02,existing
P1234_5_6,G1,B_batteries,G1-B_batteries-03,T019_1,5028.582323174856,8012.288751525202,,,B03,existing
P1234_5_6,G1,C_batteries,G1-C_batteries-01,T001,0.0,3150.0928537629516,T018,924.1005277507584,C01,existing
P1234_5_6,G1,C_batteries,G1-C_batteries-01,T018,4074.19338151371,9324.985225954879,,,C01,existing
P1234_5_6,G1,C_batteries,G1-C_batteries-02,T003,0.0,2947.606630665684,T014_2,5.000100000000202,C02,existing
P1234_5_6,G1,C_batteries,G1-C_batteries-02,T014_2,2952.606730665684,7764.037455028012,,,C02,existing
P1234_5_6,G1,C_batteries,G1-C_batteries-03,T010_2,1434.4262775174655,4330.702121185847,,,C03,existing
P1234_5_6,G1,C_batteries,G1-C_batteries-04,T012,1954.111640235257,6561.858998965378,,,C04,existing
P1234_5_6,G1,relay_aircraft,G1-relay_aircraft-01,R001,190.13731902940862,1999.297638856333,R002,2142.9689317204375,R01,existing
P1234_5_6,G1,relay_aircraft,G1-relay_aircraft-01,R002,4142.26657057677,7037.879962031191,,,R01,existing
P1234_5_6,G1,relay_aircraft,G1-relay_aircraft-02,R003,2004.2977388563338,6244.037452916951,,,R02,existing
P1234_5_6,G1,relay_components,G1-relay_components-01,R001,190.13731902940862,2344.3073253046314,R002,1797.959245272139,RE01,existing
P1234_5_6,G1,relay_components,G1-relay_components-01,R002,4142.26657057677,7517.75318080825,,,RE01,existing
P1234_5_6,G1,relay_components,G1-relay_components-02,R003,2004.2977388563338,6902.075499094418,,,RE02,existing
P1234_5_6,G2,B_aircraft,G2-B_aircraft-01,T002_2,0.0,1500.9693925601796,T015,5.0000999999997475,NEW-B_aircraft-01,procurement_required
P1234_5_6,G2,B_aircraft,G2-B_aircraft-01,T015,1505.9694925601793,3060.540851687861,,,NEW-B_aircraft-01,procurement_required
P1234_5_6,G2,B_aircraft,G2-B_aircraft-02,T011,0.0,1944.0244440219892,T008,5.000100000000202,NEW-B_aircraft-02,procurement_required
P1234_5_6,G2,B_aircraft,G2-B_aircraft-02,T008,1949.0245440219894,3793.5634341775567,,,NEW-B_aircraft-02,procurement_required
P1234_5_6,G2,B_batteries,G2-B_batteries-01,T002_2,0.0,2956.647180248775,,,B04,existing
P1234_5_6,G2,B_batteries,G2-B_batteries-02,T011,0.0,3808.1313217671122,,,NEW-B_batteries-01,procurement_required
P1234_5_6,G2,B_batteries,G2-B_batteries-03,T015,1505.9694925601793,4516.326993610754,,,NEW-B_batteries-02,procurement_required
P1234_5_6,G2,B_batteries,G2-B_batteries-04,T008,1949.0245440219894,5382.225397256939,,,NEW-B_batteries-03,procurement_required
P1234_5_6,G2,relay_aircraft,G2-relay_aircraft-01,R004,96.18236555369127,4137.266470460487,,,NEW-relay_aircraft-01,procurement_required
P1234_5_6,G2,relay_components,G2-relay_components-01,R004,96.18236555369127,4763.024275968738,,,RE03,existing
P1234_5_6,G3,C_aircraft,G3-C_aircraft-01,T006,5262.790895633526,6542.241766493663,,,NEW-C_aircraft-01,procurement_required
P1234_5_6,G3,C_batteries,G3-C_batteries-01,T006,5262.790895633526,7891.7506752339295,,,NEW-C_batteries-01,procurement_required
P1235_4_6,G1,A_aircraft,G1-A_aircraft-01,T005,0.0,1312.470877312685,T004,691.6407629225723,U01,existing
P1235_4_6,G1,A_aircraft,G1-A_aircraft-01,T004,2004.1116402352573,4285.571599071649,T016,5.000100000000202,U01,existing
P1235_4_6,G1,A_aircraft,G1-A_aircraft-01,T016,4290.571699071649,5986.329803740114,,,U01,existing
P1235_4_6,G1,A_aircraft,G1-A_aircraft-02,T007_HARD,0.0,1712.4416357195464,T020,2209.6876158278146,U02,existing
P1235_4_6,G1,A_aircraft,G1-A_aircraft-02,T020,3922.129251547361,5892.33909852418,,,U02,existing
P1235_4_6,G1,A_aircraft,G1-A_aircraft-03,T007_SOFT,0.0,1712.4416357195464,T022,321.67000451571107,U03,existing
P1235_4_6,G1,A_aircraft,G1-A_aircraft-03,T022,2034.1116402352575,3725.6461264742065,T007,176.48312507315586,U03,existing
P1235_4_6,G1,A_aircraft,G1-A_aircraft-03,T007,3902.1292515473624,6510.170148656284,,,U03,existing
P1235_4_6,G1,A_aircraft,G1-A_aircraft-04,T014_1,4004.1292515473606,5699.887356215825,,,U04,existing
P1235_4_6,G1,B_aircraft,G1-B_aircraft-01,T002_2,0.0,1500.9693925601796,T015,5.0000999999997475,U05,existing
P1235_4_6,G1,B_aircraft,G1-B_aircraft-01,T015,1505.9694925601793,3060.540851687861,T013,5.000100000000202,U05,existing
P1235_4_6,G1,B_aircraft,G1-B_aircraft-01,T013,3065.5409516878613,5023.582223174855,T019_1,5.000100000001112,U05,existing
P1235_4_6,G1,B_aircraft,G1-B_aircraft-01,T019_1,5028.582323174856,6547.606667586711,,,U05,existing
P1235_4_6,G1,B_aircraft,G1-B_aircraft-02,T011,0.0,1944.0244440219892,T008,5.000100000000202,U06,existing
P1235_4_6,G1,B_aircraft,G1-B_aircraft-02,T008,1949.0245440219894,3793.5634341775567,T021,19.56798758955574,U06,existing
P1235_4_6,G1,B_aircraft,G1-B_aircraft-02,T021,3813.1314217671124,5711.172693254107,,,U06,existing
P1235_4_6,G1,C_aircraft,G1-C_aircraft-01,T001,0.0,1561.4261775174655,T012,392.68546271779155,U07,existing
P1235_4_6,G1,C_aircraft,G1-C_aircraft-01,T012,1954.111640235257,4069.1932815137097,T018,5.000100000000202,U07,existing
P1235_4_6,G1,C_aircraft,G1-C_aircraft-01,T018,4074.19338151371,6761.824258884327,,,U07,existing
P1235_4_6,G1,C_aircraft,G1-C_aircraft-02,T003,0.0,1429.4261775174655,T014_2,1523.1805531482187,U08,existing
P1235_4_6,G1,C_aircraft,G1-C_aircraft-02,T014_2,2952.606730665684,5257.790795633526,,,U08,existing
P1235_4_6,G1,A_batteries,G1-A_batteries-01,T005,0.0,2178.7887122874713,T007,1723.340539259891,A01,existing
P1235_4_6,G1,A_batteries,G1-A_batteries-01,T007,3902.1292515473624,7963.433611739875,,,A01,existing
P1235_4_6,G1,A_batteries,G1-A_batteries-02,T007_HARD,0.0,2761.062337358848,T014_1,1243.0669141885128,A02,existing
P1235_4_6,G1,A_batteries,G1-A_batteries-02,T014_1,4004.1292515473606,6815.081680695524,,,A02,existing
P1235_4_6,G1,A_batteries,G1-A_batteries-03,T007_SOFT,0.0,2779.9496716386757,T016,1510.6220274329735,A03,existing
P1235_4_6,G1,A_batteries,G1-A_batteries-03,T016,4290.571699071649,7122.3061158963155,,,A03,existing
P1235_4_6,G1,A_batteries,G1-A_batteries-04,T004,2004.1116402352573,5653.515220850031,,,A04,existing
P1235_4_6,G1,A_batteries,G1-A_batteries-05,T022,2034.1116402352575,4901.140633153662,,,A05,existing
P1235_4_6,G1,A_batteries,G1-A_batteries-06,T020,3922.129251547361,7132.339749211256,,,A06,existing
P1235_4_6,G1,B_batteries,G1-B_batteries-01,T002_2,0.0,2956.647180248775,T013,108.89377143908632,B01,existing
P1235_4_6,G1,B_batteries,G1-B_batteries-01,T013,3065.5409516878613,6982.827850660446,,,B01,existing
P1235_4_6,G1,B_batteries,G1-B_batteries-02,T011,0.0,3808.1313217671122,T021,5.000100000000202,B02,existing
P1235_4_6,G1,B_batteries,G1-B_batteries-02,T021,3813.1314217671124,7578.354845171716,,,B02,existing
P1235_4_6,G1,B_batteries,G1-B_batteries-03,T015,1505.9694925601793,4516.326993610754,T019_1,512.2553295641028,B03,existing
P1235_4_6,G1,B_batteries,G1-B_batteries-03,T019_1,5028.582323174856,8012.288751525202,,,B03,existing
P1235_4_6,G1,B_batteries,G1-B_batteries-04,T008,1949.0245440219894,5382.225397256939,,,B04,existing
P1235_4_6,G1,C_batteries,G1-C_batteries-01,T001,0.0,3150.0928537629516,T018,924.1005277507584,C01,existing
P1235_4_6,G1,C_batteries,G1-C_batteries-01,T018,4074.19338151371,9324.985225954879,,,C01,existing
P1235_4_6,G1,C_batteries,G1-C_batteries-02,T003,0.0,2947.606630665684,T014_2,5.000100000000202,C02,existing
P1235_4_6,G1,C_batteries,G1-C_batteries-02,T014_2,2952.606730665684,7764.037455028012,,,C02,existing
P1235_4_6,G1,C_batteries,G1-C_batteries-03,T012,1954.111640235257,6561.858998965378,,,C03,existing
P1235_4_6,G1,relay_aircraft,G1-relay_aircraft-01,R004,96.18236555369127,4137.266470460487,R002,5.000100116283647,R01,existing
P1235_4_6,G1,relay_aircraft,G1-relay_aircraft-01,R002,4142.26657057677,7037.879962031191,,,R01,existing
P1235_4_6,G1,relay_aircraft,G1-relay_aircraft-02,R001,190.13731902940862,1999.297638856333,R003,5.000100000000884,R02,existing
P1235_4_6,G1,relay_aircraft,G1-relay_aircraft-02,R003,2004.2977388563338,6244.037452916951,,,R02,existing
P1235_4_6,G1,relay_components,G1-relay_components-01,R004,96.18236555369127,4763.024275968738,,,RE01,existing
P1235_4_6,G1,relay_components,G1-relay_components-02,R001,190.13731902940862,2344.3073253046314,R002,1797.959245272139,RE02,existing
P1235_4_6,G1,relay_components,G1-relay_components-02,R002,4142.26657057677,7517.75318080825,,,RE02,existing
P1235_4_6,G1,relay_components,G1-relay_components-03,R003,2004.2977388563338,6902.075499094418,,,RE03,existing
P1235_4_6,G2,A_aircraft,G2-A_aircraft-01,T009,0.0,1316.0142144169886,,,NEW-A_aircraft-01,procurement_required
P1235_4_6,G2,C_aircraft,G2-C_aircraft-01,T010_2,1434.4262775174655,2867.4613603954576,,,NEW-C_aircraft-01,procurement_required
P1235_4_6,G2,A_batteries,G2-A_batteries-01,T009,0.0,2194.736329391266,,,NEW-A_batteries-01,procurement_required
P1235_4_6,G2,C_batteries,G2-C_batteries-01,T010_2,1434.4262775174655,4330.702121185847,,,C04,existing
P1235_4_6,G3,C_aircraft,G3-C_aircraft-01,T006,5262.790895633526,6542.241766493663,,,NEW-C_aircraft-02,procurement_required
P1235_4_6,G3,C_batteries,G3-C_batteries-01,T006,5262.790895633526,7891.7506752339295,,,NEW-C_batteries-01,procurement_required
P123_45_6,G1,A_aircraft,G1-A_aircraft-01,T005,0.0,1312.470877312685,T004,691.6407629225723,U01,existing
P123_45_6,G1,A_aircraft,G1-A_aircraft-01,T004,2004.1116402352573,4285.571599071649,T016,5.000100000000202,U01,existing
P123_45_6,G1,A_aircraft,G1-A_aircraft-01,T016,4290.571699071649,5986.329803740114,,,U01,existing
P123_45_6,G1,A_aircraft,G1-A_aircraft-02,T007_HARD,0.0,1712.4416357195464,T020,2209.6876158278146,U02,existing
P123_45_6,G1,A_aircraft,G1-A_aircraft-02,T020,3922.129251547361,5892.33909852418,,,U02,existing
P123_45_6,G1,A_aircraft,G1-A_aircraft-03,T007_SOFT,0.0,1712.4416357195464,T022,321.67000451571107,U03,existing
P123_45_6,G1,A_aircraft,G1-A_aircraft-03,T022,2034.1116402352575,3725.6461264742065,T007,176.48312507315586,U03,existing
P123_45_6,G1,A_aircraft,G1-A_aircraft-03,T007,3902.1292515473624,6510.170148656284,,,U03,existing
P123_45_6,G1,A_aircraft,G1-A_aircraft-04,T014_1,4004.1292515473606,5699.887356215825,,,U04,existing
P123_45_6,G1,B_aircraft,G1-B_aircraft-01,T013,3065.5409516878613,5023.582223174855,T019_1,5.000100000001112,U05,existing
P123_45_6,G1,B_aircraft,G1-B_aircraft-01,T019_1,5028.582323174856,6547.606667586711,,,U05,existing
P123_45_6,G1,B_aircraft,G1-B_aircraft-02,T021,3813.1314217671124,5711.172693254107,,,U06,existing
P123_45_6,G1,C_aircraft,G1-C_aircraft-01,T001,0.0,1561.4261775174655,T012,392.68546271779155,U07,existing
P123_45_6,G1,C_aircraft,G1-C_aircraft-01,T012,1954.111640235257,4069.1932815137097,T018,5.000100000000202,U07,existing
P123_45_6,G1,C_aircraft,G1-C_aircraft-01,T018,4074.19338151371,6761.824258884327,,,U07,existing
P123_45_6,G1,C_aircraft,G1-C_aircraft-02,T003,0.0,1429.4261775174655,T014_2,1523.1805531482187,U08,existing
P123_45_6,G1,C_aircraft,G1-C_aircraft-02,T014_2,2952.606730665684,5257.790795633526,,,U08,existing
P123_45_6,G1,A_batteries,G1-A_batteries-01,T005,0.0,2178.7887122874713,T007,1723.340539259891,A01,existing
P123_45_6,G1,A_batteries,G1-A_batteries-01,T007,3902.1292515473624,7963.433611739875,,,A01,existing
P123_45_6,G1,A_batteries,G1-A_batteries-02,T007_HARD,0.0,2761.062337358848,T014_1,1243.0669141885128,A02,existing
P123_45_6,G1,A_batteries,G1-A_batteries-02,T014_1,4004.1292515473606,6815.081680695524,,,A02,existing
P123_45_6,G1,A_batteries,G1-A_batteries-03,T007_SOFT,0.0,2779.9496716386757,T016,1510.6220274329735,A03,existing
P123_45_6,G1,A_batteries,G1-A_batteries-03,T016,4290.571699071649,7122.3061158963155,,,A03,existing
P123_45_6,G1,A_batteries,G1-A_batteries-04,T004,2004.1116402352573,5653.515220850031,,,A04,existing
P123_45_6,G1,A_batteries,G1-A_batteries-05,T022,2034.1116402352575,4901.140633153662,,,A05,existing
P123_45_6,G1,A_batteries,G1-A_batteries-06,T020,3922.129251547361,7132.339749211256,,,A06,existing
P123_45_6,G1,B_batteries,G1-B_batteries-01,T013,3065.5409516878613,6982.827850660446,,,B01,existing
P123_45_6,G1,B_batteries,G1-B_batteries-02,T021,3813.1314217671124,7578.354845171716,,,B02,existing
P123_45_6,G1,B_batteries,G1-B_batteries-03,T019_1,5028.582323174856,8012.288751525202,,,B03,existing
P123_45_6,G1,C_batteries,G1-C_batteries-01,T001,0.0,3150.0928537629516,T018,924.1005277507584,C01,existing
P123_45_6,G1,C_batteries,G1-C_batteries-01,T018,4074.19338151371,9324.985225954879,,,C01,existing
P123_45_6,G1,C_batteries,G1-C_batteries-02,T003,0.0,2947.606630665684,T014_2,5.000100000000202,C02,existing
P123_45_6,G1,C_batteries,G1-C_batteries-02,T014_2,2952.606730665684,7764.037455028012,,,C02,existing
P123_45_6,G1,C_batteries,G1-C_batteries-03,T012,1954.111640235257,6561.858998965378,,,C03,existing
P123_45_6,G1,relay_aircraft,G1-relay_aircraft-01,R001,190.13731902940862,1999.297638856333,R002,2142.9689317204375,R01,existing
P123_45_6,G1,relay_aircraft,G1-relay_aircraft-01,R002,4142.26657057677,7037.879962031191,,,R01,existing
P123_45_6,G1,relay_aircraft,G1-relay_aircraft-02,R003,2004.2977388563338,6244.037452916951,,,R02,existing
P123_45_6,G1,relay_components,G1-relay_components-01,R001,190.13731902940862,2344.3073253046314,R002,1797.959245272139,RE01,existing
P123_45_6,G1,relay_components,G1-relay_components-01,R002,4142.26657057677,7517.75318080825,,,RE01,existing
P123_45_6,G1,relay_components,G1-relay_components-02,R003,2004.2977388563338,6902.075499094418,,,RE02,existing
P123_45_6,G2,A_aircraft,G2-A_aircraft-01,T009,0.0,1316.0142144169886,,,NEW-A_aircraft-01,procurement_required
P123_45_6,G2,B_aircraft,G2-B_aircraft-01,T002_2,0.0,1500.9693925601796,T015,5.0000999999997475,NEW-B_aircraft-01,procurement_required
P123_45_6,G2,B_aircraft,G2-B_aircraft-01,T015,1505.9694925601793,3060.540851687861,,,NEW-B_aircraft-01,procurement_required
P123_45_6,G2,B_aircraft,G2-B_aircraft-02,T011,0.0,1944.0244440219892,T008,5.000100000000202,NEW-B_aircraft-02,procurement_required
P123_45_6,G2,B_aircraft,G2-B_aircraft-02,T008,1949.0245440219894,3793.5634341775567,,,NEW-B_aircraft-02,procurement_required
P123_45_6,G2,C_aircraft,G2-C_aircraft-01,T010_2,1434.4262775174655,2867.4613603954576,,,NEW-C_aircraft-01,procurement_required
P123_45_6,G2,A_batteries,G2-A_batteries-01,T009,0.0,2194.736329391266,,,NEW-A_batteries-01,procurement_required
P123_45_6,G2,B_batteries,G2-B_batteries-01,T002_2,0.0,2956.647180248775,,,B04,existing
P123_45_6,G2,B_batteries,G2-B_batteries-02,T011,0.0,3808.1313217671122,,,NEW-B_batteries-01,procurement_required
P123_45_6,G2,B_batteries,G2-B_batteries-03,T015,1505.9694925601793,4516.326993610754,,,NEW-B_batteries-02,procurement_required
P123_45_6,G2,B_batteries,G2-B_batteries-04,T008,1949.0245440219894,5382.225397256939,,,NEW-B_batteries-03,procurement_required
P123_45_6,G2,C_batteries,G2-C_batteries-01,T010_2,1434.4262775174655,4330.702121185847,,,C04,existing
P123_45_6,G2,relay_aircraft,G2-relay_aircraft-01,R004,96.18236555369127,4137.266470460487,,,NEW-relay_aircraft-01,procurement_required
P123_45_6,G2,relay_components,G2-relay_components-01,R004,96.18236555369127,4763.024275968738,,,RE03,existing
P123_45_6,G3,C_aircraft,G3-C_aircraft-01,T006,5262.790895633526,6542.241766493663,,,NEW-C_aircraft-02,procurement_required
P123_45_6,G3,C_batteries,G3-C_batteries-01,T006,5262.790895633526,7891.7506752339295,,,NEW-C_batteries-01,procurement_required
P1236_4_5,G1,A_aircraft,G1-A_aircraft-01,T005,0.0,1312.470877312685,T004,691.6407629225723,U01,existing
P1236_4_5,G1,A_aircraft,G1-A_aircraft-01,T004,2004.1116402352573,4285.571599071649,T016,5.000100000000202,U01,existing
P1236_4_5,G1,A_aircraft,G1-A_aircraft-01,T016,4290.571699071649,5986.329803740114,,,U01,existing
P1236_4_5,G1,A_aircraft,G1-A_aircraft-02,T007_HARD,0.0,1712.4416357195464,T020,2209.6876158278146,U02,existing
P1236_4_5,G1,A_aircraft,G1-A_aircraft-02,T020,3922.129251547361,5892.33909852418,,,U02,existing
P1236_4_5,G1,A_aircraft,G1-A_aircraft-03,T007_SOFT,0.0,1712.4416357195464,T022,321.67000451571107,U03,existing
P1236_4_5,G1,A_aircraft,G1-A_aircraft-03,T022,2034.1116402352575,3725.6461264742065,T007,176.48312507315586,U03,existing
P1236_4_5,G1,A_aircraft,G1-A_aircraft-03,T007,3902.1292515473624,6510.170148656284,,,U03,existing
P1236_4_5,G1,A_aircraft,G1-A_aircraft-04,T014_1,4004.1292515473606,5699.887356215825,,,U04,existing
P1236_4_5,G1,B_aircraft,G1-B_aircraft-01,T013,3065.5409516878613,5023.582223174855,T019_1,5.000100000001112,U05,existing
P1236_4_5,G1,B_aircraft,G1-B_aircraft-01,T019_1,5028.582323174856,6547.606667586711,,,U05,existing
P1236_4_5,G1,B_aircraft,G1-B_aircraft-02,T021,3813.1314217671124,5711.172693254107,,,U06,existing
P1236_4_5,G1,C_aircraft,G1-C_aircraft-01,T001,0.0,1561.4261775174655,T012,392.68546271779155,U07,existing
P1236_4_5,G1,C_aircraft,G1-C_aircraft-01,T012,1954.111640235257,4069.1932815137097,T018,5.000100000000202,U07,existing
P1236_4_5,G1,C_aircraft,G1-C_aircraft-01,T018,4074.19338151371,6761.824258884327,,,U07,existing
P1236_4_5,G1,C_aircraft,G1-C_aircraft-02,T003,0.0,1429.4261775174655,T014_2,1523.1805531482187,U08,existing
P1236_4_5,G1,C_aircraft,G1-C_aircraft-02,T014_2,2952.606730665684,5257.790795633526,T006,5.000100000000202,U08,existing
P1236_4_5,G1,C_aircraft,G1-C_aircraft-02,T006,5262.790895633526,6542.241766493663,,,U08,existing
P1236_4_5,G1,A_batteries,G1-A_batteries-01,T005,0.0,2178.7887122874713,T007,1723.340539259891,A01,existing
P1236_4_5,G1,A_batteries,G1-A_batteries-01,T007,3902.1292515473624,7963.433611739875,,,A01,existing
P1236_4_5,G1,A_batteries,G1-A_batteries-02,T007_HARD,0.0,2761.062337358848,T014_1,1243.0669141885128,A02,existing
P1236_4_5,G1,A_batteries,G1-A_batteries-02,T014_1,4004.1292515473606,6815.081680695524,,,A02,existing
P1236_4_5,G1,A_batteries,G1-A_batteries-03,T007_SOFT,0.0,2779.9496716386757,T016,1510.6220274329735,A03,existing
P1236_4_5,G1,A_batteries,G1-A_batteries-03,T016,4290.571699071649,7122.3061158963155,,,A03,existing
P1236_4_5,G1,A_batteries,G1-A_batteries-04,T004,2004.1116402352573,5653.515220850031,,,A04,existing
P1236_4_5,G1,A_batteries,G1-A_batteries-05,T022,2034.1116402352575,4901.140633153662,,,A05,existing
P1236_4_5,G1,A_batteries,G1-A_batteries-06,T020,3922.129251547361,7132.339749211256,,,A06,existing
P1236_4_5,G1,B_batteries,G1-B_batteries-01,T013,3065.5409516878613,6982.827850660446,,,B01,existing
P1236_4_5,G1,B_batteries,G1-B_batteries-02,T021,3813.1314217671124,7578.354845171716,,,B02,existing
P1236_4_5,G1,B_batteries,G1-B_batteries-03,T019_1,5028.582323174856,8012.288751525202,,,B03,existing
P1236_4_5,G1,C_batteries,G1-C_batteries-01,T001,0.0,3150.0928537629516,T006,2112.6980418705743,C01,existing
P1236_4_5,G1,C_batteries,G1-C_batteries-01,T006,5262.790895633526,7891.7506752339295,,,C01,existing
P1236_4_5,G1,C_batteries,G1-C_batteries-02,T003,0.0,2947.606630665684,T018,1126.586750848026,C02,existing
P1236_4_5,G1,C_batteries,G1-C_batteries-02,T018,4074.19338151371,9324.985225954879,,,C02,existing
P1236_4_5,G1,C_batteries,G1-C_batteries-03,T012,1954.111640235257,6561.858998965378,,,C03,existing
P1236_4_5,G1,C_batteries,G1-C_batteries-04,T014_2,2952.606730665684,7764.037455028012,,,C04,existing
P1236_4_5,G1,relay_aircraft,G1-relay_aircraft-01,R001,190.13731902940862,1999.297638856333,R002,2142.9689317204375,R01,existing
P1236_4_5,G1,relay_aircraft,G1-relay_aircraft-01,R002,4142.26657057677,7037.879962031191,,,R01,existing
P1236_4_5,G1,relay_aircraft,G1-relay_aircraft-02,R003,2004.2977388563338,6244.037452916951,,,R02,existing
P1236_4_5,G1,relay_components,G1-relay_components-01,R001,190.13731902940862,2344.3073253046314,R002,1797.959245272139,RE01,existing
P1236_4_5,G1,relay_components,G1-relay_components-01,R002,4142.26657057677,7517.75318080825,,,RE01,existing
P1236_4_5,G1,relay_components,G1-relay_components-02,R003,2004.2977388563338,6902.075499094418,,,RE02,existing
P1236_4_5,G2,A_aircraft,G2-A_aircraft-01,T009,0.0,1316.0142144169886,,,NEW-A_aircraft-01,procurement_required
P1236_4_5,G2,C_aircraft,G2-C_aircraft-01,T010_2,1434.4262775174655,2867.4613603954576,,,NEW-C_aircraft-01,procurement_required
P1236_4_5,G2,A_batteries,G2-A_batteries-01,T009,0.0,2194.736329391266,,,NEW-A_batteries-01,procurement_required
P1236_4_5,G2,C_batteries,G2-C_batteries-01,T010_2,1434.4262775174655,4330.702121185847,,,NEW-C_batteries-01,procurement_required
P1236_4_5,G3,B_aircraft,G3-B_aircraft-01,T002_2,0.0,1500.9693925601796,T015,5.0000999999997475,NEW-B_aircraft-01,procurement_required
P1236_4_5,G3,B_aircraft,G3-B_aircraft-01,T015,1505.9694925601793,3060.540851687861,,,NEW-B_aircraft-01,procurement_required
P1236_4_5,G3,B_aircraft,G3-B_aircraft-02,T011,0.0,1944.0244440219892,T008,5.000100000000202,NEW-B_aircraft-02,procurement_required
P1236_4_5,G3,B_aircraft,G3-B_aircraft-02,T008,1949.0245440219894,3793.5634341775567,,,NEW-B_aircraft-02,procurement_required
P1236_4_5,G3,B_batteries,G3-B_batteries-01,T002_2,0.0,2956.647180248775,,,B04,existing
P1236_4_5,G3,B_batteries,G3-B_batteries-02,T011,0.0,3808.1313217671122,,,NEW-B_batteries-01,procurement_required
P1236_4_5,G3,B_batteries,G3-B_batteries-03,T015,1505.9694925601793,4516.326993610754,,,NEW-B_batteries-02,procurement_required
P1236_4_5,G3,B_batteries,G3-B_batteries-04,T008,1949.0245440219894,5382.225397256939,,,NEW-B_batteries-03,procurement_required
P1236_4_5,G3,relay_aircraft,G3-relay_aircraft-01,R004,96.18236555369127,4137.266470460487,,,NEW-relay_aircraft-01,procurement_required
P1236_4_5,G3,relay_components,G3-relay_components-01,R004,96.18236555369127,4763.024275968738,,,RE03,existing
P123_46_5,G1,A_aircraft,G1-A_aircraft-01,T005,0.0,1312.470877312685,T004,691.6407629225723,U01,existing
P123_46_5,G1,A_aircraft,G1-A_aircraft-01,T004,2004.1116402352573,4285.571599071649,T016,5.000100000000202,U01,existing
P123_46_5,G1,A_aircraft,G1-A_aircraft-01,T016,4290.571699071649,5986.329803740114,,,U01,existing
P123_46_5,G1,A_aircraft,G1-A_aircraft-02,T007_HARD,0.0,1712.4416357195464,T020,2209.6876158278146,U02,existing
P123_46_5,G1,A_aircraft,G1-A_aircraft-02,T020,3922.129251547361,5892.33909852418,,,U02,existing
P123_46_5,G1,A_aircraft,G1-A_aircraft-03,T007_SOFT,0.0,1712.4416357195464,T022,321.67000451571107,U03,existing
P123_46_5,G1,A_aircraft,G1-A_aircraft-03,T022,2034.1116402352575,3725.6461264742065,T007,176.48312507315586,U03,existing
P123_46_5,G1,A_aircraft,G1-A_aircraft-03,T007,3902.1292515473624,6510.170148656284,,,U03,existing
P123_46_5,G1,A_aircraft,G1-A_aircraft-04,T014_1,4004.1292515473606,5699.887356215825,,,U04,existing
P123_46_5,G1,B_aircraft,G1-B_aircraft-01,T013,3065.5409516878613,5023.582223174855,T019_1,5.000100000001112,U05,existing
P123_46_5,G1,B_aircraft,G1-B_aircraft-01,T019_1,5028.582323174856,6547.606667586711,,,U05,existing
P123_46_5,G1,B_aircraft,G1-B_aircraft-02,T021,3813.1314217671124,5711.172693254107,,,U06,existing
P123_46_5,G1,C_aircraft,G1-C_aircraft-01,T001,0.0,1561.4261775174655,T012,392.68546271779155,U07,existing
P123_46_5,G1,C_aircraft,G1-C_aircraft-01,T012,1954.111640235257,4069.1932815137097,T018,5.000100000000202,U07,existing
P123_46_5,G1,C_aircraft,G1-C_aircraft-01,T018,4074.19338151371,6761.824258884327,,,U07,existing
P123_46_5,G1,C_aircraft,G1-C_aircraft-02,T003,0.0,1429.4261775174655,T014_2,1523.1805531482187,U08,existing
P123_46_5,G1,C_aircraft,G1-C_aircraft-02,T014_2,2952.606730665684,5257.790795633526,,,U08,existing
P123_46_5,G1,A_batteries,G1-A_batteries-01,T005,0.0,2178.7887122874713,T007,1723.340539259891,A01,existing
P123_46_5,G1,A_batteries,G1-A_batteries-01,T007,3902.1292515473624,7963.433611739875,,,A01,existing
P123_46_5,G1,A_batteries,G1-A_batteries-02,T007_HARD,0.0,2761.062337358848,T014_1,1243.0669141885128,A02,existing
P123_46_5,G1,A_batteries,G1-A_batteries-02,T014_1,4004.1292515473606,6815.081680695524,,,A02,existing
P123_46_5,G1,A_batteries,G1-A_batteries-03,T007_SOFT,0.0,2779.9496716386757,T016,1510.6220274329735,A03,existing
P123_46_5,G1,A_batteries,G1-A_batteries-03,T016,4290.571699071649,7122.3061158963155,,,A03,existing
P123_46_5,G1,A_batteries,G1-A_batteries-04,T004,2004.1116402352573,5653.515220850031,,,A04,existing
P123_46_5,G1,A_batteries,G1-A_batteries-05,T022,2034.1116402352575,4901.140633153662,,,A05,existing
P123_46_5,G1,A_batteries,G1-A_batteries-06,T020,3922.129251547361,7132.339749211256,,,A06,existing
P123_46_5,G1,B_batteries,G1-B_batteries-01,T013,3065.5409516878613,6982.827850660446,,,B01,existing
P123_46_5,G1,B_batteries,G1-B_batteries-02,T021,3813.1314217671124,7578.354845171716,,,B02,existing
P123_46_5,G1,B_batteries,G1-B_batteries-03,T019_1,5028.582323174856,8012.288751525202,,,B03,existing
P123_46_5,G1,C_batteries,G1-C_batteries-01,T001,0.0,3150.0928537629516,T018,924.1005277507584,C01,existing
P123_46_5,G1,C_batteries,G1-C_batteries-01,T018,4074.19338151371,9324.985225954879,,,C01,existing
P123_46_5,G1,C_batteries,G1-C_batteries-02,T003,0.0,2947.606630665684,T014_2,5.000100000000202,C02,existing
P123_46_5,G1,C_batteries,G1-C_batteries-02,T014_2,2952.606730665684,7764.037455028012,,,C02,existing
P123_46_5,G1,C_batteries,G1-C_batteries-03,T012,1954.111640235257,6561.858998965378,,,C03,existing
P123_46_5,G1,relay_aircraft,G1-relay_aircraft-01,R001,190.13731902940862,1999.297638856333,R002,2142.9689317204375,R01,existing
P123_46_5,G1,relay_aircraft,G1-relay_aircraft-01,R002,4142.26657057677,7037.879962031191,,,R01,existing
P123_46_5,G1,relay_aircraft,G1-relay_aircraft-02,R003,2004.2977388563338,6244.037452916951,,,R02,existing
P123_46_5,G1,relay_components,G1-relay_components-01,R001,190.13731902940862,2344.3073253046314,R002,1797.959245272139,RE01,existing
P123_46_5,G1,relay_components,G1-relay_components-01,R002,4142.26657057677,7517.75318080825,,,RE01,existing
P123_46_5,G1,relay_components,G1-relay_components-02,R003,2004.2977388563338,6902.075499094418,,,RE02,existing
P123_46_5,G2,A_aircraft,G2-A_aircraft-01,T009,0.0,1316.0142144169886,,,NEW-A_aircraft-01,procurement_required
P123_46_5,G2,C_aircraft,G2-C_aircraft-01,T010_2,1434.4262775174655,2867.4613603954576,T006,2395.3295352380683,NEW-C_aircraft-01,procurement_required
P123_46_5,G2,C_aircraft,G2-C_aircraft-01,T006,5262.790895633526,6542.241766493663,,,NEW-C_aircraft-01,procurement_required
P123_46_5,G2,A_batteries,G2-A_batteries-01,T009,0.0,2194.736329391266,,,NEW-A_batteries-01,procurement_required
P123_46_5,G2,C_batteries,G2-C_batteries-01,T010_2,1434.4262775174655,4330.702121185847,T006,932.0887744476786,C04,existing
P123_46_5,G2,C_batteries,G2-C_batteries-01,T006,5262.790895633526,7891.7506752339295,,,C04,existing
P123_46_5,G3,B_aircraft,G3-B_aircraft-01,T002_2,0.0,1500.9693925601796,T015,5.0000999999997475,NEW-B_aircraft-01,procurement_required
P123_46_5,G3,B_aircraft,G3-B_aircraft-01,T015,1505.9694925601793,3060.540851687861,,,NEW-B_aircraft-01,procurement_required
P123_46_5,G3,B_aircraft,G3-B_aircraft-02,T011,0.0,1944.0244440219892,T008,5.000100000000202,NEW-B_aircraft-02,procurement_required
P123_46_5,G3,B_aircraft,G3-B_aircraft-02,T008,1949.0245440219894,3793.5634341775567,,,NEW-B_aircraft-02,procurement_required
P123_46_5,G3,B_batteries,G3-B_batteries-01,T002_2,0.0,2956.647180248775,,,B04,existing
P123_46_5,G3,B_batteries,G3-B_batteries-02,T011,0.0,3808.1313217671122,,,NEW-B_batteries-01,procurement_required
P123_46_5,G3,B_batteries,G3-B_batteries-03,T015,1505.9694925601793,4516.326993610754,,,NEW-B_batteries-02,procurement_required
P123_46_5,G3,B_batteries,G3-B_batteries-04,T008,1949.0245440219894,5382.225397256939,,,NEW-B_batteries-03,procurement_required
P123_46_5,G3,relay_aircraft,G3-relay_aircraft-01,R004,96.18236555369127,4137.266470460487,,,NEW-relay_aircraft-01,procurement_required
P123_46_5,G3,relay_components,G3-relay_components-01,R004,96.18236555369127,4763.024275968738,,,RE03,existing
P123_4_56,G1,A_aircraft,G1-A_aircraft-01,T005,0.0,1312.470877312685,T004,691.6407629225723,U01,existing
P123_4_56,G1,A_aircraft,G1-A_aircraft-01,T004,2004.1116402352573,4285.571599071649,T016,5.000100000000202,U01,existing
P123_4_56,G1,A_aircraft,G1-A_aircraft-01,T016,4290.571699071649,5986.329803740114,,,U01,existing
P123_4_56,G1,A_aircraft,G1-A_aircraft-02,T007_HARD,0.0,1712.4416357195464,T020,2209.6876158278146,U02,existing
P123_4_56,G1,A_aircraft,G1-A_aircraft-02,T020,3922.129251547361,5892.33909852418,,,U02,existing
P123_4_56,G1,A_aircraft,G1-A_aircraft-03,T007_SOFT,0.0,1712.4416357195464,T022,321.67000451571107,U03,existing
P123_4_56,G1,A_aircraft,G1-A_aircraft-03,T022,2034.1116402352575,3725.6461264742065,T007,176.48312507315586,U03,existing
P123_4_56,G1,A_aircraft,G1-A_aircraft-03,T007,3902.1292515473624,6510.170148656284,,,U03,existing
P123_4_56,G1,A_aircraft,G1-A_aircraft-04,T014_1,4004.1292515473606,5699.887356215825,,,U04,existing
P123_4_56,G1,B_aircraft,G1-B_aircraft-01,T013,3065.5409516878613,5023.582223174855,T019_1,5.000100000001112,U05,existing
P123_4_56,G1,B_aircraft,G1-B_aircraft-01,T019_1,5028.582323174856,6547.606667586711,,,U05,existing
P123_4_56,G1,B_aircraft,G1-B_aircraft-02,T021,3813.1314217671124,5711.172693254107,,,U06,existing
P123_4_56,G1,C_aircraft,G1-C_aircraft-01,T001,0.0,1561.4261775174655,T012,392.68546271779155,U07,existing
P123_4_56,G1,C_aircraft,G1-C_aircraft-01,T012,1954.111640235257,4069.1932815137097,T018,5.000100000000202,U07,existing
P123_4_56,G1,C_aircraft,G1-C_aircraft-01,T018,4074.19338151371,6761.824258884327,,,U07,existing
P123_4_56,G1,C_aircraft,G1-C_aircraft-02,T003,0.0,1429.4261775174655,T014_2,1523.1805531482187,U08,existing
P123_4_56,G1,C_aircraft,G1-C_aircraft-02,T014_2,2952.606730665684,5257.790795633526,,,U08,existing
P123_4_56,G1,A_batteries,G1-A_batteries-01,T005,0.0,2178.7887122874713,T007,1723.340539259891,A01,existing
P123_4_56,G1,A_batteries,G1-A_batteries-01,T007,3902.1292515473624,7963.433611739875,,,A01,existing
P123_4_56,G1,A_batteries,G1-A_batteries-02,T007_HARD,0.0,2761.062337358848,T014_1,1243.0669141885128,A02,existing
P123_4_56,G1,A_batteries,G1-A_batteries-02,T014_1,4004.1292515473606,6815.081680695524,,,A02,existing
P123_4_56,G1,A_batteries,G1-A_batteries-03,T007_SOFT,0.0,2779.9496716386757,T016,1510.6220274329735,A03,existing
P123_4_56,G1,A_batteries,G1-A_batteries-03,T016,4290.571699071649,7122.3061158963155,,,A03,existing
P123_4_56,G1,A_batteries,G1-A_batteries-04,T004,2004.1116402352573,5653.515220850031,,,A04,existing
P123_4_56,G1,A_batteries,G1-A_batteries-05,T022,2034.1116402352575,4901.140633153662,,,A05,existing
P123_4_56,G1,A_batteries,G1-A_batteries-06,T020,3922.129251547361,7132.339749211256,,,A06,existing
P123_4_56,G1,B_batteries,G1-B_batteries-01,T013,3065.5409516878613,6982.827850660446,,,B01,existing
P123_4_56,G1,B_batteries,G1-B_batteries-02,T021,3813.1314217671124,7578.354845171716,,,B02,existing
P123_4_56,G1,B_batteries,G1-B_batteries-03,T019_1,5028.582323174856,8012.288751525202,,,B03,existing
P123_4_56,G1,C_batteries,G1-C_batteries-01,T001,0.0,3150.0928537629516,T018,924.1005277507584,C01,existing
P123_4_56,G1,C_batteries,G1-C_batteries-01,T018,4074.19338151371,9324.985225954879,,,C01,existing
P123_4_56,G1,C_batteries,G1-C_batteries-02,T003,0.0,2947.606630665684,T014_2,5.000100000000202,C02,existing
P123_4_56,G1,C_batteries,G1-C_batteries-02,T014_2,2952.606730665684,7764.037455028012,,,C02,existing
P123_4_56,G1,C_batteries,G1-C_batteries-03,T012,1954.111640235257,6561.858998965378,,,C03,existing
P123_4_56,G1,relay_aircraft,G1-relay_aircraft-01,R001,190.13731902940862,1999.297638856333,R002,2142.9689317204375,R01,existing
P123_4_56,G1,relay_aircraft,G1-relay_aircraft-01,R002,4142.26657057677,7037.879962031191,,,R01,existing
P123_4_56,G1,relay_aircraft,G1-relay_aircraft-02,R003,2004.2977388563338,6244.037452916951,,,R02,existing
P123_4_56,G1,relay_components,G1-relay_components-01,R001,190.13731902940862,2344.3073253046314,R002,1797.959245272139,RE01,existing
P123_4_56,G1,relay_components,G1-relay_components-01,R002,4142.26657057677,7517.75318080825,,,RE01,existing
P123_4_56,G1,relay_components,G1-relay_components-02,R003,2004.2977388563338,6902.075499094418,,,RE02,existing
P123_4_56,G2,A_aircraft,G2-A_aircraft-01,T009,0.0,1316.0142144169886,,,NEW-A_aircraft-01,procurement_required
P123_4_56,G2,C_aircraft,G2-C_aircraft-01,T010_2,1434.4262775174655,2867.4613603954576,,,NEW-C_aircraft-01,procurement_required
P123_4_56,G2,A_batteries,G2-A_batteries-01,T009,0.0,2194.736329391266,,,NEW-A_batteries-01,procurement_required
P123_4_56,G2,C_batteries,G2-C_batteries-01,T010_2,1434.4262775174655,4330.702121185847,,,C04,existing
P123_4_56,G3,B_aircraft,G3-B_aircraft-01,T002_2,0.0,1500.9693925601796,T015,5.0000999999997475,NEW-B_aircraft-01,procurement_required
P123_4_56,G3,B_aircraft,G3-B_aircraft-01,T015,1505.9694925601793,3060.540851687861,,,NEW-B_aircraft-01,procurement_required
P123_4_56,G3,B_aircraft,G3-B_aircraft-02,T011,0.0,1944.0244440219892,T008,5.000100000000202,NEW-B_aircraft-02,procurement_required
P123_4_56,G3,B_aircraft,G3-B_aircraft-02,T008,1949.0245440219894,3793.5634341775567,,,NEW-B_aircraft-02,procurement_required
P123_4_56,G3,C_aircraft,G3-C_aircraft-01,T006,5262.790895633526,6542.241766493663,,,NEW-C_aircraft-02,procurement_required
P123_4_56,G3,B_batteries,G3-B_batteries-01,T002_2,0.0,2956.647180248775,,,B04,existing
P123_4_56,G3,B_batteries,G3-B_batteries-02,T011,0.0,3808.1313217671122,,,NEW-B_batteries-01,procurement_required
P123_4_56,G3,B_batteries,G3-B_batteries-03,T015,1505.9694925601793,4516.326993610754,,,NEW-B_batteries-02,procurement_required
P123_4_56,G3,B_batteries,G3-B_batteries-04,T008,1949.0245440219894,5382.225397256939,,,NEW-B_batteries-03,procurement_required
P123_4_56,G3,C_batteries,G3-C_batteries-01,T006,5262.790895633526,7891.7506752339295,,,NEW-C_batteries-01,procurement_required
P123_4_56,G3,relay_aircraft,G3-relay_aircraft-01,R004,96.18236555369127,4137.266470460487,,,NEW-relay_aircraft-01,procurement_required
P123_4_56,G3,relay_components,G3-relay_components-01,R004,96.18236555369127,4763.024275968738,,,RE03,existing
P1245_3_6,G1,A_aircraft,G1-A_aircraft-01,T005,0.0,1312.470877312685,T004,691.6407629225723,U01,existing
P1245_3_6,G1,A_aircraft,G1-A_aircraft-01,T004,2004.1116402352573,4285.571599071649,,,U01,existing
P1245_3_6,G1,A_aircraft,G1-A_aircraft-02,T009,0.0,1316.0142144169886,T022,718.0974258182689,U02,existing
P1245_3_6,G1,A_aircraft,G1-A_aircraft-02,T022,2034.1116402352575,3725.6461264742065,,,U02,existing
P1245_3_6,G1,B_aircraft,G1-B_aircraft-01,T002_2,0.0,1500.9693925601796,T015,5.0000999999997475,U05,existing
P1245_3_6,G1,B_aircraft,G1-B_aircraft-01,T015,1505.9694925601793,3060.540851687861,T013,5.000100000000202,U05,existing
P1245_3_6,G1,B_aircraft,G1-B_aircraft-01,T013,3065.5409516878613,5023.582223174855,,,U05,existing
P1245_3_6,G1,B_aircraft,G1-B_aircraft-02,T011,0.0,1944.0244440219892,T008,5.000100000000202,U06,existing
P1245_3_6,G1,B_aircraft,G1-B_aircraft-02,T008,1949.0245440219894,3793.5634341775567,T021,19.56798758955574,U06,existing
P1245_3_6,G1,B_aircraft,G1-B_aircraft-02,T021,3813.1314217671124,5711.172693254107,,,U06,existing
P1245_3_6,G1,C_aircraft,G1-C_aircraft-01,T001,0.0,1561.4261775174655,T012,392.68546271779155,U07,existing
P1245_3_6,G1,C_aircraft,G1-C_aircraft-01,T012,1954.111640235257,4069.1932815137097,,,U07,existing
P1245_3_6,G1,C_aircraft,G1-C_aircraft-02,T003,0.0,1429.4261775174655,T010_2,5.000099999999975,U08,existing
P1245_3_6,G1,C_aircraft,G1-C_aircraft-02,T010_2,1434.4262775174655,2867.4613603954576,T014_2,85.14537027022652,U08,existing
P1245_3_6,G1,C_aircraft,G1-C_aircraft-02,T014_2,2952.606730665684,5257.790795633526,,,U08,existing
P1245_3_6,G1,A_batteries,G1-A_batteries-01,T005,0.0,2178.7887122874713,,,A01,existing
P1245_3_6,G1,A_batteries,G1-A_batteries-02,T009,0.0,2194.736329391266,,,A02,existing
P1245_3_6,G1,A_batteries,G1-A_batteries-03,T004,2004.1116402352573,5653.515220850031,,,A03,existing
P1245_3_6,G1,A_batteries,G1-A_batteries-04,T022,2034.1116402352575,4901.140633153662,,,A04,existing
P1245_3_6,G1,B_batteries,G1-B_batteries-01,T002_2,0.0,2956.647180248775,T013,108.89377143908632,B01,existing
P1245_3_6,G1,B_batteries,G1-B_batteries-01,T013,3065.5409516878613,6982.827850660446,,,B01,existing
P1245_3_6,G1,B_batteries,G1-B_batteries-02,T011,0.0,3808.1313217671122,T021,5.000100000000202,B02,existing
P1245_3_6,G1,B_batteries,G1-B_batteries-02,T021,3813.1314217671124,7578.354845171716,,,B02,existing
P1245_3_6,G1,B_batteries,G1-B_batteries-03,T015,1505.9694925601793,4516.326993610754,,,B03,existing
P1245_3_6,G1,B_batteries,G1-B_batteries-04,T008,1949.0245440219894,5382.225397256939,,,B04,existing
P1245_3_6,G1,C_batteries,G1-C_batteries-01,T001,0.0,3150.0928537629516,,,C01,existing
P1245_3_6,G1,C_batteries,G1-C_batteries-02,T003,0.0,2947.606630665684,T014_2,5.000100000000202,C02,existing
P1245_3_6,G1,C_batteries,G1-C_batteries-02,T014_2,2952.606730665684,7764.037455028012,,,C02,existing
P1245_3_6,G1,C_batteries,G1-C_batteries-03,T010_2,1434.4262775174655,4330.702121185847,,,C03,existing
P1245_3_6,G1,C_batteries,G1-C_batteries-04,T012,1954.111640235257,6561.858998965378,,,C04,existing
P1245_3_6,G1,relay_aircraft,G1-relay_aircraft-01,R004,96.18236555369127,4137.266470460487,,,R01,existing
P1245_3_6,G1,relay_aircraft,G1-relay_aircraft-02,R003,2004.2977388563338,6244.037452916951,,,R02,existing
P1245_3_6,G1,relay_components,G1-relay_components-01,R004,96.18236555369127,4763.024275968738,,,RE01,existing
P1245_3_6,G1,relay_components,G1-relay_components-02,R003,2004.2977388563338,6902.075499094418,,,RE02,existing
P1245_3_6,G2,A_aircraft,G2-A_aircraft-01,T007_HARD,0.0,1712.4416357195464,T016,2578.1300633521028,U03,existing
P1245_3_6,G2,A_aircraft,G2-A_aircraft-01,T016,4290.571699071649,5986.329803740114,,,U03,existing
P1245_3_6,G2,A_aircraft,G2-A_aircraft-02,T007_SOFT,0.0,1712.4416357195464,T014_1,2291.687615827814,U04,existing
P1245_3_6,G2,A_aircraft,G2-A_aircraft-02,T014_1,4004.1292515473606,5699.887356215825,,,U04,existing
P1245_3_6,G2,A_aircraft,G2-A_aircraft-03,T007,3902.1292515473624,6510.170148656284,,,NEW-A_aircraft-01,procurement_required
P1245_3_6,G2,A_aircraft,G2-A_aircraft-04,T020,3922.129251547361,5892.33909852418,,,NEW-A_aircraft-02,procurement_required
P1245_3_6,G2,B_aircraft,G2-B_aircraft-01,T019_1,5028.582323174856,6547.606667586711,,,NEW-B_aircraft-01,procurement_required
P1245_3_6,G2,C_aircraft,G2-C_aircraft-01,T018,4074.19338151371,6761.824258884327,,,NEW-C_aircraft-01,procurement_required
P1245_3_6,G2,A_batteries,G2-A_batteries-01,T007_HARD,0.0,2761.062337358848,T014_1,1243.0669141885128,A05,existing
P1245_3_6,G2,A_batteries,G2-A_batteries-01,T014_1,4004.1292515473606,6815.081680695524,,,A05,existing
P1245_3_6,G2,A_batteries,G2-A_batteries-02,T007_SOFT,0.0,2779.9496716386757,T016,1510.6220274329735,A06,existing
P1245_3_6,G2,A_batteries,G2-A_batteries-02,T016,4290.571699071649,7122.3061158963155,,,A06,existing
P1245_3_6,G2,A_batteries,G2-A_batteries-03,T007,3902.1292515473624,7963.433611739875,,,NEW-A_batteries-01,procurement_required
P1245_3_6,G2,A_batteries,G2-A_batteries-04,T020,3922.129251547361,7132.339749211256,,,NEW-A_batteries-02,procurement_required
P1245_3_6,G2,B_batteries,G2-B_batteries-01,T019_1,5028.582323174856,8012.288751525202,,,NEW-B_batteries-01,procurement_required
P1245_3_6,G2,C_batteries,G2-C_batteries-01,T018,4074.19338151371,9324.985225954879,,,NEW-C_batteries-01,procurement_required
P1245_3_6,G2,relay_aircraft,G2-relay_aircraft-01,R001,190.13731902940862,1999.297638856333,R002,2142.9689317204375,NEW-relay_aircraft-01,procurement_required
P1245_3_6,G2,relay_aircraft,G2-relay_aircraft-01,R002,4142.26657057677,7037.879962031191,,,NEW-relay_aircraft-01,procurement_required
P1245_3_6,G2,relay_components,G2-relay_components-01,R001,190.13731902940862,2344.3073253046314,R002,1797.959245272139,RE03,existing
P1245_3_6,G2,relay_components,G2-relay_components-01,R002,4142.26657057677,7517.75318080825,,,RE03,existing
P1245_3_6,G3,C_aircraft,G3-C_aircraft-01,T006,5262.790895633526,6542.241766493663,,,NEW-C_aircraft-02,procurement_required
P1245_3_6,G3,C_batteries,G3-C_batteries-01,T006,5262.790895633526,7891.7506752339295,,,NEW-C_batteries-02,procurement_required
P124_35_6,G1,A_aircraft,G1-A_aircraft-01,T005,0.0,1312.470877312685,T004,691.6407629225723,U01,existing
P124_35_6,G1,A_aircraft,G1-A_aircraft-01,T004,2004.1116402352573,4285.571599071649,,,U01,existing
P124_35_6,G1,A_aircraft,G1-A_aircraft-02,T009,0.0,1316.0142144169886,T022,718.0974258182689,U02,existing
P124_35_6,G1,A_aircraft,G1-A_aircraft-02,T022,2034.1116402352575,3725.6461264742065,,,U02,existing
P124_35_6,G1,B_aircraft,G1-B_aircraft-01,T013,3065.5409516878613,5023.582223174855,,,U05,existing
P124_35_6,G1,B_aircraft,G1-B_aircraft-02,T021,3813.1314217671124,5711.172693254107,,,U06,existing
P124_35_6,G1,C_aircraft,G1-C_aircraft-01,T001,0.0,1561.4261775174655,T012,392.68546271779155,U07,existing
P124_35_6,G1,C_aircraft,G1-C_aircraft-01,T012,1954.111640235257,4069.1932815137097,,,U07,existing
P124_35_6,G1,C_aircraft,G1-C_aircraft-02,T003,0.0,1429.4261775174655,T010_2,5.000099999999975,U08,existing
P124_35_6,G1,C_aircraft,G1-C_aircraft-02,T010_2,1434.4262775174655,2867.4613603954576,T014_2,85.14537027022652,U08,existing
P124_35_6,G1,C_aircraft,G1-C_aircraft-02,T014_2,2952.606730665684,5257.790795633526,,,U08,existing
P124_35_6,G1,A_batteries,G1-A_batteries-01,T005,0.0,2178.7887122874713,,,A01,existing
P124_35_6,G1,A_batteries,G1-A_batteries-02,T009,0.0,2194.736329391266,,,A02,existing
P124_35_6,G1,A_batteries,G1-A_batteries-03,T004,2004.1116402352573,5653.515220850031,,,A03,existing
P124_35_6,G1,A_batteries,G1-A_batteries-04,T022,2034.1116402352575,4901.140633153662,,,A04,existing
P124_35_6,G1,B_batteries,G1-B_batteries-01,T013,3065.5409516878613,6982.827850660446,,,B01,existing
P124_35_6,G1,B_batteries,G1-B_batteries-02,T021,3813.1314217671124,7578.354845171716,,,B02,existing
P124_35_6,G1,C_batteries,G1-C_batteries-01,T001,0.0,3150.0928537629516,,,C01,existing
P124_35_6,G1,C_batteries,G1-C_batteries-02,T003,0.0,2947.606630665684,T014_2,5.000100000000202,C02,existing
P124_35_6,G1,C_batteries,G1-C_batteries-02,T014_2,2952.606730665684,7764.037455028012,,,C02,existing
P124_35_6,G1,C_batteries,G1-C_batteries-03,T010_2,1434.4262775174655,4330.702121185847,,,C03,existing
P124_35_6,G1,C_batteries,G1-C_batteries-04,T012,1954.111640235257,6561.858998965378,,,C04,existing
P124_35_6,G1,relay_aircraft,G1-relay_aircraft-01,R003,2004.2977388563338,6244.037452916951,,,R01,existing
P124_35_6,G1,relay_components,G1-relay_components-01,R003,2004.2977388563338,6902.075499094418,,,RE01,existing
P124_35_6,G2,A_aircraft,G2-A_aircraft-01,T007_HARD,0.0,1712.4416357195464,T016,2578.1300633521028,U03,existing
P124_35_6,G2,A_aircraft,G2-A_aircraft-01,T016,4290.571699071649,5986.329803740114,,,U03,existing
P124_35_6,G2,A_aircraft,G2-A_aircraft-02,T007_SOFT,0.0,1712.4416357195464,T014_1,2291.687615827814,U04,existing
P124_35_6,G2,A_aircraft,G2-A_aircraft-02,T014_1,4004.1292515473606,5699.887356215825,,,U04,existing
P124_35_6,G2,A_aircraft,G2-A_aircraft-03,T007,3902.1292515473624,6510.170148656284,,,NEW-A_aircraft-01,procurement_required
P124_35_6,G2,A_aircraft,G2-A_aircraft-04,T020,3922.129251547361,5892.33909852418,,,NEW-A_aircraft-02,procurement_required
P124_35_6,G2,B_aircraft,G2-B_aircraft-01,T002_2,0.0,1500.9693925601796,T015,5.0000999999997475,NEW-B_aircraft-01,procurement_required
P124_35_6,G2,B_aircraft,G2-B_aircraft-01,T015,1505.9694925601793,3060.540851687861,T019_1,1968.0414714869953,NEW-B_aircraft-01,procurement_required
P124_35_6,G2,B_aircraft,G2-B_aircraft-01,T019_1,5028.582323174856,6547.606667586711,,,NEW-B_aircraft-01,procurement_required
P124_35_6,G2,B_aircraft,G2-B_aircraft-02,T011,0.0,1944.0244440219892,T008,5.000100000000202,NEW-B_aircraft-02,procurement_required
P124_35_6,G2,B_aircraft,G2-B_aircraft-02,T008,1949.0245440219894,3793.5634341775567,,,NEW-B_aircraft-02,procurement_required
P124_35_6,G2,C_aircraft,G2-C_aircraft-01,T018,4074.19338151371,6761.824258884327,,,NEW-C_aircraft-01,procurement_required
P124_35_6,G2,A_batteries,G2-A_batteries-01,T007_HARD,0.0,2761.062337358848,T014_1,1243.0669141885128,A05,existing
P124_35_6,G2,A_batteries,G2-A_batteries-01,T014_1,4004.1292515473606,6815.081680695524,,,A05,existing
P124_35_6,G2,A_batteries,G2-A_batteries-02,T007_SOFT,0.0,2779.9496716386757,T016,1510.6220274329735,A06,existing
P124_35_6,G2,A_batteries,G2-A_batteries-02,T016,4290.571699071649,7122.3061158963155,,,A06,existing
P124_35_6,G2,A_batteries,G2-A_batteries-03,T007,3902.1292515473624,7963.433611739875,,,NEW-A_batteries-01,procurement_required
P124_35_6,G2,A_batteries,G2-A_batteries-04,T020,3922.129251547361,7132.339749211256,,,NEW-A_batteries-02,procurement_required
P124_35_6,G2,B_batteries,G2-B_batteries-01,T002_2,0.0,2956.647180248775,T019_1,2071.9351429260814,B03,existing
P124_35_6,G2,B_batteries,G2-B_batteries-01,T019_1,5028.582323174856,8012.288751525202,,,B03,existing
P124_35_6,G2,B_batteries,G2-B_batteries-02,T011,0.0,3808.1313217671122,,,B04,existing
P124_35_6,G2,B_batteries,G2-B_batteries-03,T015,1505.9694925601793,4516.326993610754,,,NEW-B_batteries-01,procurement_required
P124_35_6,G2,B_batteries,G2-B_batteries-04,T008,1949.0245440219894,5382.225397256939,,,NEW-B_batteries-02,procurement_required
P124_35_6,G2,C_batteries,G2-C_batteries-01,T018,4074.19338151371,9324.985225954879,,,NEW-C_batteries-01,procurement_required
P124_35_6,G2,relay_aircraft,G2-relay_aircraft-01,R004,96.18236555369127,4137.266470460487,,,R02,existing
P124_35_6,G2,relay_aircraft,G2-relay_aircraft-02,R001,190.13731902940862,1999.297638856333,R002,2142.9689317204375,NEW-relay_aircraft-01,procurement_required
P124_35_6,G2,relay_aircraft,G2-relay_aircraft-02,R002,4142.26657057677,7037.879962031191,,,NEW-relay_aircraft-01,procurement_required
P124_35_6,G2,relay_components,G2-relay_components-01,R004,96.18236555369127,4763.024275968738,,,RE02,existing
P124_35_6,G2,relay_components,G2-relay_components-02,R001,190.13731902940862,2344.3073253046314,R002,1797.959245272139,RE03,existing
P124_35_6,G2,relay_components,G2-relay_components-02,R002,4142.26657057677,7517.75318080825,,,RE03,existing
P124_35_6,G3,C_aircraft,G3-C_aircraft-01,T006,5262.790895633526,6542.241766493663,,,NEW-C_aircraft-02,procurement_required
P124_35_6,G3,C_batteries,G3-C_batteries-01,T006,5262.790895633526,7891.7506752339295,,,NEW-C_batteries-02,procurement_required
P1246_3_5,G1,A_aircraft,G1-A_aircraft-01,T005,0.0,1312.470877312685,T004,691.6407629225723,U01,existing
P1246_3_5,G1,A_aircraft,G1-A_aircraft-01,T004,2004.1116402352573,4285.571599071649,,,U01,existing
P1246_3_5,G1,A_aircraft,G1-A_aircraft-02,T009,0.0,1316.0142144169886,T022,718.0974258182689,U02,existing
P1246_3_5,G1,A_aircraft,G1-A_aircraft-02,T022,2034.1116402352575,3725.6461264742065,,,U02,existing
P1246_3_5,G1,B_aircraft,G1-B_aircraft-01,T013,3065.5409516878613,5023.582223174855,,,U05,existing
P1246_3_5,G1,B_aircraft,G1-B_aircraft-02,T021,3813.1314217671124,5711.172693254107,,,U06,existing
P1246_3_5,G1,C_aircraft,G1-C_aircraft-01,T001,0.0,1561.4261775174655,T012,392.68546271779155,U07,existing
P1246_3_5,G1,C_aircraft,G1-C_aircraft-01,T012,1954.111640235257,4069.1932815137097,T006,1193.5976141198162,U07,existing
P1246_3_5,G1,C_aircraft,G1-C_aircraft-01,T006,5262.790895633526,6542.241766493663,,,U07,existing
P1246_3_5,G1,C_aircraft,G1-C_aircraft-02,T003,0.0,1429.4261775174655,T010_2,5.000099999999975,U08,existing
P1246_3_5,G1,C_aircraft,G1-C_aircraft-02,T010_2,1434.4262775174655,2867.4613603954576,T014_2,85.14537027022652,U08,existing
P1246_3_5,G1,C_aircraft,G1-C_aircraft-02,T014_2,2952.606730665684,5257.790795633526,,,U08,existing
P1246_3_5,G1,A_batteries,G1-A_batteries-01,T005,0.0,2178.7887122874713,,,A01,existing
P1246_3_5,G1,A_batteries,G1-A_batteries-02,T009,0.0,2194.736329391266,,,A02,existing
P1246_3_5,G1,A_batteries,G1-A_batteries-03,T004,2004.1116402352573,5653.515220850031,,,A03,existing
P1246_3_5,G1,A_batteries,G1-A_batteries-04,T022,2034.1116402352575,4901.140633153662,,,A04,existing
P1246_3_5,G1,B_batteries,G1-B_batteries-01,T013,3065.5409516878613,6982.827850660446,,,B01,existing
P1246_3_5,G1,B_batteries,G1-B_batteries-02,T021,3813.1314217671124,7578.354845171716,,,B02,existing
P1246_3_5,G1,C_batteries,G1-C_batteries-01,T001,0.0,3150.0928537629516,T006,2112.6980418705743,C01,existing
P1246_3_5,G1,C_batteries,G1-C_batteries-01,T006,5262.790895633526,7891.7506752339295,,,C01,existing
P1246_3_5,G1,C_batteries,G1-C_batteries-02,T003,0.0,2947.606630665684,T014_2,5.000100000000202,C02,existing
P1246_3_5,G1,C_batteries,G1-C_batteries-02,T014_2,2952.606730665684,7764.037455028012,,,C02,existing
P1246_3_5,G1,C_batteries,G1-C_batteries-03,T010_2,1434.4262775174655,4330.702121185847,,,C03,existing
P1246_3_5,G1,C_batteries,G1-C_batteries-04,T012,1954.111640235257,6561.858998965378,,,C04,existing
P1246_3_5,G1,relay_aircraft,G1-relay_aircraft-01,R003,2004.2977388563338,6244.037452916951,,,R01,existing
P1246_3_5,G1,relay_components,G1-relay_components-01,R003,2004.2977388563338,6902.075499094418,,,RE01,existing
P1246_3_5,G2,A_aircraft,G2-A_aircraft-01,T007_HARD,0.0,1712.4416357195464,T016,2578.1300633521028,U03,existing
P1246_3_5,G2,A_aircraft,G2-A_aircraft-01,T016,4290.571699071649,5986.329803740114,,,U03,existing
P1246_3_5,G2,A_aircraft,G2-A_aircraft-02,T007_SOFT,0.0,1712.4416357195464,T014_1,2291.687615827814,U04,existing
P1246_3_5,G2,A_aircraft,G2-A_aircraft-02,T014_1,4004.1292515473606,5699.887356215825,,,U04,existing
P1246_3_5,G2,A_aircraft,G2-A_aircraft-03,T007,3902.1292515473624,6510.170148656284,,,NEW-A_aircraft-01,procurement_required
P1246_3_5,G2,A_aircraft,G2-A_aircraft-04,T020,3922.129251547361,5892.33909852418,,,NEW-A_aircraft-02,procurement_required
P1246_3_5,G2,B_aircraft,G2-B_aircraft-01,T019_1,5028.582323174856,6547.606667586711,,,NEW-B_aircraft-01,procurement_required
P1246_3_5,G2,C_aircraft,G2-C_aircraft-01,T018,4074.19338151371,6761.824258884327,,,NEW-C_aircraft-01,procurement_required
P1246_3_5,G2,A_batteries,G2-A_batteries-01,T007_HARD,0.0,2761.062337358848,T014_1,1243.0669141885128,A05,existing
P1246_3_5,G2,A_batteries,G2-A_batteries-01,T014_1,4004.1292515473606,6815.081680695524,,,A05,existing
P1246_3_5,G2,A_batteries,G2-A_batteries-02,T007_SOFT,0.0,2779.9496716386757,T016,1510.6220274329735,A06,existing
P1246_3_5,G2,A_batteries,G2-A_batteries-02,T016,4290.571699071649,7122.3061158963155,,,A06,existing
P1246_3_5,G2,A_batteries,G2-A_batteries-03,T007,3902.1292515473624,7963.433611739875,,,NEW-A_batteries-01,procurement_required
P1246_3_5,G2,A_batteries,G2-A_batteries-04,T020,3922.129251547361,7132.339749211256,,,NEW-A_batteries-02,procurement_required
P1246_3_5,G2,B_batteries,G2-B_batteries-01,T019_1,5028.582323174856,8012.288751525202,,,B03,existing
P1246_3_5,G2,C_batteries,G2-C_batteries-01,T018,4074.19338151371,9324.985225954879,,,NEW-C_batteries-01,procurement_required
P1246_3_5,G2,relay_aircraft,G2-relay_aircraft-01,R001,190.13731902940862,1999.297638856333,R002,2142.9689317204375,R02,existing
P1246_3_5,G2,relay_aircraft,G2-relay_aircraft-01,R002,4142.26657057677,7037.879962031191,,,R02,existing
P1246_3_5,G2,relay_components,G2-relay_components-01,R001,190.13731902940862,2344.3073253046314,R002,1797.959245272139,RE02,existing
P1246_3_5,G2,relay_components,G2-relay_components-01,R002,4142.26657057677,7517.75318080825,,,RE02,existing
P1246_3_5,G3,B_aircraft,G3-B_aircraft-01,T002_2,0.0,1500.9693925601796,T015,5.0000999999997475,NEW-B_aircraft-02,procurement_required
P1246_3_5,G3,B_aircraft,G3-B_aircraft-01,T015,1505.9694925601793,3060.540851687861,,,NEW-B_aircraft-02,procurement_required
P1246_3_5,G3,B_aircraft,G3-B_aircraft-02,T011,0.0,1944.0244440219892,T008,5.000100000000202,NEW-B_aircraft-03,procurement_required
P1246_3_5,G3,B_aircraft,G3-B_aircraft-02,T008,1949.0245440219894,3793.5634341775567,,,NEW-B_aircraft-03,procurement_required
P1246_3_5,G3,B_batteries,G3-B_batteries-01,T002_2,0.0,2956.647180248775,,,B04,existing
P1246_3_5,G3,B_batteries,G3-B_batteries-02,T011,0.0,3808.1313217671122,,,NEW-B_batteries-01,procurement_required
P1246_3_5,G3,B_batteries,G3-B_batteries-03,T015,1505.9694925601793,4516.326993610754,,,NEW-B_batteries-02,procurement_required
P1246_3_5,G3,B_batteries,G3-B_batteries-04,T008,1949.0245440219894,5382.225397256939,,,NEW-B_batteries-03,procurement_required
P1246_3_5,G3,relay_aircraft,G3-relay_aircraft-01,R004,96.18236555369127,4137.266470460487,,,NEW-relay_aircraft-01,procurement_required
P1246_3_5,G3,relay_components,G3-relay_components-01,R004,96.18236555369127,4763.024275968738,,,RE03,existing
P124_36_5,G1,A_aircraft,G1-A_aircraft-01,T005,0.0,1312.470877312685,T004,691.6407629225723,U01,existing
P124_36_5,G1,A_aircraft,G1-A_aircraft-01,T004,2004.1116402352573,4285.571599071649,,,U01,existing
P124_36_5,G1,A_aircraft,G1-A_aircraft-02,T009,0.0,1316.0142144169886,T022,718.0974258182689,U02,existing
P124_36_5,G1,A_aircraft,G1-A_aircraft-02,T022,2034.1116402352575,3725.6461264742065,,,U02,existing
P124_36_5,G1,B_aircraft,G1-B_aircraft-01,T013,3065.5409516878613,5023.582223174855,,,U05,existing
P124_36_5,G1,B_aircraft,G1-B_aircraft-02,T021,3813.1314217671124,5711.172693254107,,,U06,existing
P124_36_5,G1,C_aircraft,G1-C_aircraft-01,T001,0.0,1561.4261775174655,T012,392.68546271779155,U07,existing
P124_36_5,G1,C_aircraft,G1-C_aircraft-01,T012,1954.111640235257,4069.1932815137097,,,U07,existing
P124_36_5,G1,C_aircraft,G1-C_aircraft-02,T003,0.0,1429.4261775174655,T010_2,5.000099999999975,U08,existing
P124_36_5,G1,C_aircraft,G1-C_aircraft-02,T010_2,1434.4262775174655,2867.4613603954576,T014_2,85.14537027022652,U08,existing
P124_36_5,G1,C_aircraft,G1-C_aircraft-02,T014_2,2952.606730665684,5257.790795633526,,,U08,existing
P124_36_5,G1,A_batteries,G1-A_batteries-01,T005,0.0,2178.7887122874713,,,A01,existing
P124_36_5,G1,A_batteries,G1-A_batteries-02,T009,0.0,2194.736329391266,,,A02,existing
P124_36_5,G1,A_batteries,G1-A_batteries-03,T004,2004.1116402352573,5653.515220850031,,,A03,existing
P124_36_5,G1,A_batteries,G1-A_batteries-04,T022,2034.1116402352575,4901.140633153662,,,A04,existing
P124_36_5,G1,B_batteries,G1-B_batteries-01,T013,3065.5409516878613,6982.827850660446,,,B01,existing
P124_36_5,G1,B_batteries,G1-B_batteries-02,T021,3813.1314217671124,7578.354845171716,,,B02,existing
P124_36_5,G1,C_batteries,G1-C_batteries-01,T001,0.0,3150.0928537629516,,,C01,existing
P124_36_5,G1,C_batteries,G1-C_batteries-02,T003,0.0,2947.606630665684,T014_2,5.000100000000202,C02,existing
P124_36_5,G1,C_batteries,G1-C_batteries-02,T014_2,2952.606730665684,7764.037455028012,,,C02,existing
P124_36_5,G1,C_batteries,G1-C_batteries-03,T010_2,1434.4262775174655,4330.702121185847,,,C03,existing
P124_36_5,G1,C_batteries,G1-C_batteries-04,T012,1954.111640235257,6561.858998965378,,,C04,existing
P124_36_5,G1,relay_aircraft,G1-relay_aircraft-01,R003,2004.2977388563338,6244.037452916951,,,R01,existing
P124_36_5,G1,relay_components,G1-relay_components-01,R003,2004.2977388563338,6902.075499094418,,,RE01,existing
P124_36_5,G2,A_aircraft,G2-A_aircraft-01,T007_HARD,0.0,1712.4416357195464,T016,2578.1300633521028,U03,existing
P124_36_5,G2,A_aircraft,G2-A_aircraft-01,T016,4290.571699071649,5986.329803740114,,,U03,existing
P124_36_5,G2,A_aircraft,G2-A_aircraft-02,T007_SOFT,0.0,1712.4416357195464,T014_1,2291.687615827814,U04,existing
P124_36_5,G2,A_aircraft,G2-A_aircraft-02,T014_1,4004.1292515473606,5699.887356215825,,,U04,existing
P124_36_5,G2,A_aircraft,G2-A_aircraft-03,T007,3902.1292515473624,6510.170148656284,,,NEW-A_aircraft-01,procurement_required
P124_36_5,G2,A_aircraft,G2-A_aircraft-04,T020,3922.129251547361,5892.33909852418,,,NEW-A_aircraft-02,procurement_required
P124_36_5,G2,B_aircraft,G2-B_aircraft-01,T019_1,5028.582323174856,6547.606667586711,,,NEW-B_aircraft-01,procurement_required
P124_36_5,G2,C_aircraft,G2-C_aircraft-01,T018,4074.19338151371,6761.824258884327,,,NEW-C_aircraft-01,procurement_required
P124_36_5,G2,C_aircraft,G2-C_aircraft-02,T006,5262.790895633526,6542.241766493663,,,NEW-C_aircraft-02,procurement_required
P124_36_5,G2,A_batteries,G2-A_batteries-01,T007_HARD,0.0,2761.062337358848,T014_1,1243.0669141885128,A05,existing
P124_36_5,G2,A_batteries,G2-A_batteries-01,T014_1,4004.1292515473606,6815.081680695524,,,A05,existing
P124_36_5,G2,A_batteries,G2-A_batteries-02,T007_SOFT,0.0,2779.9496716386757,T016,1510.6220274329735,A06,existing
P124_36_5,G2,A_batteries,G2-A_batteries-02,T016,4290.571699071649,7122.3061158963155,,,A06,existing
P124_36_5,G2,A_batteries,G2-A_batteries-03,T007,3902.1292515473624,7963.433611739875,,,NEW-A_batteries-01,procurement_required
P124_36_5,G2,A_batteries,G2-A_batteries-04,T020,3922.129251547361,7132.339749211256,,,NEW-A_batteries-02,procurement_required
P124_36_5,G2,B_batteries,G2-B_batteries-01,T019_1,5028.582323174856,8012.288751525202,,,B03,existing
P124_36_5,G2,C_batteries,G2-C_batteries-01,T018,4074.19338151371,9324.985225954879,,,NEW-C_batteries-01,procurement_required
P124_36_5,G2,C_batteries,G2-C_batteries-02,T006,5262.790895633526,7891.7506752339295,,,NEW-C_batteries-02,procurement_required
P124_36_5,G2,relay_aircraft,G2-relay_aircraft-01,R001,190.13731902940862,1999.297638856333,R002,2142.9689317204375,R02,existing
P124_36_5,G2,relay_aircraft,G2-relay_aircraft-01,R002,4142.26657057677,7037.879962031191,,,R02,existing
P124_36_5,G2,relay_components,G2-relay_components-01,R001,190.13731902940862,2344.3073253046314,R002,1797.959245272139,RE02,existing
P124_36_5,G2,relay_components,G2-relay_components-01,R002,4142.26657057677,7517.75318080825,,,RE02,existing
P124_36_5,G3,B_aircraft,G3-B_aircraft-01,T002_2,0.0,1500.9693925601796,T015,5.0000999999997475,NEW-B_aircraft-02,procurement_required
P124_36_5,G3,B_aircraft,G3-B_aircraft-01,T015,1505.9694925601793,3060.540851687861,,,NEW-B_aircraft-02,procurement_required
P124_36_5,G3,B_aircraft,G3-B_aircraft-02,T011,0.0,1944.0244440219892,T008,5.000100000000202,NEW-B_aircraft-03,procurement_required
P124_36_5,G3,B_aircraft,G3-B_aircraft-02,T008,1949.0245440219894,3793.5634341775567,,,NEW-B_aircraft-03,procurement_required
P124_36_5,G3,B_batteries,G3-B_batteries-01,T002_2,0.0,2956.647180248775,,,B04,existing
P124_36_5,G3,B_batteries,G3-B_batteries-02,T011,0.0,3808.1313217671122,,,NEW-B_batteries-01,procurement_required
P124_36_5,G3,B_batteries,G3-B_batteries-03,T015,1505.9694925601793,4516.326993610754,,,NEW-B_batteries-02,procurement_required
P124_36_5,G3,B_batteries,G3-B_batteries-04,T008,1949.0245440219894,5382.225397256939,,,NEW-B_batteries-03,procurement_required
P124_36_5,G3,relay_aircraft,G3-relay_aircraft-01,R004,96.18236555369127,4137.266470460487,,,NEW-relay_aircraft-01,procurement_required
P124_36_5,G3,relay_components,G3-relay_components-01,R004,96.18236555369127,4763.024275968738,,,RE03,existing
P124_3_56,G1,A_aircraft,G1-A_aircraft-01,T005,0.0,1312.470877312685,T004,691.6407629225723,U01,existing
P124_3_56,G1,A_aircraft,G1-A_aircraft-01,T004,2004.1116402352573,4285.571599071649,,,U01,existing
P124_3_56,G1,A_aircraft,G1-A_aircraft-02,T009,0.0,1316.0142144169886,T022,718.0974258182689,U02,existing
P124_3_56,G1,A_aircraft,G1-A_aircraft-02,T022,2034.1116402352575,3725.6461264742065,,,U02,existing
P124_3_56,G1,B_aircraft,G1-B_aircraft-01,T013,3065.5409516878613,5023.582223174855,,,U05,existing
P124_3_56,G1,B_aircraft,G1-B_aircraft-02,T021,3813.1314217671124,5711.172693254107,,,U06,existing
P124_3_56,G1,C_aircraft,G1-C_aircraft-01,T001,0.0,1561.4261775174655,T012,392.68546271779155,U07,existing
P124_3_56,G1,C_aircraft,G1-C_aircraft-01,T012,1954.111640235257,4069.1932815137097,,,U07,existing
P124_3_56,G1,C_aircraft,G1-C_aircraft-02,T003,0.0,1429.4261775174655,T010_2,5.000099999999975,U08,existing
P124_3_56,G1,C_aircraft,G1-C_aircraft-02,T010_2,1434.4262775174655,2867.4613603954576,T014_2,85.14537027022652,U08,existing
P124_3_56,G1,C_aircraft,G1-C_aircraft-02,T014_2,2952.606730665684,5257.790795633526,,,U08,existing
P124_3_56,G1,A_batteries,G1-A_batteries-01,T005,0.0,2178.7887122874713,,,A01,existing
P124_3_56,G1,A_batteries,G1-A_batteries-02,T009,0.0,2194.736329391266,,,A02,existing
P124_3_56,G1,A_batteries,G1-A_batteries-03,T004,2004.1116402352573,5653.515220850031,,,A03,existing
P124_3_56,G1,A_batteries,G1-A_batteries-04,T022,2034.1116402352575,4901.140633153662,,,A04,existing
P124_3_56,G1,B_batteries,G1-B_batteries-01,T013,3065.5409516878613,6982.827850660446,,,B01,existing
P124_3_56,G1,B_batteries,G1-B_batteries-02,T021,3813.1314217671124,7578.354845171716,,,B02,existing
P124_3_56,G1,C_batteries,G1-C_batteries-01,T001,0.0,3150.0928537629516,,,C01,existing
P124_3_56,G1,C_batteries,G1-C_batteries-02,T003,0.0,2947.606630665684,T014_2,5.000100000000202,C02,existing
P124_3_56,G1,C_batteries,G1-C_batteries-02,T014_2,2952.606730665684,7764.037455028012,,,C02,existing
P124_3_56,G1,C_batteries,G1-C_batteries-03,T010_2,1434.4262775174655,4330.702121185847,,,C03,existing
P124_3_56,G1,C_batteries,G1-C_batteries-04,T012,1954.111640235257,6561.858998965378,,,C04,existing
P124_3_56,G1,relay_aircraft,G1-relay_aircraft-01,R003,2004.2977388563338,6244.037452916951,,,R01,existing
P124_3_56,G1,relay_components,G1-relay_components-01,R003,2004.2977388563338,6902.075499094418,,,RE01,existing
P124_3_56,G2,A_aircraft,G2-A_aircraft-01,T007_HARD,0.0,1712.4416357195464,T016,2578.1300633521028,U03,existing
P124_3_56,G2,A_aircraft,G2-A_aircraft-01,T016,4290.571699071649,5986.329803740114,,,U03,existing
P124_3_56,G2,A_aircraft,G2-A_aircraft-02,T007_SOFT,0.0,1712.4416357195464,T014_1,2291.687615827814,U04,existing
P124_3_56,G2,A_aircraft,G2-A_aircraft-02,T014_1,4004.1292515473606,5699.887356215825,,,U04,existing
P124_3_56,G2,A_aircraft,G2-A_aircraft-03,T007,3902.1292515473624,6510.170148656284,,,NEW-A_aircraft-01,procurement_required
P124_3_56,G2,A_aircraft,G2-A_aircraft-04,T020,3922.129251547361,5892.33909852418,,,NEW-A_aircraft-02,procurement_required
P124_3_56,G2,B_aircraft,G2-B_aircraft-01,T019_1,5028.582323174856,6547.606667586711,,,NEW-B_aircraft-01,procurement_required
P124_3_56,G2,C_aircraft,G2-C_aircraft-01,T018,4074.19338151371,6761.824258884327,,,NEW-C_aircraft-01,procurement_required
P124_3_56,G2,A_batteries,G2-A_batteries-01,T007_HARD,0.0,2761.062337358848,T014_1,1243.0669141885128,A05,existing
P124_3_56,G2,A_batteries,G2-A_batteries-01,T014_1,4004.1292515473606,6815.081680695524,,,A05,existing
P124_3_56,G2,A_batteries,G2-A_batteries-02,T007_SOFT,0.0,2779.9496716386757,T016,1510.6220274329735,A06,existing
P124_3_56,G2,A_batteries,G2-A_batteries-02,T016,4290.571699071649,7122.3061158963155,,,A06,existing
P124_3_56,G2,A_batteries,G2-A_batteries-03,T007,3902.1292515473624,7963.433611739875,,,NEW-A_batteries-01,procurement_required
P124_3_56,G2,A_batteries,G2-A_batteries-04,T020,3922.129251547361,7132.339749211256,,,NEW-A_batteries-02,procurement_required
P124_3_56,G2,B_batteries,G2-B_batteries-01,T019_1,5028.582323174856,8012.288751525202,,,B03,existing
P124_3_56,G2,C_batteries,G2-C_batteries-01,T018,4074.19338151371,9324.985225954879,,,NEW-C_batteries-01,procurement_required
P124_3_56,G2,relay_aircraft,G2-relay_aircraft-01,R001,190.13731902940862,1999.297638856333,R002,2142.9689317204375,R02,existing
P124_3_56,G2,relay_aircraft,G2-relay_aircraft-01,R002,4142.26657057677,7037.879962031191,,,R02,existing
P124_3_56,G2,relay_components,G2-relay_components-01,R001,190.13731902940862,2344.3073253046314,R002,1797.959245272139,RE02,existing
P124_3_56,G2,relay_components,G2-relay_components-01,R002,4142.26657057677,7517.75318080825,,,RE02,existing
P124_3_56,G3,B_aircraft,G3-B_aircraft-01,T002_2,0.0,1500.9693925601796,T015,5.0000999999997475,NEW-B_aircraft-02,procurement_required
P124_3_56,G3,B_aircraft,G3-B_aircraft-01,T015,1505.9694925601793,3060.540851687861,,,NEW-B_aircraft-02,procurement_required
P124_3_56,G3,B_aircraft,G3-B_aircraft-02,T011,0.0,1944.0244440219892,T008,5.000100000000202,NEW-B_aircraft-03,procurement_required
P124_3_56,G3,B_aircraft,G3-B_aircraft-02,T008,1949.0245440219894,3793.5634341775567,,,NEW-B_aircraft-03,procurement_required
P124_3_56,G3,C_aircraft,G3-C_aircraft-01,T006,5262.790895633526,6542.241766493663,,,NEW-C_aircraft-02,procurement_required
P124_3_56,G3,B_batteries,G3-B_batteries-01,T002_2,0.0,2956.647180248775,,,B04,existing
P124_3_56,G3,B_batteries,G3-B_batteries-02,T011,0.0,3808.1313217671122,,,NEW-B_batteries-01,procurement_required
P124_3_56,G3,B_batteries,G3-B_batteries-03,T015,1505.9694925601793,4516.326993610754,,,NEW-B_batteries-02,procurement_required
P124_3_56,G3,B_batteries,G3-B_batteries-04,T008,1949.0245440219894,5382.225397256939,,,NEW-B_batteries-03,procurement_required
P124_3_56,G3,C_batteries,G3-C_batteries-01,T006,5262.790895633526,7891.7506752339295,,,NEW-C_batteries-02,procurement_required
P124_3_56,G3,relay_aircraft,G3-relay_aircraft-01,R004,96.18236555369127,4137.266470460487,,,NEW-relay_aircraft-01,procurement_required
P124_3_56,G3,relay_components,G3-relay_components-01,R004,96.18236555369127,4763.024275968738,,,RE03,existing
P125_34_6,G1,A_aircraft,G1-A_aircraft-01,T005,0.0,1312.470877312685,T022,721.6407629225725,U01,existing
P125_34_6,G1,A_aircraft,G1-A_aircraft-01,T022,2034.1116402352575,3725.6461264742065,,,U01,existing
P125_34_6,G1,A_aircraft,G1-A_aircraft-02,T004,2004.1116402352573,4285.571599071649,,,U02,existing
P125_34_6,G1,B_aircraft,G1-B_aircraft-01,T002_2,0.0,1500.9693925601796,T015,5.0000999999997475,U05,existing
P125_34_6,G1,B_aircraft,G1-B_aircraft-01,T015,1505.9694925601793,3060.540851687861,T013,5.000100000000202,U05,existing
P125_34_6,G1,B_aircraft,G1-B_aircraft-01,T013,3065.5409516878613,5023.582223174855,,,U05,existing
P125_34_6,G1,B_aircraft,G1-B_aircraft-02,T011,0.0,1944.0244440219892,T008,5.000100000000202,U06,existing
P125_34_6,G1,B_aircraft,G1-B_aircraft-02,T008,1949.0245440219894,3793.5634341775567,T021,19.56798758955574,U06,existing
P125_34_6,G1,B_aircraft,G1-B_aircraft-02,T021,3813.1314217671124,5711.172693254107,,,U06,existing
P125_34_6,G1,C_aircraft,G1-C_aircraft-01,T001,0.0,1561.4261775174655,T014_2,1391.1805531482187,U07,existing
P125_34_6,G1,C_aircraft,G1-C_aircraft-01,T014_2,2952.606730665684,5257.790795633526,,,U07,existing
P125_34_6,G1,C_aircraft,G1-C_aircraft-02,T003,0.0,1429.4261775174655,T012,524.6854627177916,U08,existing
P125_34_6,G1,C_aircraft,G1-C_aircraft-02,T012,1954.111640235257,4069.1932815137097,,,U08,existing
P125_34_6,G1,A_batteries,G1-A_batteries-01,T005,0.0,2178.7887122874713,,,A01,existing
P125_34_6,G1,A_batteries,G1-A_batteries-02,T004,2004.1116402352573,5653.515220850031,,,A02,existing
P125_34_6,G1,A_batteries,G1-A_batteries-03,T022,2034.1116402352575,4901.140633153662,,,A03,existing
P125_34_6,G1,B_batteries,G1-B_batteries-01,T002_2,0.0,2956.647180248775,T013,108.89377143908632,B01,existing
P125_34_6,G1,B_batteries,G1-B_batteries-01,T013,3065.5409516878613,6982.827850660446,,,B01,existing
P125_34_6,G1,B_batteries,G1-B_batteries-02,T011,0.0,3808.1313217671122,T021,5.000100000000202,B02,existing
P125_34_6,G1,B_batteries,G1-B_batteries-02,T021,3813.1314217671124,7578.354845171716,,,B02,existing
P125_34_6,G1,B_batteries,G1-B_batteries-03,T015,1505.9694925601793,4516.326993610754,,,B03,existing
P125_34_6,G1,B_batteries,G1-B_batteries-04,T008,1949.0245440219894,5382.225397256939,,,B04,existing
P125_34_6,G1,C_batteries,G1-C_batteries-01,T001,0.0,3150.0928537629516,,,C01,existing
P125_34_6,G1,C_batteries,G1-C_batteries-02,T003,0.0,2947.606630665684,T014_2,5.000100000000202,C02,existing
P125_34_6,G1,C_batteries,G1-C_batteries-02,T014_2,2952.606730665684,7764.037455028012,,,C02,existing
P125_34_6,G1,C_batteries,G1-C_batteries-03,T012,1954.111640235257,6561.858998965378,,,C03,existing
P125_34_6,G1,relay_aircraft,G1-relay_aircraft-01,R004,96.18236555369127,4137.266470460487,,,R01,existing
P125_34_6,G1,relay_aircraft,G1-relay_aircraft-02,R003,2004.2977388563338,6244.037452916951,,,R02,existing
P125_34_6,G1,relay_components,G1-relay_components-01,R004,96.18236555369127,4763.024275968738,,,RE01,existing
P125_34_6,G1,relay_components,G1-relay_components-02,R003,2004.2977388563338,6902.075499094418,,,RE02,existing
P125_34_6,G2,A_aircraft,G2-A_aircraft-01,T007_HARD,0.0,1712.4416357195464,T016,2578.1300633521028,U03,existing
P125_34_6,G2,A_aircraft,G2-A_aircraft-01,T016,4290.571699071649,5986.329803740114,,,U03,existing
P125_34_6,G2,A_aircraft,G2-A_aircraft-02,T007_SOFT,0.0,1712.4416357195464,T014_1,2291.687615827814,U04,existing
P125_34_6,G2,A_aircraft,G2-A_aircraft-02,T014_1,4004.1292515473606,5699.887356215825,,,U04,existing
P125_34_6,G2,A_aircraft,G2-A_aircraft-03,T009,0.0,1316.0142144169886,T007,2586.115037130374,NEW-A_aircraft-01,procurement_required
P125_34_6,G2,A_aircraft,G2-A_aircraft-03,T007,3902.1292515473624,6510.170148656284,,,NEW-A_aircraft-01,procurement_required
P125_34_6,G2,A_aircraft,G2-A_aircraft-04,T020,3922.129251547361,5892.33909852418,,,NEW-A_aircraft-02,procurement_required
P125_34_6,G2,B_aircraft,G2-B_aircraft-01,T019_1,5028.582323174856,6547.606667586711,,,NEW-B_aircraft-01,procurement_required
P125_34_6,G2,C_aircraft,G2-C_aircraft-01,T010_2,1434.4262775174655,2867.4613603954576,T018,1206.7320211182523,NEW-C_aircraft-01,procurement_required
P125_34_6,G2,C_aircraft,G2-C_aircraft-01,T018,4074.19338151371,6761.824258884327,,,NEW-C_aircraft-01,procurement_required
P125_34_6,G2,A_batteries,G2-A_batteries-01,T007_HARD,0.0,2761.062337358848,T014_1,1243.0669141885128,A04,existing
P125_34_6,G2,A_batteries,G2-A_batteries-01,T014_1,4004.1292515473606,6815.081680695524,,,A04,existing
P125_34_6,G2,A_batteries,G2-A_batteries-02,T007_SOFT,0.0,2779.9496716386757,T016,1510.6220274329735,A05,existing
P125_34_6,G2,A_batteries,G2-A_batteries-02,T016,4290.571699071649,7122.3061158963155,,,A05,existing
P125_34_6,G2,A_batteries,G2-A_batteries-03,T009,0.0,2194.736329391266,T007,1707.3929221560966,A06,existing
P125_34_6,G2,A_batteries,G2-A_batteries-03,T007,3902.1292515473624,7963.433611739875,,,A06,existing
P125_34_6,G2,A_batteries,G2-A_batteries-04,T020,3922.129251547361,7132.339749211256,,,NEW-A_batteries-01,procurement_required
P125_34_6,G2,B_batteries,G2-B_batteries-01,T019_1,5028.582323174856,8012.288751525202,,,NEW-B_batteries-01,procurement_required
P125_34_6,G2,C_batteries,G2-C_batteries-01,T010_2,1434.4262775174655,4330.702121185847,,,C04,existing
P125_34_6,G2,C_batteries,G2-C_batteries-02,T018,4074.19338151371,9324.985225954879,,,NEW-C_batteries-01,procurement_required
P125_34_6,G2,relay_aircraft,G2-relay_aircraft-01,R001,190.13731902940862,1999.297638856333,R002,2142.9689317204375,NEW-relay_aircraft-01,procurement_required
P125_34_6,G2,relay_aircraft,G2-relay_aircraft-01,R002,4142.26657057677,7037.879962031191,,,NEW-relay_aircraft-01,procurement_required
P125_34_6,G2,relay_components,G2-relay_components-01,R001,190.13731902940862,2344.3073253046314,R002,1797.959245272139,RE03,existing
P125_34_6,G2,relay_components,G2-relay_components-01,R002,4142.26657057677,7517.75318080825,,,RE03,existing
P125_34_6,G3,C_aircraft,G3-C_aircraft-01,T006,5262.790895633526,6542.241766493663,,,NEW-C_aircraft-02,procurement_required
P125_34_6,G3,C_batteries,G3-C_batteries-01,T006,5262.790895633526,7891.7506752339295,,,NEW-C_batteries-02,procurement_required
P12_345_6,G1,A_aircraft,G1-A_aircraft-01,T005,0.0,1312.470877312685,T022,721.6407629225725,U01,existing
P12_345_6,G1,A_aircraft,G1-A_aircraft-01,T022,2034.1116402352575,3725.6461264742065,,,U01,existing
P12_345_6,G1,A_aircraft,G1-A_aircraft-02,T004,2004.1116402352573,4285.571599071649,,,U02,existing
P12_345_6,G1,B_aircraft,G1-B_aircraft-01,T013,3065.5409516878613,5023.582223174855,,,U05,existing
P12_345_6,G1,B_aircraft,G1-B_aircraft-02,T021,3813.1314217671124,5711.172693254107,,,U06,existing
P12_345_6,G1,C_aircraft,G1-C_aircraft-01,T001,0.0,1561.4261775174655,T014_2,1391.1805531482187,U07,existing
P12_345_6,G1,C_aircraft,G1-C_aircraft-01,T014_2,2952.606730665684,5257.790795633526,,,U07,existing
P12_345_6,G1,C_aircraft,G1-C_aircraft-02,T003,0.0,1429.4261775174655,T012,524.6854627177916,U08,existing
P12_345_6,G1,C_aircraft,G1-C_aircraft-02,T012,1954.111640235257,4069.1932815137097,,,U08,existing
P12_345_6,G1,A_batteries,G1-A_batteries-01,T005,0.0,2178.7887122874713,,,A01,existing
P12_345_6,G1,A_batteries,G1-A_batteries-02,T004,2004.1116402352573,5653.515220850031,,,A02,existing
P12_345_6,G1,A_batteries,G1-A_batteries-03,T022,2034.1116402352575,4901.140633153662,,,A03,existing
P12_345_6,G1,B_batteries,G1-B_batteries-01,T013,3065.5409516878613,6982.827850660446,,,B01,existing
P12_345_6,G1,B_batteries,G1-B_batteries-02,T021,3813.1314217671124,7578.354845171716,,,B02,existing
P12_345_6,G1,C_batteries,G1-C_batteries-01,T001,0.0,3150.0928537629516,,,C01,existing
P12_345_6,G1,C_batteries,G1-C_batteries-02,T003,0.0,2947.606630665684,T014_2,5.000100000000202,C02,existing
P12_345_6,G1,C_batteries,G1-C_batteries-02,T014_2,2952.606730665684,7764.037455028012,,,C02,existing
P12_345_6,G1,C_batteries,G1-C_batteries-03,T012,1954.111640235257,6561.858998965378,,,C03,existing
P12_345_6,G1,relay_aircraft,G1-relay_aircraft-01,R003,2004.2977388563338,6244.037452916951,,,R01,existing
P12_345_6,G1,relay_components,G1-relay_components-01,R003,2004.2977388563338,6902.075499094418,,,RE01,existing
P12_345_6,G2,A_aircraft,G2-A_aircraft-01,T007_HARD,0.0,1712.4416357195464,T016,2578.1300633521028,U03,existing
P12_345_6,G2,A_aircraft,G2-A_aircraft-01,T016,4290.571699071649,5986.329803740114,,,U03,existing
P12_345_6,G2,A_aircraft,G2-A_aircraft-02,T007_SOFT,0.0,1712.4416357195464,T014_1,2291.687615827814,U04,existing
P12_345_6,G2,A_aircraft,G2-A_aircraft-02,T014_1,4004.1292515473606,5699.887356215825,,,U04,existing
P12_345_6,G2,A_aircraft,G2-A_aircraft-03,T009,0.0,1316.0142144169886,T007,2586.115037130374,NEW-A_aircraft-01,procurement_required
P12_345_6,G2,A_aircraft,G2-A_aircraft-03,T007,3902.1292515473624,6510.170148656284,,,NEW-A_aircraft-01,procurement_required
P12_345_6,G2,A_aircraft,G2-A_aircraft-04,T020,3922.129251547361,5892.33909852418,,,NEW-A_aircraft-02,procurement_required
P12_345_6,G2,B_aircraft,G2-B_aircraft-01,T002_2,0.0,1500.9693925601796,T015,5.0000999999997475,NEW-B_aircraft-01,procurement_required
P12_345_6,G2,B_aircraft,G2-B_aircraft-01,T015,1505.9694925601793,3060.540851687861,T019_1,1968.0414714869953,NEW-B_aircraft-01,procurement_required
P12_345_6,G2,B_aircraft,G2-B_aircraft-01,T019_1,5028.582323174856,6547.606667586711,,,NEW-B_aircraft-01,procurement_required
P12_345_6,G2,B_aircraft,G2-B_aircraft-02,T011,0.0,1944.0244440219892,T008,5.000100000000202,NEW-B_aircraft-02,procurement_required
P12_345_6,G2,B_aircraft,G2-B_aircraft-02,T008,1949.0245440219894,3793.5634341775567,,,NEW-B_aircraft-02,procurement_required
P12_345_6,G2,C_aircraft,G2-C_aircraft-01,T010_2,1434.4262775174655,2867.4613603954576,T018,1206.7320211182523,NEW-C_aircraft-01,procurement_required
P12_345_6,G2,C_aircraft,G2-C_aircraft-01,T018,4074.19338151371,6761.824258884327,,,NEW-C_aircraft-01,procurement_required
P12_345_6,G2,A_batteries,G2-A_batteries-01,T007_HARD,0.0,2761.062337358848,T014_1,1243.0669141885128,A04,existing
P12_345_6,G2,A_batteries,G2-A_batteries-01,T014_1,4004.1292515473606,6815.081680695524,,,A04,existing
P12_345_6,G2,A_batteries,G2-A_batteries-02,T007_SOFT,0.0,2779.9496716386757,T016,1510.6220274329735,A05,existing
P12_345_6,G2,A_batteries,G2-A_batteries-02,T016,4290.571699071649,7122.3061158963155,,,A05,existing
P12_345_6,G2,A_batteries,G2-A_batteries-03,T009,0.0,2194.736329391266,T007,1707.3929221560966,A06,existing
P12_345_6,G2,A_batteries,G2-A_batteries-03,T007,3902.1292515473624,7963.433611739875,,,A06,existing
P12_345_6,G2,A_batteries,G2-A_batteries-04,T020,3922.129251547361,7132.339749211256,,,NEW-A_batteries-01,procurement_required
P12_345_6,G2,B_batteries,G2-B_batteries-01,T002_2,0.0,2956.647180248775,T019_1,2071.9351429260814,B03,existing
P12_345_6,G2,B_batteries,G2-B_batteries-01,T019_1,5028.582323174856,8012.288751525202,,,B03,existing
P12_345_6,G2,B_batteries,G2-B_batteries-02,T011,0.0,3808.1313217671122,,,B04,existing
P12_345_6,G2,B_batteries,G2-B_batteries-03,T015,1505.9694925601793,4516.326993610754,,,NEW-B_batteries-01,procurement_required
P12_345_6,G2,B_batteries,G2-B_batteries-04,T008,1949.0245440219894,5382.225397256939,,,NEW-B_batteries-02,procurement_required
P12_345_6,G2,C_batteries,G2-C_batteries-01,T010_2,1434.4262775174655,4330.702121185847,,,C04,existing
P12_345_6,G2,C_batteries,G2-C_batteries-02,T018,4074.19338151371,9324.985225954879,,,NEW-C_batteries-01,procurement_required
P12_345_6,G2,relay_aircraft,G2-relay_aircraft-01,R004,96.18236555369127,4137.266470460487,,,R02,existing
P12_345_6,G2,relay_aircraft,G2-relay_aircraft-02,R001,190.13731902940862,1999.297638856333,R002,2142.9689317204375,NEW-relay_aircraft-01,procurement_required
P12_345_6,G2,relay_aircraft,G2-relay_aircraft-02,R002,4142.26657057677,7037.879962031191,,,NEW-relay_aircraft-01,procurement_required
P12_345_6,G2,relay_components,G2-relay_components-01,R004,96.18236555369127,4763.024275968738,,,RE02,existing
P12_345_6,G2,relay_components,G2-relay_components-02,R001,190.13731902940862,2344.3073253046314,R002,1797.959245272139,RE03,existing
P12_345_6,G2,relay_components,G2-relay_components-02,R002,4142.26657057677,7517.75318080825,,,RE03,existing
P12_345_6,G3,C_aircraft,G3-C_aircraft-01,T006,5262.790895633526,6542.241766493663,,,NEW-C_aircraft-02,procurement_required
P12_345_6,G3,C_batteries,G3-C_batteries-01,T006,5262.790895633526,7891.7506752339295,,,NEW-C_batteries-02,procurement_required
P126_34_5,G1,A_aircraft,G1-A_aircraft-01,T005,0.0,1312.470877312685,T022,721.6407629225725,U01,existing
P126_34_5,G1,A_aircraft,G1-A_aircraft-01,T022,2034.1116402352575,3725.6461264742065,,,U01,existing
P126_34_5,G1,A_aircraft,G1-A_aircraft-02,T004,2004.1116402352573,4285.571599071649,,,U02,existing
P126_34_5,G1,B_aircraft,G1-B_aircraft-01,T013,3065.5409516878613,5023.582223174855,,,U05,existing
P126_34_5,G1,B_aircraft,G1-B_aircraft-02,T021,3813.1314217671124,5711.172693254107,,,U06,existing
P126_34_5,G1,C_aircraft,G1-C_aircraft-01,T001,0.0,1561.4261775174655,T014_2,1391.1805531482187,U07,existing
P126_34_5,G1,C_aircraft,G1-C_aircraft-01,T014_2,2952.606730665684,5257.790795633526,,,U07,existing
P126_34_5,G1,C_aircraft,G1-C_aircraft-02,T003,0.0,1429.4261775174655,T012,524.6854627177916,U08,existing
P126_34_5,G1,C_aircraft,G1-C_aircraft-02,T012,1954.111640235257,4069.1932815137097,T006,1193.5976141198162,U08,existing
P126_34_5,G1,C_aircraft,G1-C_aircraft-02,T006,5262.790895633526,6542.241766493663,,,U08,existing
P126_34_5,G1,A_batteries,G1-A_batteries-01,T005,0.0,2178.7887122874713,,,A01,existing
P126_34_5,G1,A_batteries,G1-A_batteries-02,T004,2004.1116402352573,5653.515220850031,,,A02,existing
P126_34_5,G1,A_batteries,G1-A_batteries-03,T022,2034.1116402352575,4901.140633153662,,,A03,existing
P126_34_5,G1,B_batteries,G1-B_batteries-01,T013,3065.5409516878613,6982.827850660446,,,B01,existing
P126_34_5,G1,B_batteries,G1-B_batteries-02,T021,3813.1314217671124,7578.354845171716,,,B02,existing
P126_34_5,G1,C_batteries,G1-C_batteries-01,T001,0.0,3150.0928537629516,T006,2112.6980418705743,C01,existing
P126_34_5,G1,C_batteries,G1-C_batteries-01,T006,5262.790895633526,7891.7506752339295,,,C01,existing
P126_34_5,G1,C_batteries,G1-C_batteries-02,T003,0.0,2947.606630665684,T014_2,5.000100000000202,C02,existing
P126_34_5,G1,C_batteries,G1-C_batteries-02,T014_2,2952.606730665684,7764.037455028012,,,C02,existing
P126_34_5,G1,C_batteries,G1-C_batteries-03,T012,1954.111640235257,6561.858998965378,,,C03,existing
P126_34_5,G1,relay_aircraft,G1-relay_aircraft-01,R003,2004.2977388563338,6244.037452916951,,,R01,existing
P126_34_5,G1,relay_components,G1-relay_components-01,R003,2004.2977388563338,6902.075499094418,,,RE01,existing
P126_34_5,G2,A_aircraft,G2-A_aircraft-01,T007_HARD,0.0,1712.4416357195464,T016,2578.1300633521028,U03,existing
P126_34_5,G2,A_aircraft,G2-A_aircraft-01,T016,4290.571699071649,5986.329803740114,,,U03,existing
P126_34_5,G2,A_aircraft,G2-A_aircraft-02,T007_SOFT,0.0,1712.4416357195464,T014_1,2291.687615827814,U04,existing
P126_34_5,G2,A_aircraft,G2-A_aircraft-02,T014_1,4004.1292515473606,5699.887356215825,,,U04,existing
P126_34_5,G2,A_aircraft,G2-A_aircraft-03,T009,0.0,1316.0142144169886,T007,2586.115037130374,NEW-A_aircraft-01,procurement_required
P126_34_5,G2,A_aircraft,G2-A_aircraft-03,T007,3902.1292515473624,6510.170148656284,,,NEW-A_aircraft-01,procurement_required
P126_34_5,G2,A_aircraft,G2-A_aircraft-04,T020,3922.129251547361,5892.33909852418,,,NEW-A_aircraft-02,procurement_required
P126_34_5,G2,B_aircraft,G2-B_aircraft-01,T019_1,5028.582323174856,6547.606667586711,,,NEW-B_aircraft-01,procurement_required
P126_34_5,G2,C_aircraft,G2-C_aircraft-01,T010_2,1434.4262775174655,2867.4613603954576,T018,1206.7320211182523,NEW-C_aircraft-01,procurement_required
P126_34_5,G2,C_aircraft,G2-C_aircraft-01,T018,4074.19338151371,6761.824258884327,,,NEW-C_aircraft-01,procurement_required
P126_34_5,G2,A_batteries,G2-A_batteries-01,T007_HARD,0.0,2761.062337358848,T014_1,1243.0669141885128,A04,existing
P126_34_5,G2,A_batteries,G2-A_batteries-01,T014_1,4004.1292515473606,6815.081680695524,,,A04,existing
P126_34_5,G2,A_batteries,G2-A_batteries-02,T007_SOFT,0.0,2779.9496716386757,T016,1510.6220274329735,A05,existing
P126_34_5,G2,A_batteries,G2-A_batteries-02,T016,4290.571699071649,7122.3061158963155,,,A05,existing
P126_34_5,G2,A_batteries,G2-A_batteries-03,T009,0.0,2194.736329391266,T007,1707.3929221560966,A06,existing
P126_34_5,G2,A_batteries,G2-A_batteries-03,T007,3902.1292515473624,7963.433611739875,,,A06,existing
P126_34_5,G2,A_batteries,G2-A_batteries-04,T020,3922.129251547361,7132.339749211256,,,NEW-A_batteries-01,procurement_required
P126_34_5,G2,B_batteries,G2-B_batteries-01,T019_1,5028.582323174856,8012.288751525202,,,B03,existing
P126_34_5,G2,C_batteries,G2-C_batteries-01,T010_2,1434.4262775174655,4330.702121185847,,,C04,existing
P126_34_5,G2,C_batteries,G2-C_batteries-02,T018,4074.19338151371,9324.985225954879,,,NEW-C_batteries-01,procurement_required
P126_34_5,G2,relay_aircraft,G2-relay_aircraft-01,R001,190.13731902940862,1999.297638856333,R002,2142.9689317204375,R02,existing
P126_34_5,G2,relay_aircraft,G2-relay_aircraft-01,R002,4142.26657057677,7037.879962031191,,,R02,existing
P126_34_5,G2,relay_components,G2-relay_components-01,R001,190.13731902940862,2344.3073253046314,R002,1797.959245272139,RE02,existing
P126_34_5,G2,relay_components,G2-relay_components-01,R002,4142.26657057677,7517.75318080825,,,RE02,existing
P126_34_5,G3,B_aircraft,G3-B_aircraft-01,T002_2,0.0,1500.9693925601796,T015,5.0000999999997475,NEW-B_aircraft-02,procurement_required
P126_34_5,G3,B_aircraft,G3-B_aircraft-01,T015,1505.9694925601793,3060.540851687861,,,NEW-B_aircraft-02,procurement_required
P126_34_5,G3,B_aircraft,G3-B_aircraft-02,T011,0.0,1944.0244440219892,T008,5.000100000000202,NEW-B_aircraft-03,procurement_required
P126_34_5,G3,B_aircraft,G3-B_aircraft-02,T008,1949.0245440219894,3793.5634341775567,,,NEW-B_aircraft-03,procurement_required
P126_34_5,G3,B_batteries,G3-B_batteries-01,T002_2,0.0,2956.647180248775,,,B04,existing
P126_34_5,G3,B_batteries,G3-B_batteries-02,T011,0.0,3808.1313217671122,,,NEW-B_batteries-01,procurement_required
P126_34_5,G3,B_batteries,G3-B_batteries-03,T015,1505.9694925601793,4516.326993610754,,,NEW-B_batteries-02,procurement_required
P126_34_5,G3,B_batteries,G3-B_batteries-04,T008,1949.0245440219894,5382.225397256939,,,NEW-B_batteries-03,procurement_required
P126_34_5,G3,relay_aircraft,G3-relay_aircraft-01,R004,96.18236555369127,4137.266470460487,,,NEW-relay_aircraft-01,procurement_required
P126_34_5,G3,relay_components,G3-relay_components-01,R004,96.18236555369127,4763.024275968738,,,RE03,existing
P12_346_5,G1,A_aircraft,G1-A_aircraft-01,T005,0.0,1312.470877312685,T022,721.6407629225725,U01,existing
P12_346_5,G1,A_aircraft,G1-A_aircraft-01,T022,2034.1116402352575,3725.6461264742065,,,U01,existing
P12_346_5,G1,A_aircraft,G1-A_aircraft-02,T004,2004.1116402352573,4285.571599071649,,,U02,existing
P12_346_5,G1,B_aircraft,G1-B_aircraft-01,T013,3065.5409516878613,5023.582223174855,,,U05,existing
P12_346_5,G1,B_aircraft,G1-B_aircraft-02,T021,3813.1314217671124,5711.172693254107,,,U06,existing
P12_346_5,G1,C_aircraft,G1-C_aircraft-01,T001,0.0,1561.4261775174655,T014_2,1391.1805531482187,U07,existing
P12_346_5,G1,C_aircraft,G1-C_aircraft-01,T014_2,2952.606730665684,5257.790795633526,,,U07,existing
P12_346_5,G1,C_aircraft,G1-C_aircraft-02,T003,0.0,1429.4261775174655,T012,524.6854627177916,U08,existing
P12_346_5,G1,C_aircraft,G1-C_aircraft-02,T012,1954.111640235257,4069.1932815137097,,,U08,existing
P12_346_5,G1,A_batteries,G1-A_batteries-01,T005,0.0,2178.7887122874713,,,A01,existing
P12_346_5,G1,A_batteries,G1-A_batteries-02,T004,2004.1116402352573,5653.515220850031,,,A02,existing
P12_346_5,G1,A_batteries,G1-A_batteries-03,T022,2034.1116402352575,4901.140633153662,,,A03,existing
P12_346_5,G1,B_batteries,G1-B_batteries-01,T013,3065.5409516878613,6982.827850660446,,,B01,existing
P12_346_5,G1,B_batteries,G1-B_batteries-02,T021,3813.1314217671124,7578.354845171716,,,B02,existing
P12_346_5,G1,C_batteries,G1-C_batteries-01,T001,0.0,3150.0928537629516,,,C01,existing
P12_346_5,G1,C_batteries,G1-C_batteries-02,T003,0.0,2947.606630665684,T014_2,5.000100000000202,C02,existing
P12_346_5,G1,C_batteries,G1-C_batteries-02,T014_2,2952.606730665684,7764.037455028012,,,C02,existing
P12_346_5,G1,C_batteries,G1-C_batteries-03,T012,1954.111640235257,6561.858998965378,,,C03,existing
P12_346_5,G1,relay_aircraft,G1-relay_aircraft-01,R003,2004.2977388563338,6244.037452916951,,,R01,existing
P12_346_5,G1,relay_components,G1-relay_components-01,R003,2004.2977388563338,6902.075499094418,,,RE01,existing
P12_346_5,G2,A_aircraft,G2-A_aircraft-01,T007_HARD,0.0,1712.4416357195464,T016,2578.1300633521028,U03,existing
P12_346_5,G2,A_aircraft,G2-A_aircraft-01,T016,4290.571699071649,5986.329803740114,,,U03,existing
P12_346_5,G2,A_aircraft,G2-A_aircraft-02,T007_SOFT,0.0,1712.4416357195464,T014_1,2291.687615827814,U04,existing
P12_346_5,G2,A_aircraft,G2-A_aircraft-02,T014_1,4004.1292515473606,5699.887356215825,,,U04,existing
P12_346_5,G2,A_aircraft,G2-A_aircraft-03,T009,0.0,1316.0142144169886,T007,2586.115037130374,NEW-A_aircraft-01,procurement_required
P12_346_5,G2,A_aircraft,G2-A_aircraft-03,T007,3902.1292515473624,6510.170148656284,,,NEW-A_aircraft-01,procurement_required
P12_346_5,G2,A_aircraft,G2-A_aircraft-04,T020,3922.129251547361,5892.33909852418,,,NEW-A_aircraft-02,procurement_required
P12_346_5,G2,B_aircraft,G2-B_aircraft-01,T019_1,5028.582323174856,6547.606667586711,,,NEW-B_aircraft-01,procurement_required
P12_346_5,G2,C_aircraft,G2-C_aircraft-01,T010_2,1434.4262775174655,2867.4613603954576,T006,2395.3295352380683,NEW-C_aircraft-01,procurement_required
P12_346_5,G2,C_aircraft,G2-C_aircraft-01,T006,5262.790895633526,6542.241766493663,,,NEW-C_aircraft-01,procurement_required
P12_346_5,G2,C_aircraft,G2-C_aircraft-02,T018,4074.19338151371,6761.824258884327,,,NEW-C_aircraft-02,procurement_required
P12_346_5,G2,A_batteries,G2-A_batteries-01,T007_HARD,0.0,2761.062337358848,T014_1,1243.0669141885128,A04,existing
P12_346_5,G2,A_batteries,G2-A_batteries-01,T014_1,4004.1292515473606,6815.081680695524,,,A04,existing
P12_346_5,G2,A_batteries,G2-A_batteries-02,T007_SOFT,0.0,2779.9496716386757,T016,1510.6220274329735,A05,existing
P12_346_5,G2,A_batteries,G2-A_batteries-02,T016,4290.571699071649,7122.3061158963155,,,A05,existing
P12_346_5,G2,A_batteries,G2-A_batteries-03,T009,0.0,2194.736329391266,T007,1707.3929221560966,A06,existing
P12_346_5,G2,A_batteries,G2-A_batteries-03,T007,3902.1292515473624,7963.433611739875,,,A06,existing
P12_346_5,G2,A_batteries,G2-A_batteries-04,T020,3922.129251547361,7132.339749211256,,,NEW-A_batteries-01,procurement_required
P12_346_5,G2,B_batteries,G2-B_batteries-01,T019_1,5028.582323174856,8012.288751525202,,,B03,existing
P12_346_5,G2,C_batteries,G2-C_batteries-01,T010_2,1434.4262775174655,4330.702121185847,T006,932.0887744476786,C04,existing
P12_346_5,G2,C_batteries,G2-C_batteries-01,T006,5262.790895633526,7891.7506752339295,,,C04,existing
P12_346_5,G2,C_batteries,G2-C_batteries-02,T018,4074.19338151371,9324.985225954879,,,NEW-C_batteries-01,procurement_required
P12_346_5,G2,relay_aircraft,G2-relay_aircraft-01,R001,190.13731902940862,1999.297638856333,R002,2142.9689317204375,R02,existing
P12_346_5,G2,relay_aircraft,G2-relay_aircraft-01,R002,4142.26657057677,7037.879962031191,,,R02,existing
P12_346_5,G2,relay_components,G2-relay_components-01,R001,190.13731902940862,2344.3073253046314,R002,1797.959245272139,RE02,existing
P12_346_5,G2,relay_components,G2-relay_components-01,R002,4142.26657057677,7517.75318080825,,,RE02,existing
P12_346_5,G3,B_aircraft,G3-B_aircraft-01,T002_2,0.0,1500.9693925601796,T015,5.0000999999997475,NEW-B_aircraft-02,procurement_required
P12_346_5,G3,B_aircraft,G3-B_aircraft-01,T015,1505.9694925601793,3060.540851687861,,,NEW-B_aircraft-02,procurement_required
P12_346_5,G3,B_aircraft,G3-B_aircraft-02,T011,0.0,1944.0244440219892,T008,5.000100000000202,NEW-B_aircraft-03,procurement_required
P12_346_5,G3,B_aircraft,G3-B_aircraft-02,T008,1949.0245440219894,3793.5634341775567,,,NEW-B_aircraft-03,procurement_required
P12_346_5,G3,B_batteries,G3-B_batteries-01,T002_2,0.0,2956.647180248775,,,B04,existing
P12_346_5,G3,B_batteries,G3-B_batteries-02,T011,0.0,3808.1313217671122,,,NEW-B_batteries-01,procurement_required
P12_346_5,G3,B_batteries,G3-B_batteries-03,T015,1505.9694925601793,4516.326993610754,,,NEW-B_batteries-02,procurement_required
P12_346_5,G3,B_batteries,G3-B_batteries-04,T008,1949.0245440219894,5382.225397256939,,,NEW-B_batteries-03,procurement_required
P12_346_5,G3,relay_aircraft,G3-relay_aircraft-01,R004,96.18236555369127,4137.266470460487,,,NEW-relay_aircraft-01,procurement_required
P12_346_5,G3,relay_components,G3-relay_components-01,R004,96.18236555369127,4763.024275968738,,,RE03,existing
P12_34_56,G1,A_aircraft,G1-A_aircraft-01,T005,0.0,1312.470877312685,T022,721.6407629225725,U01,existing
P12_34_56,G1,A_aircraft,G1-A_aircraft-01,T022,2034.1116402352575,3725.6461264742065,,,U01,existing
P12_34_56,G1,A_aircraft,G1-A_aircraft-02,T004,2004.1116402352573,4285.571599071649,,,U02,existing
P12_34_56,G1,B_aircraft,G1-B_aircraft-01,T013,3065.5409516878613,5023.582223174855,,,U05,existing
P12_34_56,G1,B_aircraft,G1-B_aircraft-02,T021,3813.1314217671124,5711.172693254107,,,U06,existing
P12_34_56,G1,C_aircraft,G1-C_aircraft-01,T001,0.0,1561.4261775174655,T014_2,1391.1805531482187,U07,existing
P12_34_56,G1,C_aircraft,G1-C_aircraft-01,T014_2,2952.606730665684,5257.790795633526,,,U07,existing
P12_34_56,G1,C_aircraft,G1-C_aircraft-02,T003,0.0,1429.4261775174655,T012,524.6854627177916,U08,existing
P12_34_56,G1,C_aircraft,G1-C_aircraft-02,T012,1954.111640235257,4069.1932815137097,,,U08,existing
P12_34_56,G1,A_batteries,G1-A_batteries-01,T005,0.0,2178.7887122874713,,,A01,existing
P12_34_56,G1,A_batteries,G1-A_batteries-02,T004,2004.1116402352573,5653.515220850031,,,A02,existing
P12_34_56,G1,A_batteries,G1-A_batteries-03,T022,2034.1116402352575,4901.140633153662,,,A03,existing
P12_34_56,G1,B_batteries,G1-B_batteries-01,T013,3065.5409516878613,6982.827850660446,,,B01,existing
P12_34_56,G1,B_batteries,G1-B_batteries-02,T021,3813.1314217671124,7578.354845171716,,,B02,existing
P12_34_56,G1,C_batteries,G1-C_batteries-01,T001,0.0,3150.0928537629516,,,C01,existing
P12_34_56,G1,C_batteries,G1-C_batteries-02,T003,0.0,2947.606630665684,T014_2,5.000100000000202,C02,existing
P12_34_56,G1,C_batteries,G1-C_batteries-02,T014_2,2952.606730665684,7764.037455028012,,,C02,existing
P12_34_56,G1,C_batteries,G1-C_batteries-03,T012,1954.111640235257,6561.858998965378,,,C03,existing
P12_34_56,G1,relay_aircraft,G1-relay_aircraft-01,R003,2004.2977388563338,6244.037452916951,,,R01,existing
P12_34_56,G1,relay_components,G1-relay_components-01,R003,2004.2977388563338,6902.075499094418,,,RE01,existing
P12_34_56,G2,A_aircraft,G2-A_aircraft-01,T007_HARD,0.0,1712.4416357195464,T016,2578.1300633521028,U03,existing
P12_34_56,G2,A_aircraft,G2-A_aircraft-01,T016,4290.571699071649,5986.329803740114,,,U03,existing
P12_34_56,G2,A_aircraft,G2-A_aircraft-02,T007_SOFT,0.0,1712.4416357195464,T014_1,2291.687615827814,U04,existing
P12_34_56,G2,A_aircraft,G2-A_aircraft-02,T014_1,4004.1292515473606,5699.887356215825,,,U04,existing
P12_34_56,G2,A_aircraft,G2-A_aircraft-03,T009,0.0,1316.0142144169886,T007,2586.115037130374,NEW-A_aircraft-01,procurement_required
P12_34_56,G2,A_aircraft,G2-A_aircraft-03,T007,3902.1292515473624,6510.170148656284,,,NEW-A_aircraft-01,procurement_required
P12_34_56,G2,A_aircraft,G2-A_aircraft-04,T020,3922.129251547361,5892.33909852418,,,NEW-A_aircraft-02,procurement_required
P12_34_56,G2,B_aircraft,G2-B_aircraft-01,T019_1,5028.582323174856,6547.606667586711,,,NEW-B_aircraft-01,procurement_required
P12_34_56,G2,C_aircraft,G2-C_aircraft-01,T010_2,1434.4262775174655,2867.4613603954576,T018,1206.7320211182523,NEW-C_aircraft-01,procurement_required
P12_34_56,G2,C_aircraft,G2-C_aircraft-01,T018,4074.19338151371,6761.824258884327,,,NEW-C_aircraft-01,procurement_required
P12_34_56,G2,A_batteries,G2-A_batteries-01,T007_HARD,0.0,2761.062337358848,T014_1,1243.0669141885128,A04,existing
P12_34_56,G2,A_batteries,G2-A_batteries-01,T014_1,4004.1292515473606,6815.081680695524,,,A04,existing
P12_34_56,G2,A_batteries,G2-A_batteries-02,T007_SOFT,0.0,2779.9496716386757,T016,1510.6220274329735,A05,existing
P12_34_56,G2,A_batteries,G2-A_batteries-02,T016,4290.571699071649,7122.3061158963155,,,A05,existing
P12_34_56,G2,A_batteries,G2-A_batteries-03,T009,0.0,2194.736329391266,T007,1707.3929221560966,A06,existing
P12_34_56,G2,A_batteries,G2-A_batteries-03,T007,3902.1292515473624,7963.433611739875,,,A06,existing
P12_34_56,G2,A_batteries,G2-A_batteries-04,T020,3922.129251547361,7132.339749211256,,,NEW-A_batteries-01,procurement_required
P12_34_56,G2,B_batteries,G2-B_batteries-01,T019_1,5028.582323174856,8012.288751525202,,,B03,existing
P12_34_56,G2,C_batteries,G2-C_batteries-01,T010_2,1434.4262775174655,4330.702121185847,,,C04,existing
P12_34_56,G2,C_batteries,G2-C_batteries-02,T018,4074.19338151371,9324.985225954879,,,NEW-C_batteries-01,procurement_required
P12_34_56,G2,relay_aircraft,G2-relay_aircraft-01,R001,190.13731902940862,1999.297638856333,R002,2142.9689317204375,R02,existing
P12_34_56,G2,relay_aircraft,G2-relay_aircraft-01,R002,4142.26657057677,7037.879962031191,,,R02,existing
P12_34_56,G2,relay_components,G2-relay_components-01,R001,190.13731902940862,2344.3073253046314,R002,1797.959245272139,RE02,existing
P12_34_56,G2,relay_components,G2-relay_components-01,R002,4142.26657057677,7517.75318080825,,,RE02,existing
P12_34_56,G3,B_aircraft,G3-B_aircraft-01,T002_2,0.0,1500.9693925601796,T015,5.0000999999997475,NEW-B_aircraft-02,procurement_required
P12_34_56,G3,B_aircraft,G3-B_aircraft-01,T015,1505.9694925601793,3060.540851687861,,,NEW-B_aircraft-02,procurement_required
P12_34_56,G3,B_aircraft,G3-B_aircraft-02,T011,0.0,1944.0244440219892,T008,5.000100000000202,NEW-B_aircraft-03,procurement_required
P12_34_56,G3,B_aircraft,G3-B_aircraft-02,T008,1949.0245440219894,3793.5634341775567,,,NEW-B_aircraft-03,procurement_required
P12_34_56,G3,C_aircraft,G3-C_aircraft-01,T006,5262.790895633526,6542.241766493663,,,NEW-C_aircraft-02,procurement_required
P12_34_56,G3,B_batteries,G3-B_batteries-01,T002_2,0.0,2956.647180248775,,,B04,existing
P12_34_56,G3,B_batteries,G3-B_batteries-02,T011,0.0,3808.1313217671122,,,NEW-B_batteries-01,procurement_required
P12_34_56,G3,B_batteries,G3-B_batteries-03,T015,1505.9694925601793,4516.326993610754,,,NEW-B_batteries-02,procurement_required
P12_34_56,G3,B_batteries,G3-B_batteries-04,T008,1949.0245440219894,5382.225397256939,,,NEW-B_batteries-03,procurement_required
P12_34_56,G3,C_batteries,G3-C_batteries-01,T006,5262.790895633526,7891.7506752339295,,,NEW-C_batteries-02,procurement_required
P12_34_56,G3,relay_aircraft,G3-relay_aircraft-01,R004,96.18236555369127,4137.266470460487,,,NEW-relay_aircraft-01,procurement_required
P12_34_56,G3,relay_components,G3-relay_components-01,R004,96.18236555369127,4763.024275968738,,,RE03,existing
P1256_3_4,G1,A_aircraft,G1-A_aircraft-01,T005,0.0,1312.470877312685,T022,721.6407629225725,U01,existing
P1256_3_4,G1,A_aircraft,G1-A_aircraft-01,T022,2034.1116402352575,3725.6461264742065,,,U01,existing
P1256_3_4,G1,A_aircraft,G1-A_aircraft-02,T004,2004.1116402352573,4285.571599071649,,,U02,existing
P1256_3_4,G1,B_aircraft,G1-B_aircraft-01,T002_2,0.0,1500.9693925601796,T015,5.0000999999997475,U05,existing
P1256_3_4,G1,B_aircraft,G1-B_aircraft-01,T015,1505.9694925601793,3060.540851687861,T013,5.000100000000202,U05,existing
P1256_3_4,G1,B_aircraft,G1-B_aircraft-01,T013,3065.5409516878613,5023.582223174855,,,U05,existing
P1256_3_4,G1,B_aircraft,G1-B_aircraft-02,T011,0.0,1944.0244440219892,T008,5.000100000000202,U06,existing
P1256_3_4,G1,B_aircraft,G1-B_aircraft-02,T008,1949.0245440219894,3793.5634341775567,T021,19.56798758955574,U06,existing
P1256_3_4,G1,B_aircraft,G1-B_aircraft-02,T021,3813.1314217671124,5711.172693254107,,,U06,existing
P1256_3_4,G1,C_aircraft,G1-C_aircraft-01,T001,0.0,1561.4261775174655,T014_2,1391.1805531482187,U07,existing
P1256_3_4,G1,C_aircraft,G1-C_aircraft-01,T014_2,2952.606730665684,5257.790795633526,,,U07,existing
P1256_3_4,G1,C_aircraft,G1-C_aircraft-02,T003,0.0,1429.4261775174655,T012,524.6854627177916,U08,existing
P1256_3_4,G1,C_aircraft,G1-C_aircraft-02,T012,1954.111640235257,4069.1932815137097,T006,1193.5976141198162,U08,existing
P1256_3_4,G1,C_aircraft,G1-C_aircraft-02,T006,5262.790895633526,6542.241766493663,,,U08,existing
P1256_3_4,G1,A_batteries,G1-A_batteries-01,T005,0.0,2178.7887122874713,,,A01,existing
P1256_3_4,G1,A_batteries,G1-A_batteries-02,T004,2004.1116402352573,5653.515220850031,,,A02,existing
P1256_3_4,G1,A_batteries,G1-A_batteries-03,T022,2034.1116402352575,4901.140633153662,,,A03,existing
P1256_3_4,G1,B_batteries,G1-B_batteries-01,T002_2,0.0,2956.647180248775,T013,108.89377143908632,B01,existing
P1256_3_4,G1,B_batteries,G1-B_batteries-01,T013,3065.5409516878613,6982.827850660446,,,B01,existing
P1256_3_4,G1,B_batteries,G1-B_batteries-02,T011,0.0,3808.1313217671122,T021,5.000100000000202,B02,existing
P1256_3_4,G1,B_batteries,G1-B_batteries-02,T021,3813.1314217671124,7578.354845171716,,,B02,existing
P1256_3_4,G1,B_batteries,G1-B_batteries-03,T015,1505.9694925601793,4516.326993610754,,,B03,existing
P1256_3_4,G1,B_batteries,G1-B_batteries-04,T008,1949.0245440219894,5382.225397256939,,,B04,existing
P1256_3_4,G1,C_batteries,G1-C_batteries-01,T001,0.0,3150.0928537629516,T006,2112.6980418705743,C01,existing
P1256_3_4,G1,C_batteries,G1-C_batteries-01,T006,5262.790895633526,7891.7506752339295,,,C01,existing
P1256_3_4,G1,C_batteries,G1-C_batteries-02,T003,0.0,2947.606630665684,T014_2,5.000100000000202,C02,existing
P1256_3_4,G1,C_batteries,G1-C_batteries-02,T014_2,2952.606730665684,7764.037455028012,,,C02,existing
P1256_3_4,G1,C_batteries,G1-C_batteries-03,T012,1954.111640235257,6561.858998965378,,,C03,existing
P1256_3_4,G1,relay_aircraft,G1-relay_aircraft-01,R004,96.18236555369127,4137.266470460487,,,R01,existing
P1256_3_4,G1,relay_aircraft,G1-relay_aircraft-02,R003,2004.2977388563338,6244.037452916951,,,R02,existing
P1256_3_4,G1,relay_components,G1-relay_components-01,R004,96.18236555369127,4763.024275968738,,,RE01,existing
P1256_3_4,G1,relay_components,G1-relay_components-02,R003,2004.2977388563338,6902.075499094418,,,RE02,existing
P1256_3_4,G2,A_aircraft,G2-A_aircraft-01,T007_HARD,0.0,1712.4416357195464,T016,2578.1300633521028,U03,existing
P1256_3_4,G2,A_aircraft,G2-A_aircraft-01,T016,4290.571699071649,5986.329803740114,,,U03,existing
P1256_3_4,G2,A_aircraft,G2-A_aircraft-02,T007_SOFT,0.0,1712.4416357195464,T014_1,2291.687615827814,U04,existing
P1256_3_4,G2,A_aircraft,G2-A_aircraft-02,T014_1,4004.1292515473606,5699.887356215825,,,U04,existing
P1256_3_4,G2,A_aircraft,G2-A_aircraft-03,T007,3902.1292515473624,6510.170148656284,,,NEW-A_aircraft-01,procurement_required
P1256_3_4,G2,A_aircraft,G2-A_aircraft-04,T020,3922.129251547361,5892.33909852418,,,NEW-A_aircraft-02,procurement_required
P1256_3_4,G2,B_aircraft,G2-B_aircraft-01,T019_1,5028.582323174856,6547.606667586711,,,NEW-B_aircraft-01,procurement_required
P1256_3_4,G2,C_aircraft,G2-C_aircraft-01,T018,4074.19338151371,6761.824258884327,,,NEW-C_aircraft-01,procurement_required
P1256_3_4,G2,A_batteries,G2-A_batteries-01,T007_HARD,0.0,2761.062337358848,T014_1,1243.0669141885128,A04,existing
P1256_3_4,G2,A_batteries,G2-A_batteries-01,T014_1,4004.1292515473606,6815.081680695524,,,A04,existing
P1256_3_4,G2,A_batteries,G2-A_batteries-02,T007_SOFT,0.0,2779.9496716386757,T016,1510.6220274329735,A05,existing
P1256_3_4,G2,A_batteries,G2-A_batteries-02,T016,4290.571699071649,7122.3061158963155,,,A05,existing
P1256_3_4,G2,A_batteries,G2-A_batteries-03,T007,3902.1292515473624,7963.433611739875,,,A06,existing
P1256_3_4,G2,A_batteries,G2-A_batteries-04,T020,3922.129251547361,7132.339749211256,,,NEW-A_batteries-01,procurement_required
P1256_3_4,G2,B_batteries,G2-B_batteries-01,T019_1,5028.582323174856,8012.288751525202,,,NEW-B_batteries-01,procurement_required
P1256_3_4,G2,C_batteries,G2-C_batteries-01,T018,4074.19338151371,9324.985225954879,,,C04,existing
P1256_3_4,G2,relay_aircraft,G2-relay_aircraft-01,R001,190.13731902940862,1999.297638856333,R002,2142.9689317204375,NEW-relay_aircraft-01,procurement_required
P1256_3_4,G2,relay_aircraft,G2-relay_aircraft-01,R002,4142.26657057677,7037.879962031191,,,NEW-relay_aircraft-01,procurement_required
P1256_3_4,G2,relay_components,G2-relay_components-01,R001,190.13731902940862,2344.3073253046314,R002,1797.959245272139,RE03,existing
P1256_3_4,G2,relay_components,G2-relay_components-01,R002,4142.26657057677,7517.75318080825,,,RE03,existing
P1256_3_4,G3,A_aircraft,G3-A_aircraft-01,T009,0.0,1316.0142144169886,,,NEW-A_aircraft-03,procurement_required
P1256_3_4,G3,C_aircraft,G3-C_aircraft-01,T010_2,1434.4262775174655,2867.4613603954576,,,NEW-C_aircraft-02,procurement_required
P1256_3_4,G3,A_batteries,G3-A_batteries-01,T009,0.0,2194.736329391266,,,NEW-A_batteries-02,procurement_required
P1256_3_4,G3,C_batteries,G3-C_batteries-01,T010_2,1434.4262775174655,4330.702121185847,,,NEW-C_batteries-01,procurement_required
P125_36_4,G1,A_aircraft,G1-A_aircraft-01,T005,0.0,1312.470877312685,T022,721.6407629225725,U01,existing
P125_36_4,G1,A_aircraft,G1-A_aircraft-01,T022,2034.1116402352575,3725.6461264742065,,,U01,existing
P125_36_4,G1,A_aircraft,G1-A_aircraft-02,T004,2004.1116402352573,4285.571599071649,,,U02,existing
P125_36_4,G1,B_aircraft,G1-B_aircraft-01,T002_2,0.0,1500.9693925601796,T015,5.0000999999997475,U05,existing
P125_36_4,G1,B_aircraft,G1-B_aircraft-01,T015,1505.9694925601793,3060.540851687861,T013,5.000100000000202,U05,existing
P125_36_4,G1,B_aircraft,G1-B_aircraft-01,T013,3065.5409516878613,5023.582223174855,,,U05,existing
P125_36_4,G1,B_aircraft,G1-B_aircraft-02,T011,0.0,1944.0244440219892,T008,5.000100000000202,U06,existing
P125_36_4,G1,B_aircraft,G1-B_aircraft-02,T008,1949.0245440219894,3793.5634341775567,T021,19.56798758955574,U06,existing
P125_36_4,G1,B_aircraft,G1-B_aircraft-02,T021,3813.1314217671124,5711.172693254107,,,U06,existing
P125_36_4,G1,C_aircraft,G1-C_aircraft-01,T001,0.0,1561.4261775174655,T014_2,1391.1805531482187,U07,existing
P125_36_4,G1,C_aircraft,G1-C_aircraft-01,T014_2,2952.606730665684,5257.790795633526,,,U07,existing
P125_36_4,G1,C_aircraft,G1-C_aircraft-02,T003,0.0,1429.4261775174655,T012,524.6854627177916,U08,existing
P125_36_4,G1,C_aircraft,G1-C_aircraft-02,T012,1954.111640235257,4069.1932815137097,,,U08,existing
P125_36_4,G1,A_batteries,G1-A_batteries-01,T005,0.0,2178.7887122874713,,,A01,existing
P125_36_4,G1,A_batteries,G1-A_batteries-02,T004,2004.1116402352573,5653.515220850031,,,A02,existing
P125_36_4,G1,A_batteries,G1-A_batteries-03,T022,2034.1116402352575,4901.140633153662,,,A03,existing
P125_36_4,G1,B_batteries,G1-B_batteries-01,T002_2,0.0,2956.647180248775,T013,108.89377143908632,B01,existing
P125_36_4,G1,B_batteries,G1-B_batteries-01,T013,3065.5409516878613,6982.827850660446,,,B01,existing
P125_36_4,G1,B_batteries,G1-B_batteries-02,T011,0.0,3808.1313217671122,T021,5.000100000000202,B02,existing
P125_36_4,G1,B_batteries,G1-B_batteries-02,T021,3813.1314217671124,7578.354845171716,,,B02,existing
P125_36_4,G1,B_batteries,G1-B_batteries-03,T015,1505.9694925601793,4516.326993610754,,,B03,existing
P125_36_4,G1,B_batteries,G1-B_batteries-04,T008,1949.0245440219894,5382.225397256939,,,B04,existing
P125_36_4,G1,C_batteries,G1-C_batteries-01,T001,0.0,3150.0928537629516,,,C01,existing
P125_36_4,G1,C_batteries,G1-C_batteries-02,T003,0.0,2947.606630665684,T014_2,5.000100000000202,C02,existing
P125_36_4,G1,C_batteries,G1-C_batteries-02,T014_2,2952.606730665684,7764.037455028012,,,C02,existing
P125_36_4,G1,C_batteries,G1-C_batteries-03,T012,1954.111640235257,6561.858998965378,,,C03,existing
P125_36_4,G1,relay_aircraft,G1-relay_aircraft-01,R004,96.18236555369127,4137.266470460487,,,R01,existing
P125_36_4,G1,relay_aircraft,G1-relay_aircraft-02,R003,2004.2977388563338,6244.037452916951,,,R02,existing
P125_36_4,G1,relay_components,G1-relay_components-01,R004,96.18236555369127,4763.024275968738,,,RE01,existing
P125_36_4,G1,relay_components,G1-relay_components-02,R003,2004.2977388563338,6902.075499094418,,,RE02,existing
P125_36_4,G2,A_aircraft,G2-A_aircraft-01,T007_HARD,0.0,1712.4416357195464,T016,2578.1300633521028,U03,existing
P125_36_4,G2,A_aircraft,G2-A_aircraft-01,T016,4290.571699071649,5986.329803740114,,,U03,existing
P125_36_4,G2,A_aircraft,G2-A_aircraft-02,T007_SOFT,0.0,1712.4416357195464,T014_1,2291.687615827814,U04,existing
P125_36_4,G2,A_aircraft,G2-A_aircraft-02,T014_1,4004.1292515473606,5699.887356215825,,,U04,existing
P125_36_4,G2,A_aircraft,G2-A_aircraft-03,T007,3902.1292515473624,6510.170148656284,,,NEW-A_aircraft-01,procurement_required
P125_36_4,G2,A_aircraft,G2-A_aircraft-04,T020,3922.129251547361,5892.33909852418,,,NEW-A_aircraft-02,procurement_required
P125_36_4,G2,B_aircraft,G2-B_aircraft-01,T019_1,5028.582323174856,6547.606667586711,,,NEW-B_aircraft-01,procurement_required
P125_36_4,G2,C_aircraft,G2-C_aircraft-01,T018,4074.19338151371,6761.824258884327,,,NEW-C_aircraft-01,procurement_required
P125_36_4,G2,C_aircraft,G2-C_aircraft-02,T006,5262.790895633526,6542.241766493663,,,NEW-C_aircraft-02,procurement_required
P125_36_4,G2,A_batteries,G2-A_batteries-01,T007_HARD,0.0,2761.062337358848,T014_1,1243.0669141885128,A04,existing
P125_36_4,G2,A_batteries,G2-A_batteries-01,T014_1,4004.1292515473606,6815.081680695524,,,A04,existing
P125_36_4,G2,A_batteries,G2-A_batteries-02,T007_SOFT,0.0,2779.9496716386757,T016,1510.6220274329735,A05,existing
P125_36_4,G2,A_batteries,G2-A_batteries-02,T016,4290.571699071649,7122.3061158963155,,,A05,existing
P125_36_4,G2,A_batteries,G2-A_batteries-03,T007,3902.1292515473624,7963.433611739875,,,A06,existing
P125_36_4,G2,A_batteries,G2-A_batteries-04,T020,3922.129251547361,7132.339749211256,,,NEW-A_batteries-01,procurement_required
P125_36_4,G2,B_batteries,G2-B_batteries-01,T019_1,5028.582323174856,8012.288751525202,,,NEW-B_batteries-01,procurement_required
P125_36_4,G2,C_batteries,G2-C_batteries-01,T018,4074.19338151371,9324.985225954879,,,C04,existing
P125_36_4,G2,C_batteries,G2-C_batteries-02,T006,5262.790895633526,7891.7506752339295,,,NEW-C_batteries-01,procurement_required
P125_36_4,G2,relay_aircraft,G2-relay_aircraft-01,R001,190.13731902940862,1999.297638856333,R002,2142.9689317204375,NEW-relay_aircraft-01,procurement_required
P125_36_4,G2,relay_aircraft,G2-relay_aircraft-01,R002,4142.26657057677,7037.879962031191,,,NEW-relay_aircraft-01,procurement_required
P125_36_4,G2,relay_components,G2-relay_components-01,R001,190.13731902940862,2344.3073253046314,R002,1797.959245272139,RE03,existing
P125_36_4,G2,relay_components,G2-relay_components-01,R002,4142.26657057677,7517.75318080825,,,RE03,existing
P125_36_4,G3,A_aircraft,G3-A_aircraft-01,T009,0.0,1316.0142144169886,,,NEW-A_aircraft-03,procurement_required
P125_36_4,G3,C_aircraft,G3-C_aircraft-01,T010_2,1434.4262775174655,2867.4613603954576,,,NEW-C_aircraft-03,procurement_required
P125_36_4,G3,A_batteries,G3-A_batteries-01,T009,0.0,2194.736329391266,,,NEW-A_batteries-02,procurement_required
P125_36_4,G3,C_batteries,G3-C_batteries-01,T010_2,1434.4262775174655,4330.702121185847,,,NEW-C_batteries-02,procurement_required
P125_3_46,G1,A_aircraft,G1-A_aircraft-01,T005,0.0,1312.470877312685,T022,721.6407629225725,U01,existing
P125_3_46,G1,A_aircraft,G1-A_aircraft-01,T022,2034.1116402352575,3725.6461264742065,,,U01,existing
P125_3_46,G1,A_aircraft,G1-A_aircraft-02,T004,2004.1116402352573,4285.571599071649,,,U02,existing
P125_3_46,G1,B_aircraft,G1-B_aircraft-01,T002_2,0.0,1500.9693925601796,T015,5.0000999999997475,U05,existing
P125_3_46,G1,B_aircraft,G1-B_aircraft-01,T015,1505.9694925601793,3060.540851687861,T013,5.000100000000202,U05,existing
P125_3_46,G1,B_aircraft,G1-B_aircraft-01,T013,3065.5409516878613,5023.582223174855,,,U05,existing
P125_3_46,G1,B_aircraft,G1-B_aircraft-02,T011,0.0,1944.0244440219892,T008,5.000100000000202,U06,existing
P125_3_46,G1,B_aircraft,G1-B_aircraft-02,T008,1949.0245440219894,3793.5634341775567,T021,19.56798758955574,U06,existing
P125_3_46,G1,B_aircraft,G1-B_aircraft-02,T021,3813.1314217671124,5711.172693254107,,,U06,existing
P125_3_46,G1,C_aircraft,G1-C_aircraft-01,T001,0.0,1561.4261775174655,T014_2,1391.1805531482187,U07,existing
P125_3_46,G1,C_aircraft,G1-C_aircraft-01,T014_2,2952.606730665684,5257.790795633526,,,U07,existing
P125_3_46,G1,C_aircraft,G1-C_aircraft-02,T003,0.0,1429.4261775174655,T012,524.6854627177916,U08,existing
P125_3_46,G1,C_aircraft,G1-C_aircraft-02,T012,1954.111640235257,4069.1932815137097,,,U08,existing
P125_3_46,G1,A_batteries,G1-A_batteries-01,T005,0.0,2178.7887122874713,,,A01,existing
P125_3_46,G1,A_batteries,G1-A_batteries-02,T004,2004.1116402352573,5653.515220850031,,,A02,existing
P125_3_46,G1,A_batteries,G1-A_batteries-03,T022,2034.1116402352575,4901.140633153662,,,A03,existing
P125_3_46,G1,B_batteries,G1-B_batteries-01,T002_2,0.0,2956.647180248775,T013,108.89377143908632,B01,existing
P125_3_46,G1,B_batteries,G1-B_batteries-01,T013,3065.5409516878613,6982.827850660446,,,B01,existing
P125_3_46,G1,B_batteries,G1-B_batteries-02,T011,0.0,3808.1313217671122,T021,5.000100000000202,B02,existing
P125_3_46,G1,B_batteries,G1-B_batteries-02,T021,3813.1314217671124,7578.354845171716,,,B02,existing
P125_3_46,G1,B_batteries,G1-B_batteries-03,T015,1505.9694925601793,4516.326993610754,,,B03,existing
P125_3_46,G1,B_batteries,G1-B_batteries-04,T008,1949.0245440219894,5382.225397256939,,,B04,existing
P125_3_46,G1,C_batteries,G1-C_batteries-01,T001,0.0,3150.0928537629516,,,C01,existing
P125_3_46,G1,C_batteries,G1-C_batteries-02,T003,0.0,2947.606630665684,T014_2,5.000100000000202,C02,existing
P125_3_46,G1,C_batteries,G1-C_batteries-02,T014_2,2952.606730665684,7764.037455028012,,,C02,existing
P125_3_46,G1,C_batteries,G1-C_batteries-03,T012,1954.111640235257,6561.858998965378,,,C03,existing
P125_3_46,G1,relay_aircraft,G1-relay_aircraft-01,R004,96.18236555369127,4137.266470460487,,,R01,existing
P125_3_46,G1,relay_aircraft,G1-relay_aircraft-02,R003,2004.2977388563338,6244.037452916951,,,R02,existing
P125_3_46,G1,relay_components,G1-relay_components-01,R004,96.18236555369127,4763.024275968738,,,RE01,existing
P125_3_46,G1,relay_components,G1-relay_components-02,R003,2004.2977388563338,6902.075499094418,,,RE02,existing
P125_3_46,G2,A_aircraft,G2-A_aircraft-01,T007_HARD,0.0,1712.4416357195464,T016,2578.1300633521028,U03,existing
P125_3_46,G2,A_aircraft,G2-A_aircraft-01,T016,4290.571699071649,5986.329803740114,,,U03,existing
P125_3_46,G2,A_aircraft,G2-A_aircraft-02,T007_SOFT,0.0,1712.4416357195464,T014_1,2291.687615827814,U04,existing
P125_3_46,G2,A_aircraft,G2-A_aircraft-02,T014_1,4004.1292515473606,5699.887356215825,,,U04,existing
P125_3_46,G2,A_aircraft,G2-A_aircraft-03,T007,3902.1292515473624,6510.170148656284,,,NEW-A_aircraft-01,procurement_required
P125_3_46,G2,A_aircraft,G2-A_aircraft-04,T020,3922.129251547361,5892.33909852418,,,NEW-A_aircraft-02,procurement_required
P125_3_46,G2,B_aircraft,G2-B_aircraft-01,T019_1,5028.582323174856,6547.606667586711,,,NEW-B_aircraft-01,procurement_required
P125_3_46,G2,C_aircraft,G2-C_aircraft-01,T018,4074.19338151371,6761.824258884327,,,NEW-C_aircraft-01,procurement_required
P125_3_46,G2,A_batteries,G2-A_batteries-01,T007_HARD,0.0,2761.062337358848,T014_1,1243.0669141885128,A04,existing
P125_3_46,G2,A_batteries,G2-A_batteries-01,T014_1,4004.1292515473606,6815.081680695524,,,A04,existing
P125_3_46,G2,A_batteries,G2-A_batteries-02,T007_SOFT,0.0,2779.9496716386757,T016,1510.6220274329735,A05,existing
P125_3_46,G2,A_batteries,G2-A_batteries-02,T016,4290.571699071649,7122.3061158963155,,,A05,existing
P125_3_46,G2,A_batteries,G2-A_batteries-03,T007,3902.1292515473624,7963.433611739875,,,A06,existing
P125_3_46,G2,A_batteries,G2-A_batteries-04,T020,3922.129251547361,7132.339749211256,,,NEW-A_batteries-01,procurement_required
P125_3_46,G2,B_batteries,G2-B_batteries-01,T019_1,5028.582323174856,8012.288751525202,,,NEW-B_batteries-01,procurement_required
P125_3_46,G2,C_batteries,G2-C_batteries-01,T018,4074.19338151371,9324.985225954879,,,C04,existing
P125_3_46,G2,relay_aircraft,G2-relay_aircraft-01,R001,190.13731902940862,1999.297638856333,R002,2142.9689317204375,NEW-relay_aircraft-01,procurement_required
P125_3_46,G2,relay_aircraft,G2-relay_aircraft-01,R002,4142.26657057677,7037.879962031191,,,NEW-relay_aircraft-01,procurement_required
P125_3_46,G2,relay_components,G2-relay_components-01,R001,190.13731902940862,2344.3073253046314,R002,1797.959245272139,RE03,existing
P125_3_46,G2,relay_components,G2-relay_components-01,R002,4142.26657057677,7517.75318080825,,,RE03,existing
P125_3_46,G3,A_aircraft,G3-A_aircraft-01,T009,0.0,1316.0142144169886,,,NEW-A_aircraft-03,procurement_required
P125_3_46,G3,C_aircraft,G3-C_aircraft-01,T010_2,1434.4262775174655,2867.4613603954576,T006,2395.3295352380683,NEW-C_aircraft-02,procurement_required
P125_3_46,G3,C_aircraft,G3-C_aircraft-01,T006,5262.790895633526,6542.241766493663,,,NEW-C_aircraft-02,procurement_required
P125_3_46,G3,A_batteries,G3-A_batteries-01,T009,0.0,2194.736329391266,,,NEW-A_batteries-02,procurement_required
P125_3_46,G3,C_batteries,G3-C_batteries-01,T010_2,1434.4262775174655,4330.702121185847,T006,932.0887744476786,NEW-C_batteries-01,procurement_required
P125_3_46,G3,C_batteries,G3-C_batteries-01,T006,5262.790895633526,7891.7506752339295,,,NEW-C_batteries-01,procurement_required
P126_35_4,G1,A_aircraft,G1-A_aircraft-01,T005,0.0,1312.470877312685,T022,721.6407629225725,U01,existing
P126_35_4,G1,A_aircraft,G1-A_aircraft-01,T022,2034.1116402352575,3725.6461264742065,,,U01,existing
P126_35_4,G1,A_aircraft,G1-A_aircraft-02,T004,2004.1116402352573,4285.571599071649,,,U02,existing
P126_35_4,G1,B_aircraft,G1-B_aircraft-01,T013,3065.5409516878613,5023.582223174855,,,U05,existing
P126_35_4,G1,B_aircraft,G1-B_aircraft-02,T021,3813.1314217671124,5711.172693254107,,,U06,existing
P126_35_4,G1,C_aircraft,G1-C_aircraft-01,T001,0.0,1561.4261775174655,T014_2,1391.1805531482187,U07,existing
P126_35_4,G1,C_aircraft,G1-C_aircraft-01,T014_2,2952.606730665684,5257.790795633526,,,U07,existing
P126_35_4,G1,C_aircraft,G1-C_aircraft-02,T003,0.0,1429.4261775174655,T012,524.6854627177916,U08,existing
P126_35_4,G1,C_aircraft,G1-C_aircraft-02,T012,1954.111640235257,4069.1932815137097,T006,1193.5976141198162,U08,existing
P126_35_4,G1,C_aircraft,G1-C_aircraft-02,T006,5262.790895633526,6542.241766493663,,,U08,existing
P126_35_4,G1,A_batteries,G1-A_batteries-01,T005,0.0,2178.7887122874713,,,A01,existing
P126_35_4,G1,A_batteries,G1-A_batteries-02,T004,2004.1116402352573,5653.515220850031,,,A02,existing
P126_35_4,G1,A_batteries,G1-A_batteries-03,T022,2034.1116402352575,4901.140633153662,,,A03,existing
P126_35_4,G1,B_batteries,G1-B_batteries-01,T013,3065.5409516878613,6982.827850660446,,,B01,existing
P126_35_4,G1,B_batteries,G1-B_batteries-02,T021,3813.1314217671124,7578.354845171716,,,B02,existing
P126_35_4,G1,C_batteries,G1-C_batteries-01,T001,0.0,3150.0928537629516,T006,2112.6980418705743,C01,existing
P126_35_4,G1,C_batteries,G1-C_batteries-01,T006,5262.790895633526,7891.7506752339295,,,C01,existing
P126_35_4,G1,C_batteries,G1-C_batteries-02,T003,0.0,2947.606630665684,T014_2,5.000100000000202,C02,existing
P126_35_4,G1,C_batteries,G1-C_batteries-02,T014_2,2952.606730665684,7764.037455028012,,,C02,existing
P126_35_4,G1,C_batteries,G1-C_batteries-03,T012,1954.111640235257,6561.858998965378,,,C03,existing
P126_35_4,G1,relay_aircraft,G1-relay_aircraft-01,R003,2004.2977388563338,6244.037452916951,,,R01,existing
P126_35_4,G1,relay_components,G1-relay_components-01,R003,2004.2977388563338,6902.075499094418,,,RE01,existing
P126_35_4,G2,A_aircraft,G2-A_aircraft-01,T007_HARD,0.0,1712.4416357195464,T016,2578.1300633521028,U03,existing
P126_35_4,G2,A_aircraft,G2-A_aircraft-01,T016,4290.571699071649,5986.329803740114,,,U03,existing
P126_35_4,G2,A_aircraft,G2-A_aircraft-02,T007_SOFT,0.0,1712.4416357195464,T014_1,2291.687615827814,U04,existing
P126_35_4,G2,A_aircraft,G2-A_aircraft-02,T014_1,4004.1292515473606,5699.887356215825,,,U04,existing
P126_35_4,G2,A_aircraft,G2-A_aircraft-03,T007,3902.1292515473624,6510.170148656284,,,NEW-A_aircraft-01,procurement_required
P126_35_4,G2,A_aircraft,G2-A_aircraft-04,T020,3922.129251547361,5892.33909852418,,,NEW-A_aircraft-02,procurement_required
P126_35_4,G2,B_aircraft,G2-B_aircraft-01,T002_2,0.0,1500.9693925601796,T015,5.0000999999997475,NEW-B_aircraft-01,procurement_required
P126_35_4,G2,B_aircraft,G2-B_aircraft-01,T015,1505.9694925601793,3060.540851687861,T019_1,1968.0414714869953,NEW-B_aircraft-01,procurement_required
P126_35_4,G2,B_aircraft,G2-B_aircraft-01,T019_1,5028.582323174856,6547.606667586711,,,NEW-B_aircraft-01,procurement_required
P126_35_4,G2,B_aircraft,G2-B_aircraft-02,T011,0.0,1944.0244440219892,T008,5.000100000000202,NEW-B_aircraft-02,procurement_required
P126_35_4,G2,B_aircraft,G2-B_aircraft-02,T008,1949.0245440219894,3793.5634341775567,,,NEW-B_aircraft-02,procurement_required
P126_35_4,G2,C_aircraft,G2-C_aircraft-01,T018,4074.19338151371,6761.824258884327,,,NEW-C_aircraft-01,procurement_required
P126_35_4,G2,A_batteries,G2-A_batteries-01,T007_HARD,0.0,2761.062337358848,T014_1,1243.0669141885128,A04,existing
P126_35_4,G2,A_batteries,G2-A_batteries-01,T014_1,4004.1292515473606,6815.081680695524,,,A04,existing
P126_35_4,G2,A_batteries,G2-A_batteries-02,T007_SOFT,0.0,2779.9496716386757,T016,1510.6220274329735,A05,existing
P126_35_4,G2,A_batteries,G2-A_batteries-02,T016,4290.571699071649,7122.3061158963155,,,A05,existing
P126_35_4,G2,A_batteries,G2-A_batteries-03,T007,3902.1292515473624,7963.433611739875,,,A06,existing
P126_35_4,G2,A_batteries,G2-A_batteries-04,T020,3922.129251547361,7132.339749211256,,,NEW-A_batteries-01,procurement_required
P126_35_4,G2,B_batteries,G2-B_batteries-01,T002_2,0.0,2956.647180248775,T019_1,2071.9351429260814,B03,existing
P126_35_4,G2,B_batteries,G2-B_batteries-01,T019_1,5028.582323174856,8012.288751525202,,,B03,existing
P126_35_4,G2,B_batteries,G2-B_batteries-02,T011,0.0,3808.1313217671122,,,B04,existing
P126_35_4,G2,B_batteries,G2-B_batteries-03,T015,1505.9694925601793,4516.326993610754,,,NEW-B_batteries-01,procurement_required
P126_35_4,G2,B_batteries,G2-B_batteries-04,T008,1949.0245440219894,5382.225397256939,,,NEW-B_batteries-02,procurement_required
P126_35_4,G2,C_batteries,G2-C_batteries-01,T018,4074.19338151371,9324.985225954879,,,C04,existing
P126_35_4,G2,relay_aircraft,G2-relay_aircraft-01,R004,96.18236555369127,4137.266470460487,,,R02,existing
P126_35_4,G2,relay_aircraft,G2-relay_aircraft-02,R001,190.13731902940862,1999.297638856333,R002,2142.9689317204375,NEW-relay_aircraft-01,procurement_required
P126_35_4,G2,relay_aircraft,G2-relay_aircraft-02,R002,4142.26657057677,7037.879962031191,,,NEW-relay_aircraft-01,procurement_required
P126_35_4,G2,relay_components,G2-relay_components-01,R004,96.18236555369127,4763.024275968738,,,RE02,existing
P126_35_4,G2,relay_components,G2-relay_components-02,R001,190.13731902940862,2344.3073253046314,R002,1797.959245272139,RE03,existing
P126_35_4,G2,relay_components,G2-relay_components-02,R002,4142.26657057677,7517.75318080825,,,RE03,existing
P126_35_4,G3,A_aircraft,G3-A_aircraft-01,T009,0.0,1316.0142144169886,,,NEW-A_aircraft-03,procurement_required
P126_35_4,G3,C_aircraft,G3-C_aircraft-01,T010_2,1434.4262775174655,2867.4613603954576,,,NEW-C_aircraft-02,procurement_required
P126_35_4,G3,A_batteries,G3-A_batteries-01,T009,0.0,2194.736329391266,,,NEW-A_batteries-02,procurement_required
P126_35_4,G3,C_batteries,G3-C_batteries-01,T010_2,1434.4262775174655,4330.702121185847,,,NEW-C_batteries-01,procurement_required
P12_356_4,G1,A_aircraft,G1-A_aircraft-01,T005,0.0,1312.470877312685,T022,721.6407629225725,U01,existing
P12_356_4,G1,A_aircraft,G1-A_aircraft-01,T022,2034.1116402352575,3725.6461264742065,,,U01,existing
P12_356_4,G1,A_aircraft,G1-A_aircraft-02,T004,2004.1116402352573,4285.571599071649,,,U02,existing
P12_356_4,G1,B_aircraft,G1-B_aircraft-01,T013,3065.5409516878613,5023.582223174855,,,U05,existing
P12_356_4,G1,B_aircraft,G1-B_aircraft-02,T021,3813.1314217671124,5711.172693254107,,,U06,existing
P12_356_4,G1,C_aircraft,G1-C_aircraft-01,T001,0.0,1561.4261775174655,T014_2,1391.1805531482187,U07,existing
P12_356_4,G1,C_aircraft,G1-C_aircraft-01,T014_2,2952.606730665684,5257.790795633526,,,U07,existing
P12_356_4,G1,C_aircraft,G1-C_aircraft-02,T003,0.0,1429.4261775174655,T012,524.6854627177916,U08,existing
P12_356_4,G1,C_aircraft,G1-C_aircraft-02,T012,1954.111640235257,4069.1932815137097,,,U08,existing
P12_356_4,G1,A_batteries,G1-A_batteries-01,T005,0.0,2178.7887122874713,,,A01,existing
P12_356_4,G1,A_batteries,G1-A_batteries-02,T004,2004.1116402352573,5653.515220850031,,,A02,existing
P12_356_4,G1,A_batteries,G1-A_batteries-03,T022,2034.1116402352575,4901.140633153662,,,A03,existing
P12_356_4,G1,B_batteries,G1-B_batteries-01,T013,3065.5409516878613,6982.827850660446,,,B01,existing
P12_356_4,G1,B_batteries,G1-B_batteries-02,T021,3813.1314217671124,7578.354845171716,,,B02,existing
P12_356_4,G1,C_batteries,G1-C_batteries-01,T001,0.0,3150.0928537629516,,,C01,existing
P12_356_4,G1,C_batteries,G1-C_batteries-02,T003,0.0,2947.606630665684,T014_2,5.000100000000202,C02,existing
P12_356_4,G1,C_batteries,G1-C_batteries-02,T014_2,2952.606730665684,7764.037455028012,,,C02,existing
P12_356_4,G1,C_batteries,G1-C_batteries-03,T012,1954.111640235257,6561.858998965378,,,C03,existing
P12_356_4,G1,relay_aircraft,G1-relay_aircraft-01,R003,2004.2977388563338,6244.037452916951,,,R01,existing
P12_356_4,G1,relay_components,G1-relay_components-01,R003,2004.2977388563338,6902.075499094418,,,RE01,existing
P12_356_4,G2,A_aircraft,G2-A_aircraft-01,T007_HARD,0.0,1712.4416357195464,T016,2578.1300633521028,U03,existing
P12_356_4,G2,A_aircraft,G2-A_aircraft-01,T016,4290.571699071649,5986.329803740114,,,U03,existing
P12_356_4,G2,A_aircraft,G2-A_aircraft-02,T007_SOFT,0.0,1712.4416357195464,T014_1,2291.687615827814,U04,existing
P12_356_4,G2,A_aircraft,G2-A_aircraft-02,T014_1,4004.1292515473606,5699.887356215825,,,U04,existing
P12_356_4,G2,A_aircraft,G2-A_aircraft-03,T007,3902.1292515473624,6510.170148656284,,,NEW-A_aircraft-01,procurement_required
P12_356_4,G2,A_aircraft,G2-A_aircraft-04,T020,3922.129251547361,5892.33909852418,,,NEW-A_aircraft-02,procurement_required
P12_356_4,G2,B_aircraft,G2-B_aircraft-01,T002_2,0.0,1500.9693925601796,T015,5.0000999999997475,NEW-B_aircraft-01,procurement_required
P12_356_4,G2,B_aircraft,G2-B_aircraft-01,T015,1505.9694925601793,3060.540851687861,T019_1,1968.0414714869953,NEW-B_aircraft-01,procurement_required
P12_356_4,G2,B_aircraft,G2-B_aircraft-01,T019_1,5028.582323174856,6547.606667586711,,,NEW-B_aircraft-01,procurement_required
P12_356_4,G2,B_aircraft,G2-B_aircraft-02,T011,0.0,1944.0244440219892,T008,5.000100000000202,NEW-B_aircraft-02,procurement_required
P12_356_4,G2,B_aircraft,G2-B_aircraft-02,T008,1949.0245440219894,3793.5634341775567,,,NEW-B_aircraft-02,procurement_required
P12_356_4,G2,C_aircraft,G2-C_aircraft-01,T018,4074.19338151371,6761.824258884327,,,NEW-C_aircraft-01,procurement_required
P12_356_4,G2,C_aircraft,G2-C_aircraft-02,T006,5262.790895633526,6542.241766493663,,,NEW-C_aircraft-02,procurement_required
P12_356_4,G2,A_batteries,G2-A_batteries-01,T007_HARD,0.0,2761.062337358848,T014_1,1243.0669141885128,A04,existing
P12_356_4,G2,A_batteries,G2-A_batteries-01,T014_1,4004.1292515473606,6815.081680695524,,,A04,existing
P12_356_4,G2,A_batteries,G2-A_batteries-02,T007_SOFT,0.0,2779.9496716386757,T016,1510.6220274329735,A05,existing
P12_356_4,G2,A_batteries,G2-A_batteries-02,T016,4290.571699071649,7122.3061158963155,,,A05,existing
P12_356_4,G2,A_batteries,G2-A_batteries-03,T007,3902.1292515473624,7963.433611739875,,,A06,existing
P12_356_4,G2,A_batteries,G2-A_batteries-04,T020,3922.129251547361,7132.339749211256,,,NEW-A_batteries-01,procurement_required
P12_356_4,G2,B_batteries,G2-B_batteries-01,T002_2,0.0,2956.647180248775,T019_1,2071.9351429260814,B03,existing
P12_356_4,G2,B_batteries,G2-B_batteries-01,T019_1,5028.582323174856,8012.288751525202,,,B03,existing
P12_356_4,G2,B_batteries,G2-B_batteries-02,T011,0.0,3808.1313217671122,,,B04,existing
P12_356_4,G2,B_batteries,G2-B_batteries-03,T015,1505.9694925601793,4516.326993610754,,,NEW-B_batteries-01,procurement_required
P12_356_4,G2,B_batteries,G2-B_batteries-04,T008,1949.0245440219894,5382.225397256939,,,NEW-B_batteries-02,procurement_required
P12_356_4,G2,C_batteries,G2-C_batteries-01,T018,4074.19338151371,9324.985225954879,,,C04,existing
P12_356_4,G2,C_batteries,G2-C_batteries-02,T006,5262.790895633526,7891.7506752339295,,,NEW-C_batteries-01,procurement_required
P12_356_4,G2,relay_aircraft,G2-relay_aircraft-01,R004,96.18236555369127,4137.266470460487,,,R02,existing
P12_356_4,G2,relay_aircraft,G2-relay_aircraft-02,R001,190.13731902940862,1999.297638856333,R002,2142.9689317204375,NEW-relay_aircraft-01,procurement_required
P12_356_4,G2,relay_aircraft,G2-relay_aircraft-02,R002,4142.26657057677,7037.879962031191,,,NEW-relay_aircraft-01,procurement_required
P12_356_4,G2,relay_components,G2-relay_components-01,R004,96.18236555369127,4763.024275968738,,,RE02,existing
P12_356_4,G2,relay_components,G2-relay_components-02,R001,190.13731902940862,2344.3073253046314,R002,1797.959245272139,RE03,existing
P12_356_4,G2,relay_components,G2-relay_components-02,R002,4142.26657057677,7517.75318080825,,,RE03,existing
P12_356_4,G3,A_aircraft,G3-A_aircraft-01,T009,0.0,1316.0142144169886,,,NEW-A_aircraft-03,procurement_required
P12_356_4,G3,C_aircraft,G3-C_aircraft-01,T010_2,1434.4262775174655,2867.4613603954576,,,NEW-C_aircraft-03,procurement_required
P12_356_4,G3,A_batteries,G3-A_batteries-01,T009,0.0,2194.736329391266,,,NEW-A_batteries-02,procurement_required
P12_356_4,G3,C_batteries,G3-C_batteries-01,T010_2,1434.4262775174655,4330.702121185847,,,NEW-C_batteries-02,procurement_required
P12_35_46,G1,A_aircraft,G1-A_aircraft-01,T005,0.0,1312.470877312685,T022,721.6407629225725,U01,existing
P12_35_46,G1,A_aircraft,G1-A_aircraft-01,T022,2034.1116402352575,3725.6461264742065,,,U01,existing
P12_35_46,G1,A_aircraft,G1-A_aircraft-02,T004,2004.1116402352573,4285.571599071649,,,U02,existing
P12_35_46,G1,B_aircraft,G1-B_aircraft-01,T013,3065.5409516878613,5023.582223174855,,,U05,existing
P12_35_46,G1,B_aircraft,G1-B_aircraft-02,T021,3813.1314217671124,5711.172693254107,,,U06,existing
P12_35_46,G1,C_aircraft,G1-C_aircraft-01,T001,0.0,1561.4261775174655,T014_2,1391.1805531482187,U07,existing
P12_35_46,G1,C_aircraft,G1-C_aircraft-01,T014_2,2952.606730665684,5257.790795633526,,,U07,existing
P12_35_46,G1,C_aircraft,G1-C_aircraft-02,T003,0.0,1429.4261775174655,T012,524.6854627177916,U08,existing
P12_35_46,G1,C_aircraft,G1-C_aircraft-02,T012,1954.111640235257,4069.1932815137097,,,U08,existing
P12_35_46,G1,A_batteries,G1-A_batteries-01,T005,0.0,2178.7887122874713,,,A01,existing
P12_35_46,G1,A_batteries,G1-A_batteries-02,T004,2004.1116402352573,5653.515220850031,,,A02,existing
P12_35_46,G1,A_batteries,G1-A_batteries-03,T022,2034.1116402352575,4901.140633153662,,,A03,existing
P12_35_46,G1,B_batteries,G1-B_batteries-01,T013,3065.5409516878613,6982.827850660446,,,B01,existing
P12_35_46,G1,B_batteries,G1-B_batteries-02,T021,3813.1314217671124,7578.354845171716,,,B02,existing
P12_35_46,G1,C_batteries,G1-C_batteries-01,T001,0.0,3150.0928537629516,,,C01,existing
P12_35_46,G1,C_batteries,G1-C_batteries-02,T003,0.0,2947.606630665684,T014_2,5.000100000000202,C02,existing
P12_35_46,G1,C_batteries,G1-C_batteries-02,T014_2,2952.606730665684,7764.037455028012,,,C02,existing
P12_35_46,G1,C_batteries,G1-C_batteries-03,T012,1954.111640235257,6561.858998965378,,,C03,existing
P12_35_46,G1,relay_aircraft,G1-relay_aircraft-01,R003,2004.2977388563338,6244.037452916951,,,R01,existing
P12_35_46,G1,relay_components,G1-relay_components-01,R003,2004.2977388563338,6902.075499094418,,,RE01,existing
P12_35_46,G2,A_aircraft,G2-A_aircraft-01,T007_HARD,0.0,1712.4416357195464,T016,2578.1300633521028,U03,existing
P12_35_46,G2,A_aircraft,G2-A_aircraft-01,T016,4290.571699071649,5986.329803740114,,,U03,existing
P12_35_46,G2,A_aircraft,G2-A_aircraft-02,T007_SOFT,0.0,1712.4416357195464,T014_1,2291.687615827814,U04,existing
P12_35_46,G2,A_aircraft,G2-A_aircraft-02,T014_1,4004.1292515473606,5699.887356215825,,,U04,existing
P12_35_46,G2,A_aircraft,G2-A_aircraft-03,T007,3902.1292515473624,6510.170148656284,,,NEW-A_aircraft-01,procurement_required
P12_35_46,G2,A_aircraft,G2-A_aircraft-04,T020,3922.129251547361,5892.33909852418,,,NEW-A_aircraft-02,procurement_required
P12_35_46,G2,B_aircraft,G2-B_aircraft-01,T002_2,0.0,1500.9693925601796,T015,5.0000999999997475,NEW-B_aircraft-01,procurement_required
P12_35_46,G2,B_aircraft,G2-B_aircraft-01,T015,1505.9694925601793,3060.540851687861,T019_1,1968.0414714869953,NEW-B_aircraft-01,procurement_required
P12_35_46,G2,B_aircraft,G2-B_aircraft-01,T019_1,5028.582323174856,6547.606667586711,,,NEW-B_aircraft-01,procurement_required
P12_35_46,G2,B_aircraft,G2-B_aircraft-02,T011,0.0,1944.0244440219892,T008,5.000100000000202,NEW-B_aircraft-02,procurement_required
P12_35_46,G2,B_aircraft,G2-B_aircraft-02,T008,1949.0245440219894,3793.5634341775567,,,NEW-B_aircraft-02,procurement_required
P12_35_46,G2,C_aircraft,G2-C_aircraft-01,T018,4074.19338151371,6761.824258884327,,,NEW-C_aircraft-01,procurement_required
P12_35_46,G2,A_batteries,G2-A_batteries-01,T007_HARD,0.0,2761.062337358848,T014_1,1243.0669141885128,A04,existing
P12_35_46,G2,A_batteries,G2-A_batteries-01,T014_1,4004.1292515473606,6815.081680695524,,,A04,existing
P12_35_46,G2,A_batteries,G2-A_batteries-02,T007_SOFT,0.0,2779.9496716386757,T016,1510.6220274329735,A05,existing
P12_35_46,G2,A_batteries,G2-A_batteries-02,T016,4290.571699071649,7122.3061158963155,,,A05,existing
P12_35_46,G2,A_batteries,G2-A_batteries-03,T007,3902.1292515473624,7963.433611739875,,,A06,existing
P12_35_46,G2,A_batteries,G2-A_batteries-04,T020,3922.129251547361,7132.339749211256,,,NEW-A_batteries-01,procurement_required
P12_35_46,G2,B_batteries,G2-B_batteries-01,T002_2,0.0,2956.647180248775,T019_1,2071.9351429260814,B03,existing
P12_35_46,G2,B_batteries,G2-B_batteries-01,T019_1,5028.582323174856,8012.288751525202,,,B03,existing
P12_35_46,G2,B_batteries,G2-B_batteries-02,T011,0.0,3808.1313217671122,,,B04,existing
P12_35_46,G2,B_batteries,G2-B_batteries-03,T015,1505.9694925601793,4516.326993610754,,,NEW-B_batteries-01,procurement_required
P12_35_46,G2,B_batteries,G2-B_batteries-04,T008,1949.0245440219894,5382.225397256939,,,NEW-B_batteries-02,procurement_required
P12_35_46,G2,C_batteries,G2-C_batteries-01,T018,4074.19338151371,9324.985225954879,,,C04,existing
P12_35_46,G2,relay_aircraft,G2-relay_aircraft-01,R004,96.18236555369127,4137.266470460487,,,R02,existing
P12_35_46,G2,relay_aircraft,G2-relay_aircraft-02,R001,190.13731902940862,1999.297638856333,R002,2142.9689317204375,NEW-relay_aircraft-01,procurement_required
P12_35_46,G2,relay_aircraft,G2-relay_aircraft-02,R002,4142.26657057677,7037.879962031191,,,NEW-relay_aircraft-01,procurement_required
P12_35_46,G2,relay_components,G2-relay_components-01,R004,96.18236555369127,4763.024275968738,,,RE02,existing
P12_35_46,G2,relay_components,G2-relay_components-02,R001,190.13731902940862,2344.3073253046314,R002,1797.959245272139,RE03,existing
P12_35_46,G2,relay_components,G2-relay_components-02,R002,4142.26657057677,7517.75318080825,,,RE03,existing
P12_35_46,G3,A_aircraft,G3-A_aircraft-01,T009,0.0,1316.0142144169886,,,NEW-A_aircraft-03,procurement_required
P12_35_46,G3,C_aircraft,G3-C_aircraft-01,T010_2,1434.4262775174655,2867.4613603954576,T006,2395.3295352380683,NEW-C_aircraft-02,procurement_required
P12_35_46,G3,C_aircraft,G3-C_aircraft-01,T006,5262.790895633526,6542.241766493663,,,NEW-C_aircraft-02,procurement_required
P12_35_46,G3,A_batteries,G3-A_batteries-01,T009,0.0,2194.736329391266,,,NEW-A_batteries-02,procurement_required
P12_35_46,G3,C_batteries,G3-C_batteries-01,T010_2,1434.4262775174655,4330.702121185847,T006,932.0887744476786,NEW-C_batteries-01,procurement_required
P12_35_46,G3,C_batteries,G3-C_batteries-01,T006,5262.790895633526,7891.7506752339295,,,NEW-C_batteries-01,procurement_required
P126_3_45,G1,A_aircraft,G1-A_aircraft-01,T005,0.0,1312.470877312685,T022,721.6407629225725,U01,existing
P126_3_45,G1,A_aircraft,G1-A_aircraft-01,T022,2034.1116402352575,3725.6461264742065,,,U01,existing
P126_3_45,G1,A_aircraft,G1-A_aircraft-02,T004,2004.1116402352573,4285.571599071649,,,U02,existing
P126_3_45,G1,B_aircraft,G1-B_aircraft-01,T013,3065.5409516878613,5023.582223174855,,,U05,existing
P126_3_45,G1,B_aircraft,G1-B_aircraft-02,T021,3813.1314217671124,5711.172693254107,,,U06,existing
P126_3_45,G1,C_aircraft,G1-C_aircraft-01,T001,0.0,1561.4261775174655,T014_2,1391.1805531482187,U07,existing
P126_3_45,G1,C_aircraft,G1-C_aircraft-01,T014_2,2952.606730665684,5257.790795633526,,,U07,existing
P126_3_45,G1,C_aircraft,G1-C_aircraft-02,T003,0.0,1429.4261775174655,T012,524.6854627177916,U08,existing
P126_3_45,G1,C_aircraft,G1-C_aircraft-02,T012,1954.111640235257,4069.1932815137097,T006,1193.5976141198162,U08,existing
P126_3_45,G1,C_aircraft,G1-C_aircraft-02,T006,5262.790895633526,6542.241766493663,,,U08,existing
P126_3_45,G1,A_batteries,G1-A_batteries-01,T005,0.0,2178.7887122874713,,,A01,existing
P126_3_45,G1,A_batteries,G1-A_batteries-02,T004,2004.1116402352573,5653.515220850031,,,A02,existing
P126_3_45,G1,A_batteries,G1-A_batteries-03,T022,2034.1116402352575,4901.140633153662,,,A03,existing
P126_3_45,G1,B_batteries,G1-B_batteries-01,T013,3065.5409516878613,6982.827850660446,,,B01,existing
P126_3_45,G1,B_batteries,G1-B_batteries-02,T021,3813.1314217671124,7578.354845171716,,,B02,existing
P126_3_45,G1,C_batteries,G1-C_batteries-01,T001,0.0,3150.0928537629516,T006,2112.6980418705743,C01,existing
P126_3_45,G1,C_batteries,G1-C_batteries-01,T006,5262.790895633526,7891.7506752339295,,,C01,existing
P126_3_45,G1,C_batteries,G1-C_batteries-02,T003,0.0,2947.606630665684,T014_2,5.000100000000202,C02,existing
P126_3_45,G1,C_batteries,G1-C_batteries-02,T014_2,2952.606730665684,7764.037455028012,,,C02,existing
P126_3_45,G1,C_batteries,G1-C_batteries-03,T012,1954.111640235257,6561.858998965378,,,C03,existing
P126_3_45,G1,relay_aircraft,G1-relay_aircraft-01,R003,2004.2977388563338,6244.037452916951,,,R01,existing
P126_3_45,G1,relay_components,G1-relay_components-01,R003,2004.2977388563338,6902.075499094418,,,RE01,existing
P126_3_45,G2,A_aircraft,G2-A_aircraft-01,T007_HARD,0.0,1712.4416357195464,T016,2578.1300633521028,U03,existing
P126_3_45,G2,A_aircraft,G2-A_aircraft-01,T016,4290.571699071649,5986.329803740114,,,U03,existing
P126_3_45,G2,A_aircraft,G2-A_aircraft-02,T007_SOFT,0.0,1712.4416357195464,T014_1,2291.687615827814,U04,existing
P126_3_45,G2,A_aircraft,G2-A_aircraft-02,T014_1,4004.1292515473606,5699.887356215825,,,U04,existing
P126_3_45,G2,A_aircraft,G2-A_aircraft-03,T007,3902.1292515473624,6510.170148656284,,,NEW-A_aircraft-01,procurement_required
P126_3_45,G2,A_aircraft,G2-A_aircraft-04,T020,3922.129251547361,5892.33909852418,,,NEW-A_aircraft-02,procurement_required
P126_3_45,G2,B_aircraft,G2-B_aircraft-01,T019_1,5028.582323174856,6547.606667586711,,,NEW-B_aircraft-01,procurement_required
P126_3_45,G2,C_aircraft,G2-C_aircraft-01,T018,4074.19338151371,6761.824258884327,,,NEW-C_aircraft-01,procurement_required
P126_3_45,G2,A_batteries,G2-A_batteries-01,T007_HARD,0.0,2761.062337358848,T014_1,1243.0669141885128,A04,existing
P126_3_45,G2,A_batteries,G2-A_batteries-01,T014_1,4004.1292515473606,6815.081680695524,,,A04,existing
P126_3_45,G2,A_batteries,G2-A_batteries-02,T007_SOFT,0.0,2779.9496716386757,T016,1510.6220274329735,A05,existing
P126_3_45,G2,A_batteries,G2-A_batteries-02,T016,4290.571699071649,7122.3061158963155,,,A05,existing
P126_3_45,G2,A_batteries,G2-A_batteries-03,T007,3902.1292515473624,7963.433611739875,,,A06,existing
P126_3_45,G2,A_batteries,G2-A_batteries-04,T020,3922.129251547361,7132.339749211256,,,NEW-A_batteries-01,procurement_required
P126_3_45,G2,B_batteries,G2-B_batteries-01,T019_1,5028.582323174856,8012.288751525202,,,B03,existing
P126_3_45,G2,C_batteries,G2-C_batteries-01,T018,4074.19338151371,9324.985225954879,,,C04,existing
P126_3_45,G2,relay_aircraft,G2-relay_aircraft-01,R001,190.13731902940862,1999.297638856333,R002,2142.9689317204375,R02,existing
P126_3_45,G2,relay_aircraft,G2-relay_aircraft-01,R002,4142.26657057677,7037.879962031191,,,R02,existing
P126_3_45,G2,relay_components,G2-relay_components-01,R001,190.13731902940862,2344.3073253046314,R002,1797.959245272139,RE02,existing
P126_3_45,G2,relay_components,G2-relay_components-01,R002,4142.26657057677,7517.75318080825,,,RE02,existing
P126_3_45,G3,A_aircraft,G3-A_aircraft-01,T009,0.0,1316.0142144169886,,,NEW-A_aircraft-03,procurement_required
P126_3_45,G3,B_aircraft,G3-B_aircraft-01,T002_2,0.0,1500.9693925601796,T015,5.0000999999997475,NEW-B_aircraft-02,procurement_required
P126_3_45,G3,B_aircraft,G3-B_aircraft-01,T015,1505.9694925601793,3060.540851687861,,,NEW-B_aircraft-02,procurement_required
P126_3_45,G3,B_aircraft,G3-B_aircraft-02,T011,0.0,1944.0244440219892,T008,5.000100000000202,NEW-B_aircraft-03,procurement_required
P126_3_45,G3,B_aircraft,G3-B_aircraft-02,T008,1949.0245440219894,3793.5634341775567,,,NEW-B_aircraft-03,procurement_required
P126_3_45,G3,C_aircraft,G3-C_aircraft-01,T010_2,1434.4262775174655,2867.4613603954576,,,NEW-C_aircraft-02,procurement_required
P126_3_45,G3,A_batteries,G3-A_batteries-01,T009,0.0,2194.736329391266,,,NEW-A_batteries-02,procurement_required
P126_3_45,G3,B_batteries,G3-B_batteries-01,T002_2,0.0,2956.647180248775,,,B04,existing
P126_3_45,G3,B_batteries,G3-B_batteries-02,T011,0.0,3808.1313217671122,,,NEW-B_batteries-01,procurement_required
P126_3_45,G3,B_batteries,G3-B_batteries-03,T015,1505.9694925601793,4516.326993610754,,,NEW-B_batteries-02,procurement_required
P126_3_45,G3,B_batteries,G3-B_batteries-04,T008,1949.0245440219894,5382.225397256939,,,NEW-B_batteries-03,procurement_required
P126_3_45,G3,C_batteries,G3-C_batteries-01,T010_2,1434.4262775174655,4330.702121185847,,,NEW-C_batteries-01,procurement_required
P126_3_45,G3,relay_aircraft,G3-relay_aircraft-01,R004,96.18236555369127,4137.266470460487,,,NEW-relay_aircraft-01,procurement_required
P126_3_45,G3,relay_components,G3-relay_components-01,R004,96.18236555369127,4763.024275968738,,,RE03,existing
P12_36_45,G1,A_aircraft,G1-A_aircraft-01,T005,0.0,1312.470877312685,T022,721.6407629225725,U01,existing
P12_36_45,G1,A_aircraft,G1-A_aircraft-01,T022,2034.1116402352575,3725.6461264742065,,,U01,existing
P12_36_45,G1,A_aircraft,G1-A_aircraft-02,T004,2004.1116402352573,4285.571599071649,,,U02,existing
P12_36_45,G1,B_aircraft,G1-B_aircraft-01,T013,3065.5409516878613,5023.582223174855,,,U05,existing
P12_36_45,G1,B_aircraft,G1-B_aircraft-02,T021,3813.1314217671124,5711.172693254107,,,U06,existing
P12_36_45,G1,C_aircraft,G1-C_aircraft-01,T001,0.0,1561.4261775174655,T014_2,1391.1805531482187,U07,existing
P12_36_45,G1,C_aircraft,G1-C_aircraft-01,T014_2,2952.606730665684,5257.790795633526,,,U07,existing
P12_36_45,G1,C_aircraft,G1-C_aircraft-02,T003,0.0,1429.4261775174655,T012,524.6854627177916,U08,existing
P12_36_45,G1,C_aircraft,G1-C_aircraft-02,T012,1954.111640235257,4069.1932815137097,,,U08,existing
P12_36_45,G1,A_batteries,G1-A_batteries-01,T005,0.0,2178.7887122874713,,,A01,existing
P12_36_45,G1,A_batteries,G1-A_batteries-02,T004,2004.1116402352573,5653.515220850031,,,A02,existing
P12_36_45,G1,A_batteries,G1-A_batteries-03,T022,2034.1116402352575,4901.140633153662,,,A03,existing
P12_36_45,G1,B_batteries,G1-B_batteries-01,T013,3065.5409516878613,6982.827850660446,,,B01,existing
P12_36_45,G1,B_batteries,G1-B_batteries-02,T021,3813.1314217671124,7578.354845171716,,,B02,existing
P12_36_45,G1,C_batteries,G1-C_batteries-01,T001,0.0,3150.0928537629516,,,C01,existing
P12_36_45,G1,C_batteries,G1-C_batteries-02,T003,0.0,2947.606630665684,T014_2,5.000100000000202,C02,existing
P12_36_45,G1,C_batteries,G1-C_batteries-02,T014_2,2952.606730665684,7764.037455028012,,,C02,existing
P12_36_45,G1,C_batteries,G1-C_batteries-03,T012,1954.111640235257,6561.858998965378,,,C03,existing
P12_36_45,G1,relay_aircraft,G1-relay_aircraft-01,R003,2004.2977388563338,6244.037452916951,,,R01,existing
P12_36_45,G1,relay_components,G1-relay_components-01,R003,2004.2977388563338,6902.075499094418,,,RE01,existing
P12_36_45,G2,A_aircraft,G2-A_aircraft-01,T007_HARD,0.0,1712.4416357195464,T016,2578.1300633521028,U03,existing
P12_36_45,G2,A_aircraft,G2-A_aircraft-01,T016,4290.571699071649,5986.329803740114,,,U03,existing
P12_36_45,G2,A_aircraft,G2-A_aircraft-02,T007_SOFT,0.0,1712.4416357195464,T014_1,2291.687615827814,U04,existing
P12_36_45,G2,A_aircraft,G2-A_aircraft-02,T014_1,4004.1292515473606,5699.887356215825,,,U04,existing
P12_36_45,G2,A_aircraft,G2-A_aircraft-03,T007,3902.1292515473624,6510.170148656284,,,NEW-A_aircraft-01,procurement_required
P12_36_45,G2,A_aircraft,G2-A_aircraft-04,T020,3922.129251547361,5892.33909852418,,,NEW-A_aircraft-02,procurement_required
P12_36_45,G2,B_aircraft,G2-B_aircraft-01,T019_1,5028.582323174856,6547.606667586711,,,NEW-B_aircraft-01,procurement_required
P12_36_45,G2,C_aircraft,G2-C_aircraft-01,T018,4074.19338151371,6761.824258884327,,,NEW-C_aircraft-01,procurement_required
P12_36_45,G2,C_aircraft,G2-C_aircraft-02,T006,5262.790895633526,6542.241766493663,,,NEW-C_aircraft-02,procurement_required
P12_36_45,G2,A_batteries,G2-A_batteries-01,T007_HARD,0.0,2761.062337358848,T014_1,1243.0669141885128,A04,existing
P12_36_45,G2,A_batteries,G2-A_batteries-01,T014_1,4004.1292515473606,6815.081680695524,,,A04,existing
P12_36_45,G2,A_batteries,G2-A_batteries-02,T007_SOFT,0.0,2779.9496716386757,T016,1510.6220274329735,A05,existing
P12_36_45,G2,A_batteries,G2-A_batteries-02,T016,4290.571699071649,7122.3061158963155,,,A05,existing
P12_36_45,G2,A_batteries,G2-A_batteries-03,T007,3902.1292515473624,7963.433611739875,,,A06,existing
P12_36_45,G2,A_batteries,G2-A_batteries-04,T020,3922.129251547361,7132.339749211256,,,NEW-A_batteries-01,procurement_required
P12_36_45,G2,B_batteries,G2-B_batteries-01,T019_1,5028.582323174856,8012.288751525202,,,B03,existing
P12_36_45,G2,C_batteries,G2-C_batteries-01,T018,4074.19338151371,9324.985225954879,,,C04,existing
P12_36_45,G2,C_batteries,G2-C_batteries-02,T006,5262.790895633526,7891.7506752339295,,,NEW-C_batteries-01,procurement_required
P12_36_45,G2,relay_aircraft,G2-relay_aircraft-01,R001,190.13731902940862,1999.297638856333,R002,2142.9689317204375,R02,existing
P12_36_45,G2,relay_aircraft,G2-relay_aircraft-01,R002,4142.26657057677,7037.879962031191,,,R02,existing
P12_36_45,G2,relay_components,G2-relay_components-01,R001,190.13731902940862,2344.3073253046314,R002,1797.959245272139,RE02,existing
P12_36_45,G2,relay_components,G2-relay_components-01,R002,4142.26657057677,7517.75318080825,,,RE02,existing
P12_36_45,G3,A_aircraft,G3-A_aircraft-01,T009,0.0,1316.0142144169886,,,NEW-A_aircraft-03,procurement_required
P12_36_45,G3,B_aircraft,G3-B_aircraft-01,T002_2,0.0,1500.9693925601796,T015,5.0000999999997475,NEW-B_aircraft-02,procurement_required
P12_36_45,G3,B_aircraft,G3-B_aircraft-01,T015,1505.9694925601793,3060.540851687861,,,NEW-B_aircraft-02,procurement_required
P12_36_45,G3,B_aircraft,G3-B_aircraft-02,T011,0.0,1944.0244440219892,T008,5.000100000000202,NEW-B_aircraft-03,procurement_required
P12_36_45,G3,B_aircraft,G3-B_aircraft-02,T008,1949.0245440219894,3793.5634341775567,,,NEW-B_aircraft-03,procurement_required
P12_36_45,G3,C_aircraft,G3-C_aircraft-01,T010_2,1434.4262775174655,2867.4613603954576,,,NEW-C_aircraft-03,procurement_required
P12_36_45,G3,A_batteries,G3-A_batteries-01,T009,0.0,2194.736329391266,,,NEW-A_batteries-02,procurement_required
P12_36_45,G3,B_batteries,G3-B_batteries-01,T002_2,0.0,2956.647180248775,,,B04,existing
P12_36_45,G3,B_batteries,G3-B_batteries-02,T011,0.0,3808.1313217671122,,,NEW-B_batteries-01,procurement_required
P12_36_45,G3,B_batteries,G3-B_batteries-03,T015,1505.9694925601793,4516.326993610754,,,NEW-B_batteries-02,procurement_required
P12_36_45,G3,B_batteries,G3-B_batteries-04,T008,1949.0245440219894,5382.225397256939,,,NEW-B_batteries-03,procurement_required
P12_36_45,G3,C_batteries,G3-C_batteries-01,T010_2,1434.4262775174655,4330.702121185847,,,NEW-C_batteries-02,procurement_required
P12_36_45,G3,relay_aircraft,G3-relay_aircraft-01,R004,96.18236555369127,4137.266470460487,,,NEW-relay_aircraft-01,procurement_required
P12_36_45,G3,relay_components,G3-relay_components-01,R004,96.18236555369127,4763.024275968738,,,RE03,existing
P12_3_456,G1,A_aircraft,G1-A_aircraft-01,T005,0.0,1312.470877312685,T022,721.6407629225725,U01,existing
P12_3_456,G1,A_aircraft,G1-A_aircraft-01,T022,2034.1116402352575,3725.6461264742065,,,U01,existing
P12_3_456,G1,A_aircraft,G1-A_aircraft-02,T004,2004.1116402352573,4285.571599071649,,,U02,existing
P12_3_456,G1,B_aircraft,G1-B_aircraft-01,T013,3065.5409516878613,5023.582223174855,,,U05,existing
P12_3_456,G1,B_aircraft,G1-B_aircraft-02,T021,3813.1314217671124,5711.172693254107,,,U06,existing
P12_3_456,G1,C_aircraft,G1-C_aircraft-01,T001,0.0,1561.4261775174655,T014_2,1391.1805531482187,U07,existing
P12_3_456,G1,C_aircraft,G1-C_aircraft-01,T014_2,2952.606730665684,5257.790795633526,,,U07,existing
P12_3_456,G1,C_aircraft,G1-C_aircraft-02,T003,0.0,1429.4261775174655,T012,524.6854627177916,U08,existing
P12_3_456,G1,C_aircraft,G1-C_aircraft-02,T012,1954.111640235257,4069.1932815137097,,,U08,existing
P12_3_456,G1,A_batteries,G1-A_batteries-01,T005,0.0,2178.7887122874713,,,A01,existing
P12_3_456,G1,A_batteries,G1-A_batteries-02,T004,2004.1116402352573,5653.515220850031,,,A02,existing
P12_3_456,G1,A_batteries,G1-A_batteries-03,T022,2034.1116402352575,4901.140633153662,,,A03,existing
P12_3_456,G1,B_batteries,G1-B_batteries-01,T013,3065.5409516878613,6982.827850660446,,,B01,existing
P12_3_456,G1,B_batteries,G1-B_batteries-02,T021,3813.1314217671124,7578.354845171716,,,B02,existing
P12_3_456,G1,C_batteries,G1-C_batteries-01,T001,0.0,3150.0928537629516,,,C01,existing
P12_3_456,G1,C_batteries,G1-C_batteries-02,T003,0.0,2947.606630665684,T014_2,5.000100000000202,C02,existing
P12_3_456,G1,C_batteries,G1-C_batteries-02,T014_2,2952.606730665684,7764.037455028012,,,C02,existing
P12_3_456,G1,C_batteries,G1-C_batteries-03,T012,1954.111640235257,6561.858998965378,,,C03,existing
P12_3_456,G1,relay_aircraft,G1-relay_aircraft-01,R003,2004.2977388563338,6244.037452916951,,,R01,existing
P12_3_456,G1,relay_components,G1-relay_components-01,R003,2004.2977388563338,6902.075499094418,,,RE01,existing
P12_3_456,G2,A_aircraft,G2-A_aircraft-01,T007_HARD,0.0,1712.4416357195464,T016,2578.1300633521028,U03,existing
P12_3_456,G2,A_aircraft,G2-A_aircraft-01,T016,4290.571699071649,5986.329803740114,,,U03,existing
P12_3_456,G2,A_aircraft,G2-A_aircraft-02,T007_SOFT,0.0,1712.4416357195464,T014_1,2291.687615827814,U04,existing
P12_3_456,G2,A_aircraft,G2-A_aircraft-02,T014_1,4004.1292515473606,5699.887356215825,,,U04,existing
P12_3_456,G2,A_aircraft,G2-A_aircraft-03,T007,3902.1292515473624,6510.170148656284,,,NEW-A_aircraft-01,procurement_required
P12_3_456,G2,A_aircraft,G2-A_aircraft-04,T020,3922.129251547361,5892.33909852418,,,NEW-A_aircraft-02,procurement_required
P12_3_456,G2,B_aircraft,G2-B_aircraft-01,T019_1,5028.582323174856,6547.606667586711,,,NEW-B_aircraft-01,procurement_required
P12_3_456,G2,C_aircraft,G2-C_aircraft-01,T018,4074.19338151371,6761.824258884327,,,NEW-C_aircraft-01,procurement_required
P12_3_456,G2,A_batteries,G2-A_batteries-01,T007_HARD,0.0,2761.062337358848,T014_1,1243.0669141885128,A04,existing
P12_3_456,G2,A_batteries,G2-A_batteries-01,T014_1,4004.1292515473606,6815.081680695524,,,A04,existing
P12_3_456,G2,A_batteries,G2-A_batteries-02,T007_SOFT,0.0,2779.9496716386757,T016,1510.6220274329735,A05,existing
P12_3_456,G2,A_batteries,G2-A_batteries-02,T016,4290.571699071649,7122.3061158963155,,,A05,existing
P12_3_456,G2,A_batteries,G2-A_batteries-03,T007,3902.1292515473624,7963.433611739875,,,A06,existing
P12_3_456,G2,A_batteries,G2-A_batteries-04,T020,3922.129251547361,7132.339749211256,,,NEW-A_batteries-01,procurement_required
P12_3_456,G2,B_batteries,G2-B_batteries-01,T019_1,5028.582323174856,8012.288751525202,,,B03,existing
P12_3_456,G2,C_batteries,G2-C_batteries-01,T018,4074.19338151371,9324.985225954879,,,C04,existing
P12_3_456,G2,relay_aircraft,G2-relay_aircraft-01,R001,190.13731902940862,1999.297638856333,R002,2142.9689317204375,R02,existing
P12_3_456,G2,relay_aircraft,G2-relay_aircraft-01,R002,4142.26657057677,7037.879962031191,,,R02,existing
P12_3_456,G2,relay_components,G2-relay_components-01,R001,190.13731902940862,2344.3073253046314,R002,1797.959245272139,RE02,existing
P12_3_456,G2,relay_components,G2-relay_components-01,R002,4142.26657057677,7517.75318080825,,,RE02,existing
P12_3_456,G3,A_aircraft,G3-A_aircraft-01,T009,0.0,1316.0142144169886,,,NEW-A_aircraft-03,procurement_required
P12_3_456,G3,B_aircraft,G3-B_aircraft-01,T002_2,0.0,1500.9693925601796,T015,5.0000999999997475,NEW-B_aircraft-02,procurement_required
P12_3_456,G3,B_aircraft,G3-B_aircraft-01,T015,1505.9694925601793,3060.540851687861,,,NEW-B_aircraft-02,procurement_required
P12_3_456,G3,B_aircraft,G3-B_aircraft-02,T011,0.0,1944.0244440219892,T008,5.000100000000202,NEW-B_aircraft-03,procurement_required
P12_3_456,G3,B_aircraft,G3-B_aircraft-02,T008,1949.0245440219894,3793.5634341775567,,,NEW-B_aircraft-03,procurement_required
P12_3_456,G3,C_aircraft,G3-C_aircraft-01,T010_2,1434.4262775174655,2867.4613603954576,T006,2395.3295352380683,NEW-C_aircraft-02,procurement_required
P12_3_456,G3,C_aircraft,G3-C_aircraft-01,T006,5262.790895633526,6542.241766493663,,,NEW-C_aircraft-02,procurement_required
P12_3_456,G3,A_batteries,G3-A_batteries-01,T009,0.0,2194.736329391266,,,NEW-A_batteries-02,procurement_required
P12_3_456,G3,B_batteries,G3-B_batteries-01,T002_2,0.0,2956.647180248775,,,B04,existing
P12_3_456,G3,B_batteries,G3-B_batteries-02,T011,0.0,3808.1313217671122,,,NEW-B_batteries-01,procurement_required
P12_3_456,G3,B_batteries,G3-B_batteries-03,T015,1505.9694925601793,4516.326993610754,,,NEW-B_batteries-02,procurement_required
P12_3_456,G3,B_batteries,G3-B_batteries-04,T008,1949.0245440219894,5382.225397256939,,,NEW-B_batteries-03,procurement_required
P12_3_456,G3,C_batteries,G3-C_batteries-01,T010_2,1434.4262775174655,4330.702121185847,T006,932.0887744476786,NEW-C_batteries-01,procurement_required
P12_3_456,G3,C_batteries,G3-C_batteries-01,T006,5262.790895633526,7891.7506752339295,,,NEW-C_batteries-01,procurement_required
P12_3_456,G3,relay_aircraft,G3-relay_aircraft-01,R004,96.18236555369127,4137.266470460487,,,NEW-relay_aircraft-01,procurement_required
P12_3_456,G3,relay_components,G3-relay_components-01,R004,96.18236555369127,4763.024275968738,,,RE03,existing
P1345_2_6,G1,A_aircraft,G1-A_aircraft-01,T005,0.0,1312.470877312685,T020,2609.658374234676,U01,existing
P1345_2_6,G1,A_aircraft,G1-A_aircraft-01,T020,3922.129251547361,5892.33909852418,,,U01,existing
P1345_2_6,G1,A_aircraft,G1-A_aircraft-02,T007_HARD,0.0,1712.4416357195464,T016,2578.1300633521028,U02,existing
P1345_2_6,G1,A_aircraft,G1-A_aircraft-02,T016,4290.571699071649,5986.329803740114,,,U02,existing
P1345_2_6,G1,A_aircraft,G1-A_aircraft-03,T007_SOFT,0.0,1712.4416357195464,T014_1,2291.687615827814,U03,existing
P1345_2_6,G1,A_aircraft,G1-A_aircraft-03,T014_1,4004.1292515473606,5699.887356215825,,,U03,existing
P1345_2_6,G1,A_aircraft,G1-A_aircraft-04,T009,0.0,1316.0142144169886,T007,2586.115037130374,U04,existing
P1345_2_6,G1,A_aircraft,G1-A_aircraft-04,T007,3902.1292515473624,6510.170148656284,,,U04,existing
P1345_2_6,G1,B_aircraft,G1-B_aircraft-01,T002_2,0.0,1500.9693925601796,T015,5.0000999999997475,U05,existing
P1345_2_6,G1,B_aircraft,G1-B_aircraft-01,T015,1505.9694925601793,3060.540851687861,T019_1,1968.0414714869953,U05,existing
P1345_2_6,G1,B_aircraft,G1-B_aircraft-01,T019_1,5028.582323174856,6547.606667586711,,,U05,existing
P1345_2_6,G1,B_aircraft,G1-B_aircraft-02,T011,0.0,1944.0244440219892,T008,5.000100000000202,U06,existing
P1345_2_6,G1,B_aircraft,G1-B_aircraft-02,T008,1949.0245440219894,3793.5634341775567,,,U06,existing
P1345_2_6,G1,C_aircraft,G1-C_aircraft-01,T001,0.0,1561.4261775174655,T018,2512.7672039962445,U07,existing
P1345_2_6,G1,C_aircraft,G1-C_aircraft-01,T018,4074.19338151371,6761.824258884327,,,U07,existing
P1345_2_6,G1,C_aircraft,G1-C_aircraft-02,T003,0.0,1429.4261775174655,T010_2,5.000099999999975,U08,existing
P1345_2_6,G1,C_aircraft,G1-C_aircraft-02,T010_2,1434.4262775174655,2867.4613603954576,,,U08,existing
P1345_2_6,G1,A_batteries,G1-A_batteries-01,T005,0.0,2178.7887122874713,T020,1743.3405392598897,A01,existing
P1345_2_6,G1,A_batteries,G1-A_batteries-01,T020,3922.129251547361,7132.339749211256,,,A01,existing
P1345_2_6,G1,A_batteries,G1-A_batteries-02,T007_HARD,0.0,2761.062337358848,T014_1,1243.0669141885128,A02,existing
P1345_2_6,G1,A_batteries,G1-A_batteries-02,T014_1,4004.1292515473606,6815.081680695524,,,A02,existing
P1345_2_6,G1,A_batteries,G1-A_batteries-03,T007_SOFT,0.0,2779.9496716386757,T016,1510.6220274329735,A03,existing
P1345_2_6,G1,A_batteries,G1-A_batteries-03,T016,4290.571699071649,7122.3061158963155,,,A03,existing
P1345_2_6,G1,A_batteries,G1-A_batteries-04,T009,0.0,2194.736329391266,T007,1707.3929221560966,A04,existing
P1345_2_6,G1,A_batteries,G1-A_batteries-04,T007,3902.1292515473624,7963.433611739875,,,A04,existing
P1345_2_6,G1,B_batteries,G1-B_batteries-01,T002_2,0.0,2956.647180248775,T019_1,2071.9351429260814,B01,existing
P1345_2_6,G1,B_batteries,G1-B_batteries-01,T019_1,5028.582323174856,8012.288751525202,,,B01,existing
P1345_2_6,G1,B_batteries,G1-B_batteries-02,T011,0.0,3808.1313217671122,,,B02,existing
P1345_2_6,G1,B_batteries,G1-B_batteries-03,T015,1505.9694925601793,4516.326993610754,,,B03,existing
P1345_2_6,G1,B_batteries,G1-B_batteries-04,T008,1949.0245440219894,5382.225397256939,,,B04,existing
P1345_2_6,G1,C_batteries,G1-C_batteries-01,T001,0.0,3150.0928537629516,,,C01,existing
P1345_2_6,G1,C_batteries,G1-C_batteries-02,T003,0.0,2947.606630665684,T018,1126.586750848026,C02,existing
P1345_2_6,G1,C_batteries,G1-C_batteries-02,T018,4074.19338151371,9324.985225954879,,,C02,existing
P1345_2_6,G1,C_batteries,G1-C_batteries-03,T010_2,1434.4262775174655,4330.702121185847,,,C03,existing
P1345_2_6,G1,relay_aircraft,G1-relay_aircraft-01,R004,96.18236555369127,4137.266470460487,,,R01,existing
P1345_2_6,G1,relay_aircraft,G1-relay_aircraft-02,R001,190.13731902940862,1999.297638856333,R002,2142.9689317204375,R02,existing
P1345_2_6,G1,relay_aircraft,G1-relay_aircraft-02,R002,4142.26657057677,7037.879962031191,,,R02,existing
P1345_2_6,G1,relay_components,G1-relay_components-01,R004,96.18236555369127,4763.024275968738,,,RE01,existing
P1345_2_6,G1,relay_components,G1-relay_components-02,R001,190.13731902940862,2344.3073253046314,R002,1797.959245272139,RE02,existing
P1345_2_6,G1,relay_components,G1-relay_components-02,R002,4142.26657057677,7517.75318080825,,,RE02,existing
P1345_2_6,G2,A_aircraft,G2-A_aircraft-01,T004,2004.1116402352573,4285.571599071649,,,NEW-A_aircraft-01,procurement_required
P1345_2_6,G2,A_aircraft,G2-A_aircraft-02,T022,2034.1116402352575,3725.6461264742065,,,NEW-A_aircraft-02,procurement_required
P1345_2_6,G2,B_aircraft,G2-B_aircraft-01,T013,3065.5409516878613,5023.582223174855,,,NEW-B_aircraft-01,procurement_required
P1345_2_6,G2,B_aircraft,G2-B_aircraft-02,T021,3813.1314217671124,5711.172693254107,,,NEW-B_aircraft-02,procurement_required
P1345_2_6,G2,C_aircraft,G2-C_aircraft-01,T012,1954.111640235257,4069.1932815137097,,,NEW-C_aircraft-01,procurement_required
P1345_2_6,G2,C_aircraft,G2-C_aircraft-02,T014_2,2952.606730665684,5257.790795633526,,,NEW-C_aircraft-02,procurement_required
P1345_2_6,G2,A_batteries,G2-A_batteries-01,T004,2004.1116402352573,5653.515220850031,,,A05,existing
P1345_2_6,G2,A_batteries,G2-A_batteries-02,T022,2034.1116402352575,4901.140633153662,,,A06,existing
P1345_2_6,G2,B_batteries,G2-B_batteries-01,T013,3065.5409516878613,6982.827850660446,,,NEW-B_batteries-01,procurement_required
P1345_2_6,G2,B_batteries,G2-B_batteries-02,T021,3813.1314217671124,7578.354845171716,,,NEW-B_batteries-02,procurement_required
P1345_2_6,G2,C_batteries,G2-C_batteries-01,T012,1954.111640235257,6561.858998965378,,,C04,existing
P1345_2_6,G2,C_batteries,G2-C_batteries-02,T014_2,2952.606730665684,7764.037455028012,,,NEW-C_batteries-01,procurement_required
P1345_2_6,G2,relay_aircraft,G2-relay_aircraft-01,R003,2004.2977388563338,6244.037452916951,,,NEW-relay_aircraft-01,procurement_required
P1345_2_6,G2,relay_components,G2-relay_components-01,R003,2004.2977388563338,6902.075499094418,,,RE03,existing
P1345_2_6,G3,C_aircraft,G3-C_aircraft-01,T006,5262.790895633526,6542.241766493663,,,NEW-C_aircraft-03,procurement_required
P1345_2_6,G3,C_batteries,G3-C_batteries-01,T006,5262.790895633526,7891.7506752339295,,,NEW-C_batteries-02,procurement_required
P134_25_6,G1,A_aircraft,G1-A_aircraft-01,T005,0.0,1312.470877312685,T020,2609.658374234676,U01,existing
P134_25_6,G1,A_aircraft,G1-A_aircraft-01,T020,3922.129251547361,5892.33909852418,,,U01,existing
P134_25_6,G1,A_aircraft,G1-A_aircraft-02,T007_HARD,0.0,1712.4416357195464,T016,2578.1300633521028,U02,existing
P134_25_6,G1,A_aircraft,G1-A_aircraft-02,T016,4290.571699071649,5986.329803740114,,,U02,existing
P134_25_6,G1,A_aircraft,G1-A_aircraft-03,T007_SOFT,0.0,1712.4416357195464,T014_1,2291.687615827814,U03,existing
P134_25_6,G1,A_aircraft,G1-A_aircraft-03,T014_1,4004.1292515473606,5699.887356215825,,,U03,existing
P134_25_6,G1,A_aircraft,G1-A_aircraft-04,T009,0.0,1316.0142144169886,T007,2586.115037130374,U04,existing
P134_25_6,G1,A_aircraft,G1-A_aircraft-04,T007,3902.1292515473624,6510.170148656284,,,U04,existing
P134_25_6,G1,B_aircraft,G1-B_aircraft-01,T019_1,5028.582323174856,6547.606667586711,,,U05,existing
P134_25_6,G1,C_aircraft,G1-C_aircraft-01,T001,0.0,1561.4261775174655,T018,2512.7672039962445,U07,existing
P134_25_6,G1,C_aircraft,G1-C_aircraft-01,T018,4074.19338151371,6761.824258884327,,,U07,existing
P134_25_6,G1,C_aircraft,G1-C_aircraft-02,T003,0.0,1429.4261775174655,T010_2,5.000099999999975,U08,existing
P134_25_6,G1,C_aircraft,G1-C_aircraft-02,T010_2,1434.4262775174655,2867.4613603954576,,,U08,existing
P134_25_6,G1,A_batteries,G1-A_batteries-01,T005,0.0,2178.7887122874713,T020,1743.3405392598897,A01,existing
P134_25_6,G1,A_batteries,G1-A_batteries-01,T020,3922.129251547361,7132.339749211256,,,A01,existing
P134_25_6,G1,A_batteries,G1-A_batteries-02,T007_HARD,0.0,2761.062337358848,T014_1,1243.0669141885128,A02,existing
P134_25_6,G1,A_batteries,G1-A_batteries-02,T014_1,4004.1292515473606,6815.081680695524,,,A02,existing
P134_25_6,G1,A_batteries,G1-A_batteries-03,T007_SOFT,0.0,2779.9496716386757,T016,1510.6220274329735,A03,existing
P134_25_6,G1,A_batteries,G1-A_batteries-03,T016,4290.571699071649,7122.3061158963155,,,A03,existing
P134_25_6,G1,A_batteries,G1-A_batteries-04,T009,0.0,2194.736329391266,T007,1707.3929221560966,A04,existing
P134_25_6,G1,A_batteries,G1-A_batteries-04,T007,3902.1292515473624,7963.433611739875,,,A04,existing
P134_25_6,G1,B_batteries,G1-B_batteries-01,T019_1,5028.582323174856,8012.288751525202,,,B01,existing
P134_25_6,G1,C_batteries,G1-C_batteries-01,T001,0.0,3150.0928537629516,,,C01,existing
P134_25_6,G1,C_batteries,G1-C_batteries-02,T003,0.0,2947.606630665684,T018,1126.586750848026,C02,existing
P134_25_6,G1,C_batteries,G1-C_batteries-02,T018,4074.19338151371,9324.985225954879,,,C02,existing
P134_25_6,G1,C_batteries,G1-C_batteries-03,T010_2,1434.4262775174655,4330.702121185847,,,C03,existing
P134_25_6,G1,relay_aircraft,G1-relay_aircraft-01,R001,190.13731902940862,1999.297638856333,R002,2142.9689317204375,R01,existing
P134_25_6,G1,relay_aircraft,G1-relay_aircraft-01,R002,4142.26657057677,7037.879962031191,,,R01,existing
P134_25_6,G1,relay_components,G1-relay_components-01,R001,190.13731902940862,2344.3073253046314,R002,1797.959245272139,RE01,existing
P134_25_6,G1,relay_components,G1-relay_components-01,R002,4142.26657057677,7517.75318080825,,,RE01,existing
P134_25_6,G2,A_aircraft,G2-A_aircraft-01,T004,2004.1116402352573,4285.571599071649,,,NEW-A_aircraft-01,procurement_required
P134_25_6,G2,A_aircraft,G2-A_aircraft-02,T022,2034.1116402352575,3725.6461264742065,,,NEW-A_aircraft-02,procurement_required
P134_25_6,G2,B_aircraft,G2-B_aircraft-01,T002_2,0.0,1500.9693925601796,T015,5.0000999999997475,U06,existing
P134_25_6,G2,B_aircraft,G2-B_aircraft-01,T015,1505.9694925601793,3060.540851687861,T013,5.000100000000202,U06,existing
P134_25_6,G2,B_aircraft,G2-B_aircraft-01,T013,3065.5409516878613,5023.582223174855,,,U06,existing
P134_25_6,G2,B_aircraft,G2-B_aircraft-02,T011,0.0,1944.0244440219892,T008,5.000100000000202,NEW-B_aircraft-01,procurement_required
P134_25_6,G2,B_aircraft,G2-B_aircraft-02,T008,1949.0245440219894,3793.5634341775567,T021,19.56798758955574,NEW-B_aircraft-01,procurement_required
P134_25_6,G2,B_aircraft,G2-B_aircraft-02,T021,3813.1314217671124,5711.172693254107,,,NEW-B_aircraft-01,procurement_required
P134_25_6,G2,C_aircraft,G2-C_aircraft-01,T012,1954.111640235257,4069.1932815137097,,,NEW-C_aircraft-01,procurement_required
P134_25_6,G2,C_aircraft,G2-C_aircraft-02,T014_2,2952.606730665684,5257.790795633526,,,NEW-C_aircraft-02,procurement_required
P134_25_6,G2,A_batteries,G2-A_batteries-01,T004,2004.1116402352573,5653.515220850031,,,A05,existing
P134_25_6,G2,A_batteries,G2-A_batteries-02,T022,2034.1116402352575,4901.140633153662,,,A06,existing
P134_25_6,G2,B_batteries,G2-B_batteries-01,T002_2,0.0,2956.647180248775,T013,108.89377143908632,B02,existing
P134_25_6,G2,B_batteries,G2-B_batteries-01,T013,3065.5409516878613,6982.827850660446,,,B02,existing
P134_25_6,G2,B_batteries,G2-B_batteries-02,T011,0.0,3808.1313217671122,T021,5.000100000000202,B03,existing
P134_25_6,G2,B_batteries,G2-B_batteries-02,T021,3813.1314217671124,7578.354845171716,,,B03,existing
P134_25_6,G2,B_batteries,G2-B_batteries-03,T015,1505.9694925601793,4516.326993610754,,,B04,existing
P134_25_6,G2,B_batteries,G2-B_batteries-04,T008,1949.0245440219894,5382.225397256939,,,NEW-B_batteries-01,procurement_required
P134_25_6,G2,C_batteries,G2-C_batteries-01,T012,1954.111640235257,6561.858998965378,,,C04,existing
P134_25_6,G2,C_batteries,G2-C_batteries-02,T014_2,2952.606730665684,7764.037455028012,,,NEW-C_batteries-01,procurement_required
P134_25_6,G2,relay_aircraft,G2-relay_aircraft-01,R004,96.18236555369127,4137.266470460487,,,R02,existing
P134_25_6,G2,relay_aircraft,G2-relay_aircraft-02,R003,2004.2977388563338,6244.037452916951,,,NEW-relay_aircraft-01,procurement_required
P134_25_6,G2,relay_components,G2-relay_components-01,R004,96.18236555369127,4763.024275968738,,,RE02,existing
P134_25_6,G2,relay_components,G2-relay_components-02,R003,2004.2977388563338,6902.075499094418,,,RE03,existing
P134_25_6,G3,C_aircraft,G3-C_aircraft-01,T006,5262.790895633526,6542.241766493663,,,NEW-C_aircraft-03,procurement_required
P134_25_6,G3,C_batteries,G3-C_batteries-01,T006,5262.790895633526,7891.7506752339295,,,NEW-C_batteries-02,procurement_required
P1346_2_5,G1,A_aircraft,G1-A_aircraft-01,T005,0.0,1312.470877312685,T020,2609.658374234676,U01,existing
P1346_2_5,G1,A_aircraft,G1-A_aircraft-01,T020,3922.129251547361,5892.33909852418,,,U01,existing
P1346_2_5,G1,A_aircraft,G1-A_aircraft-02,T007_HARD,0.0,1712.4416357195464,T016,2578.1300633521028,U02,existing
P1346_2_5,G1,A_aircraft,G1-A_aircraft-02,T016,4290.571699071649,5986.329803740114,,,U02,existing
P1346_2_5,G1,A_aircraft,G1-A_aircraft-03,T007_SOFT,0.0,1712.4416357195464,T014_1,2291.687615827814,U03,existing
P1346_2_5,G1,A_aircraft,G1-A_aircraft-03,T014_1,4004.1292515473606,5699.887356215825,,,U03,existing
P1346_2_5,G1,A_aircraft,G1-A_aircraft-04,T009,0.0,1316.0142144169886,T007,2586.115037130374,U04,existing
P1346_2_5,G1,A_aircraft,G1-A_aircraft-04,T007,3902.1292515473624,6510.170148656284,,,U04,existing
P1346_2_5,G1,B_aircraft,G1-B_aircraft-01,T019_1,5028.582323174856,6547.606667586711,,,U05,existing
P1346_2_5,G1,C_aircraft,G1-C_aircraft-01,T001,0.0,1561.4261775174655,T006,3701.3647181160604,U07,existing
P1346_2_5,G1,C_aircraft,G1-C_aircraft-01,T006,5262.790895633526,6542.241766493663,,,U07,existing
P1346_2_5,G1,C_aircraft,G1-C_aircraft-02,T003,0.0,1429.4261775174655,T010_2,5.000099999999975,U08,existing
P1346_2_5,G1,C_aircraft,G1-C_aircraft-02,T010_2,1434.4262775174655,2867.4613603954576,T018,1206.7320211182523,U08,existing
P1346_2_5,G1,C_aircraft,G1-C_aircraft-02,T018,4074.19338151371,6761.824258884327,,,U08,existing
P1346_2_5,G1,A_batteries,G1-A_batteries-01,T005,0.0,2178.7887122874713,T020,1743.3405392598897,A01,existing
P1346_2_5,G1,A_batteries,G1-A_batteries-01,T020,3922.129251547361,7132.339749211256,,,A01,existing
P1346_2_5,G1,A_batteries,G1-A_batteries-02,T007_HARD,0.0,2761.062337358848,T014_1,1243.0669141885128,A02,existing
P1346_2_5,G1,A_batteries,G1-A_batteries-02,T014_1,4004.1292515473606,6815.081680695524,,,A02,existing
P1346_2_5,G1,A_batteries,G1-A_batteries-03,T007_SOFT,0.0,2779.9496716386757,T016,1510.6220274329735,A03,existing
P1346_2_5,G1,A_batteries,G1-A_batteries-03,T016,4290.571699071649,7122.3061158963155,,,A03,existing
P1346_2_5,G1,A_batteries,G1-A_batteries-04,T009,0.0,2194.736329391266,T007,1707.3929221560966,A04,existing
P1346_2_5,G1,A_batteries,G1-A_batteries-04,T007,3902.1292515473624,7963.433611739875,,,A04,existing
P1346_2_5,G1,B_batteries,G1-B_batteries-01,T019_1,5028.582323174856,8012.288751525202,,,B01,existing
P1346_2_5,G1,C_batteries,G1-C_batteries-01,T001,0.0,3150.0928537629516,T006,2112.6980418705743,C01,existing
P1346_2_5,G1,C_batteries,G1-C_batteries-01,T006,5262.790895633526,7891.7506752339295,,,C01,existing
P1346_2_5,G1,C_batteries,G1-C_batteries-02,T003,0.0,2947.606630665684,T018,1126.586750848026,C02,existing
P1346_2_5,G1,C_batteries,G1-C_batteries-02,T018,4074.19338151371,9324.985225954879,,,C02,existing
P1346_2_5,G1,C_batteries,G1-C_batteries-03,T010_2,1434.4262775174655,4330.702121185847,,,C03,existing
P1346_2_5,G1,relay_aircraft,G1-relay_aircraft-01,R001,190.13731902940862,1999.297638856333,R002,2142.9689317204375,R01,existing
P1346_2_5,G1,relay_aircraft,G1-relay_aircraft-01,R002,4142.26657057677,7037.879962031191,,,R01,existing
P1346_2_5,G1,relay_components,G1-relay_components-01,R001,190.13731902940862,2344.3073253046314,R002,1797.959245272139,RE01,existing
P1346_2_5,G1,relay_components,G1-relay_components-01,R002,4142.26657057677,7517.75318080825,,,RE01,existing
P1346_2_5,G2,A_aircraft,G2-A_aircraft-01,T004,2004.1116402352573,4285.571599071649,,,NEW-A_aircraft-01,procurement_required
P1346_2_5,G2,A_aircraft,G2-A_aircraft-02,T022,2034.1116402352575,3725.6461264742065,,,NEW-A_aircraft-02,procurement_required
P1346_2_5,G2,B_aircraft,G2-B_aircraft-01,T013,3065.5409516878613,5023.582223174855,,,U06,existing
P1346_2_5,G2,B_aircraft,G2-B_aircraft-02,T021,3813.1314217671124,5711.172693254107,,,NEW-B_aircraft-01,procurement_required
P1346_2_5,G2,C_aircraft,G2-C_aircraft-01,T012,1954.111640235257,4069.1932815137097,,,NEW-C_aircraft-01,procurement_required
P1346_2_5,G2,C_aircraft,G2-C_aircraft-02,T014_2,2952.606730665684,5257.790795633526,,,NEW-C_aircraft-02,procurement_required
P1346_2_5,G2,A_batteries,G2-A_batteries-01,T004,2004.1116402352573,5653.515220850031,,,A05,existing
P1346_2_5,G2,A_batteries,G2-A_batteries-02,T022,2034.1116402352575,4901.140633153662,,,A06,existing
P1346_2_5,G2,B_batteries,G2-B_batteries-01,T013,3065.5409516878613,6982.827850660446,,,B02,existing
P1346_2_5,G2,B_batteries,G2-B_batteries-02,T021,3813.1314217671124,7578.354845171716,,,B03,existing
P1346_2_5,G2,C_batteries,G2-C_batteries-01,T012,1954.111640235257,6561.858998965378,,,C04,existing
P1346_2_5,G2,C_batteries,G2-C_batteries-02,T014_2,2952.606730665684,7764.037455028012,,,NEW-C_batteries-01,procurement_required
P1346_2_5,G2,relay_aircraft,G2-relay_aircraft-01,R003,2004.2977388563338,6244.037452916951,,,R02,existing
P1346_2_5,G2,relay_components,G2-relay_components-01,R003,2004.2977388563338,6902.075499094418,,,RE02,existing
P1346_2_5,G3,B_aircraft,G3-B_aircraft-01,T002_2,0.0,1500.9693925601796,T015,5.0000999999997475,NEW-B_aircraft-02,procurement_required
P1346_2_5,G3,B_aircraft,G3-B_aircraft-01,T015,1505.9694925601793,3060.540851687861,,,NEW-B_aircraft-02,procurement_required
P1346_2_5,G3,B_aircraft,G3-B_aircraft-02,T011,0.0,1944.0244440219892,T008,5.000100000000202,NEW-B_aircraft-03,procurement_required
P1346_2_5,G3,B_aircraft,G3-B_aircraft-02,T008,1949.0245440219894,3793.5634341775567,,,NEW-B_aircraft-03,procurement_required
P1346_2_5,G3,B_batteries,G3-B_batteries-01,T002_2,0.0,2956.647180248775,,,B04,existing
P1346_2_5,G3,B_batteries,G3-B_batteries-02,T011,0.0,3808.1313217671122,,,NEW-B_batteries-01,procurement_required
P1346_2_5,G3,B_batteries,G3-B_batteries-03,T015,1505.9694925601793,4516.326993610754,,,NEW-B_batteries-02,procurement_required
P1346_2_5,G3,B_batteries,G3-B_batteries-04,T008,1949.0245440219894,5382.225397256939,,,NEW-B_batteries-03,procurement_required
P1346_2_5,G3,relay_aircraft,G3-relay_aircraft-01,R004,96.18236555369127,4137.266470460487,,,NEW-relay_aircraft-01,procurement_required
P1346_2_5,G3,relay_components,G3-relay_components-01,R004,96.18236555369127,4763.024275968738,,,RE03,existing
P134_26_5,G1,A_aircraft,G1-A_aircraft-01,T005,0.0,1312.470877312685,T020,2609.658374234676,U01,existing
P134_26_5,G1,A_aircraft,G1-A_aircraft-01,T020,3922.129251547361,5892.33909852418,,,U01,existing
P134_26_5,G1,A_aircraft,G1-A_aircraft-02,T007_HARD,0.0,1712.4416357195464,T016,2578.1300633521028,U02,existing
P134_26_5,G1,A_aircraft,G1-A_aircraft-02,T016,4290.571699071649,5986.329803740114,,,U02,existing
P134_26_5,G1,A_aircraft,G1-A_aircraft-03,T007_SOFT,0.0,1712.4416357195464,T014_1,2291.687615827814,U03,existing
P134_26_5,G1,A_aircraft,G1-A_aircraft-03,T014_1,4004.1292515473606,5699.887356215825,,,U03,existing
P134_26_5,G1,A_aircraft,G1-A_aircraft-04,T009,0.0,1316.0142144169886,T007,2586.115037130374,U04,existing
P134_26_5,G1,A_aircraft,G1-A_aircraft-04,T007,3902.1292515473624,6510.170148656284,,,U04,existing
P134_26_5,G1,B_aircraft,G1-B_aircraft-01,T019_1,5028.582323174856,6547.606667586711,,,U05,existing
P134_26_5,G1,C_aircraft,G1-C_aircraft-01,T001,0.0,1561.4261775174655,T018,2512.7672039962445,U07,existing
P134_26_5,G1,C_aircraft,G1-C_aircraft-01,T018,4074.19338151371,6761.824258884327,,,U07,existing
P134_26_5,G1,C_aircraft,G1-C_aircraft-02,T003,0.0,1429.4261775174655,T010_2,5.000099999999975,U08,existing
P134_26_5,G1,C_aircraft,G1-C_aircraft-02,T010_2,1434.4262775174655,2867.4613603954576,,,U08,existing
P134_26_5,G1,A_batteries,G1-A_batteries-01,T005,0.0,2178.7887122874713,T020,1743.3405392598897,A01,existing
P134_26_5,G1,A_batteries,G1-A_batteries-01,T020,3922.129251547361,7132.339749211256,,,A01,existing
P134_26_5,G1,A_batteries,G1-A_batteries-02,T007_HARD,0.0,2761.062337358848,T014_1,1243.0669141885128,A02,existing
P134_26_5,G1,A_batteries,G1-A_batteries-02,T014_1,4004.1292515473606,6815.081680695524,,,A02,existing
P134_26_5,G1,A_batteries,G1-A_batteries-03,T007_SOFT,0.0,2779.9496716386757,T016,1510.6220274329735,A03,existing
P134_26_5,G1,A_batteries,G1-A_batteries-03,T016,4290.571699071649,7122.3061158963155,,,A03,existing
P134_26_5,G1,A_batteries,G1-A_batteries-04,T009,0.0,2194.736329391266,T007,1707.3929221560966,A04,existing
P134_26_5,G1,A_batteries,G1-A_batteries-04,T007,3902.1292515473624,7963.433611739875,,,A04,existing
P134_26_5,G1,B_batteries,G1-B_batteries-01,T019_1,5028.582323174856,8012.288751525202,,,B01,existing
P134_26_5,G1,C_batteries,G1-C_batteries-01,T001,0.0,3150.0928537629516,,,C01,existing
P134_26_5,G1,C_batteries,G1-C_batteries-02,T003,0.0,2947.606630665684,T018,1126.586750848026,C02,existing
P134_26_5,G1,C_batteries,G1-C_batteries-02,T018,4074.19338151371,9324.985225954879,,,C02,existing
P134_26_5,G1,C_batteries,G1-C_batteries-03,T010_2,1434.4262775174655,4330.702121185847,,,C03,existing
P134_26_5,G1,relay_aircraft,G1-relay_aircraft-01,R001,190.13731902940862,1999.297638856333,R002,2142.9689317204375,R01,existing
P134_26_5,G1,relay_aircraft,G1-relay_aircraft-01,R002,4142.26657057677,7037.879962031191,,,R01,existing
P134_26_5,G1,relay_components,G1-relay_components-01,R001,190.13731902940862,2344.3073253046314,R002,1797.959245272139,RE01,existing
P134_26_5,G1,relay_components,G1-relay_components-01,R002,4142.26657057677,7517.75318080825,,,RE01,existing
P134_26_5,G2,A_aircraft,G2-A_aircraft-01,T004,2004.1116402352573,4285.571599071649,,,NEW-A_aircraft-01,procurement_required
P134_26_5,G2,A_aircraft,G2-A_aircraft-02,T022,2034.1116402352575,3725.6461264742065,,,NEW-A_aircraft-02,procurement_required
P134_26_5,G2,B_aircraft,G2-B_aircraft-01,T013,3065.5409516878613,5023.582223174855,,,U06,existing
P134_26_5,G2,B_aircraft,G2-B_aircraft-02,T021,3813.1314217671124,5711.172693254107,,,NEW-B_aircraft-01,procurement_required
P134_26_5,G2,C_aircraft,G2-C_aircraft-01,T012,1954.111640235257,4069.1932815137097,T006,1193.5976141198162,NEW-C_aircraft-01,procurement_required
P134_26_5,G2,C_aircraft,G2-C_aircraft-01,T006,5262.790895633526,6542.241766493663,,,NEW-C_aircraft-01,procurement_required
P134_26_5,G2,C_aircraft,G2-C_aircraft-02,T014_2,2952.606730665684,5257.790795633526,,,NEW-C_aircraft-02,procurement_required
P134_26_5,G2,A_batteries,G2-A_batteries-01,T004,2004.1116402352573,5653.515220850031,,,A05,existing
P134_26_5,G2,A_batteries,G2-A_batteries-02,T022,2034.1116402352575,4901.140633153662,,,A06,existing
P134_26_5,G2,B_batteries,G2-B_batteries-01,T013,3065.5409516878613,6982.827850660446,,,B02,existing
P134_26_5,G2,B_batteries,G2-B_batteries-02,T021,3813.1314217671124,7578.354845171716,,,B03,existing
P134_26_5,G2,C_batteries,G2-C_batteries-01,T012,1954.111640235257,6561.858998965378,,,C04,existing
P134_26_5,G2,C_batteries,G2-C_batteries-02,T014_2,2952.606730665684,7764.037455028012,,,NEW-C_batteries-01,procurement_required
P134_26_5,G2,C_batteries,G2-C_batteries-03,T006,5262.790895633526,7891.7506752339295,,,NEW-C_batteries-02,procurement_required
P134_26_5,G2,relay_aircraft,G2-relay_aircraft-01,R003,2004.2977388563338,6244.037452916951,,,R02,existing
P134_26_5,G2,relay_components,G2-relay_components-01,R003,2004.2977388563338,6902.075499094418,,,RE02,existing
P134_26_5,G3,B_aircraft,G3-B_aircraft-01,T002_2,0.0,1500.9693925601796,T015,5.0000999999997475,NEW-B_aircraft-02,procurement_required
P134_26_5,G3,B_aircraft,G3-B_aircraft-01,T015,1505.9694925601793,3060.540851687861,,,NEW-B_aircraft-02,procurement_required
P134_26_5,G3,B_aircraft,G3-B_aircraft-02,T011,0.0,1944.0244440219892,T008,5.000100000000202,NEW-B_aircraft-03,procurement_required
P134_26_5,G3,B_aircraft,G3-B_aircraft-02,T008,1949.0245440219894,3793.5634341775567,,,NEW-B_aircraft-03,procurement_required
P134_26_5,G3,B_batteries,G3-B_batteries-01,T002_2,0.0,2956.647180248775,,,B04,existing
P134_26_5,G3,B_batteries,G3-B_batteries-02,T011,0.0,3808.1313217671122,,,NEW-B_batteries-01,procurement_required
P134_26_5,G3,B_batteries,G3-B_batteries-03,T015,1505.9694925601793,4516.326993610754,,,NEW-B_batteries-02,procurement_required
P134_26_5,G3,B_batteries,G3-B_batteries-04,T008,1949.0245440219894,5382.225397256939,,,NEW-B_batteries-03,procurement_required
P134_26_5,G3,relay_aircraft,G3-relay_aircraft-01,R004,96.18236555369127,4137.266470460487,,,NEW-relay_aircraft-01,procurement_required
P134_26_5,G3,relay_components,G3-relay_components-01,R004,96.18236555369127,4763.024275968738,,,RE03,existing
P134_2_56,G1,A_aircraft,G1-A_aircraft-01,T005,0.0,1312.470877312685,T020,2609.658374234676,U01,existing
P134_2_56,G1,A_aircraft,G1-A_aircraft-01,T020,3922.129251547361,5892.33909852418,,,U01,existing
P134_2_56,G1,A_aircraft,G1-A_aircraft-02,T007_HARD,0.0,1712.4416357195464,T016,2578.1300633521028,U02,existing
P134_2_56,G1,A_aircraft,G1-A_aircraft-02,T016,4290.571699071649,5986.329803740114,,,U02,existing
P134_2_56,G1,A_aircraft,G1-A_aircraft-03,T007_SOFT,0.0,1712.4416357195464,T014_1,2291.687615827814,U03,existing
P134_2_56,G1,A_aircraft,G1-A_aircraft-03,T014_1,4004.1292515473606,5699.887356215825,,,U03,existing
P134_2_56,G1,A_aircraft,G1-A_aircraft-04,T009,0.0,1316.0142144169886,T007,2586.115037130374,U04,existing
P134_2_56,G1,A_aircraft,G1-A_aircraft-04,T007,3902.1292515473624,6510.170148656284,,,U04,existing
P134_2_56,G1,B_aircraft,G1-B_aircraft-01,T019_1,5028.582323174856,6547.606667586711,,,U05,existing
P134_2_56,G1,C_aircraft,G1-C_aircraft-01,T001,0.0,1561.4261775174655,T018,2512.7672039962445,U07,existing
P134_2_56,G1,C_aircraft,G1-C_aircraft-01,T018,4074.19338151371,6761.824258884327,,,U07,existing
P134_2_56,G1,C_aircraft,G1-C_aircraft-02,T003,0.0,1429.4261775174655,T010_2,5.000099999999975,U08,existing
P134_2_56,G1,C_aircraft,G1-C_aircraft-02,T010_2,1434.4262775174655,2867.4613603954576,,,U08,existing
P134_2_56,G1,A_batteries,G1-A_batteries-01,T005,0.0,2178.7887122874713,T020,1743.3405392598897,A01,existing
P134_2_56,G1,A_batteries,G1-A_batteries-01,T020,3922.129251547361,7132.339749211256,,,A01,existing
P134_2_56,G1,A_batteries,G1-A_batteries-02,T007_HARD,0.0,2761.062337358848,T014_1,1243.0669141885128,A02,existing
P134_2_56,G1,A_batteries,G1-A_batteries-02,T014_1,4004.1292515473606,6815.081680695524,,,A02,existing
P134_2_56,G1,A_batteries,G1-A_batteries-03,T007_SOFT,0.0,2779.9496716386757,T016,1510.6220274329735,A03,existing
P134_2_56,G1,A_batteries,G1-A_batteries-03,T016,4290.571699071649,7122.3061158963155,,,A03,existing
P134_2_56,G1,A_batteries,G1-A_batteries-04,T009,0.0,2194.736329391266,T007,1707.3929221560966,A04,existing
P134_2_56,G1,A_batteries,G1-A_batteries-04,T007,3902.1292515473624,7963.433611739875,,,A04,existing
P134_2_56,G1,B_batteries,G1-B_batteries-01,T019_1,5028.582323174856,8012.288751525202,,,B01,existing
P134_2_56,G1,C_batteries,G1-C_batteries-01,T001,0.0,3150.0928537629516,,,C01,existing
P134_2_56,G1,C_batteries,G1-C_batteries-02,T003,0.0,2947.606630665684,T018,1126.586750848026,C02,existing
P134_2_56,G1,C_batteries,G1-C_batteries-02,T018,4074.19338151371,9324.985225954879,,,C02,existing
P134_2_56,G1,C_batteries,G1-C_batteries-03,T010_2,1434.4262775174655,4330.702121185847,,,C03,existing
P134_2_56,G1,relay_aircraft,G1-relay_aircraft-01,R001,190.13731902940862,1999.297638856333,R002,2142.9689317204375,R01,existing
P134_2_56,G1,relay_aircraft,G1-relay_aircraft-01,R002,4142.26657057677,7037.879962031191,,,R01,existing
P134_2_56,G1,relay_components,G1-relay_components-01,R001,190.13731902940862,2344.3073253046314,R002,1797.959245272139,RE01,existing
P134_2_56,G1,relay_components,G1-relay_components-01,R002,4142.26657057677,7517.75318080825,,,RE01,existing
P134_2_56,G2,A_aircraft,G2-A_aircraft-01,T004,2004.1116402352573,4285.571599071649,,,NEW-A_aircraft-01,procurement_required
P134_2_56,G2,A_aircraft,G2-A_aircraft-02,T022,2034.1116402352575,3725.6461264742065,,,NEW-A_aircraft-02,procurement_required
P134_2_56,G2,B_aircraft,G2-B_aircraft-01,T013,3065.5409516878613,5023.582223174855,,,U06,existing
P134_2_56,G2,B_aircraft,G2-B_aircraft-02,T021,3813.1314217671124,5711.172693254107,,,NEW-B_aircraft-01,procurement_required
P134_2_56,G2,C_aircraft,G2-C_aircraft-01,T012,1954.111640235257,4069.1932815137097,,,NEW-C_aircraft-01,procurement_required
P134_2_56,G2,C_aircraft,G2-C_aircraft-02,T014_2,2952.606730665684,5257.790795633526,,,NEW-C_aircraft-02,procurement_required
P134_2_56,G2,A_batteries,G2-A_batteries-01,T004,2004.1116402352573,5653.515220850031,,,A05,existing
P134_2_56,G2,A_batteries,G2-A_batteries-02,T022,2034.1116402352575,4901.140633153662,,,A06,existing
P134_2_56,G2,B_batteries,G2-B_batteries-01,T013,3065.5409516878613,6982.827850660446,,,B02,existing
P134_2_56,G2,B_batteries,G2-B_batteries-02,T021,3813.1314217671124,7578.354845171716,,,B03,existing
P134_2_56,G2,C_batteries,G2-C_batteries-01,T012,1954.111640235257,6561.858998965378,,,C04,existing
P134_2_56,G2,C_batteries,G2-C_batteries-02,T014_2,2952.606730665684,7764.037455028012,,,NEW-C_batteries-01,procurement_required
P134_2_56,G2,relay_aircraft,G2-relay_aircraft-01,R003,2004.2977388563338,6244.037452916951,,,R02,existing
P134_2_56,G2,relay_components,G2-relay_components-01,R003,2004.2977388563338,6902.075499094418,,,RE02,existing
P134_2_56,G3,B_aircraft,G3-B_aircraft-01,T002_2,0.0,1500.9693925601796,T015,5.0000999999997475,NEW-B_aircraft-02,procurement_required
P134_2_56,G3,B_aircraft,G3-B_aircraft-01,T015,1505.9694925601793,3060.540851687861,,,NEW-B_aircraft-02,procurement_required
P134_2_56,G3,B_aircraft,G3-B_aircraft-02,T011,0.0,1944.0244440219892,T008,5.000100000000202,NEW-B_aircraft-03,procurement_required
P134_2_56,G3,B_aircraft,G3-B_aircraft-02,T008,1949.0245440219894,3793.5634341775567,,,NEW-B_aircraft-03,procurement_required
P134_2_56,G3,C_aircraft,G3-C_aircraft-01,T006,5262.790895633526,6542.241766493663,,,NEW-C_aircraft-03,procurement_required
P134_2_56,G3,B_batteries,G3-B_batteries-01,T002_2,0.0,2956.647180248775,,,B04,existing
P134_2_56,G3,B_batteries,G3-B_batteries-02,T011,0.0,3808.1313217671122,,,NEW-B_batteries-01,procurement_required
P134_2_56,G3,B_batteries,G3-B_batteries-03,T015,1505.9694925601793,4516.326993610754,,,NEW-B_batteries-02,procurement_required
P134_2_56,G3,B_batteries,G3-B_batteries-04,T008,1949.0245440219894,5382.225397256939,,,NEW-B_batteries-03,procurement_required
P134_2_56,G3,C_batteries,G3-C_batteries-01,T006,5262.790895633526,7891.7506752339295,,,NEW-C_batteries-02,procurement_required
P134_2_56,G3,relay_aircraft,G3-relay_aircraft-01,R004,96.18236555369127,4137.266470460487,,,NEW-relay_aircraft-01,procurement_required
P134_2_56,G3,relay_components,G3-relay_components-01,R004,96.18236555369127,4763.024275968738,,,RE03,existing
P135_24_6,G1,A_aircraft,G1-A_aircraft-01,T005,0.0,1312.470877312685,T007,2589.6583742346775,U01,existing
P135_24_6,G1,A_aircraft,G1-A_aircraft-01,T007,3902.1292515473624,6510.170148656284,,,U01,existing
P135_24_6,G1,A_aircraft,G1-A_aircraft-02,T007_HARD,0.0,1712.4416357195464,T016,2578.1300633521028,U02,existing
P135_24_6,G1,A_aircraft,G1-A_aircraft-02,T016,4290.571699071649,5986.329803740114,,,U02,existing
P135_24_6,G1,A_aircraft,G1-A_aircraft-03,T007_SOFT,0.0,1712.4416357195464,T014_1,2291.687615827814,U03,existing
P135_24_6,G1,A_aircraft,G1-A_aircraft-03,T014_1,4004.1292515473606,5699.887356215825,,,U03,existing
P135_24_6,G1,A_aircraft,G1-A_aircraft-04,T020,3922.129251547361,5892.33909852418,,,U04,existing
P135_24_6,G1,B_aircraft,G1-B_aircraft-01,T002_2,0.0,1500.9693925601796,T015,5.0000999999997475,U05,existing
P135_24_6,G1,B_aircraft,G1-B_aircraft-01,T015,1505.9694925601793,3060.540851687861,T019_1,1968.0414714869953,U05,existing
P135_24_6,G1,B_aircraft,G1-B_aircraft-01,T019_1,5028.582323174856,6547.606667586711,,,U05,existing
P135_24_6,G1,B_aircraft,G1-B_aircraft-02,T011,0.0,1944.0244440219892,T008,5.000100000000202,U06,existing
P135_24_6,G1,B_aircraft,G1-B_aircraft-02,T008,1949.0245440219894,3793.5634341775567,,,U06,existing
P135_24_6,G1,C_aircraft,G1-C_aircraft-01,T001,0.0,1561.4261775174655,,,U07,existing
P135_24_6,G1,C_aircraft,G1-C_aircraft-02,T003,0.0,1429.4261775174655,T018,2644.7672039962445,U08,existing
P135_24_6,G1,C_aircraft,G1-C_aircraft-02,T018,4074.19338151371,6761.824258884327,,,U08,existing
P135_24_6,G1,A_batteries,G1-A_batteries-01,T005,0.0,2178.7887122874713,T007,1723.340539259891,A01,existing
P135_24_6,G1,A_batteries,G1-A_batteries-01,T007,3902.1292515473624,7963.433611739875,,,A01,existing
P135_24_6,G1,A_batteries,G1-A_batteries-02,T007_HARD,0.0,2761.062337358848,T014_1,1243.0669141885128,A02,existing
P135_24_6,G1,A_batteries,G1-A_batteries-02,T014_1,4004.1292515473606,6815.081680695524,,,A02,existing
P135_24_6,G1,A_batteries,G1-A_batteries-03,T007_SOFT,0.0,2779.9496716386757,T016,1510.6220274329735,A03,existing
P135_24_6,G1,A_batteries,G1-A_batteries-03,T016,4290.571699071649,7122.3061158963155,,,A03,existing
P135_24_6,G1,A_batteries,G1-A_batteries-04,T020,3922.129251547361,7132.339749211256,,,A04,existing
P135_24_6,G1,B_batteries,G1-B_batteries-01,T002_2,0.0,2956.647180248775,T019_1,2071.9351429260814,B01,existing
P135_24_6,G1,B_batteries,G1-B_batteries-01,T019_1,5028.582323174856,8012.288751525202,,,B01,existing
P135_24_6,G1,B_batteries,G1-B_batteries-02,T011,0.0,3808.1313217671122,,,B02,existing
P135_24_6,G1,B_batteries,G1-B_batteries-03,T015,1505.9694925601793,4516.326993610754,,,B03,existing
P135_24_6,G1,B_batteries,G1-B_batteries-04,T008,1949.0245440219894,5382.225397256939,,,B04,existing
P135_24_6,G1,C_batteries,G1-C_batteries-01,T001,0.0,3150.0928537629516,,,C01,existing
P135_24_6,G1,C_batteries,G1-C_batteries-02,T003,0.0,2947.606630665684,T018,1126.586750848026,C02,existing
P135_24_6,G1,C_batteries,G1-C_batteries-02,T018,4074.19338151371,9324.985225954879,,,C02,existing
P135_24_6,G1,relay_aircraft,G1-relay_aircraft-01,R004,96.18236555369127,4137.266470460487,,,R01,existing
P135_24_6,G1,relay_aircraft,G1-relay_aircraft-02,R001,190.13731902940862,1999.297638856333,R002,2142.9689317204375,R02,existing
P135_24_6,G1,relay_aircraft,G1-relay_aircraft-02,R002,4142.26657057677,7037.879962031191,,,R02,existing
P135_24_6,G1,relay_components,G1-relay_components-01,R004,96.18236555369127,4763.024275968738,,,RE01,existing
P135_24_6,G1,relay_components,G1-relay_components-02,R001,190.13731902940862,2344.3073253046314,R002,1797.959245272139,RE02,existing
P135_24_6,G1,relay_components,G1-relay_components-02,R002,4142.26657057677,7517.75318080825,,,RE02,existing
P135_24_6,G2,A_aircraft,G2-A_aircraft-01,T009,0.0,1316.0142144169886,T022,718.0974258182689,NEW-A_aircraft-01,procurement_required
P135_24_6,G2,A_aircraft,G2-A_aircraft-01,T022,2034.1116402352575,3725.6461264742065,,,NEW-A_aircraft-01,procurement_required
P135_24_6,G2,A_aircraft,G2-A_aircraft-02,T004,2004.1116402352573,4285.571599071649,,,NEW-A_aircraft-02,procurement_required
P135_24_6,G2,B_aircraft,G2-B_aircraft-01,T013,3065.5409516878613,5023.582223174855,,,NEW-B_aircraft-01,procurement_required
P135_24_6,G2,B_aircraft,G2-B_aircraft-02,T021,3813.1314217671124,5711.172693254107,,,NEW-B_aircraft-02,procurement_required
P135_24_6,G2,C_aircraft,G2-C_aircraft-01,T010_2,1434.4262775174655,2867.4613603954576,T014_2,85.14537027022652,NEW-C_aircraft-01,procurement_required
P135_24_6,G2,C_aircraft,G2-C_aircraft-01,T014_2,2952.606730665684,5257.790795633526,,,NEW-C_aircraft-01,procurement_required
P135_24_6,G2,C_aircraft,G2-C_aircraft-02,T012,1954.111640235257,4069.1932815137097,,,NEW-C_aircraft-02,procurement_required
P135_24_6,G2,A_batteries,G2-A_batteries-01,T009,0.0,2194.736329391266,,,A05,existing
P135_24_6,G2,A_batteries,G2-A_batteries-02,T004,2004.1116402352573,5653.515220850031,,,A06,existing
P135_24_6,G2,A_batteries,G2-A_batteries-03,T022,2034.1116402352575,4901.140633153662,,,NEW-A_batteries-01,procurement_required
P135_24_6,G2,B_batteries,G2-B_batteries-01,T013,3065.5409516878613,6982.827850660446,,,NEW-B_batteries-01,procurement_required
P135_24_6,G2,B_batteries,G2-B_batteries-02,T021,3813.1314217671124,7578.354845171716,,,NEW-B_batteries-02,procurement_required
P135_24_6,G2,C_batteries,G2-C_batteries-01,T010_2,1434.4262775174655,4330.702121185847,,,C03,existing
P135_24_6,G2,C_batteries,G2-C_batteries-02,T012,1954.111640235257,6561.858998965378,,,C04,existing
P135_24_6,G2,C_batteries,G2-C_batteries-03,T014_2,2952.606730665684,7764.037455028012,,,NEW-C_batteries-01,procurement_required
P135_24_6,G2,relay_aircraft,G2-relay_aircraft-01,R003,2004.2977388563338,6244.037452916951,,,NEW-relay_aircraft-01,procurement_required
P135_24_6,G2,relay_components,G2-relay_components-01,R003,2004.2977388563338,6902.075499094418,,,RE03,existing
P135_24_6,G3,C_aircraft,G3-C_aircraft-01,T006,5262.790895633526,6542.241766493663,,,NEW-C_aircraft-03,procurement_required
P135_24_6,G3,C_batteries,G3-C_batteries-01,T006,5262.790895633526,7891.7506752339295,,,NEW-C_batteries-02,procurement_required
P13_245_6,G1,A_aircraft,G1-A_aircraft-01,T005,0.0,1312.470877312685,T007,2589.6583742346775,U01,existing
P13_245_6,G1,A_aircraft,G1-A_aircraft-01,T007,3902.1292515473624,6510.170148656284,,,U01,existing
P13_245_6,G1,A_aircraft,G1-A_aircraft-02,T007_HARD,0.0,1712.4416357195464,T016,2578.1300633521028,U02,existing
P13_245_6,G1,A_aircraft,G1-A_aircraft-02,T016,4290.571699071649,5986.329803740114,,,U02,existing
P13_245_6,G1,A_aircraft,G1-A_aircraft-03,T007_SOFT,0.0,1712.4416357195464,T014_1,2291.687615827814,U03,existing
P13_245_6,G1,A_aircraft,G1-A_aircraft-03,T014_1,4004.1292515473606,5699.887356215825,,,U03,existing
P13_245_6,G1,A_aircraft,G1-A_aircraft-04,T020,3922.129251547361,5892.33909852418,,,U04,existing
P13_245_6,G1,B_aircraft,G1-B_aircraft-01,T019_1,5028.582323174856,6547.606667586711,,,U05,existing
P13_245_6,G1,C_aircraft,G1-C_aircraft-01,T001,0.0,1561.4261775174655,,,U07,existing
P13_245_6,G1,C_aircraft,G1-C_aircraft-02,T003,0.0,1429.4261775174655,T018,2644.7672039962445,U08,existing
P13_245_6,G1,C_aircraft,G1-C_aircraft-02,T018,4074.19338151371,6761.824258884327,,,U08,existing
P13_245_6,G1,A_batteries,G1-A_batteries-01,T005,0.0,2178.7887122874713,T007,1723.340539259891,A01,existing
P13_245_6,G1,A_batteries,G1-A_batteries-01,T007,3902.1292515473624,7963.433611739875,,,A01,existing
P13_245_6,G1,A_batteries,G1-A_batteries-02,T007_HARD,0.0,2761.062337358848,T014_1,1243.0669141885128,A02,existing
P13_245_6,G1,A_batteries,G1-A_batteries-02,T014_1,4004.1292515473606,6815.081680695524,,,A02,existing
P13_245_6,G1,A_batteries,G1-A_batteries-03,T007_SOFT,0.0,2779.9496716386757,T016,1510.6220274329735,A03,existing
P13_245_6,G1,A_batteries,G1-A_batteries-03,T016,4290.571699071649,7122.3061158963155,,,A03,existing
P13_245_6,G1,A_batteries,G1-A_batteries-04,T020,3922.129251547361,7132.339749211256,,,A04,existing
P13_245_6,G1,B_batteries,G1-B_batteries-01,T019_1,5028.582323174856,8012.288751525202,,,B01,existing
P13_245_6,G1,C_batteries,G1-C_batteries-01,T001,0.0,3150.0928537629516,,,C01,existing
P13_245_6,G1,C_batteries,G1-C_batteries-02,T003,0.0,2947.606630665684,T018,1126.586750848026,C02,existing
P13_245_6,G1,C_batteries,G1-C_batteries-02,T018,4074.19338151371,9324.985225954879,,,C02,existing
P13_245_6,G1,relay_aircraft,G1-relay_aircraft-01,R001,190.13731902940862,1999.297638856333,R002,2142.9689317204375,R01,existing
P13_245_6,G1,relay_aircraft,G1-relay_aircraft-01,R002,4142.26657057677,7037.879962031191,,,R01,existing
P13_245_6,G1,relay_components,G1-relay_components-01,R001,190.13731902940862,2344.3073253046314,R002,1797.959245272139,RE01,existing
P13_245_6,G1,relay_components,G1-relay_components-01,R002,4142.26657057677,7517.75318080825,,,RE01,existing
P13_245_6,G2,A_aircraft,G2-A_aircraft-01,T009,0.0,1316.0142144169886,T022,718.0974258182689,NEW-A_aircraft-01,procurement_required
P13_245_6,G2,A_aircraft,G2-A_aircraft-01,T022,2034.1116402352575,3725.6461264742065,,,NEW-A_aircraft-01,procurement_required
P13_245_6,G2,A_aircraft,G2-A_aircraft-02,T004,2004.1116402352573,4285.571599071649,,,NEW-A_aircraft-02,procurement_required
P13_245_6,G2,B_aircraft,G2-B_aircraft-01,T002_2,0.0,1500.9693925601796,T015,5.0000999999997475,U06,existing
P13_245_6,G2,B_aircraft,G2-B_aircraft-01,T015,1505.9694925601793,3060.540851687861,T013,5.000100000000202,U06,existing
P13_245_6,G2,B_aircraft,G2-B_aircraft-01,T013,3065.5409516878613,5023.582223174855,,,U06,existing
P13_245_6,G2,B_aircraft,G2-B_aircraft-02,T011,0.0,1944.0244440219892,T008,5.000100000000202,NEW-B_aircraft-01,procurement_required
P13_245_6,G2,B_aircraft,G2-B_aircraft-02,T008,1949.0245440219894,3793.5634341775567,T021,19.56798758955574,NEW-B_aircraft-01,procurement_required
P13_245_6,G2,B_aircraft,G2-B_aircraft-02,T021,3813.1314217671124,5711.172693254107,,,NEW-B_aircraft-01,procurement_required
P13_245_6,G2,C_aircraft,G2-C_aircraft-01,T010_2,1434.4262775174655,2867.4613603954576,T014_2,85.14537027022652,NEW-C_aircraft-01,procurement_required
P13_245_6,G2,C_aircraft,G2-C_aircraft-01,T014_2,2952.606730665684,5257.790795633526,,,NEW-C_aircraft-01,procurement_required
P13_245_6,G2,C_aircraft,G2-C_aircraft-02,T012,1954.111640235257,4069.1932815137097,,,NEW-C_aircraft-02,procurement_required
P13_245_6,G2,A_batteries,G2-A_batteries-01,T009,0.0,2194.736329391266,,,A05,existing
P13_245_6,G2,A_batteries,G2-A_batteries-02,T004,2004.1116402352573,5653.515220850031,,,A06,existing
P13_245_6,G2,A_batteries,G2-A_batteries-03,T022,2034.1116402352575,4901.140633153662,,,NEW-A_batteries-01,procurement_required
P13_245_6,G2,B_batteries,G2-B_batteries-01,T002_2,0.0,2956.647180248775,T013,108.89377143908632,B02,existing
P13_245_6,G2,B_batteries,G2-B_batteries-01,T013,3065.5409516878613,6982.827850660446,,,B02,existing
P13_245_6,G2,B_batteries,G2-B_batteries-02,T011,0.0,3808.1313217671122,T021,5.000100000000202,B03,existing
P13_245_6,G2,B_batteries,G2-B_batteries-02,T021,3813.1314217671124,7578.354845171716,,,B03,existing
P13_245_6,G2,B_batteries,G2-B_batteries-03,T015,1505.9694925601793,4516.326993610754,,,B04,existing
P13_245_6,G2,B_batteries,G2-B_batteries-04,T008,1949.0245440219894,5382.225397256939,,,NEW-B_batteries-01,procurement_required
P13_245_6,G2,C_batteries,G2-C_batteries-01,T010_2,1434.4262775174655,4330.702121185847,,,C03,existing
P13_245_6,G2,C_batteries,G2-C_batteries-02,T012,1954.111640235257,6561.858998965378,,,C04,existing
P13_245_6,G2,C_batteries,G2-C_batteries-03,T014_2,2952.606730665684,7764.037455028012,,,NEW-C_batteries-01,procurement_required
P13_245_6,G2,relay_aircraft,G2-relay_aircraft-01,R004,96.18236555369127,4137.266470460487,,,R02,existing
P13_245_6,G2,relay_aircraft,G2-relay_aircraft-02,R003,2004.2977388563338,6244.037452916951,,,NEW-relay_aircraft-01,procurement_required
P13_245_6,G2,relay_components,G2-relay_components-01,R004,96.18236555369127,4763.024275968738,,,RE02,existing
P13_245_6,G2,relay_components,G2-relay_components-02,R003,2004.2977388563338,6902.075499094418,,,RE03,existing
P13_245_6,G3,C_aircraft,G3-C_aircraft-01,T006,5262.790895633526,6542.241766493663,,,NEW-C_aircraft-03,procurement_required
P13_245_6,G3,C_batteries,G3-C_batteries-01,T006,5262.790895633526,7891.7506752339295,,,NEW-C_batteries-02,procurement_required
P136_24_5,G1,A_aircraft,G1-A_aircraft-01,T005,0.0,1312.470877312685,T007,2589.6583742346775,U01,existing
P136_24_5,G1,A_aircraft,G1-A_aircraft-01,T007,3902.1292515473624,6510.170148656284,,,U01,existing
P136_24_5,G1,A_aircraft,G1-A_aircraft-02,T007_HARD,0.0,1712.4416357195464,T016,2578.1300633521028,U02,existing
P136_24_5,G1,A_aircraft,G1-A_aircraft-02,T016,4290.571699071649,5986.329803740114,,,U02,existing
P136_24_5,G1,A_aircraft,G1-A_aircraft-03,T007_SOFT,0.0,1712.4416357195464,T014_1,2291.687615827814,U03,existing
P136_24_5,G1,A_aircraft,G1-A_aircraft-03,T014_1,4004.1292515473606,5699.887356215825,,,U03,existing
P136_24_5,G1,A_aircraft,G1-A_aircraft-04,T020,3922.129251547361,5892.33909852418,,,U04,existing
P136_24_5,G1,B_aircraft,G1-B_aircraft-01,T019_1,5028.582323174856,6547.606667586711,,,U05,existing
P136_24_5,G1,C_aircraft,G1-C_aircraft-01,T001,0.0,1561.4261775174655,T006,3701.3647181160604,U07,existing
P136_24_5,G1,C_aircraft,G1-C_aircraft-01,T006,5262.790895633526,6542.241766493663,,,U07,existing
P136_24_5,G1,C_aircraft,G1-C_aircraft-02,T003,0.0,1429.4261775174655,T018,2644.7672039962445,U08,existing
P136_24_5,G1,C_aircraft,G1-C_aircraft-02,T018,4074.19338151371,6761.824258884327,,,U08,existing
P136_24_5,G1,A_batteries,G1-A_batteries-01,T005,0.0,2178.7887122874713,T007,1723.340539259891,A01,existing
P136_24_5,G1,A_batteries,G1-A_batteries-01,T007,3902.1292515473624,7963.433611739875,,,A01,existing
P136_24_5,G1,A_batteries,G1-A_batteries-02,T007_HARD,0.0,2761.062337358848,T014_1,1243.0669141885128,A02,existing
P136_24_5,G1,A_batteries,G1-A_batteries-02,T014_1,4004.1292515473606,6815.081680695524,,,A02,existing
P136_24_5,G1,A_batteries,G1-A_batteries-03,T007_SOFT,0.0,2779.9496716386757,T016,1510.6220274329735,A03,existing
P136_24_5,G1,A_batteries,G1-A_batteries-03,T016,4290.571699071649,7122.3061158963155,,,A03,existing
P136_24_5,G1,A_batteries,G1-A_batteries-04,T020,3922.129251547361,7132.339749211256,,,A04,existing
P136_24_5,G1,B_batteries,G1-B_batteries-01,T019_1,5028.582323174856,8012.288751525202,,,B01,existing
P136_24_5,G1,C_batteries,G1-C_batteries-01,T001,0.0,3150.0928537629516,T006,2112.6980418705743,C01,existing
P136_24_5,G1,C_batteries,G1-C_batteries-01,T006,5262.790895633526,7891.7506752339295,,,C01,existing
P136_24_5,G1,C_batteries,G1-C_batteries-02,T003,0.0,2947.606630665684,T018,1126.586750848026,C02,existing
P136_24_5,G1,C_batteries,G1-C_batteries-02,T018,4074.19338151371,9324.985225954879,,,C02,existing
P136_24_5,G1,relay_aircraft,G1-relay_aircraft-01,R001,190.13731902940862,1999.297638856333,R002,2142.9689317204375,R01,existing
P136_24_5,G1,relay_aircraft,G1-relay_aircraft-01,R002,4142.26657057677,7037.879962031191,,,R01,existing
P136_24_5,G1,relay_components,G1-relay_components-01,R001,190.13731902940862,2344.3073253046314,R002,1797.959245272139,RE01,existing
P136_24_5,G1,relay_components,G1-relay_components-01,R002,4142.26657057677,7517.75318080825,,,RE01,existing
P136_24_5,G2,A_aircraft,G2-A_aircraft-01,T009,0.0,1316.0142144169886,T022,718.0974258182689,NEW-A_aircraft-01,procurement_required
P136_24_5,G2,A_aircraft,G2-A_aircraft-01,T022,2034.1116402352575,3725.6461264742065,,,NEW-A_aircraft-01,procurement_required
P136_24_5,G2,A_aircraft,G2-A_aircraft-02,T004,2004.1116402352573,4285.571599071649,,,NEW-A_aircraft-02,procurement_required
P136_24_5,G2,B_aircraft,G2-B_aircraft-01,T013,3065.5409516878613,5023.582223174855,,,U06,existing
P136_24_5,G2,B_aircraft,G2-B_aircraft-02,T021,3813.1314217671124,5711.172693254107,,,NEW-B_aircraft-01,procurement_required
P136_24_5,G2,C_aircraft,G2-C_aircraft-01,T010_2,1434.4262775174655,2867.4613603954576,T014_2,85.14537027022652,NEW-C_aircraft-01,procurement_required
P136_24_5,G2,C_aircraft,G2-C_aircraft-01,T014_2,2952.606730665684,5257.790795633526,,,NEW-C_aircraft-01,procurement_required
P136_24_5,G2,C_aircraft,G2-C_aircraft-02,T012,1954.111640235257,4069.1932815137097,,,NEW-C_aircraft-02,procurement_required
P136_24_5,G2,A_batteries,G2-A_batteries-01,T009,0.0,2194.736329391266,,,A05,existing
P136_24_5,G2,A_batteries,G2-A_batteries-02,T004,2004.1116402352573,5653.515220850031,,,A06,existing
P136_24_5,G2,A_batteries,G2-A_batteries-03,T022,2034.1116402352575,4901.140633153662,,,NEW-A_batteries-01,procurement_required
P136_24_5,G2,B_batteries,G2-B_batteries-01,T013,3065.5409516878613,6982.827850660446,,,B02,existing
P136_24_5,G2,B_batteries,G2-B_batteries-02,T021,3813.1314217671124,7578.354845171716,,,B03,existing
P136_24_5,G2,C_batteries,G2-C_batteries-01,T010_2,1434.4262775174655,4330.702121185847,,,C03,existing
P136_24_5,G2,C_batteries,G2-C_batteries-02,T012,1954.111640235257,6561.858998965378,,,C04,existing
P136_24_5,G2,C_batteries,G2-C_batteries-03,T014_2,2952.606730665684,7764.037455028012,,,NEW-C_batteries-01,procurement_required
P136_24_5,G2,relay_aircraft,G2-relay_aircraft-01,R003,2004.2977388563338,6244.037452916951,,,R02,existing
P136_24_5,G2,relay_components,G2-relay_components-01,R003,2004.2977388563338,6902.075499094418,,,RE02,existing
P136_24_5,G3,B_aircraft,G3-B_aircraft-01,T002_2,0.0,1500.9693925601796,T015,5.0000999999997475,NEW-B_aircraft-02,procurement_required
P136_24_5,G3,B_aircraft,G3-B_aircraft-01,T015,1505.9694925601793,3060.540851687861,,,NEW-B_aircraft-02,procurement_required
P136_24_5,G3,B_aircraft,G3-B_aircraft-02,T011,0.0,1944.0244440219892,T008,5.000100000000202,NEW-B_aircraft-03,procurement_required
P136_24_5,G3,B_aircraft,G3-B_aircraft-02,T008,1949.0245440219894,3793.5634341775567,,,NEW-B_aircraft-03,procurement_required
P136_24_5,G3,B_batteries,G3-B_batteries-01,T002_2,0.0,2956.647180248775,,,B04,existing
P136_24_5,G3,B_batteries,G3-B_batteries-02,T011,0.0,3808.1313217671122,,,NEW-B_batteries-01,procurement_required
P136_24_5,G3,B_batteries,G3-B_batteries-03,T015,1505.9694925601793,4516.326993610754,,,NEW-B_batteries-02,procurement_required
P136_24_5,G3,B_batteries,G3-B_batteries-04,T008,1949.0245440219894,5382.225397256939,,,NEW-B_batteries-03,procurement_required
P136_24_5,G3,relay_aircraft,G3-relay_aircraft-01,R004,96.18236555369127,4137.266470460487,,,NEW-relay_aircraft-01,procurement_required
P136_24_5,G3,relay_components,G3-relay_components-01,R004,96.18236555369127,4763.024275968738,,,RE03,existing
P13_246_5,G1,A_aircraft,G1-A_aircraft-01,T005,0.0,1312.470877312685,T007,2589.6583742346775,U01,existing
P13_246_5,G1,A_aircraft,G1-A_aircraft-01,T007,3902.1292515473624,6510.170148656284,,,U01,existing
P13_246_5,G1,A_aircraft,G1-A_aircraft-02,T007_HARD,0.0,1712.4416357195464,T016,2578.1300633521028,U02,existing
P13_246_5,G1,A_aircraft,G1-A_aircraft-02,T016,4290.571699071649,5986.329803740114,,,U02,existing
P13_246_5,G1,A_aircraft,G1-A_aircraft-03,T007_SOFT,0.0,1712.4416357195464,T014_1,2291.687615827814,U03,existing
P13_246_5,G1,A_aircraft,G1-A_aircraft-03,T014_1,4004.1292515473606,5699.887356215825,,,U03,existing
P13_246_5,G1,A_aircraft,G1-A_aircraft-04,T020,3922.129251547361,5892.33909852418,,,U04,existing
P13_246_5,G1,B_aircraft,G1-B_aircraft-01,T019_1,5028.582323174856,6547.606667586711,,,U05,existing
P13_246_5,G1,C_aircraft,G1-C_aircraft-01,T001,0.0,1561.4261775174655,,,U07,existing
P13_246_5,G1,C_aircraft,G1-C_aircraft-02,T003,0.0,1429.4261775174655,T018,2644.7672039962445,U08,existing
P13_246_5,G1,C_aircraft,G1-C_aircraft-02,T018,4074.19338151371,6761.824258884327,,,U08,existing
P13_246_5,G1,A_batteries,G1-A_batteries-01,T005,0.0,2178.7887122874713,T007,1723.340539259891,A01,existing
P13_246_5,G1,A_batteries,G1-A_batteries-01,T007,3902.1292515473624,7963.433611739875,,,A01,existing
P13_246_5,G1,A_batteries,G1-A_batteries-02,T007_HARD,0.0,2761.062337358848,T014_1,1243.0669141885128,A02,existing
P13_246_5,G1,A_batteries,G1-A_batteries-02,T014_1,4004.1292515473606,6815.081680695524,,,A02,existing
P13_246_5,G1,A_batteries,G1-A_batteries-03,T007_SOFT,0.0,2779.9496716386757,T016,1510.6220274329735,A03,existing
P13_246_5,G1,A_batteries,G1-A_batteries-03,T016,4290.571699071649,7122.3061158963155,,,A03,existing
P13_246_5,G1,A_batteries,G1-A_batteries-04,T020,3922.129251547361,7132.339749211256,,,A04,existing
P13_246_5,G1,B_batteries,G1-B_batteries-01,T019_1,5028.582323174856,8012.288751525202,,,B01,existing
P13_246_5,G1,C_batteries,G1-C_batteries-01,T001,0.0,3150.0928537629516,,,C01,existing
P13_246_5,G1,C_batteries,G1-C_batteries-02,T003,0.0,2947.606630665684,T018,1126.586750848026,C02,existing
P13_246_5,G1,C_batteries,G1-C_batteries-02,T018,4074.19338151371,9324.985225954879,,,C02,existing
P13_246_5,G1,relay_aircraft,G1-relay_aircraft-01,R001,190.13731902940862,1999.297638856333,R002,2142.9689317204375,R01,existing
P13_246_5,G1,relay_aircraft,G1-relay_aircraft-01,R002,4142.26657057677,7037.879962031191,,,R01,existing
P13_246_5,G1,relay_components,G1-relay_components-01,R001,190.13731902940862,2344.3073253046314,R002,1797.959245272139,RE01,existing
P13_246_5,G1,relay_components,G1-relay_components-01,R002,4142.26657057677,7517.75318080825,,,RE01,existing
P13_246_5,G2,A_aircraft,G2-A_aircraft-01,T009,0.0,1316.0142144169886,T022,718.0974258182689,NEW-A_aircraft-01,procurement_required
P13_246_5,G2,A_aircraft,G2-A_aircraft-01,T022,2034.1116402352575,3725.6461264742065,,,NEW-A_aircraft-01,procurement_required
P13_246_5,G2,A_aircraft,G2-A_aircraft-02,T004,2004.1116402352573,4285.571599071649,,,NEW-A_aircraft-02,procurement_required
P13_246_5,G2,B_aircraft,G2-B_aircraft-01,T013,3065.5409516878613,5023.582223174855,,,U06,existing
P13_246_5,G2,B_aircraft,G2-B_aircraft-02,T021,3813.1314217671124,5711.172693254107,,,NEW-B_aircraft-01,procurement_required
P13_246_5,G2,C_aircraft,G2-C_aircraft-01,T010_2,1434.4262775174655,2867.4613603954576,T014_2,85.14537027022652,NEW-C_aircraft-01,procurement_required
P13_246_5,G2,C_aircraft,G2-C_aircraft-01,T014_2,2952.606730665684,5257.790795633526,,,NEW-C_aircraft-01,procurement_required
P13_246_5,G2,C_aircraft,G2-C_aircraft-02,T012,1954.111640235257,4069.1932815137097,T006,1193.5976141198162,NEW-C_aircraft-02,procurement_required
P13_246_5,G2,C_aircraft,G2-C_aircraft-02,T006,5262.790895633526,6542.241766493663,,,NEW-C_aircraft-02,procurement_required
P13_246_5,G2,A_batteries,G2-A_batteries-01,T009,0.0,2194.736329391266,,,A05,existing
P13_246_5,G2,A_batteries,G2-A_batteries-02,T004,2004.1116402352573,5653.515220850031,,,A06,existing
P13_246_5,G2,A_batteries,G2-A_batteries-03,T022,2034.1116402352575,4901.140633153662,,,NEW-A_batteries-01,procurement_required
P13_246_5,G2,B_batteries,G2-B_batteries-01,T013,3065.5409516878613,6982.827850660446,,,B02,existing
P13_246_5,G2,B_batteries,G2-B_batteries-02,T021,3813.1314217671124,7578.354845171716,,,B03,existing
P13_246_5,G2,C_batteries,G2-C_batteries-01,T010_2,1434.4262775174655,4330.702121185847,T006,932.0887744476786,C03,existing
P13_246_5,G2,C_batteries,G2-C_batteries-01,T006,5262.790895633526,7891.7506752339295,,,C03,existing
P13_246_5,G2,C_batteries,G2-C_batteries-02,T012,1954.111640235257,6561.858998965378,,,C04,existing
P13_246_5,G2,C_batteries,G2-C_batteries-03,T014_2,2952.606730665684,7764.037455028012,,,NEW-C_batteries-01,procurement_required
P13_246_5,G2,relay_aircraft,G2-relay_aircraft-01,R003,2004.2977388563338,6244.037452916951,,,R02,existing
P13_246_5,G2,relay_components,G2-relay_components-01,R003,2004.2977388563338,6902.075499094418,,,RE02,existing
P13_246_5,G3,B_aircraft,G3-B_aircraft-01,T002_2,0.0,1500.9693925601796,T015,5.0000999999997475,NEW-B_aircraft-02,procurement_required
P13_246_5,G3,B_aircraft,G3-B_aircraft-01,T015,1505.9694925601793,3060.540851687861,,,NEW-B_aircraft-02,procurement_required
P13_246_5,G3,B_aircraft,G3-B_aircraft-02,T011,0.0,1944.0244440219892,T008,5.000100000000202,NEW-B_aircraft-03,procurement_required
P13_246_5,G3,B_aircraft,G3-B_aircraft-02,T008,1949.0245440219894,3793.5634341775567,,,NEW-B_aircraft-03,procurement_required
P13_246_5,G3,B_batteries,G3-B_batteries-01,T002_2,0.0,2956.647180248775,,,B04,existing
P13_246_5,G3,B_batteries,G3-B_batteries-02,T011,0.0,3808.1313217671122,,,NEW-B_batteries-01,procurement_required
P13_246_5,G3,B_batteries,G3-B_batteries-03,T015,1505.9694925601793,4516.326993610754,,,NEW-B_batteries-02,procurement_required
P13_246_5,G3,B_batteries,G3-B_batteries-04,T008,1949.0245440219894,5382.225397256939,,,NEW-B_batteries-03,procurement_required
P13_246_5,G3,relay_aircraft,G3-relay_aircraft-01,R004,96.18236555369127,4137.266470460487,,,NEW-relay_aircraft-01,procurement_required
P13_246_5,G3,relay_components,G3-relay_components-01,R004,96.18236555369127,4763.024275968738,,,RE03,existing
P13_24_56,G1,A_aircraft,G1-A_aircraft-01,T005,0.0,1312.470877312685,T007,2589.6583742346775,U01,existing
P13_24_56,G1,A_aircraft,G1-A_aircraft-01,T007,3902.1292515473624,6510.170148656284,,,U01,existing
P13_24_56,G1,A_aircraft,G1-A_aircraft-02,T007_HARD,0.0,1712.4416357195464,T016,2578.1300633521028,U02,existing
P13_24_56,G1,A_aircraft,G1-A_aircraft-02,T016,4290.571699071649,5986.329803740114,,,U02,existing
P13_24_56,G1,A_aircraft,G1-A_aircraft-03,T007_SOFT,0.0,1712.4416357195464,T014_1,2291.687615827814,U03,existing
P13_24_56,G1,A_aircraft,G1-A_aircraft-03,T014_1,4004.1292515473606,5699.887356215825,,,U03,existing
P13_24_56,G1,A_aircraft,G1-A_aircraft-04,T020,3922.129251547361,5892.33909852418,,,U04,existing
P13_24_56,G1,B_aircraft,G1-B_aircraft-01,T019_1,5028.582323174856,6547.606667586711,,,U05,existing
P13_24_56,G1,C_aircraft,G1-C_aircraft-01,T001,0.0,1561.4261775174655,,,U07,existing
P13_24_56,G1,C_aircraft,G1-C_aircraft-02,T003,0.0,1429.4261775174655,T018,2644.7672039962445,U08,existing
P13_24_56,G1,C_aircraft,G1-C_aircraft-02,T018,4074.19338151371,6761.824258884327,,,U08,existing
P13_24_56,G1,A_batteries,G1-A_batteries-01,T005,0.0,2178.7887122874713,T007,1723.340539259891,A01,existing
P13_24_56,G1,A_batteries,G1-A_batteries-01,T007,3902.1292515473624,7963.433611739875,,,A01,existing
P13_24_56,G1,A_batteries,G1-A_batteries-02,T007_HARD,0.0,2761.062337358848,T014_1,1243.0669141885128,A02,existing
P13_24_56,G1,A_batteries,G1-A_batteries-02,T014_1,4004.1292515473606,6815.081680695524,,,A02,existing
P13_24_56,G1,A_batteries,G1-A_batteries-03,T007_SOFT,0.0,2779.9496716386757,T016,1510.6220274329735,A03,existing
P13_24_56,G1,A_batteries,G1-A_batteries-03,T016,4290.571699071649,7122.3061158963155,,,A03,existing
P13_24_56,G1,A_batteries,G1-A_batteries-04,T020,3922.129251547361,7132.339749211256,,,A04,existing
P13_24_56,G1,B_batteries,G1-B_batteries-01,T019_1,5028.582323174856,8012.288751525202,,,B01,existing
P13_24_56,G1,C_batteries,G1-C_batteries-01,T001,0.0,3150.0928537629516,,,C01,existing
P13_24_56,G1,C_batteries,G1-C_batteries-02,T003,0.0,2947.606630665684,T018,1126.586750848026,C02,existing
P13_24_56,G1,C_batteries,G1-C_batteries-02,T018,4074.19338151371,9324.985225954879,,,C02,existing
P13_24_56,G1,relay_aircraft,G1-relay_aircraft-01,R001,190.13731902940862,1999.297638856333,R002,2142.9689317204375,R01,existing
P13_24_56,G1,relay_aircraft,G1-relay_aircraft-01,R002,4142.26657057677,7037.879962031191,,,R01,existing
P13_24_56,G1,relay_components,G1-relay_components-01,R001,190.13731902940862,2344.3073253046314,R002,1797.959245272139,RE01,existing
P13_24_56,G1,relay_components,G1-relay_components-01,R002,4142.26657057677,7517.75318080825,,,RE01,existing
P13_24_56,G2,A_aircraft,G2-A_aircraft-01,T009,0.0,1316.0142144169886,T022,718.0974258182689,NEW-A_aircraft-01,procurement_required
P13_24_56,G2,A_aircraft,G2-A_aircraft-01,T022,2034.1116402352575,3725.6461264742065,,,NEW-A_aircraft-01,procurement_required
P13_24_56,G2,A_aircraft,G2-A_aircraft-02,T004,2004.1116402352573,4285.571599071649,,,NEW-A_aircraft-02,procurement_required
P13_24_56,G2,B_aircraft,G2-B_aircraft-01,T013,3065.5409516878613,5023.582223174855,,,U06,existing
P13_24_56,G2,B_aircraft,G2-B_aircraft-02,T021,3813.1314217671124,5711.172693254107,,,NEW-B_aircraft-01,procurement_required
P13_24_56,G2,C_aircraft,G2-C_aircraft-01,T010_2,1434.4262775174655,2867.4613603954576,T014_2,85.14537027022652,NEW-C_aircraft-01,procurement_required
P13_24_56,G2,C_aircraft,G2-C_aircraft-01,T014_2,2952.606730665684,5257.790795633526,,,NEW-C_aircraft-01,procurement_required
P13_24_56,G2,C_aircraft,G2-C_aircraft-02,T012,1954.111640235257,4069.1932815137097,,,NEW-C_aircraft-02,procurement_required
P13_24_56,G2,A_batteries,G2-A_batteries-01,T009,0.0,2194.736329391266,,,A05,existing
P13_24_56,G2,A_batteries,G2-A_batteries-02,T004,2004.1116402352573,5653.515220850031,,,A06,existing
P13_24_56,G2,A_batteries,G2-A_batteries-03,T022,2034.1116402352575,4901.140633153662,,,NEW-A_batteries-01,procurement_required
P13_24_56,G2,B_batteries,G2-B_batteries-01,T013,3065.5409516878613,6982.827850660446,,,B02,existing
P13_24_56,G2,B_batteries,G2-B_batteries-02,T021,3813.1314217671124,7578.354845171716,,,B03,existing
P13_24_56,G2,C_batteries,G2-C_batteries-01,T010_2,1434.4262775174655,4330.702121185847,,,C03,existing
P13_24_56,G2,C_batteries,G2-C_batteries-02,T012,1954.111640235257,6561.858998965378,,,C04,existing
P13_24_56,G2,C_batteries,G2-C_batteries-03,T014_2,2952.606730665684,7764.037455028012,,,NEW-C_batteries-01,procurement_required
P13_24_56,G2,relay_aircraft,G2-relay_aircraft-01,R003,2004.2977388563338,6244.037452916951,,,R02,existing
P13_24_56,G2,relay_components,G2-relay_components-01,R003,2004.2977388563338,6902.075499094418,,,RE02,existing
P13_24_56,G3,B_aircraft,G3-B_aircraft-01,T002_2,0.0,1500.9693925601796,T015,5.0000999999997475,NEW-B_aircraft-02,procurement_required
P13_24_56,G3,B_aircraft,G3-B_aircraft-01,T015,1505.9694925601793,3060.540851687861,,,NEW-B_aircraft-02,procurement_required
P13_24_56,G3,B_aircraft,G3-B_aircraft-02,T011,0.0,1944.0244440219892,T008,5.000100000000202,NEW-B_aircraft-03,procurement_required
P13_24_56,G3,B_aircraft,G3-B_aircraft-02,T008,1949.0245440219894,3793.5634341775567,,,NEW-B_aircraft-03,procurement_required
P13_24_56,G3,C_aircraft,G3-C_aircraft-01,T006,5262.790895633526,6542.241766493663,,,NEW-C_aircraft-03,procurement_required
P13_24_56,G3,B_batteries,G3-B_batteries-01,T002_2,0.0,2956.647180248775,,,B04,existing
P13_24_56,G3,B_batteries,G3-B_batteries-02,T011,0.0,3808.1313217671122,,,NEW-B_batteries-01,procurement_required
P13_24_56,G3,B_batteries,G3-B_batteries-03,T015,1505.9694925601793,4516.326993610754,,,NEW-B_batteries-02,procurement_required
P13_24_56,G3,B_batteries,G3-B_batteries-04,T008,1949.0245440219894,5382.225397256939,,,NEW-B_batteries-03,procurement_required
P13_24_56,G3,C_batteries,G3-C_batteries-01,T006,5262.790895633526,7891.7506752339295,,,NEW-C_batteries-02,procurement_required
P13_24_56,G3,relay_aircraft,G3-relay_aircraft-01,R004,96.18236555369127,4137.266470460487,,,NEW-relay_aircraft-01,procurement_required
P13_24_56,G3,relay_components,G3-relay_components-01,R004,96.18236555369127,4763.024275968738,,,RE03,existing
P1356_2_4,G1,A_aircraft,G1-A_aircraft-01,T005,0.0,1312.470877312685,T007,2589.6583742346775,U01,existing
P1356_2_4,G1,A_aircraft,G1-A_aircraft-01,T007,3902.1292515473624,6510.170148656284,,,U01,existing
P1356_2_4,G1,A_aircraft,G1-A_aircraft-02,T007_HARD,0.0,1712.4416357195464,T016,2578.1300633521028,U02,existing
P1356_2_4,G1,A_aircraft,G1-A_aircraft-02,T016,4290.571699071649,5986.329803740114,,,U02,existing
P1356_2_4,G1,A_aircraft,G1-A_aircraft-03,T007_SOFT,0.0,1712.4416357195464,T014_1,2291.687615827814,U03,existing
P1356_2_4,G1,A_aircraft,G1-A_aircraft-03,T014_1,4004.1292515473606,5699.887356215825,,,U03,existing
P1356_2_4,G1,A_aircraft,G1-A_aircraft-04,T020,3922.129251547361,5892.33909852418,,,U04,existing
P1356_2_4,G1,B_aircraft,G1-B_aircraft-01,T002_2,0.0,1500.9693925601796,T015,5.0000999999997475,U05,existing
P1356_2_4,G1,B_aircraft,G1-B_aircraft-01,T015,1505.9694925601793,3060.540851687861,T019_1,1968.0414714869953,U05,existing
P1356_2_4,G1,B_aircraft,G1-B_aircraft-01,T019_1,5028.582323174856,6547.606667586711,,,U05,existing
P1356_2_4,G1,B_aircraft,G1-B_aircraft-02,T011,0.0,1944.0244440219892,T008,5.000100000000202,U06,existing
P1356_2_4,G1,B_aircraft,G1-B_aircraft-02,T008,1949.0245440219894,3793.5634341775567,,,U06,existing
P1356_2_4,G1,C_aircraft,G1-C_aircraft-01,T001,0.0,1561.4261775174655,T006,3701.3647181160604,U07,existing
P1356_2_4,G1,C_aircraft,G1-C_aircraft-01,T006,5262.790895633526,6542.241766493663,,,U07,existing
P1356_2_4,G1,C_aircraft,G1-C_aircraft-02,T003,0.0,1429.4261775174655,T018,2644.7672039962445,U08,existing
P1356_2_4,G1,C_aircraft,G1-C_aircraft-02,T018,4074.19338151371,6761.824258884327,,,U08,existing
P1356_2_4,G1,A_batteries,G1-A_batteries-01,T005,0.0,2178.7887122874713,T007,1723.340539259891,A01,existing
P1356_2_4,G1,A_batteries,G1-A_batteries-01,T007,3902.1292515473624,7963.433611739875,,,A01,existing
P1356_2_4,G1,A_batteries,G1-A_batteries-02,T007_HARD,0.0,2761.062337358848,T014_1,1243.0669141885128,A02,existing
P1356_2_4,G1,A_batteries,G1-A_batteries-02,T014_1,4004.1292515473606,6815.081680695524,,,A02,existing
P1356_2_4,G1,A_batteries,G1-A_batteries-03,T007_SOFT,0.0,2779.9496716386757,T016,1510.6220274329735,A03,existing
P1356_2_4,G1,A_batteries,G1-A_batteries-03,T016,4290.571699071649,7122.3061158963155,,,A03,existing
P1356_2_4,G1,A_batteries,G1-A_batteries-04,T020,3922.129251547361,7132.339749211256,,,A04,existing
P1356_2_4,G1,B_batteries,G1-B_batteries-01,T002_2,0.0,2956.647180248775,T019_1,2071.9351429260814,B01,existing
P1356_2_4,G1,B_batteries,G1-B_batteries-01,T019_1,5028.582323174856,8012.288751525202,,,B01,existing
P1356_2_4,G1,B_batteries,G1-B_batteries-02,T011,0.0,3808.1313217671122,,,B02,existing
P1356_2_4,G1,B_batteries,G1-B_batteries-03,T015,1505.9694925601793,4516.326993610754,,,B03,existing
P1356_2_4,G1,B_batteries,G1-B_batteries-04,T008,1949.0245440219894,5382.225397256939,,,B04,existing
P1356_2_4,G1,C_batteries,G1-C_batteries-01,T001,0.0,3150.0928537629516,T006,2112.6980418705743,C01,existing
P1356_2_4,G1,C_batteries,G1-C_batteries-01,T006,5262.790895633526,7891.7506752339295,,,C01,existing
P1356_2_4,G1,C_batteries,G1-C_batteries-02,T003,0.0,2947.606630665684,T018,1126.586750848026,C02,existing
P1356_2_4,G1,C_batteries,G1-C_batteries-02,T018,4074.19338151371,9324.985225954879,,,C02,existing
P1356_2_4,G1,relay_aircraft,G1-relay_aircraft-01,R004,96.18236555369127,4137.266470460487,,,R01,existing
P1356_2_4,G1,relay_aircraft,G1-relay_aircraft-02,R001,190.13731902940862,1999.297638856333,R002,2142.9689317204375,R02,existing
P1356_2_4,G1,relay_aircraft,G1-relay_aircraft-02,R002,4142.26657057677,7037.879962031191,,,R02,existing
P1356_2_4,G1,relay_components,G1-relay_components-01,R004,96.18236555369127,4763.024275968738,,,RE01,existing
P1356_2_4,G1,relay_components,G1-relay_components-02,R001,190.13731902940862,2344.3073253046314,R002,1797.959245272139,RE02,existing
P1356_2_4,G1,relay_components,G1-relay_components-02,R002,4142.26657057677,7517.75318080825,,,RE02,existing
P1356_2_4,G2,A_aircraft,G2-A_aircraft-01,T004,2004.1116402352573,4285.571599071649,,,NEW-A_aircraft-01,procurement_required
P1356_2_4,G2,A_aircraft,G2-A_aircraft-02,T022,2034.1116402352575,3725.6461264742065,,,NEW-A_aircraft-02,procurement_required
P1356_2_4,G2,B_aircraft,G2-B_aircraft-01,T013,3065.5409516878613,5023.582223174855,,,NEW-B_aircraft-01,procurement_required
P1356_2_4,G2,B_aircraft,G2-B_aircraft-02,T021,3813.1314217671124,5711.172693254107,,,NEW-B_aircraft-02,procurement_required
P1356_2_4,G2,C_aircraft,G2-C_aircraft-01,T012,1954.111640235257,4069.1932815137097,,,NEW-C_aircraft-01,procurement_required
P1356_2_4,G2,C_aircraft,G2-C_aircraft-02,T014_2,2952.606730665684,5257.790795633526,,,NEW-C_aircraft-02,procurement_required
P1356_2_4,G2,A_batteries,G2-A_batteries-01,T004,2004.1116402352573,5653.515220850031,,,A05,existing
P1356_2_4,G2,A_batteries,G2-A_batteries-02,T022,2034.1116402352575,4901.140633153662,,,A06,existing
P1356_2_4,G2,B_batteries,G2-B_batteries-01,T013,3065.5409516878613,6982.827850660446,,,NEW-B_batteries-01,procurement_required
P1356_2_4,G2,B_batteries,G2-B_batteries-02,T021,3813.1314217671124,7578.354845171716,,,NEW-B_batteries-02,procurement_required
P1356_2_4,G2,C_batteries,G2-C_batteries-01,T012,1954.111640235257,6561.858998965378,,,C03,existing
P1356_2_4,G2,C_batteries,G2-C_batteries-02,T014_2,2952.606730665684,7764.037455028012,,,C04,existing
P1356_2_4,G2,relay_aircraft,G2-relay_aircraft-01,R003,2004.2977388563338,6244.037452916951,,,NEW-relay_aircraft-01,procurement_required
P1356_2_4,G2,relay_components,G2-relay_components-01,R003,2004.2977388563338,6902.075499094418,,,RE03,existing
P1356_2_4,G3,A_aircraft,G3-A_aircraft-01,T009,0.0,1316.0142144169886,,,NEW-A_aircraft-03,procurement_required
P1356_2_4,G3,C_aircraft,G3-C_aircraft-01,T010_2,1434.4262775174655,2867.4613603954576,,,NEW-C_aircraft-03,procurement_required
P1356_2_4,G3,A_batteries,G3-A_batteries-01,T009,0.0,2194.736329391266,,,NEW-A_batteries-01,procurement_required
P1356_2_4,G3,C_batteries,G3-C_batteries-01,T010_2,1434.4262775174655,4330.702121185847,,,NEW-C_batteries-01,procurement_required
P135_26_4,G1,A_aircraft,G1-A_aircraft-01,T005,0.0,1312.470877312685,T007,2589.6583742346775,U01,existing
P135_26_4,G1,A_aircraft,G1-A_aircraft-01,T007,3902.1292515473624,6510.170148656284,,,U01,existing
P135_26_4,G1,A_aircraft,G1-A_aircraft-02,T007_HARD,0.0,1712.4416357195464,T016,2578.1300633521028,U02,existing
P135_26_4,G1,A_aircraft,G1-A_aircraft-02,T016,4290.571699071649,5986.329803740114,,,U02,existing
P135_26_4,G1,A_aircraft,G1-A_aircraft-03,T007_SOFT,0.0,1712.4416357195464,T014_1,2291.687615827814,U03,existing
P135_26_4,G1,A_aircraft,G1-A_aircraft-03,T014_1,4004.1292515473606,5699.887356215825,,,U03,existing
P135_26_4,G1,A_aircraft,G1-A_aircraft-04,T020,3922.129251547361,5892.33909852418,,,U04,existing
P135_26_4,G1,B_aircraft,G1-B_aircraft-01,T002_2,0.0,1500.9693925601796,T015,5.0000999999997475,U05,existing
P135_26_4,G1,B_aircraft,G1-B_aircraft-01,T015,1505.9694925601793,3060.540851687861,T019_1,1968.0414714869953,U05,existing
P135_26_4,G1,B_aircraft,G1-B_aircraft-01,T019_1,5028.582323174856,6547.606667586711,,,U05,existing
P135_26_4,G1,B_aircraft,G1-B_aircraft-02,T011,0.0,1944.0244440219892,T008,5.000100000000202,U06,existing
P135_26_4,G1,B_aircraft,G1-B_aircraft-02,T008,1949.0245440219894,3793.5634341775567,,,U06,existing
P135_26_4,G1,C_aircraft,G1-C_aircraft-01,T001,0.0,1561.4261775174655,,,U07,existing
P135_26_4,G1,C_aircraft,G1-C_aircraft-02,T003,0.0,1429.4261775174655,T018,2644.7672039962445,U08,existing
P135_26_4,G1,C_aircraft,G1-C_aircraft-02,T018,4074.19338151371,6761.824258884327,,,U08,existing
P135_26_4,G1,A_batteries,G1-A_batteries-01,T005,0.0,2178.7887122874713,T007,1723.340539259891,A01,existing
P135_26_4,G1,A_batteries,G1-A_batteries-01,T007,3902.1292515473624,7963.433611739875,,,A01,existing
P135_26_4,G1,A_batteries,G1-A_batteries-02,T007_HARD,0.0,2761.062337358848,T014_1,1243.0669141885128,A02,existing
P135_26_4,G1,A_batteries,G1-A_batteries-02,T014_1,4004.1292515473606,6815.081680695524,,,A02,existing
P135_26_4,G1,A_batteries,G1-A_batteries-03,T007_SOFT,0.0,2779.9496716386757,T016,1510.6220274329735,A03,existing
P135_26_4,G1,A_batteries,G1-A_batteries-03,T016,4290.571699071649,7122.3061158963155,,,A03,existing
P135_26_4,G1,A_batteries,G1-A_batteries-04,T020,3922.129251547361,7132.339749211256,,,A04,existing
P135_26_4,G1,B_batteries,G1-B_batteries-01,T002_2,0.0,2956.647180248775,T019_1,2071.9351429260814,B01,existing
P135_26_4,G1,B_batteries,G1-B_batteries-01,T019_1,5028.582323174856,8012.288751525202,,,B01,existing
P135_26_4,G1,B_batteries,G1-B_batteries-02,T011,0.0,3808.1313217671122,,,B02,existing
P135_26_4,G1,B_batteries,G1-B_batteries-03,T015,1505.9694925601793,4516.326993610754,,,B03,existing
P135_26_4,G1,B_batteries,G1-B_batteries-04,T008,1949.0245440219894,5382.225397256939,,,B04,existing
P135_26_4,G1,C_batteries,G1-C_batteries-01,T001,0.0,3150.0928537629516,,,C01,existing
P135_26_4,G1,C_batteries,G1-C_batteries-02,T003,0.0,2947.606630665684,T018,1126.586750848026,C02,existing
P135_26_4,G1,C_batteries,G1-C_batteries-02,T018,4074.19338151371,9324.985225954879,,,C02,existing
P135_26_4,G1,relay_aircraft,G1-relay_aircraft-01,R004,96.18236555369127,4137.266470460487,,,R01,existing
P135_26_4,G1,relay_aircraft,G1-relay_aircraft-02,R001,190.13731902940862,1999.297638856333,R002,2142.9689317204375,R02,existing
P135_26_4,G1,relay_aircraft,G1-relay_aircraft-02,R002,4142.26657057677,7037.879962031191,,,R02,existing
P135_26_4,G1,relay_components,G1-relay_components-01,R004,96.18236555369127,4763.024275968738,,,RE01,existing
P135_26_4,G1,relay_components,G1-relay_components-02,R001,190.13731902940862,2344.3073253046314,R002,1797.959245272139,RE02,existing
P135_26_4,G1,relay_components,G1-relay_components-02,R002,4142.26657057677,7517.75318080825,,,RE02,existing
P135_26_4,G2,A_aircraft,G2-A_aircraft-01,T004,2004.1116402352573,4285.571599071649,,,NEW-A_aircraft-01,procurement_required
P135_26_4,G2,A_aircraft,G2-A_aircraft-02,T022,2034.1116402352575,3725.6461264742065,,,NEW-A_aircraft-02,procurement_required
P135_26_4,G2,B_aircraft,G2-B_aircraft-01,T013,3065.5409516878613,5023.582223174855,,,NEW-B_aircraft-01,procurement_required
P135_26_4,G2,B_aircraft,G2-B_aircraft-02,T021,3813.1314217671124,5711.172693254107,,,NEW-B_aircraft-02,procurement_required
P135_26_4,G2,C_aircraft,G2-C_aircraft-01,T012,1954.111640235257,4069.1932815137097,T006,1193.5976141198162,NEW-C_aircraft-01,procurement_required
P135_26_4,G2,C_aircraft,G2-C_aircraft-01,T006,5262.790895633526,6542.241766493663,,,NEW-C_aircraft-01,procurement_required
P135_26_4,G2,C_aircraft,G2-C_aircraft-02,T014_2,2952.606730665684,5257.790795633526,,,NEW-C_aircraft-02,procurement_required
P135_26_4,G2,A_batteries,G2-A_batteries-01,T004,2004.1116402352573,5653.515220850031,,,A05,existing
P135_26_4,G2,A_batteries,G2-A_batteries-02,T022,2034.1116402352575,4901.140633153662,,,A06,existing
P135_26_4,G2,B_batteries,G2-B_batteries-01,T013,3065.5409516878613,6982.827850660446,,,NEW-B_batteries-01,procurement_required
P135_26_4,G2,B_batteries,G2-B_batteries-02,T021,3813.1314217671124,7578.354845171716,,,NEW-B_batteries-02,procurement_required
P135_26_4,G2,C_batteries,G2-C_batteries-01,T012,1954.111640235257,6561.858998965378,,,C03,existing
P135_26_4,G2,C_batteries,G2-C_batteries-02,T014_2,2952.606730665684,7764.037455028012,,,C04,existing
P135_26_4,G2,C_batteries,G2-C_batteries-03,T006,5262.790895633526,7891.7506752339295,,,NEW-C_batteries-01,procurement_required
P135_26_4,G2,relay_aircraft,G2-relay_aircraft-01,R003,2004.2977388563338,6244.037452916951,,,NEW-relay_aircraft-01,procurement_required
P135_26_4,G2,relay_components,G2-relay_components-01,R003,2004.2977388563338,6902.075499094418,,,RE03,existing
P135_26_4,G3,A_aircraft,G3-A_aircraft-01,T009,0.0,1316.0142144169886,,,NEW-A_aircraft-03,procurement_required
P135_26_4,G3,C_aircraft,G3-C_aircraft-01,T010_2,1434.4262775174655,2867.4613603954576,,,NEW-C_aircraft-03,procurement_required
P135_26_4,G3,A_batteries,G3-A_batteries-01,T009,0.0,2194.736329391266,,,NEW-A_batteries-01,procurement_required
P135_26_4,G3,C_batteries,G3-C_batteries-01,T010_2,1434.4262775174655,4330.702121185847,,,NEW-C_batteries-02,procurement_required
P135_2_46,G1,A_aircraft,G1-A_aircraft-01,T005,0.0,1312.470877312685,T007,2589.6583742346775,U01,existing
P135_2_46,G1,A_aircraft,G1-A_aircraft-01,T007,3902.1292515473624,6510.170148656284,,,U01,existing
P135_2_46,G1,A_aircraft,G1-A_aircraft-02,T007_HARD,0.0,1712.4416357195464,T016,2578.1300633521028,U02,existing
P135_2_46,G1,A_aircraft,G1-A_aircraft-02,T016,4290.571699071649,5986.329803740114,,,U02,existing
P135_2_46,G1,A_aircraft,G1-A_aircraft-03,T007_SOFT,0.0,1712.4416357195464,T014_1,2291.687615827814,U03,existing
P135_2_46,G1,A_aircraft,G1-A_aircraft-03,T014_1,4004.1292515473606,5699.887356215825,,,U03,existing
P135_2_46,G1,A_aircraft,G1-A_aircraft-04,T020,3922.129251547361,5892.33909852418,,,U04,existing
P135_2_46,G1,B_aircraft,G1-B_aircraft-01,T002_2,0.0,1500.9693925601796,T015,5.0000999999997475,U05,existing
P135_2_46,G1,B_aircraft,G1-B_aircraft-01,T015,1505.9694925601793,3060.540851687861,T019_1,1968.0414714869953,U05,existing
P135_2_46,G1,B_aircraft,G1-B_aircraft-01,T019_1,5028.582323174856,6547.606667586711,,,U05,existing
P135_2_46,G1,B_aircraft,G1-B_aircraft-02,T011,0.0,1944.0244440219892,T008,5.000100000000202,U06,existing
P135_2_46,G1,B_aircraft,G1-B_aircraft-02,T008,1949.0245440219894,3793.5634341775567,,,U06,existing
P135_2_46,G1,C_aircraft,G1-C_aircraft-01,T001,0.0,1561.4261775174655,,,U07,existing
P135_2_46,G1,C_aircraft,G1-C_aircraft-02,T003,0.0,1429.4261775174655,T018,2644.7672039962445,U08,existing
P135_2_46,G1,C_aircraft,G1-C_aircraft-02,T018,4074.19338151371,6761.824258884327,,,U08,existing
P135_2_46,G1,A_batteries,G1-A_batteries-01,T005,0.0,2178.7887122874713,T007,1723.340539259891,A01,existing
P135_2_46,G1,A_batteries,G1-A_batteries-01,T007,3902.1292515473624,7963.433611739875,,,A01,existing
P135_2_46,G1,A_batteries,G1-A_batteries-02,T007_HARD,0.0,2761.062337358848,T014_1,1243.0669141885128,A02,existing
P135_2_46,G1,A_batteries,G1-A_batteries-02,T014_1,4004.1292515473606,6815.081680695524,,,A02,existing
P135_2_46,G1,A_batteries,G1-A_batteries-03,T007_SOFT,0.0,2779.9496716386757,T016,1510.6220274329735,A03,existing
P135_2_46,G1,A_batteries,G1-A_batteries-03,T016,4290.571699071649,7122.3061158963155,,,A03,existing
P135_2_46,G1,A_batteries,G1-A_batteries-04,T020,3922.129251547361,7132.339749211256,,,A04,existing
P135_2_46,G1,B_batteries,G1-B_batteries-01,T002_2,0.0,2956.647180248775,T019_1,2071.9351429260814,B01,existing
P135_2_46,G1,B_batteries,G1-B_batteries-01,T019_1,5028.582323174856,8012.288751525202,,,B01,existing
P135_2_46,G1,B_batteries,G1-B_batteries-02,T011,0.0,3808.1313217671122,,,B02,existing
P135_2_46,G1,B_batteries,G1-B_batteries-03,T015,1505.9694925601793,4516.326993610754,,,B03,existing
P135_2_46,G1,B_batteries,G1-B_batteries-04,T008,1949.0245440219894,5382.225397256939,,,B04,existing
P135_2_46,G1,C_batteries,G1-C_batteries-01,T001,0.0,3150.0928537629516,,,C01,existing
P135_2_46,G1,C_batteries,G1-C_batteries-02,T003,0.0,2947.606630665684,T018,1126.586750848026,C02,existing
P135_2_46,G1,C_batteries,G1-C_batteries-02,T018,4074.19338151371,9324.985225954879,,,C02,existing
P135_2_46,G1,relay_aircraft,G1-relay_aircraft-01,R004,96.18236555369127,4137.266470460487,,,R01,existing
P135_2_46,G1,relay_aircraft,G1-relay_aircraft-02,R001,190.13731902940862,1999.297638856333,R002,2142.9689317204375,R02,existing
P135_2_46,G1,relay_aircraft,G1-relay_aircraft-02,R002,4142.26657057677,7037.879962031191,,,R02,existing
P135_2_46,G1,relay_components,G1-relay_components-01,R004,96.18236555369127,4763.024275968738,,,RE01,existing
P135_2_46,G1,relay_components,G1-relay_components-02,R001,190.13731902940862,2344.3073253046314,R002,1797.959245272139,RE02,existing
P135_2_46,G1,relay_components,G1-relay_components-02,R002,4142.26657057677,7517.75318080825,,,RE02,existing
P135_2_46,G2,A_aircraft,G2-A_aircraft-01,T004,2004.1116402352573,4285.571599071649,,,NEW-A_aircraft-01,procurement_required
P135_2_46,G2,A_aircraft,G2-A_aircraft-02,T022,2034.1116402352575,3725.6461264742065,,,NEW-A_aircraft-02,procurement_required
P135_2_46,G2,B_aircraft,G2-B_aircraft-01,T013,3065.5409516878613,5023.582223174855,,,NEW-B_aircraft-01,procurement_required
P135_2_46,G2,B_aircraft,G2-B_aircraft-02,T021,3813.1314217671124,5711.172693254107,,,NEW-B_aircraft-02,procurement_required
P135_2_46,G2,C_aircraft,G2-C_aircraft-01,T012,1954.111640235257,4069.1932815137097,,,NEW-C_aircraft-01,procurement_required
P135_2_46,G2,C_aircraft,G2-C_aircraft-02,T014_2,2952.606730665684,5257.790795633526,,,NEW-C_aircraft-02,procurement_required
P135_2_46,G2,A_batteries,G2-A_batteries-01,T004,2004.1116402352573,5653.515220850031,,,A05,existing
P135_2_46,G2,A_batteries,G2-A_batteries-02,T022,2034.1116402352575,4901.140633153662,,,A06,existing
P135_2_46,G2,B_batteries,G2-B_batteries-01,T013,3065.5409516878613,6982.827850660446,,,NEW-B_batteries-01,procurement_required
P135_2_46,G2,B_batteries,G2-B_batteries-02,T021,3813.1314217671124,7578.354845171716,,,NEW-B_batteries-02,procurement_required
P135_2_46,G2,C_batteries,G2-C_batteries-01,T012,1954.111640235257,6561.858998965378,,,C03,existing
P135_2_46,G2,C_batteries,G2-C_batteries-02,T014_2,2952.606730665684,7764.037455028012,,,C04,existing
P135_2_46,G2,relay_aircraft,G2-relay_aircraft-01,R003,2004.2977388563338,6244.037452916951,,,NEW-relay_aircraft-01,procurement_required
P135_2_46,G2,relay_components,G2-relay_components-01,R003,2004.2977388563338,6902.075499094418,,,RE03,existing
P135_2_46,G3,A_aircraft,G3-A_aircraft-01,T009,0.0,1316.0142144169886,,,NEW-A_aircraft-03,procurement_required
P135_2_46,G3,C_aircraft,G3-C_aircraft-01,T010_2,1434.4262775174655,2867.4613603954576,T006,2395.3295352380683,NEW-C_aircraft-03,procurement_required
P135_2_46,G3,C_aircraft,G3-C_aircraft-01,T006,5262.790895633526,6542.241766493663,,,NEW-C_aircraft-03,procurement_required
P135_2_46,G3,A_batteries,G3-A_batteries-01,T009,0.0,2194.736329391266,,,NEW-A_batteries-01,procurement_required
P135_2_46,G3,C_batteries,G3-C_batteries-01,T010_2,1434.4262775174655,4330.702121185847,T006,932.0887744476786,NEW-C_batteries-01,procurement_required
P135_2_46,G3,C_batteries,G3-C_batteries-01,T006,5262.790895633526,7891.7506752339295,,,NEW-C_batteries-01,procurement_required
P136_25_4,G1,A_aircraft,G1-A_aircraft-01,T005,0.0,1312.470877312685,T007,2589.6583742346775,U01,existing
P136_25_4,G1,A_aircraft,G1-A_aircraft-01,T007,3902.1292515473624,6510.170148656284,,,U01,existing
P136_25_4,G1,A_aircraft,G1-A_aircraft-02,T007_HARD,0.0,1712.4416357195464,T016,2578.1300633521028,U02,existing
P136_25_4,G1,A_aircraft,G1-A_aircraft-02,T016,4290.571699071649,5986.329803740114,,,U02,existing
P136_25_4,G1,A_aircraft,G1-A_aircraft-03,T007_SOFT,0.0,1712.4416357195464,T014_1,2291.687615827814,U03,existing
P136_25_4,G1,A_aircraft,G1-A_aircraft-03,T014_1,4004.1292515473606,5699.887356215825,,,U03,existing
P136_25_4,G1,A_aircraft,G1-A_aircraft-04,T020,3922.129251547361,5892.33909852418,,,U04,existing
P136_25_4,G1,B_aircraft,G1-B_aircraft-01,T019_1,5028.582323174856,6547.606667586711,,,U05,existing
P136_25_4,G1,C_aircraft,G1-C_aircraft-01,T001,0.0,1561.4261775174655,T006,3701.3647181160604,U07,existing
P136_25_4,G1,C_aircraft,G1-C_aircraft-01,T006,5262.790895633526,6542.241766493663,,,U07,existing
P136_25_4,G1,C_aircraft,G1-C_aircraft-02,T003,0.0,1429.4261775174655,T018,2644.7672039962445,U08,existing
P136_25_4,G1,C_aircraft,G1-C_aircraft-02,T018,4074.19338151371,6761.824258884327,,,U08,existing
P136_25_4,G1,A_batteries,G1-A_batteries-01,T005,0.0,2178.7887122874713,T007,1723.340539259891,A01,existing
P136_25_4,G1,A_batteries,G1-A_batteries-01,T007,3902.1292515473624,7963.433611739875,,,A01,existing
P136_25_4,G1,A_batteries,G1-A_batteries-02,T007_HARD,0.0,2761.062337358848,T014_1,1243.0669141885128,A02,existing
P136_25_4,G1,A_batteries,G1-A_batteries-02,T014_1,4004.1292515473606,6815.081680695524,,,A02,existing
P136_25_4,G1,A_batteries,G1-A_batteries-03,T007_SOFT,0.0,2779.9496716386757,T016,1510.6220274329735,A03,existing
P136_25_4,G1,A_batteries,G1-A_batteries-03,T016,4290.571699071649,7122.3061158963155,,,A03,existing
P136_25_4,G1,A_batteries,G1-A_batteries-04,T020,3922.129251547361,7132.339749211256,,,A04,existing
P136_25_4,G1,B_batteries,G1-B_batteries-01,T019_1,5028.582323174856,8012.288751525202,,,B01,existing
P136_25_4,G1,C_batteries,G1-C_batteries-01,T001,0.0,3150.0928537629516,T006,2112.6980418705743,C01,existing
P136_25_4,G1,C_batteries,G1-C_batteries-01,T006,5262.790895633526,7891.7506752339295,,,C01,existing
P136_25_4,G1,C_batteries,G1-C_batteries-02,T003,0.0,2947.606630665684,T018,1126.586750848026,C02,existing
P136_25_4,G1,C_batteries,G1-C_batteries-02,T018,4074.19338151371,9324.985225954879,,,C02,existing
P136_25_4,G1,relay_aircraft,G1-relay_aircraft-01,R001,190.13731902940862,1999.297638856333,R002,2142.9689317204375,R01,existing
P136_25_4,G1,relay_aircraft,G1-relay_aircraft-01,R002,4142.26657057677,7037.879962031191,,,R01,existing
P136_25_4,G1,relay_components,G1-relay_components-01,R001,190.13731902940862,2344.3073253046314,R002,1797.959245272139,RE01,existing
P136_25_4,G1,relay_components,G1-relay_components-01,R002,4142.26657057677,7517.75318080825,,,RE01,existing
P136_25_4,G2,A_aircraft,G2-A_aircraft-01,T004,2004.1116402352573,4285.571599071649,,,NEW-A_aircraft-01,procurement_required
P136_25_4,G2,A_aircraft,G2-A_aircraft-02,T022,2034.1116402352575,3725.6461264742065,,,NEW-A_aircraft-02,procurement_required
P136_25_4,G2,B_aircraft,G2-B_aircraft-01,T002_2,0.0,1500.9693925601796,T015,5.0000999999997475,U06,existing
P136_25_4,G2,B_aircraft,G2-B_aircraft-01,T015,1505.9694925601793,3060.540851687861,T013,5.000100000000202,U06,existing
P136_25_4,G2,B_aircraft,G2-B_aircraft-01,T013,3065.5409516878613,5023.582223174855,,,U06,existing
P136_25_4,G2,B_aircraft,G2-B_aircraft-02,T011,0.0,1944.0244440219892,T008,5.000100000000202,NEW-B_aircraft-01,procurement_required
P136_25_4,G2,B_aircraft,G2-B_aircraft-02,T008,1949.0245440219894,3793.5634341775567,T021,19.56798758955574,NEW-B_aircraft-01,procurement_required
P136_25_4,G2,B_aircraft,G2-B_aircraft-02,T021,3813.1314217671124,5711.172693254107,,,NEW-B_aircraft-01,procurement_required
P136_25_4,G2,C_aircraft,G2-C_aircraft-01,T012,1954.111640235257,4069.1932815137097,,,NEW-C_aircraft-01,procurement_required
P136_25_4,G2,C_aircraft,G2-C_aircraft-02,T014_2,2952.606730665684,5257.790795633526,,,NEW-C_aircraft-02,procurement_required
P136_25_4,G2,A_batteries,G2-A_batteries-01,T004,2004.1116402352573,5653.515220850031,,,A05,existing
P136_25_4,G2,A_batteries,G2-A_batteries-02,T022,2034.1116402352575,4901.140633153662,,,A06,existing
P136_25_4,G2,B_batteries,G2-B_batteries-01,T002_2,0.0,2956.647180248775,T013,108.89377143908632,B02,existing
P136_25_4,G2,B_batteries,G2-B_batteries-01,T013,3065.5409516878613,6982.827850660446,,,B02,existing
P136_25_4,G2,B_batteries,G2-B_batteries-02,T011,0.0,3808.1313217671122,T021,5.000100000000202,B03,existing
P136_25_4,G2,B_batteries,G2-B_batteries-02,T021,3813.1314217671124,7578.354845171716,,,B03,existing
P136_25_4,G2,B_batteries,G2-B_batteries-03,T015,1505.9694925601793,4516.326993610754,,,B04,existing
P136_25_4,G2,B_batteries,G2-B_batteries-04,T008,1949.0245440219894,5382.225397256939,,,NEW-B_batteries-01,procurement_required
P136_25_4,G2,C_batteries,G2-C_batteries-01,T012,1954.111640235257,6561.858998965378,,,C03,existing
P136_25_4,G2,C_batteries,G2-C_batteries-02,T014_2,2952.606730665684,7764.037455028012,,,C04,existing
P136_25_4,G2,relay_aircraft,G2-relay_aircraft-01,R004,96.18236555369127,4137.266470460487,,,R02,existing
P136_25_4,G2,relay_aircraft,G2-relay_aircraft-02,R003,2004.2977388563338,6244.037452916951,,,NEW-relay_aircraft-01,procurement_required
P136_25_4,G2,relay_components,G2-relay_components-01,R004,96.18236555369127,4763.024275968738,,,RE02,existing
P136_25_4,G2,relay_components,G2-relay_components-02,R003,2004.2977388563338,6902.075499094418,,,RE03,existing
P136_25_4,G3,A_aircraft,G3-A_aircraft-01,T009,0.0,1316.0142144169886,,,NEW-A_aircraft-03,procurement_required
P136_25_4,G3,C_aircraft,G3-C_aircraft-01,T010_2,1434.4262775174655,2867.4613603954576,,,NEW-C_aircraft-03,procurement_required
P136_25_4,G3,A_batteries,G3-A_batteries-01,T009,0.0,2194.736329391266,,,NEW-A_batteries-01,procurement_required
P136_25_4,G3,C_batteries,G3-C_batteries-01,T010_2,1434.4262775174655,4330.702121185847,,,NEW-C_batteries-01,procurement_required
P13_256_4,G1,A_aircraft,G1-A_aircraft-01,T005,0.0,1312.470877312685,T007,2589.6583742346775,U01,existing
P13_256_4,G1,A_aircraft,G1-A_aircraft-01,T007,3902.1292515473624,6510.170148656284,,,U01,existing
P13_256_4,G1,A_aircraft,G1-A_aircraft-02,T007_HARD,0.0,1712.4416357195464,T016,2578.1300633521028,U02,existing
P13_256_4,G1,A_aircraft,G1-A_aircraft-02,T016,4290.571699071649,5986.329803740114,,,U02,existing
P13_256_4,G1,A_aircraft,G1-A_aircraft-03,T007_SOFT,0.0,1712.4416357195464,T014_1,2291.687615827814,U03,existing
P13_256_4,G1,A_aircraft,G1-A_aircraft-03,T014_1,4004.1292515473606,5699.887356215825,,,U03,existing
P13_256_4,G1,A_aircraft,G1-A_aircraft-04,T020,3922.129251547361,5892.33909852418,,,U04,existing
P13_256_4,G1,B_aircraft,G1-B_aircraft-01,T019_1,5028.582323174856,6547.606667586711,,,U05,existing
P13_256_4,G1,C_aircraft,G1-C_aircraft-01,T001,0.0,1561.4261775174655,,,U07,existing
P13_256_4,G1,C_aircraft,G1-C_aircraft-02,T003,0.0,1429.4261775174655,T018,2644.7672039962445,U08,existing
P13_256_4,G1,C_aircraft,G1-C_aircraft-02,T018,4074.19338151371,6761.824258884327,,,U08,existing
P13_256_4,G1,A_batteries,G1-A_batteries-01,T005,0.0,2178.7887122874713,T007,1723.340539259891,A01,existing
P13_256_4,G1,A_batteries,G1-A_batteries-01,T007,3902.1292515473624,7963.433611739875,,,A01,existing
P13_256_4,G1,A_batteries,G1-A_batteries-02,T007_HARD,0.0,2761.062337358848,T014_1,1243.0669141885128,A02,existing
P13_256_4,G1,A_batteries,G1-A_batteries-02,T014_1,4004.1292515473606,6815.081680695524,,,A02,existing
P13_256_4,G1,A_batteries,G1-A_batteries-03,T007_SOFT,0.0,2779.9496716386757,T016,1510.6220274329735,A03,existing
P13_256_4,G1,A_batteries,G1-A_batteries-03,T016,4290.571699071649,7122.3061158963155,,,A03,existing
P13_256_4,G1,A_batteries,G1-A_batteries-04,T020,3922.129251547361,7132.339749211256,,,A04,existing
P13_256_4,G1,B_batteries,G1-B_batteries-01,T019_1,5028.582323174856,8012.288751525202,,,B01,existing
P13_256_4,G1,C_batteries,G1-C_batteries-01,T001,0.0,3150.0928537629516,,,C01,existing
P13_256_4,G1,C_batteries,G1-C_batteries-02,T003,0.0,2947.606630665684,T018,1126.586750848026,C02,existing
P13_256_4,G1,C_batteries,G1-C_batteries-02,T018,4074.19338151371,9324.985225954879,,,C02,existing
P13_256_4,G1,relay_aircraft,G1-relay_aircraft-01,R001,190.13731902940862,1999.297638856333,R002,2142.9689317204375,R01,existing
P13_256_4,G1,relay_aircraft,G1-relay_aircraft-01,R002,4142.26657057677,7037.879962031191,,,R01,existing
P13_256_4,G1,relay_components,G1-relay_components-01,R001,190.13731902940862,2344.3073253046314,R002,1797.959245272139,RE01,existing
P13_256_4,G1,relay_components,G1-relay_components-01,R002,4142.26657057677,7517.75318080825,,,RE01,existing
P13_256_4,G2,A_aircraft,G2-A_aircraft-01,T004,2004.1116402352573,4285.571599071649,,,NEW-A_aircraft-01,procurement_required
P13_256_4,G2,A_aircraft,G2-A_aircraft-02,T022,2034.1116402352575,3725.6461264742065,,,NEW-A_aircraft-02,procurement_required
P13_256_4,G2,B_aircraft,G2-B_aircraft-01,T002_2,0.0,1500.9693925601796,T015,5.0000999999997475,U06,existing
P13_256_4,G2,B_aircraft,G2-B_aircraft-01,T015,1505.9694925601793,3060.540851687861,T013,5.000100000000202,U06,existing
P13_256_4,G2,B_aircraft,G2-B_aircraft-01,T013,3065.5409516878613,5023.582223174855,,,U06,existing
P13_256_4,G2,B_aircraft,G2-B_aircraft-02,T011,0.0,1944.0244440219892,T008,5.000100000000202,NEW-B_aircraft-01,procurement_required
P13_256_4,G2,B_aircraft,G2-B_aircraft-02,T008,1949.0245440219894,3793.5634341775567,T021,19.56798758955574,NEW-B_aircraft-01,procurement_required
P13_256_4,G2,B_aircraft,G2-B_aircraft-02,T021,3813.1314217671124,5711.172693254107,,,NEW-B_aircraft-01,procurement_required
P13_256_4,G2,C_aircraft,G2-C_aircraft-01,T012,1954.111640235257,4069.1932815137097,T006,1193.5976141198162,NEW-C_aircraft-01,procurement_required
P13_256_4,G2,C_aircraft,G2-C_aircraft-01,T006,5262.790895633526,6542.241766493663,,,NEW-C_aircraft-01,procurement_required
P13_256_4,G2,C_aircraft,G2-C_aircraft-02,T014_2,2952.606730665684,5257.790795633526,,,NEW-C_aircraft-02,procurement_required
P13_256_4,G2,A_batteries,G2-A_batteries-01,T004,2004.1116402352573,5653.515220850031,,,A05,existing
P13_256_4,G2,A_batteries,G2-A_batteries-02,T022,2034.1116402352575,4901.140633153662,,,A06,existing
P13_256_4,G2,B_batteries,G2-B_batteries-01,T002_2,0.0,2956.647180248775,T013,108.89377143908632,B02,existing
P13_256_4,G2,B_batteries,G2-B_batteries-01,T013,3065.5409516878613,6982.827850660446,,,B02,existing
P13_256_4,G2,B_batteries,G2-B_batteries-02,T011,0.0,3808.1313217671122,T021,5.000100000000202,B03,existing
P13_256_4,G2,B_batteries,G2-B_batteries-02,T021,3813.1314217671124,7578.354845171716,,,B03,existing
P13_256_4,G2,B_batteries,G2-B_batteries-03,T015,1505.9694925601793,4516.326993610754,,,B04,existing
P13_256_4,G2,B_batteries,G2-B_batteries-04,T008,1949.0245440219894,5382.225397256939,,,NEW-B_batteries-01,procurement_required
P13_256_4,G2,C_batteries,G2-C_batteries-01,T012,1954.111640235257,6561.858998965378,,,C03,existing
P13_256_4,G2,C_batteries,G2-C_batteries-02,T014_2,2952.606730665684,7764.037455028012,,,C04,existing
P13_256_4,G2,C_batteries,G2-C_batteries-03,T006,5262.790895633526,7891.7506752339295,,,NEW-C_batteries-01,procurement_required
P13_256_4,G2,relay_aircraft,G2-relay_aircraft-01,R004,96.18236555369127,4137.266470460487,,,R02,existing
P13_256_4,G2,relay_aircraft,G2-relay_aircraft-02,R003,2004.2977388563338,6244.037452916951,,,NEW-relay_aircraft-01,procurement_required
P13_256_4,G2,relay_components,G2-relay_components-01,R004,96.18236555369127,4763.024275968738,,,RE02,existing
P13_256_4,G2,relay_components,G2-relay_components-02,R003,2004.2977388563338,6902.075499094418,,,RE03,existing
P13_256_4,G3,A_aircraft,G3-A_aircraft-01,T009,0.0,1316.0142144169886,,,NEW-A_aircraft-03,procurement_required
P13_256_4,G3,C_aircraft,G3-C_aircraft-01,T010_2,1434.4262775174655,2867.4613603954576,,,NEW-C_aircraft-03,procurement_required
P13_256_4,G3,A_batteries,G3-A_batteries-01,T009,0.0,2194.736329391266,,,NEW-A_batteries-01,procurement_required
P13_256_4,G3,C_batteries,G3-C_batteries-01,T010_2,1434.4262775174655,4330.702121185847,,,NEW-C_batteries-02,procurement_required
P13_25_46,G1,A_aircraft,G1-A_aircraft-01,T005,0.0,1312.470877312685,T007,2589.6583742346775,U01,existing
P13_25_46,G1,A_aircraft,G1-A_aircraft-01,T007,3902.1292515473624,6510.170148656284,,,U01,existing
P13_25_46,G1,A_aircraft,G1-A_aircraft-02,T007_HARD,0.0,1712.4416357195464,T016,2578.1300633521028,U02,existing
P13_25_46,G1,A_aircraft,G1-A_aircraft-02,T016,4290.571699071649,5986.329803740114,,,U02,existing
P13_25_46,G1,A_aircraft,G1-A_aircraft-03,T007_SOFT,0.0,1712.4416357195464,T014_1,2291.687615827814,U03,existing
P13_25_46,G1,A_aircraft,G1-A_aircraft-03,T014_1,4004.1292515473606,5699.887356215825,,,U03,existing
P13_25_46,G1,A_aircraft,G1-A_aircraft-04,T020,3922.129251547361,5892.33909852418,,,U04,existing
P13_25_46,G1,B_aircraft,G1-B_aircraft-01,T019_1,5028.582323174856,6547.606667586711,,,U05,existing
P13_25_46,G1,C_aircraft,G1-C_aircraft-01,T001,0.0,1561.4261775174655,,,U07,existing
P13_25_46,G1,C_aircraft,G1-C_aircraft-02,T003,0.0,1429.4261775174655,T018,2644.7672039962445,U08,existing
P13_25_46,G1,C_aircraft,G1-C_aircraft-02,T018,4074.19338151371,6761.824258884327,,,U08,existing
P13_25_46,G1,A_batteries,G1-A_batteries-01,T005,0.0,2178.7887122874713,T007,1723.340539259891,A01,existing
P13_25_46,G1,A_batteries,G1-A_batteries-01,T007,3902.1292515473624,7963.433611739875,,,A01,existing
P13_25_46,G1,A_batteries,G1-A_batteries-02,T007_HARD,0.0,2761.062337358848,T014_1,1243.0669141885128,A02,existing
P13_25_46,G1,A_batteries,G1-A_batteries-02,T014_1,4004.1292515473606,6815.081680695524,,,A02,existing
P13_25_46,G1,A_batteries,G1-A_batteries-03,T007_SOFT,0.0,2779.9496716386757,T016,1510.6220274329735,A03,existing
P13_25_46,G1,A_batteries,G1-A_batteries-03,T016,4290.571699071649,7122.3061158963155,,,A03,existing
P13_25_46,G1,A_batteries,G1-A_batteries-04,T020,3922.129251547361,7132.339749211256,,,A04,existing
P13_25_46,G1,B_batteries,G1-B_batteries-01,T019_1,5028.582323174856,8012.288751525202,,,B01,existing
P13_25_46,G1,C_batteries,G1-C_batteries-01,T001,0.0,3150.0928537629516,,,C01,existing
P13_25_46,G1,C_batteries,G1-C_batteries-02,T003,0.0,2947.606630665684,T018,1126.586750848026,C02,existing
P13_25_46,G1,C_batteries,G1-C_batteries-02,T018,4074.19338151371,9324.985225954879,,,C02,existing
P13_25_46,G1,relay_aircraft,G1-relay_aircraft-01,R001,190.13731902940862,1999.297638856333,R002,2142.9689317204375,R01,existing
P13_25_46,G1,relay_aircraft,G1-relay_aircraft-01,R002,4142.26657057677,7037.879962031191,,,R01,existing
P13_25_46,G1,relay_components,G1-relay_components-01,R001,190.13731902940862,2344.3073253046314,R002,1797.959245272139,RE01,existing
P13_25_46,G1,relay_components,G1-relay_components-01,R002,4142.26657057677,7517.75318080825,,,RE01,existing
P13_25_46,G2,A_aircraft,G2-A_aircraft-01,T004,2004.1116402352573,4285.571599071649,,,NEW-A_aircraft-01,procurement_required
P13_25_46,G2,A_aircraft,G2-A_aircraft-02,T022,2034.1116402352575,3725.6461264742065,,,NEW-A_aircraft-02,procurement_required
P13_25_46,G2,B_aircraft,G2-B_aircraft-01,T002_2,0.0,1500.9693925601796,T015,5.0000999999997475,U06,existing
P13_25_46,G2,B_aircraft,G2-B_aircraft-01,T015,1505.9694925601793,3060.540851687861,T013,5.000100000000202,U06,existing
P13_25_46,G2,B_aircraft,G2-B_aircraft-01,T013,3065.5409516878613,5023.582223174855,,,U06,existing
P13_25_46,G2,B_aircraft,G2-B_aircraft-02,T011,0.0,1944.0244440219892,T008,5.000100000000202,NEW-B_aircraft-01,procurement_required
P13_25_46,G2,B_aircraft,G2-B_aircraft-02,T008,1949.0245440219894,3793.5634341775567,T021,19.56798758955574,NEW-B_aircraft-01,procurement_required
P13_25_46,G2,B_aircraft,G2-B_aircraft-02,T021,3813.1314217671124,5711.172693254107,,,NEW-B_aircraft-01,procurement_required
P13_25_46,G2,C_aircraft,G2-C_aircraft-01,T012,1954.111640235257,4069.1932815137097,,,NEW-C_aircraft-01,procurement_required
P13_25_46,G2,C_aircraft,G2-C_aircraft-02,T014_2,2952.606730665684,5257.790795633526,,,NEW-C_aircraft-02,procurement_required
P13_25_46,G2,A_batteries,G2-A_batteries-01,T004,2004.1116402352573,5653.515220850031,,,A05,existing
P13_25_46,G2,A_batteries,G2-A_batteries-02,T022,2034.1116402352575,4901.140633153662,,,A06,existing
P13_25_46,G2,B_batteries,G2-B_batteries-01,T002_2,0.0,2956.647180248775,T013,108.89377143908632,B02,existing
P13_25_46,G2,B_batteries,G2-B_batteries-01,T013,3065.5409516878613,6982.827850660446,,,B02,existing
P13_25_46,G2,B_batteries,G2-B_batteries-02,T011,0.0,3808.1313217671122,T021,5.000100000000202,B03,existing
P13_25_46,G2,B_batteries,G2-B_batteries-02,T021,3813.1314217671124,7578.354845171716,,,B03,existing
P13_25_46,G2,B_batteries,G2-B_batteries-03,T015,1505.9694925601793,4516.326993610754,,,B04,existing
P13_25_46,G2,B_batteries,G2-B_batteries-04,T008,1949.0245440219894,5382.225397256939,,,NEW-B_batteries-01,procurement_required
P13_25_46,G2,C_batteries,G2-C_batteries-01,T012,1954.111640235257,6561.858998965378,,,C03,existing
P13_25_46,G2,C_batteries,G2-C_batteries-02,T014_2,2952.606730665684,7764.037455028012,,,C04,existing
P13_25_46,G2,relay_aircraft,G2-relay_aircraft-01,R004,96.18236555369127,4137.266470460487,,,R02,existing
P13_25_46,G2,relay_aircraft,G2-relay_aircraft-02,R003,2004.2977388563338,6244.037452916951,,,NEW-relay_aircraft-01,procurement_required
P13_25_46,G2,relay_components,G2-relay_components-01,R004,96.18236555369127,4763.024275968738,,,RE02,existing
P13_25_46,G2,relay_components,G2-relay_components-02,R003,2004.2977388563338,6902.075499094418,,,RE03,existing
P13_25_46,G3,A_aircraft,G3-A_aircraft-01,T009,0.0,1316.0142144169886,,,NEW-A_aircraft-03,procurement_required
P13_25_46,G3,C_aircraft,G3-C_aircraft-01,T010_2,1434.4262775174655,2867.4613603954576,T006,2395.3295352380683,NEW-C_aircraft-03,procurement_required
P13_25_46,G3,C_aircraft,G3-C_aircraft-01,T006,5262.790895633526,6542.241766493663,,,NEW-C_aircraft-03,procurement_required
P13_25_46,G3,A_batteries,G3-A_batteries-01,T009,0.0,2194.736329391266,,,NEW-A_batteries-01,procurement_required
P13_25_46,G3,C_batteries,G3-C_batteries-01,T010_2,1434.4262775174655,4330.702121185847,T006,932.0887744476786,NEW-C_batteries-01,procurement_required
P13_25_46,G3,C_batteries,G3-C_batteries-01,T006,5262.790895633526,7891.7506752339295,,,NEW-C_batteries-01,procurement_required
P136_2_45,G1,A_aircraft,G1-A_aircraft-01,T005,0.0,1312.470877312685,T007,2589.6583742346775,U01,existing
P136_2_45,G1,A_aircraft,G1-A_aircraft-01,T007,3902.1292515473624,6510.170148656284,,,U01,existing
P136_2_45,G1,A_aircraft,G1-A_aircraft-02,T007_HARD,0.0,1712.4416357195464,T016,2578.1300633521028,U02,existing
P136_2_45,G1,A_aircraft,G1-A_aircraft-02,T016,4290.571699071649,5986.329803740114,,,U02,existing
P136_2_45,G1,A_aircraft,G1-A_aircraft-03,T007_SOFT,0.0,1712.4416357195464,T014_1,2291.687615827814,U03,existing
P136_2_45,G1,A_aircraft,G1-A_aircraft-03,T014_1,4004.1292515473606,5699.887356215825,,,U03,existing
P136_2_45,G1,A_aircraft,G1-A_aircraft-04,T020,3922.129251547361,5892.33909852418,,,U04,existing
P136_2_45,G1,B_aircraft,G1-B_aircraft-01,T019_1,5028.582323174856,6547.606667586711,,,U05,existing
P136_2_45,G1,C_aircraft,G1-C_aircraft-01,T001,0.0,1561.4261775174655,T006,3701.3647181160604,U07,existing
P136_2_45,G1,C_aircraft,G1-C_aircraft-01,T006,5262.790895633526,6542.241766493663,,,U07,existing
P136_2_45,G1,C_aircraft,G1-C_aircraft-02,T003,0.0,1429.4261775174655,T018,2644.7672039962445,U08,existing
P136_2_45,G1,C_aircraft,G1-C_aircraft-02,T018,4074.19338151371,6761.824258884327,,,U08,existing
P136_2_45,G1,A_batteries,G1-A_batteries-01,T005,0.0,2178.7887122874713,T007,1723.340539259891,A01,existing
P136_2_45,G1,A_batteries,G1-A_batteries-01,T007,3902.1292515473624,7963.433611739875,,,A01,existing
P136_2_45,G1,A_batteries,G1-A_batteries-02,T007_HARD,0.0,2761.062337358848,T014_1,1243.0669141885128,A02,existing
P136_2_45,G1,A_batteries,G1-A_batteries-02,T014_1,4004.1292515473606,6815.081680695524,,,A02,existing
P136_2_45,G1,A_batteries,G1-A_batteries-03,T007_SOFT,0.0,2779.9496716386757,T016,1510.6220274329735,A03,existing
P136_2_45,G1,A_batteries,G1-A_batteries-03,T016,4290.571699071649,7122.3061158963155,,,A03,existing
P136_2_45,G1,A_batteries,G1-A_batteries-04,T020,3922.129251547361,7132.339749211256,,,A04,existing
P136_2_45,G1,B_batteries,G1-B_batteries-01,T019_1,5028.582323174856,8012.288751525202,,,B01,existing
P136_2_45,G1,C_batteries,G1-C_batteries-01,T001,0.0,3150.0928537629516,T006,2112.6980418705743,C01,existing
P136_2_45,G1,C_batteries,G1-C_batteries-01,T006,5262.790895633526,7891.7506752339295,,,C01,existing
P136_2_45,G1,C_batteries,G1-C_batteries-02,T003,0.0,2947.606630665684,T018,1126.586750848026,C02,existing
P136_2_45,G1,C_batteries,G1-C_batteries-02,T018,4074.19338151371,9324.985225954879,,,C02,existing
P136_2_45,G1,relay_aircraft,G1-relay_aircraft-01,R001,190.13731902940862,1999.297638856333,R002,2142.9689317204375,R01,existing
P136_2_45,G1,relay_aircraft,G1-relay_aircraft-01,R002,4142.26657057677,7037.879962031191,,,R01,existing
P136_2_45,G1,relay_components,G1-relay_components-01,R001,190.13731902940862,2344.3073253046314,R002,1797.959245272139,RE01,existing
P136_2_45,G1,relay_components,G1-relay_components-01,R002,4142.26657057677,7517.75318080825,,,RE01,existing
P136_2_45,G2,A_aircraft,G2-A_aircraft-01,T004,2004.1116402352573,4285.571599071649,,,NEW-A_aircraft-01,procurement_required
P136_2_45,G2,A_aircraft,G2-A_aircraft-02,T022,2034.1116402352575,3725.6461264742065,,,NEW-A_aircraft-02,procurement_required
P136_2_45,G2,B_aircraft,G2-B_aircraft-01,T013,3065.5409516878613,5023.582223174855,,,U06,existing
P136_2_45,G2,B_aircraft,G2-B_aircraft-02,T021,3813.1314217671124,5711.172693254107,,,NEW-B_aircraft-01,procurement_required
P136_2_45,G2,C_aircraft,G2-C_aircraft-01,T012,1954.111640235257,4069.1932815137097,,,NEW-C_aircraft-01,procurement_required
P136_2_45,G2,C_aircraft,G2-C_aircraft-02,T014_2,2952.606730665684,5257.790795633526,,,NEW-C_aircraft-02,procurement_required
P136_2_45,G2,A_batteries,G2-A_batteries-01,T004,2004.1116402352573,5653.515220850031,,,A05,existing
P136_2_45,G2,A_batteries,G2-A_batteries-02,T022,2034.1116402352575,4901.140633153662,,,A06,existing
P136_2_45,G2,B_batteries,G2-B_batteries-01,T013,3065.5409516878613,6982.827850660446,,,B02,existing
P136_2_45,G2,B_batteries,G2-B_batteries-02,T021,3813.1314217671124,7578.354845171716,,,B03,existing
P136_2_45,G2,C_batteries,G2-C_batteries-01,T012,1954.111640235257,6561.858998965378,,,C03,existing
P136_2_45,G2,C_batteries,G2-C_batteries-02,T014_2,2952.606730665684,7764.037455028012,,,C04,existing
P136_2_45,G2,relay_aircraft,G2-relay_aircraft-01,R003,2004.2977388563338,6244.037452916951,,,R02,existing
P136_2_45,G2,relay_components,G2-relay_components-01,R003,2004.2977388563338,6902.075499094418,,,RE02,existing
P136_2_45,G3,A_aircraft,G3-A_aircraft-01,T009,0.0,1316.0142144169886,,,NEW-A_aircraft-03,procurement_required
P136_2_45,G3,B_aircraft,G3-B_aircraft-01,T002_2,0.0,1500.9693925601796,T015,5.0000999999997475,NEW-B_aircraft-02,procurement_required
P136_2_45,G3,B_aircraft,G3-B_aircraft-01,T015,1505.9694925601793,3060.540851687861,,,NEW-B_aircraft-02,procurement_required
P136_2_45,G3,B_aircraft,G3-B_aircraft-02,T011,0.0,1944.0244440219892,T008,5.000100000000202,NEW-B_aircraft-03,procurement_required
P136_2_45,G3,B_aircraft,G3-B_aircraft-02,T008,1949.0245440219894,3793.5634341775567,,,NEW-B_aircraft-03,procurement_required
P136_2_45,G3,C_aircraft,G3-C_aircraft-01,T010_2,1434.4262775174655,2867.4613603954576,,,NEW-C_aircraft-03,procurement_required
P136_2_45,G3,A_batteries,G3-A_batteries-01,T009,0.0,2194.736329391266,,,NEW-A_batteries-01,procurement_required
P136_2_45,G3,B_batteries,G3-B_batteries-01,T002_2,0.0,2956.647180248775,,,B04,existing
P136_2_45,G3,B_batteries,G3-B_batteries-02,T011,0.0,3808.1313217671122,,,NEW-B_batteries-01,procurement_required
P136_2_45,G3,B_batteries,G3-B_batteries-03,T015,1505.9694925601793,4516.326993610754,,,NEW-B_batteries-02,procurement_required
P136_2_45,G3,B_batteries,G3-B_batteries-04,T008,1949.0245440219894,5382.225397256939,,,NEW-B_batteries-03,procurement_required
P136_2_45,G3,C_batteries,G3-C_batteries-01,T010_2,1434.4262775174655,4330.702121185847,,,NEW-C_batteries-01,procurement_required
P136_2_45,G3,relay_aircraft,G3-relay_aircraft-01,R004,96.18236555369127,4137.266470460487,,,NEW-relay_aircraft-01,procurement_required
P136_2_45,G3,relay_components,G3-relay_components-01,R004,96.18236555369127,4763.024275968738,,,RE03,existing
P13_26_45,G1,A_aircraft,G1-A_aircraft-01,T005,0.0,1312.470877312685,T007,2589.6583742346775,U01,existing
P13_26_45,G1,A_aircraft,G1-A_aircraft-01,T007,3902.1292515473624,6510.170148656284,,,U01,existing
P13_26_45,G1,A_aircraft,G1-A_aircraft-02,T007_HARD,0.0,1712.4416357195464,T016,2578.1300633521028,U02,existing
P13_26_45,G1,A_aircraft,G1-A_aircraft-02,T016,4290.571699071649,5986.329803740114,,,U02,existing
P13_26_45,G1,A_aircraft,G1-A_aircraft-03,T007_SOFT,0.0,1712.4416357195464,T014_1,2291.687615827814,U03,existing
P13_26_45,G1,A_aircraft,G1-A_aircraft-03,T014_1,4004.1292515473606,5699.887356215825,,,U03,existing
P13_26_45,G1,A_aircraft,G1-A_aircraft-04,T020,3922.129251547361,5892.33909852418,,,U04,existing
P13_26_45,G1,B_aircraft,G1-B_aircraft-01,T019_1,5028.582323174856,6547.606667586711,,,U05,existing
P13_26_45,G1,C_aircraft,G1-C_aircraft-01,T001,0.0,1561.4261775174655,,,U07,existing
P13_26_45,G1,C_aircraft,G1-C_aircraft-02,T003,0.0,1429.4261775174655,T018,2644.7672039962445,U08,existing
P13_26_45,G1,C_aircraft,G1-C_aircraft-02,T018,4074.19338151371,6761.824258884327,,,U08,existing
P13_26_45,G1,A_batteries,G1-A_batteries-01,T005,0.0,2178.7887122874713,T007,1723.340539259891,A01,existing
P13_26_45,G1,A_batteries,G1-A_batteries-01,T007,3902.1292515473624,7963.433611739875,,,A01,existing
P13_26_45,G1,A_batteries,G1-A_batteries-02,T007_HARD,0.0,2761.062337358848,T014_1,1243.0669141885128,A02,existing
P13_26_45,G1,A_batteries,G1-A_batteries-02,T014_1,4004.1292515473606,6815.081680695524,,,A02,existing
P13_26_45,G1,A_batteries,G1-A_batteries-03,T007_SOFT,0.0,2779.9496716386757,T016,1510.6220274329735,A03,existing
P13_26_45,G1,A_batteries,G1-A_batteries-03,T016,4290.571699071649,7122.3061158963155,,,A03,existing
P13_26_45,G1,A_batteries,G1-A_batteries-04,T020,3922.129251547361,7132.339749211256,,,A04,existing
P13_26_45,G1,B_batteries,G1-B_batteries-01,T019_1,5028.582323174856,8012.288751525202,,,B01,existing
P13_26_45,G1,C_batteries,G1-C_batteries-01,T001,0.0,3150.0928537629516,,,C01,existing
P13_26_45,G1,C_batteries,G1-C_batteries-02,T003,0.0,2947.606630665684,T018,1126.586750848026,C02,existing
P13_26_45,G1,C_batteries,G1-C_batteries-02,T018,4074.19338151371,9324.985225954879,,,C02,existing
P13_26_45,G1,relay_aircraft,G1-relay_aircraft-01,R001,190.13731902940862,1999.297638856333,R002,2142.9689317204375,R01,existing
P13_26_45,G1,relay_aircraft,G1-relay_aircraft-01,R002,4142.26657057677,7037.879962031191,,,R01,existing
P13_26_45,G1,relay_components,G1-relay_components-01,R001,190.13731902940862,2344.3073253046314,R002,1797.959245272139,RE01,existing
P13_26_45,G1,relay_components,G1-relay_components-01,R002,4142.26657057677,7517.75318080825,,,RE01,existing
P13_26_45,G2,A_aircraft,G2-A_aircraft-01,T004,2004.1116402352573,4285.571599071649,,,NEW-A_aircraft-01,procurement_required
P13_26_45,G2,A_aircraft,G2-A_aircraft-02,T022,2034.1116402352575,3725.6461264742065,,,NEW-A_aircraft-02,procurement_required
P13_26_45,G2,B_aircraft,G2-B_aircraft-01,T013,3065.5409516878613,5023.582223174855,,,U06,existing
P13_26_45,G2,B_aircraft,G2-B_aircraft-02,T021,3813.1314217671124,5711.172693254107,,,NEW-B_aircraft-01,procurement_required
P13_26_45,G2,C_aircraft,G2-C_aircraft-01,T012,1954.111640235257,4069.1932815137097,T006,1193.5976141198162,NEW-C_aircraft-01,procurement_required
P13_26_45,G2,C_aircraft,G2-C_aircraft-01,T006,5262.790895633526,6542.241766493663,,,NEW-C_aircraft-01,procurement_required
P13_26_45,G2,C_aircraft,G2-C_aircraft-02,T014_2,2952.606730665684,5257.790795633526,,,NEW-C_aircraft-02,procurement_required
P13_26_45,G2,A_batteries,G2-A_batteries-01,T004,2004.1116402352573,5653.515220850031,,,A05,existing
P13_26_45,G2,A_batteries,G2-A_batteries-02,T022,2034.1116402352575,4901.140633153662,,,A06,existing
P13_26_45,G2,B_batteries,G2-B_batteries-01,T013,3065.5409516878613,6982.827850660446,,,B02,existing
P13_26_45,G2,B_batteries,G2-B_batteries-02,T021,3813.1314217671124,7578.354845171716,,,B03,existing
P13_26_45,G2,C_batteries,G2-C_batteries-01,T012,1954.111640235257,6561.858998965378,,,C03,existing
P13_26_45,G2,C_batteries,G2-C_batteries-02,T014_2,2952.606730665684,7764.037455028012,,,C04,existing
P13_26_45,G2,C_batteries,G2-C_batteries-03,T006,5262.790895633526,7891.7506752339295,,,NEW-C_batteries-01,procurement_required
P13_26_45,G2,relay_aircraft,G2-relay_aircraft-01,R003,2004.2977388563338,6244.037452916951,,,R02,existing
P13_26_45,G2,relay_components,G2-relay_components-01,R003,2004.2977388563338,6902.075499094418,,,RE02,existing
P13_26_45,G3,A_aircraft,G3-A_aircraft-01,T009,0.0,1316.0142144169886,,,NEW-A_aircraft-03,procurement_required
P13_26_45,G3,B_aircraft,G3-B_aircraft-01,T002_2,0.0,1500.9693925601796,T015,5.0000999999997475,NEW-B_aircraft-02,procurement_required
P13_26_45,G3,B_aircraft,G3-B_aircraft-01,T015,1505.9694925601793,3060.540851687861,,,NEW-B_aircraft-02,procurement_required
P13_26_45,G3,B_aircraft,G3-B_aircraft-02,T011,0.0,1944.0244440219892,T008,5.000100000000202,NEW-B_aircraft-03,procurement_required
P13_26_45,G3,B_aircraft,G3-B_aircraft-02,T008,1949.0245440219894,3793.5634341775567,,,NEW-B_aircraft-03,procurement_required
P13_26_45,G3,C_aircraft,G3-C_aircraft-01,T010_2,1434.4262775174655,2867.4613603954576,,,NEW-C_aircraft-03,procurement_required
P13_26_45,G3,A_batteries,G3-A_batteries-01,T009,0.0,2194.736329391266,,,NEW-A_batteries-01,procurement_required
P13_26_45,G3,B_batteries,G3-B_batteries-01,T002_2,0.0,2956.647180248775,,,B04,existing
P13_26_45,G3,B_batteries,G3-B_batteries-02,T011,0.0,3808.1313217671122,,,NEW-B_batteries-01,procurement_required
P13_26_45,G3,B_batteries,G3-B_batteries-03,T015,1505.9694925601793,4516.326993610754,,,NEW-B_batteries-02,procurement_required
P13_26_45,G3,B_batteries,G3-B_batteries-04,T008,1949.0245440219894,5382.225397256939,,,NEW-B_batteries-03,procurement_required
P13_26_45,G3,C_batteries,G3-C_batteries-01,T010_2,1434.4262775174655,4330.702121185847,,,NEW-C_batteries-02,procurement_required
P13_26_45,G3,relay_aircraft,G3-relay_aircraft-01,R004,96.18236555369127,4137.266470460487,,,NEW-relay_aircraft-01,procurement_required
P13_26_45,G3,relay_components,G3-relay_components-01,R004,96.18236555369127,4763.024275968738,,,RE03,existing
P13_2_456,G1,A_aircraft,G1-A_aircraft-01,T005,0.0,1312.470877312685,T007,2589.6583742346775,U01,existing
P13_2_456,G1,A_aircraft,G1-A_aircraft-01,T007,3902.1292515473624,6510.170148656284,,,U01,existing
P13_2_456,G1,A_aircraft,G1-A_aircraft-02,T007_HARD,0.0,1712.4416357195464,T016,2578.1300633521028,U02,existing
P13_2_456,G1,A_aircraft,G1-A_aircraft-02,T016,4290.571699071649,5986.329803740114,,,U02,existing
P13_2_456,G1,A_aircraft,G1-A_aircraft-03,T007_SOFT,0.0,1712.4416357195464,T014_1,2291.687615827814,U03,existing
P13_2_456,G1,A_aircraft,G1-A_aircraft-03,T014_1,4004.1292515473606,5699.887356215825,,,U03,existing
P13_2_456,G1,A_aircraft,G1-A_aircraft-04,T020,3922.129251547361,5892.33909852418,,,U04,existing
P13_2_456,G1,B_aircraft,G1-B_aircraft-01,T019_1,5028.582323174856,6547.606667586711,,,U05,existing
P13_2_456,G1,C_aircraft,G1-C_aircraft-01,T001,0.0,1561.4261775174655,,,U07,existing
P13_2_456,G1,C_aircraft,G1-C_aircraft-02,T003,0.0,1429.4261775174655,T018,2644.7672039962445,U08,existing
P13_2_456,G1,C_aircraft,G1-C_aircraft-02,T018,4074.19338151371,6761.824258884327,,,U08,existing
P13_2_456,G1,A_batteries,G1-A_batteries-01,T005,0.0,2178.7887122874713,T007,1723.340539259891,A01,existing
P13_2_456,G1,A_batteries,G1-A_batteries-01,T007,3902.1292515473624,7963.433611739875,,,A01,existing
P13_2_456,G1,A_batteries,G1-A_batteries-02,T007_HARD,0.0,2761.062337358848,T014_1,1243.0669141885128,A02,existing
P13_2_456,G1,A_batteries,G1-A_batteries-02,T014_1,4004.1292515473606,6815.081680695524,,,A02,existing
P13_2_456,G1,A_batteries,G1-A_batteries-03,T007_SOFT,0.0,2779.9496716386757,T016,1510.6220274329735,A03,existing
P13_2_456,G1,A_batteries,G1-A_batteries-03,T016,4290.571699071649,7122.3061158963155,,,A03,existing
P13_2_456,G1,A_batteries,G1-A_batteries-04,T020,3922.129251547361,7132.339749211256,,,A04,existing
P13_2_456,G1,B_batteries,G1-B_batteries-01,T019_1,5028.582323174856,8012.288751525202,,,B01,existing
P13_2_456,G1,C_batteries,G1-C_batteries-01,T001,0.0,3150.0928537629516,,,C01,existing
P13_2_456,G1,C_batteries,G1-C_batteries-02,T003,0.0,2947.606630665684,T018,1126.586750848026,C02,existing
P13_2_456,G1,C_batteries,G1-C_batteries-02,T018,4074.19338151371,9324.985225954879,,,C02,existing
P13_2_456,G1,relay_aircraft,G1-relay_aircraft-01,R001,190.13731902940862,1999.297638856333,R002,2142.9689317204375,R01,existing
P13_2_456,G1,relay_aircraft,G1-relay_aircraft-01,R002,4142.26657057677,7037.879962031191,,,R01,existing
P13_2_456,G1,relay_components,G1-relay_components-01,R001,190.13731902940862,2344.3073253046314,R002,1797.959245272139,RE01,existing
P13_2_456,G1,relay_components,G1-relay_components-01,R002,4142.26657057677,7517.75318080825,,,RE01,existing
P13_2_456,G2,A_aircraft,G2-A_aircraft-01,T004,2004.1116402352573,4285.571599071649,,,NEW-A_aircraft-01,procurement_required
P13_2_456,G2,A_aircraft,G2-A_aircraft-02,T022,2034.1116402352575,3725.6461264742065,,,NEW-A_aircraft-02,procurement_required
P13_2_456,G2,B_aircraft,G2-B_aircraft-01,T013,3065.5409516878613,5023.582223174855,,,U06,existing
P13_2_456,G2,B_aircraft,G2-B_aircraft-02,T021,3813.1314217671124,5711.172693254107,,,NEW-B_aircraft-01,procurement_required
P13_2_456,G2,C_aircraft,G2-C_aircraft-01,T012,1954.111640235257,4069.1932815137097,,,NEW-C_aircraft-01,procurement_required
P13_2_456,G2,C_aircraft,G2-C_aircraft-02,T014_2,2952.606730665684,5257.790795633526,,,NEW-C_aircraft-02,procurement_required
P13_2_456,G2,A_batteries,G2-A_batteries-01,T004,2004.1116402352573,5653.515220850031,,,A05,existing
P13_2_456,G2,A_batteries,G2-A_batteries-02,T022,2034.1116402352575,4901.140633153662,,,A06,existing
P13_2_456,G2,B_batteries,G2-B_batteries-01,T013,3065.5409516878613,6982.827850660446,,,B02,existing
P13_2_456,G2,B_batteries,G2-B_batteries-02,T021,3813.1314217671124,7578.354845171716,,,B03,existing
P13_2_456,G2,C_batteries,G2-C_batteries-01,T012,1954.111640235257,6561.858998965378,,,C03,existing
P13_2_456,G2,C_batteries,G2-C_batteries-02,T014_2,2952.606730665684,7764.037455028012,,,C04,existing
P13_2_456,G2,relay_aircraft,G2-relay_aircraft-01,R003,2004.2977388563338,6244.037452916951,,,R02,existing
P13_2_456,G2,relay_components,G2-relay_components-01,R003,2004.2977388563338,6902.075499094418,,,RE02,existing
P13_2_456,G3,A_aircraft,G3-A_aircraft-01,T009,0.0,1316.0142144169886,,,NEW-A_aircraft-03,procurement_required
P13_2_456,G3,B_aircraft,G3-B_aircraft-01,T002_2,0.0,1500.9693925601796,T015,5.0000999999997475,NEW-B_aircraft-02,procurement_required
P13_2_456,G3,B_aircraft,G3-B_aircraft-01,T015,1505.9694925601793,3060.540851687861,,,NEW-B_aircraft-02,procurement_required
P13_2_456,G3,B_aircraft,G3-B_aircraft-02,T011,0.0,1944.0244440219892,T008,5.000100000000202,NEW-B_aircraft-03,procurement_required
P13_2_456,G3,B_aircraft,G3-B_aircraft-02,T008,1949.0245440219894,3793.5634341775567,,,NEW-B_aircraft-03,procurement_required
P13_2_456,G3,C_aircraft,G3-C_aircraft-01,T010_2,1434.4262775174655,2867.4613603954576,T006,2395.3295352380683,NEW-C_aircraft-03,procurement_required
P13_2_456,G3,C_aircraft,G3-C_aircraft-01,T006,5262.790895633526,6542.241766493663,,,NEW-C_aircraft-03,procurement_required
P13_2_456,G3,A_batteries,G3-A_batteries-01,T009,0.0,2194.736329391266,,,NEW-A_batteries-01,procurement_required
P13_2_456,G3,B_batteries,G3-B_batteries-01,T002_2,0.0,2956.647180248775,,,B04,existing
P13_2_456,G3,B_batteries,G3-B_batteries-02,T011,0.0,3808.1313217671122,,,NEW-B_batteries-01,procurement_required
P13_2_456,G3,B_batteries,G3-B_batteries-03,T015,1505.9694925601793,4516.326993610754,,,NEW-B_batteries-02,procurement_required
P13_2_456,G3,B_batteries,G3-B_batteries-04,T008,1949.0245440219894,5382.225397256939,,,NEW-B_batteries-03,procurement_required
P13_2_456,G3,C_batteries,G3-C_batteries-01,T010_2,1434.4262775174655,4330.702121185847,T006,932.0887744476786,NEW-C_batteries-01,procurement_required
P13_2_456,G3,C_batteries,G3-C_batteries-01,T006,5262.790895633526,7891.7506752339295,,,NEW-C_batteries-01,procurement_required
P13_2_456,G3,relay_aircraft,G3-relay_aircraft-01,R004,96.18236555369127,4137.266470460487,,,NEW-relay_aircraft-01,procurement_required
P13_2_456,G3,relay_components,G3-relay_components-01,R004,96.18236555369127,4763.024275968738,,,RE03,existing
P145_23_6,G1,A_aircraft,G1-A_aircraft-01,T005,0.0,1312.470877312685,,,U01,existing
P145_23_6,G1,A_aircraft,G1-A_aircraft-02,T009,0.0,1316.0142144169886,,,U02,existing
P145_23_6,G1,B_aircraft,G1-B_aircraft-01,T002_2,0.0,1500.9693925601796,T015,5.0000999999997475,U05,existing
P145_23_6,G1,B_aircraft,G1-B_aircraft-01,T015,1505.9694925601793,3060.540851687861,,,U05,existing
P145_23_6,G1,B_aircraft,G1-B_aircraft-02,T011,0.0,1944.0244440219892,T008,5.000100000000202,U06,existing
P145_23_6,G1,B_aircraft,G1-B_aircraft-02,T008,1949.0245440219894,3793.5634341775567,,,U06,existing
P145_23_6,G1,C_aircraft,G1-C_aircraft-01,T001,0.0,1561.4261775174655,,,U07,existing
P145_23_6,G1,C_aircraft,G1-C_aircraft-02,T003,0.0,1429.4261775174655,T010_2,5.000099999999975,U08,existing
P145_23_6,G1,C_aircraft,G1-C_aircraft-02,T010_2,1434.4262775174655,2867.4613603954576,,,U08,existing
P145_23_6,G1,A_batteries,G1-A_batteries-01,T005,0.0,2178.7887122874713,,,A01,existing
P145_23_6,G1,A_batteries,G1-A_batteries-02,T009,0.0,2194.736329391266,,,A02,existing
P145_23_6,G1,B_batteries,G1-B_batteries-01,T002_2,0.0,2956.647180248775,,,B01,existing
P145_23_6,G1,B_batteries,G1-B_batteries-02,T011,0.0,3808.1313217671122,,,B02,existing
P145_23_6,G1,B_batteries,G1-B_batteries-03,T015,1505.9694925601793,4516.326993610754,,,B03,existing
P145_23_6,G1,B_batteries,G1-B_batteries-04,T008,1949.0245440219894,5382.225397256939,,,B04,existing
P145_23_6,G1,C_batteries,G1-C_batteries-01,T001,0.0,3150.0928537629516,,,C01,existing
P145_23_6,G1,C_batteries,G1-C_batteries-02,T003,0.0,2947.606630665684,,,C02,existing
P145_23_6,G1,C_batteries,G1-C_batteries-03,T010_2,1434.4262775174655,4330.702121185847,,,C03,existing
P145_23_6,G1,relay_aircraft,G1-relay_aircraft-01,R004,96.18236555369127,4137.266470460487,,,R01,existing
P145_23_6,G1,relay_components,G1-relay_components-01,R004,96.18236555369127,4763.024275968738,,,RE01,existing
P145_23_6,G2,A_aircraft,G2-A_aircraft-01,T007_HARD,0.0,1712.4416357195464,T022,321.67000451571107,U03,existing
P145_23_6,G2,A_aircraft,G2-A_aircraft-01,T022,2034.1116402352575,3725.6461264742065,T007,176.48312507315586,U03,existing
P145_23_6,G2,A_aircraft,G2-A_aircraft-01,T007,3902.1292515473624,6510.170148656284,,,U03,existing
P145_23_6,G2,A_aircraft,G2-A_aircraft-02,T007_SOFT,0.0,1712.4416357195464,T004,291.67000451571084,U04,existing
P145_23_6,G2,A_aircraft,G2-A_aircraft-02,T004,2004.1116402352573,4285.571599071649,T016,5.000100000000202,U04,existing
P145_23_6,G2,A_aircraft,G2-A_aircraft-02,T016,4290.571699071649,5986.329803740114,,,U04,existing
P145_23_6,G2,A_aircraft,G2-A_aircraft-03,T020,3922.129251547361,5892.33909852418,,,NEW-A_aircraft-01,procurement_required
P145_23_6,G2,A_aircraft,G2-A_aircraft-04,T014_1,4004.1292515473606,5699.887356215825,,,NEW-A_aircraft-02,procurement_required
P145_23_6,G2,B_aircraft,G2-B_aircraft-01,T013,3065.5409516878613,5023.582223174855,T019_1,5.000100000001112,NEW-B_aircraft-01,procurement_required
P145_23_6,G2,B_aircraft,G2-B_aircraft-01,T019_1,5028.582323174856,6547.606667586711,,,NEW-B_aircraft-01,procurement_required
P145_23_6,G2,B_aircraft,G2-B_aircraft-02,T021,3813.1314217671124,5711.172693254107,,,NEW-B_aircraft-02,procurement_required
P145_23_6,G2,C_aircraft,G2-C_aircraft-01,T012,1954.111640235257,4069.1932815137097,T018,5.000100000000202,NEW-C_aircraft-01,procurement_required
P145_23_6,G2,C_aircraft,G2-C_aircraft-01,T018,4074.19338151371,6761.824258884327,,,NEW-C_aircraft-01,procurement_required
P145_23_6,G2,C_aircraft,G2-C_aircraft-02,T014_2,2952.606730665684,5257.790795633526,,,NEW-C_aircraft-02,procurement_required
P145_23_6,G2,A_batteries,G2-A_batteries-01,T007_HARD,0.0,2761.062337358848,T014_1,1243.0669141885128,A03,existing
P145_23_6,G2,A_batteries,G2-A_batteries-01,T014_1,4004.1292515473606,6815.081680695524,,,A03,existing
P145_23_6,G2,A_batteries,G2-A_batteries-02,T007_SOFT,0.0,2779.9496716386757,T016,1510.6220274329735,A04,existing
P145_23_6,G2,A_batteries,G2-A_batteries-02,T016,4290.571699071649,7122.3061158963155,,,A04,existing
P145_23_6,G2,A_batteries,G2-A_batteries-03,T004,2004.1116402352573,5653.515220850031,,,A05,existing
P145_23_6,G2,A_batteries,G2-A_batteries-04,T022,2034.1116402352575,4901.140633153662,,,A06,existing
P145_23_6,G2,A_batteries,G2-A_batteries-05,T007,3902.1292515473624,7963.433611739875,,,NEW-A_batteries-01,procurement_required
P145_23_6,G2,A_batteries,G2-A_batteries-06,T020,3922.129251547361,7132.339749211256,,,NEW-A_batteries-02,procurement_required
P145_23_6,G2,B_batteries,G2-B_batteries-01,T013,3065.5409516878613,6982.827850660446,,,NEW-B_batteries-01,procurement_required
P145_23_6,G2,B_batteries,G2-B_batteries-02,T021,3813.1314217671124,7578.354845171716,,,NEW-B_batteries-02,procurement_required
P145_23_6,G2,B_batteries,G2-B_batteries-03,T019_1,5028.582323174856,8012.288751525202,,,NEW-B_batteries-03,procurement_required
P145_23_6,G2,C_batteries,G2-C_batteries-01,T012,1954.111640235257,6561.858998965378,,,C04,existing
P145_23_6,G2,C_batteries,G2-C_batteries-02,T014_2,2952.606730665684,7764.037455028012,,,NEW-C_batteries-01,procurement_required
P145_23_6,G2,C_batteries,G2-C_batteries-03,T018,4074.19338151371,9324.985225954879,,,NEW-C_batteries-02,procurement_required
P145_23_6,G2,relay_aircraft,G2-relay_aircraft-01,R001,190.13731902940862,1999.297638856333,R002,2142.9689317204375,R02,existing
P145_23_6,G2,relay_aircraft,G2-relay_aircraft-01,R002,4142.26657057677,7037.879962031191,,,R02,existing
P145_23_6,G2,relay_aircraft,G2-relay_aircraft-02,R003,2004.2977388563338,6244.037452916951,,,NEW-relay_aircraft-01,procurement_required
P145_23_6,G2,relay_components,G2-relay_components-01,R001,190.13731902940862,2344.3073253046314,R002,1797.959245272139,RE02,existing
P145_23_6,G2,relay_components,G2-relay_components-01,R002,4142.26657057677,7517.75318080825,,,RE02,existing
P145_23_6,G2,relay_components,G2-relay_components-02,R003,2004.2977388563338,6902.075499094418,,,RE03,existing
P145_23_6,G3,C_aircraft,G3-C_aircraft-01,T006,5262.790895633526,6542.241766493663,,,NEW-C_aircraft-03,procurement_required
P145_23_6,G3,C_batteries,G3-C_batteries-01,T006,5262.790895633526,7891.7506752339295,,,NEW-C_batteries-03,procurement_required
P14_235_6,G1,A_aircraft,G1-A_aircraft-01,T005,0.0,1312.470877312685,,,U01,existing
P14_235_6,G1,A_aircraft,G1-A_aircraft-02,T009,0.0,1316.0142144169886,,,U02,existing
P14_235_6,G1,C_aircraft,G1-C_aircraft-01,T001,0.0,1561.4261775174655,,,U07,existing
P14_235_6,G1,C_aircraft,G1-C_aircraft-02,T003,0.0,1429.4261775174655,T010_2,5.000099999999975,U08,existing
P14_235_6,G1,C_aircraft,G1-C_aircraft-02,T010_2,1434.4262775174655,2867.4613603954576,,,U08,existing
P14_235_6,G1,A_batteries,G1-A_batteries-01,T005,0.0,2178.7887122874713,,,A01,existing
P14_235_6,G1,A_batteries,G1-A_batteries-02,T009,0.0,2194.736329391266,,,A02,existing
P14_235_6,G1,C_batteries,G1-C_batteries-01,T001,0.0,3150.0928537629516,,,C01,existing
P14_235_6,G1,C_batteries,G1-C_batteries-02,T003,0.0,2947.606630665684,,,C02,existing
P14_235_6,G1,C_batteries,G1-C_batteries-03,T010_2,1434.4262775174655,4330.702121185847,,,C03,existing
P14_235_6,G2,A_aircraft,G2-A_aircraft-01,T007_HARD,0.0,1712.4416357195464,T022,321.67000451571107,U03,existing
P14_235_6,G2,A_aircraft,G2-A_aircraft-01,T022,2034.1116402352575,3725.6461264742065,T007,176.48312507315586,U03,existing
P14_235_6,G2,A_aircraft,G2-A_aircraft-01,T007,3902.1292515473624,6510.170148656284,,,U03,existing
P14_235_6,G2,A_aircraft,G2-A_aircraft-02,T007_SOFT,0.0,1712.4416357195464,T004,291.67000451571084,U04,existing
P14_235_6,G2,A_aircraft,G2-A_aircraft-02,T004,2004.1116402352573,4285.571599071649,T016,5.000100000000202,U04,existing
P14_235_6,G2,A_aircraft,G2-A_aircraft-02,T016,4290.571699071649,5986.329803740114,,,U04,existing
P14_235_6,G2,A_aircraft,G2-A_aircraft-03,T020,3922.129251547361,5892.33909852418,,,NEW-A_aircraft-01,procurement_required
P14_235_6,G2,A_aircraft,G2-A_aircraft-04,T014_1,4004.1292515473606,5699.887356215825,,,NEW-A_aircraft-02,procurement_required
P14_235_6,G2,B_aircraft,G2-B_aircraft-01,T002_2,0.0,1500.9693925601796,T015,5.0000999999997475,U05,existing
P14_235_6,G2,B_aircraft,G2-B_aircraft-01,T015,1505.9694925601793,3060.540851687861,T013,5.000100000000202,U05,existing
P14_235_6,G2,B_aircraft,G2-B_aircraft-01,T013,3065.5409516878613,5023.582223174855,T019_1,5.000100000001112,U05,existing
P14_235_6,G2,B_aircraft,G2-B_aircraft-01,T019_1,5028.582323174856,6547.606667586711,,,U05,existing
P14_235_6,G2,B_aircraft,G2-B_aircraft-02,T011,0.0,1944.0244440219892,T008,5.000100000000202,U06,existing
P14_235_6,G2,B_aircraft,G2-B_aircraft-02,T008,1949.0245440219894,3793.5634341775567,T021,19.56798758955574,U06,existing
P14_235_6,G2,B_aircraft,G2-B_aircraft-02,T021,3813.1314217671124,5711.172693254107,,,U06,existing
P14_235_6,G2,C_aircraft,G2-C_aircraft-01,T012,1954.111640235257,4069.1932815137097,T018,5.000100000000202,NEW-C_aircraft-01,procurement_required
P14_235_6,G2,C_aircraft,G2-C_aircraft-01,T018,4074.19338151371,6761.824258884327,,,NEW-C_aircraft-01,procurement_required
P14_235_6,G2,C_aircraft,G2-C_aircraft-02,T014_2,2952.606730665684,5257.790795633526,,,NEW-C_aircraft-02,procurement_required
P14_235_6,G2,A_batteries,G2-A_batteries-01,T007_HARD,0.0,2761.062337358848,T014_1,1243.0669141885128,A03,existing
P14_235_6,G2,A_batteries,G2-A_batteries-01,T014_1,4004.1292515473606,6815.081680695524,,,A03,existing
P14_235_6,G2,A_batteries,G2-A_batteries-02,T007_SOFT,0.0,2779.9496716386757,T016,1510.6220274329735,A04,existing
P14_235_6,G2,A_batteries,G2-A_batteries-02,T016,4290.571699071649,7122.3061158963155,,,A04,existing
P14_235_6,G2,A_batteries,G2-A_batteries-03,T004,2004.1116402352573,5653.515220850031,,,A05,existing
P14_235_6,G2,A_batteries,G2-A_batteries-04,T022,2034.1116402352575,4901.140633153662,,,A06,existing
P14_235_6,G2,A_batteries,G2-A_batteries-05,T007,3902.1292515473624,7963.433611739875,,,NEW-A_batteries-01,procurement_required
P14_235_6,G2,A_batteries,G2-A_batteries-06,T020,3922.129251547361,7132.339749211256,,,NEW-A_batteries-02,procurement_required
P14_235_6,G2,B_batteries,G2-B_batteries-01,T002_2,0.0,2956.647180248775,T013,108.89377143908632,B01,existing
P14_235_6,G2,B_batteries,G2-B_batteries-01,T013,3065.5409516878613,6982.827850660446,,,B01,existing
P14_235_6,G2,B_batteries,G2-B_batteries-02,T011,0.0,3808.1313217671122,T021,5.000100000000202,B02,existing
P14_235_6,G2,B_batteries,G2-B_batteries-02,T021,3813.1314217671124,7578.354845171716,,,B02,existing
P14_235_6,G2,B_batteries,G2-B_batteries-03,T015,1505.9694925601793,4516.326993610754,T019_1,512.2553295641028,B03,existing
P14_235_6,G2,B_batteries,G2-B_batteries-03,T019_1,5028.582323174856,8012.288751525202,,,B03,existing
P14_235_6,G2,B_batteries,G2-B_batteries-04,T008,1949.0245440219894,5382.225397256939,,,B04,existing
P14_235_6,G2,C_batteries,G2-C_batteries-01,T012,1954.111640235257,6561.858998965378,,,C04,existing
P14_235_6,G2,C_batteries,G2-C_batteries-02,T014_2,2952.606730665684,7764.037455028012,,,NEW-C_batteries-01,procurement_required
P14_235_6,G2,C_batteries,G2-C_batteries-03,T018,4074.19338151371,9324.985225954879,,,NEW-C_batteries-02,procurement_required
P14_235_6,G2,relay_aircraft,G2-relay_aircraft-01,R004,96.18236555369127,4137.266470460487,R002,5.000100116283647,R01,existing
P14_235_6,G2,relay_aircraft,G2-relay_aircraft-01,R002,4142.26657057677,7037.879962031191,,,R01,existing
P14_235_6,G2,relay_aircraft,G2-relay_aircraft-02,R001,190.13731902940862,1999.297638856333,R003,5.000100000000884,R02,existing
P14_235_6,G2,relay_aircraft,G2-relay_aircraft-02,R003,2004.2977388563338,6244.037452916951,,,R02,existing
P14_235_6,G2,relay_components,G2-relay_components-01,R004,96.18236555369127,4763.024275968738,,,RE01,existing
P14_235_6,G2,relay_components,G2-relay_components-02,R001,190.13731902940862,2344.3073253046314,R002,1797.959245272139,RE02,existing
P14_235_6,G2,relay_components,G2-relay_components-02,R002,4142.26657057677,7517.75318080825,,,RE02,existing
P14_235_6,G2,relay_components,G2-relay_components-03,R003,2004.2977388563338,6902.075499094418,,,RE03,existing
P14_235_6,G3,C_aircraft,G3-C_aircraft-01,T006,5262.790895633526,6542.241766493663,,,NEW-C_aircraft-03,procurement_required
P14_235_6,G3,C_batteries,G3-C_batteries-01,T006,5262.790895633526,7891.7506752339295,,,NEW-C_batteries-03,procurement_required
P146_23_5,G1,A_aircraft,G1-A_aircraft-01,T005,0.0,1312.470877312685,,,U01,existing
P146_23_5,G1,A_aircraft,G1-A_aircraft-02,T009,0.0,1316.0142144169886,,,U02,existing
P146_23_5,G1,C_aircraft,G1-C_aircraft-01,T001,0.0,1561.4261775174655,T006,3701.3647181160604,U07,existing
P146_23_5,G1,C_aircraft,G1-C_aircraft-01,T006,5262.790895633526,6542.241766493663,,,U07,existing
P146_23_5,G1,C_aircraft,G1-C_aircraft-02,T003,0.0,1429.4261775174655,T010_2,5.000099999999975,U08,existing
P146_23_5,G1,C_aircraft,G1-C_aircraft-02,T010_2,1434.4262775174655,2867.4613603954576,,,U08,existing
P146_23_5,G1,A_batteries,G1-A_batteries-01,T005,0.0,2178.7887122874713,,,A01,existing
P146_23_5,G1,A_batteries,G1-A_batteries-02,T009,0.0,2194.736329391266,,,A02,existing
P146_23_5,G1,C_batteries,G1-C_batteries-01,T001,0.0,3150.0928537629516,,,C01,existing
P146_23_5,G1,C_batteries,G1-C_batteries-02,T003,0.0,2947.606630665684,T006,2315.184264967842,C02,existing
P146_23_5,G1,C_batteries,G1-C_batteries-02,T006,5262.790895633526,7891.7506752339295,,,C02,existing
P146_23_5,G1,C_batteries,G1-C_batteries-03,T010_2,1434.4262775174655,4330.702121185847,,,C03,existing
P146_23_5,G2,A_aircraft,G2-A_aircraft-01,T007_HARD,0.0,1712.4416357195464,T022,321.67000451571107,U03,existing
P146_23_5,G2,A_aircraft,G2-A_aircraft-01,T022,2034.1116402352575,3725.6461264742065,T007,176.48312507315586,U03,existing
P146_23_5,G2,A_aircraft,G2-A_aircraft-01,T007,3902.1292515473624,6510.170148656284,,,U03,existing
P146_23_5,G2,A_aircraft,G2-A_aircraft-02,T007_SOFT,0.0,1712.4416357195464,T004,291.67000451571084,U04,existing
P146_23_5,G2,A_aircraft,G2-A_aircraft-02,T004,2004.1116402352573,4285.571599071649,T016,5.000100000000202,U04,existing
P146_23_5,G2,A_aircraft,G2-A_aircraft-02,T016,4290.571699071649,5986.329803740114,,,U04,existing
P146_23_5,G2,A_aircraft,G2-A_aircraft-03,T020,3922.129251547361,5892.33909852418,,,NEW-A_aircraft-01,procurement_required
P146_23_5,G2,A_aircraft,G2-A_aircraft-04,T014_1,4004.1292515473606,5699.887356215825,,,NEW-A_aircraft-02,procurement_required
P146_23_5,G2,B_aircraft,G2-B_aircraft-01,T013,3065.5409516878613,5023.582223174855,T019_1,5.000100000001112,U05,existing
P146_23_5,G2,B_aircraft,G2-B_aircraft-01,T019_1,5028.582323174856,6547.606667586711,,,U05,existing
P146_23_5,G2,B_aircraft,G2-B_aircraft-02,T021,3813.1314217671124,5711.172693254107,,,U06,existing
P146_23_5,G2,C_aircraft,G2-C_aircraft-01,T012,1954.111640235257,4069.1932815137097,T018,5.000100000000202,NEW-C_aircraft-01,procurement_required
P146_23_5,G2,C_aircraft,G2-C_aircraft-01,T018,4074.19338151371,6761.824258884327,,,NEW-C_aircraft-01,procurement_required
P146_23_5,G2,C_aircraft,G2-C_aircraft-02,T014_2,2952.606730665684,5257.790795633526,,,NEW-C_aircraft-02,procurement_required
P146_23_5,G2,A_batteries,G2-A_batteries-01,T007_HARD,0.0,2761.062337358848,T014_1,1243.0669141885128,A03,existing
P146_23_5,G2,A_batteries,G2-A_batteries-01,T014_1,4004.1292515473606,6815.081680695524,,,A03,existing
P146_23_5,G2,A_batteries,G2-A_batteries-02,T007_SOFT,0.0,2779.9496716386757,T016,1510.6220274329735,A04,existing
P146_23_5,G2,A_batteries,G2-A_batteries-02,T016,4290.571699071649,7122.3061158963155,,,A04,existing
P146_23_5,G2,A_batteries,G2-A_batteries-03,T004,2004.1116402352573,5653.515220850031,,,A05,existing
P146_23_5,G2,A_batteries,G2-A_batteries-04,T022,2034.1116402352575,4901.140633153662,,,A06,existing
P146_23_5,G2,A_batteries,G2-A_batteries-05,T007,3902.1292515473624,7963.433611739875,,,NEW-A_batteries-01,procurement_required
P146_23_5,G2,A_batteries,G2-A_batteries-06,T020,3922.129251547361,7132.339749211256,,,NEW-A_batteries-02,procurement_required
P146_23_5,G2,B_batteries,G2-B_batteries-01,T013,3065.5409516878613,6982.827850660446,,,B01,existing
P146_23_5,G2,B_batteries,G2-B_batteries-02,T021,3813.1314217671124,7578.354845171716,,,B02,existing
P146_23_5,G2,B_batteries,G2-B_batteries-03,T019_1,5028.582323174856,8012.288751525202,,,B03,existing
P146_23_5,G2,C_batteries,G2-C_batteries-01,T012,1954.111640235257,6561.858998965378,,,C04,existing
P146_23_5,G2,C_batteries,G2-C_batteries-02,T014_2,2952.606730665684,7764.037455028012,,,NEW-C_batteries-01,procurement_required
P146_23_5,G2,C_batteries,G2-C_batteries-03,T018,4074.19338151371,9324.985225954879,,,NEW-C_batteries-02,procurement_required
P146_23_5,G2,relay_aircraft,G2-relay_aircraft-01,R001,190.13731902940862,1999.297638856333,R002,2142.9689317204375,R01,existing
P146_23_5,G2,relay_aircraft,G2-relay_aircraft-01,R002,4142.26657057677,7037.879962031191,,,R01,existing
P146_23_5,G2,relay_aircraft,G2-relay_aircraft-02,R003,2004.2977388563338,6244.037452916951,,,R02,existing
P146_23_5,G2,relay_components,G2-relay_components-01,R001,190.13731902940862,2344.3073253046314,R002,1797.959245272139,RE01,existing
P146_23_5,G2,relay_components,G2-relay_components-01,R002,4142.26657057677,7517.75318080825,,,RE01,existing
P146_23_5,G2,relay_components,G2-relay_components-02,R003,2004.2977388563338,6902.075499094418,,,RE02,existing
P146_23_5,G3,B_aircraft,G3-B_aircraft-01,T002_2,0.0,1500.9693925601796,T015,5.0000999999997475,NEW-B_aircraft-01,procurement_required
P146_23_5,G3,B_aircraft,G3-B_aircraft-01,T015,1505.9694925601793,3060.540851687861,,,NEW-B_aircraft-01,procurement_required
P146_23_5,G3,B_aircraft,G3-B_aircraft-02,T011,0.0,1944.0244440219892,T008,5.000100000000202,NEW-B_aircraft-02,procurement_required
P146_23_5,G3,B_aircraft,G3-B_aircraft-02,T008,1949.0245440219894,3793.5634341775567,,,NEW-B_aircraft-02,procurement_required
P146_23_5,G3,B_batteries,G3-B_batteries-01,T002_2,0.0,2956.647180248775,,,B04,existing
P146_23_5,G3,B_batteries,G3-B_batteries-02,T011,0.0,3808.1313217671122,,,NEW-B_batteries-01,procurement_required
P146_23_5,G3,B_batteries,G3-B_batteries-03,T015,1505.9694925601793,4516.326993610754,,,NEW-B_batteries-02,procurement_required
P146_23_5,G3,B_batteries,G3-B_batteries-04,T008,1949.0245440219894,5382.225397256939,,,NEW-B_batteries-03,procurement_required
P146_23_5,G3,relay_aircraft,G3-relay_aircraft-01,R004,96.18236555369127,4137.266470460487,,,NEW-relay_aircraft-01,procurement_required
P146_23_5,G3,relay_components,G3-relay_components-01,R004,96.18236555369127,4763.024275968738,,,RE03,existing
P14_236_5,G1,A_aircraft,G1-A_aircraft-01,T005,0.0,1312.470877312685,,,U01,existing
P14_236_5,G1,A_aircraft,G1-A_aircraft-02,T009,0.0,1316.0142144169886,,,U02,existing
P14_236_5,G1,C_aircraft,G1-C_aircraft-01,T001,0.0,1561.4261775174655,,,U07,existing
P14_236_5,G1,C_aircraft,G1-C_aircraft-02,T003,0.0,1429.4261775174655,T010_2,5.000099999999975,U08,existing
P14_236_5,G1,C_aircraft,G1-C_aircraft-02,T010_2,1434.4262775174655,2867.4613603954576,,,U08,existing
P14_236_5,G1,A_batteries,G1-A_batteries-01,T005,0.0,2178.7887122874713,,,A01,existing
P14_236_5,G1,A_batteries,G1-A_batteries-02,T009,0.0,2194.736329391266,,,A02,existing
P14_236_5,G1,C_batteries,G1-C_batteries-01,T001,0.0,3150.0928537629516,,,C01,existing
P14_236_5,G1,C_batteries,G1-C_batteries-02,T003,0.0,2947.606630665684,,,C02,existing
P14_236_5,G1,C_batteries,G1-C_batteries-03,T010_2,1434.4262775174655,4330.702121185847,,,C03,existing
P14_236_5,G2,A_aircraft,G2-A_aircraft-01,T007_HARD,0.0,1712.4416357195464,T022,321.67000451571107,U03,existing
P14_236_5,G2,A_aircraft,G2-A_aircraft-01,T022,2034.1116402352575,3725.6461264742065,T007,176.48312507315586,U03,existing
P14_236_5,G2,A_aircraft,G2-A_aircraft-01,T007,3902.1292515473624,6510.170148656284,,,U03,existing
P14_236_5,G2,A_aircraft,G2-A_aircraft-02,T007_SOFT,0.0,1712.4416357195464,T004,291.67000451571084,U04,existing
P14_236_5,G2,A_aircraft,G2-A_aircraft-02,T004,2004.1116402352573,4285.571599071649,T016,5.000100000000202,U04,existing
P14_236_5,G2,A_aircraft,G2-A_aircraft-02,T016,4290.571699071649,5986.329803740114,,,U04,existing
P14_236_5,G2,A_aircraft,G2-A_aircraft-03,T020,3922.129251547361,5892.33909852418,,,NEW-A_aircraft-01,procurement_required
P14_236_5,G2,A_aircraft,G2-A_aircraft-04,T014_1,4004.1292515473606,5699.887356215825,,,NEW-A_aircraft-02,procurement_required
P14_236_5,G2,B_aircraft,G2-B_aircraft-01,T013,3065.5409516878613,5023.582223174855,T019_1,5.000100000001112,U05,existing
P14_236_5,G2,B_aircraft,G2-B_aircraft-01,T019_1,5028.582323174856,6547.606667586711,,,U05,existing
P14_236_5,G2,B_aircraft,G2-B_aircraft-02,T021,3813.1314217671124,5711.172693254107,,,U06,existing
P14_236_5,G2,C_aircraft,G2-C_aircraft-01,T012,1954.111640235257,4069.1932815137097,T018,5.000100000000202,NEW-C_aircraft-01,procurement_required
P14_236_5,G2,C_aircraft,G2-C_aircraft-01,T018,4074.19338151371,6761.824258884327,,,NEW-C_aircraft-01,procurement_required
P14_236_5,G2,C_aircraft,G2-C_aircraft-02,T014_2,2952.606730665684,5257.790795633526,T006,5.000100000000202,NEW-C_aircraft-02,procurement_required
P14_236_5,G2,C_aircraft,G2-C_aircraft-02,T006,5262.790895633526,6542.241766493663,,,NEW-C_aircraft-02,procurement_required
P14_236_5,G2,A_batteries,G2-A_batteries-01,T007_HARD,0.0,2761.062337358848,T014_1,1243.0669141885128,A03,existing
P14_236_5,G2,A_batteries,G2-A_batteries-01,T014_1,4004.1292515473606,6815.081680695524,,,A03,existing
P14_236_5,G2,A_batteries,G2-A_batteries-02,T007_SOFT,0.0,2779.9496716386757,T016,1510.6220274329735,A04,existing
P14_236_5,G2,A_batteries,G2-A_batteries-02,T016,4290.571699071649,7122.3061158963155,,,A04,existing
P14_236_5,G2,A_batteries,G2-A_batteries-03,T004,2004.1116402352573,5653.515220850031,,,A05,existing
P14_236_5,G2,A_batteries,G2-A_batteries-04,T022,2034.1116402352575,4901.140633153662,,,A06,existing
P14_236_5,G2,A_batteries,G2-A_batteries-05,T007,3902.1292515473624,7963.433611739875,,,NEW-A_batteries-01,procurement_required
P14_236_5,G2,A_batteries,G2-A_batteries-06,T020,3922.129251547361,7132.339749211256,,,NEW-A_batteries-02,procurement_required
P14_236_5,G2,B_batteries,G2-B_batteries-01,T013,3065.5409516878613,6982.827850660446,,,B01,existing
P14_236_5,G2,B_batteries,G2-B_batteries-02,T021,3813.1314217671124,7578.354845171716,,,B02,existing
P14_236_5,G2,B_batteries,G2-B_batteries-03,T019_1,5028.582323174856,8012.288751525202,,,B03,existing
P14_236_5,G2,C_batteries,G2-C_batteries-01,T012,1954.111640235257,6561.858998965378,,,C04,existing
P14_236_5,G2,C_batteries,G2-C_batteries-02,T014_2,2952.606730665684,7764.037455028012,,,NEW-C_batteries-01,procurement_required
P14_236_5,G2,C_batteries,G2-C_batteries-03,T018,4074.19338151371,9324.985225954879,,,NEW-C_batteries-02,procurement_required
P14_236_5,G2,C_batteries,G2-C_batteries-04,T006,5262.790895633526,7891.7506752339295,,,NEW-C_batteries-03,procurement_required
P14_236_5,G2,relay_aircraft,G2-relay_aircraft-01,R001,190.13731902940862,1999.297638856333,R002,2142.9689317204375,R01,existing
P14_236_5,G2,relay_aircraft,G2-relay_aircraft-01,R002,4142.26657057677,7037.879962031191,,,R01,existing
P14_236_5,G2,relay_aircraft,G2-relay_aircraft-02,R003,2004.2977388563338,6244.037452916951,,,R02,existing
P14_236_5,G2,relay_components,G2-relay_components-01,R001,190.13731902940862,2344.3073253046314,R002,1797.959245272139,RE01,existing
P14_236_5,G2,relay_components,G2-relay_components-01,R002,4142.26657057677,7517.75318080825,,,RE01,existing
P14_236_5,G2,relay_components,G2-relay_components-02,R003,2004.2977388563338,6902.075499094418,,,RE02,existing
P14_236_5,G3,B_aircraft,G3-B_aircraft-01,T002_2,0.0,1500.9693925601796,T015,5.0000999999997475,NEW-B_aircraft-01,procurement_required
P14_236_5,G3,B_aircraft,G3-B_aircraft-01,T015,1505.9694925601793,3060.540851687861,,,NEW-B_aircraft-01,procurement_required
P14_236_5,G3,B_aircraft,G3-B_aircraft-02,T011,0.0,1944.0244440219892,T008,5.000100000000202,NEW-B_aircraft-02,procurement_required
P14_236_5,G3,B_aircraft,G3-B_aircraft-02,T008,1949.0245440219894,3793.5634341775567,,,NEW-B_aircraft-02,procurement_required
P14_236_5,G3,B_batteries,G3-B_batteries-01,T002_2,0.0,2956.647180248775,,,B04,existing
P14_236_5,G3,B_batteries,G3-B_batteries-02,T011,0.0,3808.1313217671122,,,NEW-B_batteries-01,procurement_required
P14_236_5,G3,B_batteries,G3-B_batteries-03,T015,1505.9694925601793,4516.326993610754,,,NEW-B_batteries-02,procurement_required
P14_236_5,G3,B_batteries,G3-B_batteries-04,T008,1949.0245440219894,5382.225397256939,,,NEW-B_batteries-03,procurement_required
P14_236_5,G3,relay_aircraft,G3-relay_aircraft-01,R004,96.18236555369127,4137.266470460487,,,NEW-relay_aircraft-01,procurement_required
P14_236_5,G3,relay_components,G3-relay_components-01,R004,96.18236555369127,4763.024275968738,,,RE03,existing
P14_23_56,G1,A_aircraft,G1-A_aircraft-01,T005,0.0,1312.470877312685,,,U01,existing
P14_23_56,G1,A_aircraft,G1-A_aircraft-02,T009,0.0,1316.0142144169886,,,U02,existing
P14_23_56,G1,C_aircraft,G1-C_aircraft-01,T001,0.0,1561.4261775174655,,,U07,existing
P14_23_56,G1,C_aircraft,G1-C_aircraft-02,T003,0.0,1429.4261775174655,T010_2,5.000099999999975,U08,existing
P14_23_56,G1,C_aircraft,G1-C_aircraft-02,T010_2,1434.4262775174655,2867.4613603954576,,,U08,existing
P14_23_56,G1,A_batteries,G1-A_batteries-01,T005,0.0,2178.7887122874713,,,A01,existing
P14_23_56,G1,A_batteries,G1-A_batteries-02,T009,0.0,2194.736329391266,,,A02,existing
P14_23_56,G1,C_batteries,G1-C_batteries-01,T001,0.0,3150.0928537629516,,,C01,existing
P14_23_56,G1,C_batteries,G1-C_batteries-02,T003,0.0,2947.606630665684,,,C02,existing
P14_23_56,G1,C_batteries,G1-C_batteries-03,T010_2,1434.4262775174655,4330.702121185847,,,C03,existing
P14_23_56,G2,A_aircraft,G2-A_aircraft-01,T007_HARD,0.0,1712.4416357195464,T022,321.67000451571107,U03,existing
P14_23_56,G2,A_aircraft,G2-A_aircraft-01,T022,2034.1116402352575,3725.6461264742065,T007,176.48312507315586,U03,existing
P14_23_56,G2,A_aircraft,G2-A_aircraft-01,T007,3902.1292515473624,6510.170148656284,,,U03,existing
P14_23_56,G2,A_aircraft,G2-A_aircraft-02,T007_SOFT,0.0,1712.4416357195464,T004,291.67000451571084,U04,existing
P14_23_56,G2,A_aircraft,G2-A_aircraft-02,T004,2004.1116402352573,4285.571599071649,T016,5.000100000000202,U04,existing
P14_23_56,G2,A_aircraft,G2-A_aircraft-02,T016,4290.571699071649,5986.329803740114,,,U04,existing
P14_23_56,G2,A_aircraft,G2-A_aircraft-03,T020,3922.129251547361,5892.33909852418,,,NEW-A_aircraft-01,procurement_required
P14_23_56,G2,A_aircraft,G2-A_aircraft-04,T014_1,4004.1292515473606,5699.887356215825,,,NEW-A_aircraft-02,procurement_required
P14_23_56,G2,B_aircraft,G2-B_aircraft-01,T013,3065.5409516878613,5023.582223174855,T019_1,5.000100000001112,U05,existing
P14_23_56,G2,B_aircraft,G2-B_aircraft-01,T019_1,5028.582323174856,6547.606667586711,,,U05,existing
P14_23_56,G2,B_aircraft,G2-B_aircraft-02,T021,3813.1314217671124,5711.172693254107,,,U06,existing
P14_23_56,G2,C_aircraft,G2-C_aircraft-01,T012,1954.111640235257,4069.1932815137097,T018,5.000100000000202,NEW-C_aircraft-01,procurement_required
P14_23_56,G2,C_aircraft,G2-C_aircraft-01,T018,4074.19338151371,6761.824258884327,,,NEW-C_aircraft-01,procurement_required
P14_23_56,G2,C_aircraft,G2-C_aircraft-02,T014_2,2952.606730665684,5257.790795633526,,,NEW-C_aircraft-02,procurement_required
P14_23_56,G2,A_batteries,G2-A_batteries-01,T007_HARD,0.0,2761.062337358848,T014_1,1243.0669141885128,A03,existing
P14_23_56,G2,A_batteries,G2-A_batteries-01,T014_1,4004.1292515473606,6815.081680695524,,,A03,existing
P14_23_56,G2,A_batteries,G2-A_batteries-02,T007_SOFT,0.0,2779.9496716386757,T016,1510.6220274329735,A04,existing
P14_23_56,G2,A_batteries,G2-A_batteries-02,T016,4290.571699071649,7122.3061158963155,,,A04,existing
P14_23_56,G2,A_batteries,G2-A_batteries-03,T004,2004.1116402352573,5653.515220850031,,,A05,existing
P14_23_56,G2,A_batteries,G2-A_batteries-04,T022,2034.1116402352575,4901.140633153662,,,A06,existing
P14_23_56,G2,A_batteries,G2-A_batteries-05,T007,3902.1292515473624,7963.433611739875,,,NEW-A_batteries-01,procurement_required
P14_23_56,G2,A_batteries,G2-A_batteries-06,T020,3922.129251547361,7132.339749211256,,,NEW-A_batteries-02,procurement_required
P14_23_56,G2,B_batteries,G2-B_batteries-01,T013,3065.5409516878613,6982.827850660446,,,B01,existing
P14_23_56,G2,B_batteries,G2-B_batteries-02,T021,3813.1314217671124,7578.354845171716,,,B02,existing
P14_23_56,G2,B_batteries,G2-B_batteries-03,T019_1,5028.582323174856,8012.288751525202,,,B03,existing
P14_23_56,G2,C_batteries,G2-C_batteries-01,T012,1954.111640235257,6561.858998965378,,,C04,existing
P14_23_56,G2,C_batteries,G2-C_batteries-02,T014_2,2952.606730665684,7764.037455028012,,,NEW-C_batteries-01,procurement_required
P14_23_56,G2,C_batteries,G2-C_batteries-03,T018,4074.19338151371,9324.985225954879,,,NEW-C_batteries-02,procurement_required
P14_23_56,G2,relay_aircraft,G2-relay_aircraft-01,R001,190.13731902940862,1999.297638856333,R002,2142.9689317204375,R01,existing
P14_23_56,G2,relay_aircraft,G2-relay_aircraft-01,R002,4142.26657057677,7037.879962031191,,,R01,existing
P14_23_56,G2,relay_aircraft,G2-relay_aircraft-02,R003,2004.2977388563338,6244.037452916951,,,R02,existing
P14_23_56,G2,relay_components,G2-relay_components-01,R001,190.13731902940862,2344.3073253046314,R002,1797.959245272139,RE01,existing
P14_23_56,G2,relay_components,G2-relay_components-01,R002,4142.26657057677,7517.75318080825,,,RE01,existing
P14_23_56,G2,relay_components,G2-relay_components-02,R003,2004.2977388563338,6902.075499094418,,,RE02,existing
P14_23_56,G3,B_aircraft,G3-B_aircraft-01,T002_2,0.0,1500.9693925601796,T015,5.0000999999997475,NEW-B_aircraft-01,procurement_required
P14_23_56,G3,B_aircraft,G3-B_aircraft-01,T015,1505.9694925601793,3060.540851687861,,,NEW-B_aircraft-01,procurement_required
P14_23_56,G3,B_aircraft,G3-B_aircraft-02,T011,0.0,1944.0244440219892,T008,5.000100000000202,NEW-B_aircraft-02,procurement_required
P14_23_56,G3,B_aircraft,G3-B_aircraft-02,T008,1949.0245440219894,3793.5634341775567,,,NEW-B_aircraft-02,procurement_required
P14_23_56,G3,C_aircraft,G3-C_aircraft-01,T006,5262.790895633526,6542.241766493663,,,NEW-C_aircraft-03,procurement_required
P14_23_56,G3,B_batteries,G3-B_batteries-01,T002_2,0.0,2956.647180248775,,,B04,existing
P14_23_56,G3,B_batteries,G3-B_batteries-02,T011,0.0,3808.1313217671122,,,NEW-B_batteries-01,procurement_required
P14_23_56,G3,B_batteries,G3-B_batteries-03,T015,1505.9694925601793,4516.326993610754,,,NEW-B_batteries-02,procurement_required
P14_23_56,G3,B_batteries,G3-B_batteries-04,T008,1949.0245440219894,5382.225397256939,,,NEW-B_batteries-03,procurement_required
P14_23_56,G3,C_batteries,G3-C_batteries-01,T006,5262.790895633526,7891.7506752339295,,,NEW-C_batteries-03,procurement_required
P14_23_56,G3,relay_aircraft,G3-relay_aircraft-01,R004,96.18236555369127,4137.266470460487,,,NEW-relay_aircraft-01,procurement_required
P14_23_56,G3,relay_components,G3-relay_components-01,R004,96.18236555369127,4763.024275968738,,,RE03,existing
P15_234_6,G1,A_aircraft,G1-A_aircraft-01,T005,0.0,1312.470877312685,,,U01,existing
P15_234_6,G1,B_aircraft,G1-B_aircraft-01,T002_2,0.0,1500.9693925601796,T015,5.0000999999997475,U05,existing
P15_234_6,G1,B_aircraft,G1-B_aircraft-01,T015,1505.9694925601793,3060.540851687861,,,U05,existing
P15_234_6,G1,B_aircraft,G1-B_aircraft-02,T011,0.0,1944.0244440219892,T008,5.000100000000202,U06,existing
P15_234_6,G1,B_aircraft,G1-B_aircraft-02,T008,1949.0245440219894,3793.5634341775567,,,U06,existing
P15_234_6,G1,C_aircraft,G1-C_aircraft-01,T001,0.0,1561.4261775174655,,,U07,existing
P15_234_6,G1,C_aircraft,G1-C_aircraft-02,T003,0.0,1429.4261775174655,,,U08,existing
P15_234_6,G1,A_batteries,G1-A_batteries-01,T005,0.0,2178.7887122874713,,,A01,existing
P15_234_6,G1,B_batteries,G1-B_batteries-01,T002_2,0.0,2956.647180248775,,,B01,existing
P15_234_6,G1,B_batteries,G1-B_batteries-02,T011,0.0,3808.1313217671122,,,B02,existing
P15_234_6,G1,B_batteries,G1-B_batteries-03,T015,1505.9694925601793,4516.326993610754,,,B03,existing
P15_234_6,G1,B_batteries,G1-B_batteries-04,T008,1949.0245440219894,5382.225397256939,,,B04,existing
P15_234_6,G1,C_batteries,G1-C_batteries-01,T001,0.0,3150.0928537629516,,,C01,existing
P15_234_6,G1,C_batteries,G1-C_batteries-02,T003,0.0,2947.606630665684,,,C02,existing
P15_234_6,G1,relay_aircraft,G1-relay_aircraft-01,R004,96.18236555369127,4137.266470460487,,,R01,existing
P15_234_6,G1,relay_components,G1-relay_components-01,R004,96.18236555369127,4763.024275968738,,,RE01,existing
P15_234_6,G2,A_aircraft,G2-A_aircraft-01,T007_HARD,0.0,1712.4416357195464,T020,2209.6876158278146,U02,existing
P15_234_6,G2,A_aircraft,G2-A_aircraft-01,T020,3922.129251547361,5892.33909852418,,,U02,existing
P15_234_6,G2,A_aircraft,G2-A_aircraft-02,T007_SOFT,0.0,1712.4416357195464,T022,321.67000451571107,U03,existing
P15_234_6,G2,A_aircraft,G2-A_aircraft-02,T022,2034.1116402352575,3725.6461264742065,T007,176.48312507315586,U03,existing
P15_234_6,G2,A_aircraft,G2-A_aircraft-02,T007,3902.1292515473624,6510.170148656284,,,U03,existing
P15_234_6,G2,A_aircraft,G2-A_aircraft-03,T009,0.0,1316.0142144169886,T004,688.0974258182687,U04,existing
P15_234_6,G2,A_aircraft,G2-A_aircraft-03,T004,2004.1116402352573,4285.571599071649,T016,5.000100000000202,U04,existing
P15_234_6,G2,A_aircraft,G2-A_aircraft-03,T016,4290.571699071649,5986.329803740114,,,U04,existing
P15_234_6,G2,A_aircraft,G2-A_aircraft-04,T014_1,4004.1292515473606,5699.887356215825,,,NEW-A_aircraft-01,procurement_required
P15_234_6,G2,B_aircraft,G2-B_aircraft-01,T013,3065.5409516878613,5023.582223174855,T019_1,5.000100000001112,NEW-B_aircraft-01,procurement_required
P15_234_6,G2,B_aircraft,G2-B_aircraft-01,T019_1,5028.582323174856,6547.606667586711,,,NEW-B_aircraft-01,procurement_required
P15_234_6,G2,B_aircraft,G2-B_aircraft-02,T021,3813.1314217671124,5711.172693254107,,,NEW-B_aircraft-02,procurement_required
P15_234_6,G2,C_aircraft,G2-C_aircraft-01,T010_2,1434.4262775174655,2867.4613603954576,T014_2,85.14537027022652,NEW-C_aircraft-01,procurement_required
P15_234_6,G2,C_aircraft,G2-C_aircraft-01,T014_2,2952.606730665684,5257.790795633526,,,NEW-C_aircraft-01,procurement_required
P15_234_6,G2,C_aircraft,G2-C_aircraft-02,T012,1954.111640235257,4069.1932815137097,T018,5.000100000000202,NEW-C_aircraft-02,procurement_required
P15_234_6,G2,C_aircraft,G2-C_aircraft-02,T018,4074.19338151371,6761.824258884327,,,NEW-C_aircraft-02,procurement_required
P15_234_6,G2,A_batteries,G2-A_batteries-01,T007_HARD,0.0,2761.062337358848,T014_1,1243.0669141885128,A02,existing
P15_234_6,G2,A_batteries,G2-A_batteries-01,T014_1,4004.1292515473606,6815.081680695524,,,A02,existing
P15_234_6,G2,A_batteries,G2-A_batteries-02,T007_SOFT,0.0,2779.9496716386757,T016,1510.6220274329735,A03,existing
P15_234_6,G2,A_batteries,G2-A_batteries-02,T016,4290.571699071649,7122.3061158963155,,,A03,existing
P15_234_6,G2,A_batteries,G2-A_batteries-03,T009,0.0,2194.736329391266,T007,1707.3929221560966,A04,existing
P15_234_6,G2,A_batteries,G2-A_batteries-03,T007,3902.1292515473624,7963.433611739875,,,A04,existing
P15_234_6,G2,A_batteries,G2-A_batteries-04,T004,2004.1116402352573,5653.515220850031,,,A05,existing
P15_234_6,G2,A_batteries,G2-A_batteries-05,T022,2034.1116402352575,4901.140633153662,,,A06,existing
P15_234_6,G2,A_batteries,G2-A_batteries-06,T020,3922.129251547361,7132.339749211256,,,NEW-A_batteries-01,procurement_required
P15_234_6,G2,B_batteries,G2-B_batteries-01,T013,3065.5409516878613,6982.827850660446,,,NEW-B_batteries-01,procurement_required
P15_234_6,G2,B_batteries,G2-B_batteries-02,T021,3813.1314217671124,7578.354845171716,,,NEW-B_batteries-02,procurement_required
P15_234_6,G2,B_batteries,G2-B_batteries-03,T019_1,5028.582323174856,8012.288751525202,,,NEW-B_batteries-03,procurement_required
P15_234_6,G2,C_batteries,G2-C_batteries-01,T010_2,1434.4262775174655,4330.702121185847,,,C03,existing
P15_234_6,G2,C_batteries,G2-C_batteries-02,T012,1954.111640235257,6561.858998965378,,,C04,existing
P15_234_6,G2,C_batteries,G2-C_batteries-03,T014_2,2952.606730665684,7764.037455028012,,,NEW-C_batteries-01,procurement_required
P15_234_6,G2,C_batteries,G2-C_batteries-04,T018,4074.19338151371,9324.985225954879,,,NEW-C_batteries-02,procurement_required
P15_234_6,G2,relay_aircraft,G2-relay_aircraft-01,R001,190.13731902940862,1999.297638856333,R002,2142.9689317204375,R02,existing
P15_234_6,G2,relay_aircraft,G2-relay_aircraft-01,R002,4142.26657057677,7037.879962031191,,,R02,existing
P15_234_6,G2,relay_aircraft,G2-relay_aircraft-02,R003,2004.2977388563338,6244.037452916951,,,NEW-relay_aircraft-01,procurement_required
P15_234_6,G2,relay_components,G2-relay_components-01,R001,190.13731902940862,2344.3073253046314,R002,1797.959245272139,RE02,existing
P15_234_6,G2,relay_components,G2-relay_components-01,R002,4142.26657057677,7517.75318080825,,,RE02,existing
P15_234_6,G2,relay_components,G2-relay_components-02,R003,2004.2977388563338,6902.075499094418,,,RE03,existing
P15_234_6,G3,C_aircraft,G3-C_aircraft-01,T006,5262.790895633526,6542.241766493663,,,NEW-C_aircraft-03,procurement_required
P15_234_6,G3,C_batteries,G3-C_batteries-01,T006,5262.790895633526,7891.7506752339295,,,NEW-C_batteries-03,procurement_required
P1_2345_6,G1,A_aircraft,G1-A_aircraft-01,T005,0.0,1312.470877312685,,,U01,existing
P1_2345_6,G1,C_aircraft,G1-C_aircraft-01,T001,0.0,1561.4261775174655,,,U07,existing
P1_2345_6,G1,C_aircraft,G1-C_aircraft-02,T003,0.0,1429.4261775174655,,,U08,existing
P1_2345_6,G1,A_batteries,G1-A_batteries-01,T005,0.0,2178.7887122874713,,,A01,existing
P1_2345_6,G1,C_batteries,G1-C_batteries-01,T001,0.0,3150.0928537629516,,,C01,existing
P1_2345_6,G1,C_batteries,G1-C_batteries-02,T003,0.0,2947.606630665684,,,C02,existing
P1_2345_6,G2,A_aircraft,G2-A_aircraft-01,T007_HARD,0.0,1712.4416357195464,T020,2209.6876158278146,U02,existing
P1_2345_6,G2,A_aircraft,G2-A_aircraft-01,T020,3922.129251547361,5892.33909852418,,,U02,existing
P1_2345_6,G2,A_aircraft,G2-A_aircraft-02,T007_SOFT,0.0,1712.4416357195464,T022,321.67000451571107,U03,existing
P1_2345_6,G2,A_aircraft,G2-A_aircraft-02,T022,2034.1116402352575,3725.6461264742065,T007,176.48312507315586,U03,existing
P1_2345_6,G2,A_aircraft,G2-A_aircraft-02,T007,3902.1292515473624,6510.170148656284,,,U03,existing
P1_2345_6,G2,A_aircraft,G2-A_aircraft-03,T009,0.0,1316.0142144169886,T004,688.0974258182687,U04,existing
P1_2345_6,G2,A_aircraft,G2-A_aircraft-03,T004,2004.1116402352573,4285.571599071649,T016,5.000100000000202,U04,existing
P1_2345_6,G2,A_aircraft,G2-A_aircraft-03,T016,4290.571699071649,5986.329803740114,,,U04,existing
P1_2345_6,G2,A_aircraft,G2-A_aircraft-04,T014_1,4004.1292515473606,5699.887356215825,,,NEW-A_aircraft-01,procurement_required
P1_2345_6,G2,B_aircraft,G2-B_aircraft-01,T002_2,0.0,1500.9693925601796,T015,5.0000999999997475,U05,existing
P1_2345_6,G2,B_aircraft,G2-B_aircraft-01,T015,1505.9694925601793,3060.540851687861,T013,5.000100000000202,U05,existing
P1_2345_6,G2,B_aircraft,G2-B_aircraft-01,T013,3065.5409516878613,5023.582223174855,T019_1,5.000100000001112,U05,existing
P1_2345_6,G2,B_aircraft,G2-B_aircraft-01,T019_1,5028.582323174856,6547.606667586711,,,U05,existing
P1_2345_6,G2,B_aircraft,G2-B_aircraft-02,T011,0.0,1944.0244440219892,T008,5.000100000000202,U06,existing
P1_2345_6,G2,B_aircraft,G2-B_aircraft-02,T008,1949.0245440219894,3793.5634341775567,T021,19.56798758955574,U06,existing
P1_2345_6,G2,B_aircraft,G2-B_aircraft-02,T021,3813.1314217671124,5711.172693254107,,,U06,existing
P1_2345_6,G2,C_aircraft,G2-C_aircraft-01,T010_2,1434.4262775174655,2867.4613603954576,T014_2,85.14537027022652,NEW-C_aircraft-01,procurement_required
P1_2345_6,G2,C_aircraft,G2-C_aircraft-01,T014_2,2952.606730665684,5257.790795633526,,,NEW-C_aircraft-01,procurement_required
P1_2345_6,G2,C_aircraft,G2-C_aircraft-02,T012,1954.111640235257,4069.1932815137097,T018,5.000100000000202,NEW-C_aircraft-02,procurement_required
P1_2345_6,G2,C_aircraft,G2-C_aircraft-02,T018,4074.19338151371,6761.824258884327,,,NEW-C_aircraft-02,procurement_required
P1_2345_6,G2,A_batteries,G2-A_batteries-01,T007_HARD,0.0,2761.062337358848,T014_1,1243.0669141885128,A02,existing
P1_2345_6,G2,A_batteries,G2-A_batteries-01,T014_1,4004.1292515473606,6815.081680695524,,,A02,existing
P1_2345_6,G2,A_batteries,G2-A_batteries-02,T007_SOFT,0.0,2779.9496716386757,T016,1510.6220274329735,A03,existing
P1_2345_6,G2,A_batteries,G2-A_batteries-02,T016,4290.571699071649,7122.3061158963155,,,A03,existing
P1_2345_6,G2,A_batteries,G2-A_batteries-03,T009,0.0,2194.736329391266,T007,1707.3929221560966,A04,existing
P1_2345_6,G2,A_batteries,G2-A_batteries-03,T007,3902.1292515473624,7963.433611739875,,,A04,existing
P1_2345_6,G2,A_batteries,G2-A_batteries-04,T004,2004.1116402352573,5653.515220850031,,,A05,existing
P1_2345_6,G2,A_batteries,G2-A_batteries-05,T022,2034.1116402352575,4901.140633153662,,,A06,existing
P1_2345_6,G2,A_batteries,G2-A_batteries-06,T020,3922.129251547361,7132.339749211256,,,NEW-A_batteries-01,procurement_required
P1_2345_6,G2,B_batteries,G2-B_batteries-01,T002_2,0.0,2956.647180248775,T013,108.89377143908632,B01,existing
P1_2345_6,G2,B_batteries,G2-B_batteries-01,T013,3065.5409516878613,6982.827850660446,,,B01,existing
P1_2345_6,G2,B_batteries,G2-B_batteries-02,T011,0.0,3808.1313217671122,T021,5.000100000000202,B02,existing
P1_2345_6,G2,B_batteries,G2-B_batteries-02,T021,3813.1314217671124,7578.354845171716,,,B02,existing
P1_2345_6,G2,B_batteries,G2-B_batteries-03,T015,1505.9694925601793,4516.326993610754,T019_1,512.2553295641028,B03,existing
P1_2345_6,G2,B_batteries,G2-B_batteries-03,T019_1,5028.582323174856,8012.288751525202,,,B03,existing
P1_2345_6,G2,B_batteries,G2-B_batteries-04,T008,1949.0245440219894,5382.225397256939,,,B04,existing
P1_2345_6,G2,C_batteries,G2-C_batteries-01,T010_2,1434.4262775174655,4330.702121185847,,,C03,existing
P1_2345_6,G2,C_batteries,G2-C_batteries-02,T012,1954.111640235257,6561.858998965378,,,C04,existing
P1_2345_6,G2,C_batteries,G2-C_batteries-03,T014_2,2952.606730665684,7764.037455028012,,,NEW-C_batteries-01,procurement_required
P1_2345_6,G2,C_batteries,G2-C_batteries-04,T018,4074.19338151371,9324.985225954879,,,NEW-C_batteries-02,procurement_required
P1_2345_6,G2,relay_aircraft,G2-relay_aircraft-01,R004,96.18236555369127,4137.266470460487,R002,5.000100116283647,R01,existing
P1_2345_6,G2,relay_aircraft,G2-relay_aircraft-01,R002,4142.26657057677,7037.879962031191,,,R01,existing
P1_2345_6,G2,relay_aircraft,G2-relay_aircraft-02,R001,190.13731902940862,1999.297638856333,R003,5.000100000000884,R02,existing
P1_2345_6,G2,relay_aircraft,G2-relay_aircraft-02,R003,2004.2977388563338,6244.037452916951,,,R02,existing
P1_2345_6,G2,relay_components,G2-relay_components-01,R004,96.18236555369127,4763.024275968738,,,RE01,existing
P1_2345_6,G2,relay_components,G2-relay_components-02,R001,190.13731902940862,2344.3073253046314,R002,1797.959245272139,RE02,existing
P1_2345_6,G2,relay_components,G2-relay_components-02,R002,4142.26657057677,7517.75318080825,,,RE02,existing
P1_2345_6,G2,relay_components,G2-relay_components-03,R003,2004.2977388563338,6902.075499094418,,,RE03,existing
P1_2345_6,G3,C_aircraft,G3-C_aircraft-01,T006,5262.790895633526,6542.241766493663,,,NEW-C_aircraft-03,procurement_required
P1_2345_6,G3,C_batteries,G3-C_batteries-01,T006,5262.790895633526,7891.7506752339295,,,NEW-C_batteries-03,procurement_required
P16_234_5,G1,A_aircraft,G1-A_aircraft-01,T005,0.0,1312.470877312685,,,U01,existing
P16_234_5,G1,C_aircraft,G1-C_aircraft-01,T001,0.0,1561.4261775174655,,,U07,existing
P16_234_5,G1,C_aircraft,G1-C_aircraft-02,T003,0.0,1429.4261775174655,T006,3833.3647181160604,U08,existing
P16_234_5,G1,C_aircraft,G1-C_aircraft-02,T006,5262.790895633526,6542.241766493663,,,U08,existing
P16_234_5,G1,A_batteries,G1-A_batteries-01,T005,0.0,2178.7887122874713,,,A01,existing
P16_234_5,G1,C_batteries,G1-C_batteries-01,T001,0.0,3150.0928537629516,,,C01,existing
P16_234_5,G1,C_batteries,G1-C_batteries-02,T003,0.0,2947.606630665684,T006,2315.184264967842,C02,existing
P16_234_5,G1,C_batteries,G1-C_batteries-02,T006,5262.790895633526,7891.7506752339295,,,C02,existing
P16_234_5,G2,A_aircraft,G2-A_aircraft-01,T007_HARD,0.0,1712.4416357195464,T020,2209.6876158278146,U02,existing
P16_234_5,G2,A_aircraft,G2-A_aircraft-01,T020,3922.129251547361,5892.33909852418,,,U02,existing
P16_234_5,G2,A_aircraft,G2-A_aircraft-02,T007_SOFT,0.0,1712.4416357195464,T022,321.67000451571107,U03,existing
P16_234_5,G2,A_aircraft,G2-A_aircraft-02,T022,2034.1116402352575,3725.6461264742065,T007,176.48312507315586,U03,existing
P16_234_5,G2,A_aircraft,G2-A_aircraft-02,T007,3902.1292515473624,6510.170148656284,,,U03,existing
P16_234_5,G2,A_aircraft,G2-A_aircraft-03,T009,0.0,1316.0142144169886,T004,688.0974258182687,U04,existing
P16_234_5,G2,A_aircraft,G2-A_aircraft-03,T004,2004.1116402352573,4285.571599071649,T016,5.000100000000202,U04,existing
P16_234_5,G2,A_aircraft,G2-A_aircraft-03,T016,4290.571699071649,5986.329803740114,,,U04,existing
P16_234_5,G2,A_aircraft,G2-A_aircraft-04,T014_1,4004.1292515473606,5699.887356215825,,,NEW-A_aircraft-01,procurement_required
P16_234_5,G2,B_aircraft,G2-B_aircraft-01,T013,3065.5409516878613,5023.582223174855,T019_1,5.000100000001112,U05,existing
P16_234_5,G2,B_aircraft,G2-B_aircraft-01,T019_1,5028.582323174856,6547.606667586711,,,U05,existing
P16_234_5,G2,B_aircraft,G2-B_aircraft-02,T021,3813.1314217671124,5711.172693254107,,,U06,existing
P16_234_5,G2,C_aircraft,G2-C_aircraft-01,T010_2,1434.4262775174655,2867.4613603954576,T014_2,85.14537027022652,NEW-C_aircraft-01,procurement_required
P16_234_5,G2,C_aircraft,G2-C_aircraft-01,T014_2,2952.606730665684,5257.790795633526,,,NEW-C_aircraft-01,procurement_required
P16_234_5,G2,C_aircraft,G2-C_aircraft-02,T012,1954.111640235257,4069.1932815137097,T018,5.000100000000202,NEW-C_aircraft-02,procurement_required
P16_234_5,G2,C_aircraft,G2-C_aircraft-02,T018,4074.19338151371,6761.824258884327,,,NEW-C_aircraft-02,procurement_required
P16_234_5,G2,A_batteries,G2-A_batteries-01,T007_HARD,0.0,2761.062337358848,T014_1,1243.0669141885128,A02,existing
P16_234_5,G2,A_batteries,G2-A_batteries-01,T014_1,4004.1292515473606,6815.081680695524,,,A02,existing
P16_234_5,G2,A_batteries,G2-A_batteries-02,T007_SOFT,0.0,2779.9496716386757,T016,1510.6220274329735,A03,existing
P16_234_5,G2,A_batteries,G2-A_batteries-02,T016,4290.571699071649,7122.3061158963155,,,A03,existing
P16_234_5,G2,A_batteries,G2-A_batteries-03,T009,0.0,2194.736329391266,T007,1707.3929221560966,A04,existing
P16_234_5,G2,A_batteries,G2-A_batteries-03,T007,3902.1292515473624,7963.433611739875,,,A04,existing
P16_234_5,G2,A_batteries,G2-A_batteries-04,T004,2004.1116402352573,5653.515220850031,,,A05,existing
P16_234_5,G2,A_batteries,G2-A_batteries-05,T022,2034.1116402352575,4901.140633153662,,,A06,existing
P16_234_5,G2,A_batteries,G2-A_batteries-06,T020,3922.129251547361,7132.339749211256,,,NEW-A_batteries-01,procurement_required
P16_234_5,G2,B_batteries,G2-B_batteries-01,T013,3065.5409516878613,6982.827850660446,,,B01,existing
P16_234_5,G2,B_batteries,G2-B_batteries-02,T021,3813.1314217671124,7578.354845171716,,,B02,existing
P16_234_5,G2,B_batteries,G2-B_batteries-03,T019_1,5028.582323174856,8012.288751525202,,,B03,existing
P16_234_5,G2,C_batteries,G2-C_batteries-01,T010_2,1434.4262775174655,4330.702121185847,,,C03,existing
P16_234_5,G2,C_batteries,G2-C_batteries-02,T012,1954.111640235257,6561.858998965378,,,C04,existing
P16_234_5,G2,C_batteries,G2-C_batteries-03,T014_2,2952.606730665684,7764.037455028012,,,NEW-C_batteries-01,procurement_required
P16_234_5,G2,C_batteries,G2-C_batteries-04,T018,4074.19338151371,9324.985225954879,,,NEW-C_batteries-02,procurement_required
P16_234_5,G2,relay_aircraft,G2-relay_aircraft-01,R001,190.13731902940862,1999.297638856333,R002,2142.9689317204375,R01,existing
P16_234_5,G2,relay_aircraft,G2-relay_aircraft-01,R002,4142.26657057677,7037.879962031191,,,R01,existing
P16_234_5,G2,relay_aircraft,G2-relay_aircraft-02,R003,2004.2977388563338,6244.037452916951,,,R02,existing
P16_234_5,G2,relay_components,G2-relay_components-01,R001,190.13731902940862,2344.3073253046314,R002,1797.959245272139,RE01,existing
P16_234_5,G2,relay_components,G2-relay_components-01,R002,4142.26657057677,7517.75318080825,,,RE01,existing
P16_234_5,G2,relay_components,G2-relay_components-02,R003,2004.2977388563338,6902.075499094418,,,RE02,existing
P16_234_5,G3,B_aircraft,G3-B_aircraft-01,T002_2,0.0,1500.9693925601796,T015,5.0000999999997475,NEW-B_aircraft-01,procurement_required
P16_234_5,G3,B_aircraft,G3-B_aircraft-01,T015,1505.9694925601793,3060.540851687861,,,NEW-B_aircraft-01,procurement_required
P16_234_5,G3,B_aircraft,G3-B_aircraft-02,T011,0.0,1944.0244440219892,T008,5.000100000000202,NEW-B_aircraft-02,procurement_required
P16_234_5,G3,B_aircraft,G3-B_aircraft-02,T008,1949.0245440219894,3793.5634341775567,,,NEW-B_aircraft-02,procurement_required
P16_234_5,G3,B_batteries,G3-B_batteries-01,T002_2,0.0,2956.647180248775,,,B04,existing
P16_234_5,G3,B_batteries,G3-B_batteries-02,T011,0.0,3808.1313217671122,,,NEW-B_batteries-01,procurement_required
P16_234_5,G3,B_batteries,G3-B_batteries-03,T015,1505.9694925601793,4516.326993610754,,,NEW-B_batteries-02,procurement_required
P16_234_5,G3,B_batteries,G3-B_batteries-04,T008,1949.0245440219894,5382.225397256939,,,NEW-B_batteries-03,procurement_required
P16_234_5,G3,relay_aircraft,G3-relay_aircraft-01,R004,96.18236555369127,4137.266470460487,,,NEW-relay_aircraft-01,procurement_required
P16_234_5,G3,relay_components,G3-relay_components-01,R004,96.18236555369127,4763.024275968738,,,RE03,existing
P1_2346_5,G1,A_aircraft,G1-A_aircraft-01,T005,0.0,1312.470877312685,,,U01,existing
P1_2346_5,G1,C_aircraft,G1-C_aircraft-01,T001,0.0,1561.4261775174655,,,U07,existing
P1_2346_5,G1,C_aircraft,G1-C_aircraft-02,T003,0.0,1429.4261775174655,,,U08,existing
P1_2346_5,G1,A_batteries,G1-A_batteries-01,T005,0.0,2178.7887122874713,,,A01,existing
P1_2346_5,G1,C_batteries,G1-C_batteries-01,T001,0.0,3150.0928537629516,,,C01,existing
P1_2346_5,G1,C_batteries,G1-C_batteries-02,T003,0.0,2947.606630665684,,,C02,existing
P1_2346_5,G2,A_aircraft,G2-A_aircraft-01,T007_HARD,0.0,1712.4416357195464,T020,2209.6876158278146,U02,existing
P1_2346_5,G2,A_aircraft,G2-A_aircraft-01,T020,3922.129251547361,5892.33909852418,,,U02,existing
P1_2346_5,G2,A_aircraft,G2-A_aircraft-02,T007_SOFT,0.0,1712.4416357195464,T022,321.67000451571107,U03,existing
P1_2346_5,G2,A_aircraft,G2-A_aircraft-02,T022,2034.1116402352575,3725.6461264742065,T007,176.48312507315586,U03,existing
P1_2346_5,G2,A_aircraft,G2-A_aircraft-02,T007,3902.1292515473624,6510.170148656284,,,U03,existing
P1_2346_5,G2,A_aircraft,G2-A_aircraft-03,T009,0.0,1316.0142144169886,T004,688.0974258182687,U04,existing
P1_2346_5,G2,A_aircraft,G2-A_aircraft-03,T004,2004.1116402352573,4285.571599071649,T016,5.000100000000202,U04,existing
P1_2346_5,G2,A_aircraft,G2-A_aircraft-03,T016,4290.571699071649,5986.329803740114,,,U04,existing
P1_2346_5,G2,A_aircraft,G2-A_aircraft-04,T014_1,4004.1292515473606,5699.887356215825,,,NEW-A_aircraft-01,procurement_required
P1_2346_5,G2,B_aircraft,G2-B_aircraft-01,T013,3065.5409516878613,5023.582223174855,T019_1,5.000100000001112,U05,existing
P1_2346_5,G2,B_aircraft,G2-B_aircraft-01,T019_1,5028.582323174856,6547.606667586711,,,U05,existing
P1_2346_5,G2,B_aircraft,G2-B_aircraft-02,T021,3813.1314217671124,5711.172693254107,,,U06,existing
P1_2346_5,G2,C_aircraft,G2-C_aircraft-01,T010_2,1434.4262775174655,2867.4613603954576,T014_2,85.14537027022652,NEW-C_aircraft-01,procurement_required
P1_2346_5,G2,C_aircraft,G2-C_aircraft-01,T014_2,2952.606730665684,5257.790795633526,T006,5.000100000000202,NEW-C_aircraft-01,procurement_required
P1_2346_5,G2,C_aircraft,G2-C_aircraft-01,T006,5262.790895633526,6542.241766493663,,,NEW-C_aircraft-01,procurement_required
P1_2346_5,G2,C_aircraft,G2-C_aircraft-02,T012,1954.111640235257,4069.1932815137097,T018,5.000100000000202,NEW-C_aircraft-02,procurement_required
P1_2346_5,G2,C_aircraft,G2-C_aircraft-02,T018,4074.19338151371,6761.824258884327,,,NEW-C_aircraft-02,procurement_required
P1_2346_5,G2,A_batteries,G2-A_batteries-01,T007_HARD,0.0,2761.062337358848,T014_1,1243.0669141885128,A02,existing
P1_2346_5,G2,A_batteries,G2-A_batteries-01,T014_1,4004.1292515473606,6815.081680695524,,,A02,existing
P1_2346_5,G2,A_batteries,G2-A_batteries-02,T007_SOFT,0.0,2779.9496716386757,T016,1510.6220274329735,A03,existing
P1_2346_5,G2,A_batteries,G2-A_batteries-02,T016,4290.571699071649,7122.3061158963155,,,A03,existing
P1_2346_5,G2,A_batteries,G2-A_batteries-03,T009,0.0,2194.736329391266,T007,1707.3929221560966,A04,existing
P1_2346_5,G2,A_batteries,G2-A_batteries-03,T007,3902.1292515473624,7963.433611739875,,,A04,existing
P1_2346_5,G2,A_batteries,G2-A_batteries-04,T004,2004.1116402352573,5653.515220850031,,,A05,existing
P1_2346_5,G2,A_batteries,G2-A_batteries-05,T022,2034.1116402352575,4901.140633153662,,,A06,existing
P1_2346_5,G2,A_batteries,G2-A_batteries-06,T020,3922.129251547361,7132.339749211256,,,NEW-A_batteries-01,procurement_required
P1_2346_5,G2,B_batteries,G2-B_batteries-01,T013,3065.5409516878613,6982.827850660446,,,B01,existing
P1_2346_5,G2,B_batteries,G2-B_batteries-02,T021,3813.1314217671124,7578.354845171716,,,B02,existing
P1_2346_5,G2,B_batteries,G2-B_batteries-03,T019_1,5028.582323174856,8012.288751525202,,,B03,existing
P1_2346_5,G2,C_batteries,G2-C_batteries-01,T010_2,1434.4262775174655,4330.702121185847,T006,932.0887744476786,C03,existing
P1_2346_5,G2,C_batteries,G2-C_batteries-01,T006,5262.790895633526,7891.7506752339295,,,C03,existing
P1_2346_5,G2,C_batteries,G2-C_batteries-02,T012,1954.111640235257,6561.858998965378,,,C04,existing
P1_2346_5,G2,C_batteries,G2-C_batteries-03,T014_2,2952.606730665684,7764.037455028012,,,NEW-C_batteries-01,procurement_required
P1_2346_5,G2,C_batteries,G2-C_batteries-04,T018,4074.19338151371,9324.985225954879,,,NEW-C_batteries-02,procurement_required
P1_2346_5,G2,relay_aircraft,G2-relay_aircraft-01,R001,190.13731902940862,1999.297638856333,R002,2142.9689317204375,R01,existing
P1_2346_5,G2,relay_aircraft,G2-relay_aircraft-01,R002,4142.26657057677,7037.879962031191,,,R01,existing
P1_2346_5,G2,relay_aircraft,G2-relay_aircraft-02,R003,2004.2977388563338,6244.037452916951,,,R02,existing
P1_2346_5,G2,relay_components,G2-relay_components-01,R001,190.13731902940862,2344.3073253046314,R002,1797.959245272139,RE01,existing
P1_2346_5,G2,relay_components,G2-relay_components-01,R002,4142.26657057677,7517.75318080825,,,RE01,existing
P1_2346_5,G2,relay_components,G2-relay_components-02,R003,2004.2977388563338,6902.075499094418,,,RE02,existing
P1_2346_5,G3,B_aircraft,G3-B_aircraft-01,T002_2,0.0,1500.9693925601796,T015,5.0000999999997475,NEW-B_aircraft-01,procurement_required
P1_2346_5,G3,B_aircraft,G3-B_aircraft-01,T015,1505.9694925601793,3060.540851687861,,,NEW-B_aircraft-01,procurement_required
P1_2346_5,G3,B_aircraft,G3-B_aircraft-02,T011,0.0,1944.0244440219892,T008,5.000100000000202,NEW-B_aircraft-02,procurement_required
P1_2346_5,G3,B_aircraft,G3-B_aircraft-02,T008,1949.0245440219894,3793.5634341775567,,,NEW-B_aircraft-02,procurement_required
P1_2346_5,G3,B_batteries,G3-B_batteries-01,T002_2,0.0,2956.647180248775,,,B04,existing
P1_2346_5,G3,B_batteries,G3-B_batteries-02,T011,0.0,3808.1313217671122,,,NEW-B_batteries-01,procurement_required
P1_2346_5,G3,B_batteries,G3-B_batteries-03,T015,1505.9694925601793,4516.326993610754,,,NEW-B_batteries-02,procurement_required
P1_2346_5,G3,B_batteries,G3-B_batteries-04,T008,1949.0245440219894,5382.225397256939,,,NEW-B_batteries-03,procurement_required
P1_2346_5,G3,relay_aircraft,G3-relay_aircraft-01,R004,96.18236555369127,4137.266470460487,,,NEW-relay_aircraft-01,procurement_required
P1_2346_5,G3,relay_components,G3-relay_components-01,R004,96.18236555369127,4763.024275968738,,,RE03,existing
P1_234_56,G1,A_aircraft,G1-A_aircraft-01,T005,0.0,1312.470877312685,,,U01,existing
P1_234_56,G1,C_aircraft,G1-C_aircraft-01,T001,0.0,1561.4261775174655,,,U07,existing
P1_234_56,G1,C_aircraft,G1-C_aircraft-02,T003,0.0,1429.4261775174655,,,U08,existing
P1_234_56,G1,A_batteries,G1-A_batteries-01,T005,0.0,2178.7887122874713,,,A01,existing
P1_234_56,G1,C_batteries,G1-C_batteries-01,T001,0.0,3150.0928537629516,,,C01,existing
P1_234_56,G1,C_batteries,G1-C_batteries-02,T003,0.0,2947.606630665684,,,C02,existing
P1_234_56,G2,A_aircraft,G2-A_aircraft-01,T007_HARD,0.0,1712.4416357195464,T020,2209.6876158278146,U02,existing
P1_234_56,G2,A_aircraft,G2-A_aircraft-01,T020,3922.129251547361,5892.33909852418,,,U02,existing
P1_234_56,G2,A_aircraft,G2-A_aircraft-02,T007_SOFT,0.0,1712.4416357195464,T022,321.67000451571107,U03,existing
P1_234_56,G2,A_aircraft,G2-A_aircraft-02,T022,2034.1116402352575,3725.6461264742065,T007,176.48312507315586,U03,existing
P1_234_56,G2,A_aircraft,G2-A_aircraft-02,T007,3902.1292515473624,6510.170148656284,,,U03,existing
P1_234_56,G2,A_aircraft,G2-A_aircraft-03,T009,0.0,1316.0142144169886,T004,688.0974258182687,U04,existing
P1_234_56,G2,A_aircraft,G2-A_aircraft-03,T004,2004.1116402352573,4285.571599071649,T016,5.000100000000202,U04,existing
P1_234_56,G2,A_aircraft,G2-A_aircraft-03,T016,4290.571699071649,5986.329803740114,,,U04,existing
P1_234_56,G2,A_aircraft,G2-A_aircraft-04,T014_1,4004.1292515473606,5699.887356215825,,,NEW-A_aircraft-01,procurement_required
P1_234_56,G2,B_aircraft,G2-B_aircraft-01,T013,3065.5409516878613,5023.582223174855,T019_1,5.000100000001112,U05,existing
P1_234_56,G2,B_aircraft,G2-B_aircraft-01,T019_1,5028.582323174856,6547.606667586711,,,U05,existing
P1_234_56,G2,B_aircraft,G2-B_aircraft-02,T021,3813.1314217671124,5711.172693254107,,,U06,existing
P1_234_56,G2,C_aircraft,G2-C_aircraft-01,T010_2,1434.4262775174655,2867.4613603954576,T014_2,85.14537027022652,NEW-C_aircraft-01,procurement_required
P1_234_56,G2,C_aircraft,G2-C_aircraft-01,T014_2,2952.606730665684,5257.790795633526,,,NEW-C_aircraft-01,procurement_required
P1_234_56,G2,C_aircraft,G2-C_aircraft-02,T012,1954.111640235257,4069.1932815137097,T018,5.000100000000202,NEW-C_aircraft-02,procurement_required
P1_234_56,G2,C_aircraft,G2-C_aircraft-02,T018,4074.19338151371,6761.824258884327,,,NEW-C_aircraft-02,procurement_required
P1_234_56,G2,A_batteries,G2-A_batteries-01,T007_HARD,0.0,2761.062337358848,T014_1,1243.0669141885128,A02,existing
P1_234_56,G2,A_batteries,G2-A_batteries-01,T014_1,4004.1292515473606,6815.081680695524,,,A02,existing
P1_234_56,G2,A_batteries,G2-A_batteries-02,T007_SOFT,0.0,2779.9496716386757,T016,1510.6220274329735,A03,existing
P1_234_56,G2,A_batteries,G2-A_batteries-02,T016,4290.571699071649,7122.3061158963155,,,A03,existing
P1_234_56,G2,A_batteries,G2-A_batteries-03,T009,0.0,2194.736329391266,T007,1707.3929221560966,A04,existing
P1_234_56,G2,A_batteries,G2-A_batteries-03,T007,3902.1292515473624,7963.433611739875,,,A04,existing
P1_234_56,G2,A_batteries,G2-A_batteries-04,T004,2004.1116402352573,5653.515220850031,,,A05,existing
P1_234_56,G2,A_batteries,G2-A_batteries-05,T022,2034.1116402352575,4901.140633153662,,,A06,existing
P1_234_56,G2,A_batteries,G2-A_batteries-06,T020,3922.129251547361,7132.339749211256,,,NEW-A_batteries-01,procurement_required
P1_234_56,G2,B_batteries,G2-B_batteries-01,T013,3065.5409516878613,6982.827850660446,,,B01,existing
P1_234_56,G2,B_batteries,G2-B_batteries-02,T021,3813.1314217671124,7578.354845171716,,,B02,existing
P1_234_56,G2,B_batteries,G2-B_batteries-03,T019_1,5028.582323174856,8012.288751525202,,,B03,existing
P1_234_56,G2,C_batteries,G2-C_batteries-01,T010_2,1434.4262775174655,4330.702121185847,,,C03,existing
P1_234_56,G2,C_batteries,G2-C_batteries-02,T012,1954.111640235257,6561.858998965378,,,C04,existing
P1_234_56,G2,C_batteries,G2-C_batteries-03,T014_2,2952.606730665684,7764.037455028012,,,NEW-C_batteries-01,procurement_required
P1_234_56,G2,C_batteries,G2-C_batteries-04,T018,4074.19338151371,9324.985225954879,,,NEW-C_batteries-02,procurement_required
P1_234_56,G2,relay_aircraft,G2-relay_aircraft-01,R001,190.13731902940862,1999.297638856333,R002,2142.9689317204375,R01,existing
P1_234_56,G2,relay_aircraft,G2-relay_aircraft-01,R002,4142.26657057677,7037.879962031191,,,R01,existing
P1_234_56,G2,relay_aircraft,G2-relay_aircraft-02,R003,2004.2977388563338,6244.037452916951,,,R02,existing
P1_234_56,G2,relay_components,G2-relay_components-01,R001,190.13731902940862,2344.3073253046314,R002,1797.959245272139,RE01,existing
P1_234_56,G2,relay_components,G2-relay_components-01,R002,4142.26657057677,7517.75318080825,,,RE01,existing
P1_234_56,G2,relay_components,G2-relay_components-02,R003,2004.2977388563338,6902.075499094418,,,RE02,existing
P1_234_56,G3,B_aircraft,G3-B_aircraft-01,T002_2,0.0,1500.9693925601796,T015,5.0000999999997475,NEW-B_aircraft-01,procurement_required
P1_234_56,G3,B_aircraft,G3-B_aircraft-01,T015,1505.9694925601793,3060.540851687861,,,NEW-B_aircraft-01,procurement_required
P1_234_56,G3,B_aircraft,G3-B_aircraft-02,T011,0.0,1944.0244440219892,T008,5.000100000000202,NEW-B_aircraft-02,procurement_required
P1_234_56,G3,B_aircraft,G3-B_aircraft-02,T008,1949.0245440219894,3793.5634341775567,,,NEW-B_aircraft-02,procurement_required
P1_234_56,G3,C_aircraft,G3-C_aircraft-01,T006,5262.790895633526,6542.241766493663,,,NEW-C_aircraft-03,procurement_required
P1_234_56,G3,B_batteries,G3-B_batteries-01,T002_2,0.0,2956.647180248775,,,B04,existing
P1_234_56,G3,B_batteries,G3-B_batteries-02,T011,0.0,3808.1313217671122,,,NEW-B_batteries-01,procurement_required
P1_234_56,G3,B_batteries,G3-B_batteries-03,T015,1505.9694925601793,4516.326993610754,,,NEW-B_batteries-02,procurement_required
P1_234_56,G3,B_batteries,G3-B_batteries-04,T008,1949.0245440219894,5382.225397256939,,,NEW-B_batteries-03,procurement_required
P1_234_56,G3,C_batteries,G3-C_batteries-01,T006,5262.790895633526,7891.7506752339295,,,NEW-C_batteries-03,procurement_required
P1_234_56,G3,relay_aircraft,G3-relay_aircraft-01,R004,96.18236555369127,4137.266470460487,,,NEW-relay_aircraft-01,procurement_required
P1_234_56,G3,relay_components,G3-relay_components-01,R004,96.18236555369127,4763.024275968738,,,RE03,existing
P156_23_4,G1,A_aircraft,G1-A_aircraft-01,T005,0.0,1312.470877312685,,,U01,existing
P156_23_4,G1,B_aircraft,G1-B_aircraft-01,T002_2,0.0,1500.9693925601796,T015,5.0000999999997475,U05,existing
P156_23_4,G1,B_aircraft,G1-B_aircraft-01,T015,1505.9694925601793,3060.540851687861,,,U05,existing
P156_23_4,G1,B_aircraft,G1-B_aircraft-02,T011,0.0,1944.0244440219892,T008,5.000100000000202,U06,existing
P156_23_4,G1,B_aircraft,G1-B_aircraft-02,T008,1949.0245440219894,3793.5634341775567,,,U06,existing
P156_23_4,G1,C_aircraft,G1-C_aircraft-01,T001,0.0,1561.4261775174655,,,U07,existing
P156_23_4,G1,C_aircraft,G1-C_aircraft-02,T003,0.0,1429.4261775174655,T006,3833.3647181160604,U08,existing
P156_23_4,G1,C_aircraft,G1-C_aircraft-02,T006,5262.790895633526,6542.241766493663,,,U08,existing
P156_23_4,G1,A_batteries,G1-A_batteries-01,T005,0.0,2178.7887122874713,,,A01,existing
P156_23_4,G1,B_batteries,G1-B_batteries-01,T002_2,0.0,2956.647180248775,,,B01,existing
P156_23_4,G1,B_batteries,G1-B_batteries-02,T011,0.0,3808.1313217671122,,,B02,existing
P156_23_4,G1,B_batteries,G1-B_batteries-03,T015,1505.9694925601793,4516.326993610754,,,B03,existing
P156_23_4,G1,B_batteries,G1-B_batteries-04,T008,1949.0245440219894,5382.225397256939,,,B04,existing
P156_23_4,G1,C_batteries,G1-C_batteries-01,T001,0.0,3150.0928537629516,,,C01,existing
P156_23_4,G1,C_batteries,G1-C_batteries-02,T003,0.0,2947.606630665684,T006,2315.184264967842,C02,existing
P156_23_4,G1,C_batteries,G1-C_batteries-02,T006,5262.790895633526,7891.7506752339295,,,C02,existing
P156_23_4,G1,relay_aircraft,G1-relay_aircraft-01,R004,96.18236555369127,4137.266470460487,,,R01,existing
P156_23_4,G1,relay_components,G1-relay_components-01,R004,96.18236555369127,4763.024275968738,,,RE01,existing
P156_23_4,G2,A_aircraft,G2-A_aircraft-01,T007_HARD,0.0,1712.4416357195464,T022,321.67000451571107,U02,existing
P156_23_4,G2,A_aircraft,G2-A_aircraft-01,T022,2034.1116402352575,3725.6461264742065,T007,176.48312507315586,U02,existing
P156_23_4,G2,A_aircraft,G2-A_aircraft-01,T007,3902.1292515473624,6510.170148656284,,,U02,existing
P156_23_4,G2,A_aircraft,G2-A_aircraft-02,T007_SOFT,0.0,1712.4416357195464,T004,291.67000451571084,U03,existing
P156_23_4,G2,A_aircraft,G2-A_aircraft-02,T004,2004.1116402352573,4285.571599071649,T016,5.000100000000202,U03,existing
P156_23_4,G2,A_aircraft,G2-A_aircraft-02,T016,4290.571699071649,5986.329803740114,,,U03,existing
P156_23_4,G2,A_aircraft,G2-A_aircraft-03,T020,3922.129251547361,5892.33909852418,,,U04,existing
P156_23_4,G2,A_aircraft,G2-A_aircraft-04,T014_1,4004.1292515473606,5699.887356215825,,,NEW-A_aircraft-01,procurement_required
P156_23_4,G2,B_aircraft,G2-B_aircraft-01,T013,3065.5409516878613,5023.582223174855,T019_1,5.000100000001112,NEW-B_aircraft-01,procurement_required
P156_23_4,G2,B_aircraft,G2-B_aircraft-01,T019_1,5028.582323174856,6547.606667586711,,,NEW-B_aircraft-01,procurement_required
P156_23_4,G2,B_aircraft,G2-B_aircraft-02,T021,3813.1314217671124,5711.172693254107,,,NEW-B_aircraft-02,procurement_required
P156_23_4,G2,C_aircraft,G2-C_aircraft-01,T012,1954.111640235257,4069.1932815137097,T018,5.000100000000202,NEW-C_aircraft-01,procurement_required
P156_23_4,G2,C_aircraft,G2-C_aircraft-01,T018,4074.19338151371,6761.824258884327,,,NEW-C_aircraft-01,procurement_required
P156_23_4,G2,C_aircraft,G2-C_aircraft-02,T014_2,2952.606730665684,5257.790795633526,,,NEW-C_aircraft-02,procurement_required
P156_23_4,G2,A_batteries,G2-A_batteries-01,T007_HARD,0.0,2761.062337358848,T014_1,1243.0669141885128,A02,existing
P156_23_4,G2,A_batteries,G2-A_batteries-01,T014_1,4004.1292515473606,6815.081680695524,,,A02,existing
P156_23_4,G2,A_batteries,G2-A_batteries-02,T007_SOFT,0.0,2779.9496716386757,T016,1510.6220274329735,A03,existing
P156_23_4,G2,A_batteries,G2-A_batteries-02,T016,4290.571699071649,7122.3061158963155,,,A03,existing
P156_23_4,G2,A_batteries,G2-A_batteries-03,T004,2004.1116402352573,5653.515220850031,,,A04,existing
P156_23_4,G2,A_batteries,G2-A_batteries-04,T022,2034.1116402352575,4901.140633153662,,,A05,existing
P156_23_4,G2,A_batteries,G2-A_batteries-05,T007,3902.1292515473624,7963.433611739875,,,A06,existing
P156_23_4,G2,A_batteries,G2-A_batteries-06,T020,3922.129251547361,7132.339749211256,,,NEW-A_batteries-01,procurement_required
P156_23_4,G2,B_batteries,G2-B_batteries-01,T013,3065.5409516878613,6982.827850660446,,,NEW-B_batteries-01,procurement_required
P156_23_4,G2,B_batteries,G2-B_batteries-02,T021,3813.1314217671124,7578.354845171716,,,NEW-B_batteries-02,procurement_required
P156_23_4,G2,B_batteries,G2-B_batteries-03,T019_1,5028.582323174856,8012.288751525202,,,NEW-B_batteries-03,procurement_required
P156_23_4,G2,C_batteries,G2-C_batteries-01,T012,1954.111640235257,6561.858998965378,,,C03,existing
P156_23_4,G2,C_batteries,G2-C_batteries-02,T014_2,2952.606730665684,7764.037455028012,,,C04,existing
P156_23_4,G2,C_batteries,G2-C_batteries-03,T018,4074.19338151371,9324.985225954879,,,NEW-C_batteries-01,procurement_required
P156_23_4,G2,relay_aircraft,G2-relay_aircraft-01,R001,190.13731902940862,1999.297638856333,R002,2142.9689317204375,R02,existing
P156_23_4,G2,relay_aircraft,G2-relay_aircraft-01,R002,4142.26657057677,7037.879962031191,,,R02,existing
P156_23_4,G2,relay_aircraft,G2-relay_aircraft-02,R003,2004.2977388563338,6244.037452916951,,,NEW-relay_aircraft-01,procurement_required
P156_23_4,G2,relay_components,G2-relay_components-01,R001,190.13731902940862,2344.3073253046314,R002,1797.959245272139,RE02,existing
P156_23_4,G2,relay_components,G2-relay_components-01,R002,4142.26657057677,7517.75318080825,,,RE02,existing
P156_23_4,G2,relay_components,G2-relay_components-02,R003,2004.2977388563338,6902.075499094418,,,RE03,existing
P156_23_4,G3,A_aircraft,G3-A_aircraft-01,T009,0.0,1316.0142144169886,,,NEW-A_aircraft-02,procurement_required
P156_23_4,G3,C_aircraft,G3-C_aircraft-01,T010_2,1434.4262775174655,2867.4613603954576,,,NEW-C_aircraft-03,procurement_required
P156_23_4,G3,A_batteries,G3-A_batteries-01,T009,0.0,2194.736329391266,,,NEW-A_batteries-02,procurement_required
P156_23_4,G3,C_batteries,G3-C_batteries-01,T010_2,1434.4262775174655,4330.702121185847,,,NEW-C_batteries-02,procurement_required
P15_236_4,G1,A_aircraft,G1-A_aircraft-01,T005,0.0,1312.470877312685,,,U01,existing
P15_236_4,G1,B_aircraft,G1-B_aircraft-01,T002_2,0.0,1500.9693925601796,T015,5.0000999999997475,U05,existing
P15_236_4,G1,B_aircraft,G1-B_aircraft-01,T015,1505.9694925601793,3060.540851687861,,,U05,existing
P15_236_4,G1,B_aircraft,G1-B_aircraft-02,T011,0.0,1944.0244440219892,T008,5.000100000000202,U06,existing
P15_236_4,G1,B_aircraft,G1-B_aircraft-02,T008,1949.0245440219894,3793.5634341775567,,,U06,existing
P15_236_4,G1,C_aircraft,G1-C_aircraft-01,T001,0.0,1561.4261775174655,,,U07,existing
P15_236_4,G1,C_aircraft,G1-C_aircraft-02,T003,0.0,1429.4261775174655,,,U08,existing
P15_236_4,G1,A_batteries,G1-A_batteries-01,T005,0.0,2178.7887122874713,,,A01,existing
P15_236_4,G1,B_batteries,G1-B_batteries-01,T002_2,0.0,2956.647180248775,,,B01,existing
P15_236_4,G1,B_batteries,G1-B_batteries-02,T011,0.0,3808.1313217671122,,,B02,existing
P15_236_4,G1,B_batteries,G1-B_batteries-03,T015,1505.9694925601793,4516.326993610754,,,B03,existing
P15_236_4,G1,B_batteries,G1-B_batteries-04,T008,1949.0245440219894,5382.225397256939,,,B04,existing
P15_236_4,G1,C_batteries,G1-C_batteries-01,T001,0.0,3150.0928537629516,,,C01,existing
P15_236_4,G1,C_batteries,G1-C_batteries-02,T003,0.0,2947.606630665684,,,C02,existing
P15_236_4,G1,relay_aircraft,G1-relay_aircraft-01,R004,96.18236555369127,4137.266470460487,,,R01,existing
P15_236_4,G1,relay_components,G1-relay_components-01,R004,96.18236555369127,4763.024275968738,,,RE01,existing
P15_236_4,G2,A_aircraft,G2-A_aircraft-01,T007_HARD,0.0,1712.4416357195464,T022,321.67000451571107,U02,existing
P15_236_4,G2,A_aircraft,G2-A_aircraft-01,T022,2034.1116402352575,3725.6461264742065,T007,176.48312507315586,U02,existing
P15_236_4,G2,A_aircraft,G2-A_aircraft-01,T007,3902.1292515473624,6510.170148656284,,,U02,existing
P15_236_4,G2,A_aircraft,G2-A_aircraft-02,T007_SOFT,0.0,1712.4416357195464,T004,291.67000451571084,U03,existing
P15_236_4,G2,A_aircraft,G2-A_aircraft-02,T004,2004.1116402352573,4285.571599071649,T016,5.000100000000202,U03,existing
P15_236_4,G2,A_aircraft,G2-A_aircraft-02,T016,4290.571699071649,5986.329803740114,,,U03,existing
P15_236_4,G2,A_aircraft,G2-A_aircraft-03,T020,3922.129251547361,5892.33909852418,,,U04,existing
P15_236_4,G2,A_aircraft,G2-A_aircraft-04,T014_1,4004.1292515473606,5699.887356215825,,,NEW-A_aircraft-01,procurement_required
P15_236_4,G2,B_aircraft,G2-B_aircraft-01,T013,3065.5409516878613,5023.582223174855,T019_1,5.000100000001112,NEW-B_aircraft-01,procurement_required
P15_236_4,G2,B_aircraft,G2-B_aircraft-01,T019_1,5028.582323174856,6547.606667586711,,,NEW-B_aircraft-01,procurement_required
P15_236_4,G2,B_aircraft,G2-B_aircraft-02,T021,3813.1314217671124,5711.172693254107,,,NEW-B_aircraft-02,procurement_required
P15_236_4,G2,C_aircraft,G2-C_aircraft-01,T012,1954.111640235257,4069.1932815137097,T018,5.000100000000202,NEW-C_aircraft-01,procurement_required
P15_236_4,G2,C_aircraft,G2-C_aircraft-01,T018,4074.19338151371,6761.824258884327,,,NEW-C_aircraft-01,procurement_required
P15_236_4,G2,C_aircraft,G2-C_aircraft-02,T014_2,2952.606730665684,5257.790795633526,T006,5.000100000000202,NEW-C_aircraft-02,procurement_required
P15_236_4,G2,C_aircraft,G2-C_aircraft-02,T006,5262.790895633526,6542.241766493663,,,NEW-C_aircraft-02,procurement_required
P15_236_4,G2,A_batteries,G2-A_batteries-01,T007_HARD,0.0,2761.062337358848,T014_1,1243.0669141885128,A02,existing
P15_236_4,G2,A_batteries,G2-A_batteries-01,T014_1,4004.1292515473606,6815.081680695524,,,A02,existing
P15_236_4,G2,A_batteries,G2-A_batteries-02,T007_SOFT,0.0,2779.9496716386757,T016,1510.6220274329735,A03,existing
P15_236_4,G2,A_batteries,G2-A_batteries-02,T016,4290.571699071649,7122.3061158963155,,,A03,existing
P15_236_4,G2,A_batteries,G2-A_batteries-03,T004,2004.1116402352573,5653.515220850031,,,A04,existing
P15_236_4,G2,A_batteries,G2-A_batteries-04,T022,2034.1116402352575,4901.140633153662,,,A05,existing
P15_236_4,G2,A_batteries,G2-A_batteries-05,T007,3902.1292515473624,7963.433611739875,,,A06,existing
P15_236_4,G2,A_batteries,G2-A_batteries-06,T020,3922.129251547361,7132.339749211256,,,NEW-A_batteries-01,procurement_required
P15_236_4,G2,B_batteries,G2-B_batteries-01,T013,3065.5409516878613,6982.827850660446,,,NEW-B_batteries-01,procurement_required
P15_236_4,G2,B_batteries,G2-B_batteries-02,T021,3813.1314217671124,7578.354845171716,,,NEW-B_batteries-02,procurement_required
P15_236_4,G2,B_batteries,G2-B_batteries-03,T019_1,5028.582323174856,8012.288751525202,,,NEW-B_batteries-03,procurement_required
P15_236_4,G2,C_batteries,G2-C_batteries-01,T012,1954.111640235257,6561.858998965378,,,C03,existing
P15_236_4,G2,C_batteries,G2-C_batteries-02,T014_2,2952.606730665684,7764.037455028012,,,C04,existing
P15_236_4,G2,C_batteries,G2-C_batteries-03,T018,4074.19338151371,9324.985225954879,,,NEW-C_batteries-01,procurement_required
P15_236_4,G2,C_batteries,G2-C_batteries-04,T006,5262.790895633526,7891.7506752339295,,,NEW-C_batteries-02,procurement_required
P15_236_4,G2,relay_aircraft,G2-relay_aircraft-01,R001,190.13731902940862,1999.297638856333,R002,2142.9689317204375,R02,existing
P15_236_4,G2,relay_aircraft,G2-relay_aircraft-01,R002,4142.26657057677,7037.879962031191,,,R02,existing
P15_236_4,G2,relay_aircraft,G2-relay_aircraft-02,R003,2004.2977388563338,6244.037452916951,,,NEW-relay_aircraft-01,procurement_required
P15_236_4,G2,relay_components,G2-relay_components-01,R001,190.13731902940862,2344.3073253046314,R002,1797.959245272139,RE02,existing
P15_236_4,G2,relay_components,G2-relay_components-01,R002,4142.26657057677,7517.75318080825,,,RE02,existing
P15_236_4,G2,relay_components,G2-relay_components-02,R003,2004.2977388563338,6902.075499094418,,,RE03,existing
P15_236_4,G3,A_aircraft,G3-A_aircraft-01,T009,0.0,1316.0142144169886,,,NEW-A_aircraft-02,procurement_required
P15_236_4,G3,C_aircraft,G3-C_aircraft-01,T010_2,1434.4262775174655,2867.4613603954576,,,NEW-C_aircraft-03,procurement_required
P15_236_4,G3,A_batteries,G3-A_batteries-01,T009,0.0,2194.736329391266,,,NEW-A_batteries-02,procurement_required
P15_236_4,G3,C_batteries,G3-C_batteries-01,T010_2,1434.4262775174655,4330.702121185847,,,NEW-C_batteries-03,procurement_required
P15_23_46,G1,A_aircraft,G1-A_aircraft-01,T005,0.0,1312.470877312685,,,U01,existing
P15_23_46,G1,B_aircraft,G1-B_aircraft-01,T002_2,0.0,1500.9693925601796,T015,5.0000999999997475,U05,existing
P15_23_46,G1,B_aircraft,G1-B_aircraft-01,T015,1505.9694925601793,3060.540851687861,,,U05,existing
P15_23_46,G1,B_aircraft,G1-B_aircraft-02,T011,0.0,1944.0244440219892,T008,5.000100000000202,U06,existing
P15_23_46,G1,B_aircraft,G1-B_aircraft-02,T008,1949.0245440219894,3793.5634341775567,,,U06,existing
P15_23_46,G1,C_aircraft,G1-C_aircraft-01,T001,0.0,1561.4261775174655,,,U07,existing
P15_23_46,G1,C_aircraft,G1-C_aircraft-02,T003,0.0,1429.4261775174655,,,U08,existing
P15_23_46,G1,A_batteries,G1-A_batteries-01,T005,0.0,2178.7887122874713,,,A01,existing
P15_23_46,G1,B_batteries,G1-B_batteries-01,T002_2,0.0,2956.647180248775,,,B01,existing
P15_23_46,G1,B_batteries,G1-B_batteries-02,T011,0.0,3808.1313217671122,,,B02,existing
P15_23_46,G1,B_batteries,G1-B_batteries-03,T015,1505.9694925601793,4516.326993610754,,,B03,existing
P15_23_46,G1,B_batteries,G1-B_batteries-04,T008,1949.0245440219894,5382.225397256939,,,B04,existing
P15_23_46,G1,C_batteries,G1-C_batteries-01,T001,0.0,3150.0928537629516,,,C01,existing
P15_23_46,G1,C_batteries,G1-C_batteries-02,T003,0.0,2947.606630665684,,,C02,existing
P15_23_46,G1,relay_aircraft,G1-relay_aircraft-01,R004,96.18236555369127,4137.266470460487,,,R01,existing
P15_23_46,G1,relay_components,G1-relay_components-01,R004,96.18236555369127,4763.024275968738,,,RE01,existing
P15_23_46,G2,A_aircraft,G2-A_aircraft-01,T007_HARD,0.0,1712.4416357195464,T022,321.67000451571107,U02,existing
P15_23_46,G2,A_aircraft,G2-A_aircraft-01,T022,2034.1116402352575,3725.6461264742065,T007,176.48312507315586,U02,existing
P15_23_46,G2,A_aircraft,G2-A_aircraft-01,T007,3902.1292515473624,6510.170148656284,,,U02,existing
P15_23_46,G2,A_aircraft,G2-A_aircraft-02,T007_SOFT,0.0,1712.4416357195464,T004,291.67000451571084,U03,existing
P15_23_46,G2,A_aircraft,G2-A_aircraft-02,T004,2004.1116402352573,4285.571599071649,T016,5.000100000000202,U03,existing
P15_23_46,G2,A_aircraft,G2-A_aircraft-02,T016,4290.571699071649,5986.329803740114,,,U03,existing
P15_23_46,G2,A_aircraft,G2-A_aircraft-03,T020,3922.129251547361,5892.33909852418,,,U04,existing
P15_23_46,G2,A_aircraft,G2-A_aircraft-04,T014_1,4004.1292515473606,5699.887356215825,,,NEW-A_aircraft-01,procurement_required
P15_23_46,G2,B_aircraft,G2-B_aircraft-01,T013,3065.5409516878613,5023.582223174855,T019_1,5.000100000001112,NEW-B_aircraft-01,procurement_required
P15_23_46,G2,B_aircraft,G2-B_aircraft-01,T019_1,5028.582323174856,6547.606667586711,,,NEW-B_aircraft-01,procurement_required
P15_23_46,G2,B_aircraft,G2-B_aircraft-02,T021,3813.1314217671124,5711.172693254107,,,NEW-B_aircraft-02,procurement_required
P15_23_46,G2,C_aircraft,G2-C_aircraft-01,T012,1954.111640235257,4069.1932815137097,T018,5.000100000000202,NEW-C_aircraft-01,procurement_required
P15_23_46,G2,C_aircraft,G2-C_aircraft-01,T018,4074.19338151371,6761.824258884327,,,NEW-C_aircraft-01,procurement_required
P15_23_46,G2,C_aircraft,G2-C_aircraft-02,T014_2,2952.606730665684,5257.790795633526,,,NEW-C_aircraft-02,procurement_required
P15_23_46,G2,A_batteries,G2-A_batteries-01,T007_HARD,0.0,2761.062337358848,T014_1,1243.0669141885128,A02,existing
P15_23_46,G2,A_batteries,G2-A_batteries-01,T014_1,4004.1292515473606,6815.081680695524,,,A02,existing
P15_23_46,G2,A_batteries,G2-A_batteries-02,T007_SOFT,0.0,2779.9496716386757,T016,1510.6220274329735,A03,existing
P15_23_46,G2,A_batteries,G2-A_batteries-02,T016,4290.571699071649,7122.3061158963155,,,A03,existing
P15_23_46,G2,A_batteries,G2-A_batteries-03,T004,2004.1116402352573,5653.515220850031,,,A04,existing
P15_23_46,G2,A_batteries,G2-A_batteries-04,T022,2034.1116402352575,4901.140633153662,,,A05,existing
P15_23_46,G2,A_batteries,G2-A_batteries-05,T007,3902.1292515473624,7963.433611739875,,,A06,existing
P15_23_46,G2,A_batteries,G2-A_batteries-06,T020,3922.129251547361,7132.339749211256,,,NEW-A_batteries-01,procurement_required
P15_23_46,G2,B_batteries,G2-B_batteries-01,T013,3065.5409516878613,6982.827850660446,,,NEW-B_batteries-01,procurement_required
P15_23_46,G2,B_batteries,G2-B_batteries-02,T021,3813.1314217671124,7578.354845171716,,,NEW-B_batteries-02,procurement_required
P15_23_46,G2,B_batteries,G2-B_batteries-03,T019_1,5028.582323174856,8012.288751525202,,,NEW-B_batteries-03,procurement_required
P15_23_46,G2,C_batteries,G2-C_batteries-01,T012,1954.111640235257,6561.858998965378,,,C03,existing
P15_23_46,G2,C_batteries,G2-C_batteries-02,T014_2,2952.606730665684,7764.037455028012,,,C04,existing
P15_23_46,G2,C_batteries,G2-C_batteries-03,T018,4074.19338151371,9324.985225954879,,,NEW-C_batteries-01,procurement_required
P15_23_46,G2,relay_aircraft,G2-relay_aircraft-01,R001,190.13731902940862,1999.297638856333,R002,2142.9689317204375,R02,existing
P15_23_46,G2,relay_aircraft,G2-relay_aircraft-01,R002,4142.26657057677,7037.879962031191,,,R02,existing
P15_23_46,G2,relay_aircraft,G2-relay_aircraft-02,R003,2004.2977388563338,6244.037452916951,,,NEW-relay_aircraft-01,procurement_required
P15_23_46,G2,relay_components,G2-relay_components-01,R001,190.13731902940862,2344.3073253046314,R002,1797.959245272139,RE02,existing
P15_23_46,G2,relay_components,G2-relay_components-01,R002,4142.26657057677,7517.75318080825,,,RE02,existing
P15_23_46,G2,relay_components,G2-relay_components-02,R003,2004.2977388563338,6902.075499094418,,,RE03,existing
P15_23_46,G3,A_aircraft,G3-A_aircraft-01,T009,0.0,1316.0142144169886,,,NEW-A_aircraft-02,procurement_required
P15_23_46,G3,C_aircraft,G3-C_aircraft-01,T010_2,1434.4262775174655,2867.4613603954576,T006,2395.3295352380683,NEW-C_aircraft-03,procurement_required
P15_23_46,G3,C_aircraft,G3-C_aircraft-01,T006,5262.790895633526,6542.241766493663,,,NEW-C_aircraft-03,procurement_required
P15_23_46,G3,A_batteries,G3-A_batteries-01,T009,0.0,2194.736329391266,,,NEW-A_batteries-02,procurement_required
P15_23_46,G3,C_batteries,G3-C_batteries-01,T010_2,1434.4262775174655,4330.702121185847,T006,932.0887744476786,NEW-C_batteries-02,procurement_required
P15_23_46,G3,C_batteries,G3-C_batteries-01,T006,5262.790895633526,7891.7506752339295,,,NEW-C_batteries-02,procurement_required
P16_235_4,G1,A_aircraft,G1-A_aircraft-01,T005,0.0,1312.470877312685,,,U01,existing
P16_235_4,G1,C_aircraft,G1-C_aircraft-01,T001,0.0,1561.4261775174655,,,U07,existing
P16_235_4,G1,C_aircraft,G1-C_aircraft-02,T003,0.0,1429.4261775174655,T006,3833.3647181160604,U08,existing
P16_235_4,G1,C_aircraft,G1-C_aircraft-02,T006,5262.790895633526,6542.241766493663,,,U08,existing
P16_235_4,G1,A_batteries,G1-A_batteries-01,T005,0.0,2178.7887122874713,,,A01,existing
P16_235_4,G1,C_batteries,G1-C_batteries-01,T001,0.0,3150.0928537629516,,,C01,existing
P16_235_4,G1,C_batteries,G1-C_batteries-02,T003,0.0,2947.606630665684,T006,2315.184264967842,C02,existing
P16_235_4,G1,C_batteries,G1-C_batteries-02,T006,5262.790895633526,7891.7506752339295,,,C02,existing
P16_235_4,G2,A_aircraft,G2-A_aircraft-01,T007_HARD,0.0,1712.4416357195464,T022,321.67000451571107,U02,existing
P16_235_4,G2,A_aircraft,G2-A_aircraft-01,T022,2034.1116402352575,3725.6461264742065,T007,176.48312507315586,U02,existing
P16_235_4,G2,A_aircraft,G2-A_aircraft-01,T007,3902.1292515473624,6510.170148656284,,,U02,existing
P16_235_4,G2,A_aircraft,G2-A_aircraft-02,T007_SOFT,0.0,1712.4416357195464,T004,291.67000451571084,U03,existing
P16_235_4,G2,A_aircraft,G2-A_aircraft-02,T004,2004.1116402352573,4285.571599071649,T016,5.000100000000202,U03,existing
P16_235_4,G2,A_aircraft,G2-A_aircraft-02,T016,4290.571699071649,5986.329803740114,,,U03,existing
P16_235_4,G2,A_aircraft,G2-A_aircraft-03,T020,3922.129251547361,5892.33909852418,,,U04,existing
P16_235_4,G2,A_aircraft,G2-A_aircraft-04,T014_1,4004.1292515473606,5699.887356215825,,,NEW-A_aircraft-01,procurement_required
P16_235_4,G2,B_aircraft,G2-B_aircraft-01,T002_2,0.0,1500.9693925601796,T015,5.0000999999997475,U05,existing
P16_235_4,G2,B_aircraft,G2-B_aircraft-01,T015,1505.9694925601793,3060.540851687861,T013,5.000100000000202,U05,existing
P16_235_4,G2,B_aircraft,G2-B_aircraft-01,T013,3065.5409516878613,5023.582223174855,T019_1,5.000100000001112,U05,existing
P16_235_4,G2,B_aircraft,G2-B_aircraft-01,T019_1,5028.582323174856,6547.606667586711,,,U05,existing
P16_235_4,G2,B_aircraft,G2-B_aircraft-02,T011,0.0,1944.0244440219892,T008,5.000100000000202,U06,existing
P16_235_4,G2,B_aircraft,G2-B_aircraft-02,T008,1949.0245440219894,3793.5634341775567,T021,19.56798758955574,U06,existing
P16_235_4,G2,B_aircraft,G2-B_aircraft-02,T021,3813.1314217671124,5711.172693254107,,,U06,existing
P16_235_4,G2,C_aircraft,G2-C_aircraft-01,T012,1954.111640235257,4069.1932815137097,T018,5.000100000000202,NEW-C_aircraft-01,procurement_required
P16_235_4,G2,C_aircraft,G2-C_aircraft-01,T018,4074.19338151371,6761.824258884327,,,NEW-C_aircraft-01,procurement_required
P16_235_4,G2,C_aircraft,G2-C_aircraft-02,T014_2,2952.606730665684,5257.790795633526,,,NEW-C_aircraft-02,procurement_required
P16_235_4,G2,A_batteries,G2-A_batteries-01,T007_HARD,0.0,2761.062337358848,T014_1,1243.0669141885128,A02,existing
P16_235_4,G2,A_batteries,G2-A_batteries-01,T014_1,4004.1292515473606,6815.081680695524,,,A02,existing
P16_235_4,G2,A_batteries,G2-A_batteries-02,T007_SOFT,0.0,2779.9496716386757,T016,1510.6220274329735,A03,existing
P16_235_4,G2,A_batteries,G2-A_batteries-02,T016,4290.571699071649,7122.3061158963155,,,A03,existing
P16_235_4,G2,A_batteries,G2-A_batteries-03,T004,2004.1116402352573,5653.515220850031,,,A04,existing
P16_235_4,G2,A_batteries,G2-A_batteries-04,T022,2034.1116402352575,4901.140633153662,,,A05,existing
P16_235_4,G2,A_batteries,G2-A_batteries-05,T007,3902.1292515473624,7963.433611739875,,,A06,existing
P16_235_4,G2,A_batteries,G2-A_batteries-06,T020,3922.129251547361,7132.339749211256,,,NEW-A_batteries-01,procurement_required
P16_235_4,G2,B_batteries,G2-B_batteries-01,T002_2,0.0,2956.647180248775,T013,108.89377143908632,B01,existing
P16_235_4,G2,B_batteries,G2-B_batteries-01,T013,3065.5409516878613,6982.827850660446,,,B01,existing
P16_235_4,G2,B_batteries,G2-B_batteries-02,T011,0.0,3808.1313217671122,T021,5.000100000000202,B02,existing
P16_235_4,G2,B_batteries,G2-B_batteries-02,T021,3813.1314217671124,7578.354845171716,,,B02,existing
P16_235_4,G2,B_batteries,G2-B_batteries-03,T015,1505.9694925601793,4516.326993610754,T019_1,512.2553295641028,B03,existing
P16_235_4,G2,B_batteries,G2-B_batteries-03,T019_1,5028.582323174856,8012.288751525202,,,B03,existing
P16_235_4,G2,B_batteries,G2-B_batteries-04,T008,1949.0245440219894,5382.225397256939,,,B04,existing
P16_235_4,G2,C_batteries,G2-C_batteries-01,T012,1954.111640235257,6561.858998965378,,,C03,existing
P16_235_4,G2,C_batteries,G2-C_batteries-02,T014_2,2952.606730665684,7764.037455028012,,,C04,existing
P16_235_4,G2,C_batteries,G2-C_batteries-03,T018,4074.19338151371,9324.985225954879,,,NEW-C_batteries-01,procurement_required
P16_235_4,G2,relay_aircraft,G2-relay_aircraft-01,R004,96.18236555369127,4137.266470460487,R002,5.000100116283647,R01,existing
P16_235_4,G2,relay_aircraft,G2-relay_aircraft-01,R002,4142.26657057677,7037.879962031191,,,R01,existing
P16_235_4,G2,relay_aircraft,G2-relay_aircraft-02,R001,190.13731902940862,1999.297638856333,R003,5.000100000000884,R02,existing
P16_235_4,G2,relay_aircraft,G2-relay_aircraft-02,R003,2004.2977388563338,6244.037452916951,,,R02,existing
P16_235_4,G2,relay_components,G2-relay_components-01,R004,96.18236555369127,4763.024275968738,,,RE01,existing
P16_235_4,G2,relay_components,G2-relay_components-02,R001,190.13731902940862,2344.3073253046314,R002,1797.959245272139,RE02,existing
P16_235_4,G2,relay_components,G2-relay_components-02,R002,4142.26657057677,7517.75318080825,,,RE02,existing
P16_235_4,G2,relay_components,G2-relay_components-03,R003,2004.2977388563338,6902.075499094418,,,RE03,existing
P16_235_4,G3,A_aircraft,G3-A_aircraft-01,T009,0.0,1316.0142144169886,,,NEW-A_aircraft-02,procurement_required
P16_235_4,G3,C_aircraft,G3-C_aircraft-01,T010_2,1434.4262775174655,2867.4613603954576,,,NEW-C_aircraft-03,procurement_required
P16_235_4,G3,A_batteries,G3-A_batteries-01,T009,0.0,2194.736329391266,,,NEW-A_batteries-02,procurement_required
P16_235_4,G3,C_batteries,G3-C_batteries-01,T010_2,1434.4262775174655,4330.702121185847,,,NEW-C_batteries-02,procurement_required
P1_2356_4,G1,A_aircraft,G1-A_aircraft-01,T005,0.0,1312.470877312685,,,U01,existing
P1_2356_4,G1,C_aircraft,G1-C_aircraft-01,T001,0.0,1561.4261775174655,,,U07,existing
P1_2356_4,G1,C_aircraft,G1-C_aircraft-02,T003,0.0,1429.4261775174655,,,U08,existing
P1_2356_4,G1,A_batteries,G1-A_batteries-01,T005,0.0,2178.7887122874713,,,A01,existing
P1_2356_4,G1,C_batteries,G1-C_batteries-01,T001,0.0,3150.0928537629516,,,C01,existing
P1_2356_4,G1,C_batteries,G1-C_batteries-02,T003,0.0,2947.606630665684,,,C02,existing
P1_2356_4,G2,A_aircraft,G2-A_aircraft-01,T007_HARD,0.0,1712.4416357195464,T022,321.67000451571107,U02,existing
P1_2356_4,G2,A_aircraft,G2-A_aircraft-01,T022,2034.1116402352575,3725.6461264742065,T007,176.48312507315586,U02,existing
P1_2356_4,G2,A_aircraft,G2-A_aircraft-01,T007,3902.1292515473624,6510.170148656284,,,U02,existing
P1_2356_4,G2,A_aircraft,G2-A_aircraft-02,T007_SOFT,0.0,1712.4416357195464,T004,291.67000451571084,U03,existing
P1_2356_4,G2,A_aircraft,G2-A_aircraft-02,T004,2004.1116402352573,4285.571599071649,T016,5.000100000000202,U03,existing
P1_2356_4,G2,A_aircraft,G2-A_aircraft-02,T016,4290.571699071649,5986.329803740114,,,U03,existing
P1_2356_4,G2,A_aircraft,G2-A_aircraft-03,T020,3922.129251547361,5892.33909852418,,,U04,existing
P1_2356_4,G2,A_aircraft,G2-A_aircraft-04,T014_1,4004.1292515473606,5699.887356215825,,,NEW-A_aircraft-01,procurement_required
P1_2356_4,G2,B_aircraft,G2-B_aircraft-01,T002_2,0.0,1500.9693925601796,T015,5.0000999999997475,U05,existing
P1_2356_4,G2,B_aircraft,G2-B_aircraft-01,T015,1505.9694925601793,3060.540851687861,T013,5.000100000000202,U05,existing
P1_2356_4,G2,B_aircraft,G2-B_aircraft-01,T013,3065.5409516878613,5023.582223174855,T019_1,5.000100000001112,U05,existing
P1_2356_4,G2,B_aircraft,G2-B_aircraft-01,T019_1,5028.582323174856,6547.606667586711,,,U05,existing
P1_2356_4,G2,B_aircraft,G2-B_aircraft-02,T011,0.0,1944.0244440219892,T008,5.000100000000202,U06,existing
P1_2356_4,G2,B_aircraft,G2-B_aircraft-02,T008,1949.0245440219894,3793.5634341775567,T021,19.56798758955574,U06,existing
P1_2356_4,G2,B_aircraft,G2-B_aircraft-02,T021,3813.1314217671124,5711.172693254107,,,U06,existing
P1_2356_4,G2,C_aircraft,G2-C_aircraft-01,T012,1954.111640235257,4069.1932815137097,T018,5.000100000000202,NEW-C_aircraft-01,procurement_required
P1_2356_4,G2,C_aircraft,G2-C_aircraft-01,T018,4074.19338151371,6761.824258884327,,,NEW-C_aircraft-01,procurement_required
P1_2356_4,G2,C_aircraft,G2-C_aircraft-02,T014_2,2952.606730665684,5257.790795633526,T006,5.000100000000202,NEW-C_aircraft-02,procurement_required
P1_2356_4,G2,C_aircraft,G2-C_aircraft-02,T006,5262.790895633526,6542.241766493663,,,NEW-C_aircraft-02,procurement_required
P1_2356_4,G2,A_batteries,G2-A_batteries-01,T007_HARD,0.0,2761.062337358848,T014_1,1243.0669141885128,A02,existing
P1_2356_4,G2,A_batteries,G2-A_batteries-01,T014_1,4004.1292515473606,6815.081680695524,,,A02,existing
P1_2356_4,G2,A_batteries,G2-A_batteries-02,T007_SOFT,0.0,2779.9496716386757,T016,1510.6220274329735,A03,existing
P1_2356_4,G2,A_batteries,G2-A_batteries-02,T016,4290.571699071649,7122.3061158963155,,,A03,existing
P1_2356_4,G2,A_batteries,G2-A_batteries-03,T004,2004.1116402352573,5653.515220850031,,,A04,existing
P1_2356_4,G2,A_batteries,G2-A_batteries-04,T022,2034.1116402352575,4901.140633153662,,,A05,existing
P1_2356_4,G2,A_batteries,G2-A_batteries-05,T007,3902.1292515473624,7963.433611739875,,,A06,existing
P1_2356_4,G2,A_batteries,G2-A_batteries-06,T020,3922.129251547361,7132.339749211256,,,NEW-A_batteries-01,procurement_required
P1_2356_4,G2,B_batteries,G2-B_batteries-01,T002_2,0.0,2956.647180248775,T013,108.89377143908632,B01,existing
P1_2356_4,G2,B_batteries,G2-B_batteries-01,T013,3065.5409516878613,6982.827850660446,,,B01,existing
P1_2356_4,G2,B_batteries,G2-B_batteries-02,T011,0.0,3808.1313217671122,T021,5.000100000000202,B02,existing
P1_2356_4,G2,B_batteries,G2-B_batteries-02,T021,3813.1314217671124,7578.354845171716,,,B02,existing
P1_2356_4,G2,B_batteries,G2-B_batteries-03,T015,1505.9694925601793,4516.326993610754,T019_1,512.2553295641028,B03,existing
P1_2356_4,G2,B_batteries,G2-B_batteries-03,T019_1,5028.582323174856,8012.288751525202,,,B03,existing
P1_2356_4,G2,B_batteries,G2-B_batteries-04,T008,1949.0245440219894,5382.225397256939,,,B04,existing
P1_2356_4,G2,C_batteries,G2-C_batteries-01,T012,1954.111640235257,6561.858998965378,,,C03,existing
P1_2356_4,G2,C_batteries,G2-C_batteries-02,T014_2,2952.606730665684,7764.037455028012,,,C04,existing
P1_2356_4,G2,C_batteries,G2-C_batteries-03,T018,4074.19338151371,9324.985225954879,,,NEW-C_batteries-01,procurement_required
P1_2356_4,G2,C_batteries,G2-C_batteries-04,T006,5262.790895633526,7891.7506752339295,,,NEW-C_batteries-02,procurement_required
P1_2356_4,G2,relay_aircraft,G2-relay_aircraft-01,R004,96.18236555369127,4137.266470460487,R002,5.000100116283647,R01,existing
P1_2356_4,G2,relay_aircraft,G2-relay_aircraft-01,R002,4142.26657057677,7037.879962031191,,,R01,existing
P1_2356_4,G2,relay_aircraft,G2-relay_aircraft-02,R001,190.13731902940862,1999.297638856333,R003,5.000100000000884,R02,existing
P1_2356_4,G2,relay_aircraft,G2-relay_aircraft-02,R003,2004.2977388563338,6244.037452916951,,,R02,existing
P1_2356_4,G2,relay_components,G2-relay_components-01,R004,96.18236555369127,4763.024275968738,,,RE01,existing
P1_2356_4,G2,relay_components,G2-relay_components-02,R001,190.13731902940862,2344.3073253046314,R002,1797.959245272139,RE02,existing
P1_2356_4,G2,relay_components,G2-relay_components-02,R002,4142.26657057677,7517.75318080825,,,RE02,existing
P1_2356_4,G2,relay_components,G2-relay_components-03,R003,2004.2977388563338,6902.075499094418,,,RE03,existing
P1_2356_4,G3,A_aircraft,G3-A_aircraft-01,T009,0.0,1316.0142144169886,,,NEW-A_aircraft-02,procurement_required
P1_2356_4,G3,C_aircraft,G3-C_aircraft-01,T010_2,1434.4262775174655,2867.4613603954576,,,NEW-C_aircraft-03,procurement_required
P1_2356_4,G3,A_batteries,G3-A_batteries-01,T009,0.0,2194.736329391266,,,NEW-A_batteries-02,procurement_required
P1_2356_4,G3,C_batteries,G3-C_batteries-01,T010_2,1434.4262775174655,4330.702121185847,,,NEW-C_batteries-03,procurement_required
P1_235_46,G1,A_aircraft,G1-A_aircraft-01,T005,0.0,1312.470877312685,,,U01,existing
P1_235_46,G1,C_aircraft,G1-C_aircraft-01,T001,0.0,1561.4261775174655,,,U07,existing
P1_235_46,G1,C_aircraft,G1-C_aircraft-02,T003,0.0,1429.4261775174655,,,U08,existing
P1_235_46,G1,A_batteries,G1-A_batteries-01,T005,0.0,2178.7887122874713,,,A01,existing
P1_235_46,G1,C_batteries,G1-C_batteries-01,T001,0.0,3150.0928537629516,,,C01,existing
P1_235_46,G1,C_batteries,G1-C_batteries-02,T003,0.0,2947.606630665684,,,C02,existing
P1_235_46,G2,A_aircraft,G2-A_aircraft-01,T007_HARD,0.0,1712.4416357195464,T022,321.67000451571107,U02,existing
P1_235_46,G2,A_aircraft,G2-A_aircraft-01,T022,2034.1116402352575,3725.6461264742065,T007,176.48312507315586,U02,existing
P1_235_46,G2,A_aircraft,G2-A_aircraft-01,T007,3902.1292515473624,6510.170148656284,,,U02,existing
P1_235_46,G2,A_aircraft,G2-A_aircraft-02,T007_SOFT,0.0,1712.4416357195464,T004,291.67000451571084,U03,existing
P1_235_46,G2,A_aircraft,G2-A_aircraft-02,T004,2004.1116402352573,4285.571599071649,T016,5.000100000000202,U03,existing
P1_235_46,G2,A_aircraft,G2-A_aircraft-02,T016,4290.571699071649,5986.329803740114,,,U03,existing
P1_235_46,G2,A_aircraft,G2-A_aircraft-03,T020,3922.129251547361,5892.33909852418,,,U04,existing
P1_235_46,G2,A_aircraft,G2-A_aircraft-04,T014_1,4004.1292515473606,5699.887356215825,,,NEW-A_aircraft-01,procurement_required
P1_235_46,G2,B_aircraft,G2-B_aircraft-01,T002_2,0.0,1500.9693925601796,T015,5.0000999999997475,U05,existing
P1_235_46,G2,B_aircraft,G2-B_aircraft-01,T015,1505.9694925601793,3060.540851687861,T013,5.000100000000202,U05,existing
P1_235_46,G2,B_aircraft,G2-B_aircraft-01,T013,3065.5409516878613,5023.582223174855,T019_1,5.000100000001112,U05,existing
P1_235_46,G2,B_aircraft,G2-B_aircraft-01,T019_1,5028.582323174856,6547.606667586711,,,U05,existing
P1_235_46,G2,B_aircraft,G2-B_aircraft-02,T011,0.0,1944.0244440219892,T008,5.000100000000202,U06,existing
P1_235_46,G2,B_aircraft,G2-B_aircraft-02,T008,1949.0245440219894,3793.5634341775567,T021,19.56798758955574,U06,existing
P1_235_46,G2,B_aircraft,G2-B_aircraft-02,T021,3813.1314217671124,5711.172693254107,,,U06,existing
P1_235_46,G2,C_aircraft,G2-C_aircraft-01,T012,1954.111640235257,4069.1932815137097,T018,5.000100000000202,NEW-C_aircraft-01,procurement_required
P1_235_46,G2,C_aircraft,G2-C_aircraft-01,T018,4074.19338151371,6761.824258884327,,,NEW-C_aircraft-01,procurement_required
P1_235_46,G2,C_aircraft,G2-C_aircraft-02,T014_2,2952.606730665684,5257.790795633526,,,NEW-C_aircraft-02,procurement_required
P1_235_46,G2,A_batteries,G2-A_batteries-01,T007_HARD,0.0,2761.062337358848,T014_1,1243.0669141885128,A02,existing
P1_235_46,G2,A_batteries,G2-A_batteries-01,T014_1,4004.1292515473606,6815.081680695524,,,A02,existing
P1_235_46,G2,A_batteries,G2-A_batteries-02,T007_SOFT,0.0,2779.9496716386757,T016,1510.6220274329735,A03,existing
P1_235_46,G2,A_batteries,G2-A_batteries-02,T016,4290.571699071649,7122.3061158963155,,,A03,existing
P1_235_46,G2,A_batteries,G2-A_batteries-03,T004,2004.1116402352573,5653.515220850031,,,A04,existing
P1_235_46,G2,A_batteries,G2-A_batteries-04,T022,2034.1116402352575,4901.140633153662,,,A05,existing
P1_235_46,G2,A_batteries,G2-A_batteries-05,T007,3902.1292515473624,7963.433611739875,,,A06,existing
P1_235_46,G2,A_batteries,G2-A_batteries-06,T020,3922.129251547361,7132.339749211256,,,NEW-A_batteries-01,procurement_required
P1_235_46,G2,B_batteries,G2-B_batteries-01,T002_2,0.0,2956.647180248775,T013,108.89377143908632,B01,existing
P1_235_46,G2,B_batteries,G2-B_batteries-01,T013,3065.5409516878613,6982.827850660446,,,B01,existing
P1_235_46,G2,B_batteries,G2-B_batteries-02,T011,0.0,3808.1313217671122,T021,5.000100000000202,B02,existing
P1_235_46,G2,B_batteries,G2-B_batteries-02,T021,3813.1314217671124,7578.354845171716,,,B02,existing
P1_235_46,G2,B_batteries,G2-B_batteries-03,T015,1505.9694925601793,4516.326993610754,T019_1,512.2553295641028,B03,existing
P1_235_46,G2,B_batteries,G2-B_batteries-03,T019_1,5028.582323174856,8012.288751525202,,,B03,existing
P1_235_46,G2,B_batteries,G2-B_batteries-04,T008,1949.0245440219894,5382.225397256939,,,B04,existing
P1_235_46,G2,C_batteries,G2-C_batteries-01,T012,1954.111640235257,6561.858998965378,,,C03,existing
P1_235_46,G2,C_batteries,G2-C_batteries-02,T014_2,2952.606730665684,7764.037455028012,,,C04,existing
P1_235_46,G2,C_batteries,G2-C_batteries-03,T018,4074.19338151371,9324.985225954879,,,NEW-C_batteries-01,procurement_required
P1_235_46,G2,relay_aircraft,G2-relay_aircraft-01,R004,96.18236555369127,4137.266470460487,R002,5.000100116283647,R01,existing
P1_235_46,G2,relay_aircraft,G2-relay_aircraft-01,R002,4142.26657057677,7037.879962031191,,,R01,existing
P1_235_46,G2,relay_aircraft,G2-relay_aircraft-02,R001,190.13731902940862,1999.297638856333,R003,5.000100000000884,R02,existing
P1_235_46,G2,relay_aircraft,G2-relay_aircraft-02,R003,2004.2977388563338,6244.037452916951,,,R02,existing
P1_235_46,G2,relay_components,G2-relay_components-01,R004,96.18236555369127,4763.024275968738,,,RE01,existing
P1_235_46,G2,relay_components,G2-relay_components-02,R001,190.13731902940862,2344.3073253046314,R002,1797.959245272139,RE02,existing
P1_235_46,G2,relay_components,G2-relay_components-02,R002,4142.26657057677,7517.75318080825,,,RE02,existing
P1_235_46,G2,relay_components,G2-relay_components-03,R003,2004.2977388563338,6902.075499094418,,,RE03,existing
P1_235_46,G3,A_aircraft,G3-A_aircraft-01,T009,0.0,1316.0142144169886,,,NEW-A_aircraft-02,procurement_required
P1_235_46,G3,C_aircraft,G3-C_aircraft-01,T010_2,1434.4262775174655,2867.4613603954576,T006,2395.3295352380683,NEW-C_aircraft-03,procurement_required
P1_235_46,G3,C_aircraft,G3-C_aircraft-01,T006,5262.790895633526,6542.241766493663,,,NEW-C_aircraft-03,procurement_required
P1_235_46,G3,A_batteries,G3-A_batteries-01,T009,0.0,2194.736329391266,,,NEW-A_batteries-02,procurement_required
P1_235_46,G3,C_batteries,G3-C_batteries-01,T010_2,1434.4262775174655,4330.702121185847,T006,932.0887744476786,NEW-C_batteries-02,procurement_required
P1_235_46,G3,C_batteries,G3-C_batteries-01,T006,5262.790895633526,7891.7506752339295,,,NEW-C_batteries-02,procurement_required
P16_23_45,G1,A_aircraft,G1-A_aircraft-01,T005,0.0,1312.470877312685,,,U01,existing
P16_23_45,G1,C_aircraft,G1-C_aircraft-01,T001,0.0,1561.4261775174655,,,U07,existing
P16_23_45,G1,C_aircraft,G1-C_aircraft-02,T003,0.0,1429.4261775174655,T006,3833.3647181160604,U08,existing
P16_23_45,G1,C_aircraft,G1-C_aircraft-02,T006,5262.790895633526,6542.241766493663,,,U08,existing
P16_23_45,G1,A_batteries,G1-A_batteries-01,T005,0.0,2178.7887122874713,,,A01,existing
P16_23_45,G1,C_batteries,G1-C_batteries-01,T001,0.0,3150.0928537629516,,,C01,existing
P16_23_45,G1,C_batteries,G1-C_batteries-02,T003,0.0,2947.606630665684,T006,2315.184264967842,C02,existing
P16_23_45,G1,C_batteries,G1-C_batteries-02,T006,5262.790895633526,7891.7506752339295,,,C02,existing
P16_23_45,G2,A_aircraft,G2-A_aircraft-01,T007_HARD,0.0,1712.4416357195464,T022,321.67000451571107,U02,existing
P16_23_45,G2,A_aircraft,G2-A_aircraft-01,T022,2034.1116402352575,3725.6461264742065,T007,176.48312507315586,U02,existing
P16_23_45,G2,A_aircraft,G2-A_aircraft-01,T007,3902.1292515473624,6510.170148656284,,,U02,existing
P16_23_45,G2,A_aircraft,G2-A_aircraft-02,T007_SOFT,0.0,1712.4416357195464,T004,291.67000451571084,U03,existing
P16_23_45,G2,A_aircraft,G2-A_aircraft-02,T004,2004.1116402352573,4285.571599071649,T016,5.000100000000202,U03,existing
P16_23_45,G2,A_aircraft,G2-A_aircraft-02,T016,4290.571699071649,5986.329803740114,,,U03,existing
P16_23_45,G2,A_aircraft,G2-A_aircraft-03,T020,3922.129251547361,5892.33909852418,,,U04,existing
P16_23_45,G2,A_aircraft,G2-A_aircraft-04,T014_1,4004.1292515473606,5699.887356215825,,,NEW-A_aircraft-01,procurement_required
P16_23_45,G2,B_aircraft,G2-B_aircraft-01,T013,3065.5409516878613,5023.582223174855,T019_1,5.000100000001112,U05,existing
P16_23_45,G2,B_aircraft,G2-B_aircraft-01,T019_1,5028.582323174856,6547.606667586711,,,U05,existing
P16_23_45,G2,B_aircraft,G2-B_aircraft-02,T021,3813.1314217671124,5711.172693254107,,,U06,existing
P16_23_45,G2,C_aircraft,G2-C_aircraft-01,T012,1954.111640235257,4069.1932815137097,T018,5.000100000000202,NEW-C_aircraft-01,procurement_required
P16_23_45,G2,C_aircraft,G2-C_aircraft-01,T018,4074.19338151371,6761.824258884327,,,NEW-C_aircraft-01,procurement_required
P16_23_45,G2,C_aircraft,G2-C_aircraft-02,T014_2,2952.606730665684,5257.790795633526,,,NEW-C_aircraft-02,procurement_required
P16_23_45,G2,A_batteries,G2-A_batteries-01,T007_HARD,0.0,2761.062337358848,T014_1,1243.0669141885128,A02,existing
P16_23_45,G2,A_batteries,G2-A_batteries-01,T014_1,4004.1292515473606,6815.081680695524,,,A02,existing
P16_23_45,G2,A_batteries,G2-A_batteries-02,T007_SOFT,0.0,2779.9496716386757,T016,1510.6220274329735,A03,existing
P16_23_45,G2,A_batteries,G2-A_batteries-02,T016,4290.571699071649,7122.3061158963155,,,A03,existing
P16_23_45,G2,A_batteries,G2-A_batteries-03,T004,2004.1116402352573,5653.515220850031,,,A04,existing
P16_23_45,G2,A_batteries,G2-A_batteries-04,T022,2034.1116402352575,4901.140633153662,,,A05,existing
P16_23_45,G2,A_batteries,G2-A_batteries-05,T007,3902.1292515473624,7963.433611739875,,,A06,existing
P16_23_45,G2,A_batteries,G2-A_batteries-06,T020,3922.129251547361,7132.339749211256,,,NEW-A_batteries-01,procurement_required
P16_23_45,G2,B_batteries,G2-B_batteries-01,T013,3065.5409516878613,6982.827850660446,,,B01,existing
P16_23_45,G2,B_batteries,G2-B_batteries-02,T021,3813.1314217671124,7578.354845171716,,,B02,existing
P16_23_45,G2,B_batteries,G2-B_batteries-03,T019_1,5028.582323174856,8012.288751525202,,,B03,existing
P16_23_45,G2,C_batteries,G2-C_batteries-01,T012,1954.111640235257,6561.858998965378,,,C03,existing
P16_23_45,G2,C_batteries,G2-C_batteries-02,T014_2,2952.606730665684,7764.037455028012,,,C04,existing
P16_23_45,G2,C_batteries,G2-C_batteries-03,T018,4074.19338151371,9324.985225954879,,,NEW-C_batteries-01,procurement_required
P16_23_45,G2,relay_aircraft,G2-relay_aircraft-01,R001,190.13731902940862,1999.297638856333,R002,2142.9689317204375,R01,existing
P16_23_45,G2,relay_aircraft,G2-relay_aircraft-01,R002,4142.26657057677,7037.879962031191,,,R01,existing
P16_23_45,G2,relay_aircraft,G2-relay_aircraft-02,R003,2004.2977388563338,6244.037452916951,,,R02,existing
P16_23_45,G2,relay_components,G2-relay_components-01,R001,190.13731902940862,2344.3073253046314,R002,1797.959245272139,RE01,existing
P16_23_45,G2,relay_components,G2-relay_components-01,R002,4142.26657057677,7517.75318080825,,,RE01,existing
P16_23_45,G2,relay_components,G2-relay_components-02,R003,2004.2977388563338,6902.075499094418,,,RE02,existing
P16_23_45,G3,A_aircraft,G3-A_aircraft-01,T009,0.0,1316.0142144169886,,,NEW-A_aircraft-02,procurement_required
P16_23_45,G3,B_aircraft,G3-B_aircraft-01,T002_2,0.0,1500.9693925601796,T015,5.0000999999997475,NEW-B_aircraft-01,procurement_required
P16_23_45,G3,B_aircraft,G3-B_aircraft-01,T015,1505.9694925601793,3060.540851687861,,,NEW-B_aircraft-01,procurement_required
P16_23_45,G3,B_aircraft,G3-B_aircraft-02,T011,0.0,1944.0244440219892,T008,5.000100000000202,NEW-B_aircraft-02,procurement_required
P16_23_45,G3,B_aircraft,G3-B_aircraft-02,T008,1949.0245440219894,3793.5634341775567,,,NEW-B_aircraft-02,procurement_required
P16_23_45,G3,C_aircraft,G3-C_aircraft-01,T010_2,1434.4262775174655,2867.4613603954576,,,NEW-C_aircraft-03,procurement_required
P16_23_45,G3,A_batteries,G3-A_batteries-01,T009,0.0,2194.736329391266,,,NEW-A_batteries-02,procurement_required
P16_23_45,G3,B_batteries,G3-B_batteries-01,T002_2,0.0,2956.647180248775,,,B04,existing
P16_23_45,G3,B_batteries,G3-B_batteries-02,T011,0.0,3808.1313217671122,,,NEW-B_batteries-01,procurement_required
P16_23_45,G3,B_batteries,G3-B_batteries-03,T015,1505.9694925601793,4516.326993610754,,,NEW-B_batteries-02,procurement_required
P16_23_45,G3,B_batteries,G3-B_batteries-04,T008,1949.0245440219894,5382.225397256939,,,NEW-B_batteries-03,procurement_required
P16_23_45,G3,C_batteries,G3-C_batteries-01,T010_2,1434.4262775174655,4330.702121185847,,,NEW-C_batteries-02,procurement_required
P16_23_45,G3,relay_aircraft,G3-relay_aircraft-01,R004,96.18236555369127,4137.266470460487,,,NEW-relay_aircraft-01,procurement_required
P16_23_45,G3,relay_components,G3-relay_components-01,R004,96.18236555369127,4763.024275968738,,,RE03,existing
P1_236_45,G1,A_aircraft,G1-A_aircraft-01,T005,0.0,1312.470877312685,,,U01,existing
P1_236_45,G1,C_aircraft,G1-C_aircraft-01,T001,0.0,1561.4261775174655,,,U07,existing
P1_236_45,G1,C_aircraft,G1-C_aircraft-02,T003,0.0,1429.4261775174655,,,U08,existing
P1_236_45,G1,A_batteries,G1-A_batteries-01,T005,0.0,2178.7887122874713,,,A01,existing
P1_236_45,G1,C_batteries,G1-C_batteries-01,T001,0.0,3150.0928537629516,,,C01,existing
P1_236_45,G1,C_batteries,G1-C_batteries-02,T003,0.0,2947.606630665684,,,C02,existing
P1_236_45,G2,A_aircraft,G2-A_aircraft-01,T007_HARD,0.0,1712.4416357195464,T022,321.67000451571107,U02,existing
P1_236_45,G2,A_aircraft,G2-A_aircraft-01,T022,2034.1116402352575,3725.6461264742065,T007,176.48312507315586,U02,existing
P1_236_45,G2,A_aircraft,G2-A_aircraft-01,T007,3902.1292515473624,6510.170148656284,,,U02,existing
P1_236_45,G2,A_aircraft,G2-A_aircraft-02,T007_SOFT,0.0,1712.4416357195464,T004,291.67000451571084,U03,existing
P1_236_45,G2,A_aircraft,G2-A_aircraft-02,T004,2004.1116402352573,4285.571599071649,T016,5.000100000000202,U03,existing
P1_236_45,G2,A_aircraft,G2-A_aircraft-02,T016,4290.571699071649,5986.329803740114,,,U03,existing
P1_236_45,G2,A_aircraft,G2-A_aircraft-03,T020,3922.129251547361,5892.33909852418,,,U04,existing
P1_236_45,G2,A_aircraft,G2-A_aircraft-04,T014_1,4004.1292515473606,5699.887356215825,,,NEW-A_aircraft-01,procurement_required
P1_236_45,G2,B_aircraft,G2-B_aircraft-01,T013,3065.5409516878613,5023.582223174855,T019_1,5.000100000001112,U05,existing
P1_236_45,G2,B_aircraft,G2-B_aircraft-01,T019_1,5028.582323174856,6547.606667586711,,,U05,existing
P1_236_45,G2,B_aircraft,G2-B_aircraft-02,T021,3813.1314217671124,5711.172693254107,,,U06,existing
P1_236_45,G2,C_aircraft,G2-C_aircraft-01,T012,1954.111640235257,4069.1932815137097,T018,5.000100000000202,NEW-C_aircraft-01,procurement_required
P1_236_45,G2,C_aircraft,G2-C_aircraft-01,T018,4074.19338151371,6761.824258884327,,,NEW-C_aircraft-01,procurement_required
P1_236_45,G2,C_aircraft,G2-C_aircraft-02,T014_2,2952.606730665684,5257.790795633526,T006,5.000100000000202,NEW-C_aircraft-02,procurement_required
P1_236_45,G2,C_aircraft,G2-C_aircraft-02,T006,5262.790895633526,6542.241766493663,,,NEW-C_aircraft-02,procurement_required
P1_236_45,G2,A_batteries,G2-A_batteries-01,T007_HARD,0.0,2761.062337358848,T014_1,1243.0669141885128,A02,existing
P1_236_45,G2,A_batteries,G2-A_batteries-01,T014_1,4004.1292515473606,6815.081680695524,,,A02,existing
P1_236_45,G2,A_batteries,G2-A_batteries-02,T007_SOFT,0.0,2779.9496716386757,T016,1510.6220274329735,A03,existing
P1_236_45,G2,A_batteries,G2-A_batteries-02,T016,4290.571699071649,7122.3061158963155,,,A03,existing
P1_236_45,G2,A_batteries,G2-A_batteries-03,T004,2004.1116402352573,5653.515220850031,,,A04,existing
P1_236_45,G2,A_batteries,G2-A_batteries-04,T022,2034.1116402352575,4901.140633153662,,,A05,existing
P1_236_45,G2,A_batteries,G2-A_batteries-05,T007,3902.1292515473624,7963.433611739875,,,A06,existing
P1_236_45,G2,A_batteries,G2-A_batteries-06,T020,3922.129251547361,7132.339749211256,,,NEW-A_batteries-01,procurement_required
P1_236_45,G2,B_batteries,G2-B_batteries-01,T013,3065.5409516878613,6982.827850660446,,,B01,existing
P1_236_45,G2,B_batteries,G2-B_batteries-02,T021,3813.1314217671124,7578.354845171716,,,B02,existing
P1_236_45,G2,B_batteries,G2-B_batteries-03,T019_1,5028.582323174856,8012.288751525202,,,B03,existing
P1_236_45,G2,C_batteries,G2-C_batteries-01,T012,1954.111640235257,6561.858998965378,,,C03,existing
P1_236_45,G2,C_batteries,G2-C_batteries-02,T014_2,2952.606730665684,7764.037455028012,,,C04,existing
P1_236_45,G2,C_batteries,G2-C_batteries-03,T018,4074.19338151371,9324.985225954879,,,NEW-C_batteries-01,procurement_required
P1_236_45,G2,C_batteries,G2-C_batteries-04,T006,5262.790895633526,7891.7506752339295,,,NEW-C_batteries-02,procurement_required
P1_236_45,G2,relay_aircraft,G2-relay_aircraft-01,R001,190.13731902940862,1999.297638856333,R002,2142.9689317204375,R01,existing
P1_236_45,G2,relay_aircraft,G2-relay_aircraft-01,R002,4142.26657057677,7037.879962031191,,,R01,existing
P1_236_45,G2,relay_aircraft,G2-relay_aircraft-02,R003,2004.2977388563338,6244.037452916951,,,R02,existing
P1_236_45,G2,relay_components,G2-relay_components-01,R001,190.13731902940862,2344.3073253046314,R002,1797.959245272139,RE01,existing
P1_236_45,G2,relay_components,G2-relay_components-01,R002,4142.26657057677,7517.75318080825,,,RE01,existing
P1_236_45,G2,relay_components,G2-relay_components-02,R003,2004.2977388563338,6902.075499094418,,,RE02,existing
P1_236_45,G3,A_aircraft,G3-A_aircraft-01,T009,0.0,1316.0142144169886,,,NEW-A_aircraft-02,procurement_required
P1_236_45,G3,B_aircraft,G3-B_aircraft-01,T002_2,0.0,1500.9693925601796,T015,5.0000999999997475,NEW-B_aircraft-01,procurement_required
P1_236_45,G3,B_aircraft,G3-B_aircraft-01,T015,1505.9694925601793,3060.540851687861,,,NEW-B_aircraft-01,procurement_required
P1_236_45,G3,B_aircraft,G3-B_aircraft-02,T011,0.0,1944.0244440219892,T008,5.000100000000202,NEW-B_aircraft-02,procurement_required
P1_236_45,G3,B_aircraft,G3-B_aircraft-02,T008,1949.0245440219894,3793.5634341775567,,,NEW-B_aircraft-02,procurement_required
P1_236_45,G3,C_aircraft,G3-C_aircraft-01,T010_2,1434.4262775174655,2867.4613603954576,,,NEW-C_aircraft-03,procurement_required
P1_236_45,G3,A_batteries,G3-A_batteries-01,T009,0.0,2194.736329391266,,,NEW-A_batteries-02,procurement_required
P1_236_45,G3,B_batteries,G3-B_batteries-01,T002_2,0.0,2956.647180248775,,,B04,existing
P1_236_45,G3,B_batteries,G3-B_batteries-02,T011,0.0,3808.1313217671122,,,NEW-B_batteries-01,procurement_required
P1_236_45,G3,B_batteries,G3-B_batteries-03,T015,1505.9694925601793,4516.326993610754,,,NEW-B_batteries-02,procurement_required
P1_236_45,G3,B_batteries,G3-B_batteries-04,T008,1949.0245440219894,5382.225397256939,,,NEW-B_batteries-03,procurement_required
P1_236_45,G3,C_batteries,G3-C_batteries-01,T010_2,1434.4262775174655,4330.702121185847,,,NEW-C_batteries-03,procurement_required
P1_236_45,G3,relay_aircraft,G3-relay_aircraft-01,R004,96.18236555369127,4137.266470460487,,,NEW-relay_aircraft-01,procurement_required
P1_236_45,G3,relay_components,G3-relay_components-01,R004,96.18236555369127,4763.024275968738,,,RE03,existing
P1_23_456,G1,A_aircraft,G1-A_aircraft-01,T005,0.0,1312.470877312685,,,U01,existing
P1_23_456,G1,C_aircraft,G1-C_aircraft-01,T001,0.0,1561.4261775174655,,,U07,existing
P1_23_456,G1,C_aircraft,G1-C_aircraft-02,T003,0.0,1429.4261775174655,,,U08,existing
P1_23_456,G1,A_batteries,G1-A_batteries-01,T005,0.0,2178.7887122874713,,,A01,existing
P1_23_456,G1,C_batteries,G1-C_batteries-01,T001,0.0,3150.0928537629516,,,C01,existing
P1_23_456,G1,C_batteries,G1-C_batteries-02,T003,0.0,2947.606630665684,,,C02,existing
P1_23_456,G2,A_aircraft,G2-A_aircraft-01,T007_HARD,0.0,1712.4416357195464,T022,321.67000451571107,U02,existing
P1_23_456,G2,A_aircraft,G2-A_aircraft-01,T022,2034.1116402352575,3725.6461264742065,T007,176.48312507315586,U02,existing
P1_23_456,G2,A_aircraft,G2-A_aircraft-01,T007,3902.1292515473624,6510.170148656284,,,U02,existing
P1_23_456,G2,A_aircraft,G2-A_aircraft-02,T007_SOFT,0.0,1712.4416357195464,T004,291.67000451571084,U03,existing
P1_23_456,G2,A_aircraft,G2-A_aircraft-02,T004,2004.1116402352573,4285.571599071649,T016,5.000100000000202,U03,existing
P1_23_456,G2,A_aircraft,G2-A_aircraft-02,T016,4290.571699071649,5986.329803740114,,,U03,existing
P1_23_456,G2,A_aircraft,G2-A_aircraft-03,T020,3922.129251547361,5892.33909852418,,,U04,existing
P1_23_456,G2,A_aircraft,G2-A_aircraft-04,T014_1,4004.1292515473606,5699.887356215825,,,NEW-A_aircraft-01,procurement_required
P1_23_456,G2,B_aircraft,G2-B_aircraft-01,T013,3065.5409516878613,5023.582223174855,T019_1,5.000100000001112,U05,existing
P1_23_456,G2,B_aircraft,G2-B_aircraft-01,T019_1,5028.582323174856,6547.606667586711,,,U05,existing
P1_23_456,G2,B_aircraft,G2-B_aircraft-02,T021,3813.1314217671124,5711.172693254107,,,U06,existing
P1_23_456,G2,C_aircraft,G2-C_aircraft-01,T012,1954.111640235257,4069.1932815137097,T018,5.000100000000202,NEW-C_aircraft-01,procurement_required
P1_23_456,G2,C_aircraft,G2-C_aircraft-01,T018,4074.19338151371,6761.824258884327,,,NEW-C_aircraft-01,procurement_required
P1_23_456,G2,C_aircraft,G2-C_aircraft-02,T014_2,2952.606730665684,5257.790795633526,,,NEW-C_aircraft-02,procurement_required
P1_23_456,G2,A_batteries,G2-A_batteries-01,T007_HARD,0.0,2761.062337358848,T014_1,1243.0669141885128,A02,existing
P1_23_456,G2,A_batteries,G2-A_batteries-01,T014_1,4004.1292515473606,6815.081680695524,,,A02,existing
P1_23_456,G2,A_batteries,G2-A_batteries-02,T007_SOFT,0.0,2779.9496716386757,T016,1510.6220274329735,A03,existing
P1_23_456,G2,A_batteries,G2-A_batteries-02,T016,4290.571699071649,7122.3061158963155,,,A03,existing
P1_23_456,G2,A_batteries,G2-A_batteries-03,T004,2004.1116402352573,5653.515220850031,,,A04,existing
P1_23_456,G2,A_batteries,G2-A_batteries-04,T022,2034.1116402352575,4901.140633153662,,,A05,existing
P1_23_456,G2,A_batteries,G2-A_batteries-05,T007,3902.1292515473624,7963.433611739875,,,A06,existing
P1_23_456,G2,A_batteries,G2-A_batteries-06,T020,3922.129251547361,7132.339749211256,,,NEW-A_batteries-01,procurement_required
P1_23_456,G2,B_batteries,G2-B_batteries-01,T013,3065.5409516878613,6982.827850660446,,,B01,existing
P1_23_456,G2,B_batteries,G2-B_batteries-02,T021,3813.1314217671124,7578.354845171716,,,B02,existing
P1_23_456,G2,B_batteries,G2-B_batteries-03,T019_1,5028.582323174856,8012.288751525202,,,B03,existing
P1_23_456,G2,C_batteries,G2-C_batteries-01,T012,1954.111640235257,6561.858998965378,,,C03,existing
P1_23_456,G2,C_batteries,G2-C_batteries-02,T014_2,2952.606730665684,7764.037455028012,,,C04,existing
P1_23_456,G2,C_batteries,G2-C_batteries-03,T018,4074.19338151371,9324.985225954879,,,NEW-C_batteries-01,procurement_required
P1_23_456,G2,relay_aircraft,G2-relay_aircraft-01,R001,190.13731902940862,1999.297638856333,R002,2142.9689317204375,R01,existing
P1_23_456,G2,relay_aircraft,G2-relay_aircraft-01,R002,4142.26657057677,7037.879962031191,,,R01,existing
P1_23_456,G2,relay_aircraft,G2-relay_aircraft-02,R003,2004.2977388563338,6244.037452916951,,,R02,existing
P1_23_456,G2,relay_components,G2-relay_components-01,R001,190.13731902940862,2344.3073253046314,R002,1797.959245272139,RE01,existing
P1_23_456,G2,relay_components,G2-relay_components-01,R002,4142.26657057677,7517.75318080825,,,RE01,existing
P1_23_456,G2,relay_components,G2-relay_components-02,R003,2004.2977388563338,6902.075499094418,,,RE02,existing
P1_23_456,G3,A_aircraft,G3-A_aircraft-01,T009,0.0,1316.0142144169886,,,NEW-A_aircraft-02,procurement_required
P1_23_456,G3,B_aircraft,G3-B_aircraft-01,T002_2,0.0,1500.9693925601796,T015,5.0000999999997475,NEW-B_aircraft-01,procurement_required
P1_23_456,G3,B_aircraft,G3-B_aircraft-01,T015,1505.9694925601793,3060.540851687861,,,NEW-B_aircraft-01,procurement_required
P1_23_456,G3,B_aircraft,G3-B_aircraft-02,T011,0.0,1944.0244440219892,T008,5.000100000000202,NEW-B_aircraft-02,procurement_required
P1_23_456,G3,B_aircraft,G3-B_aircraft-02,T008,1949.0245440219894,3793.5634341775567,,,NEW-B_aircraft-02,procurement_required
P1_23_456,G3,C_aircraft,G3-C_aircraft-01,T010_2,1434.4262775174655,2867.4613603954576,T006,2395.3295352380683,NEW-C_aircraft-03,procurement_required
P1_23_456,G3,C_aircraft,G3-C_aircraft-01,T006,5262.790895633526,6542.241766493663,,,NEW-C_aircraft-03,procurement_required
P1_23_456,G3,A_batteries,G3-A_batteries-01,T009,0.0,2194.736329391266,,,NEW-A_batteries-02,procurement_required
P1_23_456,G3,B_batteries,G3-B_batteries-01,T002_2,0.0,2956.647180248775,,,B04,existing
P1_23_456,G3,B_batteries,G3-B_batteries-02,T011,0.0,3808.1313217671122,,,NEW-B_batteries-01,procurement_required
P1_23_456,G3,B_batteries,G3-B_batteries-03,T015,1505.9694925601793,4516.326993610754,,,NEW-B_batteries-02,procurement_required
P1_23_456,G3,B_batteries,G3-B_batteries-04,T008,1949.0245440219894,5382.225397256939,,,NEW-B_batteries-03,procurement_required
P1_23_456,G3,C_batteries,G3-C_batteries-01,T010_2,1434.4262775174655,4330.702121185847,T006,932.0887744476786,NEW-C_batteries-02,procurement_required
P1_23_456,G3,C_batteries,G3-C_batteries-01,T006,5262.790895633526,7891.7506752339295,,,NEW-C_batteries-02,procurement_required
P1_23_456,G3,relay_aircraft,G3-relay_aircraft-01,R004,96.18236555369127,4137.266470460487,,,NEW-relay_aircraft-01,procurement_required
P1_23_456,G3,relay_components,G3-relay_components-01,R004,96.18236555369127,4763.024275968738,,,RE03,existing
P1456_2_3,G1,A_aircraft,G1-A_aircraft-01,T005,0.0,1312.470877312685,,,U01,existing
P1456_2_3,G1,A_aircraft,G1-A_aircraft-02,T009,0.0,1316.0142144169886,,,U02,existing
P1456_2_3,G1,B_aircraft,G1-B_aircraft-01,T002_2,0.0,1500.9693925601796,T015,5.0000999999997475,U05,existing
P1456_2_3,G1,B_aircraft,G1-B_aircraft-01,T015,1505.9694925601793,3060.540851687861,,,U05,existing
P1456_2_3,G1,B_aircraft,G1-B_aircraft-02,T011,0.0,1944.0244440219892,T008,5.000100000000202,U06,existing
P1456_2_3,G1,B_aircraft,G1-B_aircraft-02,T008,1949.0245440219894,3793.5634341775567,,,U06,existing
P1456_2_3,G1,C_aircraft,G1-C_aircraft-01,T001,0.0,1561.4261775174655,T006,3701.3647181160604,U07,existing
P1456_2_3,G1,C_aircraft,G1-C_aircraft-01,T006,5262.790895633526,6542.241766493663,,,U07,existing
P1456_2_3,G1,C_aircraft,G1-C_aircraft-02,T003,0.0,1429.4261775174655,T010_2,5.000099999999975,U08,existing
P1456_2_3,G1,C_aircraft,G1-C_aircraft-02,T010_2,1434.4262775174655,2867.4613603954576,,,U08,existing
P1456_2_3,G1,A_batteries,G1-A_batteries-01,T005,0.0,2178.7887122874713,,,A01,existing
P1456_2_3,G1,A_batteries,G1-A_batteries-02,T009,0.0,2194.736329391266,,,A02,existing
P1456_2_3,G1,B_batteries,G1-B_batteries-01,T002_2,0.0,2956.647180248775,,,B01,existing
P1456_2_3,G1,B_batteries,G1-B_batteries-02,T011,0.0,3808.1313217671122,,,B02,existing
P1456_2_3,G1,B_batteries,G1-B_batteries-03,T015,1505.9694925601793,4516.326993610754,,,B03,existing
P1456_2_3,G1,B_batteries,G1-B_batteries-04,T008,1949.0245440219894,5382.225397256939,,,B04,existing
P1456_2_3,G1,C_batteries,G1-C_batteries-01,T001,0.0,3150.0928537629516,,,C01,existing
P1456_2_3,G1,C_batteries,G1-C_batteries-02,T003,0.0,2947.606630665684,T006,2315.184264967842,C02,existing
P1456_2_3,G1,C_batteries,G1-C_batteries-02,T006,5262.790895633526,7891.7506752339295,,,C02,existing
P1456_2_3,G1,C_batteries,G1-C_batteries-03,T010_2,1434.4262775174655,4330.702121185847,,,C03,existing
P1456_2_3,G1,relay_aircraft,G1-relay_aircraft-01,R004,96.18236555369127,4137.266470460487,,,R01,existing
P1456_2_3,G1,relay_components,G1-relay_components-01,R004,96.18236555369127,4763.024275968738,,,RE01,existing
P1456_2_3,G2,A_aircraft,G2-A_aircraft-01,T004,2004.1116402352573,4285.571599071649,,,U03,existing
P1456_2_3,G2,A_aircraft,G2-A_aircraft-02,T022,2034.1116402352575,3725.6461264742065,,,U04,existing
P1456_2_3,G2,B_aircraft,G2-B_aircraft-01,T013,3065.5409516878613,5023.582223174855,,,NEW-B_aircraft-01,procurement_required
P1456_2_3,G2,B_aircraft,G2-B_aircraft-02,T021,3813.1314217671124,5711.172693254107,,,NEW-B_aircraft-02,procurement_required
P1456_2_3,G2,C_aircraft,G2-C_aircraft-01,T012,1954.111640235257,4069.1932815137097,,,NEW-C_aircraft-01,procurement_required
P1456_2_3,G2,C_aircraft,G2-C_aircraft-02,T014_2,2952.606730665684,5257.790795633526,,,NEW-C_aircraft-02,procurement_required
P1456_2_3,G2,A_batteries,G2-A_batteries-01,T004,2004.1116402352573,5653.515220850031,,,A03,existing
P1456_2_3,G2,A_batteries,G2-A_batteries-02,T022,2034.1116402352575,4901.140633153662,,,A04,existing
P1456_2_3,G2,B_batteries,G2-B_batteries-01,T013,3065.5409516878613,6982.827850660446,,,NEW-B_batteries-01,procurement_required
P1456_2_3,G2,B_batteries,G2-B_batteries-02,T021,3813.1314217671124,7578.354845171716,,,NEW-B_batteries-02,procurement_required
P1456_2_3,G2,C_batteries,G2-C_batteries-01,T012,1954.111640235257,6561.858998965378,,,C04,existing
P1456_2_3,G2,C_batteries,G2-C_batteries-02,T014_2,2952.606730665684,7764.037455028012,,,NEW-C_batteries-01,procurement_required
P1456_2_3,G2,relay_aircraft,G2-relay_aircraft-01,R003,2004.2977388563338,6244.037452916951,,,R02,existing
P1456_2_3,G2,relay_components,G2-relay_components-01,R003,2004.2977388563338,6902.075499094418,,,RE02,existing
P1456_2_3,G3,A_aircraft,G3-A_aircraft-01,T007_HARD,0.0,1712.4416357195464,T016,2578.1300633521028,NEW-A_aircraft-01,procurement_required
P1456_2_3,G3,A_aircraft,G3-A_aircraft-01,T016,4290.571699071649,5986.329803740114,,,NEW-A_aircraft-01,procurement_required
P1456_2_3,G3,A_aircraft,G3-A_aircraft-02,T007_SOFT,0.0,1712.4416357195464,T014_1,2291.687615827814,NEW-A_aircraft-02,procurement_required
P1456_2_3,G3,A_aircraft,G3-A_aircraft-02,T014_1,4004.1292515473606,5699.887356215825,,,NEW-A_aircraft-02,procurement_required
P1456_2_3,G3,A_aircraft,G3-A_aircraft-03,T007,3902.1292515473624,6510.170148656284,,,NEW-A_aircraft-03,procurement_required
P1456_2_3,G3,A_aircraft,G3-A_aircraft-04,T020,3922.129251547361,5892.33909852418,,,NEW-A_aircraft-04,procurement_required
P1456_2_3,G3,B_aircraft,G3-B_aircraft-01,T019_1,5028.582323174856,6547.606667586711,,,NEW-B_aircraft-03,procurement_required
P1456_2_3,G3,C_aircraft,G3-C_aircraft-01,T018,4074.19338151371,6761.824258884327,,,NEW-C_aircraft-03,procurement_required
P1456_2_3,G3,A_batteries,G3-A_batteries-01,T007_HARD,0.0,2761.062337358848,T014_1,1243.0669141885128,A05,existing
P1456_2_3,G3,A_batteries,G3-A_batteries-01,T014_1,4004.1292515473606,6815.081680695524,,,A05,existing
P1456_2_3,G3,A_batteries,G3-A_batteries-02,T007_SOFT,0.0,2779.9496716386757,T016,1510.6220274329735,A06,existing
P1456_2_3,G3,A_batteries,G3-A_batteries-02,T016,4290.571699071649,7122.3061158963155,,,A06,existing
P1456_2_3,G3,A_batteries,G3-A_batteries-03,T007,3902.1292515473624,7963.433611739875,,,NEW-A_batteries-01,procurement_required
P1456_2_3,G3,A_batteries,G3-A_batteries-04,T020,3922.129251547361,7132.339749211256,,,NEW-A_batteries-02,procurement_required
P1456_2_3,G3,B_batteries,G3-B_batteries-01,T019_1,5028.582323174856,8012.288751525202,,,NEW-B_batteries-03,procurement_required
P1456_2_3,G3,C_batteries,G3-C_batteries-01,T018,4074.19338151371,9324.985225954879,,,NEW-C_batteries-02,procurement_required
P1456_2_3,G3,relay_aircraft,G3-relay_aircraft-01,R001,190.13731902940862,1999.297638856333,R002,2142.9689317204375,NEW-relay_aircraft-01,procurement_required
P1456_2_3,G3,relay_aircraft,G3-relay_aircraft-01,R002,4142.26657057677,7037.879962031191,,,NEW-relay_aircraft-01,procurement_required
P1456_2_3,G3,relay_components,G3-relay_components-01,R001,190.13731902940862,2344.3073253046314,R002,1797.959245272139,RE03,existing
P1456_2_3,G3,relay_components,G3-relay_components-01,R002,4142.26657057677,7517.75318080825,,,RE03,existing
P145_26_3,G1,A_aircraft,G1-A_aircraft-01,T005,0.0,1312.470877312685,,,U01,existing
P145_26_3,G1,A_aircraft,G1-A_aircraft-02,T009,0.0,1316.0142144169886,,,U02,existing
P145_26_3,G1,B_aircraft,G1-B_aircraft-01,T002_2,0.0,1500.9693925601796,T015,5.0000999999997475,U05,existing
P145_26_3,G1,B_aircraft,G1-B_aircraft-01,T015,1505.9694925601793,3060.540851687861,,,U05,existing
P145_26_3,G1,B_aircraft,G1-B_aircraft-02,T011,0.0,1944.0244440219892,T008,5.000100000000202,U06,existing
P145_26_3,G1,B_aircraft,G1-B_aircraft-02,T008,1949.0245440219894,3793.5634341775567,,,U06,existing
P145_26_3,G1,C_aircraft,G1-C_aircraft-01,T001,0.0,1561.4261775174655,,,U07,existing
P145_26_3,G1,C_aircraft,G1-C_aircraft-02,T003,0.0,1429.4261775174655,T010_2,5.000099999999975,U08,existing
P145_26_3,G1,C_aircraft,G1-C_aircraft-02,T010_2,1434.4262775174655,2867.4613603954576,,,U08,existing
P145_26_3,G1,A_batteries,G1-A_batteries-01,T005,0.0,2178.7887122874713,,,A01,existing
P145_26_3,G1,A_batteries,G1-A_batteries-02,T009,0.0,2194.736329391266,,,A02,existing
P145_26_3,G1,B_batteries,G1-B_batteries-01,T002_2,0.0,2956.647180248775,,,B01,existing
P145_26_3,G1,B_batteries,G1-B_batteries-02,T011,0.0,3808.1313217671122,,,B02,existing
P145_26_3,G1,B_batteries,G1-B_batteries-03,T015,1505.9694925601793,4516.326993610754,,,B03,existing
P145_26_3,G1,B_batteries,G1-B_batteries-04,T008,1949.0245440219894,5382.225397256939,,,B04,existing
P145_26_3,G1,C_batteries,G1-C_batteries-01,T001,0.0,3150.0928537629516,,,C01,existing
P145_26_3,G1,C_batteries,G1-C_batteries-02,T003,0.0,2947.606630665684,,,C02,existing
P145_26_3,G1,C_batteries,G1-C_batteries-03,T010_2,1434.4262775174655,4330.702121185847,,,C03,existing
P145_26_3,G1,relay_aircraft,G1-relay_aircraft-01,R004,96.18236555369127,4137.266470460487,,,R01,existing
P145_26_3,G1,relay_components,G1-relay_components-01,R004,96.18236555369127,4763.024275968738,,,RE01,existing
P145_26_3,G2,A_aircraft,G2-A_aircraft-01,T004,2004.1116402352573,4285.571599071649,,,U03,existing
P145_26_3,G2,A_aircraft,G2-A_aircraft-02,T022,2034.1116402352575,3725.6461264742065,,,U04,existing
P145_26_3,G2,B_aircraft,G2-B_aircraft-01,T013,3065.5409516878613,5023.582223174855,,,NEW-B_aircraft-01,procurement_required
P145_26_3,G2,B_aircraft,G2-B_aircraft-02,T021,3813.1314217671124,5711.172693254107,,,NEW-B_aircraft-02,procurement_required
P145_26_3,G2,C_aircraft,G2-C_aircraft-01,T012,1954.111640235257,4069.1932815137097,T006,1193.5976141198162,NEW-C_aircraft-01,procurement_required
P145_26_3,G2,C_aircraft,G2-C_aircraft-01,T006,5262.790895633526,6542.241766493663,,,NEW-C_aircraft-01,procurement_required
P145_26_3,G2,C_aircraft,G2-C_aircraft-02,T014_2,2952.606730665684,5257.790795633526,,,NEW-C_aircraft-02,procurement_required
P145_26_3,G2,A_batteries,G2-A_batteries-01,T004,2004.1116402352573,5653.515220850031,,,A03,existing
P145_26_3,G2,A_batteries,G2-A_batteries-02,T022,2034.1116402352575,4901.140633153662,,,A04,existing
P145_26_3,G2,B_batteries,G2-B_batteries-01,T013,3065.5409516878613,6982.827850660446,,,NEW-B_batteries-01,procurement_required
P145_26_3,G2,B_batteries,G2-B_batteries-02,T021,3813.1314217671124,7578.354845171716,,,NEW-B_batteries-02,procurement_required
P145_26_3,G2,C_batteries,G2-C_batteries-01,T012,1954.111640235257,6561.858998965378,,,C04,existing
P145_26_3,G2,C_batteries,G2-C_batteries-02,T014_2,2952.606730665684,7764.037455028012,,,NEW-C_batteries-01,procurement_required
P145_26_3,G2,C_batteries,G2-C_batteries-03,T006,5262.790895633526,7891.7506752339295,,,NEW-C_batteries-02,procurement_required
P145_26_3,G2,relay_aircraft,G2-relay_aircraft-01,R003,2004.2977388563338,6244.037452916951,,,R02,existing
P145_26_3,G2,relay_components,G2-relay_components-01,R003,2004.2977388563338,6902.075499094418,,,RE02,existing
P145_26_3,G3,A_aircraft,G3-A_aircraft-01,T007_HARD,0.0,1712.4416357195464,T016,2578.1300633521028,NEW-A_aircraft-01,procurement_required
P145_26_3,G3,A_aircraft,G3-A_aircraft-01,T016,4290.571699071649,5986.329803740114,,,NEW-A_aircraft-01,procurement_required
P145_26_3,G3,A_aircraft,G3-A_aircraft-02,T007_SOFT,0.0,1712.4416357195464,T014_1,2291.687615827814,NEW-A_aircraft-02,procurement_required
P145_26_3,G3,A_aircraft,G3-A_aircraft-02,T014_1,4004.1292515473606,5699.887356215825,,,NEW-A_aircraft-02,procurement_required
P145_26_3,G3,A_aircraft,G3-A_aircraft-03,T007,3902.1292515473624,6510.170148656284,,,NEW-A_aircraft-03,procurement_required
P145_26_3,G3,A_aircraft,G3-A_aircraft-04,T020,3922.129251547361,5892.33909852418,,,NEW-A_aircraft-04,procurement_required
P145_26_3,G3,B_aircraft,G3-B_aircraft-01,T019_1,5028.582323174856,6547.606667586711,,,NEW-B_aircraft-03,procurement_required
P145_26_3,G3,C_aircraft,G3-C_aircraft-01,T018,4074.19338151371,6761.824258884327,,,NEW-C_aircraft-03,procurement_required
P145_26_3,G3,A_batteries,G3-A_batteries-01,T007_HARD,0.0,2761.062337358848,T014_1,1243.0669141885128,A05,existing
P145_26_3,G3,A_batteries,G3-A_batteries-01,T014_1,4004.1292515473606,6815.081680695524,,,A05,existing
P145_26_3,G3,A_batteries,G3-A_batteries-02,T007_SOFT,0.0,2779.9496716386757,T016,1510.6220274329735,A06,existing
P145_26_3,G3,A_batteries,G3-A_batteries-02,T016,4290.571699071649,7122.3061158963155,,,A06,existing
P145_26_3,G3,A_batteries,G3-A_batteries-03,T007,3902.1292515473624,7963.433611739875,,,NEW-A_batteries-01,procurement_required
P145_26_3,G3,A_batteries,G3-A_batteries-04,T020,3922.129251547361,7132.339749211256,,,NEW-A_batteries-02,procurement_required
P145_26_3,G3,B_batteries,G3-B_batteries-01,T019_1,5028.582323174856,8012.288751525202,,,NEW-B_batteries-03,procurement_required
P145_26_3,G3,C_batteries,G3-C_batteries-01,T018,4074.19338151371,9324.985225954879,,,NEW-C_batteries-03,procurement_required
P145_26_3,G3,relay_aircraft,G3-relay_aircraft-01,R001,190.13731902940862,1999.297638856333,R002,2142.9689317204375,NEW-relay_aircraft-01,procurement_required
P145_26_3,G3,relay_aircraft,G3-relay_aircraft-01,R002,4142.26657057677,7037.879962031191,,,NEW-relay_aircraft-01,procurement_required
P145_26_3,G3,relay_components,G3-relay_components-01,R001,190.13731902940862,2344.3073253046314,R002,1797.959245272139,RE03,existing
P145_26_3,G3,relay_components,G3-relay_components-01,R002,4142.26657057677,7517.75318080825,,,RE03,existing
P145_2_36,G1,A_aircraft,G1-A_aircraft-01,T005,0.0,1312.470877312685,,,U01,existing
P145_2_36,G1,A_aircraft,G1-A_aircraft-02,T009,0.0,1316.0142144169886,,,U02,existing
P145_2_36,G1,B_aircraft,G1-B_aircraft-01,T002_2,0.0,1500.9693925601796,T015,5.0000999999997475,U05,existing
P145_2_36,G1,B_aircraft,G1-B_aircraft-01,T015,1505.9694925601793,3060.540851687861,,,U05,existing
P145_2_36,G1,B_aircraft,G1-B_aircraft-02,T011,0.0,1944.0244440219892,T008,5.000100000000202,U06,existing
P145_2_36,G1,B_aircraft,G1-B_aircraft-02,T008,1949.0245440219894,3793.5634341775567,,,U06,existing
P145_2_36,G1,C_aircraft,G1-C_aircraft-01,T001,0.0,1561.4261775174655,,,U07,existing
P145_2_36,G1,C_aircraft,G1-C_aircraft-02,T003,0.0,1429.4261775174655,T010_2,5.000099999999975,U08,existing
P145_2_36,G1,C_aircraft,G1-C_aircraft-02,T010_2,1434.4262775174655,2867.4613603954576,,,U08,existing
P145_2_36,G1,A_batteries,G1-A_batteries-01,T005,0.0,2178.7887122874713,,,A01,existing
P145_2_36,G1,A_batteries,G1-A_batteries-02,T009,0.0,2194.736329391266,,,A02,existing
P145_2_36,G1,B_batteries,G1-B_batteries-01,T002_2,0.0,2956.647180248775,,,B01,existing
P145_2_36,G1,B_batteries,G1-B_batteries-02,T011,0.0,3808.1313217671122,,,B02,existing
P145_2_36,G1,B_batteries,G1-B_batteries-03,T015,1505.9694925601793,4516.326993610754,,,B03,existing
P145_2_36,G1,B_batteries,G1-B_batteries-04,T008,1949.0245440219894,5382.225397256939,,,B04,existing
P145_2_36,G1,C_batteries,G1-C_batteries-01,T001,0.0,3150.0928537629516,,,C01,existing
P145_2_36,G1,C_batteries,G1-C_batteries-02,T003,0.0,2947.606630665684,,,C02,existing
P145_2_36,G1,C_batteries,G1-C_batteries-03,T010_2,1434.4262775174655,4330.702121185847,,,C03,existing
P145_2_36,G1,relay_aircraft,G1-relay_aircraft-01,R004,96.18236555369127,4137.266470460487,,,R01,existing
P145_2_36,G1,relay_components,G1-relay_components-01,R004,96.18236555369127,4763.024275968738,,,RE01,existing
P145_2_36,G2,A_aircraft,G2-A_aircraft-01,T004,2004.1116402352573,4285.571599071649,,,U03,existing
P145_2_36,G2,A_aircraft,G2-A_aircraft-02,T022,2034.1116402352575,3725.6461264742065,,,U04,existing
P145_2_36,G2,B_aircraft,G2-B_aircraft-01,T013,3065.5409516878613,5023.582223174855,,,NEW-B_aircraft-01,procurement_required
P145_2_36,G2,B_aircraft,G2-B_aircraft-02,T021,3813.1314217671124,5711.172693254107,,,NEW-B_aircraft-02,procurement_required
P145_2_36,G2,C_aircraft,G2-C_aircraft-01,T012,1954.111640235257,4069.1932815137097,,,NEW-C_aircraft-01,procurement_required
P145_2_36,G2,C_aircraft,G2-C_aircraft-02,T014_2,2952.606730665684,5257.790795633526,,,NEW-C_aircraft-02,procurement_required
P145_2_36,G2,A_batteries,G2-A_batteries-01,T004,2004.1116402352573,5653.515220850031,,,A03,existing
P145_2_36,G2,A_batteries,G2-A_batteries-02,T022,2034.1116402352575,4901.140633153662,,,A04,existing
P145_2_36,G2,B_batteries,G2-B_batteries-01,T013,3065.5409516878613,6982.827850660446,,,NEW-B_batteries-01,procurement_required
P145_2_36,G2,B_batteries,G2-B_batteries-02,T021,3813.1314217671124,7578.354845171716,,,NEW-B_batteries-02,procurement_required
P145_2_36,G2,C_batteries,G2-C_batteries-01,T012,1954.111640235257,6561.858998965378,,,C04,existing
P145_2_36,G2,C_batteries,G2-C_batteries-02,T014_2,2952.606730665684,7764.037455028012,,,NEW-C_batteries-01,procurement_required
P145_2_36,G2,relay_aircraft,G2-relay_aircraft-01,R003,2004.2977388563338,6244.037452916951,,,R02,existing
P145_2_36,G2,relay_components,G2-relay_components-01,R003,2004.2977388563338,6902.075499094418,,,RE02,existing
P145_2_36,G3,A_aircraft,G3-A_aircraft-01,T007_HARD,0.0,1712.4416357195464,T016,2578.1300633521028,NEW-A_aircraft-01,procurement_required
P145_2_36,G3,A_aircraft,G3-A_aircraft-01,T016,4290.571699071649,5986.329803740114,,,NEW-A_aircraft-01,procurement_required
P145_2_36,G3,A_aircraft,G3-A_aircraft-02,T007_SOFT,0.0,1712.4416357195464,T014_1,2291.687615827814,NEW-A_aircraft-02,procurement_required
P145_2_36,G3,A_aircraft,G3-A_aircraft-02,T014_1,4004.1292515473606,5699.887356215825,,,NEW-A_aircraft-02,procurement_required
P145_2_36,G3,A_aircraft,G3-A_aircraft-03,T007,3902.1292515473624,6510.170148656284,,,NEW-A_aircraft-03,procurement_required
P145_2_36,G3,A_aircraft,G3-A_aircraft-04,T020,3922.129251547361,5892.33909852418,,,NEW-A_aircraft-04,procurement_required
P145_2_36,G3,B_aircraft,G3-B_aircraft-01,T019_1,5028.582323174856,6547.606667586711,,,NEW-B_aircraft-03,procurement_required
P145_2_36,G3,C_aircraft,G3-C_aircraft-01,T018,4074.19338151371,6761.824258884327,,,NEW-C_aircraft-03,procurement_required
P145_2_36,G3,C_aircraft,G3-C_aircraft-02,T006,5262.790895633526,6542.241766493663,,,NEW-C_aircraft-04,procurement_required
P145_2_36,G3,A_batteries,G3-A_batteries-01,T007_HARD,0.0,2761.062337358848,T014_1,1243.0669141885128,A05,existing
P145_2_36,G3,A_batteries,G3-A_batteries-01,T014_1,4004.1292515473606,6815.081680695524,,,A05,existing
P145_2_36,G3,A_batteries,G3-A_batteries-02,T007_SOFT,0.0,2779.9496716386757,T016,1510.6220274329735,A06,existing
P145_2_36,G3,A_batteries,G3-A_batteries-02,T016,4290.571699071649,7122.3061158963155,,,A06,existing
P145_2_36,G3,A_batteries,G3-A_batteries-03,T007,3902.1292515473624,7963.433611739875,,,NEW-A_batteries-01,procurement_required
P145_2_36,G3,A_batteries,G3-A_batteries-04,T020,3922.129251547361,7132.339749211256,,,NEW-A_batteries-02,procurement_required
P145_2_36,G3,B_batteries,G3-B_batteries-01,T019_1,5028.582323174856,8012.288751525202,,,NEW-B_batteries-03,procurement_required
P145_2_36,G3,C_batteries,G3-C_batteries-01,T018,4074.19338151371,9324.985225954879,,,NEW-C_batteries-02,procurement_required
P145_2_36,G3,C_batteries,G3-C_batteries-02,T006,5262.790895633526,7891.7506752339295,,,NEW-C_batteries-03,procurement_required
P145_2_36,G3,relay_aircraft,G3-relay_aircraft-01,R001,190.13731902940862,1999.297638856333,R002,2142.9689317204375,NEW-relay_aircraft-01,procurement_required
P145_2_36,G3,relay_aircraft,G3-relay_aircraft-01,R002,4142.26657057677,7037.879962031191,,,NEW-relay_aircraft-01,procurement_required
P145_2_36,G3,relay_components,G3-relay_components-01,R001,190.13731902940862,2344.3073253046314,R002,1797.959245272139,RE03,existing
P145_2_36,G3,relay_components,G3-relay_components-01,R002,4142.26657057677,7517.75318080825,,,RE03,existing
P146_25_3,G1,A_aircraft,G1-A_aircraft-01,T005,0.0,1312.470877312685,,,U01,existing
P146_25_3,G1,A_aircraft,G1-A_aircraft-02,T009,0.0,1316.0142144169886,,,U02,existing
P146_25_3,G1,C_aircraft,G1-C_aircraft-01,T001,0.0,1561.4261775174655,T006,3701.3647181160604,U07,existing
P146_25_3,G1,C_aircraft,G1-C_aircraft-01,T006,5262.790895633526,6542.241766493663,,,U07,existing
P146_25_3,G1,C_aircraft,G1-C_aircraft-02,T003,0.0,1429.4261775174655,T010_2,5.000099999999975,U08,existing
P146_25_3,G1,C_aircraft,G1-C_aircraft-02,T010_2,1434.4262775174655,2867.4613603954576,,,U08,existing
P146_25_3,G1,A_batteries,G1-A_batteries-01,T005,0.0,2178.7887122874713,,,A01,existing
P146_25_3,G1,A_batteries,G1-A_batteries-02,T009,0.0,2194.736329391266,,,A02,existing
P146_25_3,G1,C_batteries,G1-C_batteries-01,T001,0.0,3150.0928537629516,,,C01,existing
P146_25_3,G1,C_batteries,G1-C_batteries-02,T003,0.0,2947.606630665684,T006,2315.184264967842,C02,existing
P146_25_3,G1,C_batteries,G1-C_batteries-02,T006,5262.790895633526,7891.7506752339295,,,C02,existing
P146_25_3,G1,C_batteries,G1-C_batteries-03,T010_2,1434.4262775174655,4330.702121185847,,,C03,existing
P146_25_3,G2,A_aircraft,G2-A_aircraft-01,T004,2004.1116402352573,4285.571599071649,,,U03,existing
P146_25_3,G2,A_aircraft,G2-A_aircraft-02,T022,2034.1116402352575,3725.6461264742065,,,U04,existing
P146_25_3,G2,B_aircraft,G2-B_aircraft-01,T002_2,0.0,1500.9693925601796,T015,5.0000999999997475,U05,existing
P146_25_3,G2,B_aircraft,G2-B_aircraft-01,T015,1505.9694925601793,3060.540851687861,T013,5.000100000000202,U05,existing
P146_25_3,G2,B_aircraft,G2-B_aircraft-01,T013,3065.5409516878613,5023.582223174855,,,U05,existing
P146_25_3,G2,B_aircraft,G2-B_aircraft-02,T011,0.0,1944.0244440219892,T008,5.000100000000202,U06,existing
P146_25_3,G2,B_aircraft,G2-B_aircraft-02,T008,1949.0245440219894,3793.5634341775567,T021,19.56798758955574,U06,existing
P146_25_3,G2,B_aircraft,G2-B_aircraft-02,T021,3813.1314217671124,5711.172693254107,,,U06,existing
P146_25_3,G2,C_aircraft,G2-C_aircraft-01,T012,1954.111640235257,4069.1932815137097,,,NEW-C_aircraft-01,procurement_required
P146_25_3,G2,C_aircraft,G2-C_aircraft-02,T014_2,2952.606730665684,5257.790795633526,,,NEW-C_aircraft-02,procurement_required
P146_25_3,G2,A_batteries,G2-A_batteries-01,T004,2004.1116402352573,5653.515220850031,,,A03,existing
P146_25_3,G2,A_batteries,G2-A_batteries-02,T022,2034.1116402352575,4901.140633153662,,,A04,existing
P146_25_3,G2,B_batteries,G2-B_batteries-01,T002_2,0.0,2956.647180248775,T013,108.89377143908632,B01,existing
P146_25_3,G2,B_batteries,G2-B_batteries-01,T013,3065.5409516878613,6982.827850660446,,,B01,existing
P146_25_3,G2,B_batteries,G2-B_batteries-02,T011,0.0,3808.1313217671122,T021,5.000100000000202,B02,existing
P146_25_3,G2,B_batteries,G2-B_batteries-02,T021,3813.1314217671124,7578.354845171716,,,B02,existing
P146_25_3,G2,B_batteries,G2-B_batteries-03,T015,1505.9694925601793,4516.326993610754,,,B03,existing
P146_25_3,G2,B_batteries,G2-B_batteries-04,T008,1949.0245440219894,5382.225397256939,,,B04,existing
P146_25_3,G2,C_batteries,G2-C_batteries-01,T012,1954.111640235257,6561.858998965378,,,C04,existing
P146_25_3,G2,C_batteries,G2-C_batteries-02,T014_2,2952.606730665684,7764.037455028012,,,NEW-C_batteries-01,procurement_required
P146_25_3,G2,relay_aircraft,G2-relay_aircraft-01,R004,96.18236555369127,4137.266470460487,,,R01,existing
P146_25_3,G2,relay_aircraft,G2-relay_aircraft-02,R003,2004.2977388563338,6244.037452916951,,,R02,existing
P146_25_3,G2,relay_components,G2-relay_components-01,R004,96.18236555369127,4763.024275968738,,,RE01,existing
P146_25_3,G2,relay_components,G2-relay_components-02,R003,2004.2977388563338,6902.075499094418,,,RE02,existing
P146_25_3,G3,A_aircraft,G3-A_aircraft-01,T007_HARD,0.0,1712.4416357195464,T016,2578.1300633521028,NEW-A_aircraft-01,procurement_required
P146_25_3,G3,A_aircraft,G3-A_aircraft-01,T016,4290.571699071649,5986.329803740114,,,NEW-A_aircraft-01,procurement_required
P146_25_3,G3,A_aircraft,G3-A_aircraft-02,T007_SOFT,0.0,1712.4416357195464,T014_1,2291.687615827814,NEW-A_aircraft-02,procurement_required
P146_25_3,G3,A_aircraft,G3-A_aircraft-02,T014_1,4004.1292515473606,5699.887356215825,,,NEW-A_aircraft-02,procurement_required
P146_25_3,G3,A_aircraft,G3-A_aircraft-03,T007,3902.1292515473624,6510.170148656284,,,NEW-A_aircraft-03,procurement_required
P146_25_3,G3,A_aircraft,G3-A_aircraft-04,T020,3922.129251547361,5892.33909852418,,,NEW-A_aircraft-04,procurement_required
P146_25_3,G3,B_aircraft,G3-B_aircraft-01,T019_1,5028.582323174856,6547.606667586711,,,NEW-B_aircraft-01,procurement_required
P146_25_3,G3,C_aircraft,G3-C_aircraft-01,T018,4074.19338151371,6761.824258884327,,,NEW-C_aircraft-03,procurement_required
P146_25_3,G3,A_batteries,G3-A_batteries-01,T007_HARD,0.0,2761.062337358848,T014_1,1243.0669141885128,A05,existing
P146_25_3,G3,A_batteries,G3-A_batteries-01,T014_1,4004.1292515473606,6815.081680695524,,,A05,existing
P146_25_3,G3,A_batteries,G3-A_batteries-02,T007_SOFT,0.0,2779.9496716386757,T016,1510.6220274329735,A06,existing
P146_25_3,G3,A_batteries,G3-A_batteries-02,T016,4290.571699071649,7122.3061158963155,,,A06,existing
P146_25_3,G3,A_batteries,G3-A_batteries-03,T007,3902.1292515473624,7963.433611739875,,,NEW-A_batteries-01,procurement_required
P146_25_3,G3,A_batteries,G3-A_batteries-04,T020,3922.129251547361,7132.339749211256,,,NEW-A_batteries-02,procurement_required
P146_25_3,G3,B_batteries,G3-B_batteries-01,T019_1,5028.582323174856,8012.288751525202,,,NEW-B_batteries-01,procurement_required
P146_25_3,G3,C_batteries,G3-C_batteries-01,T018,4074.19338151371,9324.985225954879,,,NEW-C_batteries-02,procurement_required
P146_25_3,G3,relay_aircraft,G3-relay_aircraft-01,R001,190.13731902940862,1999.297638856333,R002,2142.9689317204375,NEW-relay_aircraft-01,procurement_required
P146_25_3,G3,relay_aircraft,G3-relay_aircraft-01,R002,4142.26657057677,7037.879962031191,,,NEW-relay_aircraft-01,procurement_required
P146_25_3,G3,relay_components,G3-relay_components-01,R001,190.13731902940862,2344.3073253046314,R002,1797.959245272139,RE03,existing
P146_25_3,G3,relay_components,G3-relay_components-01,R002,4142.26657057677,7517.75318080825,,,RE03,existing
P14_256_3,G1,A_aircraft,G1-A_aircraft-01,T005,0.0,1312.470877312685,,,U01,existing
P14_256_3,G1,A_aircraft,G1-A_aircraft-02,T009,0.0,1316.0142144169886,,,U02,existing
P14_256_3,G1,C_aircraft,G1-C_aircraft-01,T001,0.0,1561.4261775174655,,,U07,existing
P14_256_3,G1,C_aircraft,G1-C_aircraft-02,T003,0.0,1429.4261775174655,T010_2,5.000099999999975,U08,existing
P14_256_3,G1,C_aircraft,G1-C_aircraft-02,T010_2,1434.4262775174655,2867.4613603954576,,,U08,existing
P14_256_3,G1,A_batteries,G1-A_batteries-01,T005,0.0,2178.7887122874713,,,A01,existing
P14_256_3,G1,A_batteries,G1-A_batteries-02,T009,0.0,2194.736329391266,,,A02,existing
P14_256_3,G1,C_batteries,G1-C_batteries-01,T001,0.0,3150.0928537629516,,,C01,existing
P14_256_3,G1,C_batteries,G1-C_batteries-02,T003,0.0,2947.606630665684,,,C02,existing
P14_256_3,G1,C_batteries,G1-C_batteries-03,T010_2,1434.4262775174655,4330.702121185847,,,C03,existing
P14_256_3,G2,A_aircraft,G2-A_aircraft-01,T004,2004.1116402352573,4285.571599071649,,,U03,existing
P14_256_3,G2,A_aircraft,G2-A_aircraft-02,T022,2034.1116402352575,3725.6461264742065,,,U04,existing
P14_256_3,G2,B_aircraft,G2-B_aircraft-01,T002_2,0.0,1500.9693925601796,T015,5.0000999999997475,U05,existing
P14_256_3,G2,B_aircraft,G2-B_aircraft-01,T015,1505.9694925601793,3060.540851687861,T013,5.000100000000202,U05,existing
P14_256_3,G2,B_aircraft,G2-B_aircraft-01,T013,3065.5409516878613,5023.582223174855,,,U05,existing
P14_256_3,G2,B_aircraft,G2-B_aircraft-02,T011,0.0,1944.0244440219892,T008,5.000100000000202,U06,existing
P14_256_3,G2,B_aircraft,G2-B_aircraft-02,T008,1949.0245440219894,3793.5634341775567,T021,19.56798758955574,U06,existing
P14_256_3,G2,B_aircraft,G2-B_aircraft-02,T021,3813.1314217671124,5711.172693254107,,,U06,existing
P14_256_3,G2,C_aircraft,G2-C_aircraft-01,T012,1954.111640235257,4069.1932815137097,T006,1193.5976141198162,NEW-C_aircraft-01,procurement_required
P14_256_3,G2,C_aircraft,G2-C_aircraft-01,T006,5262.790895633526,6542.241766493663,,,NEW-C_aircraft-01,procurement_required
P14_256_3,G2,C_aircraft,G2-C_aircraft-02,T014_2,2952.606730665684,5257.790795633526,,,NEW-C_aircraft-02,procurement_required
P14_256_3,G2,A_batteries,G2-A_batteries-01,T004,2004.1116402352573,5653.515220850031,,,A03,existing
P14_256_3,G2,A_batteries,G2-A_batteries-02,T022,2034.1116402352575,4901.140633153662,,,A04,existing
P14_256_3,G2,B_batteries,G2-B_batteries-01,T002_2,0.0,2956.647180248775,T013,108.89377143908632,B01,existing
P14_256_3,G2,B_batteries,G2-B_batteries-01,T013,3065.5409516878613,6982.827850660446,,,B01,existing
P14_256_3,G2,B_batteries,G2-B_batteries-02,T011,0.0,3808.1313217671122,T021,5.000100000000202,B02,existing
P14_256_3,G2,B_batteries,G2-B_batteries-02,T021,3813.1314217671124,7578.354845171716,,,B02,existing
P14_256_3,G2,B_batteries,G2-B_batteries-03,T015,1505.9694925601793,4516.326993610754,,,B03,existing
P14_256_3,G2,B_batteries,G2-B_batteries-04,T008,1949.0245440219894,5382.225397256939,,,B04,existing
P14_256_3,G2,C_batteries,G2-C_batteries-01,T012,1954.111640235257,6561.858998965378,,,C04,existing
P14_256_3,G2,C_batteries,G2-C_batteries-02,T014_2,2952.606730665684,7764.037455028012,,,NEW-C_batteries-01,procurement_required
P14_256_3,G2,C_batteries,G2-C_batteries-03,T006,5262.790895633526,7891.7506752339295,,,NEW-C_batteries-02,procurement_required
P14_256_3,G2,relay_aircraft,G2-relay_aircraft-01,R004,96.18236555369127,4137.266470460487,,,R01,existing
P14_256_3,G2,relay_aircraft,G2-relay_aircraft-02,R003,2004.2977388563338,6244.037452916951,,,R02,existing
P14_256_3,G2,relay_components,G2-relay_components-01,R004,96.18236555369127,4763.024275968738,,,RE01,existing
P14_256_3,G2,relay_components,G2-relay_components-02,R003,2004.2977388563338,6902.075499094418,,,RE02,existing
P14_256_3,G3,A_aircraft,G3-A_aircraft-01,T007_HARD,0.0,1712.4416357195464,T016,2578.1300633521028,NEW-A_aircraft-01,procurement_required
P14_256_3,G3,A_aircraft,G3-A_aircraft-01,T016,4290.571699071649,5986.329803740114,,,NEW-A_aircraft-01,procurement_required
P14_256_3,G3,A_aircraft,G3-A_aircraft-02,T007_SOFT,0.0,1712.4416357195464,T014_1,2291.687615827814,NEW-A_aircraft-02,procurement_required
P14_256_3,G3,A_aircraft,G3-A_aircraft-02,T014_1,4004.1292515473606,5699.887356215825,,,NEW-A_aircraft-02,procurement_required
P14_256_3,G3,A_aircraft,G3-A_aircraft-03,T007,3902.1292515473624,6510.170148656284,,,NEW-A_aircraft-03,procurement_required
P14_256_3,G3,A_aircraft,G3-A_aircraft-04,T020,3922.129251547361,5892.33909852418,,,NEW-A_aircraft-04,procurement_required
P14_256_3,G3,B_aircraft,G3-B_aircraft-01,T019_1,5028.582323174856,6547.606667586711,,,NEW-B_aircraft-01,procurement_required
P14_256_3,G3,C_aircraft,G3-C_aircraft-01,T018,4074.19338151371,6761.824258884327,,,NEW-C_aircraft-03,procurement_required
P14_256_3,G3,A_batteries,G3-A_batteries-01,T007_HARD,0.0,2761.062337358848,T014_1,1243.0669141885128,A05,existing
P14_256_3,G3,A_batteries,G3-A_batteries-01,T014_1,4004.1292515473606,6815.081680695524,,,A05,existing
P14_256_3,G3,A_batteries,G3-A_batteries-02,T007_SOFT,0.0,2779.9496716386757,T016,1510.6220274329735,A06,existing
P14_256_3,G3,A_batteries,G3-A_batteries-02,T016,4290.571699071649,7122.3061158963155,,,A06,existing
P14_256_3,G3,A_batteries,G3-A_batteries-03,T007,3902.1292515473624,7963.433611739875,,,NEW-A_batteries-01,procurement_required
P14_256_3,G3,A_batteries,G3-A_batteries-04,T020,3922.129251547361,7132.339749211256,,,NEW-A_batteries-02,procurement_required
P14_256_3,G3,B_batteries,G3-B_batteries-01,T019_1,5028.582323174856,8012.288751525202,,,NEW-B_batteries-01,procurement_required
P14_256_3,G3,C_batteries,G3-C_batteries-01,T018,4074.19338151371,9324.985225954879,,,NEW-C_batteries-03,procurement_required
P14_256_3,G3,relay_aircraft,G3-relay_aircraft-01,R001,190.13731902940862,1999.297638856333,R002,2142.9689317204375,NEW-relay_aircraft-01,procurement_required
P14_256_3,G3,relay_aircraft,G3-relay_aircraft-01,R002,4142.26657057677,7037.879962031191,,,NEW-relay_aircraft-01,procurement_required
P14_256_3,G3,relay_components,G3-relay_components-01,R001,190.13731902940862,2344.3073253046314,R002,1797.959245272139,RE03,existing
P14_256_3,G3,relay_components,G3-relay_components-01,R002,4142.26657057677,7517.75318080825,,,RE03,existing
P14_25_36,G1,A_aircraft,G1-A_aircraft-01,T005,0.0,1312.470877312685,,,U01,existing
P14_25_36,G1,A_aircraft,G1-A_aircraft-02,T009,0.0,1316.0142144169886,,,U02,existing
P14_25_36,G1,C_aircraft,G1-C_aircraft-01,T001,0.0,1561.4261775174655,,,U07,existing
P14_25_36,G1,C_aircraft,G1-C_aircraft-02,T003,0.0,1429.4261775174655,T010_2,5.000099999999975,U08,existing
P14_25_36,G1,C_aircraft,G1-C_aircraft-02,T010_2,1434.4262775174655,2867.4613603954576,,,U08,existing
P14_25_36,G1,A_batteries,G1-A_batteries-01,T005,0.0,2178.7887122874713,,,A01,existing
P14_25_36,G1,A_batteries,G1-A_batteries-02,T009,0.0,2194.736329391266,,,A02,existing
P14_25_36,G1,C_batteries,G1-C_batteries-01,T001,0.0,3150.0928537629516,,,C01,existing
P14_25_36,G1,C_batteries,G1-C_batteries-02,T003,0.0,2947.606630665684,,,C02,existing
P14_25_36,G1,C_batteries,G1-C_batteries-03,T010_2,1434.4262775174655,4330.702121185847,,,C03,existing
P14_25_36,G2,A_aircraft,G2-A_aircraft-01,T004,2004.1116402352573,4285.571599071649,,,U03,existing
P14_25_36,G2,A_aircraft,G2-A_aircraft-02,T022,2034.1116402352575,3725.6461264742065,,,U04,existing
P14_25_36,G2,B_aircraft,G2-B_aircraft-01,T002_2,0.0,1500.9693925601796,T015,5.0000999999997475,U05,existing
P14_25_36,G2,B_aircraft,G2-B_aircraft-01,T015,1505.9694925601793,3060.540851687861,T013,5.000100000000202,U05,existing
P14_25_36,G2,B_aircraft,G2-B_aircraft-01,T013,3065.5409516878613,5023.582223174855,,,U05,existing
P14_25_36,G2,B_aircraft,G2-B_aircraft-02,T011,0.0,1944.0244440219892,T008,5.000100000000202,U06,existing
P14_25_36,G2,B_aircraft,G2-B_aircraft-02,T008,1949.0245440219894,3793.5634341775567,T021,19.56798758955574,U06,existing
P14_25_36,G2,B_aircraft,G2-B_aircraft-02,T021,3813.1314217671124,5711.172693254107,,,U06,existing
P14_25_36,G2,C_aircraft,G2-C_aircraft-01,T012,1954.111640235257,4069.1932815137097,,,NEW-C_aircraft-01,procurement_required
P14_25_36,G2,C_aircraft,G2-C_aircraft-02,T014_2,2952.606730665684,5257.790795633526,,,NEW-C_aircraft-02,procurement_required
P14_25_36,G2,A_batteries,G2-A_batteries-01,T004,2004.1116402352573,5653.515220850031,,,A03,existing
P14_25_36,G2,A_batteries,G2-A_batteries-02,T022,2034.1116402352575,4901.140633153662,,,A04,existing
P14_25_36,G2,B_batteries,G2-B_batteries-01,T002_2,0.0,2956.647180248775,T013,108.89377143908632,B01,existing
P14_25_36,G2,B_batteries,G2-B_batteries-01,T013,3065.5409516878613,6982.827850660446,,,B01,existing
P14_25_36,G2,B_batteries,G2-B_batteries-02,T011,0.0,3808.1313217671122,T021,5.000100000000202,B02,existing
P14_25_36,G2,B_batteries,G2-B_batteries-02,T021,3813.1314217671124,7578.354845171716,,,B02,existing
P14_25_36,G2,B_batteries,G2-B_batteries-03,T015,1505.9694925601793,4516.326993610754,,,B03,existing
P14_25_36,G2,B_batteries,G2-B_batteries-04,T008,1949.0245440219894,5382.225397256939,,,B04,existing
P14_25_36,G2,C_batteries,G2-C_batteries-01,T012,1954.111640235257,6561.858998965378,,,C04,existing
P14_25_36,G2,C_batteries,G2-C_batteries-02,T014_2,2952.606730665684,7764.037455028012,,,NEW-C_batteries-01,procurement_required
P14_25_36,G2,relay_aircraft,G2-relay_aircraft-01,R004,96.18236555369127,4137.266470460487,,,R01,existing
P14_25_36,G2,relay_aircraft,G2-relay_aircraft-02,R003,2004.2977388563338,6244.037452916951,,,R02,existing
P14_25_36,G2,relay_components,G2-relay_components-01,R004,96.18236555369127,4763.024275968738,,,RE01,existing
P14_25_36,G2,relay_components,G2-relay_components-02,R003,2004.2977388563338,6902.075499094418,,,RE02,existing
P14_25_36,G3,A_aircraft,G3-A_aircraft-01,T007_HARD,0.0,1712.4416357195464,T016,2578.1300633521028,NEW-A_aircraft-01,procurement_required
P14_25_36,G3,A_aircraft,G3-A_aircraft-01,T016,4290.571699071649,5986.329803740114,,,NEW-A_aircraft-01,procurement_required
P14_25_36,G3,A_aircraft,G3-A_aircraft-02,T007_SOFT,0.0,1712.4416357195464,T014_1,2291.687615827814,NEW-A_aircraft-02,procurement_required
P14_25_36,G3,A_aircraft,G3-A_aircraft-02,T014_1,4004.1292515473606,5699.887356215825,,,NEW-A_aircraft-02,procurement_required
P14_25_36,G3,A_aircraft,G3-A_aircraft-03,T007,3902.1292515473624,6510.170148656284,,,NEW-A_aircraft-03,procurement_required
P14_25_36,G3,A_aircraft,G3-A_aircraft-04,T020,3922.129251547361,5892.33909852418,,,NEW-A_aircraft-04,procurement_required
P14_25_36,G3,B_aircraft,G3-B_aircraft-01,T019_1,5028.582323174856,6547.606667586711,,,NEW-B_aircraft-01,procurement_required
P14_25_36,G3,C_aircraft,G3-C_aircraft-01,T018,4074.19338151371,6761.824258884327,,,NEW-C_aircraft-03,procurement_required
P14_25_36,G3,C_aircraft,G3-C_aircraft-02,T006,5262.790895633526,6542.241766493663,,,NEW-C_aircraft-04,procurement_required
P14_25_36,G3,A_batteries,G3-A_batteries-01,T007_HARD,0.0,2761.062337358848,T014_1,1243.0669141885128,A05,existing
P14_25_36,G3,A_batteries,G3-A_batteries-01,T014_1,4004.1292515473606,6815.081680695524,,,A05,existing
P14_25_36,G3,A_batteries,G3-A_batteries-02,T007_SOFT,0.0,2779.9496716386757,T016,1510.6220274329735,A06,existing
P14_25_36,G3,A_batteries,G3-A_batteries-02,T016,4290.571699071649,7122.3061158963155,,,A06,existing
P14_25_36,G3,A_batteries,G3-A_batteries-03,T007,3902.1292515473624,7963.433611739875,,,NEW-A_batteries-01,procurement_required
P14_25_36,G3,A_batteries,G3-A_batteries-04,T020,3922.129251547361,7132.339749211256,,,NEW-A_batteries-02,procurement_required
P14_25_36,G3,B_batteries,G3-B_batteries-01,T019_1,5028.582323174856,8012.288751525202,,,NEW-B_batteries-01,procurement_required
P14_25_36,G3,C_batteries,G3-C_batteries-01,T018,4074.19338151371,9324.985225954879,,,NEW-C_batteries-02,procurement_required
P14_25_36,G3,C_batteries,G3-C_batteries-02,T006,5262.790895633526,7891.7506752339295,,,NEW-C_batteries-03,procurement_required
P14_25_36,G3,relay_aircraft,G3-relay_aircraft-01,R001,190.13731902940862,1999.297638856333,R002,2142.9689317204375,NEW-relay_aircraft-01,procurement_required
P14_25_36,G3,relay_aircraft,G3-relay_aircraft-01,R002,4142.26657057677,7037.879962031191,,,NEW-relay_aircraft-01,procurement_required
P14_25_36,G3,relay_components,G3-relay_components-01,R001,190.13731902940862,2344.3073253046314,R002,1797.959245272139,RE03,existing
P14_25_36,G3,relay_components,G3-relay_components-01,R002,4142.26657057677,7517.75318080825,,,RE03,existing
P146_2_35,G1,A_aircraft,G1-A_aircraft-01,T005,0.0,1312.470877312685,,,U01,existing
P146_2_35,G1,A_aircraft,G1-A_aircraft-02,T009,0.0,1316.0142144169886,,,U02,existing
P146_2_35,G1,C_aircraft,G1-C_aircraft-01,T001,0.0,1561.4261775174655,T006,3701.3647181160604,U07,existing
P146_2_35,G1,C_aircraft,G1-C_aircraft-01,T006,5262.790895633526,6542.241766493663,,,U07,existing
P146_2_35,G1,C_aircraft,G1-C_aircraft-02,T003,0.0,1429.4261775174655,T010_2,5.000099999999975,U08,existing
P146_2_35,G1,C_aircraft,G1-C_aircraft-02,T010_2,1434.4262775174655,2867.4613603954576,,,U08,existing
P146_2_35,G1,A_batteries,G1-A_batteries-01,T005,0.0,2178.7887122874713,,,A01,existing
P146_2_35,G1,A_batteries,G1-A_batteries-02,T009,0.0,2194.736329391266,,,A02,existing
P146_2_35,G1,C_batteries,G1-C_batteries-01,T001,0.0,3150.0928537629516,,,C01,existing
P146_2_35,G1,C_batteries,G1-C_batteries-02,T003,0.0,2947.606630665684,T006,2315.184264967842,C02,existing
P146_2_35,G1,C_batteries,G1-C_batteries-02,T006,5262.790895633526,7891.7506752339295,,,C02,existing
P146_2_35,G1,C_batteries,G1-C_batteries-03,T010_2,1434.4262775174655,4330.702121185847,,,C03,existing
P146_2_35,G2,A_aircraft,G2-A_aircraft-01,T004,2004.1116402352573,4285.571599071649,,,U03,existing
P146_2_35,G2,A_aircraft,G2-A_aircraft-02,T022,2034.1116402352575,3725.6461264742065,,,U04,existing
P146_2_35,G2,B_aircraft,G2-B_aircraft-01,T013,3065.5409516878613,5023.582223174855,,,U05,existing
P146_2_35,G2,B_aircraft,G2-B_aircraft-02,T021,3813.1314217671124,5711.172693254107,,,U06,existing
P146_2_35,G2,C_aircraft,G2-C_aircraft-01,T012,1954.111640235257,4069.1932815137097,,,NEW-C_aircraft-01,procurement_required
P146_2_35,G2,C_aircraft,G2-C_aircraft-02,T014_2,2952.606730665684,5257.790795633526,,,NEW-C_aircraft-02,procurement_required
P146_2_35,G2,A_batteries,G2-A_batteries-01,T004,2004.1116402352573,5653.515220850031,,,A03,existing
P146_2_35,G2,A_batteries,G2-A_batteries-02,T022,2034.1116402352575,4901.140633153662,,,A04,existing
P146_2_35,G2,B_batteries,G2-B_batteries-01,T013,3065.5409516878613,6982.827850660446,,,B01,existing
P146_2_35,G2,B_batteries,G2-B_batteries-02,T021,3813.1314217671124,7578.354845171716,,,B02,existing
P146_2_35,G2,C_batteries,G2-C_batteries-01,T012,1954.111640235257,6561.858998965378,,,C04,existing
P146_2_35,G2,C_batteries,G2-C_batteries-02,T014_2,2952.606730665684,7764.037455028012,,,NEW-C_batteries-01,procurement_required
P146_2_35,G2,relay_aircraft,G2-relay_aircraft-01,R003,2004.2977388563338,6244.037452916951,,,R01,existing
P146_2_35,G2,relay_components,G2-relay_components-01,R003,2004.2977388563338,6902.075499094418,,,RE01,existing
P146_2_35,G3,A_aircraft,G3-A_aircraft-01,T007_HARD,0.0,1712.4416357195464,T016,2578.1300633521028,NEW-A_aircraft-01,procurement_required
P146_2_35,G3,A_aircraft,G3-A_aircraft-01,T016,4290.571699071649,5986.329803740114,,,NEW-A_aircraft-01,procurement_required
P146_2_35,G3,A_aircraft,G3-A_aircraft-02,T007_SOFT,0.0,1712.4416357195464,T014_1,2291.687615827814,NEW-A_aircraft-02,procurement_required
P146_2_35,G3,A_aircraft,G3-A_aircraft-02,T014_1,4004.1292515473606,5699.887356215825,,,NEW-A_aircraft-02,procurement_required
P146_2_35,G3,A_aircraft,G3-A_aircraft-03,T007,3902.1292515473624,6510.170148656284,,,NEW-A_aircraft-03,procurement_required
P146_2_35,G3,A_aircraft,G3-A_aircraft-04,T020,3922.129251547361,5892.33909852418,,,NEW-A_aircraft-04,procurement_required
P146_2_35,G3,B_aircraft,G3-B_aircraft-01,T002_2,0.0,1500.9693925601796,T015,5.0000999999997475,NEW-B_aircraft-01,procurement_required
P146_2_35,G3,B_aircraft,G3-B_aircraft-01,T015,1505.9694925601793,3060.540851687861,T019_1,1968.0414714869953,NEW-B_aircraft-01,procurement_required
P146_2_35,G3,B_aircraft,G3-B_aircraft-01,T019_1,5028.582323174856,6547.606667586711,,,NEW-B_aircraft-01,procurement_required
P146_2_35,G3,B_aircraft,G3-B_aircraft-02,T011,0.0,1944.0244440219892,T008,5.000100000000202,NEW-B_aircraft-02,procurement_required
P146_2_35,G3,B_aircraft,G3-B_aircraft-02,T008,1949.0245440219894,3793.5634341775567,,,NEW-B_aircraft-02,procurement_required
P146_2_35,G3,C_aircraft,G3-C_aircraft-01,T018,4074.19338151371,6761.824258884327,,,NEW-C_aircraft-03,procurement_required
P146_2_35,G3,A_batteries,G3-A_batteries-01,T007_HARD,0.0,2761.062337358848,T014_1,1243.0669141885128,A05,existing
P146_2_35,G3,A_batteries,G3-A_batteries-01,T014_1,4004.1292515473606,6815.081680695524,,,A05,existing
P146_2_35,G3,A_batteries,G3-A_batteries-02,T007_SOFT,0.0,2779.9496716386757,T016,1510.6220274329735,A06,existing
P146_2_35,G3,A_batteries,G3-A_batteries-02,T016,4290.571699071649,7122.3061158963155,,,A06,existing
P146_2_35,G3,A_batteries,G3-A_batteries-03,T007,3902.1292515473624,7963.433611739875,,,NEW-A_batteries-01,procurement_required
P146_2_35,G3,A_batteries,G3-A_batteries-04,T020,3922.129251547361,7132.339749211256,,,NEW-A_batteries-02,procurement_required
P146_2_35,G3,B_batteries,G3-B_batteries-01,T002_2,0.0,2956.647180248775,T019_1,2071.9351429260814,B03,existing
P146_2_35,G3,B_batteries,G3-B_batteries-01,T019_1,5028.582323174856,8012.288751525202,,,B03,existing
P146_2_35,G3,B_batteries,G3-B_batteries-02,T011,0.0,3808.1313217671122,,,B04,existing
P146_2_35,G3,B_batteries,G3-B_batteries-03,T015,1505.9694925601793,4516.326993610754,,,NEW-B_batteries-01,procurement_required
P146_2_35,G3,B_batteries,G3-B_batteries-04,T008,1949.0245440219894,5382.225397256939,,,NEW-B_batteries-02,procurement_required
P146_2_35,G3,C_batteries,G3-C_batteries-01,T018,4074.19338151371,9324.985225954879,,,NEW-C_batteries-02,procurement_required
P146_2_35,G3,relay_aircraft,G3-relay_aircraft-01,R004,96.18236555369127,4137.266470460487,,,R02,existing
P146_2_35,G3,relay_aircraft,G3-relay_aircraft-02,R001,190.13731902940862,1999.297638856333,R002,2142.9689317204375,NEW-relay_aircraft-01,procurement_required
P146_2_35,G3,relay_aircraft,G3-relay_aircraft-02,R002,4142.26657057677,7037.879962031191,,,NEW-relay_aircraft-01,procurement_required
P146_2_35,G3,relay_components,G3-relay_components-01,R004,96.18236555369127,4763.024275968738,,,RE02,existing
P146_2_35,G3,relay_components,G3-relay_components-02,R001,190.13731902940862,2344.3073253046314,R002,1797.959245272139,RE03,existing
P146_2_35,G3,relay_components,G3-relay_components-02,R002,4142.26657057677,7517.75318080825,,,RE03,existing
P14_26_35,G1,A_aircraft,G1-A_aircraft-01,T005,0.0,1312.470877312685,,,U01,existing
P14_26_35,G1,A_aircraft,G1-A_aircraft-02,T009,0.0,1316.0142144169886,,,U02,existing
P14_26_35,G1,C_aircraft,G1-C_aircraft-01,T001,0.0,1561.4261775174655,,,U07,existing
P14_26_35,G1,C_aircraft,G1-C_aircraft-02,T003,0.0,1429.4261775174655,T010_2,5.000099999999975,U08,existing
P14_26_35,G1,C_aircraft,G1-C_aircraft-02,T010_2,1434.4262775174655,2867.4613603954576,,,U08,existing
P14_26_35,G1,A_batteries,G1-A_batteries-01,T005,0.0,2178.7887122874713,,,A01,existing
P14_26_35,G1,A_batteries,G1-A_batteries-02,T009,0.0,2194.736329391266,,,A02,existing
P14_26_35,G1,C_batteries,G1-C_batteries-01,T001,0.0,3150.0928537629516,,,C01,existing
P14_26_35,G1,C_batteries,G1-C_batteries-02,T003,0.0,2947.606630665684,,,C02,existing
P14_26_35,G1,C_batteries,G1-C_batteries-03,T010_2,1434.4262775174655,4330.702121185847,,,C03,existing
P14_26_35,G2,A_aircraft,G2-A_aircraft-01,T004,2004.1116402352573,4285.571599071649,,,U03,existing
P14_26_35,G2,A_aircraft,G2-A_aircraft-02,T022,2034.1116402352575,3725.6461264742065,,,U04,existing
P14_26_35,G2,B_aircraft,G2-B_aircraft-01,T013,3065.5409516878613,5023.582223174855,,,U05,existing
P14_26_35,G2,B_aircraft,G2-B_aircraft-02,T021,3813.1314217671124,5711.172693254107,,,U06,existing
P14_26_35,G2,C_aircraft,G2-C_aircraft-01,T012,1954.111640235257,4069.1932815137097,T006,1193.5976141198162,NEW-C_aircraft-01,procurement_required
P14_26_35,G2,C_aircraft,G2-C_aircraft-01,T006,5262.790895633526,6542.241766493663,,,NEW-C_aircraft-01,procurement_required
P14_26_35,G2,C_aircraft,G2-C_aircraft-02,T014_2,2952.606730665684,5257.790795633526,,,NEW-C_aircraft-02,procurement_required
P14_26_35,G2,A_batteries,G2-A_batteries-01,T004,2004.1116402352573,5653.515220850031,,,A03,existing
P14_26_35,G2,A_batteries,G2-A_batteries-02,T022,2034.1116402352575,4901.140633153662,,,A04,existing
P14_26_35,G2,B_batteries,G2-B_batteries-01,T013,3065.5409516878613,6982.827850660446,,,B01,existing
P14_26_35,G2,B_batteries,G2-B_batteries-02,T021,3813.1314217671124,7578.354845171716,,,B02,existing
P14_26_35,G2,C_batteries,G2-C_batteries-01,T012,1954.111640235257,6561.858998965378,,,C04,existing
P14_26_35,G2,C_batteries,G2-C_batteries-02,T014_2,2952.606730665684,7764.037455028012,,,NEW-C_batteries-01,procurement_required
P14_26_35,G2,C_batteries,G2-C_batteries-03,T006,5262.790895633526,7891.7506752339295,,,NEW-C_batteries-02,procurement_required
P14_26_35,G2,relay_aircraft,G2-relay_aircraft-01,R003,2004.2977388563338,6244.037452916951,,,R01,existing
P14_26_35,G2,relay_components,G2-relay_components-01,R003,2004.2977388563338,6902.075499094418,,,RE01,existing
P14_26_35,G3,A_aircraft,G3-A_aircraft-01,T007_HARD,0.0,1712.4416357195464,T016,2578.1300633521028,NEW-A_aircraft-01,procurement_required
P14_26_35,G3,A_aircraft,G3-A_aircraft-01,T016,4290.571699071649,5986.329803740114,,,NEW-A_aircraft-01,procurement_required
P14_26_35,G3,A_aircraft,G3-A_aircraft-02,T007_SOFT,0.0,1712.4416357195464,T014_1,2291.687615827814,NEW-A_aircraft-02,procurement_required
P14_26_35,G3,A_aircraft,G3-A_aircraft-02,T014_1,4004.1292515473606,5699.887356215825,,,NEW-A_aircraft-02,procurement_required
P14_26_35,G3,A_aircraft,G3-A_aircraft-03,T007,3902.1292515473624,6510.170148656284,,,NEW-A_aircraft-03,procurement_required
P14_26_35,G3,A_aircraft,G3-A_aircraft-04,T020,3922.129251547361,5892.33909852418,,,NEW-A_aircraft-04,procurement_required
P14_26_35,G3,B_aircraft,G3-B_aircraft-01,T002_2,0.0,1500.9693925601796,T015,5.0000999999997475,NEW-B_aircraft-01,procurement_required
P14_26_35,G3,B_aircraft,G3-B_aircraft-01,T015,1505.9694925601793,3060.540851687861,T019_1,1968.0414714869953,NEW-B_aircraft-01,procurement_required
P14_26_35,G3,B_aircraft,G3-B_aircraft-01,T019_1,5028.582323174856,6547.606667586711,,,NEW-B_aircraft-01,procurement_required
P14_26_35,G3,B_aircraft,G3-B_aircraft-02,T011,0.0,1944.0244440219892,T008,5.000100000000202,NEW-B_aircraft-02,procurement_required
P14_26_35,G3,B_aircraft,G3-B_aircraft-02,T008,1949.0245440219894,3793.5634341775567,,,NEW-B_aircraft-02,procurement_required
P14_26_35,G3,C_aircraft,G3-C_aircraft-01,T018,4074.19338151371,6761.824258884327,,,NEW-C_aircraft-03,procurement_required
P14_26_35,G3,A_batteries,G3-A_batteries-01,T007_HARD,0.0,2761.062337358848,T014_1,1243.0669141885128,A05,existing
P14_26_35,G3,A_batteries,G3-A_batteries-01,T014_1,4004.1292515473606,6815.081680695524,,,A05,existing
P14_26_35,G3,A_batteries,G3-A_batteries-02,T007_SOFT,0.0,2779.9496716386757,T016,1510.6220274329735,A06,existing
P14_26_35,G3,A_batteries,G3-A_batteries-02,T016,4290.571699071649,7122.3061158963155,,,A06,existing
P14_26_35,G3,A_batteries,G3-A_batteries-03,T007,3902.1292515473624,7963.433611739875,,,NEW-A_batteries-01,procurement_required
P14_26_35,G3,A_batteries,G3-A_batteries-04,T020,3922.129251547361,7132.339749211256,,,NEW-A_batteries-02,procurement_required
P14_26_35,G3,B_batteries,G3-B_batteries-01,T002_2,0.0,2956.647180248775,T019_1,2071.9351429260814,B03,existing
P14_26_35,G3,B_batteries,G3-B_batteries-01,T019_1,5028.582323174856,8012.288751525202,,,B03,existing
P14_26_35,G3,B_batteries,G3-B_batteries-02,T011,0.0,3808.1313217671122,,,B04,existing
P14_26_35,G3,B_batteries,G3-B_batteries-03,T015,1505.9694925601793,4516.326993610754,,,NEW-B_batteries-01,procurement_required
P14_26_35,G3,B_batteries,G3-B_batteries-04,T008,1949.0245440219894,5382.225397256939,,,NEW-B_batteries-02,procurement_required
P14_26_35,G3,C_batteries,G3-C_batteries-01,T018,4074.19338151371,9324.985225954879,,,NEW-C_batteries-03,procurement_required
P14_26_35,G3,relay_aircraft,G3-relay_aircraft-01,R004,96.18236555369127,4137.266470460487,,,R02,existing
P14_26_35,G3,relay_aircraft,G3-relay_aircraft-02,R001,190.13731902940862,1999.297638856333,R002,2142.9689317204375,NEW-relay_aircraft-01,procurement_required
P14_26_35,G3,relay_aircraft,G3-relay_aircraft-02,R002,4142.26657057677,7037.879962031191,,,NEW-relay_aircraft-01,procurement_required
P14_26_35,G3,relay_components,G3-relay_components-01,R004,96.18236555369127,4763.024275968738,,,RE02,existing
P14_26_35,G3,relay_components,G3-relay_components-02,R001,190.13731902940862,2344.3073253046314,R002,1797.959245272139,RE03,existing
P14_26_35,G3,relay_components,G3-relay_components-02,R002,4142.26657057677,7517.75318080825,,,RE03,existing
P14_2_356,G1,A_aircraft,G1-A_aircraft-01,T005,0.0,1312.470877312685,,,U01,existing
P14_2_356,G1,A_aircraft,G1-A_aircraft-02,T009,0.0,1316.0142144169886,,,U02,existing
P14_2_356,G1,C_aircraft,G1-C_aircraft-01,T001,0.0,1561.4261775174655,,,U07,existing
P14_2_356,G1,C_aircraft,G1-C_aircraft-02,T003,0.0,1429.4261775174655,T010_2,5.000099999999975,U08,existing
P14_2_356,G1,C_aircraft,G1-C_aircraft-02,T010_2,1434.4262775174655,2867.4613603954576,,,U08,existing
P14_2_356,G1,A_batteries,G1-A_batteries-01,T005,0.0,2178.7887122874713,,,A01,existing
P14_2_356,G1,A_batteries,G1-A_batteries-02,T009,0.0,2194.736329391266,,,A02,existing
P14_2_356,G1,C_batteries,G1-C_batteries-01,T001,0.0,3150.0928537629516,,,C01,existing
P14_2_356,G1,C_batteries,G1-C_batteries-02,T003,0.0,2947.606630665684,,,C02,existing
P14_2_356,G1,C_batteries,G1-C_batteries-03,T010_2,1434.4262775174655,4330.702121185847,,,C03,existing
P14_2_356,G2,A_aircraft,G2-A_aircraft-01,T004,2004.1116402352573,4285.571599071649,,,U03,existing
P14_2_356,G2,A_aircraft,G2-A_aircraft-02,T022,2034.1116402352575,3725.6461264742065,,,U04,existing
P14_2_356,G2,B_aircraft,G2-B_aircraft-01,T013,3065.5409516878613,5023.582223174855,,,U05,existing
P14_2_356,G2,B_aircraft,G2-B_aircraft-02,T021,3813.1314217671124,5711.172693254107,,,U06,existing
P14_2_356,G2,C_aircraft,G2-C_aircraft-01,T012,1954.111640235257,4069.1932815137097,,,NEW-C_aircraft-01,procurement_required
P14_2_356,G2,C_aircraft,G2-C_aircraft-02,T014_2,2952.606730665684,5257.790795633526,,,NEW-C_aircraft-02,procurement_required
P14_2_356,G2,A_batteries,G2-A_batteries-01,T004,2004.1116402352573,5653.515220850031,,,A03,existing
P14_2_356,G2,A_batteries,G2-A_batteries-02,T022,2034.1116402352575,4901.140633153662,,,A04,existing
P14_2_356,G2,B_batteries,G2-B_batteries-01,T013,3065.5409516878613,6982.827850660446,,,B01,existing
P14_2_356,G2,B_batteries,G2-B_batteries-02,T021,3813.1314217671124,7578.354845171716,,,B02,existing
P14_2_356,G2,C_batteries,G2-C_batteries-01,T012,1954.111640235257,6561.858998965378,,,C04,existing
P14_2_356,G2,C_batteries,G2-C_batteries-02,T014_2,2952.606730665684,7764.037455028012,,,NEW-C_batteries-01,procurement_required
P14_2_356,G2,relay_aircraft,G2-relay_aircraft-01,R003,2004.2977388563338,6244.037452916951,,,R01,existing
P14_2_356,G2,relay_components,G2-relay_components-01,R003,2004.2977388563338,6902.075499094418,,,RE01,existing
P14_2_356,G3,A_aircraft,G3-A_aircraft-01,T007_HARD,0.0,1712.4416357195464,T016,2578.1300633521028,NEW-A_aircraft-01,procurement_required
P14_2_356,G3,A_aircraft,G3-A_aircraft-01,T016,4290.571699071649,5986.329803740114,,,NEW-A_aircraft-01,procurement_required
P14_2_356,G3,A_aircraft,G3-A_aircraft-02,T007_SOFT,0.0,1712.4416357195464,T014_1,2291.687615827814,NEW-A_aircraft-02,procurement_required
P14_2_356,G3,A_aircraft,G3-A_aircraft-02,T014_1,4004.1292515473606,5699.887356215825,,,NEW-A_aircraft-02,procurement_required
P14_2_356,G3,A_aircraft,G3-A_aircraft-03,T007,3902.1292515473624,6510.170148656284,,,NEW-A_aircraft-03,procurement_required
P14_2_356,G3,A_aircraft,G3-A_aircraft-04,T020,3922.129251547361,5892.33909852418,,,NEW-A_aircraft-04,procurement_required
P14_2_356,G3,B_aircraft,G3-B_aircraft-01,T002_2,0.0,1500.9693925601796,T015,5.0000999999997475,NEW-B_aircraft-01,procurement_required
P14_2_356,G3,B_aircraft,G3-B_aircraft-01,T015,1505.9694925601793,3060.540851687861,T019_1,1968.0414714869953,NEW-B_aircraft-01,procurement_required
P14_2_356,G3,B_aircraft,G3-B_aircraft-01,T019_1,5028.582323174856,6547.606667586711,,,NEW-B_aircraft-01,procurement_required
P14_2_356,G3,B_aircraft,G3-B_aircraft-02,T011,0.0,1944.0244440219892,T008,5.000100000000202,NEW-B_aircraft-02,procurement_required
P14_2_356,G3,B_aircraft,G3-B_aircraft-02,T008,1949.0245440219894,3793.5634341775567,,,NEW-B_aircraft-02,procurement_required
P14_2_356,G3,C_aircraft,G3-C_aircraft-01,T018,4074.19338151371,6761.824258884327,,,NEW-C_aircraft-03,procurement_required
P14_2_356,G3,C_aircraft,G3-C_aircraft-02,T006,5262.790895633526,6542.241766493663,,,NEW-C_aircraft-04,procurement_required
P14_2_356,G3,A_batteries,G3-A_batteries-01,T007_HARD,0.0,2761.062337358848,T014_1,1243.0669141885128,A05,existing
P14_2_356,G3,A_batteries,G3-A_batteries-01,T014_1,4004.1292515473606,6815.081680695524,,,A05,existing
P14_2_356,G3,A_batteries,G3-A_batteries-02,T007_SOFT,0.0,2779.9496716386757,T016,1510.6220274329735,A06,existing
P14_2_356,G3,A_batteries,G3-A_batteries-02,T016,4290.571699071649,7122.3061158963155,,,A06,existing
P14_2_356,G3,A_batteries,G3-A_batteries-03,T007,3902.1292515473624,7963.433611739875,,,NEW-A_batteries-01,procurement_required
P14_2_356,G3,A_batteries,G3-A_batteries-04,T020,3922.129251547361,7132.339749211256,,,NEW-A_batteries-02,procurement_required
P14_2_356,G3,B_batteries,G3-B_batteries-01,T002_2,0.0,2956.647180248775,T019_1,2071.9351429260814,B03,existing
P14_2_356,G3,B_batteries,G3-B_batteries-01,T019_1,5028.582323174856,8012.288751525202,,,B03,existing
P14_2_356,G3,B_batteries,G3-B_batteries-02,T011,0.0,3808.1313217671122,,,B04,existing
P14_2_356,G3,B_batteries,G3-B_batteries-03,T015,1505.9694925601793,4516.326993610754,,,NEW-B_batteries-01,procurement_required
P14_2_356,G3,B_batteries,G3-B_batteries-04,T008,1949.0245440219894,5382.225397256939,,,NEW-B_batteries-02,procurement_required
P14_2_356,G3,C_batteries,G3-C_batteries-01,T018,4074.19338151371,9324.985225954879,,,NEW-C_batteries-02,procurement_required
P14_2_356,G3,C_batteries,G3-C_batteries-02,T006,5262.790895633526,7891.7506752339295,,,NEW-C_batteries-03,procurement_required
P14_2_356,G3,relay_aircraft,G3-relay_aircraft-01,R004,96.18236555369127,4137.266470460487,,,R02,existing
P14_2_356,G3,relay_aircraft,G3-relay_aircraft-02,R001,190.13731902940862,1999.297638856333,R002,2142.9689317204375,NEW-relay_aircraft-01,procurement_required
P14_2_356,G3,relay_aircraft,G3-relay_aircraft-02,R002,4142.26657057677,7037.879962031191,,,NEW-relay_aircraft-01,procurement_required
P14_2_356,G3,relay_components,G3-relay_components-01,R004,96.18236555369127,4763.024275968738,,,RE02,existing
P14_2_356,G3,relay_components,G3-relay_components-02,R001,190.13731902940862,2344.3073253046314,R002,1797.959245272139,RE03,existing
P14_2_356,G3,relay_components,G3-relay_components-02,R002,4142.26657057677,7517.75318080825,,,RE03,existing
P156_24_3,G1,A_aircraft,G1-A_aircraft-01,T005,0.0,1312.470877312685,,,U01,existing
P156_24_3,G1,B_aircraft,G1-B_aircraft-01,T002_2,0.0,1500.9693925601796,T015,5.0000999999997475,U05,existing
P156_24_3,G1,B_aircraft,G1-B_aircraft-01,T015,1505.9694925601793,3060.540851687861,,,U05,existing
P156_24_3,G1,B_aircraft,G1-B_aircraft-02,T011,0.0,1944.0244440219892,T008,5.000100000000202,U06,existing
P156_24_3,G1,B_aircraft,G1-B_aircraft-02,T008,1949.0245440219894,3793.5634341775567,,,U06,existing
P156_24_3,G1,C_aircraft,G1-C_aircraft-01,T001,0.0,1561.4261775174655,,,U07,existing
P156_24_3,G1,C_aircraft,G1-C_aircraft-02,T003,0.0,1429.4261775174655,T006,3833.3647181160604,U08,existing
P156_24_3,G1,C_aircraft,G1-C_aircraft-02,T006,5262.790895633526,6542.241766493663,,,U08,existing
P156_24_3,G1,A_batteries,G1-A_batteries-01,T005,0.0,2178.7887122874713,,,A01,existing
P156_24_3,G1,B_batteries,G1-B_batteries-01,T002_2,0.0,2956.647180248775,,,B01,existing
P156_24_3,G1,B_batteries,G1-B_batteries-02,T011,0.0,3808.1313217671122,,,B02,existing
P156_24_3,G1,B_batteries,G1-B_batteries-03,T015,1505.9694925601793,4516.326993610754,,,B03,existing
P156_24_3,G1,B_batteries,G1-B_batteries-04,T008,1949.0245440219894,5382.225397256939,,,B04,existing
P156_24_3,G1,C_batteries,G1-C_batteries-01,T001,0.0,3150.0928537629516,,,C01,existing
P156_24_3,G1,C_batteries,G1-C_batteries-02,T003,0.0,2947.606630665684,T006,2315.184264967842,C02,existing
P156_24_3,G1,C_batteries,G1-C_batteries-02,T006,5262.790895633526,7891.7506752339295,,,C02,existing
P156_24_3,G1,relay_aircraft,G1-relay_aircraft-01,R004,96.18236555369127,4137.266470460487,,,R01,existing
P156_24_3,G1,relay_components,G1-relay_components-01,R004,96.18236555369127,4763.024275968738,,,RE01,existing
P156_24_3,G2,A_aircraft,G2-A_aircraft-01,T009,0.0,1316.0142144169886,T022,718.0974258182689,U02,existing
P156_24_3,G2,A_aircraft,G2-A_aircraft-01,T022,2034.1116402352575,3725.6461264742065,,,U02,existing
P156_24_3,G2,A_aircraft,G2-A_aircraft-02,T004,2004.1116402352573,4285.571599071649,,,U03,existing
P156_24_3,G2,B_aircraft,G2-B_aircraft-01,T013,3065.5409516878613,5023.582223174855,,,NEW-B_aircraft-01,procurement_required
P156_24_3,G2,B_aircraft,G2-B_aircraft-02,T021,3813.1314217671124,5711.172693254107,,,NEW-B_aircraft-02,procurement_required
P156_24_3,G2,C_aircraft,G2-C_aircraft-01,T010_2,1434.4262775174655,2867.4613603954576,T014_2,85.14537027022652,NEW-C_aircraft-01,procurement_required
P156_24_3,G2,C_aircraft,G2-C_aircraft-01,T014_2,2952.606730665684,5257.790795633526,,,NEW-C_aircraft-01,procurement_required
P156_24_3,G2,C_aircraft,G2-C_aircraft-02,T012,1954.111640235257,4069.1932815137097,,,NEW-C_aircraft-02,procurement_required
P156_24_3,G2,A_batteries,G2-A_batteries-01,T009,0.0,2194.736329391266,,,A02,existing
P156_24_3,G2,A_batteries,G2-A_batteries-02,T004,2004.1116402352573,5653.515220850031,,,A03,existing
P156_24_3,G2,A_batteries,G2-A_batteries-03,T022,2034.1116402352575,4901.140633153662,,,A04,existing
P156_24_3,G2,B_batteries,G2-B_batteries-01,T013,3065.5409516878613,6982.827850660446,,,NEW-B_batteries-01,procurement_required
P156_24_3,G2,B_batteries,G2-B_batteries-02,T021,3813.1314217671124,7578.354845171716,,,NEW-B_batteries-02,procurement_required
P156_24_3,G2,C_batteries,G2-C_batteries-01,T010_2,1434.4262775174655,4330.702121185847,,,C03,existing
P156_24_3,G2,C_batteries,G2-C_batteries-02,T012,1954.111640235257,6561.858998965378,,,C04,existing
P156_24_3,G2,C_batteries,G2-C_batteries-03,T014_2,2952.606730665684,7764.037455028012,,,NEW-C_batteries-01,procurement_required
P156_24_3,G2,relay_aircraft,G2-relay_aircraft-01,R003,2004.2977388563338,6244.037452916951,,,R02,existing
P156_24_3,G2,relay_components,G2-relay_components-01,R003,2004.2977388563338,6902.075499094418,,,RE02,existing
P156_24_3,G3,A_aircraft,G3-A_aircraft-01,T007_HARD,0.0,1712.4416357195464,T016,2578.1300633521028,U04,existing
P156_24_3,G3,A_aircraft,G3-A_aircraft-01,T016,4290.571699071649,5986.329803740114,,,U04,existing
P156_24_3,G3,A_aircraft,G3-A_aircraft-02,T007_SOFT,0.0,1712.4416357195464,T014_1,2291.687615827814,NEW-A_aircraft-01,procurement_required
P156_24_3,G3,A_aircraft,G3-A_aircraft-02,T014_1,4004.1292515473606,5699.887356215825,,,NEW-A_aircraft-01,procurement_required
P156_24_3,G3,A_aircraft,G3-A_aircraft-03,T007,3902.1292515473624,6510.170148656284,,,NEW-A_aircraft-02,procurement_required
P156_24_3,G3,A_aircraft,G3-A_aircraft-04,T020,3922.129251547361,5892.33909852418,,,NEW-A_aircraft-03,procurement_required
P156_24_3,G3,B_aircraft,G3-B_aircraft-01,T019_1,5028.582323174856,6547.606667586711,,,NEW-B_aircraft-03,procurement_required
P156_24_3,G3,C_aircraft,G3-C_aircraft-01,T018,4074.19338151371,6761.824258884327,,,NEW-C_aircraft-03,procurement_required
P156_24_3,G3,A_batteries,G3-A_batteries-01,T007_HARD,0.0,2761.062337358848,T014_1,1243.0669141885128,A05,existing
P156_24_3,G3,A_batteries,G3-A_batteries-01,T014_1,4004.1292515473606,6815.081680695524,,,A05,existing
P156_24_3,G3,A_batteries,G3-A_batteries-02,T007_SOFT,0.0,2779.9496716386757,T016,1510.6220274329735,A06,existing
P156_24_3,G3,A_batteries,G3-A_batteries-02,T016,4290.571699071649,7122.3061158963155,,,A06,existing
P156_24_3,G3,A_batteries,G3-A_batteries-03,T007,3902.1292515473624,7963.433611739875,,,NEW-A_batteries-01,procurement_required
P156_24_3,G3,A_batteries,G3-A_batteries-04,T020,3922.129251547361,7132.339749211256,,,NEW-A_batteries-02,procurement_required
P156_24_3,G3,B_batteries,G3-B_batteries-01,T019_1,5028.582323174856,8012.288751525202,,,NEW-B_batteries-03,procurement_required
P156_24_3,G3,C_batteries,G3-C_batteries-01,T018,4074.19338151371,9324.985225954879,,,NEW-C_batteries-02,procurement_required
P156_24_3,G3,relay_aircraft,G3-relay_aircraft-01,R001,190.13731902940862,1999.297638856333,R002,2142.9689317204375,NEW-relay_aircraft-01,procurement_required
P156_24_3,G3,relay_aircraft,G3-relay_aircraft-01,R002,4142.26657057677,7037.879962031191,,,NEW-relay_aircraft-01,procurement_required
P156_24_3,G3,relay_components,G3-relay_components-01,R001,190.13731902940862,2344.3073253046314,R002,1797.959245272139,RE03,existing
P156_24_3,G3,relay_components,G3-relay_components-01,R002,4142.26657057677,7517.75318080825,,,RE03,existing
P15_246_3,G1,A_aircraft,G1-A_aircraft-01,T005,0.0,1312.470877312685,,,U01,existing
P15_246_3,G1,B_aircraft,G1-B_aircraft-01,T002_2,0.0,1500.9693925601796,T015,5.0000999999997475,U05,existing
P15_246_3,G1,B_aircraft,G1-B_aircraft-01,T015,1505.9694925601793,3060.540851687861,,,U05,existing
P15_246_3,G1,B_aircraft,G1-B_aircraft-02,T011,0.0,1944.0244440219892,T008,5.000100000000202,U06,existing
P15_246_3,G1,B_aircraft,G1-B_aircraft-02,T008,1949.0245440219894,3793.5634341775567,,,U06,existing
P15_246_3,G1,C_aircraft,G1-C_aircraft-01,T001,0.0,1561.4261775174655,,,U07,existing
P15_246_3,G1,C_aircraft,G1-C_aircraft-02,T003,0.0,1429.4261775174655,,,U08,existing
P15_246_3,G1,A_batteries,G1-A_batteries-01,T005,0.0,2178.7887122874713,,,A01,existing
P15_246_3,G1,B_batteries,G1-B_batteries-01,T002_2,0.0,2956.647180248775,,,B01,existing
P15_246_3,G1,B_batteries,G1-B_batteries-02,T011,0.0,3808.1313217671122,,,B02,existing
P15_246_3,G1,B_batteries,G1-B_batteries-03,T015,1505.9694925601793,4516.326993610754,,,B03,existing
P15_246_3,G1,B_batteries,G1-B_batteries-04,T008,1949.0245440219894,5382.225397256939,,,B04,existing
P15_246_3,G1,C_batteries,G1-C_batteries-01,T001,0.0,3150.0928537629516,,,C01,existing
P15_246_3,G1,C_batteries,G1-C_batteries-02,T003,0.0,2947.606630665684,,,C02,existing
P15_246_3,G1,relay_aircraft,G1-relay_aircraft-01,R004,96.18236555369127,4137.266470460487,,,R01,existing
P15_246_3,G1,relay_components,G1-relay_components-01,R004,96.18236555369127,4763.024275968738,,,RE01,existing
P15_246_3,G2,A_aircraft,G2-A_aircraft-01,T009,0.0,1316.0142144169886,T022,718.0974258182689,U02,existing
P15_246_3,G2,A_aircraft,G2-A_aircraft-01,T022,2034.1116402352575,3725.6461264742065,,,U02,existing
P15_246_3,G2,A_aircraft,G2-A_aircraft-02,T004,2004.1116402352573,4285.571599071649,,,U03,existing
P15_246_3,G2,B_aircraft,G2-B_aircraft-01,T013,3065.5409516878613,5023.582223174855,,,NEW-B_aircraft-01,procurement_required
P15_246_3,G2,B_aircraft,G2-B_aircraft-02,T021,3813.1314217671124,5711.172693254107,,,NEW-B_aircraft-02,procurement_required
P15_246_3,G2,C_aircraft,G2-C_aircraft-01,T010_2,1434.4262775174655,2867.4613603954576,T014_2,85.14537027022652,NEW-C_aircraft-01,procurement_required
P15_246_3,G2,C_aircraft,G2-C_aircraft-01,T014_2,2952.606730665684,5257.790795633526,,,NEW-C_aircraft-01,procurement_required
P15_246_3,G2,C_aircraft,G2-C_aircraft-02,T012,1954.111640235257,4069.1932815137097,T006,1193.5976141198162,NEW-C_aircraft-02,procurement_required
P15_246_3,G2,C_aircraft,G2-C_aircraft-02,T006,5262.790895633526,6542.241766493663,,,NEW-C_aircraft-02,procurement_required
P15_246_3,G2,A_batteries,G2-A_batteries-01,T009,0.0,2194.736329391266,,,A02,existing
P15_246_3,G2,A_batteries,G2-A_batteries-02,T004,2004.1116402352573,5653.515220850031,,,A03,existing
P15_246_3,G2,A_batteries,G2-A_batteries-03,T022,2034.1116402352575,4901.140633153662,,,A04,existing
P15_246_3,G2,B_batteries,G2-B_batteries-01,T013,3065.5409516878613,6982.827850660446,,,NEW-B_batteries-01,procurement_required
P15_246_3,G2,B_batteries,G2-B_batteries-02,T021,3813.1314217671124,7578.354845171716,,,NEW-B_batteries-02,procurement_required
P15_246_3,G2,C_batteries,G2-C_batteries-01,T010_2,1434.4262775174655,4330.702121185847,T006,932.0887744476786,C03,existing
P15_246_3,G2,C_batteries,G2-C_batteries-01,T006,5262.790895633526,7891.7506752339295,,,C03,existing
P15_246_3,G2,C_batteries,G2-C_batteries-02,T012,1954.111640235257,6561.858998965378,,,C04,existing
P15_246_3,G2,C_batteries,G2-C_batteries-03,T014_2,2952.606730665684,7764.037455028012,,,NEW-C_batteries-01,procurement_required
P15_246_3,G2,relay_aircraft,G2-relay_aircraft-01,R003,2004.2977388563338,6244.037452916951,,,R02,existing
P15_246_3,G2,relay_components,G2-relay_components-01,R003,2004.2977388563338,6902.075499094418,,,RE02,existing
P15_246_3,G3,A_aircraft,G3-A_aircraft-01,T007_HARD,0.0,1712.4416357195464,T016,2578.1300633521028,U04,existing
P15_246_3,G3,A_aircraft,G3-A_aircraft-01,T016,4290.571699071649,5986.329803740114,,,U04,existing
P15_246_3,G3,A_aircraft,G3-A_aircraft-02,T007_SOFT,0.0,1712.4416357195464,T014_1,2291.687615827814,NEW-A_aircraft-01,procurement_required
P15_246_3,G3,A_aircraft,G3-A_aircraft-02,T014_1,4004.1292515473606,5699.887356215825,,,NEW-A_aircraft-01,procurement_required
P15_246_3,G3,A_aircraft,G3-A_aircraft-03,T007,3902.1292515473624,6510.170148656284,,,NEW-A_aircraft-02,procurement_required
P15_246_3,G3,A_aircraft,G3-A_aircraft-04,T020,3922.129251547361,5892.33909852418,,,NEW-A_aircraft-03,procurement_required
P15_246_3,G3,B_aircraft,G3-B_aircraft-01,T019_1,5028.582323174856,6547.606667586711,,,NEW-B_aircraft-03,procurement_required
P15_246_3,G3,C_aircraft,G3-C_aircraft-01,T018,4074.19338151371,6761.824258884327,,,NEW-C_aircraft-03,procurement_required
P15_246_3,G3,A_batteries,G3-A_batteries-01,T007_HARD,0.0,2761.062337358848,T014_1,1243.0669141885128,A05,existing
P15_246_3,G3,A_batteries,G3-A_batteries-01,T014_1,4004.1292515473606,6815.081680695524,,,A05,existing
P15_246_3,G3,A_batteries,G3-A_batteries-02,T007_SOFT,0.0,2779.9496716386757,T016,1510.6220274329735,A06,existing
P15_246_3,G3,A_batteries,G3-A_batteries-02,T016,4290.571699071649,7122.3061158963155,,,A06,existing
P15_246_3,G3,A_batteries,G3-A_batteries-03,T007,3902.1292515473624,7963.433611739875,,,NEW-A_batteries-01,procurement_required
P15_246_3,G3,A_batteries,G3-A_batteries-04,T020,3922.129251547361,7132.339749211256,,,NEW-A_batteries-02,procurement_required
P15_246_3,G3,B_batteries,G3-B_batteries-01,T019_1,5028.582323174856,8012.288751525202,,,NEW-B_batteries-03,procurement_required
P15_246_3,G3,C_batteries,G3-C_batteries-01,T018,4074.19338151371,9324.985225954879,,,NEW-C_batteries-02,procurement_required
P15_246_3,G3,relay_aircraft,G3-relay_aircraft-01,R001,190.13731902940862,1999.297638856333,R002,2142.9689317204375,NEW-relay_aircraft-01,procurement_required
P15_246_3,G3,relay_aircraft,G3-relay_aircraft-01,R002,4142.26657057677,7037.879962031191,,,NEW-relay_aircraft-01,procurement_required
P15_246_3,G3,relay_components,G3-relay_components-01,R001,190.13731902940862,2344.3073253046314,R002,1797.959245272139,RE03,existing
P15_246_3,G3,relay_components,G3-relay_components-01,R002,4142.26657057677,7517.75318080825,,,RE03,existing
P15_24_36,G1,A_aircraft,G1-A_aircraft-01,T005,0.0,1312.470877312685,,,U01,existing
P15_24_36,G1,B_aircraft,G1-B_aircraft-01,T002_2,0.0,1500.9693925601796,T015,5.0000999999997475,U05,existing
P15_24_36,G1,B_aircraft,G1-B_aircraft-01,T015,1505.9694925601793,3060.540851687861,,,U05,existing
P15_24_36,G1,B_aircraft,G1-B_aircraft-02,T011,0.0,1944.0244440219892,T008,5.000100000000202,U06,existing
P15_24_36,G1,B_aircraft,G1-B_aircraft-02,T008,1949.0245440219894,3793.5634341775567,,,U06,existing
P15_24_36,G1,C_aircraft,G1-C_aircraft-01,T001,0.0,1561.4261775174655,,,U07,existing
P15_24_36,G1,C_aircraft,G1-C_aircraft-02,T003,0.0,1429.4261775174655,,,U08,existing
P15_24_36,G1,A_batteries,G1-A_batteries-01,T005,0.0,2178.7887122874713,,,A01,existing
P15_24_36,G1,B_batteries,G1-B_batteries-01,T002_2,0.0,2956.647180248775,,,B01,existing
P15_24_36,G1,B_batteries,G1-B_batteries-02,T011,0.0,3808.1313217671122,,,B02,existing
P15_24_36,G1,B_batteries,G1-B_batteries-03,T015,1505.9694925601793,4516.326993610754,,,B03,existing
P15_24_36,G1,B_batteries,G1-B_batteries-04,T008,1949.0245440219894,5382.225397256939,,,B04,existing
P15_24_36,G1,C_batteries,G1-C_batteries-01,T001,0.0,3150.0928537629516,,,C01,existing
P15_24_36,G1,C_batteries,G1-C_batteries-02,T003,0.0,2947.606630665684,,,C02,existing
P15_24_36,G1,relay_aircraft,G1-relay_aircraft-01,R004,96.18236555369127,4137.266470460487,,,R01,existing
P15_24_36,G1,relay_components,G1-relay_components-01,R004,96.18236555369127,4763.024275968738,,,RE01,existing
P15_24_36,G2,A_aircraft,G2-A_aircraft-01,T009,0.0,1316.0142144169886,T022,718.0974258182689,U02,existing
P15_24_36,G2,A_aircraft,G2-A_aircraft-01,T022,2034.1116402352575,3725.6461264742065,,,U02,existing
P15_24_36,G2,A_aircraft,G2-A_aircraft-02,T004,2004.1116402352573,4285.571599071649,,,U03,existing
P15_24_36,G2,B_aircraft,G2-B_aircraft-01,T013,3065.5409516878613,5023.582223174855,,,NEW-B_aircraft-01,procurement_required
P15_24_36,G2,B_aircraft,G2-B_aircraft-02,T021,3813.1314217671124,5711.172693254107,,,NEW-B_aircraft-02,procurement_required
P15_24_36,G2,C_aircraft,G2-C_aircraft-01,T010_2,1434.4262775174655,2867.4613603954576,T014_2,85.14537027022652,NEW-C_aircraft-01,procurement_required
P15_24_36,G2,C_aircraft,G2-C_aircraft-01,T014_2,2952.606730665684,5257.790795633526,,,NEW-C_aircraft-01,procurement_required
P15_24_36,G2,C_aircraft,G2-C_aircraft-02,T012,1954.111640235257,4069.1932815137097,,,NEW-C_aircraft-02,procurement_required
P15_24_36,G2,A_batteries,G2-A_batteries-01,T009,0.0,2194.736329391266,,,A02,existing
P15_24_36,G2,A_batteries,G2-A_batteries-02,T004,2004.1116402352573,5653.515220850031,,,A03,existing
P15_24_36,G2,A_batteries,G2-A_batteries-03,T022,2034.1116402352575,4901.140633153662,,,A04,existing
P15_24_36,G2,B_batteries,G2-B_batteries-01,T013,3065.5409516878613,6982.827850660446,,,NEW-B_batteries-01,procurement_required
P15_24_36,G2,B_batteries,G2-B_batteries-02,T021,3813.1314217671124,7578.354845171716,,,NEW-B_batteries-02,procurement_required
P15_24_36,G2,C_batteries,G2-C_batteries-01,T010_2,1434.4262775174655,4330.702121185847,,,C03,existing
P15_24_36,G2,C_batteries,G2-C_batteries-02,T012,1954.111640235257,6561.858998965378,,,C04,existing
P15_24_36,G2,C_batteries,G2-C_batteries-03,T014_2,2952.606730665684,7764.037455028012,,,NEW-C_batteries-01,procurement_required
P15_24_36,G2,relay_aircraft,G2-relay_aircraft-01,R003,2004.2977388563338,6244.037452916951,,,R02,existing
P15_24_36,G2,relay_components,G2-relay_components-01,R003,2004.2977388563338,6902.075499094418,,,RE02,existing
P15_24_36,G3,A_aircraft,G3-A_aircraft-01,T007_HARD,0.0,1712.4416357195464,T016,2578.1300633521028,U04,existing
P15_24_36,G3,A_aircraft,G3-A_aircraft-01,T016,4290.571699071649,5986.329803740114,,,U04,existing
P15_24_36,G3,A_aircraft,G3-A_aircraft-02,T007_SOFT,0.0,1712.4416357195464,T014_1,2291.687615827814,NEW-A_aircraft-01,procurement_required
P15_24_36,G3,A_aircraft,G3-A_aircraft-02,T014_1,4004.1292515473606,5699.887356215825,,,NEW-A_aircraft-01,procurement_required
P15_24_36,G3,A_aircraft,G3-A_aircraft-03,T007,3902.1292515473624,6510.170148656284,,,NEW-A_aircraft-02,procurement_required
P15_24_36,G3,A_aircraft,G3-A_aircraft-04,T020,3922.129251547361,5892.33909852418,,,NEW-A_aircraft-03,procurement_required
P15_24_36,G3,B_aircraft,G3-B_aircraft-01,T019_1,5028.582323174856,6547.606667586711,,,NEW-B_aircraft-03,procurement_required
P15_24_36,G3,C_aircraft,G3-C_aircraft-01,T018,4074.19338151371,6761.824258884327,,,NEW-C_aircraft-03,procurement_required
P15_24_36,G3,C_aircraft,G3-C_aircraft-02,T006,5262.790895633526,6542.241766493663,,,NEW-C_aircraft-04,procurement_required
P15_24_36,G3,A_batteries,G3-A_batteries-01,T007_HARD,0.0,2761.062337358848,T014_1,1243.0669141885128,A05,existing
P15_24_36,G3,A_batteries,G3-A_batteries-01,T014_1,4004.1292515473606,6815.081680695524,,,A05,existing
P15_24_36,G3,A_batteries,G3-A_batteries-02,T007_SOFT,0.0,2779.9496716386757,T016,1510.6220274329735,A06,existing
P15_24_36,G3,A_batteries,G3-A_batteries-02,T016,4290.571699071649,7122.3061158963155,,,A06,existing
P15_24_36,G3,A_batteries,G3-A_batteries-03,T007,3902.1292515473624,7963.433611739875,,,NEW-A_batteries-01,procurement_required
P15_24_36,G3,A_batteries,G3-A_batteries-04,T020,3922.129251547361,7132.339749211256,,,NEW-A_batteries-02,procurement_required
P15_24_36,G3,B_batteries,G3-B_batteries-01,T019_1,5028.582323174856,8012.288751525202,,,NEW-B_batteries-03,procurement_required
P15_24_36,G3,C_batteries,G3-C_batteries-01,T018,4074.19338151371,9324.985225954879,,,NEW-C_batteries-02,procurement_required
P15_24_36,G3,C_batteries,G3-C_batteries-02,T006,5262.790895633526,7891.7506752339295,,,NEW-C_batteries-03,procurement_required
P15_24_36,G3,relay_aircraft,G3-relay_aircraft-01,R001,190.13731902940862,1999.297638856333,R002,2142.9689317204375,NEW-relay_aircraft-01,procurement_required
P15_24_36,G3,relay_aircraft,G3-relay_aircraft-01,R002,4142.26657057677,7037.879962031191,,,NEW-relay_aircraft-01,procurement_required
P15_24_36,G3,relay_components,G3-relay_components-01,R001,190.13731902940862,2344.3073253046314,R002,1797.959245272139,RE03,existing
P15_24_36,G3,relay_components,G3-relay_components-01,R002,4142.26657057677,7517.75318080825,,,RE03,existing
P16_245_3,G1,A_aircraft,G1-A_aircraft-01,T005,0.0,1312.470877312685,,,U01,existing
P16_245_3,G1,C_aircraft,G1-C_aircraft-01,T001,0.0,1561.4261775174655,,,U07,existing
P16_245_3,G1,C_aircraft,G1-C_aircraft-02,T003,0.0,1429.4261775174655,T006,3833.3647181160604,U08,existing
P16_245_3,G1,C_aircraft,G1-C_aircraft-02,T006,5262.790895633526,6542.241766493663,,,U08,existing
P16_245_3,G1,A_batteries,G1-A_batteries-01,T005,0.0,2178.7887122874713,,,A01,existing
P16_245_3,G1,C_batteries,G1-C_batteries-01,T001,0.0,3150.0928537629516,,,C01,existing
P16_245_3,G1,C_batteries,G1-C_batteries-02,T003,0.0,2947.606630665684,T006,2315.184264967842,C02,existing
P16_245_3,G1,C_batteries,G1-C_batteries-02,T006,5262.790895633526,7891.7506752339295,,,C02,existing
P16_245_3,G2,A_aircraft,G2-A_aircraft-01,T009,0.0,1316.0142144169886,T022,718.0974258182689,U02,existing
P16_245_3,G2,A_aircraft,G2-A_aircraft-01,T022,2034.1116402352575,3725.6461264742065,,,U02,existing
P16_245_3,G2,A_aircraft,G2-A_aircraft-02,T004,2004.1116402352573,4285.571599071649,,,U03,existing
P16_245_3,G2,B_aircraft,G2-B_aircraft-01,T002_2,0.0,1500.9693925601796,T015,5.0000999999997475,U05,existing
P16_245_3,G2,B_aircraft,G2-B_aircraft-01,T015,1505.9694925601793,3060.540851687861,T013,5.000100000000202,U05,existing
P16_245_3,G2,B_aircraft,G2-B_aircraft-01,T013,3065.5409516878613,5023.582223174855,,,U05,existing
P16_245_3,G2,B_aircraft,G2-B_aircraft-02,T011,0.0,1944.0244440219892,T008,5.000100000000202,U06,existing
P16_245_3,G2,B_aircraft,G2-B_aircraft-02,T008,1949.0245440219894,3793.5634341775567,T021,19.56798758955574,U06,existing
P16_245_3,G2,B_aircraft,G2-B_aircraft-02,T021,3813.1314217671124,5711.172693254107,,,U06,existing
P16_245_3,G2,C_aircraft,G2-C_aircraft-01,T010_2,1434.4262775174655,2867.4613603954576,T014_2,85.14537027022652,NEW-C_aircraft-01,procurement_required
P16_245_3,G2,C_aircraft,G2-C_aircraft-01,T014_2,2952.606730665684,5257.790795633526,,,NEW-C_aircraft-01,procurement_required
P16_245_3,G2,C_aircraft,G2-C_aircraft-02,T012,1954.111640235257,4069.1932815137097,,,NEW-C_aircraft-02,procurement_required
P16_245_3,G2,A_batteries,G2-A_batteries-01,T009,0.0,2194.736329391266,,,A02,existing
P16_245_3,G2,A_batteries,G2-A_batteries-02,T004,2004.1116402352573,5653.515220850031,,,A03,existing
P16_245_3,G2,A_batteries,G2-A_batteries-03,T022,2034.1116402352575,4901.140633153662,,,A04,existing
P16_245_3,G2,B_batteries,G2-B_batteries-01,T002_2,0.0,2956.647180248775,T013,108.89377143908632,B01,existing
P16_245_3,G2,B_batteries,G2-B_batteries-01,T013,3065.5409516878613,6982.827850660446,,,B01,existing
P16_245_3,G2,B_batteries,G2-B_batteries-02,T011,0.0,3808.1313217671122,T021,5.000100000000202,B02,existing
P16_245_3,G2,B_batteries,G2-B_batteries-02,T021,3813.1314217671124,7578.354845171716,,,B02,existing
P16_245_3,G2,B_batteries,G2-B_batteries-03,T015,1505.9694925601793,4516.326993610754,,,B03,existing
P16_245_3,G2,B_batteries,G2-B_batteries-04,T008,1949.0245440219894,5382.225397256939,,,B04,existing
P16_245_3,G2,C_batteries,G2-C_batteries-01,T010_2,1434.4262775174655,4330.702121185847,,,C03,existing
P16_245_3,G2,C_batteries,G2-C_batteries-02,T012,1954.111640235257,6561.858998965378,,,C04,existing
P16_245_3,G2,C_batteries,G2-C_batteries-03,T014_2,2952.606730665684,7764.037455028012,,,NEW-C_batteries-01,procurement_required
P16_245_3,G2,relay_aircraft,G2-relay_aircraft-01,R004,96.18236555369127,4137.266470460487,,,R01,existing
P16_245_3,G2,relay_aircraft,G2-relay_aircraft-02,R003,2004.2977388563338,6244.037452916951,,,R02,existing
P16_245_3,G2,relay_components,G2-relay_components-01,R004,96.18236555369127,4763.024275968738,,,RE01,existing
P16_245_3,G2,relay_components,G2-relay_components-02,R003,2004.2977388563338,6902.075499094418,,,RE02,existing
P16_245_3,G3,A_aircraft,G3-A_aircraft-01,T007_HARD,0.0,1712.4416357195464,T016,2578.1300633521028,U04,existing
P16_245_3,G3,A_aircraft,G3-A_aircraft-01,T016,4290.571699071649,5986.329803740114,,,U04,existing
P16_245_3,G3,A_aircraft,G3-A_aircraft-02,T007_SOFT,0.0,1712.4416357195464,T014_1,2291.687615827814,NEW-A_aircraft-01,procurement_required
P16_245_3,G3,A_aircraft,G3-A_aircraft-02,T014_1,4004.1292515473606,5699.887356215825,,,NEW-A_aircraft-01,procurement_required
P16_245_3,G3,A_aircraft,G3-A_aircraft-03,T007,3902.1292515473624,6510.170148656284,,,NEW-A_aircraft-02,procurement_required
P16_245_3,G3,A_aircraft,G3-A_aircraft-04,T020,3922.129251547361,5892.33909852418,,,NEW-A_aircraft-03,procurement_required
P16_245_3,G3,B_aircraft,G3-B_aircraft-01,T019_1,5028.582323174856,6547.606667586711,,,NEW-B_aircraft-01,procurement_required
P16_245_3,G3,C_aircraft,G3-C_aircraft-01,T018,4074.19338151371,6761.824258884327,,,NEW-C_aircraft-03,procurement_required
P16_245_3,G3,A_batteries,G3-A_batteries-01,T007_HARD,0.0,2761.062337358848,T014_1,1243.0669141885128,A05,existing
P16_245_3,G3,A_batteries,G3-A_batteries-01,T014_1,4004.1292515473606,6815.081680695524,,,A05,existing
P16_245_3,G3,A_batteries,G3-A_batteries-02,T007_SOFT,0.0,2779.9496716386757,T016,1510.6220274329735,A06,existing
P16_245_3,G3,A_batteries,G3-A_batteries-02,T016,4290.571699071649,7122.3061158963155,,,A06,existing
P16_245_3,G3,A_batteries,G3-A_batteries-03,T007,3902.1292515473624,7963.433611739875,,,NEW-A_batteries-01,procurement_required
P16_245_3,G3,A_batteries,G3-A_batteries-04,T020,3922.129251547361,7132.339749211256,,,NEW-A_batteries-02,procurement_required
P16_245_3,G3,B_batteries,G3-B_batteries-01,T019_1,5028.582323174856,8012.288751525202,,,NEW-B_batteries-01,procurement_required
P16_245_3,G3,C_batteries,G3-C_batteries-01,T018,4074.19338151371,9324.985225954879,,,NEW-C_batteries-02,procurement_required
P16_245_3,G3,relay_aircraft,G3-relay_aircraft-01,R001,190.13731902940862,1999.297638856333,R002,2142.9689317204375,NEW-relay_aircraft-01,procurement_required
P16_245_3,G3,relay_aircraft,G3-relay_aircraft-01,R002,4142.26657057677,7037.879962031191,,,NEW-relay_aircraft-01,procurement_required
P16_245_3,G3,relay_components,G3-relay_components-01,R001,190.13731902940862,2344.3073253046314,R002,1797.959245272139,RE03,existing
P16_245_3,G3,relay_components,G3-relay_components-01,R002,4142.26657057677,7517.75318080825,,,RE03,existing
P1_2456_3,G1,A_aircraft,G1-A_aircraft-01,T005,0.0,1312.470877312685,,,U01,existing
P1_2456_3,G1,C_aircraft,G1-C_aircraft-01,T001,0.0,1561.4261775174655,,,U07,existing
P1_2456_3,G1,C_aircraft,G1-C_aircraft-02,T003,0.0,1429.4261775174655,,,U08,existing
P1_2456_3,G1,A_batteries,G1-A_batteries-01,T005,0.0,2178.7887122874713,,,A01,existing
P1_2456_3,G1,C_batteries,G1-C_batteries-01,T001,0.0,3150.0928537629516,,,C01,existing
P1_2456_3,G1,C_batteries,G1-C_batteries-02,T003,0.0,2947.606630665684,,,C02,existing
P1_2456_3,G2,A_aircraft,G2-A_aircraft-01,T009,0.0,1316.0142144169886,T022,718.0974258182689,U02,existing
P1_2456_3,G2,A_aircraft,G2-A_aircraft-01,T022,2034.1116402352575,3725.6461264742065,,,U02,existing
P1_2456_3,G2,A_aircraft,G2-A_aircraft-02,T004,2004.1116402352573,4285.571599071649,,,U03,existing
P1_2456_3,G2,B_aircraft,G2-B_aircraft-01,T002_2,0.0,1500.9693925601796,T015,5.0000999999997475,U05,existing
P1_2456_3,G2,B_aircraft,G2-B_aircraft-01,T015,1505.9694925601793,3060.540851687861,T013,5.000100000000202,U05,existing
P1_2456_3,G2,B_aircraft,G2-B_aircraft-01,T013,3065.5409516878613,5023.582223174855,,,U05,existing
P1_2456_3,G2,B_aircraft,G2-B_aircraft-02,T011,0.0,1944.0244440219892,T008,5.000100000000202,U06,existing
P1_2456_3,G2,B_aircraft,G2-B_aircraft-02,T008,1949.0245440219894,3793.5634341775567,T021,19.56798758955574,U06,existing
P1_2456_3,G2,B_aircraft,G2-B_aircraft-02,T021,3813.1314217671124,5711.172693254107,,,U06,existing
P1_2456_3,G2,C_aircraft,G2-C_aircraft-01,T010_2,1434.4262775174655,2867.4613603954576,T014_2,85.14537027022652,NEW-C_aircraft-01,procurement_required
P1_2456_3,G2,C_aircraft,G2-C_aircraft-01,T014_2,2952.606730665684,5257.790795633526,,,NEW-C_aircraft-01,procurement_required
P1_2456_3,G2,C_aircraft,G2-C_aircraft-02,T012,1954.111640235257,4069.1932815137097,T006,1193.5976141198162,NEW-C_aircraft-02,procurement_required
P1_2456_3,G2,C_aircraft,G2-C_aircraft-02,T006,5262.790895633526,6542.241766493663,,,NEW-C_aircraft-02,procurement_required
P1_2456_3,G2,A_batteries,G2-A_batteries-01,T009,0.0,2194.736329391266,,,A02,existing
P1_2456_3,G2,A_batteries,G2-A_batteries-02,T004,2004.1116402352573,5653.515220850031,,,A03,existing
P1_2456_3,G2,A_batteries,G2-A_batteries-03,T022,2034.1116402352575,4901.140633153662,,,A04,existing
P1_2456_3,G2,B_batteries,G2-B_batteries-01,T002_2,0.0,2956.647180248775,T013,108.89377143908632,B01,existing
P1_2456_3,G2,B_batteries,G2-B_batteries-01,T013,3065.5409516878613,6982.827850660446,,,B01,existing
P1_2456_3,G2,B_batteries,G2-B_batteries-02,T011,0.0,3808.1313217671122,T021,5.000100000000202,B02,existing
P1_2456_3,G2,B_batteries,G2-B_batteries-02,T021,3813.1314217671124,7578.354845171716,,,B02,existing
P1_2456_3,G2,B_batteries,G2-B_batteries-03,T015,1505.9694925601793,4516.326993610754,,,B03,existing
P1_2456_3,G2,B_batteries,G2-B_batteries-04,T008,1949.0245440219894,5382.225397256939,,,B04,existing
P1_2456_3,G2,C_batteries,G2-C_batteries-01,T010_2,1434.4262775174655,4330.702121185847,T006,932.0887744476786,C03,existing
P1_2456_3,G2,C_batteries,G2-C_batteries-01,T006,5262.790895633526,7891.7506752339295,,,C03,existing
P1_2456_3,G2,C_batteries,G2-C_batteries-02,T012,1954.111640235257,6561.858998965378,,,C04,existing
P1_2456_3,G2,C_batteries,G2-C_batteries-03,T014_2,2952.606730665684,7764.037455028012,,,NEW-C_batteries-01,procurement_required
P1_2456_3,G2,relay_aircraft,G2-relay_aircraft-01,R004,96.18236555369127,4137.266470460487,,,R01,existing
P1_2456_3,G2,relay_aircraft,G2-relay_aircraft-02,R003,2004.2977388563338,6244.037452916951,,,R02,existing
P1_2456_3,G2,relay_components,G2-relay_components-01,R004,96.18236555369127,4763.024275968738,,,RE01,existing
P1_2456_3,G2,relay_components,G2-relay_components-02,R003,2004.2977388563338,6902.075499094418,,,RE02,existing
P1_2456_3,G3,A_aircraft,G3-A_aircraft-01,T007_HARD,0.0,1712.4416357195464,T016,2578.1300633521028,U04,existing
P1_2456_3,G3,A_aircraft,G3-A_aircraft-01,T016,4290.571699071649,5986.329803740114,,,U04,existing
P1_2456_3,G3,A_aircraft,G3-A_aircraft-02,T007_SOFT,0.0,1712.4416357195464,T014_1,2291.687615827814,NEW-A_aircraft-01,procurement_required
P1_2456_3,G3,A_aircraft,G3-A_aircraft-02,T014_1,4004.1292515473606,5699.887356215825,,,NEW-A_aircraft-01,procurement_required
P1_2456_3,G3,A_aircraft,G3-A_aircraft-03,T007,3902.1292515473624,6510.170148656284,,,NEW-A_aircraft-02,procurement_required
P1_2456_3,G3,A_aircraft,G3-A_aircraft-04,T020,3922.129251547361,5892.33909852418,,,NEW-A_aircraft-03,procurement_required
P1_2456_3,G3,B_aircraft,G3-B_aircraft-01,T019_1,5028.582323174856,6547.606667586711,,,NEW-B_aircraft-01,procurement_required
P1_2456_3,G3,C_aircraft,G3-C_aircraft-01,T018,4074.19338151371,6761.824258884327,,,NEW-C_aircraft-03,procurement_required
P1_2456_3,G3,A_batteries,G3-A_batteries-01,T007_HARD,0.0,2761.062337358848,T014_1,1243.0669141885128,A05,existing
P1_2456_3,G3,A_batteries,G3-A_batteries-01,T014_1,4004.1292515473606,6815.081680695524,,,A05,existing
P1_2456_3,G3,A_batteries,G3-A_batteries-02,T007_SOFT,0.0,2779.9496716386757,T016,1510.6220274329735,A06,existing
P1_2456_3,G3,A_batteries,G3-A_batteries-02,T016,4290.571699071649,7122.3061158963155,,,A06,existing
P1_2456_3,G3,A_batteries,G3-A_batteries-03,T007,3902.1292515473624,7963.433611739875,,,NEW-A_batteries-01,procurement_required
P1_2456_3,G3,A_batteries,G3-A_batteries-04,T020,3922.129251547361,7132.339749211256,,,NEW-A_batteries-02,procurement_required
P1_2456_3,G3,B_batteries,G3-B_batteries-01,T019_1,5028.582323174856,8012.288751525202,,,NEW-B_batteries-01,procurement_required
P1_2456_3,G3,C_batteries,G3-C_batteries-01,T018,4074.19338151371,9324.985225954879,,,NEW-C_batteries-02,procurement_required
P1_2456_3,G3,relay_aircraft,G3-relay_aircraft-01,R001,190.13731902940862,1999.297638856333,R002,2142.9689317204375,NEW-relay_aircraft-01,procurement_required
P1_2456_3,G3,relay_aircraft,G3-relay_aircraft-01,R002,4142.26657057677,7037.879962031191,,,NEW-relay_aircraft-01,procurement_required
P1_2456_3,G3,relay_components,G3-relay_components-01,R001,190.13731902940862,2344.3073253046314,R002,1797.959245272139,RE03,existing
P1_2456_3,G3,relay_components,G3-relay_components-01,R002,4142.26657057677,7517.75318080825,,,RE03,existing
P1_245_36,G1,A_aircraft,G1-A_aircraft-01,T005,0.0,1312.470877312685,,,U01,existing
P1_245_36,G1,C_aircraft,G1-C_aircraft-01,T001,0.0,1561.4261775174655,,,U07,existing
P1_245_36,G1,C_aircraft,G1-C_aircraft-02,T003,0.0,1429.4261775174655,,,U08,existing
P1_245_36,G1,A_batteries,G1-A_batteries-01,T005,0.0,2178.7887122874713,,,A01,existing
P1_245_36,G1,C_batteries,G1-C_batteries-01,T001,0.0,3150.0928537629516,,,C01,existing
P1_245_36,G1,C_batteries,G1-C_batteries-02,T003,0.0,2947.606630665684,,,C02,existing
P1_245_36,G2,A_aircraft,G2-A_aircraft-01,T009,0.0,1316.0142144169886,T022,718.0974258182689,U02,existing
P1_245_36,G2,A_aircraft,G2-A_aircraft-01,T022,2034.1116402352575,3725.6461264742065,,,U02,existing
P1_245_36,G2,A_aircraft,G2-A_aircraft-02,T004,2004.1116402352573,4285.571599071649,,,U03,existing
P1_245_36,G2,B_aircraft,G2-B_aircraft-01,T002_2,0.0,1500.9693925601796,T015,5.0000999999997475,U05,existing
P1_245_36,G2,B_aircraft,G2-B_aircraft-01,T015,1505.9694925601793,3060.540851687861,T013,5.000100000000202,U05,existing
P1_245_36,G2,B_aircraft,G2-B_aircraft-01,T013,3065.5409516878613,5023.582223174855,,,U05,existing
P1_245_36,G2,B_aircraft,G2-B_aircraft-02,T011,0.0,1944.0244440219892,T008,5.000100000000202,U06,existing
P1_245_36,G2,B_aircraft,G2-B_aircraft-02,T008,1949.0245440219894,3793.5634341775567,T021,19.56798758955574,U06,existing
P1_245_36,G2,B_aircraft,G2-B_aircraft-02,T021,3813.1314217671124,5711.172693254107,,,U06,existing
P1_245_36,G2,C_aircraft,G2-C_aircraft-01,T010_2,1434.4262775174655,2867.4613603954576,T014_2,85.14537027022652,NEW-C_aircraft-01,procurement_required
P1_245_36,G2,C_aircraft,G2-C_aircraft-01,T014_2,2952.606730665684,5257.790795633526,,,NEW-C_aircraft-01,procurement_required
P1_245_36,G2,C_aircraft,G2-C_aircraft-02,T012,1954.111640235257,4069.1932815137097,,,NEW-C_aircraft-02,procurement_required
P1_245_36,G2,A_batteries,G2-A_batteries-01,T009,0.0,2194.736329391266,,,A02,existing
P1_245_36,G2,A_batteries,G2-A_batteries-02,T004,2004.1116402352573,5653.515220850031,,,A03,existing
P1_245_36,G2,A_batteries,G2-A_batteries-03,T022,2034.1116402352575,4901.140633153662,,,A04,existing
P1_245_36,G2,B_batteries,G2-B_batteries-01,T002_2,0.0,2956.647180248775,T013,108.89377143908632,B01,existing
P1_245_36,G2,B_batteries,G2-B_batteries-01,T013,3065.5409516878613,6982.827850660446,,,B01,existing
P1_245_36,G2,B_batteries,G2-B_batteries-02,T011,0.0,3808.1313217671122,T021,5.000100000000202,B02,existing
P1_245_36,G2,B_batteries,G2-B_batteries-02,T021,3813.1314217671124,7578.354845171716,,,B02,existing
P1_245_36,G2,B_batteries,G2-B_batteries-03,T015,1505.9694925601793,4516.326993610754,,,B03,existing
P1_245_36,G2,B_batteries,G2-B_batteries-04,T008,1949.0245440219894,5382.225397256939,,,B04,existing
P1_245_36,G2,C_batteries,G2-C_batteries-01,T010_2,1434.4262775174655,4330.702121185847,,,C03,existing
P1_245_36,G2,C_batteries,G2-C_batteries-02,T012,1954.111640235257,6561.858998965378,,,C04,existing
P1_245_36,G2,C_batteries,G2-C_batteries-03,T014_2,2952.606730665684,7764.037455028012,,,NEW-C_batteries-01,procurement_required
P1_245_36,G2,relay_aircraft,G2-relay_aircraft-01,R004,96.18236555369127,4137.266470460487,,,R01,existing
P1_245_36,G2,relay_aircraft,G2-relay_aircraft-02,R003,2004.2977388563338,6244.037452916951,,,R02,existing
P1_245_36,G2,relay_components,G2-relay_components-01,R004,96.18236555369127,4763.024275968738,,,RE01,existing
P1_245_36,G2,relay_components,G2-relay_components-02,R003,2004.2977388563338,6902.075499094418,,,RE02,existing
P1_245_36,G3,A_aircraft,G3-A_aircraft-01,T007_HARD,0.0,1712.4416357195464,T016,2578.1300633521028,U04,existing
P1_245_36,G3,A_aircraft,G3-A_aircraft-01,T016,4290.571699071649,5986.329803740114,,,U04,existing
P1_245_36,G3,A_aircraft,G3-A_aircraft-02,T007_SOFT,0.0,1712.4416357195464,T014_1,2291.687615827814,NEW-A_aircraft-01,procurement_required
P1_245_36,G3,A_aircraft,G3-A_aircraft-02,T014_1,4004.1292515473606,5699.887356215825,,,NEW-A_aircraft-01,procurement_required
P1_245_36,G3,A_aircraft,G3-A_aircraft-03,T007,3902.1292515473624,6510.170148656284,,,NEW-A_aircraft-02,procurement_required
P1_245_36,G3,A_aircraft,G3-A_aircraft-04,T020,3922.129251547361,5892.33909852418,,,NEW-A_aircraft-03,procurement_required
P1_245_36,G3,B_aircraft,G3-B_aircraft-01,T019_1,5028.582323174856,6547.606667586711,,,NEW-B_aircraft-01,procurement_required
P1_245_36,G3,C_aircraft,G3-C_aircraft-01,T018,4074.19338151371,6761.824258884327,,,NEW-C_aircraft-03,procurement_required
P1_245_36,G3,C_aircraft,G3-C_aircraft-02,T006,5262.790895633526,6542.241766493663,,,NEW-C_aircraft-04,procurement_required
P1_245_36,G3,A_batteries,G3-A_batteries-01,T007_HARD,0.0,2761.062337358848,T014_1,1243.0669141885128,A05,existing
P1_245_36,G3,A_batteries,G3-A_batteries-01,T014_1,4004.1292515473606,6815.081680695524,,,A05,existing
P1_245_36,G3,A_batteries,G3-A_batteries-02,T007_SOFT,0.0,2779.9496716386757,T016,1510.6220274329735,A06,existing
P1_245_36,G3,A_batteries,G3-A_batteries-02,T016,4290.571699071649,7122.3061158963155,,,A06,existing
P1_245_36,G3,A_batteries,G3-A_batteries-03,T007,3902.1292515473624,7963.433611739875,,,NEW-A_batteries-01,procurement_required
P1_245_36,G3,A_batteries,G3-A_batteries-04,T020,3922.129251547361,7132.339749211256,,,NEW-A_batteries-02,procurement_required
P1_245_36,G3,B_batteries,G3-B_batteries-01,T019_1,5028.582323174856,8012.288751525202,,,NEW-B_batteries-01,procurement_required
P1_245_36,G3,C_batteries,G3-C_batteries-01,T018,4074.19338151371,9324.985225954879,,,NEW-C_batteries-02,procurement_required
P1_245_36,G3,C_batteries,G3-C_batteries-02,T006,5262.790895633526,7891.7506752339295,,,NEW-C_batteries-03,procurement_required
P1_245_36,G3,relay_aircraft,G3-relay_aircraft-01,R001,190.13731902940862,1999.297638856333,R002,2142.9689317204375,NEW-relay_aircraft-01,procurement_required
P1_245_36,G3,relay_aircraft,G3-relay_aircraft-01,R002,4142.26657057677,7037.879962031191,,,NEW-relay_aircraft-01,procurement_required
P1_245_36,G3,relay_components,G3-relay_components-01,R001,190.13731902940862,2344.3073253046314,R002,1797.959245272139,RE03,existing
P1_245_36,G3,relay_components,G3-relay_components-01,R002,4142.26657057677,7517.75318080825,,,RE03,existing
P16_24_35,G1,A_aircraft,G1-A_aircraft-01,T005,0.0,1312.470877312685,,,U01,existing
P16_24_35,G1,C_aircraft,G1-C_aircraft-01,T001,0.0,1561.4261775174655,,,U07,existing
P16_24_35,G1,C_aircraft,G1-C_aircraft-02,T003,0.0,1429.4261775174655,T006,3833.3647181160604,U08,existing
P16_24_35,G1,C_aircraft,G1-C_aircraft-02,T006,5262.790895633526,6542.241766493663,,,U08,existing
P16_24_35,G1,A_batteries,G1-A_batteries-01,T005,0.0,2178.7887122874713,,,A01,existing
P16_24_35,G1,C_batteries,G1-C_batteries-01,T001,0.0,3150.0928537629516,,,C01,existing
P16_24_35,G1,C_batteries,G1-C_batteries-02,T003,0.0,2947.606630665684,T006,2315.184264967842,C02,existing
P16_24_35,G1,C_batteries,G1-C_batteries-02,T006,5262.790895633526,7891.7506752339295,,,C02,existing
P16_24_35,G2,A_aircraft,G2-A_aircraft-01,T009,0.0,1316.0142144169886,T022,718.0974258182689,U02,existing
P16_24_35,G2,A_aircraft,G2-A_aircraft-01,T022,2034.1116402352575,3725.6461264742065,,,U02,existing
P16_24_35,G2,A_aircraft,G2-A_aircraft-02,T004,2004.1116402352573,4285.571599071649,,,U03,existing
P16_24_35,G2,B_aircraft,G2-B_aircraft-01,T013,3065.5409516878613,5023.582223174855,,,U05,existing
P16_24_35,G2,B_aircraft,G2-B_aircraft-02,T021,3813.1314217671124,5711.172693254107,,,U06,existing
P16_24_35,G2,C_aircraft,G2-C_aircraft-01,T010_2,1434.4262775174655,2867.4613603954576,T014_2,85.14537027022652,NEW-C_aircraft-01,procurement_required
P16_24_35,G2,C_aircraft,G2-C_aircraft-01,T014_2,2952.606730665684,5257.790795633526,,,NEW-C_aircraft-01,procurement_required
P16_24_35,G2,C_aircraft,G2-C_aircraft-02,T012,1954.111640235257,4069.1932815137097,,,NEW-C_aircraft-02,procurement_required
P16_24_35,G2,A_batteries,G2-A_batteries-01,T009,0.0,2194.736329391266,,,A02,existing
P16_24_35,G2,A_batteries,G2-A_batteries-02,T004,2004.1116402352573,5653.515220850031,,,A03,existing
P16_24_35,G2,A_batteries,G2-A_batteries-03,T022,2034.1116402352575,4901.140633153662,,,A04,existing
P16_24_35,G2,B_batteries,G2-B_batteries-01,T013,3065.5409516878613,6982.827850660446,,,B01,existing
P16_24_35,G2,B_batteries,G2-B_batteries-02,T021,3813.1314217671124,7578.354845171716,,,B02,existing
P16_24_35,G2,C_batteries,G2-C_batteries-01,T010_2,1434.4262775174655,4330.702121185847,,,C03,existing
P16_24_35,G2,C_batteries,G2-C_batteries-02,T012,1954.111640235257,6561.858998965378,,,C04,existing
P16_24_35,G2,C_batteries,G2-C_batteries-03,T014_2,2952.606730665684,7764.037455028012,,,NEW-C_batteries-01,procurement_required
P16_24_35,G2,relay_aircraft,G2-relay_aircraft-01,R003,2004.2977388563338,6244.037452916951,,,R01,existing
P16_24_35,G2,relay_components,G2-relay_components-01,R003,2004.2977388563338,6902.075499094418,,,RE01,existing
P16_24_35,G3,A_aircraft,G3-A_aircraft-01,T007_HARD,0.0,1712.4416357195464,T016,2578.1300633521028,U04,existing
P16_24_35,G3,A_aircraft,G3-A_aircraft-01,T016,4290.571699071649,5986.329803740114,,,U04,existing
P16_24_35,G3,A_aircraft,G3-A_aircraft-02,T007_SOFT,0.0,1712.4416357195464,T014_1,2291.687615827814,NEW-A_aircraft-01,procurement_required
P16_24_35,G3,A_aircraft,G3-A_aircraft-02,T014_1,4004.1292515473606,5699.887356215825,,,NEW-A_aircraft-01,procurement_required
P16_24_35,G3,A_aircraft,G3-A_aircraft-03,T007,3902.1292515473624,6510.170148656284,,,NEW-A_aircraft-02,procurement_required
P16_24_35,G3,A_aircraft,G3-A_aircraft-04,T020,3922.129251547361,5892.33909852418,,,NEW-A_aircraft-03,procurement_required
P16_24_35,G3,B_aircraft,G3-B_aircraft-01,T002_2,0.0,1500.9693925601796,T015,5.0000999999997475,NEW-B_aircraft-01,procurement_required
P16_24_35,G3,B_aircraft,G3-B_aircraft-01,T015,1505.9694925601793,3060.540851687861,T019_1,1968.0414714869953,NEW-B_aircraft-01,procurement_required
P16_24_35,G3,B_aircraft,G3-B_aircraft-01,T019_1,5028.582323174856,6547.606667586711,,,NEW-B_aircraft-01,procurement_required
P16_24_35,G3,B_aircraft,G3-B_aircraft-02,T011,0.0,1944.0244440219892,T008,5.000100000000202,NEW-B_aircraft-02,procurement_required
P16_24_35,G3,B_aircraft,G3-B_aircraft-02,T008,1949.0245440219894,3793.5634341775567,,,NEW-B_aircraft-02,procurement_required
P16_24_35,G3,C_aircraft,G3-C_aircraft-01,T018,4074.19338151371,6761.824258884327,,,NEW-C_aircraft-03,procurement_required
P16_24_35,G3,A_batteries,G3-A_batteries-01,T007_HARD,0.0,2761.062337358848,T014_1,1243.0669141885128,A05,existing
P16_24_35,G3,A_batteries,G3-A_batteries-01,T014_1,4004.1292515473606,6815.081680695524,,,A05,existing
P16_24_35,G3,A_batteries,G3-A_batteries-02,T007_SOFT,0.0,2779.9496716386757,T016,1510.6220274329735,A06,existing
P16_24_35,G3,A_batteries,G3-A_batteries-02,T016,4290.571699071649,7122.3061158963155,,,A06,existing
P16_24_35,G3,A_batteries,G3-A_batteries-03,T007,3902.1292515473624,7963.433611739875,,,NEW-A_batteries-01,procurement_required
P16_24_35,G3,A_batteries,G3-A_batteries-04,T020,3922.129251547361,7132.339749211256,,,NEW-A_batteries-02,procurement_required
P16_24_35,G3,B_batteries,G3-B_batteries-01,T002_2,0.0,2956.647180248775,T019_1,2071.9351429260814,B03,existing
P16_24_35,G3,B_batteries,G3-B_batteries-01,T019_1,5028.582323174856,8012.288751525202,,,B03,existing
P16_24_35,G3,B_batteries,G3-B_batteries-02,T011,0.0,3808.1313217671122,,,B04,existing
P16_24_35,G3,B_batteries,G3-B_batteries-03,T015,1505.9694925601793,4516.326993610754,,,NEW-B_batteries-01,procurement_required
P16_24_35,G3,B_batteries,G3-B_batteries-04,T008,1949.0245440219894,5382.225397256939,,,NEW-B_batteries-02,procurement_required
P16_24_35,G3,C_batteries,G3-C_batteries-01,T018,4074.19338151371,9324.985225954879,,,NEW-C_batteries-02,procurement_required
P16_24_35,G3,relay_aircraft,G3-relay_aircraft-01,R004,96.18236555369127,4137.266470460487,,,R02,existing
P16_24_35,G3,relay_aircraft,G3-relay_aircraft-02,R001,190.13731902940862,1999.297638856333,R002,2142.9689317204375,NEW-relay_aircraft-01,procurement_required
P16_24_35,G3,relay_aircraft,G3-relay_aircraft-02,R002,4142.26657057677,7037.879962031191,,,NEW-relay_aircraft-01,procurement_required
P16_24_35,G3,relay_components,G3-relay_components-01,R004,96.18236555369127,4763.024275968738,,,RE02,existing
P16_24_35,G3,relay_components,G3-relay_components-02,R001,190.13731902940862,2344.3073253046314,R002,1797.959245272139,RE03,existing
P16_24_35,G3,relay_components,G3-relay_components-02,R002,4142.26657057677,7517.75318080825,,,RE03,existing
P1_246_35,G1,A_aircraft,G1-A_aircraft-01,T005,0.0,1312.470877312685,,,U01,existing
P1_246_35,G1,C_aircraft,G1-C_aircraft-01,T001,0.0,1561.4261775174655,,,U07,existing
P1_246_35,G1,C_aircraft,G1-C_aircraft-02,T003,0.0,1429.4261775174655,,,U08,existing
P1_246_35,G1,A_batteries,G1-A_batteries-01,T005,0.0,2178.7887122874713,,,A01,existing
P1_246_35,G1,C_batteries,G1-C_batteries-01,T001,0.0,3150.0928537629516,,,C01,existing
P1_246_35,G1,C_batteries,G1-C_batteries-02,T003,0.0,2947.606630665684,,,C02,existing
P1_246_35,G2,A_aircraft,G2-A_aircraft-01,T009,0.0,1316.0142144169886,T022,718.0974258182689,U02,existing
P1_246_35,G2,A_aircraft,G2-A_aircraft-01,T022,2034.1116402352575,3725.6461264742065,,,U02,existing
P1_246_35,G2,A_aircraft,G2-A_aircraft-02,T004,2004.1116402352573,4285.571599071649,,,U03,existing
P1_246_35,G2,B_aircraft,G2-B_aircraft-01,T013,3065.5409516878613,5023.582223174855,,,U05,existing
P1_246_35,G2,B_aircraft,G2-B_aircraft-02,T021,3813.1314217671124,5711.172693254107,,,U06,existing
P1_246_35,G2,C_aircraft,G2-C_aircraft-01,T010_2,1434.4262775174655,2867.4613603954576,T014_2,85.14537027022652,NEW-C_aircraft-01,procurement_required
P1_246_35,G2,C_aircraft,G2-C_aircraft-01,T014_2,2952.606730665684,5257.790795633526,,,NEW-C_aircraft-01,procurement_required
P1_246_35,G2,C_aircraft,G2-C_aircraft-02,T012,1954.111640235257,4069.1932815137097,T006,1193.5976141198162,NEW-C_aircraft-02,procurement_required
P1_246_35,G2,C_aircraft,G2-C_aircraft-02,T006,5262.790895633526,6542.241766493663,,,NEW-C_aircraft-02,procurement_required
P1_246_35,G2,A_batteries,G2-A_batteries-01,T009,0.0,2194.736329391266,,,A02,existing
P1_246_35,G2,A_batteries,G2-A_batteries-02,T004,2004.1116402352573,5653.515220850031,,,A03,existing
P1_246_35,G2,A_batteries,G2-A_batteries-03,T022,2034.1116402352575,4901.140633153662,,,A04,existing
P1_246_35,G2,B_batteries,G2-B_batteries-01,T013,3065.5409516878613,6982.827850660446,,,B01,existing
P1_246_35,G2,B_batteries,G2-B_batteries-02,T021,3813.1314217671124,7578.354845171716,,,B02,existing
P1_246_35,G2,C_batteries,G2-C_batteries-01,T010_2,1434.4262775174655,4330.702121185847,T006,932.0887744476786,C03,existing
P1_246_35,G2,C_batteries,G2-C_batteries-01,T006,5262.790895633526,7891.7506752339295,,,C03,existing
P1_246_35,G2,C_batteries,G2-C_batteries-02,T012,1954.111640235257,6561.858998965378,,,C04,existing
P1_246_35,G2,C_batteries,G2-C_batteries-03,T014_2,2952.606730665684,7764.037455028012,,,NEW-C_batteries-01,procurement_required
P1_246_35,G2,relay_aircraft,G2-relay_aircraft-01,R003,2004.2977388563338,6244.037452916951,,,R01,existing
P1_246_35,G2,relay_components,G2-relay_components-01,R003,2004.2977388563338,6902.075499094418,,,RE01,existing
P1_246_35,G3,A_aircraft,G3-A_aircraft-01,T007_HARD,0.0,1712.4416357195464,T016,2578.1300633521028,U04,existing
P1_246_35,G3,A_aircraft,G3-A_aircraft-01,T016,4290.571699071649,5986.329803740114,,,U04,existing
P1_246_35,G3,A_aircraft,G3-A_aircraft-02,T007_SOFT,0.0,1712.4416357195464,T014_1,2291.687615827814,NEW-A_aircraft-01,procurement_required
P1_246_35,G3,A_aircraft,G3-A_aircraft-02,T014_1,4004.1292515473606,5699.887356215825,,,NEW-A_aircraft-01,procurement_required
P1_246_35,G3,A_aircraft,G3-A_aircraft-03,T007,3902.1292515473624,6510.170148656284,,,NEW-A_aircraft-02,procurement_required
P1_246_35,G3,A_aircraft,G3-A_aircraft-04,T020,3922.129251547361,5892.33909852418,,,NEW-A_aircraft-03,procurement_required
P1_246_35,G3,B_aircraft,G3-B_aircraft-01,T002_2,0.0,1500.9693925601796,T015,5.0000999999997475,NEW-B_aircraft-01,procurement_required
P1_246_35,G3,B_aircraft,G3-B_aircraft-01,T015,1505.9694925601793,3060.540851687861,T019_1,1968.0414714869953,NEW-B_aircraft-01,procurement_required
P1_246_35,G3,B_aircraft,G3-B_aircraft-01,T019_1,5028.582323174856,6547.606667586711,,,NEW-B_aircraft-01,procurement_required
P1_246_35,G3,B_aircraft,G3-B_aircraft-02,T011,0.0,1944.0244440219892,T008,5.000100000000202,NEW-B_aircraft-02,procurement_required
P1_246_35,G3,B_aircraft,G3-B_aircraft-02,T008,1949.0245440219894,3793.5634341775567,,,NEW-B_aircraft-02,procurement_required
P1_246_35,G3,C_aircraft,G3-C_aircraft-01,T018,4074.19338151371,6761.824258884327,,,NEW-C_aircraft-03,procurement_required
P1_246_35,G3,A_batteries,G3-A_batteries-01,T007_HARD,0.0,2761.062337358848,T014_1,1243.0669141885128,A05,existing
P1_246_35,G3,A_batteries,G3-A_batteries-01,T014_1,4004.1292515473606,6815.081680695524,,,A05,existing
P1_246_35,G3,A_batteries,G3-A_batteries-02,T007_SOFT,0.0,2779.9496716386757,T016,1510.6220274329735,A06,existing
P1_246_35,G3,A_batteries,G3-A_batteries-02,T016,4290.571699071649,7122.3061158963155,,,A06,existing
P1_246_35,G3,A_batteries,G3-A_batteries-03,T007,3902.1292515473624,7963.433611739875,,,NEW-A_batteries-01,procurement_required
P1_246_35,G3,A_batteries,G3-A_batteries-04,T020,3922.129251547361,7132.339749211256,,,NEW-A_batteries-02,procurement_required
P1_246_35,G3,B_batteries,G3-B_batteries-01,T002_2,0.0,2956.647180248775,T019_1,2071.9351429260814,B03,existing
P1_246_35,G3,B_batteries,G3-B_batteries-01,T019_1,5028.582323174856,8012.288751525202,,,B03,existing
P1_246_35,G3,B_batteries,G3-B_batteries-02,T011,0.0,3808.1313217671122,,,B04,existing
P1_246_35,G3,B_batteries,G3-B_batteries-03,T015,1505.9694925601793,4516.326993610754,,,NEW-B_batteries-01,procurement_required
P1_246_35,G3,B_batteries,G3-B_batteries-04,T008,1949.0245440219894,5382.225397256939,,,NEW-B_batteries-02,procurement_required
P1_246_35,G3,C_batteries,G3-C_batteries-01,T018,4074.19338151371,9324.985225954879,,,NEW-C_batteries-02,procurement_required
P1_246_35,G3,relay_aircraft,G3-relay_aircraft-01,R004,96.18236555369127,4137.266470460487,,,R02,existing
P1_246_35,G3,relay_aircraft,G3-relay_aircraft-02,R001,190.13731902940862,1999.297638856333,R002,2142.9689317204375,NEW-relay_aircraft-01,procurement_required
P1_246_35,G3,relay_aircraft,G3-relay_aircraft-02,R002,4142.26657057677,7037.879962031191,,,NEW-relay_aircraft-01,procurement_required
P1_246_35,G3,relay_components,G3-relay_components-01,R004,96.18236555369127,4763.024275968738,,,RE02,existing
P1_246_35,G3,relay_components,G3-relay_components-02,R001,190.13731902940862,2344.3073253046314,R002,1797.959245272139,RE03,existing
P1_246_35,G3,relay_components,G3-relay_components-02,R002,4142.26657057677,7517.75318080825,,,RE03,existing
P1_24_356,G1,A_aircraft,G1-A_aircraft-01,T005,0.0,1312.470877312685,,,U01,existing
P1_24_356,G1,C_aircraft,G1-C_aircraft-01,T001,0.0,1561.4261775174655,,,U07,existing
P1_24_356,G1,C_aircraft,G1-C_aircraft-02,T003,0.0,1429.4261775174655,,,U08,existing
P1_24_356,G1,A_batteries,G1-A_batteries-01,T005,0.0,2178.7887122874713,,,A01,existing
P1_24_356,G1,C_batteries,G1-C_batteries-01,T001,0.0,3150.0928537629516,,,C01,existing
P1_24_356,G1,C_batteries,G1-C_batteries-02,T003,0.0,2947.606630665684,,,C02,existing
P1_24_356,G2,A_aircraft,G2-A_aircraft-01,T009,0.0,1316.0142144169886,T022,718.0974258182689,U02,existing
P1_24_356,G2,A_aircraft,G2-A_aircraft-01,T022,2034.1116402352575,3725.6461264742065,,,U02,existing
P1_24_356,G2,A_aircraft,G2-A_aircraft-02,T004,2004.1116402352573,4285.571599071649,,,U03,existing
P1_24_356,G2,B_aircraft,G2-B_aircraft-01,T013,3065.5409516878613,5023.582223174855,,,U05,existing
P1_24_356,G2,B_aircraft,G2-B_aircraft-02,T021,3813.1314217671124,5711.172693254107,,,U06,existing
P1_24_356,G2,C_aircraft,G2-C_aircraft-01,T010_2,1434.4262775174655,2867.4613603954576,T014_2,85.14537027022652,NEW-C_aircraft-01,procurement_required
P1_24_356,G2,C_aircraft,G2-C_aircraft-01,T014_2,2952.606730665684,5257.790795633526,,,NEW-C_aircraft-01,procurement_required
P1_24_356,G2,C_aircraft,G2-C_aircraft-02,T012,1954.111640235257,4069.1932815137097,,,NEW-C_aircraft-02,procurement_required
P1_24_356,G2,A_batteries,G2-A_batteries-01,T009,0.0,2194.736329391266,,,A02,existing
P1_24_356,G2,A_batteries,G2-A_batteries-02,T004,2004.1116402352573,5653.515220850031,,,A03,existing
P1_24_356,G2,A_batteries,G2-A_batteries-03,T022,2034.1116402352575,4901.140633153662,,,A04,existing
P1_24_356,G2,B_batteries,G2-B_batteries-01,T013,3065.5409516878613,6982.827850660446,,,B01,existing
P1_24_356,G2,B_batteries,G2-B_batteries-02,T021,3813.1314217671124,7578.354845171716,,,B02,existing
P1_24_356,G2,C_batteries,G2-C_batteries-01,T010_2,1434.4262775174655,4330.702121185847,,,C03,existing
P1_24_356,G2,C_batteries,G2-C_batteries-02,T012,1954.111640235257,6561.858998965378,,,C04,existing
P1_24_356,G2,C_batteries,G2-C_batteries-03,T014_2,2952.606730665684,7764.037455028012,,,NEW-C_batteries-01,procurement_required
P1_24_356,G2,relay_aircraft,G2-relay_aircraft-01,R003,2004.2977388563338,6244.037452916951,,,R01,existing
P1_24_356,G2,relay_components,G2-relay_components-01,R003,2004.2977388563338,6902.075499094418,,,RE01,existing
P1_24_356,G3,A_aircraft,G3-A_aircraft-01,T007_HARD,0.0,1712.4416357195464,T016,2578.1300633521028,U04,existing
P1_24_356,G3,A_aircraft,G3-A_aircraft-01,T016,4290.571699071649,5986.329803740114,,,U04,existing
P1_24_356,G3,A_aircraft,G3-A_aircraft-02,T007_SOFT,0.0,1712.4416357195464,T014_1,2291.687615827814,NEW-A_aircraft-01,procurement_required
P1_24_356,G3,A_aircraft,G3-A_aircraft-02,T014_1,4004.1292515473606,5699.887356215825,,,NEW-A_aircraft-01,procurement_required
P1_24_356,G3,A_aircraft,G3-A_aircraft-03,T007,3902.1292515473624,6510.170148656284,,,NEW-A_aircraft-02,procurement_required
P1_24_356,G3,A_aircraft,G3-A_aircraft-04,T020,3922.129251547361,5892.33909852418,,,NEW-A_aircraft-03,procurement_required
P1_24_356,G3,B_aircraft,G3-B_aircraft-01,T002_2,0.0,1500.9693925601796,T015,5.0000999999997475,NEW-B_aircraft-01,procurement_required
P1_24_356,G3,B_aircraft,G3-B_aircraft-01,T015,1505.9694925601793,3060.540851687861,T019_1,1968.0414714869953,NEW-B_aircraft-01,procurement_required
P1_24_356,G3,B_aircraft,G3-B_aircraft-01,T019_1,5028.582323174856,6547.606667586711,,,NEW-B_aircraft-01,procurement_required
P1_24_356,G3,B_aircraft,G3-B_aircraft-02,T011,0.0,1944.0244440219892,T008,5.000100000000202,NEW-B_aircraft-02,procurement_required
P1_24_356,G3,B_aircraft,G3-B_aircraft-02,T008,1949.0245440219894,3793.5634341775567,,,NEW-B_aircraft-02,procurement_required
P1_24_356,G3,C_aircraft,G3-C_aircraft-01,T018,4074.19338151371,6761.824258884327,,,NEW-C_aircraft-03,procurement_required
P1_24_356,G3,C_aircraft,G3-C_aircraft-02,T006,5262.790895633526,6542.241766493663,,,NEW-C_aircraft-04,procurement_required
P1_24_356,G3,A_batteries,G3-A_batteries-01,T007_HARD,0.0,2761.062337358848,T014_1,1243.0669141885128,A05,existing
P1_24_356,G3,A_batteries,G3-A_batteries-01,T014_1,4004.1292515473606,6815.081680695524,,,A05,existing
P1_24_356,G3,A_batteries,G3-A_batteries-02,T007_SOFT,0.0,2779.9496716386757,T016,1510.6220274329735,A06,existing
P1_24_356,G3,A_batteries,G3-A_batteries-02,T016,4290.571699071649,7122.3061158963155,,,A06,existing
P1_24_356,G3,A_batteries,G3-A_batteries-03,T007,3902.1292515473624,7963.433611739875,,,NEW-A_batteries-01,procurement_required
P1_24_356,G3,A_batteries,G3-A_batteries-04,T020,3922.129251547361,7132.339749211256,,,NEW-A_batteries-02,procurement_required
P1_24_356,G3,B_batteries,G3-B_batteries-01,T002_2,0.0,2956.647180248775,T019_1,2071.9351429260814,B03,existing
P1_24_356,G3,B_batteries,G3-B_batteries-01,T019_1,5028.582323174856,8012.288751525202,,,B03,existing
P1_24_356,G3,B_batteries,G3-B_batteries-02,T011,0.0,3808.1313217671122,,,B04,existing
P1_24_356,G3,B_batteries,G3-B_batteries-03,T015,1505.9694925601793,4516.326993610754,,,NEW-B_batteries-01,procurement_required
P1_24_356,G3,B_batteries,G3-B_batteries-04,T008,1949.0245440219894,5382.225397256939,,,NEW-B_batteries-02,procurement_required
P1_24_356,G3,C_batteries,G3-C_batteries-01,T018,4074.19338151371,9324.985225954879,,,NEW-C_batteries-02,procurement_required
P1_24_356,G3,C_batteries,G3-C_batteries-02,T006,5262.790895633526,7891.7506752339295,,,NEW-C_batteries-03,procurement_required
P1_24_356,G3,relay_aircraft,G3-relay_aircraft-01,R004,96.18236555369127,4137.266470460487,,,R02,existing
P1_24_356,G3,relay_aircraft,G3-relay_aircraft-02,R001,190.13731902940862,1999.297638856333,R002,2142.9689317204375,NEW-relay_aircraft-01,procurement_required
P1_24_356,G3,relay_aircraft,G3-relay_aircraft-02,R002,4142.26657057677,7037.879962031191,,,NEW-relay_aircraft-01,procurement_required
P1_24_356,G3,relay_components,G3-relay_components-01,R004,96.18236555369127,4763.024275968738,,,RE02,existing
P1_24_356,G3,relay_components,G3-relay_components-02,R001,190.13731902940862,2344.3073253046314,R002,1797.959245272139,RE03,existing
P1_24_356,G3,relay_components,G3-relay_components-02,R002,4142.26657057677,7517.75318080825,,,RE03,existing
P156_2_34,G1,A_aircraft,G1-A_aircraft-01,T005,0.0,1312.470877312685,,,U01,existing
P156_2_34,G1,B_aircraft,G1-B_aircraft-01,T002_2,0.0,1500.9693925601796,T015,5.0000999999997475,U05,existing
P156_2_34,G1,B_aircraft,G1-B_aircraft-01,T015,1505.9694925601793,3060.540851687861,,,U05,existing
P156_2_34,G1,B_aircraft,G1-B_aircraft-02,T011,0.0,1944.0244440219892,T008,5.000100000000202,U06,existing
P156_2_34,G1,B_aircraft,G1-B_aircraft-02,T008,1949.0245440219894,3793.5634341775567,,,U06,existing
P156_2_34,G1,C_aircraft,G1-C_aircraft-01,T001,0.0,1561.4261775174655,,,U07,existing
P156_2_34,G1,C_aircraft,G1-C_aircraft-02,T003,0.0,1429.4261775174655,T006,3833.3647181160604,U08,existing
P156_2_34,G1,C_aircraft,G1-C_aircraft-02,T006,5262.790895633526,6542.241766493663,,,U08,existing
P156_2_34,G1,A_batteries,G1-A_batteries-01,T005,0.0,2178.7887122874713,,,A01,existing
P156_2_34,G1,B_batteries,G1-B_batteries-01,T002_2,0.0,2956.647180248775,,,B01,existing
P156_2_34,G1,B_batteries,G1-B_batteries-02,T011,0.0,3808.1313217671122,,,B02,existing
P156_2_34,G1,B_batteries,G1-B_batteries-03,T015,1505.9694925601793,4516.326993610754,,,B03,existing
P156_2_34,G1,B_batteries,G1-B_batteries-04,T008,1949.0245440219894,5382.225397256939,,,B04,existing
P156_2_34,G1,C_batteries,G1-C_batteries-01,T001,0.0,3150.0928537629516,,,C01,existing
P156_2_34,G1,C_batteries,G1-C_batteries-02,T003,0.0,2947.606630665684,T006,2315.184264967842,C02,existing
P156_2_34,G1,C_batteries,G1-C_batteries-02,T006,5262.790895633526,7891.7506752339295,,,C02,existing
P156_2_34,G1,relay_aircraft,G1-relay_aircraft-01,R004,96.18236555369127,4137.266470460487,,,R01,existing
P156_2_34,G1,relay_components,G1-relay_components-01,R004,96.18236555369127,4763.024275968738,,,RE01,existing
P156_2_34,G2,A_aircraft,G2-A_aircraft-01,T004,2004.1116402352573,4285.571599071649,,,U02,existing
P156_2_34,G2,A_aircraft,G2-A_aircraft-02,T022,2034.1116402352575,3725.6461264742065,,,U03,existing
P156_2_34,G2,B_aircraft,G2-B_aircraft-01,T013,3065.5409516878613,5023.582223174855,,,NEW-B_aircraft-01,procurement_required
P156_2_34,G2,B_aircraft,G2-B_aircraft-02,T021,3813.1314217671124,5711.172693254107,,,NEW-B_aircraft-02,procurement_required
P156_2_34,G2,C_aircraft,G2-C_aircraft-01,T012,1954.111640235257,4069.1932815137097,,,NEW-C_aircraft-01,procurement_required
P156_2_34,G2,C_aircraft,G2-C_aircraft-02,T014_2,2952.606730665684,5257.790795633526,,,NEW-C_aircraft-02,procurement_required
P156_2_34,G2,A_batteries,G2-A_batteries-01,T004,2004.1116402352573,5653.515220850031,,,A02,existing
P156_2_34,G2,A_batteries,G2-A_batteries-02,T022,2034.1116402352575,4901.140633153662,,,A03,existing
P156_2_34,G2,B_batteries,G2-B_batteries-01,T013,3065.5409516878613,6982.827850660446,,,NEW-B_batteries-01,procurement_required
P156_2_34,G2,B_batteries,G2-B_batteries-02,T021,3813.1314217671124,7578.354845171716,,,NEW-B_batteries-02,procurement_required
P156_2_34,G2,C_batteries,G2-C_batteries-01,T012,1954.111640235257,6561.858998965378,,,C03,existing
P156_2_34,G2,C_batteries,G2-C_batteries-02,T014_2,2952.606730665684,7764.037455028012,,,C04,existing
P156_2_34,G2,relay_aircraft,G2-relay_aircraft-01,R003,2004.2977388563338,6244.037452916951,,,R02,existing
P156_2_34,G2,relay_components,G2-relay_components-01,R003,2004.2977388563338,6902.075499094418,,,RE02,existing
P156_2_34,G3,A_aircraft,G3-A_aircraft-01,T007_HARD,0.0,1712.4416357195464,T016,2578.1300633521028,U04,existing
P156_2_34,G3,A_aircraft,G3-A_aircraft-01,T016,4290.571699071649,5986.329803740114,,,U04,existing
P156_2_34,G3,A_aircraft,G3-A_aircraft-02,T007_SOFT,0.0,1712.4416357195464,T014_1,2291.687615827814,NEW-A_aircraft-01,procurement_required
P156_2_34,G3,A_aircraft,G3-A_aircraft-02,T014_1,4004.1292515473606,5699.887356215825,,,NEW-A_aircraft-01,procurement_required
P156_2_34,G3,A_aircraft,G3-A_aircraft-03,T009,0.0,1316.0142144169886,T007,2586.115037130374,NEW-A_aircraft-02,procurement_required
P156_2_34,G3,A_aircraft,G3-A_aircraft-03,T007,3902.1292515473624,6510.170148656284,,,NEW-A_aircraft-02,procurement_required
P156_2_34,G3,A_aircraft,G3-A_aircraft-04,T020,3922.129251547361,5892.33909852418,,,NEW-A_aircraft-03,procurement_required
P156_2_34,G3,B_aircraft,G3-B_aircraft-01,T019_1,5028.582323174856,6547.606667586711,,,NEW-B_aircraft-03,procurement_required
P156_2_34,G3,C_aircraft,G3-C_aircraft-01,T010_2,1434.4262775174655,2867.4613603954576,T018,1206.7320211182523,NEW-C_aircraft-03,procurement_required
P156_2_34,G3,C_aircraft,G3-C_aircraft-01,T018,4074.19338151371,6761.824258884327,,,NEW-C_aircraft-03,procurement_required
P156_2_34,G3,A_batteries,G3-A_batteries-01,T007_HARD,0.0,2761.062337358848,T014_1,1243.0669141885128,A04,existing
P156_2_34,G3,A_batteries,G3-A_batteries-01,T014_1,4004.1292515473606,6815.081680695524,,,A04,existing
P156_2_34,G3,A_batteries,G3-A_batteries-02,T007_SOFT,0.0,2779.9496716386757,T016,1510.6220274329735,A05,existing
P156_2_34,G3,A_batteries,G3-A_batteries-02,T016,4290.571699071649,7122.3061158963155,,,A05,existing
P156_2_34,G3,A_batteries,G3-A_batteries-03,T009,0.0,2194.736329391266,T007,1707.3929221560966,A06,existing
P156_2_34,G3,A_batteries,G3-A_batteries-03,T007,3902.1292515473624,7963.433611739875,,,A06,existing
P156_2_34,G3,A_batteries,G3-A_batteries-04,T020,3922.129251547361,7132.339749211256,,,NEW-A_batteries-01,procurement_required
P156_2_34,G3,B_batteries,G3-B_batteries-01,T019_1,5028.582323174856,8012.288751525202,,,NEW-B_batteries-03,procurement_required
P156_2_34,G3,C_batteries,G3-C_batteries-01,T010_2,1434.4262775174655,4330.702121185847,,,NEW-C_batteries-01,procurement_required
P156_2_34,G3,C_batteries,G3-C_batteries-02,T018,4074.19338151371,9324.985225954879,,,NEW-C_batteries-02,procurement_required
P156_2_34,G3,relay_aircraft,G3-relay_aircraft-01,R001,190.13731902940862,1999.297638856333,R002,2142.9689317204375,NEW-relay_aircraft-01,procurement_required
P156_2_34,G3,relay_aircraft,G3-relay_aircraft-01,R002,4142.26657057677,7037.879962031191,,,NEW-relay_aircraft-01,procurement_required
P156_2_34,G3,relay_components,G3-relay_components-01,R001,190.13731902940862,2344.3073253046314,R002,1797.959245272139,RE03,existing
P156_2_34,G3,relay_components,G3-relay_components-01,R002,4142.26657057677,7517.75318080825,,,RE03,existing
P15_26_34,G1,A_aircraft,G1-A_aircraft-01,T005,0.0,1312.470877312685,,,U01,existing
P15_26_34,G1,B_aircraft,G1-B_aircraft-01,T002_2,0.0,1500.9693925601796,T015,5.0000999999997475,U05,existing
P15_26_34,G1,B_aircraft,G1-B_aircraft-01,T015,1505.9694925601793,3060.540851687861,,,U05,existing
P15_26_34,G1,B_aircraft,G1-B_aircraft-02,T011,0.0,1944.0244440219892,T008,5.000100000000202,U06,existing
P15_26_34,G1,B_aircraft,G1-B_aircraft-02,T008,1949.0245440219894,3793.5634341775567,,,U06,existing
P15_26_34,G1,C_aircraft,G1-C_aircraft-01,T001,0.0,1561.4261775174655,,,U07,existing
P15_26_34,G1,C_aircraft,G1-C_aircraft-02,T003,0.0,1429.4261775174655,,,U08,existing
P15_26_34,G1,A_batteries,G1-A_batteries-01,T005,0.0,2178.7887122874713,,,A01,existing
P15_26_34,G1,B_batteries,G1-B_batteries-01,T002_2,0.0,2956.647180248775,,,B01,existing
P15_26_34,G1,B_batteries,G1-B_batteries-02,T011,0.0,3808.1313217671122,,,B02,existing
P15_26_34,G1,B_batteries,G1-B_batteries-03,T015,1505.9694925601793,4516.326993610754,,,B03,existing
P15_26_34,G1,B_batteries,G1-B_batteries-04,T008,1949.0245440219894,5382.225397256939,,,B04,existing
P15_26_34,G1,C_batteries,G1-C_batteries-01,T001,0.0,3150.0928537629516,,,C01,existing
P15_26_34,G1,C_batteries,G1-C_batteries-02,T003,0.0,2947.606630665684,,,C02,existing
P15_26_34,G1,relay_aircraft,G1-relay_aircraft-01,R004,96.18236555369127,4137.266470460487,,,R01,existing
P15_26_34,G1,relay_components,G1-relay_components-01,R004,96.18236555369127,4763.024275968738,,,RE01,existing
P15_26_34,G2,A_aircraft,G2-A_aircraft-01,T004,2004.1116402352573,4285.571599071649,,,U02,existing
P15_26_34,G2,A_aircraft,G2-A_aircraft-02,T022,2034.1116402352575,3725.6461264742065,,,U03,existing
P15_26_34,G2,B_aircraft,G2-B_aircraft-01,T013,3065.5409516878613,5023.582223174855,,,NEW-B_aircraft-01,procurement_required
P15_26_34,G2,B_aircraft,G2-B_aircraft-02,T021,3813.1314217671124,5711.172693254107,,,NEW-B_aircraft-02,procurement_required
P15_26_34,G2,C_aircraft,G2-C_aircraft-01,T012,1954.111640235257,4069.1932815137097,T006,1193.5976141198162,NEW-C_aircraft-01,procurement_required
P15_26_34,G2,C_aircraft,G2-C_aircraft-01,T006,5262.790895633526,6542.241766493663,,,NEW-C_aircraft-01,procurement_required
P15_26_34,G2,C_aircraft,G2-C_aircraft-02,T014_2,2952.606730665684,5257.790795633526,,,NEW-C_aircraft-02,procurement_required
P15_26_34,G2,A_batteries,G2-A_batteries-01,T004,2004.1116402352573,5653.515220850031,,,A02,existing
P15_26_34,G2,A_batteries,G2-A_batteries-02,T022,2034.1116402352575,4901.140633153662,,,A03,existing
P15_26_34,G2,B_batteries,G2-B_batteries-01,T013,3065.5409516878613,6982.827850660446,,,NEW-B_batteries-01,procurement_required
P15_26_34,G2,B_batteries,G2-B_batteries-02,T021,3813.1314217671124,7578.354845171716,,,NEW-B_batteries-02,procurement_required
P15_26_34,G2,C_batteries,G2-C_batteries-01,T012,1954.111640235257,6561.858998965378,,,C03,existing
P15_26_34,G2,C_batteries,G2-C_batteries-02,T014_2,2952.606730665684,7764.037455028012,,,C04,existing
P15_26_34,G2,C_batteries,G2-C_batteries-03,T006,5262.790895633526,7891.7506752339295,,,NEW-C_batteries-01,procurement_required
P15_26_34,G2,relay_aircraft,G2-relay_aircraft-01,R003,2004.2977388563338,6244.037452916951,,,R02,existing
P15_26_34,G2,relay_components,G2-relay_components-01,R003,2004.2977388563338,6902.075499094418,,,RE02,existing
P15_26_34,G3,A_aircraft,G3-A_aircraft-01,T007_HARD,0.0,1712.4416357195464,T016,2578.1300633521028,U04,existing
P15_26_34,G3,A_aircraft,G3-A_aircraft-01,T016,4290.571699071649,5986.329803740114,,,U04,existing
P15_26_34,G3,A_aircraft,G3-A_aircraft-02,T007_SOFT,0.0,1712.4416357195464,T014_1,2291.687615827814,NEW-A_aircraft-01,procurement_required
P15_26_34,G3,A_aircraft,G3-A_aircraft-02,T014_1,4004.1292515473606,5699.887356215825,,,NEW-A_aircraft-01,procurement_required
P15_26_34,G3,A_aircraft,G3-A_aircraft-03,T009,0.0,1316.0142144169886,T007,2586.115037130374,NEW-A_aircraft-02,procurement_required
P15_26_34,G3,A_aircraft,G3-A_aircraft-03,T007,3902.1292515473624,6510.170148656284,,,NEW-A_aircraft-02,procurement_required
P15_26_34,G3,A_aircraft,G3-A_aircraft-04,T020,3922.129251547361,5892.33909852418,,,NEW-A_aircraft-03,procurement_required
P15_26_34,G3,B_aircraft,G3-B_aircraft-01,T019_1,5028.582323174856,6547.606667586711,,,NEW-B_aircraft-03,procurement_required
P15_26_34,G3,C_aircraft,G3-C_aircraft-01,T010_2,1434.4262775174655,2867.4613603954576,T018,1206.7320211182523,NEW-C_aircraft-03,procurement_required
P15_26_34,G3,C_aircraft,G3-C_aircraft-01,T018,4074.19338151371,6761.824258884327,,,NEW-C_aircraft-03,procurement_required
P15_26_34,G3,A_batteries,G3-A_batteries-01,T007_HARD,0.0,2761.062337358848,T014_1,1243.0669141885128,A04,existing
P15_26_34,G3,A_batteries,G3-A_batteries-01,T014_1,4004.1292515473606,6815.081680695524,,,A04,existing
P15_26_34,G3,A_batteries,G3-A_batteries-02,T007_SOFT,0.0,2779.9496716386757,T016,1510.6220274329735,A05,existing
P15_26_34,G3,A_batteries,G3-A_batteries-02,T016,4290.571699071649,7122.3061158963155,,,A05,existing
P15_26_34,G3,A_batteries,G3-A_batteries-03,T009,0.0,2194.736329391266,T007,1707.3929221560966,A06,existing
P15_26_34,G3,A_batteries,G3-A_batteries-03,T007,3902.1292515473624,7963.433611739875,,,A06,existing
P15_26_34,G3,A_batteries,G3-A_batteries-04,T020,3922.129251547361,7132.339749211256,,,NEW-A_batteries-01,procurement_required
P15_26_34,G3,B_batteries,G3-B_batteries-01,T019_1,5028.582323174856,8012.288751525202,,,NEW-B_batteries-03,procurement_required
P15_26_34,G3,C_batteries,G3-C_batteries-01,T010_2,1434.4262775174655,4330.702121185847,,,NEW-C_batteries-02,procurement_required
P15_26_34,G3,C_batteries,G3-C_batteries-02,T018,4074.19338151371,9324.985225954879,,,NEW-C_batteries-03,procurement_required
P15_26_34,G3,relay_aircraft,G3-relay_aircraft-01,R001,190.13731902940862,1999.297638856333,R002,2142.9689317204375,NEW-relay_aircraft-01,procurement_required
P15_26_34,G3,relay_aircraft,G3-relay_aircraft-01,R002,4142.26657057677,7037.879962031191,,,NEW-relay_aircraft-01,procurement_required
P15_26_34,G3,relay_components,G3-relay_components-01,R001,190.13731902940862,2344.3073253046314,R002,1797.959245272139,RE03,existing
P15_26_34,G3,relay_components,G3-relay_components-01,R002,4142.26657057677,7517.75318080825,,,RE03,existing
P15_2_346,G1,A_aircraft,G1-A_aircraft-01,T005,0.0,1312.470877312685,,,U01,existing
P15_2_346,G1,B_aircraft,G1-B_aircraft-01,T002_2,0.0,1500.9693925601796,T015,5.0000999999997475,U05,existing
P15_2_346,G1,B_aircraft,G1-B_aircraft-01,T015,1505.9694925601793,3060.540851687861,,,U05,existing
P15_2_346,G1,B_aircraft,G1-B_aircraft-02,T011,0.0,1944.0244440219892,T008,5.000100000000202,U06,existing
P15_2_346,G1,B_aircraft,G1-B_aircraft-02,T008,1949.0245440219894,3793.5634341775567,,,U06,existing
P15_2_346,G1,C_aircraft,G1-C_aircraft-01,T001,0.0,1561.4261775174655,,,U07,existing
P15_2_346,G1,C_aircraft,G1-C_aircraft-02,T003,0.0,1429.4261775174655,,,U08,existing
P15_2_346,G1,A_batteries,G1-A_batteries-01,T005,0.0,2178.7887122874713,,,A01,existing
P15_2_346,G1,B_batteries,G1-B_batteries-01,T002_2,0.0,2956.647180248775,,,B01,existing
P15_2_346,G1,B_batteries,G1-B_batteries-02,T011,0.0,3808.1313217671122,,,B02,existing
P15_2_346,G1,B_batteries,G1-B_batteries-03,T015,1505.9694925601793,4516.326993610754,,,B03,existing
P15_2_346,G1,B_batteries,G1-B_batteries-04,T008,1949.0245440219894,5382.225397256939,,,B04,existing
P15_2_346,G1,C_batteries,G1-C_batteries-01,T001,0.0,3150.0928537629516,,,C01,existing
P15_2_346,G1,C_batteries,G1-C_batteries-02,T003,0.0,2947.606630665684,,,C02,existing
P15_2_346,G1,relay_aircraft,G1-relay_aircraft-01,R004,96.18236555369127,4137.266470460487,,,R01,existing
P15_2_346,G1,relay_components,G1-relay_components-01,R004,96.18236555369127,4763.024275968738,,,RE01,existing
P15_2_346,G2,A_aircraft,G2-A_aircraft-01,T004,2004.1116402352573,4285.571599071649,,,U02,existing
P15_2_346,G2,A_aircraft,G2-A_aircraft-02,T022,2034.1116402352575,3725.6461264742065,,,U03,existing
P15_2_346,G2,B_aircraft,G2-B_aircraft-01,T013,3065.5409516878613,5023.582223174855,,,NEW-B_aircraft-01,procurement_required
P15_2_346,G2,B_aircraft,G2-B_aircraft-02,T021,3813.1314217671124,5711.172693254107,,,NEW-B_aircraft-02,procurement_required
P15_2_346,G2,C_aircraft,G2-C_aircraft-01,T012,1954.111640235257,4069.1932815137097,,,NEW-C_aircraft-01,procurement_required
P15_2_346,G2,C_aircraft,G2-C_aircraft-02,T014_2,2952.606730665684,5257.790795633526,,,NEW-C_aircraft-02,procurement_required
P15_2_346,G2,A_batteries,G2-A_batteries-01,T004,2004.1116402352573,5653.515220850031,,,A02,existing
P15_2_346,G2,A_batteries,G2-A_batteries-02,T022,2034.1116402352575,4901.140633153662,,,A03,existing
P15_2_346,G2,B_batteries,G2-B_batteries-01,T013,3065.5409516878613,6982.827850660446,,,NEW-B_batteries-01,procurement_required
P15_2_346,G2,B_batteries,G2-B_batteries-02,T021,3813.1314217671124,7578.354845171716,,,NEW-B_batteries-02,procurement_required
P15_2_346,G2,C_batteries,G2-C_batteries-01,T012,1954.111640235257,6561.858998965378,,,C03,existing
P15_2_346,G2,C_batteries,G2-C_batteries-02,T014_2,2952.606730665684,7764.037455028012,,,C04,existing
P15_2_346,G2,relay_aircraft,G2-relay_aircraft-01,R003,2004.2977388563338,6244.037452916951,,,R02,existing
P15_2_346,G2,relay_components,G2-relay_components-01,R003,2004.2977388563338,6902.075499094418,,,RE02,existing
P15_2_346,G3,A_aircraft,G3-A_aircraft-01,T007_HARD,0.0,1712.4416357195464,T016,2578.1300633521028,U04,existing
P15_2_346,G3,A_aircraft,G3-A_aircraft-01,T016,4290.571699071649,5986.329803740114,,,U04,existing
P15_2_346,G3,A_aircraft,G3-A_aircraft-02,T007_SOFT,0.0,1712.4416357195464,T014_1,2291.687615827814,NEW-A_aircraft-01,procurement_required
P15_2_346,G3,A_aircraft,G3-A_aircraft-02,T014_1,4004.1292515473606,5699.887356215825,,,NEW-A_aircraft-01,procurement_required
P15_2_346,G3,A_aircraft,G3-A_aircraft-03,T009,0.0,1316.0142144169886,T007,2586.115037130374,NEW-A_aircraft-02,procurement_required
P15_2_346,G3,A_aircraft,G3-A_aircraft-03,T007,3902.1292515473624,6510.170148656284,,,NEW-A_aircraft-02,procurement_required
P15_2_346,G3,A_aircraft,G3-A_aircraft-04,T020,3922.129251547361,5892.33909852418,,,NEW-A_aircraft-03,procurement_required
P15_2_346,G3,B_aircraft,G3-B_aircraft-01,T019_1,5028.582323174856,6547.606667586711,,,NEW-B_aircraft-03,procurement_required
P15_2_346,G3,C_aircraft,G3-C_aircraft-01,T010_2,1434.4262775174655,2867.4613603954576,T006,2395.3295352380683,NEW-C_aircraft-03,procurement_required
P15_2_346,G3,C_aircraft,G3-C_aircraft-01,T006,5262.790895633526,6542.241766493663,,,NEW-C_aircraft-03,procurement_required
P15_2_346,G3,C_aircraft,G3-C_aircraft-02,T018,4074.19338151371,6761.824258884327,,,NEW-C_aircraft-04,procurement_required
P15_2_346,G3,A_batteries,G3-A_batteries-01,T007_HARD,0.0,2761.062337358848,T014_1,1243.0669141885128,A04,existing
P15_2_346,G3,A_batteries,G3-A_batteries-01,T014_1,4004.1292515473606,6815.081680695524,,,A04,existing
P15_2_346,G3,A_batteries,G3-A_batteries-02,T007_SOFT,0.0,2779.9496716386757,T016,1510.6220274329735,A05,existing
P15_2_346,G3,A_batteries,G3-A_batteries-02,T016,4290.571699071649,7122.3061158963155,,,A05,existing
P15_2_346,G3,A_batteries,G3-A_batteries-03,T009,0.0,2194.736329391266,T007,1707.3929221560966,A06,existing
P15_2_346,G3,A_batteries,G3-A_batteries-03,T007,3902.1292515473624,7963.433611739875,,,A06,existing
P15_2_346,G3,A_batteries,G3-A_batteries-04,T020,3922.129251547361,7132.339749211256,,,NEW-A_batteries-01,procurement_required
P15_2_346,G3,B_batteries,G3-B_batteries-01,T019_1,5028.582323174856,8012.288751525202,,,NEW-B_batteries-03,procurement_required
P15_2_346,G3,C_batteries,G3-C_batteries-01,T010_2,1434.4262775174655,4330.702121185847,T006,932.0887744476786,NEW-C_batteries-01,procurement_required
P15_2_346,G3,C_batteries,G3-C_batteries-01,T006,5262.790895633526,7891.7506752339295,,,NEW-C_batteries-01,procurement_required
P15_2_346,G3,C_batteries,G3-C_batteries-02,T018,4074.19338151371,9324.985225954879,,,NEW-C_batteries-02,procurement_required
P15_2_346,G3,relay_aircraft,G3-relay_aircraft-01,R001,190.13731902940862,1999.297638856333,R002,2142.9689317204375,NEW-relay_aircraft-01,procurement_required
P15_2_346,G3,relay_aircraft,G3-relay_aircraft-01,R002,4142.26657057677,7037.879962031191,,,NEW-relay_aircraft-01,procurement_required
P15_2_346,G3,relay_components,G3-relay_components-01,R001,190.13731902940862,2344.3073253046314,R002,1797.959245272139,RE03,existing
P15_2_346,G3,relay_components,G3-relay_components-01,R002,4142.26657057677,7517.75318080825,,,RE03,existing
P16_25_34,G1,A_aircraft,G1-A_aircraft-01,T005,0.0,1312.470877312685,,,U01,existing
P16_25_34,G1,C_aircraft,G1-C_aircraft-01,T001,0.0,1561.4261775174655,,,U07,existing
P16_25_34,G1,C_aircraft,G1-C_aircraft-02,T003,0.0,1429.4261775174655,T006,3833.3647181160604,U08,existing
P16_25_34,G1,C_aircraft,G1-C_aircraft-02,T006,5262.790895633526,6542.241766493663,,,U08,existing
P16_25_34,G1,A_batteries,G1-A_batteries-01,T005,0.0,2178.7887122874713,,,A01,existing
P16_25_34,G1,C_batteries,G1-C_batteries-01,T001,0.0,3150.0928537629516,,,C01,existing
P16_25_34,G1,C_batteries,G1-C_batteries-02,T003,0.0,2947.606630665684,T006,2315.184264967842,C02,existing
P16_25_34,G1,C_batteries,G1-C_batteries-02,T006,5262.790895633526,7891.7506752339295,,,C02,existing
P16_25_34,G2,A_aircraft,G2-A_aircraft-01,T004,2004.1116402352573,4285.571599071649,,,U02,existing
P16_25_34,G2,A_aircraft,G2-A_aircraft-02,T022,2034.1116402352575,3725.6461264742065,,,U03,existing
P16_25_34,G2,B_aircraft,G2-B_aircraft-01,T002_2,0.0,1500.9693925601796,T015,5.0000999999997475,U05,existing
P16_25_34,G2,B_aircraft,G2-B_aircraft-01,T015,1505.9694925601793,3060.540851687861,T013,5.000100000000202,U05,existing
P16_25_34,G2,B_aircraft,G2-B_aircraft-01,T013,3065.5409516878613,5023.582223174855,,,U05,existing
P16_25_34,G2,B_aircraft,G2-B_aircraft-02,T011,0.0,1944.0244440219892,T008,5.000100000000202,U06,existing
P16_25_34,G2,B_aircraft,G2-B_aircraft-02,T008,1949.0245440219894,3793.5634341775567,T021,19.56798758955574,U06,existing
P16_25_34,G2,B_aircraft,G2-B_aircraft-02,T021,3813.1314217671124,5711.172693254107,,,U06,existing
P16_25_34,G2,C_aircraft,G2-C_aircraft-01,T012,1954.111640235257,4069.1932815137097,,,NEW-C_aircraft-01,procurement_required
P16_25_34,G2,C_aircraft,G2-C_aircraft-02,T014_2,2952.606730665684,5257.790795633526,,,NEW-C_aircraft-02,procurement_required
P16_25_34,G2,A_batteries,G2-A_batteries-01,T004,2004.1116402352573,5653.515220850031,,,A02,existing
P16_25_34,G2,A_batteries,G2-A_batteries-02,T022,2034.1116402352575,4901.140633153662,,,A03,existing
P16_25_34,G2,B_batteries,G2-B_batteries-01,T002_2,0.0,2956.647180248775,T013,108.89377143908632,B01,existing
P16_25_34,G2,B_batteries,G2-B_batteries-01,T013,3065.5409516878613,6982.827850660446,,,B01,existing
P16_25_34,G2,B_batteries,G2-B_batteries-02,T011,0.0,3808.1313217671122,T021,5.000100000000202,B02,existing
P16_25_34,G2,B_batteries,G2-B_batteries-02,T021,3813.1314217671124,7578.354845171716,,,B02,existing
P16_25_34,G2,B_batteries,G2-B_batteries-03,T015,1505.9694925601793,4516.326993610754,,,B03,existing
P16_25_34,G2,B_batteries,G2-B_batteries-04,T008,1949.0245440219894,5382.225397256939,,,B04,existing
P16_25_34,G2,C_batteries,G2-C_batteries-01,T012,1954.111640235257,6561.858998965378,,,C03,existing
P16_25_34,G2,C_batteries,G2-C_batteries-02,T014_2,2952.606730665684,7764.037455028012,,,C04,existing
P16_25_34,G2,relay_aircraft,G2-relay_aircraft-01,R004,96.18236555369127,4137.266470460487,,,R01,existing
P16_25_34,G2,relay_aircraft,G2-relay_aircraft-02,R003,2004.2977388563338,6244.037452916951,,,R02,existing
P16_25_34,G2,relay_components,G2-relay_components-01,R004,96.18236555369127,4763.024275968738,,,RE01,existing
P16_25_34,G2,relay_components,G2-relay_components-02,R003,2004.2977388563338,6902.075499094418,,,RE02,existing
P16_25_34,G3,A_aircraft,G3-A_aircraft-01,T007_HARD,0.0,1712.4416357195464,T016,2578.1300633521028,U04,existing
P16_25_34,G3,A_aircraft,G3-A_aircraft-01,T016,4290.571699071649,5986.329803740114,,,U04,existing
P16_25_34,G3,A_aircraft,G3-A_aircraft-02,T007_SOFT,0.0,1712.4416357195464,T014_1,2291.687615827814,NEW-A_aircraft-01,procurement_required
P16_25_34,G3,A_aircraft,G3-A_aircraft-02,T014_1,4004.1292515473606,5699.887356215825,,,NEW-A_aircraft-01,procurement_required
P16_25_34,G3,A_aircraft,G3-A_aircraft-03,T009,0.0,1316.0142144169886,T007,2586.115037130374,NEW-A_aircraft-02,procurement_required
P16_25_34,G3,A_aircraft,G3-A_aircraft-03,T007,3902.1292515473624,6510.170148656284,,,NEW-A_aircraft-02,procurement_required
P16_25_34,G3,A_aircraft,G3-A_aircraft-04,T020,3922.129251547361,5892.33909852418,,,NEW-A_aircraft-03,procurement_required
P16_25_34,G3,B_aircraft,G3-B_aircraft-01,T019_1,5028.582323174856,6547.606667586711,,,NEW-B_aircraft-01,procurement_required
P16_25_34,G3,C_aircraft,G3-C_aircraft-01,T010_2,1434.4262775174655,2867.4613603954576,T018,1206.7320211182523,NEW-C_aircraft-03,procurement_required
P16_25_34,G3,C_aircraft,G3-C_aircraft-01,T018,4074.19338151371,6761.824258884327,,,NEW-C_aircraft-03,procurement_required
P16_25_34,G3,A_batteries,G3-A_batteries-01,T007_HARD,0.0,2761.062337358848,T014_1,1243.0669141885128,A04,existing
P16_25_34,G3,A_batteries,G3-A_batteries-01,T014_1,4004.1292515473606,6815.081680695524,,,A04,existing
P16_25_34,G3,A_batteries,G3-A_batteries-02,T007_SOFT,0.0,2779.9496716386757,T016,1510.6220274329735,A05,existing
P16_25_34,G3,A_batteries,G3-A_batteries-02,T016,4290.571699071649,7122.3061158963155,,,A05,existing
P16_25_34,G3,A_batteries,G3-A_batteries-03,T009,0.0,2194.736329391266,T007,1707.3929221560966,A06,existing
P16_25_34,G3,A_batteries,G3-A_batteries-03,T007,3902.1292515473624,7963.433611739875,,,A06,existing
P16_25_34,G3,A_batteries,G3-A_batteries-04,T020,3922.129251547361,7132.339749211256,,,NEW-A_batteries-01,procurement_required
P16_25_34,G3,B_batteries,G3-B_batteries-01,T019_1,5028.582323174856,8012.288751525202,,,NEW-B_batteries-01,procurement_required
P16_25_34,G3,C_batteries,G3-C_batteries-01,T010_2,1434.4262775174655,4330.702121185847,,,NEW-C_batteries-01,procurement_required
P16_25_34,G3,C_batteries,G3-C_batteries-02,T018,4074.19338151371,9324.985225954879,,,NEW-C_batteries-02,procurement_required
P16_25_34,G3,relay_aircraft,G3-relay_aircraft-01,R001,190.13731902940862,1999.297638856333,R002,2142.9689317204375,NEW-relay_aircraft-01,procurement_required
P16_25_34,G3,relay_aircraft,G3-relay_aircraft-01,R002,4142.26657057677,7037.879962031191,,,NEW-relay_aircraft-01,procurement_required
P16_25_34,G3,relay_components,G3-relay_components-01,R001,190.13731902940862,2344.3073253046314,R002,1797.959245272139,RE03,existing
P16_25_34,G3,relay_components,G3-relay_components-01,R002,4142.26657057677,7517.75318080825,,,RE03,existing
P1_256_34,G1,A_aircraft,G1-A_aircraft-01,T005,0.0,1312.470877312685,,,U01,existing
P1_256_34,G1,C_aircraft,G1-C_aircraft-01,T001,0.0,1561.4261775174655,,,U07,existing
P1_256_34,G1,C_aircraft,G1-C_aircraft-02,T003,0.0,1429.4261775174655,,,U08,existing
P1_256_34,G1,A_batteries,G1-A_batteries-01,T005,0.0,2178.7887122874713,,,A01,existing
P1_256_34,G1,C_batteries,G1-C_batteries-01,T001,0.0,3150.0928537629516,,,C01,existing
P1_256_34,G1,C_batteries,G1-C_batteries-02,T003,0.0,2947.606630665684,,,C02,existing
P1_256_34,G2,A_aircraft,G2-A_aircraft-01,T004,2004.1116402352573,4285.571599071649,,,U02,existing
P1_256_34,G2,A_aircraft,G2-A_aircraft-02,T022,2034.1116402352575,3725.6461264742065,,,U03,existing
P1_256_34,G2,B_aircraft,G2-B_aircraft-01,T002_2,0.0,1500.9693925601796,T015,5.0000999999997475,U05,existing
P1_256_34,G2,B_aircraft,G2-B_aircraft-01,T015,1505.9694925601793,3060.540851687861,T013,5.000100000000202,U05,existing
P1_256_34,G2,B_aircraft,G2-B_aircraft-01,T013,3065.5409516878613,5023.582223174855,,,U05,existing
P1_256_34,G2,B_aircraft,G2-B_aircraft-02,T011,0.0,1944.0244440219892,T008,5.000100000000202,U06,existing
P1_256_34,G2,B_aircraft,G2-B_aircraft-02,T008,1949.0245440219894,3793.5634341775567,T021,19.56798758955574,U06,existing
P1_256_34,G2,B_aircraft,G2-B_aircraft-02,T021,3813.1314217671124,5711.172693254107,,,U06,existing
P1_256_34,G2,C_aircraft,G2-C_aircraft-01,T012,1954.111640235257,4069.1932815137097,T006,1193.5976141198162,NEW-C_aircraft-01,procurement_required
P1_256_34,G2,C_aircraft,G2-C_aircraft-01,T006,5262.790895633526,6542.241766493663,,,NEW-C_aircraft-01,procurement_required
P1_256_34,G2,C_aircraft,G2-C_aircraft-02,T014_2,2952.606730665684,5257.790795633526,,,NEW-C_aircraft-02,procurement_required
P1_256_34,G2,A_batteries,G2-A_batteries-01,T004,2004.1116402352573,5653.515220850031,,,A02,existing
P1_256_34,G2,A_batteries,G2-A_batteries-02,T022,2034.1116402352575,4901.140633153662,,,A03,existing
P1_256_34,G2,B_batteries,G2-B_batteries-01,T002_2,0.0,2956.647180248775,T013,108.89377143908632,B01,existing
P1_256_34,G2,B_batteries,G2-B_batteries-01,T013,3065.5409516878613,6982.827850660446,,,B01,existing
P1_256_34,G2,B_batteries,G2-B_batteries-02,T011,0.0,3808.1313217671122,T021,5.000100000000202,B02,existing
P1_256_34,G2,B_batteries,G2-B_batteries-02,T021,3813.1314217671124,7578.354845171716,,,B02,existing
P1_256_34,G2,B_batteries,G2-B_batteries-03,T015,1505.9694925601793,4516.326993610754,,,B03,existing
P1_256_34,G2,B_batteries,G2-B_batteries-04,T008,1949.0245440219894,5382.225397256939,,,B04,existing
P1_256_34,G2,C_batteries,G2-C_batteries-01,T012,1954.111640235257,6561.858998965378,,,C03,existing
P1_256_34,G2,C_batteries,G2-C_batteries-02,T014_2,2952.606730665684,7764.037455028012,,,C04,existing
P1_256_34,G2,C_batteries,G2-C_batteries-03,T006,5262.790895633526,7891.7506752339295,,,NEW-C_batteries-01,procurement_required
P1_256_34,G2,relay_aircraft,G2-relay_aircraft-01,R004,96.18236555369127,4137.266470460487,,,R01,existing
P1_256_34,G2,relay_aircraft,G2-relay_aircraft-02,R003,2004.2977388563338,6244.037452916951,,,R02,existing
P1_256_34,G2,relay_components,G2-relay_components-01,R004,96.18236555369127,4763.024275968738,,,RE01,existing
P1_256_34,G2,relay_components,G2-relay_components-02,R003,2004.2977388563338,6902.075499094418,,,RE02,existing
P1_256_34,G3,A_aircraft,G3-A_aircraft-01,T007_HARD,0.0,1712.4416357195464,T016,2578.1300633521028,U04,existing
P1_256_34,G3,A_aircraft,G3-A_aircraft-01,T016,4290.571699071649,5986.329803740114,,,U04,existing
P1_256_34,G3,A_aircraft,G3-A_aircraft-02,T007_SOFT,0.0,1712.4416357195464,T014_1,2291.687615827814,NEW-A_aircraft-01,procurement_required
P1_256_34,G3,A_aircraft,G3-A_aircraft-02,T014_1,4004.1292515473606,5699.887356215825,,,NEW-A_aircraft-01,procurement_required
P1_256_34,G3,A_aircraft,G3-A_aircraft-03,T009,0.0,1316.0142144169886,T007,2586.115037130374,NEW-A_aircraft-02,procurement_required
P1_256_34,G3,A_aircraft,G3-A_aircraft-03,T007,3902.1292515473624,6510.170148656284,,,NEW-A_aircraft-02,procurement_required
P1_256_34,G3,A_aircraft,G3-A_aircraft-04,T020,3922.129251547361,5892.33909852418,,,NEW-A_aircraft-03,procurement_required
P1_256_34,G3,B_aircraft,G3-B_aircraft-01,T019_1,5028.582323174856,6547.606667586711,,,NEW-B_aircraft-01,procurement_required
P1_256_34,G3,C_aircraft,G3-C_aircraft-01,T010_2,1434.4262775174655,2867.4613603954576,T018,1206.7320211182523,NEW-C_aircraft-03,procurement_required
P1_256_34,G3,C_aircraft,G3-C_aircraft-01,T018,4074.19338151371,6761.824258884327,,,NEW-C_aircraft-03,procurement_required
P1_256_34,G3,A_batteries,G3-A_batteries-01,T007_HARD,0.0,2761.062337358848,T014_1,1243.0669141885128,A04,existing
P1_256_34,G3,A_batteries,G3-A_batteries-01,T014_1,4004.1292515473606,6815.081680695524,,,A04,existing
P1_256_34,G3,A_batteries,G3-A_batteries-02,T007_SOFT,0.0,2779.9496716386757,T016,1510.6220274329735,A05,existing
P1_256_34,G3,A_batteries,G3-A_batteries-02,T016,4290.571699071649,7122.3061158963155,,,A05,existing
P1_256_34,G3,A_batteries,G3-A_batteries-03,T009,0.0,2194.736329391266,T007,1707.3929221560966,A06,existing
P1_256_34,G3,A_batteries,G3-A_batteries-03,T007,3902.1292515473624,7963.433611739875,,,A06,existing
P1_256_34,G3,A_batteries,G3-A_batteries-04,T020,3922.129251547361,7132.339749211256,,,NEW-A_batteries-01,procurement_required
P1_256_34,G3,B_batteries,G3-B_batteries-01,T019_1,5028.582323174856,8012.288751525202,,,NEW-B_batteries-01,procurement_required
P1_256_34,G3,C_batteries,G3-C_batteries-01,T010_2,1434.4262775174655,4330.702121185847,,,NEW-C_batteries-02,procurement_required
P1_256_34,G3,C_batteries,G3-C_batteries-02,T018,4074.19338151371,9324.985225954879,,,NEW-C_batteries-03,procurement_required
P1_256_34,G3,relay_aircraft,G3-relay_aircraft-01,R001,190.13731902940862,1999.297638856333,R002,2142.9689317204375,NEW-relay_aircraft-01,procurement_required
P1_256_34,G3,relay_aircraft,G3-relay_aircraft-01,R002,4142.26657057677,7037.879962031191,,,NEW-relay_aircraft-01,procurement_required
P1_256_34,G3,relay_components,G3-relay_components-01,R001,190.13731902940862,2344.3073253046314,R002,1797.959245272139,RE03,existing
P1_256_34,G3,relay_components,G3-relay_components-01,R002,4142.26657057677,7517.75318080825,,,RE03,existing
P1_25_346,G1,A_aircraft,G1-A_aircraft-01,T005,0.0,1312.470877312685,,,U01,existing
P1_25_346,G1,C_aircraft,G1-C_aircraft-01,T001,0.0,1561.4261775174655,,,U07,existing
P1_25_346,G1,C_aircraft,G1-C_aircraft-02,T003,0.0,1429.4261775174655,,,U08,existing
P1_25_346,G1,A_batteries,G1-A_batteries-01,T005,0.0,2178.7887122874713,,,A01,existing
P1_25_346,G1,C_batteries,G1-C_batteries-01,T001,0.0,3150.0928537629516,,,C01,existing
P1_25_346,G1,C_batteries,G1-C_batteries-02,T003,0.0,2947.606630665684,,,C02,existing
P1_25_346,G2,A_aircraft,G2-A_aircraft-01,T004,2004.1116402352573,4285.571599071649,,,U02,existing
P1_25_346,G2,A_aircraft,G2-A_aircraft-02,T022,2034.1116402352575,3725.6461264742065,,,U03,existing
P1_25_346,G2,B_aircraft,G2-B_aircraft-01,T002_2,0.0,1500.9693925601796,T015,5.0000999999997475,U05,existing
P1_25_346,G2,B_aircraft,G2-B_aircraft-01,T015,1505.9694925601793,3060.540851687861,T013,5.000100000000202,U05,existing
P1_25_346,G2,B_aircraft,G2-B_aircraft-01,T013,3065.5409516878613,5023.582223174855,,,U05,existing
P1_25_346,G2,B_aircraft,G2-B_aircraft-02,T011,0.0,1944.0244440219892,T008,5.000100000000202,U06,existing
P1_25_346,G2,B_aircraft,G2-B_aircraft-02,T008,1949.0245440219894,3793.5634341775567,T021,19.56798758955574,U06,existing
P1_25_346,G2,B_aircraft,G2-B_aircraft-02,T021,3813.1314217671124,5711.172693254107,,,U06,existing
P1_25_346,G2,C_aircraft,G2-C_aircraft-01,T012,1954.111640235257,4069.1932815137097,,,NEW-C_aircraft-01,procurement_required
P1_25_346,G2,C_aircraft,G2-C_aircraft-02,T014_2,2952.606730665684,5257.790795633526,,,NEW-C_aircraft-02,procurement_required
P1_25_346,G2,A_batteries,G2-A_batteries-01,T004,2004.1116402352573,5653.515220850031,,,A02,existing
P1_25_346,G2,A_batteries,G2-A_batteries-02,T022,2034.1116402352575,4901.140633153662,,,A03,existing
P1_25_346,G2,B_batteries,G2-B_batteries-01,T002_2,0.0,2956.647180248775,T013,108.89377143908632,B01,existing
P1_25_346,G2,B_batteries,G2-B_batteries-01,T013,3065.5409516878613,6982.827850660446,,,B01,existing
P1_25_346,G2,B_batteries,G2-B_batteries-02,T011,0.0,3808.1313217671122,T021,5.000100000000202,B02,existing
P1_25_346,G2,B_batteries,G2-B_batteries-02,T021,3813.1314217671124,7578.354845171716,,,B02,existing
P1_25_346,G2,B_batteries,G2-B_batteries-03,T015,1505.9694925601793,4516.326993610754,,,B03,existing
P1_25_346,G2,B_batteries,G2-B_batteries-04,T008,1949.0245440219894,5382.225397256939,,,B04,existing
P1_25_346,G2,C_batteries,G2-C_batteries-01,T012,1954.111640235257,6561.858998965378,,,C03,existing
P1_25_346,G2,C_batteries,G2-C_batteries-02,T014_2,2952.606730665684,7764.037455028012,,,C04,existing
P1_25_346,G2,relay_aircraft,G2-relay_aircraft-01,R004,96.18236555369127,4137.266470460487,,,R01,existing
P1_25_346,G2,relay_aircraft,G2-relay_aircraft-02,R003,2004.2977388563338,6244.037452916951,,,R02,existing
P1_25_346,G2,relay_components,G2-relay_components-01,R004,96.18236555369127,4763.024275968738,,,RE01,existing
P1_25_346,G2,relay_components,G2-relay_components-02,R003,2004.2977388563338,6902.075499094418,,,RE02,existing
P1_25_346,G3,A_aircraft,G3-A_aircraft-01,T007_HARD,0.0,1712.4416357195464,T016,2578.1300633521028,U04,existing
P1_25_346,G3,A_aircraft,G3-A_aircraft-01,T016,4290.571699071649,5986.329803740114,,,U04,existing
P1_25_346,G3,A_aircraft,G3-A_aircraft-02,T007_SOFT,0.0,1712.4416357195464,T014_1,2291.687615827814,NEW-A_aircraft-01,procurement_required
P1_25_346,G3,A_aircraft,G3-A_aircraft-02,T014_1,4004.1292515473606,5699.887356215825,,,NEW-A_aircraft-01,procurement_required
P1_25_346,G3,A_aircraft,G3-A_aircraft-03,T009,0.0,1316.0142144169886,T007,2586.115037130374,NEW-A_aircraft-02,procurement_required
P1_25_346,G3,A_aircraft,G3-A_aircraft-03,T007,3902.1292515473624,6510.170148656284,,,NEW-A_aircraft-02,procurement_required
P1_25_346,G3,A_aircraft,G3-A_aircraft-04,T020,3922.129251547361,5892.33909852418,,,NEW-A_aircraft-03,procurement_required
P1_25_346,G3,B_aircraft,G3-B_aircraft-01,T019_1,5028.582323174856,6547.606667586711,,,NEW-B_aircraft-01,procurement_required
P1_25_346,G3,C_aircraft,G3-C_aircraft-01,T010_2,1434.4262775174655,2867.4613603954576,T006,2395.3295352380683,NEW-C_aircraft-03,procurement_required
P1_25_346,G3,C_aircraft,G3-C_aircraft-01,T006,5262.790895633526,6542.241766493663,,,NEW-C_aircraft-03,procurement_required
P1_25_346,G3,C_aircraft,G3-C_aircraft-02,T018,4074.19338151371,6761.824258884327,,,NEW-C_aircraft-04,procurement_required
P1_25_346,G3,A_batteries,G3-A_batteries-01,T007_HARD,0.0,2761.062337358848,T014_1,1243.0669141885128,A04,existing
P1_25_346,G3,A_batteries,G3-A_batteries-01,T014_1,4004.1292515473606,6815.081680695524,,,A04,existing
P1_25_346,G3,A_batteries,G3-A_batteries-02,T007_SOFT,0.0,2779.9496716386757,T016,1510.6220274329735,A05,existing
P1_25_346,G3,A_batteries,G3-A_batteries-02,T016,4290.571699071649,7122.3061158963155,,,A05,existing
P1_25_346,G3,A_batteries,G3-A_batteries-03,T009,0.0,2194.736329391266,T007,1707.3929221560966,A06,existing
P1_25_346,G3,A_batteries,G3-A_batteries-03,T007,3902.1292515473624,7963.433611739875,,,A06,existing
P1_25_346,G3,A_batteries,G3-A_batteries-04,T020,3922.129251547361,7132.339749211256,,,NEW-A_batteries-01,procurement_required
P1_25_346,G3,B_batteries,G3-B_batteries-01,T019_1,5028.582323174856,8012.288751525202,,,NEW-B_batteries-01,procurement_required
P1_25_346,G3,C_batteries,G3-C_batteries-01,T010_2,1434.4262775174655,4330.702121185847,T006,932.0887744476786,NEW-C_batteries-01,procurement_required
P1_25_346,G3,C_batteries,G3-C_batteries-01,T006,5262.790895633526,7891.7506752339295,,,NEW-C_batteries-01,procurement_required
P1_25_346,G3,C_batteries,G3-C_batteries-02,T018,4074.19338151371,9324.985225954879,,,NEW-C_batteries-02,procurement_required
P1_25_346,G3,relay_aircraft,G3-relay_aircraft-01,R001,190.13731902940862,1999.297638856333,R002,2142.9689317204375,NEW-relay_aircraft-01,procurement_required
P1_25_346,G3,relay_aircraft,G3-relay_aircraft-01,R002,4142.26657057677,7037.879962031191,,,NEW-relay_aircraft-01,procurement_required
P1_25_346,G3,relay_components,G3-relay_components-01,R001,190.13731902940862,2344.3073253046314,R002,1797.959245272139,RE03,existing
P1_25_346,G3,relay_components,G3-relay_components-01,R002,4142.26657057677,7517.75318080825,,,RE03,existing
P16_2_345,G1,A_aircraft,G1-A_aircraft-01,T005,0.0,1312.470877312685,,,U01,existing
P16_2_345,G1,C_aircraft,G1-C_aircraft-01,T001,0.0,1561.4261775174655,,,U07,existing
P16_2_345,G1,C_aircraft,G1-C_aircraft-02,T003,0.0,1429.4261775174655,T006,3833.3647181160604,U08,existing
P16_2_345,G1,C_aircraft,G1-C_aircraft-02,T006,5262.790895633526,6542.241766493663,,,U08,existing
P16_2_345,G1,A_batteries,G1-A_batteries-01,T005,0.0,2178.7887122874713,,,A01,existing
P16_2_345,G1,C_batteries,G1-C_batteries-01,T001,0.0,3150.0928537629516,,,C01,existing
P16_2_345,G1,C_batteries,G1-C_batteries-02,T003,0.0,2947.606630665684,T006,2315.184264967842,C02,existing
P16_2_345,G1,C_batteries,G1-C_batteries-02,T006,5262.790895633526,7891.7506752339295,,,C02,existing
P16_2_345,G2,A_aircraft,G2-A_aircraft-01,T004,2004.1116402352573,4285.571599071649,,,U02,existing
P16_2_345,G2,A_aircraft,G2-A_aircraft-02,T022,2034.1116402352575,3725.6461264742065,,,U03,existing
P16_2_345,G2,B_aircraft,G2-B_aircraft-01,T013,3065.5409516878613,5023.582223174855,,,U05,existing
P16_2_345,G2,B_aircraft,G2-B_aircraft-02,T021,3813.1314217671124,5711.172693254107,,,U06,existing
P16_2_345,G2,C_aircraft,G2-C_aircraft-01,T012,1954.111640235257,4069.1932815137097,,,NEW-C_aircraft-01,procurement_required
P16_2_345,G2,C_aircraft,G2-C_aircraft-02,T014_2,2952.606730665684,5257.790795633526,,,NEW-C_aircraft-02,procurement_required
P16_2_345,G2,A_batteries,G2-A_batteries-01,T004,2004.1116402352573,5653.515220850031,,,A02,existing
P16_2_345,G2,A_batteries,G2-A_batteries-02,T022,2034.1116402352575,4901.140633153662,,,A03,existing
P16_2_345,G2,B_batteries,G2-B_batteries-01,T013,3065.5409516878613,6982.827850660446,,,B01,existing
P16_2_345,G2,B_batteries,G2-B_batteries-02,T021,3813.1314217671124,7578.354845171716,,,B02,existing
P16_2_345,G2,C_batteries,G2-C_batteries-01,T012,1954.111640235257,6561.858998965378,,,C03,existing
P16_2_345,G2,C_batteries,G2-C_batteries-02,T014_2,2952.606730665684,7764.037455028012,,,C04,existing
P16_2_345,G2,relay_aircraft,G2-relay_aircraft-01,R003,2004.2977388563338,6244.037452916951,,,R01,existing
P16_2_345,G2,relay_components,G2-relay_components-01,R003,2004.2977388563338,6902.075499094418,,,RE01,existing
P16_2_345,G3,A_aircraft,G3-A_aircraft-01,T007_HARD,0.0,1712.4416357195464,T016,2578.1300633521028,U04,existing
P16_2_345,G3,A_aircraft,G3-A_aircraft-01,T016,4290.571699071649,5986.329803740114,,,U04,existing
P16_2_345,G3,A_aircraft,G3-A_aircraft-02,T007_SOFT,0.0,1712.4416357195464,T014_1,2291.687615827814,NEW-A_aircraft-01,procurement_required
P16_2_345,G3,A_aircraft,G3-A_aircraft-02,T014_1,4004.1292515473606,5699.887356215825,,,NEW-A_aircraft-01,procurement_required
P16_2_345,G3,A_aircraft,G3-A_aircraft-03,T009,0.0,1316.0142144169886,T007,2586.115037130374,NEW-A_aircraft-02,procurement_required
P16_2_345,G3,A_aircraft,G3-A_aircraft-03,T007,3902.1292515473624,6510.170148656284,,,NEW-A_aircraft-02,procurement_required
P16_2_345,G3,A_aircraft,G3-A_aircraft-04,T020,3922.129251547361,5892.33909852418,,,NEW-A_aircraft-03,procurement_required
P16_2_345,G3,B_aircraft,G3-B_aircraft-01,T002_2,0.0,1500.9693925601796,T015,5.0000999999997475,NEW-B_aircraft-01,procurement_required
P16_2_345,G3,B_aircraft,G3-B_aircraft-01,T015,1505.9694925601793,3060.540851687861,T019_1,1968.0414714869953,NEW-B_aircraft-01,procurement_required
P16_2_345,G3,B_aircraft,G3-B_aircraft-01,T019_1,5028.582323174856,6547.606667586711,,,NEW-B_aircraft-01,procurement_required
P16_2_345,G3,B_aircraft,G3-B_aircraft-02,T011,0.0,1944.0244440219892,T008,5.000100000000202,NEW-B_aircraft-02,procurement_required
P16_2_345,G3,B_aircraft,G3-B_aircraft-02,T008,1949.0245440219894,3793.5634341775567,,,NEW-B_aircraft-02,procurement_required
P16_2_345,G3,C_aircraft,G3-C_aircraft-01,T010_2,1434.4262775174655,2867.4613603954576,T018,1206.7320211182523,NEW-C_aircraft-03,procurement_required
P16_2_345,G3,C_aircraft,G3-C_aircraft-01,T018,4074.19338151371,6761.824258884327,,,NEW-C_aircraft-03,procurement_required
P16_2_345,G3,A_batteries,G3-A_batteries-01,T007_HARD,0.0,2761.062337358848,T014_1,1243.0669141885128,A04,existing
P16_2_345,G3,A_batteries,G3-A_batteries-01,T014_1,4004.1292515473606,6815.081680695524,,,A04,existing
P16_2_345,G3,A_batteries,G3-A_batteries-02,T007_SOFT,0.0,2779.9496716386757,T016,1510.6220274329735,A05,existing
P16_2_345,G3,A_batteries,G3-A_batteries-02,T016,4290.571699071649,7122.3061158963155,,,A05,existing
P16_2_345,G3,A_batteries,G3-A_batteries-03,T009,0.0,2194.736329391266,T007,1707.3929221560966,A06,existing
P16_2_345,G3,A_batteries,G3-A_batteries-03,T007,3902.1292515473624,7963.433611739875,,,A06,existing
P16_2_345,G3,A_batteries,G3-A_batteries-04,T020,3922.129251547361,7132.339749211256,,,NEW-A_batteries-01,procurement_required
P16_2_345,G3,B_batteries,G3-B_batteries-01,T002_2,0.0,2956.647180248775,T019_1,2071.9351429260814,B03,existing
P16_2_345,G3,B_batteries,G3-B_batteries-01,T019_1,5028.582323174856,8012.288751525202,,,B03,existing
P16_2_345,G3,B_batteries,G3-B_batteries-02,T011,0.0,3808.1313217671122,,,B04,existing
P16_2_345,G3,B_batteries,G3-B_batteries-03,T015,1505.9694925601793,4516.326993610754,,,NEW-B_batteries-01,procurement_required
P16_2_345,G3,B_batteries,G3-B_batteries-04,T008,1949.0245440219894,5382.225397256939,,,NEW-B_batteries-02,procurement_required
P16_2_345,G3,C_batteries,G3-C_batteries-01,T010_2,1434.4262775174655,4330.702121185847,,,NEW-C_batteries-01,procurement_required
P16_2_345,G3,C_batteries,G3-C_batteries-02,T018,4074.19338151371,9324.985225954879,,,NEW-C_batteries-02,procurement_required
P16_2_345,G3,relay_aircraft,G3-relay_aircraft-01,R004,96.18236555369127,4137.266470460487,,,R02,existing
P16_2_345,G3,relay_aircraft,G3-relay_aircraft-02,R001,190.13731902940862,1999.297638856333,R002,2142.9689317204375,NEW-relay_aircraft-01,procurement_required
P16_2_345,G3,relay_aircraft,G3-relay_aircraft-02,R002,4142.26657057677,7037.879962031191,,,NEW-relay_aircraft-01,procurement_required
P16_2_345,G3,relay_components,G3-relay_components-01,R004,96.18236555369127,4763.024275968738,,,RE02,existing
P16_2_345,G3,relay_components,G3-relay_components-02,R001,190.13731902940862,2344.3073253046314,R002,1797.959245272139,RE03,existing
P16_2_345,G3,relay_components,G3-relay_components-02,R002,4142.26657057677,7517.75318080825,,,RE03,existing
P1_26_345,G1,A_aircraft,G1-A_aircraft-01,T005,0.0,1312.470877312685,,,U01,existing
P1_26_345,G1,C_aircraft,G1-C_aircraft-01,T001,0.0,1561.4261775174655,,,U07,existing
P1_26_345,G1,C_aircraft,G1-C_aircraft-02,T003,0.0,1429.4261775174655,,,U08,existing
P1_26_345,G1,A_batteries,G1-A_batteries-01,T005,0.0,2178.7887122874713,,,A01,existing
P1_26_345,G1,C_batteries,G1-C_batteries-01,T001,0.0,3150.0928537629516,,,C01,existing
P1_26_345,G1,C_batteries,G1-C_batteries-02,T003,0.0,2947.606630665684,,,C02,existing
P1_26_345,G2,A_aircraft,G2-A_aircraft-01,T004,2004.1116402352573,4285.571599071649,,,U02,existing
P1_26_345,G2,A_aircraft,G2-A_aircraft-02,T022,2034.1116402352575,3725.6461264742065,,,U03,existing
P1_26_345,G2,B_aircraft,G2-B_aircraft-01,T013,3065.5409516878613,5023.582223174855,,,U05,existing
P1_26_345,G2,B_aircraft,G2-B_aircraft-02,T021,3813.1314217671124,5711.172693254107,,,U06,existing
P1_26_345,G2,C_aircraft,G2-C_aircraft-01,T012,1954.111640235257,4069.1932815137097,T006,1193.5976141198162,NEW-C_aircraft-01,procurement_required
P1_26_345,G2,C_aircraft,G2-C_aircraft-01,T006,5262.790895633526,6542.241766493663,,,NEW-C_aircraft-01,procurement_required
P1_26_345,G2,C_aircraft,G2-C_aircraft-02,T014_2,2952.606730665684,5257.790795633526,,,NEW-C_aircraft-02,procurement_required
P1_26_345,G2,A_batteries,G2-A_batteries-01,T004,2004.1116402352573,5653.515220850031,,,A02,existing
P1_26_345,G2,A_batteries,G2-A_batteries-02,T022,2034.1116402352575,4901.140633153662,,,A03,existing
P1_26_345,G2,B_batteries,G2-B_batteries-01,T013,3065.5409516878613,6982.827850660446,,,B01,existing
P1_26_345,G2,B_batteries,G2-B_batteries-02,T021,3813.1314217671124,7578.354845171716,,,B02,existing
P1_26_345,G2,C_batteries,G2-C_batteries-01,T012,1954.111640235257,6561.858998965378,,,C03,existing
P1_26_345,G2,C_batteries,G2-C_batteries-02,T014_2,2952.606730665684,7764.037455028012,,,C04,existing
P1_26_345,G2,C_batteries,G2-C_batteries-03,T006,5262.790895633526,7891.7506752339295,,,NEW-C_batteries-01,procurement_required
P1_26_345,G2,relay_aircraft,G2-relay_aircraft-01,R003,2004.2977388563338,6244.037452916951,,,R01,existing
P1_26_345,G2,relay_components,G2-relay_components-01,R003,2004.2977388563338,6902.075499094418,,,RE01,existing
P1_26_345,G3,A_aircraft,G3-A_aircraft-01,T007_HARD,0.0,1712.4416357195464,T016,2578.1300633521028,U04,existing
P1_26_345,G3,A_aircraft,G3-A_aircraft-01,T016,4290.571699071649,5986.329803740114,,,U04,existing
P1_26_345,G3,A_aircraft,G3-A_aircraft-02,T007_SOFT,0.0,1712.4416357195464,T014_1,2291.687615827814,NEW-A_aircraft-01,procurement_required
P1_26_345,G3,A_aircraft,G3-A_aircraft-02,T014_1,4004.1292515473606,5699.887356215825,,,NEW-A_aircraft-01,procurement_required
P1_26_345,G3,A_aircraft,G3-A_aircraft-03,T009,0.0,1316.0142144169886,T007,2586.115037130374,NEW-A_aircraft-02,procurement_required
P1_26_345,G3,A_aircraft,G3-A_aircraft-03,T007,3902.1292515473624,6510.170148656284,,,NEW-A_aircraft-02,procurement_required
P1_26_345,G3,A_aircraft,G3-A_aircraft-04,T020,3922.129251547361,5892.33909852418,,,NEW-A_aircraft-03,procurement_required
P1_26_345,G3,B_aircraft,G3-B_aircraft-01,T002_2,0.0,1500.9693925601796,T015,5.0000999999997475,NEW-B_aircraft-01,procurement_required
P1_26_345,G3,B_aircraft,G3-B_aircraft-01,T015,1505.9694925601793,3060.540851687861,T019_1,1968.0414714869953,NEW-B_aircraft-01,procurement_required
P1_26_345,G3,B_aircraft,G3-B_aircraft-01,T019_1,5028.582323174856,6547.606667586711,,,NEW-B_aircraft-01,procurement_required
P1_26_345,G3,B_aircraft,G3-B_aircraft-02,T011,0.0,1944.0244440219892,T008,5.000100000000202,NEW-B_aircraft-02,procurement_required
P1_26_345,G3,B_aircraft,G3-B_aircraft-02,T008,1949.0245440219894,3793.5634341775567,,,NEW-B_aircraft-02,procurement_required
P1_26_345,G3,C_aircraft,G3-C_aircraft-01,T010_2,1434.4262775174655,2867.4613603954576,T018,1206.7320211182523,NEW-C_aircraft-03,procurement_required
P1_26_345,G3,C_aircraft,G3-C_aircraft-01,T018,4074.19338151371,6761.824258884327,,,NEW-C_aircraft-03,procurement_required
P1_26_345,G3,A_batteries,G3-A_batteries-01,T007_HARD,0.0,2761.062337358848,T014_1,1243.0669141885128,A04,existing
P1_26_345,G3,A_batteries,G3-A_batteries-01,T014_1,4004.1292515473606,6815.081680695524,,,A04,existing
P1_26_345,G3,A_batteries,G3-A_batteries-02,T007_SOFT,0.0,2779.9496716386757,T016,1510.6220274329735,A05,existing
P1_26_345,G3,A_batteries,G3-A_batteries-02,T016,4290.571699071649,7122.3061158963155,,,A05,existing
P1_26_345,G3,A_batteries,G3-A_batteries-03,T009,0.0,2194.736329391266,T007,1707.3929221560966,A06,existing
P1_26_345,G3,A_batteries,G3-A_batteries-03,T007,3902.1292515473624,7963.433611739875,,,A06,existing
P1_26_345,G3,A_batteries,G3-A_batteries-04,T020,3922.129251547361,7132.339749211256,,,NEW-A_batteries-01,procurement_required
P1_26_345,G3,B_batteries,G3-B_batteries-01,T002_2,0.0,2956.647180248775,T019_1,2071.9351429260814,B03,existing
P1_26_345,G3,B_batteries,G3-B_batteries-01,T019_1,5028.582323174856,8012.288751525202,,,B03,existing
P1_26_345,G3,B_batteries,G3-B_batteries-02,T011,0.0,3808.1313217671122,,,B04,existing
P1_26_345,G3,B_batteries,G3-B_batteries-03,T015,1505.9694925601793,4516.326993610754,,,NEW-B_batteries-01,procurement_required
P1_26_345,G3,B_batteries,G3-B_batteries-04,T008,1949.0245440219894,5382.225397256939,,,NEW-B_batteries-02,procurement_required
P1_26_345,G3,C_batteries,G3-C_batteries-01,T010_2,1434.4262775174655,4330.702121185847,,,NEW-C_batteries-02,procurement_required
P1_26_345,G3,C_batteries,G3-C_batteries-02,T018,4074.19338151371,9324.985225954879,,,NEW-C_batteries-03,procurement_required
P1_26_345,G3,relay_aircraft,G3-relay_aircraft-01,R004,96.18236555369127,4137.266470460487,,,R02,existing
P1_26_345,G3,relay_aircraft,G3-relay_aircraft-02,R001,190.13731902940862,1999.297638856333,R002,2142.9689317204375,NEW-relay_aircraft-01,procurement_required
P1_26_345,G3,relay_aircraft,G3-relay_aircraft-02,R002,4142.26657057677,7037.879962031191,,,NEW-relay_aircraft-01,procurement_required
P1_26_345,G3,relay_components,G3-relay_components-01,R004,96.18236555369127,4763.024275968738,,,RE02,existing
P1_26_345,G3,relay_components,G3-relay_components-02,R001,190.13731902940862,2344.3073253046314,R002,1797.959245272139,RE03,existing
P1_26_345,G3,relay_components,G3-relay_components-02,R002,4142.26657057677,7517.75318080825,,,RE03,existing
P1_2_3456,G1,A_aircraft,G1-A_aircraft-01,T005,0.0,1312.470877312685,,,U01,existing
P1_2_3456,G1,C_aircraft,G1-C_aircraft-01,T001,0.0,1561.4261775174655,,,U07,existing
P1_2_3456,G1,C_aircraft,G1-C_aircraft-02,T003,0.0,1429.4261775174655,,,U08,existing
P1_2_3456,G1,A_batteries,G1-A_batteries-01,T005,0.0,2178.7887122874713,,,A01,existing
P1_2_3456,G1,C_batteries,G1-C_batteries-01,T001,0.0,3150.0928537629516,,,C01,existing
P1_2_3456,G1,C_batteries,G1-C_batteries-02,T003,0.0,2947.606630665684,,,C02,existing
P1_2_3456,G2,A_aircraft,G2-A_aircraft-01,T004,2004.1116402352573,4285.571599071649,,,U02,existing
P1_2_3456,G2,A_aircraft,G2-A_aircraft-02,T022,2034.1116402352575,3725.6461264742065,,,U03,existing
P1_2_3456,G2,B_aircraft,G2-B_aircraft-01,T013,3065.5409516878613,5023.582223174855,,,U05,existing
P1_2_3456,G2,B_aircraft,G2-B_aircraft-02,T021,3813.1314217671124,5711.172693254107,,,U06,existing
P1_2_3456,G2,C_aircraft,G2-C_aircraft-01,T012,1954.111640235257,4069.1932815137097,,,NEW-C_aircraft-01,procurement_required
P1_2_3456,G2,C_aircraft,G2-C_aircraft-02,T014_2,2952.606730665684,5257.790795633526,,,NEW-C_aircraft-02,procurement_required
P1_2_3456,G2,A_batteries,G2-A_batteries-01,T004,2004.1116402352573,5653.515220850031,,,A02,existing
P1_2_3456,G2,A_batteries,G2-A_batteries-02,T022,2034.1116402352575,4901.140633153662,,,A03,existing
P1_2_3456,G2,B_batteries,G2-B_batteries-01,T013,3065.5409516878613,6982.827850660446,,,B01,existing
P1_2_3456,G2,B_batteries,G2-B_batteries-02,T021,3813.1314217671124,7578.354845171716,,,B02,existing
P1_2_3456,G2,C_batteries,G2-C_batteries-01,T012,1954.111640235257,6561.858998965378,,,C03,existing
P1_2_3456,G2,C_batteries,G2-C_batteries-02,T014_2,2952.606730665684,7764.037455028012,,,C04,existing
P1_2_3456,G2,relay_aircraft,G2-relay_aircraft-01,R003,2004.2977388563338,6244.037452916951,,,R01,existing
P1_2_3456,G2,relay_components,G2-relay_components-01,R003,2004.2977388563338,6902.075499094418,,,RE01,existing
P1_2_3456,G3,A_aircraft,G3-A_aircraft-01,T007_HARD,0.0,1712.4416357195464,T016,2578.1300633521028,U04,existing
P1_2_3456,G3,A_aircraft,G3-A_aircraft-01,T016,4290.571699071649,5986.329803740114,,,U04,existing
P1_2_3456,G3,A_aircraft,G3-A_aircraft-02,T007_SOFT,0.0,1712.4416357195464,T014_1,2291.687615827814,NEW-A_aircraft-01,procurement_required
P1_2_3456,G3,A_aircraft,G3-A_aircraft-02,T014_1,4004.1292515473606,5699.887356215825,,,NEW-A_aircraft-01,procurement_required
P1_2_3456,G3,A_aircraft,G3-A_aircraft-03,T009,0.0,1316.0142144169886,T007,2586.115037130374,NEW-A_aircraft-02,procurement_required
P1_2_3456,G3,A_aircraft,G3-A_aircraft-03,T007,3902.1292515473624,6510.170148656284,,,NEW-A_aircraft-02,procurement_required
P1_2_3456,G3,A_aircraft,G3-A_aircraft-04,T020,3922.129251547361,5892.33909852418,,,NEW-A_aircraft-03,procurement_required
P1_2_3456,G3,B_aircraft,G3-B_aircraft-01,T002_2,0.0,1500.9693925601796,T015,5.0000999999997475,NEW-B_aircraft-01,procurement_required
P1_2_3456,G3,B_aircraft,G3-B_aircraft-01,T015,1505.9694925601793,3060.540851687861,T019_1,1968.0414714869953,NEW-B_aircraft-01,procurement_required
P1_2_3456,G3,B_aircraft,G3-B_aircraft-01,T019_1,5028.582323174856,6547.606667586711,,,NEW-B_aircraft-01,procurement_required
P1_2_3456,G3,B_aircraft,G3-B_aircraft-02,T011,0.0,1944.0244440219892,T008,5.000100000000202,NEW-B_aircraft-02,procurement_required
P1_2_3456,G3,B_aircraft,G3-B_aircraft-02,T008,1949.0245440219894,3793.5634341775567,,,NEW-B_aircraft-02,procurement_required
P1_2_3456,G3,C_aircraft,G3-C_aircraft-01,T010_2,1434.4262775174655,2867.4613603954576,T006,2395.3295352380683,NEW-C_aircraft-03,procurement_required
P1_2_3456,G3,C_aircraft,G3-C_aircraft-01,T006,5262.790895633526,6542.241766493663,,,NEW-C_aircraft-03,procurement_required
P1_2_3456,G3,C_aircraft,G3-C_aircraft-02,T018,4074.19338151371,6761.824258884327,,,NEW-C_aircraft-04,procurement_required
P1_2_3456,G3,A_batteries,G3-A_batteries-01,T007_HARD,0.0,2761.062337358848,T014_1,1243.0669141885128,A04,existing
P1_2_3456,G3,A_batteries,G3-A_batteries-01,T014_1,4004.1292515473606,6815.081680695524,,,A04,existing
P1_2_3456,G3,A_batteries,G3-A_batteries-02,T007_SOFT,0.0,2779.9496716386757,T016,1510.6220274329735,A05,existing
P1_2_3456,G3,A_batteries,G3-A_batteries-02,T016,4290.571699071649,7122.3061158963155,,,A05,existing
P1_2_3456,G3,A_batteries,G3-A_batteries-03,T009,0.0,2194.736329391266,T007,1707.3929221560966,A06,existing
P1_2_3456,G3,A_batteries,G3-A_batteries-03,T007,3902.1292515473624,7963.433611739875,,,A06,existing
P1_2_3456,G3,A_batteries,G3-A_batteries-04,T020,3922.129251547361,7132.339749211256,,,NEW-A_batteries-01,procurement_required
P1_2_3456,G3,B_batteries,G3-B_batteries-01,T002_2,0.0,2956.647180248775,T019_1,2071.9351429260814,B03,existing
P1_2_3456,G3,B_batteries,G3-B_batteries-01,T019_1,5028.582323174856,8012.288751525202,,,B03,existing
P1_2_3456,G3,B_batteries,G3-B_batteries-02,T011,0.0,3808.1313217671122,,,B04,existing
P1_2_3456,G3,B_batteries,G3-B_batteries-03,T015,1505.9694925601793,4516.326993610754,,,NEW-B_batteries-01,procurement_required
P1_2_3456,G3,B_batteries,G3-B_batteries-04,T008,1949.0245440219894,5382.225397256939,,,NEW-B_batteries-02,procurement_required
P1_2_3456,G3,C_batteries,G3-C_batteries-01,T010_2,1434.4262775174655,4330.702121185847,T006,932.0887744476786,NEW-C_batteries-01,procurement_required
P1_2_3456,G3,C_batteries,G3-C_batteries-01,T006,5262.790895633526,7891.7506752339295,,,NEW-C_batteries-01,procurement_required
P1_2_3456,G3,C_batteries,G3-C_batteries-02,T018,4074.19338151371,9324.985225954879,,,NEW-C_batteries-02,procurement_required
P1_2_3456,G3,relay_aircraft,G3-relay_aircraft-01,R004,96.18236555369127,4137.266470460487,,,R02,existing
P1_2_3456,G3,relay_aircraft,G3-relay_aircraft-02,R001,190.13731902940862,1999.297638856333,R002,2142.9689317204375,NEW-relay_aircraft-01,procurement_required
P1_2_3456,G3,relay_aircraft,G3-relay_aircraft-02,R002,4142.26657057677,7037.879962031191,,,NEW-relay_aircraft-01,procurement_required
P1_2_3456,G3,relay_components,G3-relay_components-01,R004,96.18236555369127,4763.024275968738,,,RE02,existing
P1_2_3456,G3,relay_components,G3-relay_components-02,R001,190.13731902940862,2344.3073253046314,R002,1797.959245272139,RE03,existing
P1_2_3456,G3,relay_components,G3-relay_components-02,R002,4142.26657057677,7517.75318080825,,,RE03,existing
