partition,group,resource_type,resource_id,physical_id,inventory_status
P12345_6,G1,A_aircraft,G1-A_aircraft-01,U01,existing
P12345_6,G1,A_aircraft,G1-A_aircraft-02,U02,existing
P12345_6,G1,A_aircraft,G1-A_aircraft-03,U03,existing
P12345_6,G1,A_aircraft,G1-A_aircraft-04,U04,existing
P12345_6,G1,B_aircraft,G1-B_aircraft-01,U05,existing
P12345_6,G1,B_aircraft,G1-B_aircraft-02,U06,existing
P12345_6,G2,B_aircraft,G2-B_aircraft-01,NEW-B_aircraft-01,procurement_required
P12345_6,G1,C_aircraft,G1-C_aircraft-01,U07,existing
P12345_6,G1,C_aircraft,G1-C_aircraft-02,U08,existing
P12345_6,G1,A_batteries,G1-A_batteries-01,A01,existing
P12345_6,G1,A_batteries,G1-A_batteries-02,A02,existing
P12345_6,G1,A_batteries,G1-A_batteries-03,A03,existing
P12345_6,G1,A_batteries,G1-A_batteries-04,A04,existing
P12345_6,G1,A_batteries,G1-A_batteries-05,A05,existing
P12345_6,G1,B_batteries,G1-B_batteries-01,B01,existing
P12345_6,G1,B_batteries,G1-B_batteries-02,B02,existing
P12345_6,G1,B_batteries,G1-B_batteries-03,B03,existing
P12345_6,G1,B_batteries,G1-B_batteries-04,B04,existing
P12345_6,G2,B_batteries,G2-B_batteries-01,NEW-B_batteries-01,procurement_required
P12345_6,G1,C_batteries,G1-C_batteries-01,C01,existing
P12345_6,G1,C_batteries,G1-C_batteries-02,C02,existing
P12345_6,G1,C_batteries,G1-C_batteries-03,C03,existing
P12345_6,G1,C_batteries,G1-C_batteries-04,C04,existing
P12345_6,G1,relay_aircraft,G1-relay_aircraft-01,R01,existing
P12345_6,G1,relay_aircraft,G1-relay_aircraft-02,R02,existing
P12345_6,G1,relay_components,G1-relay_components-01,RE01,existing
P12345_6,G1,relay_components,G1-relay_components-02,RE02,existing
P12345_6,G1,relay_components,G1-relay_components-03,RE03,existing
P12346_5,G1,A_aircraft,G1-A_aircraft-01,U01,existing
P12346_5,G1,A_aircraft,G1-A_aircraft-02,U02,existing
P12346_5,G1,A_aircraft,G1-A_aircraft-03,U03,existing
P12346_5,G1,A_aircraft,G1-A_aircraft-04,U04,existing
P12346_5,G1,B_aircraft,G1-B_aircraft-01,U05,existing
P12346_5,G1,B_aircraft,G1-B_aircraft-02,U06,existing
P12346_5,G2,B_aircraft,G2-B_aircraft-01,NEW-B_aircraft-01,procurement_required
P12346_5,G2,B_aircraft,G2-B_aircraft-02,NEW-B_aircraft-02,procurement_required
P12346_5,G1,C_aircraft,G1-C_aircraft-01,U07,existing
P12346_5,G1,C_aircraft,G1-C_aircraft-02,U08,existing
P12346_5,G1,A_batteries,G1-A_batteries-01,A01,existing
P12346_5,G1,A_batteries,G1-A_batteries-02,A02,existing
P12346_5,G1,A_batteries,G1-A_batteries-03,A03,existing
P12346_5,G1,A_batteries,G1-A_batteries-04,A04,existing
P12346_5,G1,A_batteries,G1-A_batteries-05,A05,existing
P12346_5,G1,B_batteries,G1-B_batteries-01,B01,existing
P12346_5,G1,B_batteries,G1-B_batteries-02,B02,existing
P12346_5,G1,B_batteries,G1-B_batteries-03,B03,existing
P12346_5,G1,B_batteries,G1-B_batteries-04,B04,existing
P12346_5,G2,B_batteries,G2-B_batteries-01,NEW-B_batteries-01,procurement_required
P12346_5,G2,B_batteries,G2-B_batteries-02,NEW-B_batteries-02,procurement_required
P12346_5,G2,B_batteries,G2-B_batteries-03,NEW-B_batteries-03,procurement_required
P12346_5,G2,B_batteries,G2-B_batteries-04,NEW-B_batteries-04,procurement_required
P12346_5,G1,C_batteries,G1-C_batteries-01,C01,existing
P12346_5,G1,C_batteries,G1-C_batteries-02,C02,existing
P12346_5,G1,C_batteries,G1-C_batteries-03,C03,existing
P12346_5,G1,C_batteries,G1-C_batteries-04,C04,existing
P12346_5,G1,relay_aircraft,G1-relay_aircraft-01,R01,existing
P12346_5,G1,relay_aircraft,G1-relay_aircraft-02,R02,existing
P12346_5,G2,relay_aircraft,G2-relay_aircraft-01,NEW-relay_aircraft-01,procurement_required
P12346_5,G1,relay_components,G1-relay_components-01,RE01,existing
P12346_5,G1,relay_components,G1-relay_components-02,RE02,existing
P12346_5,G2,relay_components,G2-relay_components-01,RE03,existing
P1234_56,G1,A_aircraft,G1-A_aircraft-01,U01,existing
P1234_56,G1,A_aircraft,G1-A_aircraft-02,U02,existing
P1234_56,G1,A_aircraft,G1-A_aircraft-03,U03,existing
P1234_56,G1,A_aircraft,G1-A_aircraft-04,U04,existing
P1234_56,G1,B_aircraft,G1-B_aircraft-01,U05,existing
P1234_56,G1,B_aircraft,G1-B_aircraft-02,U06,existing
P1234_56,G2,B_aircraft,G2-B_aircraft-01,NEW-B_aircraft-01,procurement_required
P1234_56,G2,B_aircraft,G2-B_aircraft-02,NEW-B_aircraft-02,procurement_required
P1234_56,G1,C_aircraft,G1-C_aircraft-01,U07,existing
P1234_56,G1,C_aircraft,G1-C_aircraft-02,U08,existing
P1234_56,G1,A_batteries,G1-A_batteries-01,A01,existing
P1234_56,G1,A_batteries,G1-A_batteries-02,A02,existing
P1234_56,G1,A_batteries,G1-A_batteries-03,A03,existing
P1234_56,G1,A_batteries,G1-A_batteries-04,A04,existing
P1234_56,G1,A_batteries,G1-A_batteries-05,A05,existing
P1234_56,G1,B_batteries,G1-B_batteries-01,B01,existing
P1234_56,G1,B_batteries,G1-B_batteries-02,B02,existing
P1234_56,G1,B_batteries,G1-B_batteries-03,B03,existing
P1234_56,G2,B_batteries,G2-B_batteries-01,B04,existing
P1234_56,G2,B_batteries,G2-B_batteries-02,NEW-B_batteries-01,procurement_required
P1234_56,G2,B_batteries,G2-B_batteries-03,NEW-B_batteries-02,procurement_required
P1234_56,G2,B_batteries,G2-B_batteries-04,NEW-B_batteries-03,procurement_required
P1234_56,G1,C_batteries,G1-C_batteries-01,C01,existing
P1234_56,G1,C_batteries,G1-C_batteries-02,C02,existing
P1234_56,G1,C_batteries,G1-C_batteries-03,C03,existing
P1234_56,G1,C_batteries,G1-C_batteries-04,C04,existing
P1234_56,G1,relay_aircraft,G1-relay_aircraft-01,R01,existing
P1234_56,G1,relay_aircraft,G1-relay_aircraft-02,R02,existing
P1234_56,G2,relay_aircraft,G2-relay_aircraft-01,NEW-relay_aircraft-01,procurement_required
P1234_56,G1,relay_components,G1-relay_components-01,RE01,existing
P1234_56,G1,relay_components,G1-relay_components-02,RE02,existing
P1234_56,G2,relay_components,G2-relay_components-01,RE03,existing
P1234_5_6,G1,A_aircraft,G1-A_aircraft-01,U01,existing
P1234_5_6,G1,A_aircraft,G1-A_aircraft-02,U02,existing
P1234_5_6,G1,A_aircraft,G1-A_aircraft-03,U03,existing
P1234_5_6,G1,A_aircraft,G1-A_aircraft-04,U04,existing
P1234_5_6,G1,B_aircraft,G1-B_aircraft-01,U05,existing
P1234_5_6,G1,B_aircraft,G1-B_aircraft-02,U06,existing
P1234_5_6,G2,B_aircraft,G2-B_aircraft-01,NEW-B_aircraft-01,procurement_required
P1234_5_6,G2,B_aircraft,G2-B_aircraft-02,NEW-B_aircraft-02,procurement_required
P1234_5_6,G3,B_aircraft,G3-B_aircraft-01,NEW-B_aircraft-03,procurement_required
P1234_5_6,G1,C_aircraft,G1-C_aircraft-01,U07,existing
P1234_5_6,G1,C_aircraft,G1-C_aircraft-02,U08,existing
P1234_5_6,G1,A_batteries,G1-A_batteries-01,A01,existing
P1234_5_6,G1,A_batteries,G1-A_batteries-02,A02,existing
P1234_5_6,G1,A_batteries,G1-A_batteries-03,A03,existing
P1234_5_6,G1,A_batteries,G1-A_batteries-04,A04,existing
P1234_5_6,G1,A_batteries,G1-A_batteries-05,A05,existing
P1234_5_6,G1,B_batteries,G1-B_batteries-01,B01,existing
P1234_5_6,G1,B_batteries,G1-B_batteries-02,B02,existing
P1234_5_6,G1,B_batteries,G1-B_batteries-03,B03,existing
P1234_5_6,G2,B_batteries,G2-B_batteries-01,B04,existing
P1234_5_6,G2,B_batteries,G2-B_batteries-02,NEW-B_batteries-01,procurement_required
P1234_5_6,G2,B_batteries,G2-B_batteries-03,NEW-B_batteries-02,procurement_required
P1234_5_6,G2,B_batteries,G2-B_batteries-04,NEW-B_batteries-03,procurement_required
P1234_5_6,G3,B_batteries,G3-B_batteries-01,NEW-B_batteries-04,procurement_required
P1234_5_6,G1,C_batteries,G1-C_batteries-01,C01,existing
P1234_5_6,G1,C_batteries,G1-C_batteries-02,C02,existing
P1234_5_6,G1,C_batteries,G1-C_batteries-03,C03,existing
P1234_5_6,G1,C_batteries,G1-C_batteries-04,C04,existing
P1234_5_6,G1,relay_aircraft,G1-relay_aircraft-01,R01,existing
P1234_5_6,G1,relay_aircraft,G1-relay_aircraft-02,R02,existing
P1234_5_6,G2,relay_aircraft,G2-relay_aircraft-01,NEW-relay_aircraft-01,procurement_required
P1234_5_6,G1,relay_components,G1-relay_components-01,RE01,existing
P1234_5_6,G1,relay_components,G1-relay_components-02,RE02,existing
P1234_5_6,G2,relay_components,G2-relay_components-01,RE03,existing
P12356_4,G1,A_aircraft,G1-A_aircraft-01,U01,existing
P12356_4,G1,A_aircraft,G1-A_aircraft-02,U02,existing
P12356_4,G1,A_aircraft,G1-A_aircraft-03,U03,existing
P12356_4,G1,A_aircraft,G1-A_aircraft-04,U04,existing
P12356_4,G2,A_aircraft,G2-A_aircraft-01,NEW-A_aircraft-01,procurement_required
P12356_4,G1,B_aircraft,G1-B_aircraft-01,U05,existing
P12356_4,G1,B_aircraft,G1-B_aircraft-02,U06,existing
P12356_4,G1,C_aircraft,G1-C_aircraft-01,U07,existing
P12356_4,G1,C_aircraft,G1-C_aircraft-02,U08,existing
P12356_4,G2,C_aircraft,G2-C_aircraft-01,NEW-C_aircraft-01,procurement_required
P12356_4,G1,A_batteries,G1-A_batteries-01,A01,existing
P12356_4,G1,A_batteries,G1-A_batteries-02,A02,existing
P12356_4,G1,A_batteries,G1-A_batteries-03,A03,existing
P12356_4,G1,A_batteries,G1-A_batteries-04,A04,existing
P12356_4,G1,A_batteries,G1-A_batteries-05,A05,existing
P12356_4,G2,A_batteries,G2-A_batteries-01,A06,existing
P12356_4,G1,B_batteries,G1-B_batteries-01,B01,existing
P12356_4,G1,B_batteries,G1-B_batteries-02,B02,existing
P12356_4,G1,B_batteries,G1-B_batteries-03,B03,existing
P12356_4,G1,B_batteries,G1-B_batteries-04,B04,existing
P12356_4,G1,C_batteries,G1-C_batteries-01,C01,existing
P12356_4,G1,C_batteries,G1-C_batteries-02,C02,existing
P12356_4,G1,C_batteries,G1-C_batteries-03,C03,existing
P12356_4,G1,C_batteries,G1-C_batteries-04,C04,existing
P12356_4,G2,C_batteries,G2-C_batteries-01,NEW-C_batteries-01,procurement_required
P12356_4,G1,relay_aircraft,G1-relay_aircraft-01,R01,existing
P12356_4,G1,relay_aircraft,G1-relay_aircraft-02,R02,existing
P12356_4,G1,relay_components,G1-relay_components-01,RE01,existing
P12356_4,G1,relay_components,G1-relay_components-02,RE02,existing
P12356_4,G1,relay_components,G1-relay_components-03,RE03,existing
P1235_46,G1,A_aircraft,G1-A_aircraft-01,U01,existing
P1235_46,G1,A_aircraft,G1-A_aircraft-02,U02,existing
P1235_46,G1,A_aircraft,G1-A_aircraft-03,U03,existing
P1235_46,G1,A_aircraft,G1-A_aircraft-04,U04,existing
P1235_46,G2,A_aircraft,G2-A_aircraft-01,NEW-A_aircraft-01,procurement_required
P1235_46,G1,B_aircraft,G1-B_aircraft-01,U05,existing
P1235_46,G1,B_aircraft,G1-B_aircraft-02,U06,existing
P1235_46,G2,B_aircraft,G2-B_aircraft-01,NEW-B_aircraft-01,procurement_required
P1235_46,G1,C_aircraft,G1-C_aircraft-01,U07,existing
P1235_46,G1,C_aircraft,G1-C_aircraft-02,U08,existing
P1235_46,G2,C_aircraft,G2-C_aircraft-01,NEW-C_aircraft-01,procurement_required
P1235_46,G1,A_batteries,G1-A_batteries-01,A01,existing
P1235_46,G1,A_batteries,G1-A_batteries-02,A02,existing
P1235_46,G1,A_batteries,G1-A_batteries-03,A03,existing
P1235_46,G1,A_batteries,G1-A_batteries-04,A04,existing
P1235_46,G1,A_batteries,G1-A_batteries-05,A05,existing
P1235_46,G2,A_batteries,G2-A_batteries-01,A06,existing
P1235_46,G1,B_batteries,G1-B_batteries-01,B01,existing
P1235_46,G1,B_batteries,G1-B_batteries-02,B02,existing
P1235_46,G1,B_batteries,G1-B_batteries-03,B03,existing
P1235_46,G1,B_batteries,G1-B_batteries-04,B04,existing
P1235_46,G2,B_batteries,G2-B_batteries-01,NEW-B_batteries-01,procurement_required
P1235_46,G1,C_batteries,G1-C_batteries-01,C01,existing
P1235_46,G1,C_batteries,G1-C_batteries-02,C02,existing
P1235_46,G1,C_batteries,G1-C_batteries-03,C03,existing
P1235_46,G1,C_batteries,G1-C_batteries-04,C04,existing
P1235_46,G2,C_batteries,G2-C_batteries-01,NEW-C_batteries-01,procurement_required
P1235_46,G1,relay_aircraft,G1-relay_aircraft-01,R01,existing
P1235_46,G1,relay_aircraft,G1-relay_aircraft-02,R02,existing
P1235_46,G1,relay_components,G1-relay_components-01,RE01,existing
P1235_46,G1,relay_components,G1-relay_components-02,RE02,existing
P1235_46,G1,relay_components,G1-relay_components-03,RE03,existing
P1235_4_6,G1,A_aircraft,G1-A_aircraft-01,U01,existing
P1235_4_6,G1,A_aircraft,G1-A_aircraft-02,U02,existing
P1235_4_6,G1,A_aircraft,G1-A_aircraft-03,U03,existing
P1235_4_6,G1,A_aircraft,G1-A_aircraft-04,U04,existing
P1235_4_6,G2,A_aircraft,G2-A_aircraft-01,NEW-A_aircraft-01,procurement_required
P1235_4_6,G1,B_aircraft,G1-B_aircraft-01,U05,existing
P1235_4_6,G1,B_aircraft,G1-B_aircraft-02,U06,existing
P1235_4_6,G3,B_aircraft,G3-B_aircraft-01,NEW-B_aircraft-01,procurement_required
P1235_4_6,G1,C_aircraft,G1-C_aircraft-01,U07,existing
P1235_4_6,G1,C_aircraft,G1-C_aircraft-02,U08,existing
P1235_4_6,G2,C_aircraft,G2-C_aircraft-01,NEW-C_aircraft-01,procurement_required
P1235_4_6,G1,A_batteries,G1-A_batteries-01,A01,existing
P1235_4_6,G1,A_batteries,G1-A_batteries-02,A02,existing
P1235_4_6,G1,A_batteries,G1-A_batteries-03,A03,existing
P1235_4_6,G1,A_batteries,G1-A_batteries-04,A04,existing
P1235_4_6,G1,A_batteries,G1-A_batteries-05,A05,existing
P1235_4_6,G2,A_batteries,G2-A_batteries-01,A06,existing
P1235_4_6,G1,B_batteries,G1-B_batteries-01,B01,existing
P1235_4_6,G1,B_batteries,G1-B_batteries-02,B02,existing
P1235_4_6,G1,B_batteries,G1-B_batteries-03,B03,existing
P1235_4_6,G1,B_batteries,G1-B_batteries-04,B04,existing
P1235_4_6,G3,B_batteries,G3-B_batteries-01,NEW-B_batteries-01,procurement_required
P1235_4_6,G1,C_batteries,G1-C_batteries-01,C01,existing
P1235_4_6,G1,C_batteries,G1-C_batteries-02,C02,existing
P1235_4_6,G1,C_batteries,G1-C_batteries-03,C03,existing
P1235_4_6,G1,C_batteries,G1-C_batteries-04,C04,existing
P1235_4_6,G2,C_batteries,G2-C_batteries-01,NEW-C_batteries-01,procurement_required
P1235_4_6,G1,relay_aircraft,G1-relay_aircraft-01,R01,existing
P1235_4_6,G1,relay_aircraft,G1-relay_aircraft-02,R02,existing
P1235_4_6,G1,relay_components,G1-relay_components-01,RE01,existing
P1235_4_6,G1,relay_components,G1-relay_components-02,RE02,existing
P1235_4_6,G1,relay_components,G1-relay_components-03,RE03,existing
P1236_45,G1,A_aircraft,G1-A_aircraft-01,U01,existing
P1236_45,G1,A_aircraft,G1-A_aircraft-02,U02,existing
P1236_45,G1,A_aircraft,G1-A_aircraft-03,U03,existing
P1236_45,G1,A_aircraft,G1-A_aircraft-04,U04,existing
P1236_45,G2,A_aircraft,G2-A_aircraft-01,NEW-A_aircraft-01,procurement_required
P1236_45,G1,B_aircraft,G1-B_aircraft-01,U05,existing
P1236_45,G1,B_aircraft,G1-B_aircraft-02,U06,existing
P1236_45,G2,B_aircraft,G2-B_aircraft-01,NEW-B_aircraft-01,procurement_required
P1236_45,G2,B_aircraft,G2-B_aircraft-02,NEW-B_aircraft-02,procurement_required
P1236_45,G1,C_aircraft,G1-C_aircraft-01,U07,existing
P1236_45,G1,C_aircraft,G1-C_aircraft-02,U08,existing
P1236_45,G2,C_aircraft,G2-C_aircraft-01,NEW-C_aircraft-01,procurement_required
P1236_45,G1,A_batteries,G1-A_batteries-01,A01,existing
P1236_45,G1,A_batteries,G1-A_batteries-02,A02,existing
P1236_45,G1,A_batteries,G1-A_batteries-03,A03,existing
P1236_45,G1,A_batteries,G1-A_batteries-04,A04,existing
P1236_45,G1,A_batteries,G1-A_batteries-05,A05,existing
P1236_45,G2,A_batteries,G2-A_batteries-01,A06,existing
P1236_45,G1,B_batteries,G1-B_batteries-01,B01,existing
P1236_45,G1,B_batteries,G1-B_batteries-02,B02,existing
P1236_45,G1,B_batteries,G1-B_batteries-03,B03,existing
P1236_45,G1,B_batteries,G1-B_batteries-04,B04,existing
P1236_45,G2,B_batteries,G2-B_batteries-01,NEW-B_batteries-01,procurement_required
P1236_45,G2,B_batteries,G2-B_batteries-02,NEW-B_batteries-02,procurement_required
P1236_45,G2,B_batteries,G2-B_batteries-03,NEW-B_batteries-03,procurement_required
P1236_45,G2,B_batteries,G2-B_batteries-04,NEW-B_batteries-04,procurement_required
P1236_45,G1,C_batteries,G1-C_batteries-01,C01,existing
P1236_45,G1,C_batteries,G1-C_batteries-02,C02,existing
P1236_45,G1,C_batteries,G1-C_batteries-03,C03,existing
P1236_45,G1,C_batteries,G1-C_batteries-04,C04,existing
P1236_45,G2,C_batteries,G2-C_batteries-01,NEW-C_batteries-01,procurement_required
P1236_45,G1,relay_aircraft,G1-relay_aircraft-01,R01,existing
P1236_45,G1,relay_aircraft,G1-relay_aircraft-02,R02,existing
P1236_45,G2,relay_aircraft,G2-relay_aircraft-01,NEW-relay_aircraft-01,procurement_required
P1236_45,G1,relay_components,G1-relay_components-01,RE01,existing
P1236_45,G1,relay_components,G1-relay_components-02,RE02,existing
P1236_45,G2,relay_components,G2-relay_components-01,RE03,existing
P1236_4_5,G1,A_aircraft,G1-A_aircraft-01,U01,existing
P1236_4_5,G1,A_aircraft,G1-A_aircraft-02,U02,existing
P1236_4_5,G1,A_aircraft,G1-A_aircraft-03,U03,existing
P1236_4_5,G1,A_aircraft,G1-A_aircraft-04,U04,existing
P1236_4_5,G2,A_aircraft,G2-A_aircraft-01,NEW-A_aircraft-01,procurement_required
P1236_4_5,G1,B_aircraft,G1-B_aircraft-01,U05,existing
P1236_4_5,G1,B_aircraft,G1-B_aircraft-02,U06,existing
P1236_4_5,G3,B_aircraft,G3-B_aircraft-01,NEW-B_aircraft-01,procurement_required
P1236_4_5,G3,B_aircraft,G3-B_aircraft-02,NEW-B_aircraft-02,procurement_required
P1236_4_5,G1,C_aircraft,G1-C_aircraft-01,U07,existing
P1236_4_5,G1,C_aircraft,G1-C_aircraft-02,U08,existing
P1236_4_5,G2,C_aircraft,G2-C_aircraft-01,NEW-C_aircraft-01,procurement_required
P1236_4_5,G1,A_batteries,G1-A_batteries-01,A01,existing
P1236_4_5,G1,A_batteries,G1-A_batteries-02,A02,existing
P1236_4_5,G1,A_batteries,G1-A_batteries-03,A03,existing
P1236_4_5,G1,A_batteries,G1-A_batteries-04,A04,existing
P1236_4_5,G1,A_batteries,G1-A_batteries-05,A05,existing
P1236_4_5,G2,A_batteries,G2-A_batteries-01,A06,existing
P1236_4_5,G1,B_batteries,G1-B_batteries-01,B01,existing
P1236_4_5,G1,B_batteries,G1-B_batteries-02,B02,existing
P1236_4_5,G1,B_batteries,G1-B_batteries-03,B03,existing
P1236_4_5,G1,B_batteries,G1-B_batteries-04,B04,existing
P1236_4_5,G3,B_batteries,G3-B_batteries-01,NEW-B_batteries-01,procurement_required
P1236_4_5,G3,B_batteries,G3-B_batteries-02,NEW-B_batteries-02,procurement_required
P1236_4_5,G3,B_batteries,G3-B_batteries-03,NEW-B_batteries-03,procurement_required
P1236_4_5,G3,B_batteries,G3-B_batteries-04,NEW-B_batteries-04,procurement_required
P1236_4_5,G1,C_batteries,G1-C_batteries-01,C01,existing
P1236_4_5,G1,C_batteries,G1-C_batteries-02,C02,existing
P1236_4_5,G1,C_batteries,G1-C_batteries-03,C03,existing
P1236_4_5,G1,C_batteries,G1-C_batteries-04,C04,existing
P1236_4_5,G2,C_batteries,G2-C_batteries-01,NEW-C_batteries-01,procurement_required
P1236_4_5,G1,relay_aircraft,G1-relay_aircraft-01,R01,existing
P1236_4_5,G1,relay_aircraft,G1-relay_aircraft-02,R02,existing
P1236_4_5,G3,relay_aircraft,G3-relay_aircraft-01,NEW-relay_aircraft-01,procurement_required
P1236_4_5,G1,relay_components,G1-relay_components-01,RE01,existing
P1236_4_5,G1,relay_components,G1-relay_components-02,RE02,existing
P1236_4_5,G3,relay_components,G3-relay_components-01,RE03,existing
P123_456,G1,A_aircraft,G1-A_aircraft-01,U01,existing
P123_456,G1,A_aircraft,G1-A_aircraft-02,U02,existing
P123_456,G1,A_aircraft,G1-A_aircraft-03,U03,existing
P123_456,G1,A_aircraft,G1-A_aircraft-04,U04,existing
P123_456,G2,A_aircraft,G2-A_aircraft-01,NEW-A_aircraft-01,procurement_required
P123_456,G1,B_aircraft,G1-B_aircraft-01,U05,existing
P123_456,G1,B_aircraft,G1-B_aircraft-02,U06,existing
P123_456,G2,B_aircraft,G2-B_aircraft-01,NEW-B_aircraft-01,procurement_required
P123_456,G2,B_aircraft,G2-B_aircraft-02,NEW-B_aircraft-02,procurement_required
P123_456,G1,C_aircraft,G1-C_aircraft-01,U07,existing
P123_456,G1,C_aircraft,G1-C_aircraft-02,U08,existing
P123_456,G2,C_aircraft,G2-C_aircraft-01,NEW-C_aircraft-01,procurement_required
P123_456,G1,A_batteries,G1-A_batteries-01,A01,existing
P123_456,G1,A_batteries,G1-A_batteries-02,A02,existing
P123_456,G1,A_batteries,G1-A_batteries-03,A03,existing
P123_456,G1,A_batteries,G1-A_batteries-04,A04,existing
P123_456,G1,A_batteries,G1-A_batteries-05,A05,existing
P123_456,G2,A_batteries,G2-A_batteries-01,A06,existing
P123_456,G1,B_batteries,G1-B_batteries-01,B01,existing
P123_456,G1,B_batteries,G1-B_batteries-02,B02,existing
P123_456,G1,B_batteries,G1-B_batteries-03,B03,existing
P123_456,G2,B_batteries,G2-B_batteries-01,B04,existing
P123_456,G2,B_batteries,G2-B_batteries-02,NEW-B_batteries-01,procurement_required
P123_456,G2,B_batteries,G2-B_batteries-03,NEW-B_batteries-02,procurement_required
P123_456,G2,B_batteries,G2-B_batteries-04,NEW-B_batteries-03,procurement_required
P123_456,G1,C_batteries,G1-C_batteries-01,C01,existing
P123_456,G1,C_batteries,G1-C_batteries-02,C02,existing
P123_456,G1,C_batteries,G1-C_batteries-03,C03,existing
P123_456,G1,C_batteries,G1-C_batteries-04,C04,existing
P123_456,G2,C_batteries,G2-C_batteries-01,NEW-C_batteries-01,procurement_required
P123_456,G1,relay_aircraft,G1-relay_aircraft-01,R01,existing
P123_456,G1,relay_aircraft,G1-relay_aircraft-02,R02,existing
P123_456,G2,relay_aircraft,G2-relay_aircraft-01,NEW-relay_aircraft-01,procurement_required
P123_456,G1,relay_components,G1-relay_components-01,RE01,existing
P123_456,G1,relay_components,G1-relay_components-02,RE02,existing
P123_456,G2,relay_components,G2-relay_components-01,RE03,existing
P123_45_6,G1,A_aircraft,G1-A_aircraft-01,U01,existing
P123_45_6,G1,A_aircraft,G1-A_aircraft-02,U02,existing
P123_45_6,G1,A_aircraft,G1-A_aircraft-03,U03,existing
P123_45_6,G1,A_aircraft,G1-A_aircraft-04,U04,existing
P123_45_6,G2,A_aircraft,G2-A_aircraft-01,NEW-A_aircraft-01,procurement_required
P123_45_6,G1,B_aircraft,G1-B_aircraft-01,U05,existing
P123_45_6,G1,B_aircraft,G1-B_aircraft-02,U06,existing
P123_45_6,G2,B_aircraft,G2-B_aircraft-01,NEW-B_aircraft-01,procurement_required
P123_45_6,G2,B_aircraft,G2-B_aircraft-02,NEW-B_aircraft-02,procurement_required
P123_45_6,G3,B_aircraft,G3-B_aircraft-01,NEW-B_aircraft-03,procurement_required
P123_45_6,G1,C_aircraft,G1-C_aircraft-01,U07,existing
P123_45_6,G1,C_aircraft,G1-C_aircraft-02,U08,existing
P123_45_6,G2,C_aircraft,G2-C_aircraft-01,NEW-C_aircraft-01,procurement_required
P123_45_6,G1,A_batteries,G1-A_batteries-01,A01,existing
P123_45_6,G1,A_batteries,G1-A_batteries-02,A02,existing
P123_45_6,G1,A_batteries,G1-A_batteries-03,A03,existing
P123_45_6,G1,A_batteries,G1-A_batteries-04,A04,existing
P123_45_6,G1,A_batteries,G1-A_batteries-05,A05,existing
P123_45_6,G2,A_batteries,G2-A_batteries-01,A06,existing
P123_45_6,G1,B_batteries,G1-B_batteries-01,B01,existing
P123_45_6,G1,B_batteries,G1-B_batteries-02,B02,existing
P123_45_6,G1,B_batteries,G1-B_batteries-03,B03,existing
P123_45_6,G2,B_batteries,G2-B_batteries-01,B04,existing
P123_45_6,G2,B_batteries,G2-B_batteries-02,NEW-B_batteries-01,procurement_required
P123_45_6,G2,B_batteries,G2-B_batteries-03,NEW-B_batteries-02,procurement_required
P123_45_6,G2,B_batteries,G2-B_batteries-04,NEW-B_batteries-03,procurement_required
P123_45_6,G3,B_batteries,G3-B_batteries-01,NEW-B_batteries-04,procurement_required
P123_45_6,G1,C_batteries,G1-C_batteries-01,C01,existing
P123_45_6,G1,C_batteries,G1-C_batteries-02,C02,existing
P123_45_6,G1,C_batteries,G1-C_batteries-03,C03,existing
P123_45_6,G1,C_batteries,G1-C_batteries-04,C04,existing
P123_45_6,G2,C_batteries,G2-C_batteries-01,NEW-C_batteries-01,procurement_required
P123_45_6,G1,relay_aircraft,G1-relay_aircraft-01,R01,existing
P123_45_6,G1,relay_aircraft,G1-relay_aircraft-02,R02,existing
P123_45_6,G2,relay_aircraft,G2-relay_aircraft-01,NEW-relay_aircraft-01,procurement_required
P123_45_6,G1,relay_components,G1-relay_components-01,RE01,existing
P123_45_6,G1,relay_components,G1-relay_components-02,RE02,existing
P123_45_6,G2,relay_components,G2-relay_components-01,RE03,existing
P123_46_5,G1,A_aircraft,G1-A_aircraft-01,U01,existing
P123_46_5,G1,A_aircraft,G1-A_aircraft-02,U02,existing
P123_46_5,G1,A_aircraft,G1-A_aircraft-03,U03,existing
P123_46_5,G1,A_aircraft,G1-A_aircraft-04,U04,existing
P123_46_5,G2,A_aircraft,G2-A_aircraft-01,NEW-A_aircraft-01,procurement_required
P123_46_5,G1,B_aircraft,G1-B_aircraft-01,U05,existing
P123_46_5,G1,B_aircraft,G1-B_aircraft-02,U06,existing
P123_46_5,G2,B_aircraft,G2-B_aircraft-01,NEW-B_aircraft-01,procurement_required
P123_46_5,G3,B_aircraft,G3-B_aircraft-01,NEW-B_aircraft-02,procurement_required
P123_46_5,G3,B_aircraft,G3-B_aircraft-02,NEW-B_aircraft-03,procurement_required
P123_46_5,G1,C_aircraft,G1-C_aircraft-01,U07,existing
P123_46_5,G1,C_aircraft,G1-C_aircraft-02,U08,existing
P123_46_5,G2,C_aircraft,G2-C_aircraft-01,NEW-C_aircraft-01,procurement_required
P123_46_5,G1,A_batteries,G1-A_batteries-01,A01,existing
P123_46_5,G1,A_batteries,G1-A_batteries-02,A02,existing
P123_46_5,G1,A_batteries,G1-A_batteries-03,A03,existing
P123_46_5,G1,A_batteries,G1-A_batteries-04,A04,existing
P123_46_5,G1,A_batteries,G1-A_batteries-05,A05,existing
P123_46_5,G2,A_batteries,G2-A_batteries-01,A06,existing
P123_46_5,G1,B_batteries,G1-B_batteries-01,B01,existing
P123_46_5,G1,B_batteries,G1-B_batteries-02,B02,existing
P123_46_5,G1,B_batteries,G1-B_batteries-03,B03,existing
P123_46_5,G2,B_batteries,G2-B_batteries-01,B04,existing
P123_46_5,G3,B_batteries,G3-B_batteries-01,NEW-B_batteries-01,procurement_required
P123_46_5,G3,B_batteries,G3-B_batteries-02,NEW-B_batteries-02,procurement_required
P123_46_5,G3,B_batteries,G3-B_batteries-03,NEW-B_batteries-03,procurement_required
P123_46_5,G3,B_batteries,G3-B_batteries-04,NEW-B_batteries-04,procurement_required
P123_46_5,G1,C_batteries,G1-C_batteries-01,C01,existing
P123_46_5,G1,C_batteries,G1-C_batteries-02,C02,existing
P123_46_5,G1,C_batteries,G1-C_batteries-03,C03,existing
P123_46_5,G1,C_batteries,G1-C_batteries-04,C04,existing
P123_46_5,G2,C_batteries,G2-C_batteries-01,NEW-C_batteries-01,procurement_required
P123_46_5,G1,relay_aircraft,G1-relay_aircraft-01,R01,existing
P123_46_5,G1,relay_aircraft,G1-relay_aircraft-02,R02,existing
P123_46_5,G3,relay_aircraft,G3-relay_aircraft-01,NEW-relay_aircraft-01,procurement_required
P123_46_5,G1,relay_components,G1-relay_components-01,RE01,existing
P123_46_5,G1,relay_components,G1-relay_components-02,RE02,existing
P123_46_5,G3,relay_components,G3-relay_components-01,RE03,existing
P123_4_56,G1,A_aircraft,G1-A_aircraft-01,U01,existing
P123_4_56,G1,A_aircraft,G1-A_aircraft-02,U02,existing
P123_4_56,G1,A_aircraft,G1-A_aircraft-03,U03,existing
P123_4_56,G1,A_aircraft,G1-A_aircraft-04,U04,existing
P123_4_56,G2,A_aircraft,G2-A_aircraft-01,NEW-A_aircraft-01,procurement_required
P123_4_56,G1,B_aircraft,G1-B_aircraft-01,U05,existing
P123_4_56,G1,B_aircraft,G1-B_aircraft-02,U06,existing
P123_4_56,G3,B_aircraft,G3-B_aircraft-01,NEW-B_aircraft-01,procurement_required
P123_4_56,G3,B_aircraft,G3-B_aircraft-02,NEW-B_aircraft-02,procurement_required
P123_4_56,G1,C_aircraft,G1-C_aircraft-01,U07,existing
P123_4_56,G1,C_aircraft,G1-C_aircraft-02,U08,existing
P123_4_56,G2,C_aircraft,G2-C_aircraft-01,NEW-C_aircraft-01,procurement_required
P123_4_56,G1,A_batteries,G1-A_batteries-01,A01,existing
P123_4_56,G1,A_batteries,G1-A_batteries-02,A02,existing
P123_4_56,G1,A_batteries,G1-A_batteries-03,A03,existing
P123_4_56,G1,A_batteries,G1-A_batteries-04,A04,existing
P123_4_56,G1,A_batteries,G1-A_batteries-05,A05,existing
P123_4_56,G2,A_batteries,G2-A_batteries-01,A06,existing
P123_4_56,G1,B_batteries,G1-B_batteries-01,B01,existing
P123_4_56,G1,B_batteries,G1-B_batteries-02,B02,existing
P123_4_56,G1,B_batteries,G1-B_batteries-03,B03,existing
P123_4_56,G3,B_batteries,G3-B_batteries-01,B04,existing
P123_4_56,G3,B_batteries,G3-B_batteries-02,NEW-B_batteries-01,procurement_required
P123_4_56,G3,B_batteries,G3-B_batteries-03,NEW-B_batteries-02,procurement_required
P123_4_56,G3,B_batteries,G3-B_batteries-04,NEW-B_batteries-03,procurement_required
P123_4_56,G1,C_batteries,G1-C_batteries-01,C01,existing
P123_4_56,G1,C_batteries,G1-C_batteries-02,C02,existing
P123_4_56,G1,C_batteries,G1-C_batteries-03,C03,existing
P123_4_56,G1,C_batteries,G1-C_batteries-04,C04,existing
P123_4_56,G2,C_batteries,G2-C_batteries-01,NEW-C_batteries-01,procurement_required
P123_4_56,G1,relay_aircraft,G1-relay_aircraft-01,R01,existing
P123_4_56,G1,relay_aircraft,G1-relay_aircraft-02,R02,existing
P123_4_56,G3,relay_aircraft,G3-relay_aircraft-01,NEW-relay_aircraft-01,procurement_required
P123_4_56,G1,relay_components,G1-relay_components-01,RE01,existing
P123_4_56,G1,relay_components,G1-relay_components-02,RE02,existing
P123_4_56,G3,relay_components,G3-relay_components-01,RE03,existing
P12456_3,G1,A_aircraft,G1-A_aircraft-01,U01,existing
P12456_3,G1,A_aircraft,G1-A_aircraft-02,U02,existing
P12456_3,G2,A_aircraft,G2-A_aircraft-01,U03,existing
P12456_3,G2,A_aircraft,G2-A_aircraft-02,U04,existing
P12456_3,G2,A_aircraft,G2-A_aircraft-03,NEW-A_aircraft-01,procurement_required
P12456_3,G2,A_aircraft,G2-A_aircraft-04,NEW-A_aircraft-02,procurement_required
P12456_3,G1,B_aircraft,G1-B_aircraft-01,U05,existing
P12456_3,G1,B_aircraft,G1-B_aircraft-02,U06,existing
P12456_3,G2,B_aircraft,G2-B_aircraft-01,NEW-B_aircraft-01,procurement_required
P12456_3,G1,C_aircraft,G1-C_aircraft-01,U07,existing
P12456_3,G1,C_aircraft,G1-C_aircraft-02,U08,existing
P12456_3,G2,C_aircraft,G2-C_aircraft-01,NEW-C_aircraft-01,procurement_required
P12456_3,G1,A_batteries,G1-A_batteries-01,A01,existing
P12456_3,G1,A_batteries,G1-A_batteries-02,A02,existing
P12456_3,G1,A_batteries,G1-A_batteries-03,A03,existing
P12456_3,G2,A_batteries,G2-A_batteries-01,A04,existing
P12456_3,G2,A_batteries,G2-A_batteries-02,A05,existing
P12456_3,G2,A_batteries,G2-A_batteries-03,A06,existing
P12456_3,G2,A_batteries,G2-A_batteries-04,NEW-A_batteries-01,procurement_required
P12456_3,G1,B_batteries,G1-B_batteries-01,B01,existing
P12456_3,G1,B_batteries,G1-B_batteries-02,B02,existing
P12456_3,G1,B_batteries,G1-B_batteries-03,B03,existing
P12456_3,G1,B_batteries,G1-B_batteries-04,B04,existing
P12456_3,G2,B_batteries,G2-B_batteries-01,NEW-B_batteries-01,procurement_required
P12456_3,G1,C_batteries,G1-C_batteries-01,C01,existing
P12456_3,G1,C_batteries,G1-C_batteries-02,C02,existing
P12456_3,G1,C_batteries,G1-C_batteries-03,C03,existing
P12456_3,G1,C_batteries,G1-C_batteries-04,C04,existing
P12456_3,G2,C_batteries,G2-C_batteries-01,NEW-C_batteries-01,procurement_required
P12456_3,G1,relay_aircraft,G1-relay_aircraft-01,R01,existing
P12456_3,G1,relay_aircraft,G1-relay_aircraft-02,R02,existing
P12456_3,G2,relay_aircraft,G2-relay_aircraft-01,NEW-relay_aircraft-01,procurement_required
P12456_3,G1,relay_components,G1-relay_components-01,RE01,existing
P12456_3,G1,relay_components,G1-relay_components-02,RE02,existing
P12456_3,G2,relay_components,G2-relay_components-01,RE03,existing
P1245_36,G1,A_aircraft,G1-A_aircraft-01,U01,existing
P1245_36,G1,A_aircraft,G1-A_aircraft-02,U02,existing
P1245_36,G2,A_aircraft,G2-A_aircraft-01,U03,existing
P1245_36,G2,A_aircraft,G2-A_aircraft-02,U04,existing
P1245_36,G2,A_aircraft,G2-A_aircraft-03,NEW-A_aircraft-01,procurement_required
P1245_36,G2,A_aircraft,G2-A_aircraft-04,NEW-A_aircraft-02,procurement_required
P1245_36,G1,B_aircraft,G1-B_aircraft-01,U05,existing
P1245_36,G1,B_aircraft,G1-B_aircraft-02,U06,existing
P1245_36,G2,B_aircraft,G2-B_aircraft-01,NEW-B_aircraft-01,procurement_required
P1245_36,G1,C_aircraft,G1-C_aircraft-01,U07,existing
P1245_36,G1,C_aircraft,G1-C_aircraft-02,U08,existing
P1245_36,G2,C_aircraft,G2-C_aircraft-01,NEW-C_aircraft-01,procurement_required
P1245_36,G1,A_batteries,G1-A_batteries-01,A01,existing
P1245_36,G1,A_batteries,G1-A_batteries-02,A02,existing
P1245_36,G1,A_batteries,G1-A_batteries-03,A03,existing
P1245_36,G2,A_batteries,G2-A_batteries-01,A04,existing
P1245_36,G2,A_batteries,G2-A_batteries-02,A05,existing
P1245_36,G2,A_batteries,G2-A_batteries-03,A06,existing
P1245_36,G2,A_batteries,G2-A_batteries-04,NEW-A_batteries-01,procurement_required
P1245_36,G1,B_batteries,G1-B_batteries-01,B01,existing
P1245_36,G1,B_batteries,G1-B_batteries-02,B02,existing
P1245_36,G1,B_batteries,G1-B_batteries-03,B03,existing
P1245_36,G1,B_batteries,G1-B_batteries-04,B04,existing
P1245_36,G2,B_batteries,G2-B_batteries-01,NEW-B_batteries-01,procurement_required
P1245_36,G2,B_batteries,G2-B_batteries-02,NEW-B_batteries-02,procurement_required
P1245_36,G1,C_batteries,G1-C_batteries-01,C01,existing
P1245_36,G1,C_batteries,G1-C_batteries-02,C02,existing
P1245_36,G1,C_batteries,G1-C_batteries-03,C03,existing
P1245_36,G1,C_batteries,G1-C_batteries-04,C04,existing
P1245_36,G2,C_batteries,G2-C_batteries-01,NEW-C_batteries-01,procurement_required
P1245_36,G1,relay_aircraft,G1-relay_aircraft-01,R01,existing
P1245_36,G1,relay_aircraft,G1-relay_aircraft-02,R02,existing
P1245_36,G2,relay_aircraft,G2-relay_aircraft-01,NEW-relay_aircraft-01,procurement_required
P1245_36,G1,relay_components,G1-relay_components-01,RE01,existing
P1245_36,G1,relay_components,G1-relay_components-02,RE02,existing
P1245_36,G2,relay_components,G2-relay_components-01,RE03,existing
P1245_3_6,G1,A_aircraft,G1-A_aircraft-01,U01,existing
P1245_3_6,G1,A_aircraft,G1-A_aircraft-02,U02,existing
P1245_3_6,G2,A_aircraft,G2-A_aircraft-01,U03,existing
P1245_3_6,G2,A_aircraft,G2-A_aircraft-02,U04,existing
P1245_3_6,G2,A_aircraft,G2-A_aircraft-03,NEW-A_aircraft-01,procurement_required
P1245_3_6,G2,A_aircraft,G2-A_aircraft-04,NEW-A_aircraft-02,procurement_required
P1245_3_6,G1,B_aircraft,G1-B_aircraft-01,U05,existing
P1245_3_6,G1,B_aircraft,G1-B_aircraft-02,U06,existing
P1245_3_6,G2,B_aircraft,G2-B_aircraft-01,NEW-B_aircraft-01,procurement_required
P1245_3_6,G3,B_aircraft,G3-B_aircraft-01,NEW-B_aircraft-02,procurement_required
P1245_3_6,G1,C_aircraft,G1-C_aircraft-01,U07,existing
P1245_3_6,G1,C_aircraft,G1-C_aircraft-02,U08,existing
P1245_3_6,G2,C_aircraft,G2-C_aircraft-01,NEW-C_aircraft-01,procurement_required
P1245_3_6,G1,A_batteries,G1-A_batteries-01,A01,existing
P1245_3_6,G1,A_batteries,G1-A_batteries-02,A02,existing
P1245_3_6,G1,A_batteries,G1-A_batteries-03,A03,existing
P1245_3_6,G2,A_batteries,G2-A_batteries-01,A04,existing
P1245_3_6,G2,A_batteries,G2-A_batteries-02,A05,existing
P1245_3_6,G2,A_batteries,G2-A_batteries-03,A06,existing
P1245_3_6,G2,A_batteries,G2-A_batteries-04,NEW-A_batteries-01,procurement_required
P1245_3_6,G1,B_batteries,G1-B_batteries-01,B01,existing
P1245_3_6,G1,B_batteries,G1-B_batteries-02,B02,existing
P1245_3_6,G1,B_batteries,G1-B_batteries-03,B03,existing
P1245_3_6,G1,B_batteries,G1-B_batteries-04,B04,existing
P1245_3_6,G2,B_batteries,G2-B_batteries-01,NEW-B_batteries-01,procurement_required
P1245_3_6,G3,B_batteries,G3-B_batteries-01,NEW-B_batteries-02,procurement_required
P1245_3_6,G1,C_batteries,G1-C_batteries-01,C01,existing
P1245_3_6,G1,C_batteries,G1-C_batteries-02,C02,existing
P1245_3_6,G1,C_batteries,G1-C_batteries-03,C03,existing
P1245_3_6,G1,C_batteries,G1-C_batteries-04,C04,existing
P1245_3_6,G2,C_batteries,G2-C_batteries-01,NEW-C_batteries-01,procurement_required
P1245_3_6,G1,relay_aircraft,G1-relay_aircraft-01,R01,existing
P1245_3_6,G1,relay_aircraft,G1-relay_aircraft-02,R02,existing
P1245_3_6,G2,relay_aircraft,G2-relay_aircraft-01,NEW-relay_aircraft-01,procurement_required
P1245_3_6,G1,relay_components,G1-relay_components-01,RE01,existing
P1245_3_6,G1,relay_components,G1-relay_components-02,RE02,existing
P1245_3_6,G2,relay_components,G2-relay_components-01,RE03,existing
P1246_35,G1,A_aircraft,G1-A_aircraft-01,U01,existing
P1246_35,G1,A_aircraft,G1-A_aircraft-02,U02,existing
P1246_35,G2,A_aircraft,G2-A_aircraft-01,U03,existing
P1246_35,G2,A_aircraft,G2-A_aircraft-02,U04,existing
P1246_35,G2,A_aircraft,G2-A_aircraft-03,NEW-A_aircraft-01,procurement_required
P1246_35,G2,A_aircraft,G2-A_aircraft-04,NEW-A_aircraft-02,procurement_required
P1246_35,G1,B_aircraft,G1-B_aircraft-01,U05,existing
P1246_35,G1,B_aircraft,G1-B_aircraft-02,U06,existing
P1246_35,G2,B_aircraft,G2-B_aircraft-01,NEW-B_aircraft-01,procurement_required
P1246_35,G2,B_aircraft,G2-B_aircraft-02,NEW-B_aircraft-02,procurement_required
P1246_35,G1,C_aircraft,G1-C_aircraft-01,U07,existing
P1246_35,G1,C_aircraft,G1-C_aircraft-02,U08,existing
P1246_35,G2,C_aircraft,G2-C_aircraft-01,NEW-C_aircraft-01,procurement_required
P1246_35,G1,A_batteries,G1-A_batteries-01,A01,existing
P1246_35,G1,A_batteries,G1-A_batteries-02,A02,existing
P1246_35,G1,A_batteries,G1-A_batteries-03,A03,existing
P1246_35,G2,A_batteries,G2-A_batteries-01,A04,existing
P1246_35,G2,A_batteries,G2-A_batteries-02,A05,existing
P1246_35,G2,A_batteries,G2-A_batteries-03,A06,existing
P1246_35,G2,A_batteries,G2-A_batteries-04,NEW-A_batteries-01,procurement_required
P1246_35,G1,B_batteries,G1-B_batteries-01,B01,existing
P1246_35,G1,B_batteries,G1-B_batteries-02,B02,existing
P1246_35,G1,B_batteries,G1-B_batteries-03,B03,existing
P1246_35,G2,B_batteries,G2-B_batteries-01,B04,existing
P1246_35,G2,B_batteries,G2-B_batteries-02,NEW-B_batteries-01,procurement_required
P1246_35,G2,B_batteries,G2-B_batteries-03,NEW-B_batteries-02,procurement_required
P1246_35,G2,B_batteries,G2-B_batteries-04,NEW-B_batteries-03,procurement_required
P1246_35,G1,C_batteries,G1-C_batteries-01,C01,existing
P1246_35,G1,C_batteries,G1-C_batteries-02,C02,existing
P1246_35,G1,C_batteries,G1-C_batteries-03,C03,existing
P1246_35,G1,C_batteries,G1-C_batteries-04,C04,existing
P1246_35,G2,C_batteries,G2-C_batteries-01,NEW-C_batteries-01,procurement_required
P1246_35,G1,relay_aircraft,G1-relay_aircraft-01,R01,existing
P1246_35,G2,relay_aircraft,G2-relay_aircraft-01,R02,existing
P1246_35,G2,relay_aircraft,G2-relay_aircraft-02,NEW-relay_aircraft-01,procurement_required
P1246_35,G1,relay_components,G1-relay_components-01,RE01,existing
P1246_35,G2,relay_components,G2-relay_components-01,RE02,existing
P1246_35,G2,relay_components,G2-relay_components-02,RE03,existing
P1246_3_5,G1,A_aircraft,G1-A_aircraft-01,U01,existing
P1246_3_5,G1,A_aircraft,G1-A_aircraft-02,U02,existing
P1246_3_5,G2,A_aircraft,G2-A_aircraft-01,U03,existing
P1246_3_5,G2,A_aircraft,G2-A_aircraft-02,U04,existing
P1246_3_5,G2,A_aircraft,G2-A_aircraft-03,NEW-A_aircraft-01,procurement_required
P1246_3_5,G2,A_aircraft,G2-A_aircraft-04,NEW-A_aircraft-02,procurement_required
P1246_3_5,G1,B_aircraft,G1-B_aircraft-01,U05,existing
P1246_3_5,G1,B_aircraft,G1-B_aircraft-02,U06,existing
P1246_3_5,G2,B_aircraft,G2-B_aircraft-01,NEW-B_aircraft-01,procurement_required
P1246_3_5,G3,B_aircraft,G3-B_aircraft-01,NEW-B_aircraft-02,procurement_required
P1246_3_5,G3,B_aircraft,G3-B_aircraft-02,NEW-B_aircraft-03,procurement_required
P1246_3_5,G1,C_aircraft,G1-C_aircraft-01,U07,existing
P1246_3_5,G1,C_aircraft,G1-C_aircraft-02,U08,existing
P1246_3_5,G2,C_aircraft,G2-C_aircraft-01,NEW-C_aircraft-01,procurement_required
P1246_3_5,G1,A_batteries,G1-A_batteries-01,A01,existing
P1246_3_5,G1,A_batteries,G1-A_batteries-02,A02,existing
P1246_3_5,G1,A_batteries,G1-A_batteries-03,A03,existing
P1246_3_5,G2,A_batteries,G2-A_batteries-01,A04,existing
P1246_3_5,G2,A_batteries,G2-A_batteries-02,A05,existing
P1246_3_5,G2,A_batteries,G2-A_batteries-03,A06,existing
P1246_3_5,G2,A_batteries,G2-A_batteries-04,NEW-A_batteries-01,procurement_required
P1246_3_5,G1,B_batteries,G1-B_batteries-01,B01,existing
P1246_3_5,G1,B_batteries,G1-B_batteries-02,B02,existing
P1246_3_5,G1,B_batteries,G1-B_batteries-03,B03,existing
P1246_3_5,G2,B_batteries,G2-B_batteries-01,B04,existing
P1246_3_5,G3,B_batteries,G3-B_batteries-01,NEW-B_batteries-01,procurement_required
P1246_3_5,G3,B_batteries,G3-B_batteries-02,NEW-B_batteries-02,procurement_required
P1246_3_5,G3,B_batteries,G3-B_batteries-03,NEW-B_batteries-03,procurement_required
P1246_3_5,G3,B_batteries,G3-B_batteries-04,NEW-B_batteries-04,procurement_required
P1246_3_5,G1,C_batteries,G1-C_batteries-01,C01,existing
P1246_3_5,G1,C_batteries,G1-C_batteries-02,C02,existing
P1246_3_5,G1,C_batteries,G1-C_batteries-03,C03,existing
P1246_3_5,G1,C_batteries,G1-C_batteries-04,C04,existing
P1246_3_5,G2,C_batteries,G2-C_batteries-01,NEW-C_batteries-01,procurement_required
P1246_3_5,G1,relay_aircraft,G1-relay_aircraft-01,R01,existing
P1246_3_5,G2,relay_aircraft,G2-relay_aircraft-01,R02,existing
P1246_3_5,G3,relay_aircraft,G3-relay_aircraft-01,NEW-relay_aircraft-01,procurement_required
P1246_3_5,G1,relay_components,G1-relay_components-01,RE01,existing
P1246_3_5,G2,relay_components,G2-relay_components-01,RE02,existing
P1246_3_5,G3,relay_components,G3-relay_components-01,RE03,existing
P124_356,G1,A_aircraft,G1-A_aircraft-01,U01,existing
P124_356,G1,A_aircraft,G1-A_aircraft-02,U02,existing
P124_356,G2,A_aircraft,G2-A_aircraft-01,U03,existing
P124_356,G2,A_aircraft,G2-A_aircraft-02,U04,existing
P124_356,G2,A_aircraft,G2-A_aircraft-03,NEW-A_aircraft-01,procurement_required
P124_356,G2,A_aircraft,G2-A_aircraft-04,NEW-A_aircraft-02,procurement_required
P124_356,G1,B_aircraft,G1-B_aircraft-01,U05,existing
P124_356,G2,B_aircraft,G2-B_aircraft-01,U06,existing
P124_356,G2,B_aircraft,G2-B_aircraft-02,NEW-B_aircraft-01,procurement_required
P124_356,G1,C_aircraft,G1-C_aircraft-01,U07,existing
P124_356,G1,C_aircraft,G1-C_aircraft-02,U08,existing
P124_356,G2,C_aircraft,G2-C_aircraft-01,NEW-C_aircraft-01,procurement_required
P124_356,G1,A_batteries,G1-A_batteries-01,A01,existing
P124_356,G1,A_batteries,G1-A_batteries-02,A02,existing
P124_356,G1,A_batteries,G1-A_batteries-03,A03,existing
P124_356,G2,A_batteries,G2-A_batteries-01,A04,existing
P124_356,G2,A_batteries,G2-A_batteries-02,A05,existing
P124_356,G2,A_batteries,G2-A_batteries-03,A06,existing
P124_356,G2,A_batteries,G2-A_batteries-04,NEW-A_batteries-01,procurement_required
P124_356,G1,B_batteries,G1-B_batteries-01,B01,existing
P124_356,G1,B_batteries,G1-B_batteries-02,B02,existing
P124_356,G2,B_batteries,G2-B_batteries-01,B03,existing
P124_356,G2,B_batteries,G2-B_batteries-02,B04,existing
P124_356,G2,B_batteries,G2-B_batteries-03,NEW-B_batteries-01,procurement_required
P124_356,G2,B_batteries,G2-B_batteries-04,NEW-B_batteries-02,procurement_required
P124_356,G1,C_batteries,G1-C_batteries-01,C01,existing
P124_356,G1,C_batteries,G1-C_batteries-02,C02,existing
P124_356,G1,C_batteries,G1-C_batteries-03,C03,existing
P124_356,G1,C_batteries,G1-C_batteries-04,C04,existing
P124_356,G2,C_batteries,G2-C_batteries-01,NEW-C_batteries-01,procurement_required
P124_356,G1,relay_aircraft,G1-relay_aircraft-01,R01,existing
P124_356,G2,relay_aircraft,G2-relay_aircraft-01,R02,existing
P124_356,G2,relay_aircraft,G2-relay_aircraft-02,NEW-relay_aircraft-01,procurement_required
P124_356,G1,relay_components,G1-relay_components-01,RE01,existing
P124_356,G2,relay_components,G2-relay_components-01,RE02,existing
P124_356,G2,relay_components,G2-relay_components-02,RE03,existing
P124_35_6,G1,A_aircraft,G1-A_aircraft-01,U01,existing
P124_35_6,G1,A_aircraft,G1-A_aircraft-02,U02,existing
P124_35_6,G2,A_aircraft,G2-A_aircraft-01,U03,existing
P124_35_6,G2,A_aircraft,G2-A_aircraft-02,U04,existing
P124_35_6,G2,A_aircraft,G2-A_aircraft-03,NEW-A_aircraft-01,procurement_required
P124_35_6,G2,A_aircraft,G2-A_aircraft-04,NEW-A_aircraft-02,procurement_required
P124_35_6,G1,B_aircraft,G1-B_aircraft-01,U05,existing
P124_35_6,G2,B_aircraft,G2-B_aircraft-01,U06,existing
P124_35_6,G2,B_aircraft,G2-B_aircraft-02,NEW-B_aircraft-01,procurement_required
P124_35_6,G3,B_aircraft,G3-B_aircraft-01,NEW-B_aircraft-02,procurement_required
P124_35_6,G1,C_aircraft,G1-C_aircraft-01,U07,existing
P124_35_6,G1,C_aircraft,G1-C_aircraft-02,U08,existing
P124_35_6,G2,C_aircraft,G2-C_aircraft-01,NEW-C_aircraft-01,procurement_required
P124_35_6,G1,A_batteries,G1-A_batteries-01,A01,existing
P124_35_6,G1,A_batteries,G1-A_batteries-02,A02,existing
P124_35_6,G1,A_batteries,G1-A_batteries-03,A03,existing
P124_35_6,G2,A_batteries,G2-A_batteries-01,A04,existing
P124_35_6,G2,A_batteries,G2-A_batteries-02,A05,existing
P124_35_6,G2,A_batteries,G2-A_batteries-03,A06,existing
P124_35_6,G2,A_batteries,G2-A_batteries-04,NEW-A_batteries-01,procurement_required
P124_35_6,G1,B_batteries,G1-B_batteries-01,B01,existing
P124_35_6,G1,B_batteries,G1-B_batteries-02,B02,existing
P124_35_6,G2,B_batteries,G2-B_batteries-01,B03,existing
P124_35_6,G2,B_batteries,G2-B_batteries-02,B04,existing
P124_35_6,G2,B_batteries,G2-B_batteries-03,NEW-B_batteries-01,procurement_required
P124_35_6,G2,B_batteries,G2-B_batteries-04,NEW-B_batteries-02,procurement_required
P124_35_6,G3,B_batteries,G3-B_batteries-01,NEW-B_batteries-03,procurement_required
P124_35_6,G1,C_batteries,G1-C_batteries-01,C01,existing
P124_35_6,G1,C_batteries,G1-C_batteries-02,C02,existing
P124_35_6,G1,C_batteries,G1-C_batteries-03,C03,existing
P124_35_6,G1,C_batteries,G1-C_batteries-04,C04,existing
P124_35_6,G2,C_batteries,G2-C_batteries-01,NEW-C_batteries-01,procurement_required
P124_35_6,G1,relay_aircraft,G1-relay_aircraft-01,R01,existing
P124_35_6,G2,relay_aircraft,G2-relay_aircraft-01,R02,existing
P124_35_6,G2,relay_aircraft,G2-relay_aircraft-02,NEW-relay_aircraft-01,procurement_required
P124_35_6,G1,relay_components,G1-relay_components-01,RE01,existing
P124_35_6,G2,relay_components,G2-relay_components-01,RE02,existing
P124_35_6,G2,relay_components,G2-relay_components-02,RE03,existing
P124_36_5,G1,A_aircraft,G1-A_aircraft-01,U01,existing
P124_36_5,G1,A_aircraft,G1-A_aircraft-02,U02,existing
P124_36_5,G2,A_aircraft,G2-A_aircraft-01,U03,existing
P124_36_5,G2,A_aircraft,G2-A_aircraft-02,U04,existing
P124_36_5,G2,A_aircraft,G2-A_aircraft-03,NEW-A_aircraft-01,procurement_required
P124_36_5,G2,A_aircraft,G2-A_aircraft-04,NEW-A_aircraft-02,procurement_required
P124_36_5,G1,B_aircraft,G1-B_aircraft-01,U05,existing
P124_36_5,G2,B_aircraft,G2-B_aircraft-01,U06,existing
P124_36_5,G3,B_aircraft,G3-B_aircraft-01,NEW-B_aircraft-01,procurement_required
P124_36_5,G3,B_aircraft,G3-B_aircraft-02,NEW-B_aircraft-02,procurement_required
P124_36_5,G1,C_aircraft,G1-C_aircraft-01,U07,existing
P124_36_5,G1,C_aircraft,G1-C_aircraft-02,U08,existing
P124_36_5,G2,C_aircraft,G2-C_aircraft-01,NEW-C_aircraft-01,procurement_required
P124_36_5,G1,A_batteries,G1-A_batteries-01,A01,existing
P124_36_5,G1,A_batteries,G1-A_batteries-02,A02,existing
P124_36_5,G1,A_batteries,G1-A_batteries-03,A03,existing
P124_36_5,G2,A_batteries,G2-A_batteries-01,A04,existing
P124_36_5,G2,A_batteries,G2-A_batteries-02,A05,existing
P124_36_5,G2,A_batteries,G2-A_batteries-03,A06,existing
P124_36_5,G2,A_batteries,G2-A_batteries-04,NEW-A_batteries-01,procurement_required
P124_36_5,G1,B_batteries,G1-B_batteries-01,B01,existing
P124_36_5,G1,B_batteries,G1-B_batteries-02,B02,existing
P124_36_5,G2,B_batteries,G2-B_batteries-01,B03,existing
P124_36_5,G2,B_batteries,G2-B_batteries-02,B04,existing
P124_36_5,G3,B_batteries,G3-B_batteries-01,NEW-B_batteries-01,procurement_required
P124_36_5,G3,B_batteries,G3-B_batteries-02,NEW-B_batteries-02,procurement_required
P124_36_5,G3,B_batteries,G3-B_batteries-03,NEW-B_batteries-03,procurement_required
P124_36_5,G3,B_batteries,G3-B_batteries-04,NEW-B_batteries-04,procurement_required
P124_36_5,G1,C_batteries,G1-C_batteries-01,C01,existing
P124_36_5,G1,C_batteries,G1-C_batteries-02,C02,existing
P124_36_5,G1,C_batteries,G1-C_batteries-03,C03,existing
P124_36_5,G1,C_batteries,G1-C_batteries-04,C04,existing
P124_36_5,G2,C_batteries,G2-C_batteries-01,NEW-C_batteries-01,procurement_required
P124_36_5,G1,relay_aircraft,G1-relay_aircraft-01,R01,existing
P124_36_5,G2,relay_aircraft,G2-relay_aircraft-01,R02,existing
P124_36_5,G3,relay_aircraft,G3-relay_aircraft-01,NEW-relay_aircraft-01,procurement_required
P124_36_5,G1,relay_components,G1-relay_components-01,RE01,existing
P124_36_5,G2,relay_components,G2-relay_components-01,RE02,existing
P124_36_5,G3,relay_components,G3-relay_components-01,RE03,existing
P124_3_56,G1,A_aircraft,G1-A_aircraft-01,U01,existing
P124_3_56,G1,A_aircraft,G1-A_aircraft-02,U02,existing
P124_3_56,G2,A_aircraft,G2-A_aircraft-01,U03,existing
P124_3_56,G2,A_aircraft,G2-A_aircraft-02,U04,existing
P124_3_56,G2,A_aircraft,G2-A_aircraft-03,NEW-A_aircraft-01,procurement_required
P124_3_56,G2,A_aircraft,G2-A_aircraft-04,NEW-A_aircraft-02,procurement_required
P124_3_56,G1,B_aircraft,G1-B_aircraft-01,U05,existing
P124_3_56,G2,B_aircraft,G2-B_aircraft-01,U06,existing
P124_3_56,G3,B_aircraft,G3-B_aircraft-01,NEW-B_aircraft-01,procurement_required
P124_3_56,G3,B_aircraft,G3-B_aircraft-02,NEW-B_aircraft-02,procurement_required
P124_3_56,G1,C_aircraft,G1-C_aircraft-01,U07,existing
P124_3_56,G1,C_aircraft,G1-C_aircraft-02,U08,existing
P124_3_56,G2,C_aircraft,G2-C_aircraft-01,NEW-C_aircraft-01,procurement_required
P124_3_56,G1,A_batteries,G1-A_batteries-01,A01,existing
P124_3_56,G1,A_batteries,G1-A_batteries-02,A02,existing
P124_3_56,G1,A_batteries,G1-A_batteries-03,A03,existing
P124_3_56,G2,A_batteries,G2-A_batteries-01,A04,existing
P124_3_56,G2,A_batteries,G2-A_batteries-02,A05,existing
P124_3_56,G2,A_batteries,G2-A_batteries-03,A06,existing
P124_3_56,G2,A_batteries,G2-A_batteries-04,NEW-A_batteries-01,procurement_required
P124_3_56,G1,B_batteries,G1-B_batteries-01,B01,existing
P124_3_56,G1,B_batteries,G1-B_batteries-02,B02,existing
P124_3_56,G2,B_batteries,G2-B_batteries-01,B03,existing
P124_3_56,G3,B_batteries,G3-B_batteries-01,B04,existing
P124_3_56,G3,B_batteries,G3-B_batteries-02,NEW-B_batteries-01,procurement_required
P124_3_56,G3,B_batteries,G3-B_batteries-03,NEW-B_batteries-02,procurement_required
P124_3_56,G3,B_batteries,G3-B_batteries-04,NEW-B_batteries-03,procurement_required
P124_3_56,G1,C_batteries,G1-C_batteries-01,C01,existing
P124_3_56,G1,C_batteries,G1-C_batteries-02,C02,existing
P124_3_56,G1,C_batteries,G1-C_batteries-03,C03,existing
P124_3_56,G1,C_batteries,G1-C_batteries-04,C04,existing
P124_3_56,G2,C_batteries,G2-C_batteries-01,NEW-C_batteries-01,procurement_required
P124_3_56,G1,relay_aircraft,G1-relay_aircraft-01,R01,existing
P124_3_56,G2,relay_aircraft,G2-relay_aircraft-01,R02,existing
P124_3_56,G3,relay_aircraft,G3-relay_aircraft-01,NEW-relay_aircraft-01,procurement_required
P124_3_56,G1,relay_components,G1-relay_components-01,RE01,existing
P124_3_56,G2,relay_components,G2-relay_components-01,RE02,existing
P124_3_56,G3,relay_components,G3-relay_components-01,RE03,existing
P1256_34,G1,A_aircraft,G1-A_aircraft-01,U01,existing
P1256_34,G2,A_aircraft,G2-A_aircraft-01,U02,existing
P1256_34,G2,A_aircraft,G2-A_aircraft-02,U03,existing
P1256_34,G2,A_aircraft,G2-A_aircraft-03,U04,existing
P1256_34,G2,A_aircraft,G2-A_aircraft-04,NEW-A_aircraft-01,procurement_required
P1256_34,G1,B_aircraft,G1-B_aircraft-01,U05,existing
P1256_34,G1,B_aircraft,G1-B_aircraft-02,U06,existing
P1256_34,G2,B_aircraft,G2-B_aircraft-01,NEW-B_aircraft-01,procurement_required
P1256_34,G1,C_aircraft,G1-C_aircraft-01,U07,existing
P1256_34,G1,C_aircraft,G1-C_aircraft-02,U08,existing
P1256_34,G2,C_aircraft,G2-C_aircraft-01,NEW-C_aircraft-01,procurement_required
P1256_34,G1,A_batteries,G1-A_batteries-01,A01,existing
P1256_34,G1,A_batteries,G1-A_batteries-02,A02,existing
P1256_34,G2,A_batteries,G2-A_batteries-01,A03,existing
P1256_34,G2,A_batteries,G2-A_batteries-02,A04,existing
P1256_34,G2,A_batteries,G2-A_batteries-03,A05,existing
P1256_34,G2,A_batteries,G2-A_batteries-04,A06,existing
P1256_34,G1,B_batteries,G1-B_batteries-01,B01,existing
P1256_34,G1,B_batteries,G1-B_batteries-02,B02,existing
P1256_34,G1,B_batteries,G1-B_batteries-03,B03,existing
P1256_34,G1,B_batteries,G1-B_batteries-04,B04,existing
P1256_34,G2,B_batteries,G2-B_batteries-01,NEW-B_batteries-01,procurement_required
P1256_34,G1,C_batteries,G1-C_batteries-01,C01,existing
P1256_34,G1,C_batteries,G1-C_batteries-02,C02,existing
P1256_34,G1,C_batteries,G1-C_batteries-03,C03,existing
P1256_34,G2,C_batteries,G2-C_batteries-01,C04,existing
P1256_34,G1,relay_aircraft,G1-relay_aircraft-01,R01,existing
P1256_34,G1,relay_aircraft,G1-relay_aircraft-02,R02,existing
P1256_34,G2,relay_aircraft,G2-relay_aircraft-01,NEW-relay_aircraft-01,procurement_required
P1256_34,G1,relay_components,G1-relay_components-01,RE01,existing
P1256_34,G1,relay_components,G1-relay_components-02,RE02,existing
P1256_34,G2,relay_components,G2-relay_components-01,RE03,existing
P1256_3_4,G1,A_aircraft,G1-A_aircraft-01,U01,existing
P1256_3_4,G2,A_aircraft,G2-A_aircraft-01,U02,existing
P1256_3_4,G2,A_aircraft,G2-A_aircraft-02,U03,existing
P1256_3_4,G2,A_aircraft,G2-A_aircraft-03,U04,existing
P1256_3_4,G2,A_aircraft,G2-A_aircraft-04,NEW-A_aircraft-01,procurement_required
P1256_3_4,G3,A_aircraft,G3-A_aircraft-01,NEW-A_aircraft-02,procurement_required
P1256_3_4,G1,B_aircraft,G1-B_aircraft-01,U05,existing
P1256_3_4,G1,B_aircraft,G1-B_aircraft-02,U06,existing
P1256_3_4,G2,B_aircraft,G2-B_aircraft-01,NEW-B_aircraft-01,procurement_required
P1256_3_4,G1,C_aircraft,G1-C_aircraft-01,U07,existing
P1256_3_4,G1,C_aircraft,G1-C_aircraft-02,U08,existing
P1256_3_4,G2,C_aircraft,G2-C_aircraft-01,NEW-C_aircraft-01,procurement_required
P1256_3_4,G3,C_aircraft,G3-C_aircraft-01,NEW-C_aircraft-02,procurement_required
P1256_3_4,G1,A_batteries,G1-A_batteries-01,A01,existing
P1256_3_4,G1,A_batteries,G1-A_batteries-02,A02,existing
P1256_3_4,G2,A_batteries,G2-A_batteries-01,A03,existing
P1256_3_4,G2,A_batteries,G2-A_batteries-02,A04,existing
P1256_3_4,G2,A_batteries,G2-A_batteries-03,A05,existing
P1256_3_4,G2,A_batteries,G2-A_batteries-04,A06,existing
P1256_3_4,G3,A_batteries,G3-A_batteries-01,NEW-A_batteries-01,procurement_required
P1256_3_4,G1,B_batteries,G1-B_batteries-01,B01,existing
P1256_3_4,G1,B_batteries,G1-B_batteries-02,B02,existing
P1256_3_4,G1,B_batteries,G1-B_batteries-03,B03,existing
P1256_3_4,G1,B_batteries,G1-B_batteries-04,B04,existing
P1256_3_4,G2,B_batteries,G2-B_batteries-01,NEW-B_batteries-01,procurement_required
P1256_3_4,G1,C_batteries,G1-C_batteries-01,C01,existing
P1256_3_4,G1,C_batteries,G1-C_batteries-02,C02,existing
P1256_3_4,G1,C_batteries,G1-C_batteries-03,C03,existing
P1256_3_4,G2,C_batteries,G2-C_batteries-01,C04,existing
P1256_3_4,G3,C_batteries,G3-C_batteries-01,NEW-C_batteries-01,procurement_required
P1256_3_4,G1,relay_aircraft,G1-relay_aircraft-01,R01,existing
P1256_3_4,G1,relay_aircraft,G1-relay_aircraft-02,R02,existing
P1256_3_4,G2,relay_aircraft,G2-relay_aircraft-01,NEW-relay_aircraft-01,procurement_required
P1256_3_4,G1,relay_components,G1-relay_components-01,RE01,existing
P1256_3_4,G1,relay_components,G1-relay_components-02,RE02,existing
P1256_3_4,G2,relay_components,G2-relay_components-01,RE03,existing
P125_346,G1,A_aircraft,G1-A_aircraft-01,U01,existing
P125_346,G2,A_aircraft,G2-A_aircraft-01,U02,existing
P125_346,G2,A_aircraft,G2-A_aircraft-02,U03,existing
P125_346,G2,A_aircraft,G2-A_aircraft-03,U04,existing
P125_346,G2,A_aircraft,G2-A_aircraft-04,NEW-A_aircraft-01,procurement_required
P125_346,G1,B_aircraft,G1-B_aircraft-01,U05,existing
P125_346,G1,B_aircraft,G1-B_aircraft-02,U06,existing
P125_346,G2,B_aircraft,G2-B_aircraft-01,NEW-B_aircraft-01,procurement_required
P125_346,G1,C_aircraft,G1-C_aircraft-01,U07,existing
P125_346,G1,C_aircraft,G1-C_aircraft-02,U08,existing
P125_346,G2,C_aircraft,G2-C_aircraft-01,NEW-C_aircraft-01,procurement_required
P125_346,G1,A_batteries,G1-A_batteries-01,A01,existing
P125_346,G1,A_batteries,G1-A_batteries-02,A02,existing
P125_346,G2,A_batteries,G2-A_batteries-01,A03,existing
P125_346,G2,A_batteries,G2-A_batteries-02,A04,existing
P125_346,G2,A_batteries,G2-A_batteries-03,A05,existing
P125_346,G2,A_batteries,G2-A_batteries-04,A06,existing
P125_346,G1,B_batteries,G1-B_batteries-01,B01,existing
P125_346,G1,B_batteries,G1-B_batteries-02,B02,existing
P125_346,G1,B_batteries,G1-B_batteries-03,B03,existing
P125_346,G1,B_batteries,G1-B_batteries-04,B04,existing
P125_346,G2,B_batteries,G2-B_batteries-01,NEW-B_batteries-01,procurement_required
P125_346,G2,B_batteries,G2-B_batteries-02,NEW-B_batteries-02,procurement_required
P125_346,G1,C_batteries,G1-C_batteries-01,C01,existing
P125_346,G1,C_batteries,G1-C_batteries-02,C02,existing
P125_346,G1,C_batteries,G1-C_batteries-03,C03,existing
P125_346,G2,C_batteries,G2-C_batteries-01,C04,existing
P125_346,G1,relay_aircraft,G1-relay_aircraft-01,R01,existing
P125_346,G1,relay_aircraft,G1-relay_aircraft-02,R02,existing
P125_346,G2,relay_aircraft,G2-relay_aircraft-01,NEW-relay_aircraft-01,procurement_required
P125_346,G1,relay_components,G1-relay_components-01,RE01,existing
P125_346,G1,relay_components,G1-relay_components-02,RE02,existing
P125_346,G2,relay_components,G2-relay_components-01,RE03,existing
P125_34_6,G1,A_aircraft,G1-A_aircraft-01,U01,existing
P125_34_6,G2,A_aircraft,G2-A_aircraft-01,U02,existing
P125_34_6,G2,A_aircraft,G2-A_aircraft-02,U03,existing
P125_34_6,G2,A_aircraft,G2-A_aircraft-03,U04,existing
P125_34_6,G2,A_aircraft,G2-A_aircraft-04,NEW-A_aircraft-01,procurement_required
P125_34_6,G1,B_aircraft,G1-B_aircraft-01,U05,existing
P125_34_6,G1,B_aircraft,G1-B_aircraft-02,U06,existing
P125_34_6,G2,B_aircraft,G2-B_aircraft-01,NEW-B_aircraft-01,procurement_required
P125_34_6,G3,B_aircraft,G3-B_aircraft-01,NEW-B_aircraft-02,procurement_required
P125_34_6,G1,C_aircraft,G1-C_aircraft-01,U07,existing
P125_34_6,G1,C_aircraft,G1-C_aircraft-02,U08,existing
P125_34_6,G2,C_aircraft,G2-C_aircraft-01,NEW-C_aircraft-01,procurement_required
P125_34_6,G1,A_batteries,G1-A_batteries-01,A01,existing
P125_34_6,G1,A_batteries,G1-A_batteries-02,A02,existing
P125_34_6,G2,A_batteries,G2-A_batteries-01,A03,existing
P125_34_6,G2,A_batteries,G2-A_batteries-02,A04,existing
P125_34_6,G2,A_batteries,G2-A_batteries-03,A05,existing
P125_34_6,G2,A_batteries,G2-A_batteries-04,A06,existing
P125_34_6,G1,B_batteries,G1-B_batteries-01,B01,existing
P125_34_6,G1,B_batteries,G1-B_batteries-02,B02,existing
P125_34_6,G1,B_batteries,G1-B_batteries-03,B03,existing
P125_34_6,G1,B_batteries,G1-B_batteries-04,B04,existing
P125_34_6,G2,B_batteries,G2-B_batteries-01,NEW-B_batteries-01,procurement_required
P125_34_6,G3,B_batteries,G3-B_batteries-01,NEW-B_batteries-02,procurement_required
P125_34_6,G1,C_batteries,G1-C_batteries-01,C01,existing
P125_34_6,G1,C_batteries,G1-C_batteries-02,C02,existing
P125_34_6,G1,C_batteries,G1-C_batteries-03,C03,existing
P125_34_6,G2,C_batteries,G2-C_batteries-01,C04,existing
P125_34_6,G1,relay_aircraft,G1-relay_aircraft-01,R01,existing
P125_34_6,G1,relay_aircraft,G1-relay_aircraft-02,R02,existing
P125_34_6,G2,relay_aircraft,G2-relay_aircraft-01,NEW-relay_aircraft-01,procurement_required
P125_34_6,G1,relay_components,G1-relay_components-01,RE01,existing
P125_34_6,G1,relay_components,G1-relay_components-02,RE02,existing
P125_34_6,G2,relay_components,G2-relay_components-01,RE03,existing
P125_36_4,G1,A_aircraft,G1-A_aircraft-01,U01,existing
P125_36_4,G2,A_aircraft,G2-A_aircraft-01,U02,existing
P125_36_4,G2,A_aircraft,G2-A_aircraft-02,U03,existing
P125_36_4,G2,A_aircraft,G2-A_aircraft-03,U04,existing
P125_36_4,G2,A_aircraft,G2-A_aircraft-04,NEW-A_aircraft-01,procurement_required
P125_36_4,G3,A_aircraft,G3-A_aircraft-01,NEW-A_aircraft-02,procurement_required
P125_36_4,G1,B_aircraft,G1-B_aircraft-01,U05,existing
P125_36_4,G1,B_aircraft,G1-B_aircraft-02,U06,existing
P125_36_4,G2,B_aircraft,G2-B_aircraft-01,NEW-B_aircraft-01,procurement_required
P125_36_4,G1,C_aircraft,G1-C_aircraft-01,U07,existing
P125_36_4,G1,C_aircraft,G1-C_aircraft-02,U08,existing
P125_36_4,G2,C_aircraft,G2-C_aircraft-01,NEW-C_aircraft-01,procurement_required
P125_36_4,G3,C_aircraft,G3-C_aircraft-01,NEW-C_aircraft-02,procurement_required
P125_36_4,G1,A_batteries,G1-A_batteries-01,A01,existing
P125_36_4,G1,A_batteries,G1-A_batteries-02,A02,existing
P125_36_4,G2,A_batteries,G2-A_batteries-01,A03,existing
P125_36_4,G2,A_batteries,G2-A_batteries-02,A04,existing
P125_36_4,G2,A_batteries,G2-A_batteries-03,A05,existing
P125_36_4,G2,A_batteries,G2-A_batteries-04,A06,existing
P125_36_4,G3,A_batteries,G3-A_batteries-01,NEW-A_batteries-01,procurement_required
P125_36_4,G1,B_batteries,G1-B_batteries-01,B01,existing
P125_36_4,G1,B_batteries,G1-B_batteries-02,B02,existing
P125_36_4,G1,B_batteries,G1-B_batteries-03,B03,existing
P125_36_4,G1,B_batteries,G1-B_batteries-04,B04,existing
P125_36_4,G2,B_batteries,G2-B_batteries-01,NEW-B_batteries-01,procurement_required
P125_36_4,G2,B_batteries,G2-B_batteries-02,NEW-B_batteries-02,procurement_required
P125_36_4,G1,C_batteries,G1-C_batteries-01,C01,existing
P125_36_4,G1,C_batteries,G1-C_batteries-02,C02,existing
P125_36_4,G1,C_batteries,G1-C_batteries-03,C03,existing
P125_36_4,G2,C_batteries,G2-C_batteries-01,C04,existing
P125_36_4,G3,C_batteries,G3-C_batteries-01,NEW-C_batteries-01,procurement_required
P125_36_4,G1,relay_aircraft,G1-relay_aircraft-01,R01,existing
P125_36_4,G1,relay_aircraft,G1-relay_aircraft-02,R02,existing
P125_36_4,G2,relay_aircraft,G2-relay_aircraft-01,NEW-relay_aircraft-01,procurement_required
P125_36_4,G1,relay_components,G1-relay_components-01,RE01,existing
P125_36_4,G1,relay_components,G1-relay_components-02,RE02,existing
P125_36_4,G2,relay_components,G2-relay_components-01,RE03,existing
P125_3_46,G1,A_aircraft,G1-A_aircraft-01,U01,existing
P125_3_46,G2,A_aircraft,G2-A_aircraft-01,U02,existing
P125_3_46,G2,A_aircraft,G2-A_aircraft-02,U03,existing
P125_3_46,G2,A_aircraft,G2-A_aircraft-03,U04,existing
P125_3_46,G2,A_aircraft,G2-A_aircraft-04,NEW-A_aircraft-01,procurement_required
P125_3_46,G3,A_aircraft,G3-A_aircraft-01,NEW-A_aircraft-02,procurement_required
P125_3_46,G1,B_aircraft,G1-B_aircraft-01,U05,existing
P125_3_46,G1,B_aircraft,G1-B_aircraft-02,U06,existing
P125_3_46,G2,B_aircraft,G2-B_aircraft-01,NEW-B_aircraft-01,procurement_required
P125_3_46,G3,B_aircraft,G3-B_aircraft-01,NEW-B_aircraft-02,procurement_required
P125_3_46,G1,C_aircraft,G1-C_aircraft-01,U07,existing
P125_3_46,G1,C_aircraft,G1-C_aircraft-02,U08,existing
P125_3_46,G2,C_aircraft,G2-C_aircraft-01,NEW-C_aircraft-01,procurement_required
P125_3_46,G3,C_aircraft,G3-C_aircraft-01,NEW-C_aircraft-02,procurement_required
P125_3_46,G1,A_batteries,G1-A_batteries-01,A01,existing
P125_3_46,G1,A_batteries,G1-A_batteries-02,A02,existing
P125_3_46,G2,A_batteries,G2-A_batteries-01,A03,existing
P125_3_46,G2,A_batteries,G2-A_batteries-02,A04,existing
P125_3_46,G2,A_batteries,G2-A_batteries-03,A05,existing
P125_3_46,G2,A_batteries,G2-A_batteries-04,A06,existing
P125_3_46,G3,A_batteries,G3-A_batteries-01,NEW-A_batteries-01,procurement_required
P125_3_46,G1,B_batteries,G1-B_batteries-01,B01,existing
P125_3_46,G1,B_batteries,G1-B_batteries-02,B02,existing
P125_3_46,G1,B_batteries,G1-B_batteries-03,B03,existing
P125_3_46,G1,B_batteries,G1-B_batteries-04,B04,existing
P125_3_46,G2,B_batteries,G2-B_batteries-01,NEW-B_batteries-01,procurement_required
P125_3_46,G3,B_batteries,G3-B_batteries-01,NEW-B_batteries-02,procurement_required
P125_3_46,G1,C_batteries,G1-C_batteries-01,C01,existing
P125_3_46,G1,C_batteries,G1-C_batteries-02,C02,existing
P125_3_46,G1,C_batteries,G1-C_batteries-03,C03,existing
P125_3_46,G2,C_batteries,G2-C_batteries-01,C04,existing
P125_3_46,G3,C_batteries,G3-C_batteries-01,NEW-C_batteries-01,procurement_required
P125_3_46,G1,relay_aircraft,G1-relay_aircraft-01,R01,existing
P125_3_46,G1,relay_aircraft,G1-relay_aircraft-02,R02,existing
P125_3_46,G2,relay_aircraft,G2-relay_aircraft-01,NEW-relay_aircraft-01,procurement_required
P125_3_46,G1,relay_components,G1-relay_components-01,RE01,existing
P125_3_46,G1,relay_components,G1-relay_components-02,RE02,existing
P125_3_46,G2,relay_components,G2-relay_components-01,RE03,existing
P126_345,G1,A_aircraft,G1-A_aircraft-01,U01,existing
P126_345,G2,A_aircraft,G2-A_aircraft-01,U02,existing
P126_345,G2,A_aircraft,G2-A_aircraft-02,U03,existing
P126_345,G2,A_aircraft,G2-A_aircraft-03,U04,existing
P126_345,G2,A_aircraft,G2-A_aircraft-04,NEW-A_aircraft-01,procurement_required
P126_345,G1,B_aircraft,G1-B_aircraft-01,U05,existing
P126_345,G1,B_aircraft,G1-B_aircraft-02,U06,existing
P126_345,G2,B_aircraft,G2-B_aircraft-01,NEW-B_aircraft-01,procurement_required
P126_345,G2,B_aircraft,G2-B_aircraft-02,NEW-B_aircraft-02,procurement_required
P126_345,G1,C_aircraft,G1-C_aircraft-01,U07,existing
P126_345,G1,C_aircraft,G1-C_aircraft-02,U08,existing
P126_345,G2,C_aircraft,G2-C_aircraft-01,NEW-C_aircraft-01,procurement_required
P126_345,G1,A_batteries,G1-A_batteries-01,A01,existing
P126_345,G1,A_batteries,G1-A_batteries-02,A02,existing
P126_345,G2,A_batteries,G2-A_batteries-01,A03,existing
P126_345,G2,A_batteries,G2-A_batteries-02,A04,existing
P126_345,G2,A_batteries,G2-A_batteries-03,A05,existing
P126_345,G2,A_batteries,G2-A_batteries-04,A06,existing
P126_345,G1,B_batteries,G1-B_batteries-01,B01,existing
P126_345,G1,B_batteries,G1-B_batteries-02,B02,existing
P126_345,G1,B_batteries,G1-B_batteries-03,B03,existing
P126_345,G2,B_batteries,G2-B_batteries-01,B04,existing
P126_345,G2,B_batteries,G2-B_batteries-02,NEW-B_batteries-01,procurement_required
P126_345,G2,B_batteries,G2-B_batteries-03,NEW-B_batteries-02,procurement_required
P126_345,G2,B_batteries,G2-B_batteries-04,NEW-B_batteries-03,procurement_required
P126_345,G1,C_batteries,G1-C_batteries-01,C01,existing
P126_345,G1,C_batteries,G1-C_batteries-02,C02,existing
P126_345,G1,C_batteries,G1-C_batteries-03,C03,existing
P126_345,G2,C_batteries,G2-C_batteries-01,C04,existing
P126_345,G1,relay_aircraft,G1-relay_aircraft-01,R01,existing
P126_345,G2,relay_aircraft,G2-relay_aircraft-01,R02,existing
P126_345,G2,relay_aircraft,G2-relay_aircraft-02,NEW-relay_aircraft-01,procurement_required
P126_345,G1,relay_components,G1-relay_components-01,RE01,existing
P126_345,G2,relay_components,G2-relay_components-01,RE02,existing
P126_345,G2,relay_components,G2-relay_components-02,RE03,existing
P126_34_5,G1,A_aircraft,G1-A_aircraft-01,U01,existing
P126_34_5,G2,A_aircraft,G2-A_aircraft-01,U02,existing
P126_34_5,G2,A_aircraft,G2-A_aircraft-02,U03,existing
P126_34_5,G2,A_aircraft,G2-A_aircraft-03,U04,existing
P126_34_5,G2,A_aircraft,G2-A_aircraft-04,NEW-A_aircraft-01,procurement_required
P126_34_5,G1,B_aircraft,G1-B_aircraft-01,U05,existing
P126_34_5,G1,B_aircraft,G1-B_aircraft-02,U06,existing
P126_34_5,G2,B_aircraft,G2-B_aircraft-01,NEW-B_aircraft-01,procurement_required
P126_34_5,G3,B_aircraft,G3-B_aircraft-01,NEW-B_aircraft-02,procurement_required
P126_34_5,G3,B_aircraft,G3-B_aircraft-02,NEW-B_aircraft-03,procurement_required
P126_34_5,G1,C_aircraft,G1-C_aircraft-01,U07,existing
P126_34_5,G1,C_aircraft,G1-C_aircraft-02,U08,existing
P126_34_5,G2,C_aircraft,G2-C_aircraft-01,NEW-C_aircraft-01,procurement_required
P126_34_5,G1,A_batteries,G1-A_batteries-01,A01,existing
P126_34_5,G1,A_batteries,G1-A_batteries-02,A02,existing
P126_34_5,G2,A_batteries,G2-A_batteries-01,A03,existing
P126_34_5,G2,A_batteries,G2-A_batteries-02,A04,existing
P126_34_5,G2,A_batteries,G2-A_batteries-03,A05,existing
P126_34_5,G2,A_batteries,G2-A_batteries-04,A06,existing
P126_34_5,G1,B_batteries,G1-B_batteries-01,B01,existing
P126_34_5,G1,B_batteries,G1-B_batteries-02,B02,existing
P126_34_5,G1,B_batteries,G1-B_batteries-03,B03,existing
P126_34_5,G2,B_batteries,G2-B_batteries-01,B04,existing
P126_34_5,G3,B_batteries,G3-B_batteries-01,NEW-B_batteries-01,procurement_required
P126_34_5,G3,B_batteries,G3-B_batteries-02,NEW-B_batteries-02,procurement_required
P126_34_5,G3,B_batteries,G3-B_batteries-03,NEW-B_batteries-03,procurement_required
P126_34_5,G3,B_batteries,G3-B_batteries-04,NEW-B_batteries-04,procurement_required
P126_34_5,G1,C_batteries,G1-C_batteries-01,C01,existing
P126_34_5,G1,C_batteries,G1-C_batteries-02,C02,existing
P126_34_5,G1,C_batteries,G1-C_batteries-03,C03,existing
P126_34_5,G2,C_batteries,G2-C_batteries-01,C04,existing
P126_34_5,G1,relay_aircraft,G1-relay_aircraft-01,R01,existing
P126_34_5,G2,relay_aircraft,G2-relay_aircraft-01,R02,existing
P126_34_5,G3,relay_aircraft,G3-relay_aircraft-01,NEW-relay_aircraft-01,procurement_required
P126_34_5,G1,relay_components,G1-relay_components-01,RE01,existing
P126_34_5,G2,relay_components,G2-relay_components-01,RE02,existing
P126_34_5,G3,relay_components,G3-relay_components-01,RE03,existing
P126_35_4,G1,A_aircraft,G1-A_aircraft-01,U01,existing
P126_35_4,G2,A_aircraft,G2-A_aircraft-01,U02,existing
P126_35_4,G2,A_aircraft,G2-A_aircraft-02,U03,existing
P126_35_4,G2,A_aircraft,G2-A_aircraft-03,U04,existing
P126_35_4,G2,A_aircraft,G2-A_aircraft-04,NEW-A_aircraft-01,procurement_required
P126_35_4,G3,A_aircraft,G3-A_aircraft-01,NEW-A_aircraft-02,procurement_required
P126_35_4,G1,B_aircraft,G1-B_aircraft-01,U05,existing
P126_35_4,G1,B_aircraft,G1-B_aircraft-02,U06,existing
P126_35_4,G2,B_aircraft,G2-B_aircraft-01,NEW-B_aircraft-01,procurement_required
P126_35_4,G2,B_aircraft,G2-B_aircraft-02,NEW-B_aircraft-02,procurement_required
P126_35_4,G1,C_aircraft,G1-C_aircraft-01,U07,existing
P126_35_4,G1,C_aircraft,G1-C_aircraft-02,U08,existing
P126_35_4,G2,C_aircraft,G2-C_aircraft-01,NEW-C_aircraft-01,procurement_required
P126_35_4,G3,C_aircraft,G3-C_aircraft-01,NEW-C_aircraft-02,procurement_required
P126_35_4,G1,A_batteries,G1-A_batteries-01,A01,existing
P126_35_4,G1,A_batteries,G1-A_batteries-02,A02,existing
P126_35_4,G2,A_batteries,G2-A_batteries-01,A03,existing
P126_35_4,G2,A_batteries,G2-A_batteries-02,A04,existing
P126_35_4,G2,A_batteries,G2-A_batteries-03,A05,existing
P126_35_4,G2,A_batteries,G2-A_batteries-04,A06,existing
P126_35_4,G3,A_batteries,G3-A_batteries-01,NEW-A_batteries-01,procurement_required
P126_35_4,G1,B_batteries,G1-B_batteries-01,B01,existing
P126_35_4,G1,B_batteries,G1-B_batteries-02,B02,existing
P126_35_4,G1,B_batteries,G1-B_batteries-03,B03,existing
P126_35_4,G2,B_batteries,G2-B_batteries-01,B04,existing
P126_35_4,G2,B_batteries,G2-B_batteries-02,NEW-B_batteries-01,procurement_required
P126_35_4,G2,B_batteries,G2-B_batteries-03,NEW-B_batteries-02,procurement_required
P126_35_4,G2,B_batteries,G2-B_batteries-04,NEW-B_batteries-03,procurement_required
P126_35_4,G1,C_batteries,G1-C_batteries-01,C01,existing
P126_35_4,G1,C_batteries,G1-C_batteries-02,C02,existing
P126_35_4,G1,C_batteries,G1-C_batteries-03,C03,existing
P126_35_4,G2,C_batteries,G2-C_batteries-01,C04,existing
P126_35_4,G3,C_batteries,G3-C_batteries-01,NEW-C_batteries-01,procurement_required
P126_35_4,G1,relay_aircraft,G1-relay_aircraft-01,R01,existing
P126_35_4,G2,relay_aircraft,G2-relay_aircraft-01,R02,existing
P126_35_4,G2,relay_aircraft,G2-relay_aircraft-02,NEW-relay_aircraft-01,procurement_required
P126_35_4,G1,relay_components,G1-relay_components-01,RE01,existing
P126_35_4,G2,relay_components,G2-relay_components-01,RE02,existing
P126_35_4,G2,relay_components,G2-relay_components-02,RE03,existing
P126_3_45,G1,A_aircraft,G1-A_aircraft-01,U01,existing
P126_3_45,G2,A_aircraft,G2-A_aircraft-01,U02,existing
P126_3_45,G2,A_aircraft,G2-A_aircraft-02,U03,existing
P126_3_45,G2,A_aircraft,G2-A_aircraft-03,U04,existing
P126_3_45,G2,A_aircraft,G2-A_aircraft-04,NEW-A_aircraft-01,procurement_required
P126_3_45,G3,A_aircraft,G3-A_aircraft-01,NEW-A_aircraft-02,procurement_required
P126_3_45,G1,B_aircraft,G1-B_aircraft-01,U05,existing
P126_3_45,G1,B_aircraft,G1-B_aircraft-02,U06,existing
P126_3_45,G2,B_aircraft,G2-B_aircraft-01,NEW-B_aircraft-01,procurement_required
P126_3_45,G3,B_aircraft,G3-B_aircraft-01,NEW-B_aircraft-02,procurement_required
P126_3_45,G3,B_aircraft,G3-B_aircraft-02,NEW-B_aircraft-03,procurement_required
P126_3_45,G1,C_aircraft,G1-C_aircraft-01,U07,existing
P126_3_45,G1,C_aircraft,G1-C_aircraft-02,U08,existing
P126_3_45,G2,C_aircraft,G2-C_aircraft-01,NEW-C_aircraft-01,procurement_required
P126_3_45,G3,C_aircraft,G3-C_aircraft-01,NEW-C_aircraft-02,procurement_required
P126_3_45,G1,A_batteries,G1-A_batteries-01,A01,existing
P126_3_45,G1,A_batteries,G1-A_batteries-02,A02,existing
P126_3_45,G2,A_batteries,G2-A_batteries-01,A03,existing
P126_3_45,G2,A_batteries,G2-A_batteries-02,A04,existing
P126_3_45,G2,A_batteries,G2-A_batteries-03,A05,existing
P126_3_45,G2,A_batteries,G2-A_batteries-04,A06,existing
P126_3_45,G3,A_batteries,G3-A_batteries-01,NEW-A_batteries-01,procurement_required
P126_3_45,G1,B_batteries,G1-B_batteries-01,B01,existing
P126_3_45,G1,B_batteries,G1-B_batteries-02,B02,existing
P126_3_45,G1,B_batteries,G1-B_batteries-03,B03,existing
P126_3_45,G2,B_batteries,G2-B_batteries-01,B04,existing
P126_3_45,G3,B_batteries,G3-B_batteries-01,NEW-B_batteries-01,procurement_required
P126_3_45,G3,B_batteries,G3-B_batteries-02,NEW-B_batteries-02,procurement_required
P126_3_45,G3,B_batteries,G3-B_batteries-03,NEW-B_batteries-03,procurement_required
P126_3_45,G3,B_batteries,G3-B_batteries-04,NEW-B_batteries-04,procurement_required
P126_3_45,G1,C_batteries,G1-C_batteries-01,C01,existing
P126_3_45,G1,C_batteries,G1-C_batteries-02,C02,existing
P126_3_45,G1,C_batteries,G1-C_batteries-03,C03,existing
P126_3_45,G2,C_batteries,G2-C_batteries-01,C04,existing
P126_3_45,G3,C_batteries,G3-C_batteries-01,NEW-C_batteries-01,procurement_required
P126_3_45,G1,relay_aircraft,G1-relay_aircraft-01,R01,existing
P126_3_45,G2,relay_aircraft,G2-relay_aircraft-01,R02,existing
P126_3_45,G3,relay_aircraft,G3-relay_aircraft-01,NEW-relay_aircraft-01,procurement_required
P126_3_45,G1,relay_components,G1-relay_components-01,RE01,existing
P126_3_45,G2,relay_components,G2-relay_components-01,RE02,existing
P126_3_45,G3,relay_components,G3-relay_components-01,RE03,existing
P12_3456,G1,A_aircraft,G1-A_aircraft-01,U01,existing
P12_3456,G2,A_aircraft,G2-A_aircraft-01,U02,existing
P12_3456,G2,A_aircraft,G2-A_aircraft-02,U03,existing
P12_3456,G2,A_aircraft,G2-A_aircraft-03,U04,existing
P12_3456,G2,A_aircraft,G2-A_aircraft-04,NEW-A_aircraft-01,procurement_required
P12_3456,G1,B_aircraft,G1-B_aircraft-01,U05,existing
P12_3456,G2,B_aircraft,G2-B_aircraft-01,U06,existing
P12_3456,G2,B_aircraft,G2-B_aircraft-02,NEW-B_aircraft-01,procurement_required
P12_3456,G1,C_aircraft,G1-C_aircraft-01,U07,existing
P12_3456,G1,C_aircraft,G1-C_aircraft-02,U08,existing
P12_3456,G2,C_aircraft,G2-C_aircraft-01,NEW-C_aircraft-01,procurement_required
P12_3456,G1,A_batteries,G1-A_batteries-01,A01,existing
P12_3456,G1,A_batteries,G1-A_batteries-02,A02,existing
P12_3456,G2,A_batteries,G2-A_batteries-01,A03,existing
P12_3456,G2,A_batteries,G2-A_batteries-02,A04,existing
P12_3456,G2,A_batteries,G2-A_batteries-03,A05,existing
P12_3456,G2,A_batteries,G2-A_batteries-04,A06,existing
P12_3456,G1,B_batteries,G1-B_batteries-01,B01,existing
P12_3456,G1,B_batteries,G1-B_batteries-02,B02,existing
P12_3456,G2,B_batteries,G2-B_batteries-01,B03,existing
P12_3456,G2,B_batteries,G2-B_batteries-02,B04,existing
P12_3456,G2,B_batteries,G2-B_batteries-03,NEW-B_batteries-01,procurement_required
P12_3456,G2,B_batteries,G2-B_batteries-04,NEW-B_batteries-02,procurement_required
P12_3456,G1,C_batteries,G1-C_batteries-01,C01,existing
P12_3456,G1,C_batteries,G1-C_batteries-02,C02,existing
P12_3456,G1,C_batteries,G1-C_batteries-03,C03,existing
P12_3456,G2,C_batteries,G2-C_batteries-01,C04,existing
P12_3456,G1,relay_aircraft,G1-relay_aircraft-01,R01,existing
P12_3456,G2,relay_aircraft,G2-relay_aircraft-01,R02,existing
P12_3456,G2,relay_aircraft,G2-relay_aircraft-02,NEW-relay_aircraft-01,procurement_required
P12_3456,G1,relay_components,G1-relay_components-01,RE01,existing
P12_3456,G2,relay_components,G2-relay_components-01,RE02,existing
P12_3456,G2,relay_components,G2-relay_components-02,RE03,existing
P12_345_6,G1,A_aircraft,G1-A_aircraft-01,U01,existing
P12_345_6,G2,A_aircraft,G2-A_aircraft-01,U02,existing
P12_345_6,G2,A_aircraft,G2-A_aircraft-02,U03,existing
P12_345_6,G2,A_aircraft,G2-A_aircraft-03,U04,existing
P12_345_6,G2,A_aircraft,G2-A_aircraft-04,NEW-A_aircraft-01,procurement_required
P12_345_6,G1,B_aircraft,G1-B_aircraft-01,U05,existing
P12_345_6,G2,B_aircraft,G2-B_aircraft-01,U06,existing
P12_345_6,G2,B_aircraft,G2-B_aircraft-02,NEW-B_aircraft-01,procurement_required
P12_345_6,G3,B_aircraft,G3-B_aircraft-01,NEW-B_aircraft-02,procurement_required
P12_345_6,G1,C_aircraft,G1-C_aircraft-01,U07,existing
P12_345_6,G1,C_aircraft,G1-C_aircraft-02,U08,existing
P12_345_6,G2,C_aircraft,G2-C_aircraft-01,NEW-C_aircraft-01,procurement_required
P12_345_6,G1,A_batteries,G1-A_batteries-01,A01,existing
P12_345_6,G1,A_batteries,G1-A_batteries-02,A02,existing
P12_345_6,G2,A_batteries,G2-A_batteries-01,A03,existing
P12_345_6,G2,A_batteries,G2-A_batteries-02,A04,existing
P12_345_6,G2,A_batteries,G2-A_batteries-03,A05,existing
P12_345_6,G2,A_batteries,G2-A_batteries-04,A06,existing
P12_345_6,G1,B_batteries,G1-B_batteries-01,B01,existing
P12_345_6,G1,B_batteries,G1-B_batteries-02,B02,existing
P12_345_6,G2,B_batteries,G2-B_batteries-01,B03,existing
P12_345_6,G2,B_batteries,G2-B_batteries-02,B04,existing
P12_345_6,G2,B_batteries,G2-B_batteries-03,NEW-B_batteries-01,procurement_required
P12_345_6,G2,B_batteries,G2-B_batteries-04,NEW-B_batteries-02,procurement_required
P12_345_6,G3,B_batteries,G3-B_batteries-01,NEW-B_batteries-03,procurement_required
P12_345_6,G1,C_batteries,G1-C_batteries-01,C01,existing
P12_345_6,G1,C_batteries,G1-C_batteries-02,C02,existing
P12_345_6,G1,C_batteries,G1-C_batteries-03,C03,existing
P12_345_6,G2,C_batteries,G2-C_batteries-01,C04,existing
P12_345_6,G1,relay_aircraft,G1-relay_aircraft-01,R01,existing
P12_345_6,G2,relay_aircraft,G2-relay_aircraft-01,R02,existing
P12_345_6,G2,relay_aircraft,G2-relay_aircraft-02,NEW-relay_aircraft-01,procurement_required
P12_345_6,G1,relay_components,G1-relay_components-01,RE01,existing
P12_345_6,G2,relay_components,G2-relay_components-01,RE02,existing
P12_345_6,G2,relay_components,G2-relay_components-02,RE03,existing
P12_346_5,G1,A_aircraft,G1-A_aircraft-01,U01,existing
P12_346_5,G2,A_aircraft,G2-A_aircraft-01,U02,existing
P12_346_5,G2,A_aircraft,G2-A_aircraft-02,U03,existing
P12_346_5,G2,A_aircraft,G2-A_aircraft-03,U04,existing
P12_346_5,G2,A_aircraft,G2-A_aircraft-04,NEW-A_aircraft-01,procurement_required
P12_346_5,G1,B_aircraft,G1-B_aircraft-01,U05,existing
P12_346_5,G2,B_aircraft,G2-B_aircraft-01,U06,existing
P12_346_5,G3,B_aircraft,G3-B_aircraft-01,NEW-B_aircraft-01,procurement_required
P12_346_5,G3,B_aircraft,G3-B_aircraft-02,NEW-B_aircraft-02,procurement_required
P12_346_5,G1,C_aircraft,G1-C_aircraft-01,U07,existing
P12_346_5,G1,C_aircraft,G1-C_aircraft-02,U08,existing
P12_346_5,G2,C_aircraft,G2-C_aircraft-01,NEW-C_aircraft-01,procurement_required
P12_346_5,G1,A_batteries,G1-A_batteries-01,A01,existing
P12_346_5,G1,A_batteries,G1-A_batteries-02,A02,existing
P12_346_5,G2,A_batteries,G2-A_batteries-01,A03,existing
P12_346_5,G2,A_batteries,G2-A_batteries-02,A04,existing
P12_346_5,G2,A_batteries,G2-A_batteries-03,A05,existing
P12_346_5,G2,A_batteries,G2-A_batteries-04,A06,existing
P12_346_5,G1,B_batteries,G1-B_batteries-01,B01,existing
P12_346_5,G1,B_batteries,G1-B_batteries-02,B02,existing
P12_346_5,G2,B_batteries,G2-B_batteries-01,B03,existing
P12_346_5,G2,B_batteries,G2-B_batteries-02,B04,existing
P12_346_5,G3,B_batteries,G3-B_batteries-01,NEW-B_batteries-01,procurement_required
P12_346_5,G3,B_batteries,G3-B_batteries-02,NEW-B_batteries-02,procurement_required
P12_346_5,G3,B_batteries,G3-B_batteries-03,NEW-B_batteries-03,procurement_required
P12_346_5,G3,B_batteries,G3-B_batteries-04,NEW-B_batteries-04,procurement_required
P12_346_5,G1,C_batteries,G1-C_batteries-01,C01,existing
P12_346_5,G1,C_batteries,G1-C_batteries-02,C02,existing
P12_346_5,G1,C_batteries,G1-C_batteries-03,C03,existing
P12_346_5,G2,C_batteries,G2-C_batteries-01,C04,existing
P12_346_5,G1,relay_aircraft,G1-relay_aircraft-01,R01,existing
P12_346_5,G2,relay_aircraft,G2-relay_aircraft-01,R02,existing
P12_346_5,G3,relay_aircraft,G3-relay_aircraft-01,NEW-relay_aircraft-01,procurement_required
P12_346_5,G1,relay_components,G1-relay_components-01,RE01,existing
P12_346_5,G2,relay_components,G2-relay_components-01,RE02,existing
P12_346_5,G3,relay_components,G3-relay_components-01,RE03,existing
P12_34_56,G1,A_aircraft,G1-A_aircraft-01,U01,existing
P12_34_56,G2,A_aircraft,G2-A_aircraft-01,U02,existing
P12_34_56,G2,A_aircraft,G2-A_aircraft-02,U03,existing
P12_34_56,G2,A_aircraft,G2-A_aircraft-03,U04,existing
P12_34_56,G2,A_aircraft,G2-A_aircraft-04,NEW-A_aircraft-01,procurement_required
P12_34_56,G1,B_aircraft,G1-B_aircraft-01,U05,existing
P12_34_56,G2,B_aircraft,G2-B_aircraft-01,U06,existing
P12_34_56,G3,B_aircraft,G3-B_aircraft-01,NEW-B_aircraft-01,procurement_required
P12_34_56,G3,B_aircraft,G3-B_aircraft-02,NEW-B_aircraft-02,procurement_required
P12_34_56,G1,C_aircraft,G1-C_aircraft-01,U07,existing
P12_34_56,G1,C_aircraft,G1-C_aircraft-02,U08,existing
P12_34_56,G2,C_aircraft,G2-C_aircraft-01,NEW-C_aircraft-01,procurement_required
P12_34_56,G1,A_batteries,G1-A_batteries-01,A01,existing
P12_34_56,G1,A_batteries,G1-A_batteries-02,A02,existing
P12_34_56,G2,A_batteries,G2-A_batteries-01,A03,existing
P12_34_56,G2,A_batteries,G2-A_batteries-02,A04,existing
P12_34_56,G2,A_batteries,G2-A_batteries-03,A05,existing
P12_34_56,G2,A_batteries,G2-A_batteries-04,A06,existing
P12_34_56,G1,B_batteries,G1-B_batteries-01,B01,existing
P12_34_56,G1,B_batteries,G1-B_batteries-02,B02,existing
P12_34_56,G2,B_batteries,G2-B_batteries-01,B03,existing
P12_34_56,G3,B_batteries,G3-B_batteries-01,B04,existing
P12_34_56,G3,B_batteries,G3-B_batteries-02,NEW-B_batteries-01,procurement_required
P12_34_56,G3,B_batteries,G3-B_batteries-03,NEW-B_batteries-02,procurement_required
P12_34_56,G3,B_batteries,G3-B_batteries-04,NEW-B_batteries-03,procurement_required
P12_34_56,G1,C_batteries,G1-C_batteries-01,C01,existing
P12_34_56,G1,C_batteries,G1-C_batteries-02,C02,existing
P12_34_56,G1,C_batteries,G1-C_batteries-03,C03,existing
P12_34_56,G2,C_batteries,G2-C_batteries-01,C04,existing
P12_34_56,G1,relay_aircraft,G1-relay_aircraft-01,R01,existing
P12_34_56,G2,relay_aircraft,G2-relay_aircraft-01,R02,existing
P12_34_56,G3,relay_aircraft,G3-relay_aircraft-01,NEW-relay_aircraft-01,procurement_required
P12_34_56,G1,relay_components,G1-relay_components-01,RE01,existing
P12_34_56,G2,relay_components,G2-relay_components-01,RE02,existing
P12_34_56,G3,relay_components,G3-relay_components-01,RE03,existing
P12_356_4,G1,A_aircraft,G1-A_aircraft-01,U01,existing
P12_356_4,G2,A_aircraft,G2-A_aircraft-01,U02,existing
P12_356_4,G2,A_aircraft,G2-A_aircraft-02,U03,existing
P12_356_4,G2,A_aircraft,G2-A_aircraft-03,U04,existing
P12_356_4,G2,A_aircraft,G2-A_aircraft-04,NEW-A_aircraft-01,procurement_required
P12_356_4,G3,A_aircraft,G3-A_aircraft-01,NEW-A_aircraft-02,procurement_required
P12_356_4,G1,B_aircraft,G1-B_aircraft-01,U05,existing
P12_356_4,G2,B_aircraft,G2-B_aircraft-01,U06,existing
P12_356_4,G2,B_aircraft,G2-B_aircraft-02,NEW-B_aircraft-01,procurement_required
P12_356_4,G1,C_aircraft,G1-C_aircraft-01,U07,existing
P12_356_4,G1,C_aircraft,G1-C_aircraft-02,U08,existing
P12_356_4,G2,C_aircraft,G2-C_aircraft-01,NEW-C_aircraft-01,procurement_required
P12_356_4,G3,C_aircraft,G3-C_aircraft-01,NEW-C_aircraft-02,procurement_required
P12_356_4,G1,A_batteries,G1-A_batteries-01,A01,existing
P12_356_4,G1,A_batteries,G1-A_batteries-02,A02,existing
P12_356_4,G2,A_batteries,G2-A_batteries-01,A03,existing
P12_356_4,G2,A_batteries,G2-A_batteries-02,A04,existing
P12_356_4,G2,A_batteries,G2-A_batteries-03,A05,existing
P12_356_4,G2,A_batteries,G2-A_batteries-04,A06,existing
P12_356_4,G3,A_batteries,G3-A_batteries-01,NEW-A_batteries-01,procurement_required
P12_356_4,G1,B_batteries,G1-B_batteries-01,B01,existing
P12_356_4,G1,B_batteries,G1-B_batteries-02,B02,existing
P12_356_4,G2,B_batteries,G2-B_batteries-01,B03,existing
P12_356_4,G2,B_batteries,G2-B_batteries-02,B04,existing
P12_356_4,G2,B_batteries,G2-B_batteries-03,NEW-B_batteries-01,procurement_required
P12_356_4,G2,B_batteries,G2-B_batteries-04,NEW-B_batteries-02,procurement_required
P12_356_4,G1,C_batteries,G1-C_batteries-01,C01,existing
P12_356_4,G1,C_batteries,G1-C_batteries-02,C02,existing
P12_356_4,G1,C_batteries,G1-C_batteries-03,C03,existing
P12_356_4,G2,C_batteries,G2-C_batteries-01,C04,existing
P12_356_4,G3,C_batteries,G3-C_batteries-01,NEW-C_batteries-01,procurement_required
P12_356_4,G1,relay_aircraft,G1-relay_aircraft-01,R01,existing
P12_356_4,G2,relay_aircraft,G2-relay_aircraft-01,R02,existing
P12_356_4,G2,relay_aircraft,G2-relay_aircraft-02,NEW-relay_aircraft-01,procurement_required
P12_356_4,G1,relay_components,G1-relay_components-01,RE01,existing
P12_356_4,G2,relay_components,G2-relay_components-01,RE02,existing
P12_356_4,G2,relay_components,G2-relay_components-02,RE03,existing
P12_35_46,G1,A_aircraft,G1-A_aircraft-01,U01,existing
P12_35_46,G2,A_aircraft,G2-A_aircraft-01,U02,existing
P12_35_46,G2,A_aircraft,G2-A_aircraft-02,U03,existing
P12_35_46,G2,A_aircraft,G2-A_aircraft-03,U04,existing
P12_35_46,G2,A_aircraft,G2-A_aircraft-04,NEW-A_aircraft-01,procurement_required
P12_35_46,G3,A_aircraft,G3-A_aircraft-01,NEW-A_aircraft-02,procurement_required
P12_35_46,G1,B_aircraft,G1-B_aircraft-01,U05,existing
P12_35_46,G2,B_aircraft,G2-B_aircraft-01,U06,existing
P12_35_46,G2,B_aircraft,G2-B_aircraft-02,NEW-B_aircraft-01,procurement_required
P12_35_46,G3,B_aircraft,G3-B_aircraft-01,NEW-B_aircraft-02,procurement_required
P12_35_46,G1,C_aircraft,G1-C_aircraft-01,U07,existing
P12_35_46,G1,C_aircraft,G1-C_aircraft-02,U08,existing
P12_35_46,G2,C_aircraft,G2-C_aircraft-01,NEW-C_aircraft-01,procurement_required
P12_35_46,G3,C_aircraft,G3-C_aircraft-01,NEW-C_aircraft-02,procurement_required
P12_35_46,G1,A_batteries,G1-A_batteries-01,A01,existing
P12_35_46,G1,A_batteries,G1-A_batteries-02,A02,existing
P12_35_46,G2,A_batteries,G2-A_batteries-01,A03,existing
P12_35_46,G2,A_batteries,G2-A_batteries-02,A04,existing
P12_35_46,G2,A_batteries,G2-A_batteries-03,A05,existing
P12_35_46,G2,A_batteries,G2-A_batteries-04,A06,existing
P12_35_46,G3,A_batteries,G3-A_batteries-01,NEW-A_batteries-01,procurement_required
P12_35_46,G1,B_batteries,G1-B_batteries-01,B01,existing
P12_35_46,G1,B_batteries,G1-B_batteries-02,B02,existing
P12_35_46,G2,B_batteries,G2-B_batteries-01,B03,existing
P12_35_46,G2,B_batteries,G2-B_batteries-02,B04,existing
P12_35_46,G2,B_batteries,G2-B_batteries-03,NEW-B_batteries-01,procurement_required
P12_35_46,G2,B_batteries,G2-B_batteries-04,NEW-B_batteries-02,procurement_required
P12_35_46,G3,B_batteries,G3-B_batteries-01,NEW-B_batteries-03,procurement_required
P12_35_46,G1,C_batteries,G1-C_batteries-01,C01,existing
P12_35_46,G1,C_batteries,G1-C_batteries-02,C02,existing
P12_35_46,G1,C_batteries,G1-C_batteries-03,C03,existing
P12_35_46,G2,C_batteries,G2-C_batteries-01,C04,existing
P12_35_46,G3,C_batteries,G3-C_batteries-01,NEW-C_batteries-01,procurement_required
P12_35_46,G1,relay_aircraft,G1-relay_aircraft-01,R01,existing
P12_35_46,G2,relay_aircraft,G2-relay_aircraft-01,R02,existing
P12_35_46,G2,relay_aircraft,G2-relay_aircraft-02,NEW-relay_aircraft-01,procurement_required
P12_35_46,G1,relay_components,G1-relay_components-01,RE01,existing
P12_35_46,G2,relay_components,G2-relay_components-01,RE02,existing
P12_35_46,G2,relay_components,G2-relay_components-02,RE03,existing
P12_36_45,G1,A_aircraft,G1-A_aircraft-01,U01,existing
P12_36_45,G2,A_aircraft,G2-A_aircraft-01,U02,existing
P12_36_45,G2,A_aircraft,G2-A_aircraft-02,U03,existing
P12_36_45,G2,A_aircraft,G2-A_aircraft-03,U04,existing
P12_36_45,G2,A_aircraft,G2-A_aircraft-04,NEW-A_aircraft-01,procurement_required
P12_36_45,G3,A_aircraft,G3-A_aircraft-01,NEW-A_aircraft-02,procurement_required
P12_36_45,G1,B_aircraft,G1-B_aircraft-01,U05,existing
P12_36_45,G2,B_aircraft,G2-B_aircraft-01,U06,existing
P12_36_45,G3,B_aircraft,G3-B_aircraft-01,NEW-B_aircraft-01,procurement_required
P12_36_45,G3,B_aircraft,G3-B_aircraft-02,NEW-B_aircraft-02,procurement_required
P12_36_45,G1,C_aircraft,G1-C_aircraft-01,U07,existing
P12_36_45,G1,C_aircraft,G1-C_aircraft-02,U08,existing
P12_36_45,G2,C_aircraft,G2-C_aircraft-01,NEW-C_aircraft-01,procurement_required
P12_36_45,G3,C_aircraft,G3-C_aircraft-01,NEW-C_aircraft-02,procurement_required
P12_36_45,G1,A_batteries,G1-A_batteries-01,A01,existing
P12_36_45,G1,A_batteries,G1-A_batteries-02,A02,existing
P12_36_45,G2,A_batteries,G2-A_batteries-01,A03,existing
P12_36_45,G2,A_batteries,G2-A_batteries-02,A04,existing
P12_36_45,G2,A_batteries,G2-A_batteries-03,A05,existing
P12_36_45,G2,A_batteries,G2-A_batteries-04,A06,existing
P12_36_45,G3,A_batteries,G3-A_batteries-01,NEW-A_batteries-01,procurement_required
P12_36_45,G1,B_batteries,G1-B_batteries-01,B01,existing
P12_36_45,G1,B_batteries,G1-B_batteries-02,B02,existing
P12_36_45,G2,B_batteries,G2-B_batteries-01,B03,existing
P12_36_45,G2,B_batteries,G2-B_batteries-02,B04,existing
P12_36_45,G3,B_batteries,G3-B_batteries-01,NEW-B_batteries-01,procurement_required
P12_36_45,G3,B_batteries,G3-B_batteries-02,NEW-B_batteries-02,procurement_required
P12_36_45,G3,B_batteries,G3-B_batteries-03,NEW-B_batteries-03,procurement_required
P12_36_45,G3,B_batteries,G3-B_batteries-04,NEW-B_batteries-04,procurement_required
P12_36_45,G1,C_batteries,G1-C_batteries-01,C01,existing
P12_36_45,G1,C_batteries,G1-C_batteries-02,C02,existing
P12_36_45,G1,C_batteries,G1-C_batteries-03,C03,existing
P12_36_45,G2,C_batteries,G2-C_batteries-01,C04,existing
P12_36_45,G3,C_batteries,G3-C_batteries-01,NEW-C_batteries-01,procurement_required
P12_36_45,G1,relay_aircraft,G1-relay_aircraft-01,R01,existing
P12_36_45,G2,relay_aircraft,G2-relay_aircraft-01,R02,existing
P12_36_45,G3,relay_aircraft,G3-relay_aircraft-01,NEW-relay_aircraft-01,procurement_required
P12_36_45,G1,relay_components,G1-relay_components-01,RE01,existing
P12_36_45,G2,relay_components,G2-relay_components-01,RE02,existing
P12_36_45,G3,relay_components,G3-relay_components-01,RE03,existing
P12_3_456,G1,A_aircraft,G1-A_aircraft-01,U01,existing
P12_3_456,G2,A_aircraft,G2-A_aircraft-01,U02,existing
P12_3_456,G2,A_aircraft,G2-A_aircraft-02,U03,existing
P12_3_456,G2,A_aircraft,G2-A_aircraft-03,U04,existing
P12_3_456,G2,A_aircraft,G2-A_aircraft-04,NEW-A_aircraft-01,procurement_required
P12_3_456,G3,A_aircraft,G3-A_aircraft-01,NEW-A_aircraft-02,procurement_required
P12_3_456,G1,B_aircraft,G1-B_aircraft-01,U05,existing
P12_3_456,G2,B_aircraft,G2-B_aircraft-01,U06,existing
P12_3_456,G3,B_aircraft,G3-B_aircraft-01,NEW-B_aircraft-01,procurement_required
P12_3_456,G3,B_aircraft,G3-B_aircraft-02,NEW-B_aircraft-02,procurement_required
P12_3_456,G1,C_aircraft,G1-C_aircraft-01,U07,existing
P12_3_456,G1,C_aircraft,G1-C_aircraft-02,U08,existing
P12_3_456,G2,C_aircraft,G2-C_aircraft-01,NEW-C_aircraft-01,procurement_required
P12_3_456,G3,C_aircraft,G3-C_aircraft-01,NEW-C_aircraft-02,procurement_required
P12_3_456,G1,A_batteries,G1-A_batteries-01,A01,existing
P12_3_456,G1,A_batteries,G1-A_batteries-02,A02,existing
P12_3_456,G2,A_batteries,G2-A_batteries-01,A03,existing
P12_3_456,G2,A_batteries,G2-A_batteries-02,A04,existing
P12_3_456,G2,A_batteries,G2-A_batteries-03,A05,existing
P12_3_456,G2,A_batteries,G2-A_batteries-04,A06,existing
P12_3_456,G3,A_batteries,G3-A_batteries-01,NEW-A_batteries-01,procurement_required
P12_3_456,G1,B_batteries,G1-B_batteries-01,B01,existing
P12_3_456,G1,B_batteries,G1-B_batteries-02,B02,existing
P12_3_456,G2,B_batteries,G2-B_batteries-01,B03,existing
P12_3_456,G3,B_batteries,G3-B_batteries-01,B04,existing
P12_3_456,G3,B_batteries,G3-B_batteries-02,NEW-B_batteries-01,procurement_required
P12_3_456,G3,B_batteries,G3-B_batteries-03,NEW-B_batteries-02,procurement_required
P12_3_456,G3,B_batteries,G3-B_batteries-04,NEW-B_batteries-03,procurement_required
P12_3_456,G1,C_batteries,G1-C_batteries-01,C01,existing
P12_3_456,G1,C_batteries,G1-C_batteries-02,C02,existing
P12_3_456,G1,C_batteries,G1-C_batteries-03,C03,existing
P12_3_456,G2,C_batteries,G2-C_batteries-01,C04,existing
P12_3_456,G3,C_batteries,G3-C_batteries-01,NEW-C_batteries-01,procurement_required
P12_3_456,G1,relay_aircraft,G1-relay_aircraft-01,R01,existing
P12_3_456,G2,relay_aircraft,G2-relay_aircraft-01,R02,existing
P12_3_456,G3,relay_aircraft,G3-relay_aircraft-01,NEW-relay_aircraft-01,procurement_required
P12_3_456,G1,relay_components,G1-relay_components-01,RE01,existing
P12_3_456,G2,relay_components,G2-relay_components-01,RE02,existing
P12_3_456,G3,relay_components,G3-relay_components-01,RE03,existing
P13456_2,G1,A_aircraft,G1-A_aircraft-01,U01,existing
P13456_2,G1,A_aircraft,G1-A_aircraft-02,U02,existing
P13456_2,G1,A_aircraft,G1-A_aircraft-03,U03,existing
P13456_2,G1,A_aircraft,G1-A_aircraft-04,U04,existing
P13456_2,G2,A_aircraft,G2-A_aircraft-01,NEW-A_aircraft-01,procurement_required
P13456_2,G1,B_aircraft,G1-B_aircraft-01,U05,existing
P13456_2,G1,B_aircraft,G1-B_aircraft-02,U06,existing
P13456_2,G2,B_aircraft,G2-B_aircraft-01,NEW-B_aircraft-01,procurement_required
P13456_2,G1,C_aircraft,G1-C_aircraft-01,U07,existing
P13456_2,G1,C_aircraft,G1-C_aircraft-02,U08,existing
P13456_2,G2,C_aircraft,G2-C_aircraft-01,NEW-C_aircraft-01,procurement_required
P13456_2,G2,C_aircraft,G2-C_aircraft-02,NEW-C_aircraft-02,procurement_required
P13456_2,G1,A_batteries,G1-A_batteries-01,A01,existing
P13456_2,G1,A_batteries,G1-A_batteries-02,A02,existing
P13456_2,G1,A_batteries,G1-A_batteries-03,A03,existing
P13456_2,G1,A_batteries,G1-A_batteries-04,A04,existing
P13456_2,G2,A_batteries,G2-A_batteries-01,A05,existing
P13456_2,G1,B_batteries,G1-B_batteries-01,B01,existing
P13456_2,G1,B_batteries,G1-B_batteries-02,B02,existing
P13456_2,G1,B_batteries,G1-B_batteries-03,B03,existing
P13456_2,G1,B_batteries,G1-B_batteries-04,B04,existing
P13456_2,G2,B_batteries,G2-B_batteries-01,NEW-B_batteries-01,procurement_required
P13456_2,G2,B_batteries,G2-B_batteries-02,NEW-B_batteries-02,procurement_required
P13456_2,G1,C_batteries,G1-C_batteries-01,C01,existing
P13456_2,G1,C_batteries,G1-C_batteries-02,C02,existing
P13456_2,G1,C_batteries,G1-C_batteries-03,C03,existing
P13456_2,G2,C_batteries,G2-C_batteries-01,C04,existing
P13456_2,G2,C_batteries,G2-C_batteries-02,NEW-C_batteries-01,procurement_required
P13456_2,G2,C_batteries,G2-C_batteries-03,NEW-C_batteries-02,procurement_required
P13456_2,G1,relay_aircraft,G1-relay_aircraft-01,R01,existing
P13456_2,G1,relay_aircraft,G1-relay_aircraft-02,R02,existing
P13456_2,G2,relay_aircraft,G2-relay_aircraft-01,NEW-relay_aircraft-01,procurement_required
P13456_2,G1,relay_components,G1-relay_components-01,RE01,existing
P13456_2,G1,relay_components,G1-relay_components-02,RE02,existing
P13456_2,G2,relay_components,G2-relay_components-01,RE03,existing
P1345_26,G1,A_aircraft,G1-A_aircraft-01,U01,existing
P1345_26,G1,A_aircraft,G1-A_aircraft-02,U02,existing
P1345_26,G1,A_aircraft,G1-A_aircraft-03,U03,existing
P1345_26,G1,A_aircraft,G1-A_aircraft-04,U04,existing
P1345_26,G2,A_aircraft,G2-A_aircraft-01,NEW-A_aircraft-01,procurement_required
P1345_26,G1,B_aircraft,G1-B_aircraft-01,U05,existing
P1345_26,G1,B_aircraft,G1-B_aircraft-02,U06,existing
P1345_26,G2,B_aircraft,G2-B_aircraft-01,NEW-B_aircraft-01,procurement_required
P1345_26,G2,B_aircraft,G2-B_aircraft-02,NEW-B_aircraft-02,procurement_required
P1345_26,G1,C_aircraft,G1-C_aircraft-01,U07,existing
P1345_26,G1,C_aircraft,G1-C_aircraft-02,U08,existing
P1345_26,G2,C_aircraft,G2-C_aircraft-01,NEW-C_aircraft-01,procurement_required
P1345_26,G2,C_aircraft,G2-C_aircraft-02,NEW-C_aircraft-02,procurement_required
P1345_26,G1,A_batteries,G1-A_batteries-01,A01,existing
P1345_26,G1,A_batteries,G1-A_batteries-02,A02,existing
P1345_26,G1,A_batteries,G1-A_batteries-03,A03,existing
P1345_26,G1,A_batteries,G1-A_batteries-04,A04,existing
P1345_26,G2,A_batteries,G2-A_batteries-01,A05,existing
P1345_26,G1,B_batteries,G1-B_batteries-01,B01,existing
P1345_26,G1,B_batteries,G1-B_batteries-02,B02,existing
P1345_26,G1,B_batteries,G1-B_batteries-03,B03,existing
P1345_26,G1,B_batteries,G1-B_batteries-04,B04,existing
P1345_26,G2,B_batteries,G2-B_batteries-01,NEW-B_batteries-01,procurement_required
P1345_26,G2,B_batteries,G2-B_batteries-02,NEW-B_batteries-02,procurement_required
P1345_26,G2,B_batteries,G2-B_batteries-03,NEW-B_batteries-03,procurement_required
P1345_26,G1,C_batteries,G1-C_batteries-01,C01,existing
P1345_26,G1,C_batteries,G1-C_batteries-02,C02,existing
P1345_26,G1,C_batteries,G1-C_batteries-03,C03,existing
P1345_26,G2,C_batteries,G2-C_batteries-01,C04,existing
P1345_26,G2,C_batteries,G2-C_batteries-02,NEW-C_batteries-01,procurement_required
P1345_26,G2,C_batteries,G2-C_batteries-03,NEW-C_batteries-02,procurement_required
P1345_26,G1,relay_aircraft,G1-relay_aircraft-01,R01,existing
P1345_26,G1,relay_aircraft,G1-relay_aircraft-02,R02,existing
P1345_26,G2,relay_aircraft,G2-relay_aircraft-01,NEW-relay_aircraft-01,procurement_required
P1345_26,G1,relay_components,G1-relay_components-01,RE01,existing
P1345_26,G1,relay_components,G1-relay_components-02,RE02,existing
P1345_26,G2,relay_components,G2-relay_components-01,RE03,existing
P1345_2_6,G1,A_aircraft,G1-A_aircraft-01,U01,existing
P1345_2_6,G1,A_aircraft,G1-A_aircraft-02,U02,existing
P1345_2_6,G1,A_aircraft,G1-A_aircraft-03,U03,existing
P1345_2_6,G1,A_aircraft,G1-A_aircraft-04,U04,existing
P1345_2_6,G2,A_aircraft,G2-A_aircraft-01,NEW-A_aircraft-01,procurement_required
P1345_2_6,G1,B_aircraft,G1-B_aircraft-01,U05,existing
P1345_2_6,G1,B_aircraft,G1-B_aircraft-02,U06,existing
P1345_2_6,G2,B_aircraft,G2-B_aircraft-01,NEW-B_aircraft-01,procurement_required
P1345_2_6,G3,B_aircraft,G3-B_aircraft-01,NEW-B_aircraft-02,procurement_required
P1345_2_6,G1,C_aircraft,G1-C_aircraft-01,U07,existing
P1345_2_6,G1,C_aircraft,G1-C_aircraft-02,U08,existing
P1345_2_6,G2,C_aircraft,G2-C_aircraft-01,NEW-C_aircraft-01,procurement_required
P1345_2_6,G2,C_aircraft,G2-C_aircraft-02,NEW-C_aircraft-02,procurement_required
P1345_2_6,G1,A_batteries,G1-A_batteries-01,A01,existing
P1345_2_6,G1,A_batteries,G1-A_batteries-02,A02,existing
P1345_2_6,G1,A_batteries,G1-A_batteries-03,A03,existing
P1345_2_6,G1,A_batteries,G1-A_batteries-04,A04,existing
P1345_2_6,G2,A_batteries,G2-A_batteries-01,A05,existing
P1345_2_6,G1,B_batteries,G1-B_batteries-01,B01,existing
P1345_2_6,G1,B_batteries,G1-B_batteries-02,B02,existing
P1345_2_6,G1,B_batteries,G1-B_batteries-03,B03,existing
P1345_2_6,G1,B_batteries,G1-B_batteries-04,B04,existing
P1345_2_6,G2,B_batteries,G2-B_batteries-01,NEW-B_batteries-01,procurement_required
P1345_2_6,G2,B_batteries,G2-B_batteries-02,NEW-B_batteries-02,procurement_required
P1345_2_6,G3,B_batteries,G3-B_batteries-01,NEW-B_batteries-03,procurement_required
P1345_2_6,G1,C_batteries,G1-C_batteries-01,C01,existing
P1345_2_6,G1,C_batteries,G1-C_batteries-02,C02,existing
P1345_2_6,G1,C_batteries,G1-C_batteries-03,C03,existing
P1345_2_6,G2,C_batteries,G2-C_batteries-01,C04,existing
P1345_2_6,G2,C_batteries,G2-C_batteries-02,NEW-C_batteries-01,procurement_required
P1345_2_6,G2,C_batteries,G2-C_batteries-03,NEW-C_batteries-02,procurement_required
P1345_2_6,G1,relay_aircraft,G1-relay_aircraft-01,R01,existing
P1345_2_6,G1,relay_aircraft,G1-relay_aircraft-02,R02,existing
P1345_2_6,G2,relay_aircraft,G2-relay_aircraft-01,NEW-relay_aircraft-01,procurement_required
P1345_2_6,G1,relay_components,G1-relay_components-01,RE01,existing
P1345_2_6,G1,relay_components,G1-relay_components-02,RE02,existing
P1345_2_6,G2,relay_components,G2-relay_components-01,RE03,existing
P1346_25,G1,A_aircraft,G1-A_aircraft-01,U01,existing
P1346_25,G1,A_aircraft,G1-A_aircraft-02,U02,existing
P1346_25,G1,A_aircraft,G1-A_aircraft-03,U03,existing
P1346_25,G1,A_aircraft,G1-A_aircraft-04,U04,existing
P1346_25,G2,A_aircraft,G2-A_aircraft-01,NEW-A_aircraft-01,procurement_required
P1346_25,G1,B_aircraft,G1-B_aircraft-01,U05,existing
P1346_25,G2,B_aircraft,G2-B_aircraft-01,U06,existing
P1346_25,G2,B_aircraft,G2-B_aircraft-02,NEW-B_aircraft-01,procurement_required
P1346_25,G1,C_aircraft,G1-C_aircraft-01,U07,existing
P1346_25,G1,C_aircraft,G1-C_aircraft-02,U08,existing
P1346_25,G2,C_aircraft,G2-C_aircraft-01,NEW-C_aircraft-01,procurement_required
P1346_25,G2,C_aircraft,G2-C_aircraft-02,NEW-C_aircraft-02,procurement_required
P1346_25,G1,A_batteries,G1-A_batteries-01,A01,existing
P1346_25,G1,A_batteries,G1-A_batteries-02,A02,existing
P1346_25,G1,A_batteries,G1-A_batteries-03,A03,existing
P1346_25,G1,A_batteries,G1-A_batteries-04,A04,existing
P1346_25,G2,A_batteries,G2-A_batteries-01,A05,existing
P1346_25,G1,B_batteries,G1-B_batteries-01,B01,existing
P1346_25,G1,B_batteries,G1-B_batteries-02,B02,existing
P1346_25,G2,B_batteries,G2-B_batteries-01,B03,existing
P1346_25,G2,B_batteries,G2-B_batteries-02,B04,existing
P1346_25,G2,B_batteries,G2-B_batteries-03,NEW-B_batteries-01,procurement_required
P1346_25,G2,B_batteries,G2-B_batteries-04,NEW-B_batteries-02,procurement_required
P1346_25,G1,C_batteries,G1-C_batteries-01,C01,existing
P1346_25,G1,C_batteries,G1-C_batteries-02,C02,existing
P1346_25,G1,C_batteries,G1-C_batteries-03,C03,existing
P1346_25,G2,C_batteries,G2-C_batteries-01,C04,existing
P1346_25,G2,C_batteries,G2-C_batteries-02,NEW-C_batteries-01,procurement_required
P1346_25,G2,C_batteries,G2-C_batteries-03,NEW-C_batteries-02,procurement_required
P1346_25,G1,relay_aircraft,G1-relay_aircraft-01,R01,existing
P1346_25,G2,relay_aircraft,G2-relay_aircraft-01,R02,existing
P1346_25,G2,relay_aircraft,G2-relay_aircraft-02,NEW-relay_aircraft-01,procurement_required
P1346_25,G1,relay_components,G1-relay_components-01,RE01,existing
P1346_25,G2,relay_components,G2-relay_components-01,RE02,existing
P1346_25,G2,relay_components,G2-relay_components-02,RE03,existing
P1346_2_5,G1,A_aircraft,G1-A_aircraft-01,U01,existing
P1346_2_5,G1,A_aircraft,G1-A_aircraft-02,U02,existing
P1346_2_5,G1,A_aircraft,G1-A_aircraft-03,U03,existing
P1346_2_5,G1,A_aircraft,G1-A_aircraft-04,U04,existing
P1346_2_5,G2,A_aircraft,G2-A_aircraft-01,NEW-A_aircraft-01,procurement_required
P1346_2_5,G1,B_aircraft,G1-B_aircraft-01,U05,existing
P1346_2_5,G2,B_aircraft,G2-B_aircraft-01,U06,existing
P1346_2_5,G3,B_aircraft,G3-B_aircraft-01,NEW-B_aircraft-01,procurement_required
P1346_2_5,G3,B_aircraft,G3-B_aircraft-02,NEW-B_aircraft-02,procurement_required
P1346_2_5,G1,C_aircraft,G1-C_aircraft-01,U07,existing
P1346_2_5,G1,C_aircraft,G1-C_aircraft-02,U08,existing
P1346_2_5,G2,C_aircraft,G2-C_aircraft-01,NEW-C_aircraft-01,procurement_required
P1346_2_5,G2,C_aircraft,G2-C_aircraft-02,NEW-C_aircraft-02,procurement_required
P1346_2_5,G1,A_batteries,G1-A_batteries-01,A01,existing
P1346_2_5,G1,A_batteries,G1-A_batteries-02,A02,existing
P1346_2_5,G1,A_batteries,G1-A_batteries-03,A03,existing
P1346_2_5,G1,A_batteries,G1-A_batteries-04,A04,existing
P1346_2_5,G2,A_batteries,G2-A_batteries-01,A05,existing
P1346_2_5,G1,B_batteries,G1-B_batteries-01,B01,existing
P1346_2_5,G1,B_batteries,G1-B_batteries-02,B02,existing
P1346_2_5,G2,B_batteries,G2-B_batteries-01,B03,existing
P1346_2_5,G2,B_batteries,G2-B_batteries-02,B04,existing
P1346_2_5,G3,B_batteries,G3-B_batteries-01,NEW-B_batteries-01,procurement_required
P1346_2_5,G3,B_batteries,G3-B_batteries-02,NEW-B_batteries-02,procurement_required
P1346_2_5,G3,B_batteries,G3-B_batteries-03,NEW-B_batteries-03,procurement_required
P1346_2_5,G3,B_batteries,G3-B_batteries-04,NEW-B_batteries-04,procurement_required
P1346_2_5,G1,C_batteries,G1-C_batteries-01,C01,existing
P1346_2_5,G1,C_batteries,G1-C_batteries-02,C02,existing
P1346_2_5,G1,C_batteries,G1-C_batteries-03,C03,existing
P1346_2_5,G2,C_batteries,G2-C_batteries-01,C04,existing
P1346_2_5,G2,C_batteries,G2-C_batteries-02,NEW-C_batteries-01,procurement_required
P1346_2_5,G2,C_batteries,G2-C_batteries-03,NEW-C_batteries-02,procurement_required
P1346_2_5,G1,relay_aircraft,G1-relay_aircraft-01,R01,existing
P1346_2_5,G2,relay_aircraft,G2-relay_aircraft-01,R02,existing
P1346_2_5,G3,relay_aircraft,G3-relay_aircraft-01,NEW-relay_aircraft-01,procurement_required
P1346_2_5,G1,relay_components,G1-relay_components-01,RE01,existing
P1346_2_5,G2,relay_components,G2-relay_components-01,RE02,existing
P1346_2_5,G3,relay_components,G3-relay_components-01,RE03,existing
P134_256,G1,A_aircraft,G1-A_aircraft-01,U01,existing
P134_256,G1,A_aircraft,G1-A_aircraft-02,U02,existing
P134_256,G1,A_aircraft,G1-A_aircraft-03,U03,existing
P134_256,G1,A_aircraft,G1-A_aircraft-04,U04,existing
P134_256,G2,A_aircraft,G2-A_aircraft-01,NEW-A_aircraft-01,procurement_required
P134_256,G1,B_aircraft,G1-B_aircraft-01,U05,existing
P134_256,G2,B_aircraft,G2-B_aircraft-01,U06,existing
P134_256,G2,B_aircraft,G2-B_aircraft-02,NEW-B_aircraft-01,procurement_required
P134_256,G1,C_aircraft,G1-C_aircraft-01,U07,existing
P134_256,G1,C_aircraft,G1-C_aircraft-02,U08,existing
P134_256,G2,C_aircraft,G2-C_aircraft-01,NEW-C_aircraft-01,procurement_required
P134_256,G2,C_aircraft,G2-C_aircraft-02,NEW-C_aircraft-02,procurement_required
P134_256,G1,A_batteries,G1-A_batteries-01,A01,existing
P134_256,G1,A_batteries,G1-A_batteries-02,A02,existing
P134_256,G1,A_batteries,G1-A_batteries-03,A03,existing
P134_256,G1,A_batteries,G1-A_batteries-04,A04,existing
P134_256,G2,A_batteries,G2-A_batteries-01,A05,existing
P134_256,G1,B_batteries,G1-B_batteries-01,B01,existing
P134_256,G2,B_batteries,G2-B_batteries-01,B02,existing
P134_256,G2,B_batteries,G2-B_batteries-02,B03,existing
P134_256,G2,B_batteries,G2-B_batteries-03,B04,existing
P134_256,G2,B_batteries,G2-B_batteries-04,NEW-B_batteries-01,procurement_required
P134_256,G1,C_batteries,G1-C_batteries-01,C01,existing
P134_256,G1,C_batteries,G1-C_batteries-02,C02,existing
P134_256,G1,C_batteries,G1-C_batteries-03,C03,existing
P134_256,G2,C_batteries,G2-C_batteries-01,C04,existing
P134_256,G2,C_batteries,G2-C_batteries-02,NEW-C_batteries-01,procurement_required
P134_256,G2,C_batteries,G2-C_batteries-03,NEW-C_batteries-02,procurement_required
P134_256,G1,relay_aircraft,G1-relay_aircraft-01,R01,existing
P134_256,G2,relay_aircraft,G2-relay_aircraft-01,R02,existing
P134_256,G2,relay_aircraft,G2-relay_aircraft-02,NEW-relay_aircraft-01,procurement_required
P134_256,G1,relay_components,G1-relay_components-01,RE01,existing
P134_256,G2,relay_components,G2-relay_components-01,RE02,existing
P134_256,G2,relay_components,G2-relay_components-02,RE03,existing
P134_25_6,G1,A_aircraft,G1-A_aircraft-01,U01,existing
P134_25_6,G1,A_aircraft,G1-A_aircraft-02,U02,existing
P134_25_6,G1,A_aircraft,G1-A_aircraft-03,U03,existing
P134_25_6,G1,A_aircraft,G1-A_aircraft-04,U04,existing
P134_25_6,G2,A_aircraft,G2-A_aircraft-01,NEW-A_aircraft-01,procurement_required
P134_25_6,G1,B_aircraft,G1-B_aircraft-01,U05,existing
P134_25_6,G2,B_aircraft,G2-B_aircraft-01,U06,existing
P134_25_6,G2,B_aircraft,G2-B_aircraft-02,NEW-B_aircraft-01,procurement_required
P134_25_6,G3,B_aircraft,G3-B_aircraft-01,NEW-B_aircraft-02,procurement_required
P134_25_6,G1,C_aircraft,G1-C_aircraft-01,U07,existing
P134_25_6,G1,C_aircraft,G1-C_aircraft-02,U08,existing
P134_25_6,G2,C_aircraft,G2-C_aircraft-01,NEW-C_aircraft-01,procurement_required
P134_25_6,G2,C_aircraft,G2-C_aircraft-02,NEW-C_aircraft-02,procurement_required
P134_25_6,G1,A_batteries,G1-A_batteries-01,A01,existing
P134_25_6,G1,A_batteries,G1-A_batteries-02,A02,existing
P134_25_6,G1,A_batteries,G1-A_batteries-03,A03,existing
P134_25_6,G1,A_batteries,G1-A_batteries-04,A04,existing
P134_25_6,G2,A_batteries,G2-A_batteries-01,A05,existing
P134_25_6,G1,B_batteries,G1-B_batteries-01,B01,existing
P134_25_6,G2,B_batteries,G2-B_batteries-01,B02,existing
P134_25_6,G2,B_batteries,G2-B_batteries-02,B03,existing
P134_25_6,G2,B_batteries,G2-B_batteries-03,B04,existing
P134_25_6,G2,B_batteries,G2-B_batteries-04,NEW-B_batteries-01,procurement_required
P134_25_6,G3,B_batteries,G3-B_batteries-01,NEW-B_batteries-02,procurement_required
P134_25_6,G1,C_batteries,G1-C_batteries-01,C01,existing
P134_25_6,G1,C_batteries,G1-C_batteries-02,C02,existing
P134_25_6,G1,C_batteries,G1-C_batteries-03,C03,existing
P134_25_6,G2,C_batteries,G2-C_batteries-01,C04,existing
P134_25_6,G2,C_batteries,G2-C_batteries-02,NEW-C_batteries-01,procurement_required
P134_25_6,G2,C_batteries,G2-C_batteries-03,NEW-C_batteries-02,procurement_required
P134_25_6,G1,relay_aircraft,G1-relay_aircraft-01,R01,existing
P134_25_6,G2,relay_aircraft,G2-relay_aircraft-01,R02,existing
P134_25_6,G2,relay_aircraft,G2-relay_aircraft-02,NEW-relay_aircraft-01,procurement_required
P134_25_6,G1,relay_components,G1-relay_components-01,RE01,existing
P134_25_6,G2,relay_components,G2-relay_components-01,RE02,existing
P134_25_6,G2,relay_components,G2-relay_components-02,RE03,existing
P134_26_5,G1,A_aircraft,G1-A_aircraft-01,U01,existing
P134_26_5,G1,A_aircraft,G1-A_aircraft-02,U02,existing
P134_26_5,G1,A_aircraft,G1-A_aircraft-03,U03,existing
P134_26_5,G1,A_aircraft,G1-A_aircraft-04,U04,existing
P134_26_5,G2,A_aircraft,G2-A_aircraft-01,NEW-A_aircraft-01,procurement_required
P134_26_5,G1,B_aircraft,G1-B_aircraft-01,U05,existing
P134_26_5,G2,B_aircraft,G2-B_aircraft-01,U06,existing
P134_26_5,G2,B_aircraft,G2-B_aircraft-02,NEW-B_aircraft-01,procurement_required
P134_26_5,G3,B_aircraft,G3-B_aircraft-01,NEW-B_aircraft-02,procurement_required
P134_26_5,G3,B_aircraft,G3-B_aircraft-02,NEW-B_aircraft-03,procurement_required
P134_26_5,G1,C_aircraft,G1-C_aircraft-01,U07,existing
P134_26_5,G1,C_aircraft,G1-C_aircraft-02,U08,existing
P134_26_5,G2,C_aircraft,G2-C_aircraft-01,NEW-C_aircraft-01,procurement_required
P134_26_5,G2,C_aircraft,G2-C_aircraft-02,NEW-C_aircraft-02,procurement_required
P134_26_5,G1,A_batteries,G1-A_batteries-01,A01,existing
P134_26_5,G1,A_batteries,G1-A_batteries-02,A02,existing
P134_26_5,G1,A_batteries,G1-A_batteries-03,A03,existing
P134_26_5,G1,A_batteries,G1-A_batteries-04,A04,existing
P134_26_5,G2,A_batteries,G2-A_batteries-01,A05,existing
P134_26_5,G1,B_batteries,G1-B_batteries-01,B01,existing
P134_26_5,G2,B_batteries,G2-B_batteries-01,B02,existing
P134_26_5,G2,B_batteries,G2-B_batteries-02,B03,existing
P134_26_5,G2,B_batteries,G2-B_batteries-03,B04,existing
P134_26_5,G3,B_batteries,G3-B_batteries-01,NEW-B_batteries-01,procurement_required
P134_26_5,G3,B_batteries,G3-B_batteries-02,NEW-B_batteries-02,procurement_required
P134_26_5,G3,B_batteries,G3-B_batteries-03,NEW-B_batteries-03,procurement_required
P134_26_5,G3,B_batteries,G3-B_batteries-04,NEW-B_batteries-04,procurement_required
P134_26_5,G1,C_batteries,G1-C_batteries-01,C01,existing
P134_26_5,G1,C_batteries,G1-C_batteries-02,C02,existing
P134_26_5,G1,C_batteries,G1-C_batteries-03,C03,existing
P134_26_5,G2,C_batteries,G2-C_batteries-01,C04,existing
P134_26_5,G2,C_batteries,G2-C_batteries-02,NEW-C_batteries-01,procurement_required
P134_26_5,G2,C_batteries,G2-C_batteries-03,NEW-C_batteries-02,procurement_required
P134_26_5,G1,relay_aircraft,G1-relay_aircraft-01,R01,existing
P134_26_5,G2,relay_aircraft,G2-relay_aircraft-01,R02,existing
P134_26_5,G3,relay_aircraft,G3-relay_aircraft-01,NEW-relay_aircraft-01,procurement_required
P134_26_5,G1,relay_components,G1-relay_components-01,RE01,existing
P134_26_5,G2,relay_components,G2-relay_components-01,RE02,existing
P134_26_5,G3,relay_components,G3-relay_components-01,RE03,existing
P134_2_56,G1,A_aircraft,G1-A_aircraft-01,U01,existing
P134_2_56,G1,A_aircraft,G1-A_aircraft-02,U02,existing
P134_2_56,G1,A_aircraft,G1-A_aircraft-03,U03,existing
P134_2_56,G1,A_aircraft,G1-A_aircraft-04,U04,existing
P134_2_56,G2,A_aircraft,G2-A_aircraft-01,NEW-A_aircraft-01,procurement_required
P134_2_56,G1,B_aircraft,G1-B_aircraft-01,U05,existing
P134_2_56,G2,B_aircraft,G2-B_aircraft-01,U06,existing
P134_2_56,G3,B_aircraft,G3-B_aircraft-01,NEW-B_aircraft-01,procurement_required
P134_2_56,G3,B_aircraft,G3-B_aircraft-02,NEW-B_aircraft-02,procurement_required
P134_2_56,G1,C_aircraft,G1-C_aircraft-01,U07,existing
P134_2_56,G1,C_aircraft,G1-C_aircraft-02,U08,existing
P134_2_56,G2,C_aircraft,G2-C_aircraft-01,NEW-C_aircraft-01,procurement_required
P134_2_56,G2,C_aircraft,G2-C_aircraft-02,NEW-C_aircraft-02,procurement_required
P134_2_56,G1,A_batteries,G1-A_batteries-01,A01,existing
P134_2_56,G1,A_batteries,G1-A_batteries-02,A02,existing
P134_2_56,G1,A_batteries,G1-A_batteries-03,A03,existing
P134_2_56,G1,A_batteries,G1-A_batteries-04,A04,existing
P134_2_56,G2,A_batteries,G2-A_batteries-01,A05,existing
P134_2_56,G1,B_batteries,G1-B_batteries-01,B01,existing
P134_2_56,G2,B_batteries,G2-B_batteries-01,B02,existing
P134_2_56,G2,B_batteries,G2-B_batteries-02,B03,existing
P134_2_56,G3,B_batteries,G3-B_batteries-01,B04,existing
P134_2_56,G3,B_batteries,G3-B_batteries-02,NEW-B_batteries-01,procurement_required
P134_2_56,G3,B_batteries,G3-B_batteries-03,NEW-B_batteries-02,procurement_required
P134_2_56,G3,B_batteries,G3-B_batteries-04,NEW-B_batteries-03,procurement_required
P134_2_56,G1,C_batteries,G1-C_batteries-01,C01,existing
P134_2_56,G1,C_batteries,G1-C_batteries-02,C02,existing
P134_2_56,G1,C_batteries,G1-C_batteries-03,C03,existing
P134_2_56,G2,C_batteries,G2-C_batteries-01,C04,existing
P134_2_56,G2,C_batteries,G2-C_batteries-02,NEW-C_batteries-01,procurement_required
P134_2_56,G2,C_batteries,G2-C_batteries-03,NEW-C_batteries-02,procurement_required
P134_2_56,G1,relay_aircraft,G1-relay_aircraft-01,R01,existing
P134_2_56,G2,relay_aircraft,G2-relay_aircraft-01,R02,existing
P134_2_56,G3,relay_aircraft,G3-relay_aircraft-01,NEW-relay_aircraft-01,procurement_required
P134_2_56,G1,relay_components,G1-relay_components-01,RE01,existing
P134_2_56,G2,relay_components,G2-relay_components-01,RE02,existing
P134_2_56,G3,relay_components,G3-relay_components-01,RE03,existing
P1356_24,G1,A_aircraft,G1-A_aircraft-01,U01,existing
P1356_24,G1,A_aircraft,G1-A_aircraft-02,U02,existing
P1356_24,G1,A_aircraft,G1-A_aircraft-03,U03,existing
P1356_24,G1,A_aircraft,G1-A_aircraft-04,U04,existing
P1356_24,G2,A_aircraft,G2-A_aircraft-01,NEW-A_aircraft-01,procurement_required
P1356_24,G1,B_aircraft,G1-B_aircraft-01,U05,existing
P1356_24,G1,B_aircraft,G1-B_aircraft-02,U06,existing
P1356_24,G2,B_aircraft,G2-B_aircraft-01,NEW-B_aircraft-01,procurement_required
P1356_24,G1,C_aircraft,G1-C_aircraft-01,U07,existing
P1356_24,G1,C_aircraft,G1-C_aircraft-02,U08,existing
P1356_24,G2,C_aircraft,G2-C_aircraft-01,NEW-C_aircraft-01,procurement_required
P1356_24,G2,C_aircraft,G2-C_aircraft-02,NEW-C_aircraft-02,procurement_required
P1356_24,G1,A_batteries,G1-A_batteries-01,A01,existing
P1356_24,G1,A_batteries,G1-A_batteries-02,A02,existing
P1356_24,G1,A_batteries,G1-A_batteries-03,A03,existing
P1356_24,G1,A_batteries,G1-A_batteries-04,A04,existing
P1356_24,G2,A_batteries,G2-A_batteries-01,A05,existing
P1356_24,G2,A_batteries,G2-A_batteries-02,A06,existing
P1356_24,G1,B_batteries,G1-B_batteries-01,B01,existing
P1356_24,G1,B_batteries,G1-B_batteries-02,B02,existing
P1356_24,G1,B_batteries,G1-B_batteries-03,B03,existing
P1356_24,G1,B_batteries,G1-B_batteries-04,B04,existing
P1356_24,G2,B_batteries,G2-B_batteries-01,NEW-B_batteries-01,procurement_required
P1356_24,G2,B_batteries,G2-B_batteries-02,NEW-B_batteries-02,procurement_required
P1356_24,G1,C_batteries,G1-C_batteries-01,C01,existing
P1356_24,G1,C_batteries,G1-C_batteries-02,C02,existing
P1356_24,G2,C_batteries,G2-C_batteries-01,C03,existing
P1356_24,G2,C_batteries,G2-C_batteries-02,C04,existing
P1356_24,G2,C_batteries,G2-C_batteries-03,NEW-C_batteries-01,procurement_required
P1356_24,G1,relay_aircraft,G1-relay_aircraft-01,R01,existing
P1356_24,G1,relay_aircraft,G1-relay_aircraft-02,R02,existing
P1356_24,G2,relay_aircraft,G2-relay_aircraft-01,NEW-relay_aircraft-01,procurement_required
P1356_24,G1,relay_components,G1-relay_components-01,RE01,existing
P1356_24,G1,relay_components,G1-relay_components-02,RE02,existing
P1356_24,G2,relay_components,G2-relay_components-01,RE03,existing
P1356_2_4,G1,A_aircraft,G1-A_aircraft-01,U01,existing
P1356_2_4,G1,A_aircraft,G1-A_aircraft-02,U02,existing
P1356_2_4,G1,A_aircraft,G1-A_aircraft-03,U03,existing
P1356_2_4,G1,A_aircraft,G1-A_aircraft-04,U04,existing
P1356_2_4,G2,A_aircraft,G2-A_aircraft-01,NEW-A_aircraft-01,procurement_required
P1356_2_4,G3,A_aircraft,G3-A_aircraft-01,NEW-A_aircraft-02,procurement_required
P1356_2_4,G1,B_aircraft,G1-B_aircraft-01,U05,existing
P1356_2_4,G1,B_aircraft,G1-B_aircraft-02,U06,existing
P1356_2_4,G2,B_aircraft,G2-B_aircraft-01,NEW-B_aircraft-01,procurement_required
P1356_2_4,G1,C_aircraft,G1-C_aircraft-01,U07,existing
P1356_2_4,G1,C_aircraft,G1-C_aircraft-02,U08,existing
P1356_2_4,G2,C_aircraft,G2-C_aircraft-01,NEW-C_aircraft-01,procurement_required
P1356_2_4,G2,C_aircraft,G2-C_aircraft-02,NEW-C_aircraft-02,procurement_required
P1356_2_4,G3,C_aircraft,G3-C_aircraft-01,NEW-C_aircraft-03,procurement_required
P1356_2_4,G1,A_batteries,G1-A_batteries-01,A01,existing
P1356_2_4,G1,A_batteries,G1-A_batteries-02,A02,existing
P1356_2_4,G1,A_batteries,G1-A_batteries-03,A03,existing
P1356_2_4,G1,A_batteries,G1-A_batteries-04,A04,existing
P1356_2_4,G2,A_batteries,G2-A_batteries-01,A05,existing
P1356_2_4,G3,A_batteries,G3-A_batteries-01,A06,existing
P1356_2_4,G1,B_batteries,G1-B_batteries-01,B01,existing
P1356_2_4,G1,B_batteries,G1-B_batteries-02,B02,existing
P1356_2_4,G1,B_batteries,G1-B_batteries-03,B03,existing
P1356_2_4,G1,B_batteries,G1-B_batteries-04,B04,existing
P1356_2_4,G2,B_batteries,G2-B_batteries-01,NEW-B_batteries-01,procurement_required
P1356_2_4,G2,B_batteries,G2-B_batteries-02,NEW-B_batteries-02,procurement_required
P1356_2_4,G1,C_batteries,G1-C_batteries-01,C01,existing
P1356_2_4,G1,C_batteries,G1-C_batteries-02,C02,existing
P1356_2_4,G2,C_batteries,G2-C_batteries-01,C03,existing
P1356_2_4,G2,C_batteries,G2-C_batteries-02,C04,existing
P1356_2_4,G2,C_batteries,G2-C_batteries-03,NEW-C_batteries-01,procurement_required
P1356_2_4,G3,C_batteries,G3-C_batteries-01,NEW-C_batteries-02,procurement_required
P1356_2_4,G1,relay_aircraft,G1-relay_aircraft-01,R01,existing
P1356_2_4,G1,relay_aircraft,G1-relay_aircraft-02,R02,existing
P1356_2_4,G2,relay_aircraft,G2-relay_aircraft-01,NEW-relay_aircraft-01,procurement_required
P1356_2_4,G1,relay_components,G1-relay_components-01,RE01,existing
P1356_2_4,G1,relay_components,G1-relay_components-02,RE02,existing
P1356_2_4,G2,relay_components,G2-relay_components-01,RE03,existing
P135_246,G1,A_aircraft,G1-A_aircraft-01,U01,existing
P135_246,G1,A_aircraft,G1-A_aircraft-02,U02,existing
P135_246,G1,A_aircraft,G1-A_aircraft-03,U03,existing
P135_246,G1,A_aircraft,G1-A_aircraft-04,U04,existing
P135_246,G2,A_aircraft,G2-A_aircraft-01,NEW-A_aircraft-01,procurement_required
P135_246,G1,B_aircraft,G1-B_aircraft-01,U05,existing
P135_246,G1,B_aircraft,G1-B_aircraft-02,U06,existing
P135_246,G2,B_aircraft,G2-B_aircraft-01,NEW-B_aircraft-01,procurement_required
P135_246,G2,B_aircraft,G2-B_aircraft-02,NEW-B_aircraft-02,procurement_required
P135_246,G1,C_aircraft,G1-C_aircraft-01,U07,existing
P135_246,G1,C_aircraft,G1-C_aircraft-02,U08,existing
P135_246,G2,C_aircraft,G2-C_aircraft-01,NEW-C_aircraft-01,procurement_required
P135_246,G2,C_aircraft,G2-C_aircraft-02,NEW-C_aircraft-02,procurement_required
P135_246,G1,A_batteries,G1-A_batteries-01,A01,existing
P135_246,G1,A_batteries,G1-A_batteries-02,A02,existing
P135_246,G1,A_batteries,G1-A_batteries-03,A03,existing
P135_246,G1,A_batteries,G1-A_batteries-04,A04,existing
P135_246,G2,A_batteries,G2-A_batteries-01,A05,existing
P135_246,G2,A_batteries,G2-A_batteries-02,A06,existing
P135_246,G1,B_batteries,G1-B_batteries-01,B01,existing
P135_246,G1,B_batteries,G1-B_batteries-02,B02,existing
P135_246,G1,B_batteries,G1-B_batteries-03,B03,existing
P135_246,G1,B_batteries,G1-B_batteries-04,B04,existing
P135_246,G2,B_batteries,G2-B_batteries-01,NEW-B_batteries-01,procurement_required
P135_246,G2,B_batteries,G2-B_batteries-02,NEW-B_batteries-02,procurement_required
P135_246,G2,B_batteries,G2-B_batteries-03,NEW-B_batteries-03,procurement_required
P135_246,G1,C_batteries,G1-C_batteries-01,C01,existing
P135_246,G1,C_batteries,G1-C_batteries-02,C02,existing
P135_246,G2,C_batteries,G2-C_batteries-01,C03,existing
P135_246,G2,C_batteries,G2-C_batteries-02,C04,existing
P135_246,G2,C_batteries,G2-C_batteries-03,NEW-C_batteries-01,procurement_required
P135_246,G1,relay_aircraft,G1-relay_aircraft-01,R01,existing
P135_246,G1,relay_aircraft,G1-relay_aircraft-02,R02,existing
P135_246,G2,relay_aircraft,G2-relay_aircraft-01,NEW-relay_aircraft-01,procurement_required
P135_246,G1,relay_components,G1-relay_components-01,RE01,existing
P135_246,G1,relay_components,G1-relay_components-02,RE02,existing
P135_246,G2,relay_components,G2-relay_components-01,RE03,existing
P135_24_6,G1,A_aircraft,G1-A_aircraft-01,U01,existing
P135_24_6,G1,A_aircraft,G1-A_aircraft-02,U02,existing
P135_24_6,G1,A_aircraft,G1-A_aircraft-03,U03,existing
P135_24_6,G1,A_aircraft,G1-A_aircraft-04,U04,existing
P135_24_6,G2,A_aircraft,G2-A_aircraft-01,NEW-A_aircraft-01,procurement_required
P135_24_6,G1,B_aircraft,G1-B_aircraft-01,U05,existing
P135_24_6,G1,B_aircraft,G1-B_aircraft-02,U06,existing
P135_24_6,G2,B_aircraft,G2-B_aircraft-01,NEW-B_aircraft-01,procurement_required
P135_24_6,G3,B_aircraft,G3-B_aircraft-01,NEW-B_aircraft-02,procurement_required
P135_24_6,G1,C_aircraft,G1-C_aircraft-01,U07,existing
P135_24_6,G1,C_aircraft,G1-C_aircraft-02,U08,existing
P135_24_6,G2,C_aircraft,G2-C_aircraft-01,NEW-C_aircraft-01,procurement_required
P135_24_6,G2,C_aircraft,G2-C_aircraft-02,NEW-C_aircraft-02,procurement_required
P135_24_6,G1,A_batteries,G1-A_batteries-01,A01,existing
P135_24_6,G1,A_batteries,G1-A_batteries-02,A02,existing
P135_24_6,G1,A_batteries,G1-A_batteries-03,A03,existing
P135_24_6,G1,A_batteries,G1-A_batteries-04,A04,existing
P135_24_6,G2,A_batteries,G2-A_batteries-01,A05,existing
P135_24_6,G2,A_batteries,G2-A_batteries-02,A06,existing
P135_24_6,G1,B_batteries,G1-B_batteries-01,B01,existing
P135_24_6,G1,B_batteries,G1-B_batteries-02,B02,existing
P135_24_6,G1,B_batteries,G1-B_batteries-03,B03,existing
P135_24_6,G1,B_batteries,G1-B_batteries-04,B04,existing
P135_24_6,G2,B_batteries,G2-B_batteries-01,NEW-B_batteries-01,procurement_required
P135_24_6,G2,B_batteries,G2-B_batteries-02,NEW-B_batteries-02,procurement_required
P135_24_6,G3,B_batteries,G3-B_batteries-01,NEW-B_batteries-03,procurement_required
P135_24_6,G1,C_batteries,G1-C_batteries-01,C01,existing
P135_24_6,G1,C_batteries,G1-C_batteries-02,C02,existing
P135_24_6,G2,C_batteries,G2-C_batteries-01,C03,existing
P135_24_6,G2,C_batteries,G2-C_batteries-02,C04,existing
P135_24_6,G2,C_batteries,G2-C_batteries-03,NEW-C_batteries-01,procurement_required
P135_24_6,G1,relay_aircraft,G1-relay_aircraft-01,R01,existing
P135_24_6,G1,relay_aircraft,G1-relay_aircraft-02,R02,existing
P135_24_6,G2,relay_aircraft,G2-relay_aircraft-01,NEW-relay_aircraft-01,procurement_required
P135_24_6,G1,relay_components,G1-relay_components-01,RE01,existing
P135_24_6,G1,relay_components,G1-relay_components-02,RE02,existing
P135_24_6,G2,relay_components,G2-relay_components-01,RE03,existing
P135_26_4,G1,A_aircraft,G1-A_aircraft-01,U01,existing
P135_26_4,G1,A_aircraft,G1-A_aircraft-02,U02,existing
P135_26_4,G1,A_aircraft,G1-A_aircraft-03,U03,existing
P135_26_4,G1,A_aircraft,G1-A_aircraft-04,U04,existing
P135_26_4,G2,A_aircraft,G2-A_aircraft-01,NEW-A_aircraft-01,procurement_required
P135_26_4,G3,A_aircraft,G3-A_aircraft-01,NEW-A_aircraft-02,procurement_required
P135_26_4,G1,B_aircraft,G1-B_aircraft-01,U05,existing
P135_26_4,G1,B_aircraft,G1-B_aircraft-02,U06,existing
P135_26_4,G2,B_aircraft,G2-B_aircraft-01,NEW-B_aircraft-01,procurement_required
P135_26_4,G2,B_aircraft,G2-B_aircraft-02,NEW-B_aircraft-02,procurement_required
P135_26_4,G1,C_aircraft,G1-C_aircraft-01,U07,existing
P135_26_4,G1,C_aircraft,G1-C_aircraft-02,U08,existing
P135_26_4,G2,C_aircraft,G2-C_aircraft-01,NEW-C_aircraft-01,procurement_required
P135_26_4,G2,C_aircraft,G2-C_aircraft-02,NEW-C_aircraft-02,procurement_required
P135_26_4,G3,C_aircraft,G3-C_aircraft-01,NEW-C_aircraft-03,procurement_required
P135_26_4,G1,A_batteries,G1-A_batteries-01,A01,existing
P135_26_4,G1,A_batteries,G1-A_batteries-02,A02,existing
P135_26_4,G1,A_batteries,G1-A_batteries-03,A03,existing
P135_26_4,G1,A_batteries,G1-A_batteries-04,A04,existing
P135_26_4,G2,A_batteries,G2-A_batteries-01,A05,existing
P135_26_4,G3,A_batteries,G3-A_batteries-01,A06,existing
P135_26_4,G1,B_batteries,G1-B_batteries-01,B01,existing
P135_26_4,G1,B_batteries,G1-B_batteries-02,B02,existing
P135_26_4,G1,B_batteries,G1-B_batteries-03,B03,existing
P135_26_4,G1,B_batteries,G1-B_batteries-04,B04,existing
P135_26_4,G2,B_batteries,G2-B_batteries-01,NEW-B_batteries-01,procurement_required
P135_26_4,G2,B_batteries,G2-B_batteries-02,NEW-B_batteries-02,procurement_required
P135_26_4,G2,B_batteries,G2-B_batteries-03,NEW-B_batteries-03,procurement_required
P135_26_4,G1,C_batteries,G1-C_batteries-01,C01,existing
P135_26_4,G1,C_batteries,G1-C_batteries-02,C02,existing
P135_26_4,G2,C_batteries,G2-C_batteries-01,C03,existing
P135_26_4,G2,C_batteries,G2-C_batteries-02,C04,existing
P135_26_4,G2,C_batteries,G2-C_batteries-03,NEW-C_batteries-01,procurement_required
P135_26_4,G3,C_batteries,G3-C_batteries-01,NEW-C_batteries-02,procurement_required
P135_26_4,G1,relay_aircraft,G1-relay_aircraft-01,R01,existing
P135_26_4,G1,relay_aircraft,G1-relay_aircraft-02,R02,existing
P135_26_4,G2,relay_aircraft,G2-relay_aircraft-01,NEW-relay_aircraft-01,procurement_required
P135_26_4,G1,relay_components,G1-relay_components-01,RE01,existing
P135_26_4,G1,relay_components,G1-relay_components-02,RE02,existing
P135_26_4,G2,relay_components,G2-relay_components-01,RE03,existing
P135_2_46,G1,A_aircraft,G1-A_aircraft-01,U01,existing
P135_2_46,G1,A_aircraft,G1-A_aircraft-02,U02,existing
P135_2_46,G1,A_aircraft,G1-A_aircraft-03,U03,existing
P135_2_46,G1,A_aircraft,G1-A_aircraft-04,U04,existing
P135_2_46,G2,A_aircraft,G2-A_aircraft-01,NEW-A_aircraft-01,procurement_required
P135_2_46,G3,A_aircraft,G3-A_aircraft-01,NEW-A_aircraft-02,procurement_required
P135_2_46,G1,B_aircraft,G1-B_aircraft-01,U05,existing
P135_2_46,G1,B_aircraft,G1-B_aircraft-02,U06,existing
P135_2_46,G2,B_aircraft,G2-B_aircraft-01,NEW-B_aircraft-01,procurement_required
P135_2_46,G3,B_aircraft,G3-B_aircraft-01,NEW-B_aircraft-02,procurement_required
P135_2_46,G1,C_aircraft,G1-C_aircraft-01,U07,existing
P135_2_46,G1,C_aircraft,G1-C_aircraft-02,U08,existing
P135_2_46,G2,C_aircraft,G2-C_aircraft-01,NEW-C_aircraft-01,procurement_required
P135_2_46,G2,C_aircraft,G2-C_aircraft-02,NEW-C_aircraft-02,procurement_required
P135_2_46,G3,C_aircraft,G3-C_aircraft-01,NEW-C_aircraft-03,procurement_required
P135_2_46,G1,A_batteries,G1-A_batteries-01,A01,existing
P135_2_46,G1,A_batteries,G1-A_batteries-02,A02,existing
P135_2_46,G1,A_batteries,G1-A_batteries-03,A03,existing
P135_2_46,G1,A_batteries,G1-A_batteries-04,A04,existing
P135_2_46,G2,A_batteries,G2-A_batteries-01,A05,existing
P135_2_46,G3,A_batteries,G3-A_batteries-01,A06,existing
P135_2_46,G1,B_batteries,G1-B_batteries-01,B01,existing
P135_2_46,G1,B_batteries,G1-B_batteries-02,B02,existing
P135_2_46,G1,B_batteries,G1-B_batteries-03,B03,existing
P135_2_46,G1,B_batteries,G1-B_batteries-04,B04,existing
P135_2_46,G2,B_batteries,G2-B_batteries-01,NEW-B_batteries-01,procurement_required
P135_2_46,G2,B_batteries,G2-B_batteries-02,NEW-B_batteries-02,procurement_required
P135_2_46,G3,B_batteries,G3-B_batteries-01,NEW-B_batteries-03,procurement_required
P135_2_46,G1,C_batteries,G1-C_batteries-01,C01,existing
P135_2_46,G1,C_batteries,G1-C_batteries-02,C02,existing
P135_2_46,G2,C_batteries,G2-C_batteries-01,C03,existing
P135_2_46,G2,C_batteries,G2-C_batteries-02,C04,existing
P135_2_46,G2,C_batteries,G2-C_batteries-03,NEW-C_batteries-01,procurement_required
P135_2_46,G3,C_batteries,G3-C_batteries-01,NEW-C_batteries-02,procurement_required
P135_2_46,G1,relay_aircraft,G1-relay_aircraft-01,R01,existing
P135_2_46,G1,relay_aircraft,G1-relay_aircraft-02,R02,existing
P135_2_46,G2,relay_aircraft,G2-relay_aircraft-01,NEW-relay_aircraft-01,procurement_required
P135_2_46,G1,relay_components,G1-relay_components-01,RE01,existing
P135_2_46,G1,relay_components,G1-relay_components-02,RE02,existing
P135_2_46,G2,relay_components,G2-relay_components-01,RE03,existing
P136_245,G1,A_aircraft,G1-A_aircraft-01,U01,existing
P136_245,G1,A_aircraft,G1-A_aircraft-02,U02,existing
P136_245,G1,A_aircraft,G1-A_aircraft-03,U03,existing
P136_245,G1,A_aircraft,G1-A_aircraft-04,U04,existing
P136_245,G2,A_aircraft,G2-A_aircraft-01,NEW-A_aircraft-01,procurement_required
P136_245,G1,B_aircraft,G1-B_aircraft-01,U05,existing
P136_245,G2,B_aircraft,G2-B_aircraft-01,U06,existing
P136_245,G2,B_aircraft,G2-B_aircraft-02,NEW-B_aircraft-01,procurement_required
P136_245,G1,C_aircraft,G1-C_aircraft-01,U07,existing
P136_245,G1,C_aircraft,G1-C_aircraft-02,U08,existing
P136_245,G2,C_aircraft,G2-C_aircraft-01,NEW-C_aircraft-01,procurement_required
P136_245,G2,C_aircraft,G2-C_aircraft-02,NEW-C_aircraft-02,procurement_required
P136_245,G1,A_batteries,G1-A_batteries-01,A01,existing
P136_245,G1,A_batteries,G1-A_batteries-02,A02,existing
P136_245,G1,A_batteries,G1-A_batteries-03,A03,existing
P136_245,G1,A_batteries,G1-A_batteries-04,A04,existing
P136_245,G2,A_batteries,G2-A_batteries-01,A05,existing
P136_245,G2,A_batteries,G2-A_batteries-02,A06,existing
P136_245,G1,B_batteries,G1-B_batteries-01,B01,existing
P136_245,G1,B_batteries,G1-B_batteries-02,B02,existing
P136_245,G2,B_batteries,G2-B_batteries-01,B03,existing
P136_245,G2,B_batteries,G2-B_batteries-02,B04,existing
P136_245,G2,B_batteries,G2-B_batteries-03,NEW-B_batteries-01,procurement_required
P136_245,G2,B_batteries,G2-B_batteries-04,NEW-B_batteries-02,procurement_required
P136_245,G1,C_batteries,G1-C_batteries-01,C01,existing
P136_245,G1,C_batteries,G1-C_batteries-02,C02,existing
P136_245,G2,C_batteries,G2-C_batteries-01,C03,existing
P136_245,G2,C_batteries,G2-C_batteries-02,C04,existing
P136_245,G2,C_batteries,G2-C_batteries-03,NEW-C_batteries-01,procurement_required
P136_245,G1,relay_aircraft,G1-relay_aircraft-01,R01,existing
P136_245,G2,relay_aircraft,G2-relay_aircraft-01,R02,existing
P136_245,G2,relay_aircraft,G2-relay_aircraft-02,NEW-relay_aircraft-01,procurement_required
P136_245,G1,relay_components,G1-relay_components-01,RE01,existing
P136_245,G2,relay_components,G2-relay_components-01,RE02,existing
P136_245,G2,relay_components,G2-relay_components-02,RE03,existing
P136_24_5,G1,A_aircraft,G1-A_aircraft-01,U01,existing
P136_24_5,G1,A_aircraft,G1-A_aircraft-02,U02,existing
P136_24_5,G1,A_aircraft,G1-A_aircraft-03,U03,existing
P136_24_5,G1,A_aircraft,G1-A_aircraft-04,U04,existing
P136_24_5,G2,A_aircraft,G2-A_aircraft-01,NEW-A_aircraft-01,procurement_required
P136_24_5,G1,B_aircraft,G1-B_aircraft-01,U05,existing
P136_24_5,G2,B_aircraft,G2-B_aircraft-01,U06,existing
P136_24_5,G3,B_aircraft,G3-B_aircraft-01,NEW-B_aircraft-01,procurement_required
P136_24_5,G3,B_aircraft,G3-B_aircraft-02,NEW-B_aircraft-02,procurement_required
P136_24_5,G1,C_aircraft,G1-C_aircraft-01,U07,existing
P136_24_5,G1,C_aircraft,G1-C_aircraft-02,U08,existing
P136_24_5,G2,C_aircraft,G2-C_aircraft-01,NEW-C_aircraft-01,procurement_required
P136_24_5,G2,C_aircraft,G2-C_aircraft-02,NEW-C_aircraft-02,procurement_required
P136_24_5,G1,A_batteries,G1-A_batteries-01,A01,existing
P136_24_5,G1,A_batteries,G1-A_batteries-02,A02,existing
P136_24_5,G1,A_batteries,G1-A_batteries-03,A03,existing
P136_24_5,G1,A_batteries,G1-A_batteries-04,A04,existing
P136_24_5,G2,A_batteries,G2-A_batteries-01,A05,existing
P136_24_5,G2,A_batteries,G2-A_batteries-02,A06,existing
P136_24_5,G1,B_batteries,G1-B_batteries-01,B01,existing
P136_24_5,G1,B_batteries,G1-B_batteries-02,B02,existing
P136_24_5,G2,B_batteries,G2-B_batteries-01,B03,existing
P136_24_5,G2,B_batteries,G2-B_batteries-02,B04,existing
P136_24_5,G3,B_batteries,G3-B_batteries-01,NEW-B_batteries-01,procurement_required
P136_24_5,G3,B_batteries,G3-B_batteries-02,NEW-B_batteries-02,procurement_required
P136_24_5,G3,B_batteries,G3-B_batteries-03,NEW-B_batteries-03,procurement_required
P136_24_5,G3,B_batteries,G3-B_batteries-04,NEW-B_batteries-04,procurement_required
P136_24_5,G1,C_batteries,G1-C_batteries-01,C01,existing
P136_24_5,G1,C_batteries,G1-C_batteries-02,C02,existing
P136_24_5,G2,C_batteries,G2-C_batteries-01,C03,existing
P136_24_5,G2,C_batteries,G2-C_batteries-02,C04,existing
P136_24_5,G2,C_batteries,G2-C_batteries-03,NEW-C_batteries-01,procurement_required
P136_24_5,G1,relay_aircraft,G1-relay_aircraft-01,R01,existing
P136_24_5,G2,relay_aircraft,G2-relay_aircraft-01,R02,existing
P136_24_5,G3,relay_aircraft,G3-relay_aircraft-01,NEW-relay_aircraft-01,procurement_required
P136_24_5,G1,relay_components,G1-relay_components-01,RE01,existing
P136_24_5,G2,relay_components,G2-relay_components-01,RE02,existing
P136_24_5,G3,relay_components,G3-relay_components-01,RE03,existing
P136_25_4,G1,A_aircraft,G1-A_aircraft-01,U01,existing
P136_25_4,G1,A_aircraft,G1-A_aircraft-02,U02,existing
P136_25_4,G1,A_aircraft,G1-A_aircraft-03,U03,existing
P136_25_4,G1,A_aircraft,G1-A_aircraft-04,U04,existing
P136_25_4,G2,A_aircraft,G2-A_aircraft-01,NEW-A_aircraft-01,procurement_required
P136_25_4,G3,A_aircraft,G3-A_aircraft-01,NEW-A_aircraft-02,procurement_required
P136_25_4,G1,B_aircraft,G1-B_aircraft-01,U05,existing
P136_25_4,G2,B_aircraft,G2-B_aircraft-01,U06,existing
P136_25_4,G2,B_aircraft,G2-B_aircraft-02,NEW-B_aircraft-01,procurement_required
P136_25_4,G1,C_aircraft,G1-C_aircraft-01,U07,existing
P136_25_4,G1,C_aircraft,G1-C_aircraft-02,U08,existing
P136_25_4,G2,C_aircraft,G2-C_aircraft-01,NEW-C_aircraft-01,procurement_required
P136_25_4,G2,C_aircraft,G2-C_aircraft-02,NEW-C_aircraft-02,procurement_required
P136_25_4,G3,C_aircraft,G3-C_aircraft-01,NEW-C_aircraft-03,procurement_required
P136_25_4,G1,A_batteries,G1-A_batteries-01,A01,existing
P136_25_4,G1,A_batteries,G1-A_batteries-02,A02,existing
P136_25_4,G1,A_batteries,G1-A_batteries-03,A03,existing
P136_25_4,G1,A_batteries,G1-A_batteries-04,A04,existing
P136_25_4,G2,A_batteries,G2-A_batteries-01,A05,existing
P136_25_4,G3,A_batteries,G3-A_batteries-01,A06,existing
P136_25_4,G1,B_batteries,G1-B_batteries-01,B01,existing
P136_25_4,G1,B_batteries,G1-B_batteries-02,B02,existing
P136_25_4,G2,B_batteries,G2-B_batteries-01,B03,existing
P136_25_4,G2,B_batteries,G2-B_batteries-02,B04,existing
P136_25_4,G2,B_batteries,G2-B_batteries-03,NEW-B_batteries-01,procurement_required
P136_25_4,G2,B_batteries,G2-B_batteries-04,NEW-B_batteries-02,procurement_required
P136_25_4,G1,C_batteries,G1-C_batteries-01,C01,existing
P136_25_4,G1,C_batteries,G1-C_batteries-02,C02,existing
P136_25_4,G2,C_batteries,G2-C_batteries-01,C03,existing
P136_25_4,G2,C_batteries,G2-C_batteries-02,C04,existing
P136_25_4,G2,C_batteries,G2-C_batteries-03,NEW-C_batteries-01,procurement_required
P136_25_4,G3,C_batteries,G3-C_batteries-01,NEW-C_batteries-02,procurement_required
P136_25_4,G1,relay_aircraft,G1-relay_aircraft-01,R01,existing
P136_25_4,G2,relay_aircraft,G2-relay_aircraft-01,R02,existing
P136_25_4,G2,relay_aircraft,G2-relay_aircraft-02,NEW-relay_aircraft-01,procurement_required
P136_25_4,G1,relay_components,G1-relay_components-01,RE01,existing
P136_25_4,G2,relay_components,G2-relay_components-01,RE02,existing
P136_25_4,G2,relay_components,G2-relay_components-02,RE03,existing
P136_2_45,G1,A_aircraft,G1-A_aircraft-01,U01,existing
P136_2_45,G1,A_aircraft,G1-A_aircraft-02,U02,existing
P136_2_45,G1,A_aircraft,G1-A_aircraft-03,U03,existing
P136_2_45,G1,A_aircraft,G1-A_aircraft-04,U04,existing
P136_2_45,G2,A_aircraft,G2-A_aircraft-01,NEW-A_aircraft-01,procurement_required
P136_2_45,G3,A_aircraft,G3-A_aircraft-01,NEW-A_aircraft-02,procurement_required
P136_2_45,G1,B_aircraft,G1-B_aircraft-01,U05,existing
P136_2_45,G2,B_aircraft,G2-B_aircraft-01,U06,existing
P136_2_45,G3,B_aircraft,G3-B_aircraft-01,NEW-B_aircraft-01,procurement_required
P136_2_45,G3,B_aircraft,G3-B_aircraft-02,NEW-B_aircraft-02,procurement_required
P136_2_45,G1,C_aircraft,G1-C_aircraft-01,U07,existing
P136_2_45,G1,C_aircraft,G1-C_aircraft-02,U08,existing
P136_2_45,G2,C_aircraft,G2-C_aircraft-01,NEW-C_aircraft-01,procurement_required
P136_2_45,G2,C_aircraft,G2-C_aircraft-02,NEW-C_aircraft-02,procurement_required
P136_2_45,G3,C_aircraft,G3-C_aircraft-01,NEW-C_aircraft-03,procurement_required
P136_2_45,G1,A_batteries,G1-A_batteries-01,A01,existing
P136_2_45,G1,A_batteries,G1-A_batteries-02,A02,existing
P136_2_45,G1,A_batteries,G1-A_batteries-03,A03,existing
P136_2_45,G1,A_batteries,G1-A_batteries-04,A04,existing
P136_2_45,G2,A_batteries,G2-A_batteries-01,A05,existing
P136_2_45,G3,A_batteries,G3-A_batteries-01,A06,existing
P136_2_45,G1,B_batteries,G1-B_batteries-01,B01,existing
P136_2_45,G1,B_batteries,G1-B_batteries-02,B02,existing
P136_2_45,G2,B_batteries,G2-B_batteries-01,B03,existing
P136_2_45,G2,B_batteries,G2-B_batteries-02,B04,existing
P136_2_45,G3,B_batteries,G3-B_batteries-01,NEW-B_batteries-01,procurement_required
P136_2_45,G3,B_batteries,G3-B_batteries-02,NEW-B_batteries-02,procurement_required
P136_2_45,G3,B_batteries,G3-B_batteries-03,NEW-B_batteries-03,procurement_required
P136_2_45,G3,B_batteries,G3-B_batteries-04,NEW-B_batteries-04,procurement_required
P136_2_45,G1,C_batteries,G1-C_batteries-01,C01,existing
P136_2_45,G1,C_batteries,G1-C_batteries-02,C02,existing
P136_2_45,G2,C_batteries,G2-C_batteries-01,C03,existing
P136_2_45,G2,C_batteries,G2-C_batteries-02,C04,existing
P136_2_45,G2,C_batteries,G2-C_batteries-03,NEW-C_batteries-01,procurement_required
P136_2_45,G3,C_batteries,G3-C_batteries-01,NEW-C_batteries-02,procurement_required
P136_2_45,G1,relay_aircraft,G1-relay_aircraft-01,R01,existing
P136_2_45,G2,relay_aircraft,G2-relay_aircraft-01,R02,existing
P136_2_45,G3,relay_aircraft,G3-relay_aircraft-01,NEW-relay_aircraft-01,procurement_required
P136_2_45,G1,relay_components,G1-relay_components-01,RE01,existing
P136_2_45,G2,relay_components,G2-relay_components-01,RE02,existing
P136_2_45,G3,relay_components,G3-relay_components-01,RE03,existing
P13_2456,G1,A_aircraft,G1-A_aircraft-01,U01,existing
P13_2456,G1,A_aircraft,G1-A_aircraft-02,U02,existing
P13_2456,G1,A_aircraft,G1-A_aircraft-03,U03,existing
P13_2456,G1,A_aircraft,G1-A_aircraft-04,U04,existing
P13_2456,G2,A_aircraft,G2-A_aircraft-01,NEW-A_aircraft-01,procurement_required
P13_2456,G1,B_aircraft,G1-B_aircraft-01,U05,existing
P13_2456,G2,B_aircraft,G2-B_aircraft-01,U06,existing
P13_2456,G2,B_aircraft,G2-B_aircraft-02,NEW-B_aircraft-01,procurement_required
P13_2456,G1,C_aircraft,G1-C_aircraft-01,U07,existing
P13_2456,G1,C_aircraft,G1-C_aircraft-02,U08,existing
P13_2456,G2,C_aircraft,G2-C_aircraft-01,NEW-C_aircraft-01,procurement_required
P13_2456,G2,C_aircraft,G2-C_aircraft-02,NEW-C_aircraft-02,procurement_required
P13_2456,G1,A_batteries,G1-A_batteries-01,A01,existing
P13_2456,G1,A_batteries,G1-A_batteries-02,A02,existing
P13_2456,G1,A_batteries,G1-A_batteries-03,A03,existing
P13_2456,G1,A_batteries,G1-A_batteries-04,A04,existing
P13_2456,G2,A_batteries,G2-A_batteries-01,A05,existing
P13_2456,G2,A_batteries,G2-A_batteries-02,A06,existing
P13_2456,G1,B_batteries,G1-B_batteries-01,B01,existing
P13_2456,G2,B_batteries,G2-B_batteries-01,B02,existing
P13_2456,G2,B_batteries,G2-B_batteries-02,B03,existing
P13_2456,G2,B_batteries,G2-B_batteries-03,B04,existing
P13_2456,G2,B_batteries,G2-B_batteries-04,NEW-B_batteries-01,procurement_required
P13_2456,G1,C_batteries,G1-C_batteries-01,C01,existing
P13_2456,G1,C_batteries,G1-C_batteries-02,C02,existing
P13_2456,G2,C_batteries,G2-C_batteries-01,C03,existing
P13_2456,G2,C_batteries,G2-C_batteries-02,C04,existing
P13_2456,G2,C_batteries,G2-C_batteries-03,NEW-C_batteries-01,procurement_required
P13_2456,G1,relay_aircraft,G1-relay_aircraft-01,R01,existing
P13_2456,G2,relay_aircraft,G2-relay_aircraft-01,R02,existing
P13_2456,G2,relay_aircraft,G2-relay_aircraft-02,NEW-relay_aircraft-01,procurement_required
P13_2456,G1,relay_components,G1-relay_components-01,RE01,existing
P13_2456,G2,relay_components,G2-relay_components-01,RE02,existing
P13_2456,G2,relay_components,G2-relay_components-02,RE03,existing
P13_245_6,G1,A_aircraft,G1-A_aircraft-01,U01,existing
P13_245_6,G1,A_aircraft,G1-A_aircraft-02,U02,existing
P13_245_6,G1,A_aircraft,G1-A_aircraft-03,U03,existing
P13_245_6,G1,A_aircraft,G1-A_aircraft-04,U04,existing
P13_245_6,G2,A_aircraft,G2-A_aircraft-01,NEW-A_aircraft-01,procurement_required
P13_245_6,G1,B_aircraft,G1-B_aircraft-01,U05,existing
P13_245_6,G2,B_aircraft,G2-B_aircraft-01,U06,existing
P13_245_6,G2,B_aircraft,G2-B_aircraft-02,NEW-B_aircraft-01,procurement_required
P13_245_6,G3,B_aircraft,G3-B_aircraft-01,NEW-B_aircraft-02,procurement_required
P13_245_6,G1,C_aircraft,G1-C_aircraft-01,U07,existing
P13_245_6,G1,C_aircraft,G1-C_aircraft-02,U08,existing
P13_245_6,G2,C_aircraft,G2-C_aircraft-01,NEW-C_aircraft-01,procurement_required
P13_245_6,G2,C_aircraft,G2-C_aircraft-02,NEW-C_aircraft-02,procurement_required
P13_245_6,G1,A_batteries,G1-A_batteries-01,A01,existing
P13_245_6,G1,A_batteries,G1-A_batteries-02,A02,existing
P13_245_6,G1,A_batteries,G1-A_batteries-03,A03,existing
P13_245_6,G1,A_batteries,G1-A_batteries-04,A04,existing
P13_245_6,G2,A_batteries,G2-A_batteries-01,A05,existing
P13_245_6,G2,A_batteries,G2-A_batteries-02,A06,existing
P13_245_6,G1,B_batteries,G1-B_batteries-01,B01,existing
P13_245_6,G2,B_batteries,G2-B_batteries-01,B02,existing
P13_245_6,G2,B_batteries,G2-B_batteries-02,B03,existing
P13_245_6,G2,B_batteries,G2-B_batteries-03,B04,existing
P13_245_6,G2,B_batteries,G2-B_batteries-04,NEW-B_batteries-01,procurement_required
P13_245_6,G3,B_batteries,G3-B_batteries-01,NEW-B_batteries-02,procurement_required
P13_245_6,G1,C_batteries,G1-C_batteries-01,C01,existing
P13_245_6,G1,C_batteries,G1-C_batteries-02,C02,existing
P13_245_6,G2,C_batteries,G2-C_batteries-01,C03,existing
P13_245_6,G2,C_batteries,G2-C_batteries-02,C04,existing
P13_245_6,G2,C_batteries,G2-C_batteries-03,NEW-C_batteries-01,procurement_required
P13_245_6,G1,relay_aircraft,G1-relay_aircraft-01,R01,existing
P13_245_6,G2,relay_aircraft,G2-relay_aircraft-01,R02,existing
P13_245_6,G2,relay_aircraft,G2-relay_aircraft-02,NEW-relay_aircraft-01,procurement_required
P13_245_6,G1,relay_components,G1-relay_components-01,RE01,existing
P13_245_6,G2,relay_components,G2-relay_components-01,RE02,existing
P13_245_6,G2,relay_components,G2-relay_components-02,RE03,existing
P13_246_5,G1,A_aircraft,G1-A_aircraft-01,U01,existing
P13_246_5,G1,A_aircraft,G1-A_aircraft-02,U02,existing
P13_246_5,G1,A_aircraft,G1-A_aircraft-03,U03,existing
P13_246_5,G1,A_aircraft,G1-A_aircraft-04,U04,existing
P13_246_5,G2,A_aircraft,G2-A_aircraft-01,NEW-A_aircraft-01,procurement_required
P13_246_5,G1,B_aircraft,G1-B_aircraft-01,U05,existing
P13_246_5,G2,B_aircraft,G2-B_aircraft-01,U06,existing
P13_246_5,G2,B_aircraft,G2-B_aircraft-02,NEW-B_aircraft-01,procurement_required
P13_246_5,G3,B_aircraft,G3-B_aircraft-01,NEW-B_aircraft-02,procurement_required
P13_246_5,G3,B_aircraft,G3-B_aircraft-02,NEW-B_aircraft-03,procurement_required
P13_246_5,G1,C_aircraft,G1-C_aircraft-01,U07,existing
P13_246_5,G1,C_aircraft,G1-C_aircraft-02,U08,existing
P13_246_5,G2,C_aircraft,G2-C_aircraft-01,NEW-C_aircraft-01,procurement_required
P13_246_5,G2,C_aircraft,G2-C_aircraft-02,NEW-C_aircraft-02,procurement_required
P13_246_5,G1,A_batteries,G1-A_batteries-01,A01,existing
P13_246_5,G1,A_batteries,G1-A_batteries-02,A02,existing
P13_246_5,G1,A_batteries,G1-A_batteries-03,A03,existing
P13_246_5,G1,A_batteries,G1-A_batteries-04,A04,existing
P13_246_5,G2,A_batteries,G2-A_batteries-01,A05,existing
P13_246_5,G2,A_batteries,G2-A_batteries-02,A06,existing
P13_246_5,G1,B_batteries,G1-B_batteries-01,B01,existing
P13_246_5,G2,B_batteries,G2-B_batteries-01,B02,existing
P13_246_5,G2,B_batteries,G2-B_batteries-02,B03,existing
P13_246_5,G2,B_batteries,G2-B_batteries-03,B04,existing
P13_246_5,G3,B_batteries,G3-B_batteries-01,NEW-B_batteries-01,procurement_required
P13_246_5,G3,B_batteries,G3-B_batteries-02,NEW-B_batteries-02,procurement_required
P13_246_5,G3,B_batteries,G3-B_batteries-03,NEW-B_batteries-03,procurement_required
P13_246_5,G3,B_batteries,G3-B_batteries-04,NEW-B_batteries-04,procurement_required
P13_246_5,G1,C_batteries,G1-C_batteries-01,C01,existing
P13_246_5,G1,C_batteries,G1-C_batteries-02,C02,existing
P13_246_5,G2,C_batteries,G2-C_batteries-01,C03,existing
P13_246_5,G2,C_batteries,G2-C_batteries-02,C04,existing
P13_246_5,G2,C_batteries,G2-C_batteries-03,NEW-C_batteries-01,procurement_required
P13_246_5,G1,relay_aircraft,G1-relay_aircraft-01,R01,existing
P13_246_5,G2,relay_aircraft,G2-relay_aircraft-01,R02,existing
P13_246_5,G3,relay_aircraft,G3-relay_aircraft-01,NEW-relay_aircraft-01,procurement_required
P13_246_5,G1,relay_components,G1-relay_components-01,RE01,existing
P13_246_5,G2,relay_components,G2-relay_components-01,RE02,existing
P13_246_5,G3,relay_components,G3-relay_components-01,RE03,existing
P13_24_56,G1,A_aircraft,G1-A_aircraft-01,U01,existing
P13_24_56,G1,A_aircraft,G1-A_aircraft-02,U02,existing
P13_24_56,G1,A_aircraft,G1-A_aircraft-03,U03,existing
P13_24_56,G1,A_aircraft,G1-A_aircraft-04,U04,existing
P13_24_56,G2,A_aircraft,G2-A_aircraft-01,NEW-A_aircraft-01,procurement_required
P13_24_56,G1,B_aircraft,G1-B_aircraft-01,U05,existing
P13_24_56,G2,B_aircraft,G2-B_aircraft-01,U06,existing
P13_24_56,G3,B_aircraft,G3-B_aircraft-01,NEW-B_aircraft-01,procurement_required
P13_24_56,G3,B_aircraft,G3-B_aircraft-02,NEW-B_aircraft-02,procurement_required
P13_24_56,G1,C_aircraft,G1-C_aircraft-01,U07,existing
P13_24_56,G1,C_aircraft,G1-C_aircraft-02,U08,existing
P13_24_56,G2,C_aircraft,G2-C_aircraft-01,NEW-C_aircraft-01,procurement_required
P13_24_56,G2,C_aircraft,G2-C_aircraft-02,NEW-C_aircraft-02,procurement_required
P13_24_56,G1,A_batteries,G1-A_batteries-01,A01,existing
P13_24_56,G1,A_batteries,G1-A_batteries-02,A02,existing
P13_24_56,G1,A_batteries,G1-A_batteries-03,A03,existing
P13_24_56,G1,A_batteries,G1-A_batteries-04,A04,existing
P13_24_56,G2,A_batteries,G2-A_batteries-01,A05,existing
P13_24_56,G2,A_batteries,G2-A_batteries-02,A06,existing
P13_24_56,G1,B_batteries,G1-B_batteries-01,B01,existing
P13_24_56,G2,B_batteries,G2-B_batteries-01,B02,existing
P13_24_56,G2,B_batteries,G2-B_batteries-02,B03,existing
P13_24_56,G3,B_batteries,G3-B_batteries-01,B04,existing
P13_24_56,G3,B_batteries,G3-B_batteries-02,NEW-B_batteries-01,procurement_required
P13_24_56,G3,B_batteries,G3-B_batteries-03,NEW-B_batteries-02,procurement_required
P13_24_56,G3,B_batteries,G3-B_batteries-04,NEW-B_batteries-03,procurement_required
P13_24_56,G1,C_batteries,G1-C_batteries-01,C01,existing
P13_24_56,G1,C_batteries,G1-C_batteries-02,C02,existing
P13_24_56,G2,C_batteries,G2-C_batteries-01,C03,existing
P13_24_56,G2,C_batteries,G2-C_batteries-02,C04,existing
P13_24_56,G2,C_batteries,G2-C_batteries-03,NEW-C_batteries-01,procurement_required
P13_24_56,G1,relay_aircraft,G1-relay_aircraft-01,R01,existing
P13_24_56,G2,relay_aircraft,G2-relay_aircraft-01,R02,existing
P13_24_56,G3,relay_aircraft,G3-relay_aircraft-01,NEW-relay_aircraft-01,procurement_required
P13_24_56,G1,relay_components,G1-relay_components-01,RE01,existing
P13_24_56,G2,relay_components,G2-relay_components-01,RE02,existing
P13_24_56,G3,relay_components,G3-relay_components-01,RE03,existing
P13_256_4,G1,A_aircraft,G1-A_aircraft-01,U01,existing
P13_256_4,G1,A_aircraft,G1-A_aircraft-02,U02,existing
P13_256_4,G1,A_aircraft,G1-A_aircraft-03,U03,existing
P13_256_4,G1,A_aircraft,G1-A_aircraft-04,U04,existing
P13_256_4,G2,A_aircraft,G2-A_aircraft-01,NEW-A_aircraft-01,procurement_required
P13_256_4,G3,A_aircraft,G3-A_aircraft-01,NEW-A_aircraft-02,procurement_required
P13_256_4,G1,B_aircraft,G1-B_aircraft-01,U05,existing
P13_256_4,G2,B_aircraft,G2-B_aircraft-01,U06,existing
P13_256_4,G2,B_aircraft,G2-B_aircraft-02,NEW-B_aircraft-01,procurement_required
P13_256_4,G1,C_aircraft,G1-C_aircraft-01,U07,existing
P13_256_4,G1,C_aircraft,G1-C_aircraft-02,U08,existing
P13_256_4,G2,C_aircraft,G2-C_aircraft-01,NEW-C_aircraft-01,procurement_required
P13_256_4,G2,C_aircraft,G2-C_aircraft-02,NEW-C_aircraft-02,procurement_required
P13_256_4,G3,C_aircraft,G3-C_aircraft-01,NEW-C_aircraft-03,procurement_required
P13_256_4,G1,A_batteries,G1-A_batteries-01,A01,existing
P13_256_4,G1,A_batteries,G1-A_batteries-02,A02,existing
P13_256_4,G1,A_batteries,G1-A_batteries-03,A03,existing
P13_256_4,G1,A_batteries,G1-A_batteries-04,A04,existing
P13_256_4,G2,A_batteries,G2-A_batteries-01,A05,existing
P13_256_4,G3,A_batteries,G3-A_batteries-01,A06,existing
P13_256_4,G1,B_batteries,G1-B_batteries-01,B01,existing
P13_256_4,G2,B_batteries,G2-B_batteries-01,B02,existing
P13_256_4,G2,B_batteries,G2-B_batteries-02,B03,existing
P13_256_4,G2,B_batteries,G2-B_batteries-03,B04,existing
P13_256_4,G2,B_batteries,G2-B_batteries-04,NEW-B_batteries-01,procurement_required
P13_256_4,G1,C_batteries,G1-C_batteries-01,C01,existing
P13_256_4,G1,C_batteries,G1-C_batteries-02,C02,existing
P13_256_4,G2,C_batteries,G2-C_batteries-01,C03,existing
P13_256_4,G2,C_batteries,G2-C_batteries-02,C04,existing
P13_256_4,G2,C_batteries,G2-C_batteries-03,NEW-C_batteries-01,procurement_required
P13_256_4,G3,C_batteries,G3-C_batteries-01,NEW-C_batteries-02,procurement_required
P13_256_4,G1,relay_aircraft,G1-relay_aircraft-01,R01,existing
P13_256_4,G2,relay_aircraft,G2-relay_aircraft-01,R02,existing
P13_256_4,G2,relay_aircraft,G2-relay_aircraft-02,NEW-relay_aircraft-01,procurement_required
P13_256_4,G1,relay_components,G1-relay_components-01,RE01,existing
P13_256_4,G2,relay_components,G2-relay_components-01,RE02,existing
P13_256_4,G2,relay_components,G2-relay_components-02,RE03,existing
P13_25_46,G1,A_aircraft,G1-A_aircraft-01,U01,existing
P13_25_46,G1,A_aircraft,G1-A_aircraft-02,U02,existing
P13_25_46,G1,A_aircraft,G1-A_aircraft-03,U03,existing
P13_25_46,G1,A_aircraft,G1-A_aircraft-04,U04,existing
P13_25_46,G2,A_aircraft,G2-A_aircraft-01,NEW-A_aircraft-01,procurement_required
P13_25_46,G3,A_aircraft,G3-A_aircraft-01,NEW-A_aircraft-02,procurement_required
P13_25_46,G1,B_aircraft,G1-B_aircraft-01,U05,existing
P13_25_46,G2,B_aircraft,G2-B_aircraft-01,U06,existing
P13_25_46,G2,B_aircraft,G2-B_aircraft-02,NEW-B_aircraft-01,procurement_required
P13_25_46,G3,B_aircraft,G3-B_aircraft-01,NEW-B_aircraft-02,procurement_required
P13_25_46,G1,C_aircraft,G1-C_aircraft-01,U07,existing
P13_25_46,G1,C_aircraft,G1-C_aircraft-02,U08,existing
P13_25_46,G2,C_aircraft,G2-C_aircraft-01,NEW-C_aircraft-01,procurement_required
P13_25_46,G2,C_aircraft,G2-C_aircraft-02,NEW-C_aircraft-02,procurement_required
P13_25_46,G3,C_aircraft,G3-C_aircraft-01,NEW-C_aircraft-03,procurement_required
P13_25_46,G1,A_batteries,G1-A_batteries-01,A01,existing
P13_25_46,G1,A_batteries,G1-A_batteries-02,A02,existing
P13_25_46,G1,A_batteries,G1-A_batteries-03,A03,existing
P13_25_46,G1,A_batteries,G1-A_batteries-04,A04,existing
P13_25_46,G2,A_batteries,G2-A_batteries-01,A05,existing
P13_25_46,G3,A_batteries,G3-A_batteries-01,A06,existing
P13_25_46,G1,B_batteries,G1-B_batteries-01,B01,existing
P13_25_46,G2,B_batteries,G2-B_batteries-01,B02,existing
P13_25_46,G2,B_batteries,G2-B_batteries-02,B03,existing
P13_25_46,G2,B_batteries,G2-B_batteries-03,B04,existing
P13_25_46,G2,B_batteries,G2-B_batteries-04,NEW-B_batteries-01,procurement_required
P13_25_46,G3,B_batteries,G3-B_batteries-01,NEW-B_batteries-02,procurement_required
P13_25_46,G1,C_batteries,G1-C_batteries-01,C01,existing
P13_25_46,G1,C_batteries,G1-C_batteries-02,C02,existing
P13_25_46,G2,C_batteries,G2-C_batteries-01,C03,existing
P13_25_46,G2,C_batteries,G2-C_batteries-02,C04,existing
P13_25_46,G2,C_batteries,G2-C_batteries-03,NEW-C_batteries-01,procurement_required
P13_25_46,G3,C_batteries,G3-C_batteries-01,NEW-C_batteries-02,procurement_required
P13_25_46,G1,relay_aircraft,G1-relay_aircraft-01,R01,existing
P13_25_46,G2,relay_aircraft,G2-relay_aircraft-01,R02,existing
P13_25_46,G2,relay_aircraft,G2-relay_aircraft-02,NEW-relay_aircraft-01,procurement_required
P13_25_46,G1,relay_components,G1-relay_components-01,RE01,existing
P13_25_46,G2,relay_components,G2-relay_components-01,RE02,existing
P13_25_46,G2,relay_components,G2-relay_components-02,RE03,existing
P13_26_45,G1,A_aircraft,G1-A_aircraft-01,U01,existing
P13_26_45,G1,A_aircraft,G1-A_aircraft-02,U02,existing
P13_26_45,G1,A_aircraft,G1-A_aircraft-03,U03,existing
P13_26_45,G1,A_aircraft,G1-A_aircraft-04,U04,existing
P13_26_45,G2,A_aircraft,G2-A_aircraft-01,NEW-A_aircraft-01,procurement_required
P13_26_45,G3,A_aircraft,G3-A_aircraft-01,NEW-A_aircraft-02,procurement_required
P13_26_45,G1,B_aircraft,G1-B_aircraft-01,U05,existing
P13_26_45,G2,B_aircraft,G2-B_aircraft-01,U06,existing
P13_26_45,G2,B_aircraft,G2-B_aircraft-02,NEW-B_aircraft-01,procurement_required
P13_26_45,G3,B_aircraft,G3-B_aircraft-01,NEW-B_aircraft-02,procurement_required
P13_26_45,G3,B_aircraft,G3-B_aircraft-02,NEW-B_aircraft-03,procurement_required
P13_26_45,G1,C_aircraft,G1-C_aircraft-01,U07,existing
P13_26_45,G1,C_aircraft,G1-C_aircraft-02,U08,existing
P13_26_45,G2,C_aircraft,G2-C_aircraft-01,NEW-C_aircraft-01,procurement_required
P13_26_45,G2,C_aircraft,G2-C_aircraft-02,NEW-C_aircraft-02,procurement_required
P13_26_45,G3,C_aircraft,G3-C_aircraft-01,NEW-C_aircraft-03,procurement_required
P13_26_45,G1,A_batteries,G1-A_batteries-01,A01,existing
P13_26_45,G1,A_batteries,G1-A_batteries-02,A02,existing
P13_26_45,G1,A_batteries,G1-A_batteries-03,A03,existing
P13_26_45,G1,A_batteries,G1-A_batteries-04,A04,existing
P13_26_45,G2,A_batteries,G2-A_batteries-01,A05,existing
P13_26_45,G3,A_batteries,G3-A_batteries-01,A06,existing
P13_26_45,G1,B_batteries,G1-B_batteries-01,B01,existing
P13_26_45,G2,B_batteries,G2-B_batteries-01,B02,existing
P13_26_45,G2,B_batteries,G2-B_batteries-02,B03,existing
P13_26_45,G2,B_batteries,G2-B_batteries-03,B04,existing
P13_26_45,G3,B_batteries,G3-B_batteries-01,NEW-B_batteries-01,procurement_required
P13_26_45,G3,B_batteries,G3-B_batteries-02,NEW-B_batteries-02,procurement_required
P13_26_45,G3,B_batteries,G3-B_batteries-03,NEW-B_batteries-03,procurement_required
P13_26_45,G3,B_batteries,G3-B_batteries-04,NEW-B_batteries-04,procurement_required
P13_26_45,G1,C_batteries,G1-C_batteries-01,C01,existing
P13_26_45,G1,C_batteries,G1-C_batteries-02,C02,existing
P13_26_45,G2,C_batteries,G2-C_batteries-01,C03,existing
P13_26_45,G2,C_batteries,G2-C_batteries-02,C04,existing
P13_26_45,G2,C_batteries,G2-C_batteries-03,NEW-C_batteries-01,procurement_required
P13_26_45,G3,C_batteries,G3-C_batteries-01,NEW-C_batteries-02,procurement_required
P13_26_45,G1,relay_aircraft,G1-relay_aircraft-01,R01,existing
P13_26_45,G2,relay_aircraft,G2-relay_aircraft-01,R02,existing
P13_26_45,G3,relay_aircraft,G3-relay_aircraft-01,NEW-relay_aircraft-01,procurement_required
P13_26_45,G1,relay_components,G1-relay_components-01,RE01,existing
P13_26_45,G2,relay_components,G2-relay_components-01,RE02,existing
P13_26_45,G3,relay_components,G3-relay_components-01,RE03,existing
P13_2_456,G1,A_aircraft,G1-A_aircraft-01,U01,existing
P13_2_456,G1,A_aircraft,G1-A_aircraft-02,U02,existing
P13_2_456,G1,A_aircraft,G1-A_aircraft-03,U03,existing
P13_2_456,G1,A_aircraft,G1-A_aircraft-04,U04,existing
P13_2_456,G2,A_aircraft,G2-A_aircraft-01,NEW-A_aircraft-01,procurement_required
P13_2_456,G3,A_aircraft,G3-A_aircraft-01,NEW-A_aircraft-02,procurement_required
P13_2_456,G1,B_aircraft,G1-B_aircraft-01,U05,existing
P13_2_456,G2,B_aircraft,G2-B_aircraft-01,U06,existing
P13_2_456,G3,B_aircraft,G3-B_aircraft-01,NEW-B_aircraft-01,procurement_required
P13_2_456,G3,B_aircraft,G3-B_aircraft-02,NEW-B_aircraft-02,procurement_required
P13_2_456,G1,C_aircraft,G1-C_aircraft-01,U07,existing
P13_2_456,G1,C_aircraft,G1-C_aircraft-02,U08,existing
P13_2_456,G2,C_aircraft,G2-C_aircraft-01,NEW-C_aircraft-01,procurement_required
P13_2_456,G2,C_aircraft,G2-C_aircraft-02,NEW-C_aircraft-02,procurement_required
P13_2_456,G3,C_aircraft,G3-C_aircraft-01,NEW-C_aircraft-03,procurement_required
P13_2_456,G1,A_batteries,G1-A_batteries-01,A01,existing
P13_2_456,G1,A_batteries,G1-A_batteries-02,A02,existing
P13_2_456,G1,A_batteries,G1-A_batteries-03,A03,existing
P13_2_456,G1,A_batteries,G1-A_batteries-04,A04,existing
P13_2_456,G2,A_batteries,G2-A_batteries-01,A05,existing
P13_2_456,G3,A_batteries,G3-A_batteries-01,A06,existing
P13_2_456,G1,B_batteries,G1-B_batteries-01,B01,existing
P13_2_456,G2,B_batteries,G2-B_batteries-01,B02,existing
P13_2_456,G2,B_batteries,G2-B_batteries-02,B03,existing
P13_2_456,G3,B_batteries,G3-B_batteries-01,B04,existing
P13_2_456,G3,B_batteries,G3-B_batteries-02,NEW-B_batteries-01,procurement_required
P13_2_456,G3,B_batteries,G3-B_batteries-03,NEW-B_batteries-02,procurement_required
P13_2_456,G3,B_batteries,G3-B_batteries-04,NEW-B_batteries-03,procurement_required
P13_2_456,G1,C_batteries,G1-C_batteries-01,C01,existing
P13_2_456,G1,C_batteries,G1-C_batteries-02,C02,existing
P13_2_456,G2,C_batteries,G2-C_batteries-01,C03,existing
P13_2_456,G2,C_batteries,G2-C_batteries-02,C04,existing
P13_2_456,G2,C_batteries,G2-C_batteries-03,NEW-C_batteries-01,procurement_required
P13_2_456,G3,C_batteries,G3-C_batteries-01,NEW-C_batteries-02,procurement_required
P13_2_456,G1,relay_aircraft,G1-relay_aircraft-01,R01,existing
P13_2_456,G2,relay_aircraft,G2-relay_aircraft-01,R02,existing
P13_2_456,G3,relay_aircraft,G3-relay_aircraft-01,NEW-relay_aircraft-01,procurement_required
P13_2_456,G1,relay_components,G1-relay_components-01,RE01,existing
P13_2_456,G2,relay_components,G2-relay_components-01,RE02,existing
P13_2_456,G3,relay_components,G3-relay_components-01,RE03,existing
P1456_23,G1,A_aircraft,G1-A_aircraft-01,U01,existing
P1456_23,G1,A_aircraft,G1-A_aircraft-02,U02,existing
P1456_23,G2,A_aircraft,G2-A_aircraft-01,U03,existing
P1456_23,G2,A_aircraft,G2-A_aircraft-02,U04,existing
P1456_23,G2,A_aircraft,G2-A_aircraft-03,NEW-A_aircraft-01,procurement_required
P1456_23,G2,A_aircraft,G2-A_aircraft-04,NEW-A_aircraft-02,procurement_required
P1456_23,G1,B_aircraft,G1-B_aircraft-01,U05,existing
P1456_23,G1,B_aircraft,G1-B_aircraft-02,U06,existing
P1456_23,G2,B_aircraft,G2-B_aircraft-01,NEW-B_aircraft-01,procurement_required
P1456_23,G2,B_aircraft,G2-B_aircraft-02,NEW-B_aircraft-02,procurement_required
P1456_23,G1,C_aircraft,G1-C_aircraft-01,U07,existing
P1456_23,G1,C_aircraft,G1-C_aircraft-02,U08,existing
P1456_23,G2,C_aircraft,G2-C_aircraft-01,NEW-C_aircraft-01,procurement_required
P1456_23,G2,C_aircraft,G2-C_aircraft-02,NEW-C_aircraft-02,procurement_required
P1456_23,G1,A_batteries,G1-A_batteries-01,A01,existing
P1456_23,G1,A_batteries,G1-A_batteries-02,A02,existing
P1456_23,G2,A_batteries,G2-A_batteries-01,A03,existing
P1456_23,G2,A_batteries,G2-A_batteries-02,A04,existing
P1456_23,G2,A_batteries,G2-A_batteries-03,A05,existing
P1456_23,G2,A_batteries,G2-A_batteries-04,A06,existing
P1456_23,G2,A_batteries,G2-A_batteries-05,NEW-A_batteries-01,procurement_required
P1456_23,G1,B_batteries,G1-B_batteries-01,B01,existing
P1456_23,G1,B_batteries,G1-B_batteries-02,B02,existing
P1456_23,G1,B_batteries,G1-B_batteries-03,B03,existing
P1456_23,G1,B_batteries,G1-B_batteries-04,B04,existing
P1456_23,G2,B_batteries,G2-B_batteries-01,NEW-B_batteries-01,procurement_required
P1456_23,G2,B_batteries,G2-B_batteries-02,NEW-B_batteries-02,procurement_required
P1456_23,G2,B_batteries,G2-B_batteries-03,NEW-B_batteries-03,procurement_required
P1456_23,G1,C_batteries,G1-C_batteries-01,C01,existing
P1456_23,G1,C_batteries,G1-C_batteries-02,C02,existing
P1456_23,G1,C_batteries,G1-C_batteries-03,C03,existing
P1456_23,G2,C_batteries,G2-C_batteries-01,C04,existing
P1456_23,G2,C_batteries,G2-C_batteries-02,NEW-C_batteries-01,procurement_required
P1456_23,G2,C_batteries,G2-C_batteries-03,NEW-C_batteries-02,procurement_required
P1456_23,G2,C_batteries,G2-C_batteries-04,NEW-C_batteries-03,procurement_required
P1456_23,G1,relay_aircraft,G1-relay_aircraft-01,R01,existing
P1456_23,G2,relay_aircraft,G2-relay_aircraft-01,R02,existing
P1456_23,G2,relay_aircraft,G2-relay_aircraft-02,NEW-relay_aircraft-01,procurement_required
P1456_23,G1,relay_components,G1-relay_components-01,RE01,existing
P1456_23,G2,relay_components,G2-relay_components-01,RE02,existing
P1456_23,G2,relay_components,G2-relay_components-02,RE03,existing
P1456_2_3,G1,A_aircraft,G1-A_aircraft-01,U01,existing
P1456_2_3,G1,A_aircraft,G1-A_aircraft-02,U02,existing
P1456_2_3,G2,A_aircraft,G2-A_aircraft-01,U03,existing
P1456_2_3,G3,A_aircraft,G3-A_aircraft-01,U04,existing
P1456_2_3,G3,A_aircraft,G3-A_aircraft-02,NEW-A_aircraft-01,procurement_required
P1456_2_3,G3,A_aircraft,G3-A_aircraft-03,NEW-A_aircraft-02,procurement_required
P1456_2_3,G3,A_aircraft,G3-A_aircraft-04,NEW-A_aircraft-03,procurement_required
P1456_2_3,G1,B_aircraft,G1-B_aircraft-01,U05,existing
P1456_2_3,G1,B_aircraft,G1-B_aircraft-02,U06,existing
P1456_2_3,G2,B_aircraft,G2-B_aircraft-01,NEW-B_aircraft-01,procurement_required
P1456_2_3,G3,B_aircraft,G3-B_aircraft-01,NEW-B_aircraft-02,procurement_required
P1456_2_3,G1,C_aircraft,G1-C_aircraft-01,U07,existing
P1456_2_3,G1,C_aircraft,G1-C_aircraft-02,U08,existing
P1456_2_3,G2,C_aircraft,G2-C_aircraft-01,NEW-C_aircraft-01,procurement_required
P1456_2_3,G2,C_aircraft,G2-C_aircraft-02,NEW-C_aircraft-02,procurement_required
P1456_2_3,G3,C_aircraft,G3-C_aircraft-01,NEW-C_aircraft-03,procurement_required
P1456_2_3,G1,A_batteries,G1-A_batteries-01,A01,existing
P1456_2_3,G1,A_batteries,G1-A_batteries-02,A02,existing
P1456_2_3,G2,A_batteries,G2-A_batteries-01,A03,existing
P1456_2_3,G3,A_batteries,G3-A_batteries-01,A04,existing
P1456_2_3,G3,A_batteries,G3-A_batteries-02,A05,existing
P1456_2_3,G3,A_batteries,G3-A_batteries-03,A06,existing
P1456_2_3,G3,A_batteries,G3-A_batteries-04,NEW-A_batteries-01,procurement_required
P1456_2_3,G1,B_batteries,G1-B_batteries-01,B01,existing
P1456_2_3,G1,B_batteries,G1-B_batteries-02,B02,existing
P1456_2_3,G1,B_batteries,G1-B_batteries-03,B03,existing
P1456_2_3,G1,B_batteries,G1-B_batteries-04,B04,existing
P1456_2_3,G2,B_batteries,G2-B_batteries-01,NEW-B_batteries-01,procurement_required
P1456_2_3,G2,B_batteries,G2-B_batteries-02,NEW-B_batteries-02,procurement_required
P1456_2_3,G3,B_batteries,G3-B_batteries-01,NEW-B_batteries-03,procurement_required
P1456_2_3,G1,C_batteries,G1-C_batteries-01,C01,existing
P1456_2_3,G1,C_batteries,G1-C_batteries-02,C02,existing
P1456_2_3,G1,C_batteries,G1-C_batteries-03,C03,existing
P1456_2_3,G2,C_batteries,G2-C_batteries-01,C04,existing
P1456_2_3,G2,C_batteries,G2-C_batteries-02,NEW-C_batteries-01,procurement_required
P1456_2_3,G2,C_batteries,G2-C_batteries-03,NEW-C_batteries-02,procurement_required
P1456_2_3,G3,C_batteries,G3-C_batteries-01,NEW-C_batteries-03,procurement_required
P1456_2_3,G1,relay_aircraft,G1-relay_aircraft-01,R01,existing
P1456_2_3,G2,relay_aircraft,G2-relay_aircraft-01,R02,existing
P1456_2_3,G3,relay_aircraft,G3-relay_aircraft-01,NEW-relay_aircraft-01,procurement_required
P1456_2_3,G1,relay_components,G1-relay_components-01,RE01,existing
P1456_2_3,G2,relay_components,G2-relay_components-01,RE02,existing
P1456_2_3,G3,relay_components,G3-relay_components-01,RE03,existing
P145_236,G1,A_aircraft,G1-A_aircraft-01,U01,existing
P145_236,G1,A_aircraft,G1-A_aircraft-02,U02,existing
P145_236,G2,A_aircraft,G2-A_aircraft-01,U03,existing
P145_236,G2,A_aircraft,G2-A_aircraft-02,U04,existing
P145_236,G2,A_aircraft,G2-A_aircraft-03,NEW-A_aircraft-01,procurement_required
P145_236,G2,A_aircraft,G2-A_aircraft-04,NEW-A_aircraft-02,procurement_required
P145_236,G1,B_aircraft,G1-B_aircraft-01,U05,existing
P145_236,G1,B_aircraft,G1-B_aircraft-02,U06,existing
P145_236,G2,B_aircraft,G2-B_aircraft-01,NEW-B_aircraft-01,procurement_required
P145_236,G2,B_aircraft,G2-B_aircraft-02,NEW-B_aircraft-02,procurement_required
P145_236,G1,C_aircraft,G1-C_aircraft-01,U07,existing
P145_236,G1,C_aircraft,G1-C_aircraft-02,U08,existing
P145_236,G2,C_aircraft,G2-C_aircraft-01,NEW-C_aircraft-01,procurement_required
P145_236,G2,C_aircraft,G2-C_aircraft-02,NEW-C_aircraft-02,procurement_required
P145_236,G1,A_batteries,G1-A_batteries-01,A01,existing
P145_236,G1,A_batteries,G1-A_batteries-02,A02,existing
P145_236,G2,A_batteries,G2-A_batteries-01,A03,existing
P145_236,G2,A_batteries,G2-A_batteries-02,A04,existing
P145_236,G2,A_batteries,G2-A_batteries-03,A05,existing
P145_236,G2,A_batteries,G2-A_batteries-04,A06,existing
P145_236,G2,A_batteries,G2-A_batteries-05,NEW-A_batteries-01,procurement_required
P145_236,G1,B_batteries,G1-B_batteries-01,B01,existing
P145_236,G1,B_batteries,G1-B_batteries-02,B02,existing
P145_236,G1,B_batteries,G1-B_batteries-03,B03,existing
P145_236,G1,B_batteries,G1-B_batteries-04,B04,existing
P145_236,G2,B_batteries,G2-B_batteries-01,NEW-B_batteries-01,procurement_required
P145_236,G2,B_batteries,G2-B_batteries-02,NEW-B_batteries-02,procurement_required
P145_236,G2,B_batteries,G2-B_batteries-03,NEW-B_batteries-03,procurement_required
P145_236,G2,B_batteries,G2-B_batteries-04,NEW-B_batteries-04,procurement_required
P145_236,G1,C_batteries,G1-C_batteries-01,C01,existing
P145_236,G1,C_batteries,G1-C_batteries-02,C02,existing
P145_236,G1,C_batteries,G1-C_batteries-03,C03,existing
P145_236,G2,C_batteries,G2-C_batteries-01,C04,existing
P145_236,G2,C_batteries,G2-C_batteries-02,NEW-C_batteries-01,procurement_required
P145_236,G2,C_batteries,G2-C_batteries-03,NEW-C_batteries-02,procurement_required
P145_236,G2,C_batteries,G2-C_batteries-04,NEW-C_batteries-03,procurement_required
P145_236,G1,relay_aircraft,G1-relay_aircraft-01,R01,existing
P145_236,G2,relay_aircraft,G2-relay_aircraft-01,R02,existing
P145_236,G2,relay_aircraft,G2-relay_aircraft-02,NEW-relay_aircraft-01,procurement_required
P145_236,G1,relay_components,G1-relay_components-01,RE01,existing
P145_236,G2,relay_components,G2-relay_components-01,RE02,existing
P145_236,G2,relay_components,G2-relay_components-02,RE03,existing
P145_23_6,G1,A_aircraft,G1-A_aircraft-01,U01,existing
P145_23_6,G1,A_aircraft,G1-A_aircraft-02,U02,existing
P145_23_6,G2,A_aircraft,G2-A_aircraft-01,U03,existing
P145_23_6,G2,A_aircraft,G2-A_aircraft-02,U04,existing
P145_23_6,G2,A_aircraft,G2-A_aircraft-03,NEW-A_aircraft-01,procurement_required
P145_23_6,G2,A_aircraft,G2-A_aircraft-04,NEW-A_aircraft-02,procurement_required
P145_23_6,G1,B_aircraft,G1-B_aircraft-01,U05,existing
P145_23_6,G1,B_aircraft,G1-B_aircraft-02,U06,existing
P145_23_6,G2,B_aircraft,G2-B_aircraft-01,NEW-B_aircraft-01,procurement_required
P145_23_6,G2,B_aircraft,G2-B_aircraft-02,NEW-B_aircraft-02,procurement_required
P145_23_6,G3,B_aircraft,G3-B_aircraft-01,NEW-B_aircraft-03,procurement_required
P145_23_6,G1,C_aircraft,G1-C_aircraft-01,U07,existing
P145_23_6,G1,C_aircraft,G1-C_aircraft-02,U08,existing
P145_23_6,G2,C_aircraft,G2-C_aircraft-01,NEW-C_aircraft-01,procurement_required
P145_23_6,G2,C_aircraft,G2-C_aircraft-02,NEW-C_aircraft-02,procurement_required
P145_23_6,G1,A_batteries,G1-A_batteries-01,A01,existing
P145_23_6,G1,A_batteries,G1-A_batteries-02,A02,existing
P145_23_6,G2,A_batteries,G2-A_batteries-01,A03,existing
P145_23_6,G2,A_batteries,G2-A_batteries-02,A04,existing
P145_23_6,G2,A_batteries,G2-A_batteries-03,A05,existing
P145_23_6,G2,A_batteries,G2-A_batteries-04,A06,existing
P145_23_6,G2,A_batteries,G2-A_batteries-05,NEW-A_batteries-01,procurement_required
P145_23_6,G1,B_batteries,G1-B_batteries-01,B01,existing
P145_23_6,G1,B_batteries,G1-B_batteries-02,B02,existing
P145_23_6,G1,B_batteries,G1-B_batteries-03,B03,existing
P145_23_6,G1,B_batteries,G1-B_batteries-04,B04,existing
P145_23_6,G2,B_batteries,G2-B_batteries-01,NEW-B_batteries-01,procurement_required
P145_23_6,G2,B_batteries,G2-B_batteries-02,NEW-B_batteries-02,procurement_required
P145_23_6,G2,B_batteries,G2-B_batteries-03,NEW-B_batteries-03,procurement_required
P145_23_6,G3,B_batteries,G3-B_batteries-01,NEW-B_batteries-04,procurement_required
P145_23_6,G1,C_batteries,G1-C_batteries-01,C01,existing
P145_23_6,G1,C_batteries,G1-C_batteries-02,C02,existing
P145_23_6,G1,C_batteries,G1-C_batteries-03,C03,existing
P145_23_6,G2,C_batteries,G2-C_batteries-01,C04,existing
P145_23_6,G2,C_batteries,G2-C_batteries-02,NEW-C_batteries-01,procurement_required
P145_23_6,G2,C_batteries,G2-C_batteries-03,NEW-C_batteries-02,procurement_required
P145_23_6,G2,C_batteries,G2-C_batteries-04,NEW-C_batteries-03,procurement_required
P145_23_6,G1,relay_aircraft,G1-relay_aircraft-01,R01,existing
P145_23_6,G2,relay_aircraft,G2-relay_aircraft-01,R02,existing
P145_23_6,G2,relay_aircraft,G2-relay_aircraft-02,NEW-relay_aircraft-01,procurement_required
P145_23_6,G1,relay_components,G1-relay_components-01,RE01,existing
P145_23_6,G2,relay_components,G2-relay_components-01,RE02,existing
P145_23_6,G2,relay_components,G2-relay_components-02,RE03,existing
P145_26_3,G1,A_aircraft,G1-A_aircraft-01,U01,existing
P145_26_3,G1,A_aircraft,G1-A_aircraft-02,U02,existing
P145_26_3,G2,A_aircraft,G2-A_aircraft-01,U03,existing
P145_26_3,G3,A_aircraft,G3-A_aircraft-01,U04,existing
P145_26_3,G3,A_aircraft,G3-A_aircraft-02,NEW-A_aircraft-01,procurement_required
P145_26_3,G3,A_aircraft,G3-A_aircraft-03,NEW-A_aircraft-02,procurement_required
P145_26_3,G3,A_aircraft,G3-A_aircraft-04,NEW-A_aircraft-03,procurement_required
P145_26_3,G1,B_aircraft,G1-B_aircraft-01,U05,existing
P145_26_3,G1,B_aircraft,G1-B_aircraft-02,U06,existing
P145_26_3,G2,B_aircraft,G2-B_aircraft-01,NEW-B_aircraft-01,procurement_required
P145_26_3,G2,B_aircraft,G2-B_aircraft-02,NEW-B_aircraft-02,procurement_required
P145_26_3,G3,B_aircraft,G3-B_aircraft-01,NEW-B_aircraft-03,procurement_required
P145_26_3,G1,C_aircraft,G1-C_aircraft-01,U07,existing
P145_26_3,G1,C_aircraft,G1-C_aircraft-02,U08,existing
P145_26_3,G2,C_aircraft,G2-C_aircraft-01,NEW-C_aircraft-01,procurement_required
P145_26_3,G2,C_aircraft,G2-C_aircraft-02,NEW-C_aircraft-02,procurement_required
P145_26_3,G3,C_aircraft,G3-C_aircraft-01,NEW-C_aircraft-03,procurement_required
P145_26_3,G1,A_batteries,G1-A_batteries-01,A01,existing
P145_26_3,G1,A_batteries,G1-A_batteries-02,A02,existing
P145_26_3,G2,A_batteries,G2-A_batteries-01,A03,existing
P145_26_3,G3,A_batteries,G3-A_batteries-01,A04,existing
P145_26_3,G3,A_batteries,G3-A_batteries-02,A05,existing
P145_26_3,G3,A_batteries,G3-A_batteries-03,A06,existing
P145_26_3,G3,A_batteries,G3-A_batteries-04,NEW-A_batteries-01,procurement_required
P145_26_3,G1,B_batteries,G1-B_batteries-01,B01,existing
P145_26_3,G1,B_batteries,G1-B_batteries-02,B02,existing
P145_26_3,G1,B_batteries,G1-B_batteries-03,B03,existing
P145_26_3,G1,B_batteries,G1-B_batteries-04,B04,existing
P145_26_3,G2,B_batteries,G2-B_batteries-01,NEW-B_batteries-01,procurement_required
P145_26_3,G2,B_batteries,G2-B_batteries-02,NEW-B_batteries-02,procurement_required
P145_26_3,G2,B_batteries,G2-B_batteries-03,NEW-B_batteries-03,procurement_required
P145_26_3,G3,B_batteries,G3-B_batteries-01,NEW-B_batteries-04,procurement_required
P145_26_3,G1,C_batteries,G1-C_batteries-01,C01,existing
P145_26_3,G1,C_batteries,G1-C_batteries-02,C02,existing
P145_26_3,G1,C_batteries,G1-C_batteries-03,C03,existing
P145_26_3,G2,C_batteries,G2-C_batteries-01,C04,existing
P145_26_3,G2,C_batteries,G2-C_batteries-02,NEW-C_batteries-01,procurement_required
P145_26_3,G2,C_batteries,G2-C_batteries-03,NEW-C_batteries-02,procurement_required
P145_26_3,G3,C_batteries,G3-C_batteries-01,NEW-C_batteries-03,procurement_required
P145_26_3,G1,relay_aircraft,G1-relay_aircraft-01,R01,existing
P145_26_3,G2,relay_aircraft,G2-relay_aircraft-01,R02,existing
P145_26_3,G3,relay_aircraft,G3-relay_aircraft-01,NEW-relay_aircraft-01,procurement_required
P145_26_3,G1,relay_components,G1-relay_components-01,RE01,existing
P145_26_3,G2,relay_components,G2-relay_components-01,RE02,existing
P145_26_3,G3,relay_components,G3-relay_components-01,RE03,existing
P145_2_36,G1,A_aircraft,G1-A_aircraft-01,U01,existing
P145_2_36,G1,A_aircraft,G1-A_aircraft-02,U02,existing
P145_2_36,G2,A_aircraft,G2-A_aircraft-01,U03,existing
P145_2_36,G3,A_aircraft,G3-A_aircraft-01,U04,existing
P145_2_36,G3,A_aircraft,G3-A_aircraft-02,NEW-A_aircraft-01,procurement_required
P145_2_36,G3,A_aircraft,G3-A_aircraft-03,NEW-A_aircraft-02,procurement_required
P145_2_36,G3,A_aircraft,G3-A_aircraft-04,NEW-A_aircraft-03,procurement_required
P145_2_36,G1,B_aircraft,G1-B_aircraft-01,U05,existing
P145_2_36,G1,B_aircraft,G1-B_aircraft-02,U06,existing
P145_2_36,G2,B_aircraft,G2-B_aircraft-01,NEW-B_aircraft-01,procurement_required
P145_2_36,G3,B_aircraft,G3-B_aircraft-01,NEW-B_aircraft-02,procurement_required
P145_2_36,G1,C_aircraft,G1-C_aircraft-01,U07,existing
P145_2_36,G1,C_aircraft,G1-C_aircraft-02,U08,existing
P145_2_36,G2,C_aircraft,G2-C_aircraft-01,NEW-C_aircraft-01,procurement_required
P145_2_36,G2,C_aircraft,G2-C_aircraft-02,NEW-C_aircraft-02,procurement_required
P145_2_36,G3,C_aircraft,G3-C_aircraft-01,NEW-C_aircraft-03,procurement_required
P145_2_36,G1,A_batteries,G1-A_batteries-01,A01,existing
P145_2_36,G1,A_batteries,G1-A_batteries-02,A02,existing
P145_2_36,G2,A_batteries,G2-A_batteries-01,A03,existing
P145_2_36,G3,A_batteries,G3-A_batteries-01,A04,existing
P145_2_36,G3,A_batteries,G3-A_batteries-02,A05,existing
P145_2_36,G3,A_batteries,G3-A_batteries-03,A06,existing
P145_2_36,G3,A_batteries,G3-A_batteries-04,NEW-A_batteries-01,procurement_required
P145_2_36,G1,B_batteries,G1-B_batteries-01,B01,existing
P145_2_36,G1,B_batteries,G1-B_batteries-02,B02,existing
P145_2_36,G1,B_batteries,G1-B_batteries-03,B03,existing
P145_2_36,G1,B_batteries,G1-B_batteries-04,B04,existing
P145_2_36,G2,B_batteries,G2-B_batteries-01,NEW-B_batteries-01,procurement_required
P145_2_36,G2,B_batteries,G2-B_batteries-02,NEW-B_batteries-02,procurement_required
P145_2_36,G3,B_batteries,G3-B_batteries-01,NEW-B_batteries-03,procurement_required
P145_2_36,G3,B_batteries,G3-B_batteries-02,NEW-B_batteries-04,procurement_required
P145_2_36,G1,C_batteries,G1-C_batteries-01,C01,existing
P145_2_36,G1,C_batteries,G1-C_batteries-02,C02,existing
P145_2_36,G1,C_batteries,G1-C_batteries-03,C03,existing
P145_2_36,G2,C_batteries,G2-C_batteries-01,C04,existing
P145_2_36,G2,C_batteries,G2-C_batteries-02,NEW-C_batteries-01,procurement_required
P145_2_36,G2,C_batteries,G2-C_batteries-03,NEW-C_batteries-02,procurement_required
P145_2_36,G3,C_batteries,G3-C_batteries-01,NEW-C_batteries-03,procurement_required
P145_2_36,G1,relay_aircraft,G1-relay_aircraft-01,R01,existing
P145_2_36,G2,relay_aircraft,G2-relay_aircraft-01,R02,existing
P145_2_36,G3,relay_aircraft,G3-relay_aircraft-01,NEW-relay_aircraft-01,procurement_required
P145_2_36,G1,relay_components,G1-relay_components-01,RE01,existing
P145_2_36,G2,relay_components,G2-relay_components-01,RE02,existing
P145_2_36,G3,relay_components,G3-relay_components-01,RE03,existing
P146_235,G1,A_aircraft,G1-A_aircraft-01,U01,existing
P146_235,G1,A_aircraft,G1-A_aircraft-02,U02,existing
P146_235,G2,A_aircraft,G2-A_aircraft-01,U03,existing
P146_235,G2,A_aircraft,G2-A_aircraft-02,U04,existing
P146_235,G2,A_aircraft,G2-A_aircraft-03,NEW-A_aircraft-01,procurement_required
P146_235,G2,A_aircraft,G2-A_aircraft-04,NEW-A_aircraft-02,procurement_required
P146_235,G1,B_aircraft,G1-B_aircraft-01,U05,existing
P146_235,G2,B_aircraft,G2-B_aircraft-01,U06,existing
P146_235,G2,B_aircraft,G2-B_aircraft-02,NEW-B_aircraft-01,procurement_required
P146_235,G1,C_aircraft,G1-C_aircraft-01,U07,existing
P146_235,G1,C_aircraft,G1-C_aircraft-02,U08,existing
P146_235,G2,C_aircraft,G2-C_aircraft-01,NEW-C_aircraft-01,procurement_required
P146_235,G2,C_aircraft,G2-C_aircraft-02,NEW-C_aircraft-02,procurement_required
P146_235,G1,A_batteries,G1-A_batteries-01,A01,existing
P146_235,G1,A_batteries,G1-A_batteries-02,A02,existing
P146_235,G2,A_batteries,G2-A_batteries-01,A03,existing
P146_235,G2,A_batteries,G2-A_batteries-02,A04,existing
P146_235,G2,A_batteries,G2-A_batteries-03,A05,existing
P146_235,G2,A_batteries,G2-A_batteries-04,A06,existing
P146_235,G2,A_batteries,G2-A_batteries-05,NEW-A_batteries-01,procurement_required
P146_235,G1,B_batteries,G1-B_batteries-01,B01,existing
P146_235,G2,B_batteries,G2-B_batteries-01,B02,existing
P146_235,G2,B_batteries,G2-B_batteries-02,B03,existing
P146_235,G2,B_batteries,G2-B_batteries-03,B04,existing
P146_235,G2,B_batteries,G2-B_batteries-04,NEW-B_batteries-01,procurement_required
P146_235,G1,C_batteries,G1-C_batteries-01,C01,existing
P146_235,G1,C_batteries,G1-C_batteries-02,C02,existing
P146_235,G1,C_batteries,G1-C_batteries-03,C03,existing
P146_235,G2,C_batteries,G2-C_batteries-01,C04,existing
P146_235,G2,C_batteries,G2-C_batteries-02,NEW-C_batteries-01,procurement_required
P146_235,G2,C_batteries,G2-C_batteries-03,NEW-C_batteries-02,procurement_required
P146_235,G2,C_batteries,G2-C_batteries-04,NEW-C_batteries-03,procurement_required
P146_235,G2,relay_aircraft,G2-relay_aircraft-01,R01,existing
P146_235,G2,relay_aircraft,G2-relay_aircraft-02,R02,existing
P146_235,G2,relay_components,G2-relay_components-01,RE01,existing
P146_235,G2,relay_components,G2-relay_components-02,RE02,existing
P146_235,G2,relay_components,G2-relay_components-03,RE03,existing
P146_23_5,G1,A_aircraft,G1-A_aircraft-01,U01,existing
P146_23_5,G1,A_aircraft,G1-A_aircraft-02,U02,existing
P146_23_5,G2,A_aircraft,G2-A_aircraft-01,U03,existing
P146_23_5,G2,A_aircraft,G2-A_aircraft-02,U04,existing
P146_23_5,G2,A_aircraft,G2-A_aircraft-03,NEW-A_aircraft-01,procurement_required
P146_23_5,G2,A_aircraft,G2-A_aircraft-04,NEW-A_aircraft-02,procurement_required
P146_23_5,G1,B_aircraft,G1-B_aircraft-01,U05,existing
P146_23_5,G2,B_aircraft,G2-B_aircraft-01,U06,existing
P146_23_5,G2,B_aircraft,G2-B_aircraft-02,NEW-B_aircraft-01,procurement_required
P146_23_5,G3,B_aircraft,G3-B_aircraft-01,NEW-B_aircraft-02,procurement_required
P146_23_5,G3,B_aircraft,G3-B_aircraft-02,NEW-B_aircraft-03,procurement_required
P146_23_5,G1,C_aircraft,G1-C_aircraft-01,U07,existing
P146_23_5,G1,C_aircraft,G1-C_aircraft-02,U08,existing
P146_23_5,G2,C_aircraft,G2-C_aircraft-01,NEW-C_aircraft-01,procurement_required
P146_23_5,G2,C_aircraft,G2-C_aircraft-02,NEW-C_aircraft-02,procurement_required
P146_23_5,G1,A_batteries,G1-A_batteries-01,A01,existing
P146_23_5,G1,A_batteries,G1-A_batteries-02,A02,existing
P146_23_5,G2,A_batteries,G2-A_batteries-01,A03,existing
P146_23_5,G2,A_batteries,G2-A_batteries-02,A04,existing
P146_23_5,G2,A_batteries,G2-A_batteries-03,A05,existing
P146_23_5,G2,A_batteries,G2-A_batteries-04,A06,existing
P146_23_5,G2,A_batteries,G2-A_batteries-05,NEW-A_batteries-01,procurement_required
P146_23_5,G1,B_batteries,G1-B_batteries-01,B01,existing
P146_23_5,G2,B_batteries,G2-B_batteries-01,B02,existing
P146_23_5,G2,B_batteries,G2-B_batteries-02,B03,existing
P146_23_5,G2,B_batteries,G2-B_batteries-03,B04,existing
P146_23_5,G3,B_batteries,G3-B_batteries-01,NEW-B_batteries-01,procurement_required
P146_23_5,G3,B_batteries,G3-B_batteries-02,NEW-B_batteries-02,procurement_required
P146_23_5,G3,B_batteries,G3-B_batteries-03,NEW-B_batteries-03,procurement_required
P146_23_5,G3,B_batteries,G3-B_batteries-04,NEW-B_batteries-04,procurement_required
P146_23_5,G1,C_batteries,G1-C_batteries-01,C01,existing
P146_23_5,G1,C_batteries,G1-C_batteries-02,C02,existing
P146_23_5,G1,C_batteries,G1-C_batteries-03,C03,existing
P146_23_5,G2,C_batteries,G2-C_batteries-01,C04,existing
P146_23_5,G2,C_batteries,G2-C_batteries-02,NEW-C_batteries-01,procurement_required
P146_23_5,G2,C_batteries,G2-C_batteries-03,NEW-C_batteries-02,procurement_required
P146_23_5,G2,C_batteries,G2-C_batteries-04,NEW-C_batteries-03,procurement_required
P146_23_5,G2,relay_aircraft,G2-relay_aircraft-01,R01,existing
P146_23_5,G2,relay_aircraft,G2-relay_aircraft-02,R02,existing
P146_23_5,G3,relay_aircraft,G3-relay_aircraft-01,NEW-relay_aircraft-01,procurement_required
P146_23_5,G2,relay_components,G2-relay_components-01,RE01,existing
P146_23_5,G2,relay_components,G2-relay_components-02,RE02,existing
P146_23_5,G3,relay_components,G3-relay_components-01,RE03,existing
P146_25_3,G1,A_aircraft,G1-A_aircraft-01,U01,existing
P146_25_3,G1,A_aircraft,G1-A_aircraft-02,U02,existing
P146_25_3,G2,A_aircraft,G2-A_aircraft-01,U03,existing
P146_25_3,G3,A_aircraft,G3-A_aircraft-01,U04,existing
P146_25_3,G3,A_aircraft,G3-A_aircraft-02,NEW-A_aircraft-01,procurement_required
P146_25_3,G3,A_aircraft,G3-A_aircraft-03,NEW-A_aircraft-02,procurement_required
P146_25_3,G3,A_aircraft,G3-A_aircraft-04,NEW-A_aircraft-03,procurement_required
P146_25_3,G1,B_aircraft,G1-B_aircraft-01,U05,existing
P146_25_3,G2,B_aircraft,G2-B_aircraft-01,U06,existing
P146_25_3,G2,B_aircraft,G2-B_aircraft-02,NEW-B_aircraft-01,procurement_required
P146_25_3,G3,B_aircraft,G3-B_aircraft-01,NEW-B_aircraft-02,procurement_required
P146_25_3,G1,C_aircraft,G1-C_aircraft-01,U07,existing
P146_25_3,G1,C_aircraft,G1-C_aircraft-02,U08,existing
P146_25_3,G2,C_aircraft,G2-C_aircraft-01,NEW-C_aircraft-01,procurement_required
P146_25_3,G2,C_aircraft,G2-C_aircraft-02,NEW-C_aircraft-02,procurement_required
P146_25_3,G3,C_aircraft,G3-C_aircraft-01,NEW-C_aircraft-03,procurement_required
P146_25_3,G1,A_batteries,G1-A_batteries-01,A01,existing
P146_25_3,G1,A_batteries,G1-A_batteries-02,A02,existing
P146_25_3,G2,A_batteries,G2-A_batteries-01,A03,existing
P146_25_3,G3,A_batteries,G3-A_batteries-01,A04,existing
P146_25_3,G3,A_batteries,G3-A_batteries-02,A05,existing
P146_25_3,G3,A_batteries,G3-A_batteries-03,A06,existing
P146_25_3,G3,A_batteries,G3-A_batteries-04,NEW-A_batteries-01,procurement_required
P146_25_3,G1,B_batteries,G1-B_batteries-01,B01,existing
P146_25_3,G2,B_batteries,G2-B_batteries-01,B02,existing
P146_25_3,G2,B_batteries,G2-B_batteries-02,B03,existing
P146_25_3,G2,B_batteries,G2-B_batteries-03,B04,existing
P146_25_3,G2,B_batteries,G2-B_batteries-04,NEW-B_batteries-01,procurement_required
P146_25_3,G3,B_batteries,G3-B_batteries-01,NEW-B_batteries-02,procurement_required
P146_25_3,G1,C_batteries,G1-C_batteries-01,C01,existing
P146_25_3,G1,C_batteries,G1-C_batteries-02,C02,existing
P146_25_3,G1,C_batteries,G1-C_batteries-03,C03,existing
P146_25_3,G2,C_batteries,G2-C_batteries-01,C04,existing
P146_25_3,G2,C_batteries,G2-C_batteries-02,NEW-C_batteries-01,procurement_required
P146_25_3,G2,C_batteries,G2-C_batteries-03,NEW-C_batteries-02,procurement_required
P146_25_3,G3,C_batteries,G3-C_batteries-01,NEW-C_batteries-03,procurement_required
P146_25_3,G2,relay_aircraft,G2-relay_aircraft-01,R01,existing
P146_25_3,G2,relay_aircraft,G2-relay_aircraft-02,R02,existing
P146_25_3,G3,relay_aircraft,G3-relay_aircraft-01,NEW-relay_aircraft-01,procurement_required
P146_25_3,G2,relay_components,G2-relay_components-01,RE01,existing
P146_25_3,G2,relay_components,G2-relay_components-02,RE02,existing
P146_25_3,G3,relay_components,G3-relay_components-01,RE03,existing
P146_2_35,G1,A_aircraft,G1-A_aircraft-01,U01,existing
P146_2_35,G1,A_aircraft,G1-A_aircraft-02,U02,existing
P146_2_35,G2,A_aircraft,G2-A_aircraft-01,U03,existing
P146_2_35,G3,A_aircraft,G3-A_aircraft-01,U04,existing
P146_2_35,G3,A_aircraft,G3-A_aircraft-02,NEW-A_aircraft-01,procurement_required
P146_2_35,G3,A_aircraft,G3-A_aircraft-03,NEW-A_aircraft-02,procurement_required
P146_2_35,G3,A_aircraft,G3-A_aircraft-04,NEW-A_aircraft-03,procurement_required
P146_2_35,G1,B_aircraft,G1-B_aircraft-01,U05,existing
P146_2_35,G2,B_aircraft,G2-B_aircraft-01,U06,existing
P146_2_35,G3,B_aircraft,G3-B_aircraft-01,NEW-B_aircraft-01,procurement_required
P146_2_35,G3,B_aircraft,G3-B_aircraft-02,NEW-B_aircraft-02,procurement_required
P146_2_35,G1,C_aircraft,G1-C_aircraft-01,U07,existing
P146_2_35,G1,C_aircraft,G1-C_aircraft-02,U08,existing
P146_2_35,G2,C_aircraft,G2-C_aircraft-01,NEW-C_aircraft-01,procurement_required
P146_2_35,G2,C_aircraft,G2-C_aircraft-02,NEW-C_aircraft-02,procurement_required
P146_2_35,G3,C_aircraft,G3-C_aircraft-01,NEW-C_aircraft-03,procurement_required
P146_2_35,G1,A_batteries,G1-A_batteries-01,A01,existing
P146_2_35,G1,A_batteries,G1-A_batteries-02,A02,existing
P146_2_35,G2,A_batteries,G2-A_batteries-01,A03,existing
P146_2_35,G3,A_batteries,G3-A_batteries-01,A04,existing
P146_2_35,G3,A_batteries,G3-A_batteries-02,A05,existing
P146_2_35,G3,A_batteries,G3-A_batteries-03,A06,existing
P146_2_35,G3,A_batteries,G3-A_batteries-04,NEW-A_batteries-01,procurement_required
P146_2_35,G1,B_batteries,G1-B_batteries-01,B01,existing
P146_2_35,G2,B_batteries,G2-B_batteries-01,B02,existing
P146_2_35,G2,B_batteries,G2-B_batteries-02,B03,existing
P146_2_35,G3,B_batteries,G3-B_batteries-01,B04,existing
P146_2_35,G3,B_batteries,G3-B_batteries-02,NEW-B_batteries-01,procurement_required
P146_2_35,G3,B_batteries,G3-B_batteries-03,NEW-B_batteries-02,procurement_required
P146_2_35,G3,B_batteries,G3-B_batteries-04,NEW-B_batteries-03,procurement_required
P146_2_35,G1,C_batteries,G1-C_batteries-01,C01,existing
P146_2_35,G1,C_batteries,G1-C_batteries-02,C02,existing
P146_2_35,G1,C_batteries,G1-C_batteries-03,C03,existing
P146_2_35,G2,C_batteries,G2-C_batteries-01,C04,existing
P146_2_35,G2,C_batteries,G2-C_batteries-02,NEW-C_batteries-01,procurement_required
P146_2_35,G2,C_batteries,G2-C_batteries-03,NEW-C_batteries-02,procurement_required
P146_2_35,G3,C_batteries,G3-C_batteries-01,NEW-C_batteries-03,procurement_required
P146_2_35,G2,relay_aircraft,G2-relay_aircraft-01,R01,existing
P146_2_35,G3,relay_aircraft,G3-relay_aircraft-01,R02,existing
P146_2_35,G3,relay_aircraft,G3-relay_aircraft-02,NEW-relay_aircraft-01,procurement_required
P146_2_35,G2,relay_components,G2-relay_components-01,RE01,existing
P146_2_35,G3,relay_components,G3-relay_components-01,RE02,existing
P146_2_35,G3,relay_components,G3-relay_components-02,RE03,existing
P14_2356,G1,A_aircraft,G1-A_aircraft-01,U01,existing
P14_2356,G1,A_aircraft,G1-A_aircraft-02,U02,existing
P14_2356,G2,A_aircraft,G2-A_aircraft-01,U03,existing
P14_2356,G2,A_aircraft,G2-A_aircraft-02,U04,existing
P14_2356,G2,A_aircraft,G2-A_aircraft-03,NEW-A_aircraft-01,procurement_required
P14_2356,G2,A_aircraft,G2-A_aircraft-04,NEW-A_aircraft-02,procurement_required
P14_2356,G2,B_aircraft,G2-B_aircraft-01,U05,existing
P14_2356,G2,B_aircraft,G2-B_aircraft-02,U06,existing
P14_2356,G1,C_aircraft,G1-C_aircraft-01,U07,existing
P14_2356,G1,C_aircraft,G1-C_aircraft-02,U08,existing
P14_2356,G2,C_aircraft,G2-C_aircraft-01,NEW-C_aircraft-01,procurement_required
P14_2356,G2,C_aircraft,G2-C_aircraft-02,NEW-C_aircraft-02,procurement_required
P14_2356,G1,A_batteries,G1-A_batteries-01,A01,existing
P14_2356,G1,A_batteries,G1-A_batteries-02,A02,existing
P14_2356,G2,A_batteries,G2-A_batteries-01,A03,existing
P14_2356,G2,A_batteries,G2-A_batteries-02,A04,existing
P14_2356,G2,A_batteries,G2-A_batteries-03,A05,existing
P14_2356,G2,A_batteries,G2-A_batteries-04,A06,existing
P14_2356,G2,A_batteries,G2-A_batteries-05,NEW-A_batteries-01,procurement_required
P14_2356,G2,B_batteries,G2-B_batteries-01,B01,existing
P14_2356,G2,B_batteries,G2-B_batteries-02,B02,existing
P14_2356,G2,B_batteries,G2-B_batteries-03,B03,existing
P14_2356,G2,B_batteries,G2-B_batteries-04,B04,existing
P14_2356,G1,C_batteries,G1-C_batteries-01,C01,existing
P14_2356,G1,C_batteries,G1-C_batteries-02,C02,existing
P14_2356,G1,C_batteries,G1-C_batteries-03,C03,existing
P14_2356,G2,C_batteries,G2-C_batteries-01,C04,existing
P14_2356,G2,C_batteries,G2-C_batteries-02,NEW-C_batteries-01,procurement_required
P14_2356,G2,C_batteries,G2-C_batteries-03,NEW-C_batteries-02,procurement_required
P14_2356,G2,C_batteries,G2-C_batteries-04,NEW-C_batteries-03,procurement_required
P14_2356,G2,relay_aircraft,G2-relay_aircraft-01,R01,existing
P14_2356,G2,relay_aircraft,G2-relay_aircraft-02,R02,existing
P14_2356,G2,relay_components,G2-relay_components-01,RE01,existing
P14_2356,G2,relay_components,G2-relay_components-02,RE02,existing
P14_2356,G2,relay_components,G2-relay_components-03,RE03,existing
P14_235_6,G1,A_aircraft,G1-A_aircraft-01,U01,existing
P14_235_6,G1,A_aircraft,G1-A_aircraft-02,U02,existing
P14_235_6,G2,A_aircraft,G2-A_aircraft-01,U03,existing
P14_235_6,G2,A_aircraft,G2-A_aircraft-02,U04,existing
P14_235_6,G2,A_aircraft,G2-A_aircraft-03,NEW-A_aircraft-01,procurement_required
P14_235_6,G2,A_aircraft,G2-A_aircraft-04,NEW-A_aircraft-02,procurement_required
P14_235_6,G2,B_aircraft,G2-B_aircraft-01,U05,existing
P14_235_6,G2,B_aircraft,G2-B_aircraft-02,U06,existing
P14_235_6,G3,B_aircraft,G3-B_aircraft-01,NEW-B_aircraft-01,procurement_required
P14_235_6,G1,C_aircraft,G1-C_aircraft-01,U07,existing
P14_235_6,G1,C_aircraft,G1-C_aircraft-02,U08,existing
P14_235_6,G2,C_aircraft,G2-C_aircraft-01,NEW-C_aircraft-01,procurement_required
P14_235_6,G2,C_aircraft,G2-C_aircraft-02,NEW-C_aircraft-02,procurement_required
P14_235_6,G1,A_batteries,G1-A_batteries-01,A01,existing
P14_235_6,G1,A_batteries,G1-A_batteries-02,A02,existing
P14_235_6,G2,A_batteries,G2-A_batteries-01,A03,existing
P14_235_6,G2,A_batteries,G2-A_batteries-02,A04,existing
P14_235_6,G2,A_batteries,G2-A_batteries-03,A05,existing
P14_235_6,G2,A_batteries,G2-A_batteries-04,A06,existing
P14_235_6,G2,A_batteries,G2-A_batteries-05,NEW-A_batteries-01,procurement_required
P14_235_6,G2,B_batteries,G2-B_batteries-01,B01,existing
P14_235_6,G2,B_batteries,G2-B_batteries-02,B02,existing
P14_235_6,G2,B_batteries,G2-B_batteries-03,B03,existing
P14_235_6,G2,B_batteries,G2-B_batteries-04,B04,existing
P14_235_6,G3,B_batteries,G3-B_batteries-01,NEW-B_batteries-01,procurement_required
P14_235_6,G1,C_batteries,G1-C_batteries-01,C01,existing
P14_235_6,G1,C_batteries,G1-C_batteries-02,C02,existing
P14_235_6,G1,C_batteries,G1-C_batteries-03,C03,existing
P14_235_6,G2,C_batteries,G2-C_batteries-01,C04,existing
P14_235_6,G2,C_batteries,G2-C_batteries-02,NEW-C_batteries-01,procurement_required
P14_235_6,G2,C_batteries,G2-C_batteries-03,NEW-C_batteries-02,procurement_required
P14_235_6,G2,C_batteries,G2-C_batteries-04,NEW-C_batteries-03,procurement_required
P14_235_6,G2,relay_aircraft,G2-relay_aircraft-01,R01,existing
P14_235_6,G2,relay_aircraft,G2-relay_aircraft-02,R02,existing
P14_235_6,G2,relay_components,G2-relay_components-01,RE01,existing
P14_235_6,G2,relay_components,G2-relay_components-02,RE02,existing
P14_235_6,G2,relay_components,G2-relay_components-03,RE03,existing
P14_236_5,G1,A_aircraft,G1-A_aircraft-01,U01,existing
P14_236_5,G1,A_aircraft,G1-A_aircraft-02,U02,existing
P14_236_5,G2,A_aircraft,G2-A_aircraft-01,U03,existing
P14_236_5,G2,A_aircraft,G2-A_aircraft-02,U04,existing
P14_236_5,G2,A_aircraft,G2-A_aircraft-03,NEW-A_aircraft-01,procurement_required
P14_236_5,G2,A_aircraft,G2-A_aircraft-04,NEW-A_aircraft-02,procurement_required
P14_236_5,G2,B_aircraft,G2-B_aircraft-01,U05,existing
P14_236_5,G2,B_aircraft,G2-B_aircraft-02,U06,existing
P14_236_5,G3,B_aircraft,G3-B_aircraft-01,NEW-B_aircraft-01,procurement_required
P14_236_5,G3,B_aircraft,G3-B_aircraft-02,NEW-B_aircraft-02,procurement_required
P14_236_5,G1,C_aircraft,G1-C_aircraft-01,U07,existing
P14_236_5,G1,C_aircraft,G1-C_aircraft-02,U08,existing
P14_236_5,G2,C_aircraft,G2-C_aircraft-01,NEW-C_aircraft-01,procurement_required
P14_236_5,G2,C_aircraft,G2-C_aircraft-02,NEW-C_aircraft-02,procurement_required
P14_236_5,G1,A_batteries,G1-A_batteries-01,A01,existing
P14_236_5,G1,A_batteries,G1-A_batteries-02,A02,existing
P14_236_5,G2,A_batteries,G2-A_batteries-01,A03,existing
P14_236_5,G2,A_batteries,G2-A_batteries-02,A04,existing
P14_236_5,G2,A_batteries,G2-A_batteries-03,A05,existing
P14_236_5,G2,A_batteries,G2-A_batteries-04,A06,existing
P14_236_5,G2,A_batteries,G2-A_batteries-05,NEW-A_batteries-01,procurement_required
P14_236_5,G2,B_batteries,G2-B_batteries-01,B01,existing
P14_236_5,G2,B_batteries,G2-B_batteries-02,B02,existing
P14_236_5,G2,B_batteries,G2-B_batteries-03,B03,existing
P14_236_5,G2,B_batteries,G2-B_batteries-04,B04,existing
P14_236_5,G3,B_batteries,G3-B_batteries-01,NEW-B_batteries-01,procurement_required
P14_236_5,G3,B_batteries,G3-B_batteries-02,NEW-B_batteries-02,procurement_required
P14_236_5,G3,B_batteries,G3-B_batteries-03,NEW-B_batteries-03,procurement_required
P14_236_5,G3,B_batteries,G3-B_batteries-04,NEW-B_batteries-04,procurement_required
P14_236_5,G1,C_batteries,G1-C_batteries-01,C01,existing
P14_236_5,G1,C_batteries,G1-C_batteries-02,C02,existing
P14_236_5,G1,C_batteries,G1-C_batteries-03,C03,existing
P14_236_5,G2,C_batteries,G2-C_batteries-01,C04,existing
P14_236_5,G2,C_batteries,G2-C_batteries-02,NEW-C_batteries-01,procurement_required
P14_236_5,G2,C_batteries,G2-C_batteries-03,NEW-C_batteries-02,procurement_required
P14_236_5,G2,C_batteries,G2-C_batteries-04,NEW-C_batteries-03,procurement_required
P14_236_5,G2,relay_aircraft,G2-relay_aircraft-01,R01,existing
P14_236_5,G2,relay_aircraft,G2-relay_aircraft-02,R02,existing
P14_236_5,G3,relay_aircraft,G3-relay_aircraft-01,NEW-relay_aircraft-01,procurement_required
P14_236_5,G2,relay_components,G2-relay_components-01,RE01,existing
P14_236_5,G2,relay_components,G2-relay_components-02,RE02,existing
P14_236_5,G3,relay_components,G3-relay_components-01,RE03,existing
P14_23_56,G1,A_aircraft,G1-A_aircraft-01,U01,existing
P14_23_56,G1,A_aircraft,G1-A_aircraft-02,U02,existing
P14_23_56,G2,A_aircraft,G2-A_aircraft-01,U03,existing
P14_23_56,G2,A_aircraft,G2-A_aircraft-02,U04,existing
P14_23_56,G2,A_aircraft,G2-A_aircraft-03,NEW-A_aircraft-01,procurement_required
P14_23_56,G2,A_aircraft,G2-A_aircraft-04,NEW-A_aircraft-02,procurement_required
P14_23_56,G2,B_aircraft,G2-B_aircraft-01,U05,existing
P14_23_56,G2,B_aircraft,G2-B_aircraft-02,U06,existing
P14_23_56,G3,B_aircraft,G3-B_aircraft-01,NEW-B_aircraft-01,procurement_required
P14_23_56,G3,B_aircraft,G3-B_aircraft-02,NEW-B_aircraft-02,procurement_required
P14_23_56,G1,C_aircraft,G1-C_aircraft-01,U07,existing
P14_23_56,G1,C_aircraft,G1-C_aircraft-02,U08,existing
P14_23_56,G2,C_aircraft,G2-C_aircraft-01,NEW-C_aircraft-01,procurement_required
P14_23_56,G2,C_aircraft,G2-C_aircraft-02,NEW-C_aircraft-02,procurement_required
P14_23_56,G1,A_batteries,G1-A_batteries-01,A01,existing
P14_23_56,G1,A_batteries,G1-A_batteries-02,A02,existing
P14_23_56,G2,A_batteries,G2-A_batteries-01,A03,existing
P14_23_56,G2,A_batteries,G2-A_batteries-02,A04,existing
P14_23_56,G2,A_batteries,G2-A_batteries-03,A05,existing
P14_23_56,G2,A_batteries,G2-A_batteries-04,A06,existing
P14_23_56,G2,A_batteries,G2-A_batteries-05,NEW-A_batteries-01,procurement_required
P14_23_56,G2,B_batteries,G2-B_batteries-01,B01,existing
P14_23_56,G2,B_batteries,G2-B_batteries-02,B02,existing
P14_23_56,G2,B_batteries,G2-B_batteries-03,B03,existing
P14_23_56,G3,B_batteries,G3-B_batteries-01,B04,existing
P14_23_56,G3,B_batteries,G3-B_batteries-02,NEW-B_batteries-01,procurement_required
P14_23_56,G3,B_batteries,G3-B_batteries-03,NEW-B_batteries-02,procurement_required
P14_23_56,G3,B_batteries,G3-B_batteries-04,NEW-B_batteries-03,procurement_required
P14_23_56,G1,C_batteries,G1-C_batteries-01,C01,existing
P14_23_56,G1,C_batteries,G1-C_batteries-02,C02,existing
P14_23_56,G1,C_batteries,G1-C_batteries-03,C03,existing
P14_23_56,G2,C_batteries,G2-C_batteries-01,C04,existing
P14_23_56,G2,C_batteries,G2-C_batteries-02,NEW-C_batteries-01,procurement_required
P14_23_56,G2,C_batteries,G2-C_batteries-03,NEW-C_batteries-02,procurement_required
P14_23_56,G2,C_batteries,G2-C_batteries-04,NEW-C_batteries-03,procurement_required
P14_23_56,G2,relay_aircraft,G2-relay_aircraft-01,R01,existing
P14_23_56,G2,relay_aircraft,G2-relay_aircraft-02,R02,existing
P14_23_56,G3,relay_aircraft,G3-relay_aircraft-01,NEW-relay_aircraft-01,procurement_required
P14_23_56,G2,relay_components,G2-relay_components-01,RE01,existing
P14_23_56,G2,relay_components,G2-relay_components-02,RE02,existing
P14_23_56,G3,relay_components,G3-relay_components-01,RE03,existing
P14_256_3,G1,A_aircraft,G1-A_aircraft-01,U01,existing
P14_256_3,G1,A_aircraft,G1-A_aircraft-02,U02,existing
P14_256_3,G2,A_aircraft,G2-A_aircraft-01,U03,existing
P14_256_3,G3,A_aircraft,G3-A_aircraft-01,U04,existing
P14_256_3,G3,A_aircraft,G3-A_aircraft-02,NEW-A_aircraft-01,procurement_required
P14_256_3,G3,A_aircraft,G3-A_aircraft-03,NEW-A_aircraft-02,procurement_required
P14_256_3,G3,A_aircraft,G3-A_aircraft-04,NEW-A_aircraft-03,procurement_required
P14_256_3,G2,B_aircraft,G2-B_aircraft-01,U05,existing
P14_256_3,G2,B_aircraft,G2-B_aircraft-02,U06,existing
P14_256_3,G3,B_aircraft,G3-B_aircraft-01,NEW-B_aircraft-01,procurement_required
P14_256_3,G1,C_aircraft,G1-C_aircraft-01,U07,existing
P14_256_3,G1,C_aircraft,G1-C_aircraft-02,U08,existing
P14_256_3,G2,C_aircraft,G2-C_aircraft-01,NEW-C_aircraft-01,procurement_required
P14_256_3,G2,C_aircraft,G2-C_aircraft-02,NEW-C_aircraft-02,procurement_required
P14_256_3,G3,C_aircraft,G3-C_aircraft-01,NEW-C_aircraft-03,procurement_required
P14_256_3,G1,A_batteries,G1-A_batteries-01,A01,existing
P14_256_3,G1,A_batteries,G1-A_batteries-02,A02,existing
P14_256_3,G2,A_batteries,G2-A_batteries-01,A03,existing
P14_256_3,G3,A_batteries,G3-A_batteries-01,A04,existing
P14_256_3,G3,A_batteries,G3-A_batteries-02,A05,existing
P14_256_3,G3,A_batteries,G3-A_batteries-03,A06,existing
P14_256_3,G3,A_batteries,G3-A_batteries-04,NEW-A_batteries-01,procurement_required
P14_256_3,G2,B_batteries,G2-B_batteries-01,B01,existing
P14_256_3,G2,B_batteries,G2-B_batteries-02,B02,existing
P14_256_3,G2,B_batteries,G2-B_batteries-03,B03,existing
P14_256_3,G2,B_batteries,G2-B_batteries-04,B04,existing
P14_256_3,G3,B_batteries,G3-B_batteries-01,NEW-B_batteries-01,procurement_required
P14_256_3,G1,C_batteries,G1-C_batteries-01,C01,existing
P14_256_3,G1,C_batteries,G1-C_batteries-02,C02,existing
P14_256_3,G1,C_batteries,G1-C_batteries-03,C03,existing
P14_256_3,G2,C_batteries,G2-C_batteries-01,C04,existing
P14_256_3,G2,C_batteries,G2-C_batteries-02,NEW-C_batteries-01,procurement_required
P14_256_3,G2,C_batteries,G2-C_batteries-03,NEW-C_batteries-02,procurement_required
P14_256_3,G3,C_batteries,G3-C_batteries-01,NEW-C_batteries-03,procurement_required
P14_256_3,G2,relay_aircraft,G2-relay_aircraft-01,R01,existing
P14_256_3,G2,relay_aircraft,G2-relay_aircraft-02,R02,existing
P14_256_3,G3,relay_aircraft,G3-relay_aircraft-01,NEW-relay_aircraft-01,procurement_required
P14_256_3,G2,relay_components,G2-relay_components-01,RE01,existing
P14_256_3,G2,relay_components,G2-relay_components-02,RE02,existing
P14_256_3,G3,relay_components,G3-relay_components-01,RE03,existing
P14_25_36,G1,A_aircraft,G1-A_aircraft-01,U01,existing
P14_25_36,G1,A_aircraft,G1-A_aircraft-02,U02,existing
P14_25_36,G2,A_aircraft,G2-A_aircraft-01,U03,existing
P14_25_36,G3,A_aircraft,G3-A_aircraft-01,U04,existing
P14_25_36,G3,A_aircraft,G3-A_aircraft-02,NEW-A_aircraft-01,procurement_required
P14_25_36,G3,A_aircraft,G3-A_aircraft-03,NEW-A_aircraft-02,procurement_required
P14_25_36,G3,A_aircraft,G3-A_aircraft-04,NEW-A_aircraft-03,procurement_required
P14_25_36,G2,B_aircraft,G2-B_aircraft-01,U05,existing
P14_25_36,G2,B_aircraft,G2-B_aircraft-02,U06,existing
P14_25_36,G3,B_aircraft,G3-B_aircraft-01,NEW-B_aircraft-01,procurement_required
P14_25_36,G1,C_aircraft,G1-C_aircraft-01,U07,existing
P14_25_36,G1,C_aircraft,G1-C_aircraft-02,U08,existing
P14_25_36,G2,C_aircraft,G2-C_aircraft-01,NEW-C_aircraft-01,procurement_required
P14_25_36,G2,C_aircraft,G2-C_aircraft-02,NEW-C_aircraft-02,procurement_required
P14_25_36,G3,C_aircraft,G3-C_aircraft-01,NEW-C_aircraft-03,procurement_required
P14_25_36,G1,A_batteries,G1-A_batteries-01,A01,existing
P14_25_36,G1,A_batteries,G1-A_batteries-02,A02,existing
P14_25_36,G2,A_batteries,G2-A_batteries-01,A03,existing
P14_25_36,G3,A_batteries,G3-A_batteries-01,A04,existing
P14_25_36,G3,A_batteries,G3-A_batteries-02,A05,existing
P14_25_36,G3,A_batteries,G3-A_batteries-03,A06,existing
P14_25_36,G3,A_batteries,G3-A_batteries-04,NEW-A_batteries-01,procurement_required
P14_25_36,G2,B_batteries,G2-B_batteries-01,B01,existing
P14_25_36,G2,B_batteries,G2-B_batteries-02,B02,existing
P14_25_36,G2,B_batteries,G2-B_batteries-03,B03,existing
P14_25_36,G2,B_batteries,G2-B_batteries-04,B04,existing
P14_25_36,G3,B_batteries,G3-B_batteries-01,NEW-B_batteries-01,procurement_required
P14_25_36,G3,B_batteries,G3-B_batteries-02,NEW-B_batteries-02,procurement_required
P14_25_36,G1,C_batteries,G1-C_batteries-01,C01,existing
P14_25_36,G1,C_batteries,G1-C_batteries-02,C02,existing
P14_25_36,G1,C_batteries,G1-C_batteries-03,C03,existing
P14_25_36,G2,C_batteries,G2-C_batteries-01,C04,existing
P14_25_36,G2,C_batteries,G2-C_batteries-02,NEW-C_batteries-01,procurement_required
P14_25_36,G2,C_batteries,G2-C_batteries-03,NEW-C_batteries-02,procurement_required
P14_25_36,G3,C_batteries,G3-C_batteries-01,NEW-C_batteries-03,procurement_required
P14_25_36,G2,relay_aircraft,G2-relay_aircraft-01,R01,existing
P14_25_36,G2,relay_aircraft,G2-relay_aircraft-02,R02,existing
P14_25_36,G3,relay_aircraft,G3-relay_aircraft-01,NEW-relay_aircraft-01,procurement_required
P14_25_36,G2,relay_components,G2-relay_components-01,RE01,existing
P14_25_36,G2,relay_components,G2-relay_components-02,RE02,existing
P14_25_36,G3,relay_components,G3-relay_components-01,RE03,existing
P14_26_35,G1,A_aircraft,G1-A_aircraft-01,U01,existing
P14_26_35,G1,A_aircraft,G1-A_aircraft-02,U02,existing
P14_26_35,G2,A_aircraft,G2-A_aircraft-01,U03,existing
P14_26_35,G3,A_aircraft,G3-A_aircraft-01,U04,existing
P14_26_35,G3,A_aircraft,G3-A_aircraft-02,NEW-A_aircraft-01,procurement_required
P14_26_35,G3,A_aircraft,G3-A_aircraft-03,NEW-A_aircraft-02,procurement_required
P14_26_35,G3,A_aircraft,G3-A_aircraft-04,NEW-A_aircraft-03,procurement_required
P14_26_35,G2,B_aircraft,G2-B_aircraft-01,U05,existing
P14_26_35,G2,B_aircraft,G2-B_aircraft-02,U06,existing
P14_26_35,G3,B_aircraft,G3-B_aircraft-01,NEW-B_aircraft-01,procurement_required
P14_26_35,G3,B_aircraft,G3-B_aircraft-02,NEW-B_aircraft-02,procurement_required
P14_26_35,G1,C_aircraft,G1-C_aircraft-01,U07,existing
P14_26_35,G1,C_aircraft,G1-C_aircraft-02,U08,existing
P14_26_35,G2,C_aircraft,G2-C_aircraft-01,NEW-C_aircraft-01,procurement_required
P14_26_35,G2,C_aircraft,G2-C_aircraft-02,NEW-C_aircraft-02,procurement_required
P14_26_35,G3,C_aircraft,G3-C_aircraft-01,NEW-C_aircraft-03,procurement_required
P14_26_35,G1,A_batteries,G1-A_batteries-01,A01,existing
P14_26_35,G1,A_batteries,G1-A_batteries-02,A02,existing
P14_26_35,G2,A_batteries,G2-A_batteries-01,A03,existing
P14_26_35,G3,A_batteries,G3-A_batteries-01,A04,existing
P14_26_35,G3,A_batteries,G3-A_batteries-02,A05,existing
P14_26_35,G3,A_batteries,G3-A_batteries-03,A06,existing
P14_26_35,G3,A_batteries,G3-A_batteries-04,NEW-A_batteries-01,procurement_required
P14_26_35,G2,B_batteries,G2-B_batteries-01,B01,existing
P14_26_35,G2,B_batteries,G2-B_batteries-02,B02,existing
P14_26_35,G2,B_batteries,G2-B_batteries-03,B03,existing
P14_26_35,G3,B_batteries,G3-B_batteries-01,B04,existing
P14_26_35,G3,B_batteries,G3-B_batteries-02,NEW-B_batteries-01,procurement_required
P14_26_35,G3,B_batteries,G3-B_batteries-03,NEW-B_batteries-02,procurement_required
P14_26_35,G3,B_batteries,G3-B_batteries-04,NEW-B_batteries-03,procurement_required
P14_26_35,G1,C_batteries,G1-C_batteries-01,C01,existing
P14_26_35,G1,C_batteries,G1-C_batteries-02,C02,existing
P14_26_35,G1,C_batteries,G1-C_batteries-03,C03,existing
P14_26_35,G2,C_batteries,G2-C_batteries-01,C04,existing
P14_26_35,G2,C_batteries,G2-C_batteries-02,NEW-C_batteries-01,procurement_required
P14_26_35,G2,C_batteries,G2-C_batteries-03,NEW-C_batteries-02,procurement_required
P14_26_35,G3,C_batteries,G3-C_batteries-01,NEW-C_batteries-03,procurement_required
P14_26_35,G2,relay_aircraft,G2-relay_aircraft-01,R01,existing
P14_26_35,G3,relay_aircraft,G3-relay_aircraft-01,R02,existing
P14_26_35,G3,relay_aircraft,G3-relay_aircraft-02,NEW-relay_aircraft-01,procurement_required
P14_26_35,G2,relay_components,G2-relay_components-01,RE01,existing
P14_26_35,G3,relay_components,G3-relay_components-01,RE02,existing
P14_26_35,G3,relay_components,G3-relay_components-02,RE03,existing
P14_2_356,G1,A_aircraft,G1-A_aircraft-01,U01,existing
P14_2_356,G1,A_aircraft,G1-A_aircraft-02,U02,existing
P14_2_356,G2,A_aircraft,G2-A_aircraft-01,U03,existing
P14_2_356,G3,A_aircraft,G3-A_aircraft-01,U04,existing
P14_2_356,G3,A_aircraft,G3-A_aircraft-02,NEW-A_aircraft-01,procurement_required
P14_2_356,G3,A_aircraft,G3-A_aircraft-03,NEW-A_aircraft-02,procurement_required
P14_2_356,G3,A_aircraft,G3-A_aircraft-04,NEW-A_aircraft-03,procurement_required
P14_2_356,G2,B_aircraft,G2-B_aircraft-01,U05,existing
P14_2_356,G3,B_aircraft,G3-B_aircraft-01,U06,existing
P14_2_356,G3,B_aircraft,G3-B_aircraft-02,NEW-B_aircraft-01,procurement_required
P14_2_356,G1,C_aircraft,G1-C_aircraft-01,U07,existing
P14_2_356,G1,C_aircraft,G1-C_aircraft-02,U08,existing
P14_2_356,G2,C_aircraft,G2-C_aircraft-01,NEW-C_aircraft-01,procurement_required
P14_2_356,G2,C_aircraft,G2-C_aircraft-02,NEW-C_aircraft-02,procurement_required
P14_2_356,G3,C_aircraft,G3-C_aircraft-01,NEW-C_aircraft-03,procurement_required
P14_2_356,G1,A_batteries,G1-A_batteries-01,A01,existing
P14_2_356,G1,A_batteries,G1-A_batteries-02,A02,existing
P14_2_356,G2,A_batteries,G2-A_batteries-01,A03,existing
P14_2_356,G3,A_batteries,G3-A_batteries-01,A04,existing
P14_2_356,G3,A_batteries,G3-A_batteries-02,A05,existing
P14_2_356,G3,A_batteries,G3-A_batteries-03,A06,existing
P14_2_356,G3,A_batteries,G3-A_batteries-04,NEW-A_batteries-01,procurement_required
P14_2_356,G2,B_batteries,G2-B_batteries-01,B01,existing
P14_2_356,G2,B_batteries,G2-B_batteries-02,B02,existing
P14_2_356,G3,B_batteries,G3-B_batteries-01,B03,existing
P14_2_356,G3,B_batteries,G3-B_batteries-02,B04,existing
P14_2_356,G3,B_batteries,G3-B_batteries-03,NEW-B_batteries-01,procurement_required
P14_2_356,G3,B_batteries,G3-B_batteries-04,NEW-B_batteries-02,procurement_required
P14_2_356,G1,C_batteries,G1-C_batteries-01,C01,existing
P14_2_356,G1,C_batteries,G1-C_batteries-02,C02,existing
P14_2_356,G1,C_batteries,G1-C_batteries-03,C03,existing
P14_2_356,G2,C_batteries,G2-C_batteries-01,C04,existing
P14_2_356,G2,C_batteries,G2-C_batteries-02,NEW-C_batteries-01,procurement_required
P14_2_356,G2,C_batteries,G2-C_batteries-03,NEW-C_batteries-02,procurement_required
P14_2_356,G3,C_batteries,G3-C_batteries-01,NEW-C_batteries-03,procurement_required
P14_2_356,G2,relay_aircraft,G2-relay_aircraft-01,R01,existing
P14_2_356,G3,relay_aircraft,G3-relay_aircraft-01,R02,existing
P14_2_356,G3,relay_aircraft,G3-relay_aircraft-02,NEW-relay_aircraft-01,procurement_required
P14_2_356,G2,relay_components,G2-relay_components-01,RE01,existing
P14_2_356,G3,relay_components,G3-relay_components-01,RE02,existing
P14_2_356,G3,relay_components,G3-relay_components-02,RE03,existing
P156_234,G1,A_aircraft,G1-A_aircraft-01,U01,existing
P156_234,G2,A_aircraft,G2-A_aircraft-01,U02,existing
P156_234,G2,A_aircraft,G2-A_aircraft-02,U03,existing
P156_234,G2,A_aircraft,G2-A_aircraft-03,U04,existing
P156_234,G2,A_aircraft,G2-A_aircraft-04,NEW-A_aircraft-01,procurement_required
P156_234,G1,B_aircraft,G1-B_aircraft-01,U05,existing
P156_234,G1,B_aircraft,G1-B_aircraft-02,U06,existing
P156_234,G2,B_aircraft,G2-B_aircraft-01,NEW-B_aircraft-01,procurement_required
P156_234,G2,B_aircraft,G2-B_aircraft-02,NEW-B_aircraft-02,procurement_required
P156_234,G1,C_aircraft,G1-C_aircraft-01,U07,existing
P156_234,G1,C_aircraft,G1-C_aircraft-02,U08,existing
P156_234,G2,C_aircraft,G2-C_aircraft-01,NEW-C_aircraft-01,procurement_required
P156_234,G2,C_aircraft,G2-C_aircraft-02,NEW-C_aircraft-02,procurement_required
P156_234,G1,A_batteries,G1-A_batteries-01,A01,existing
P156_234,G2,A_batteries,G2-A_batteries-01,A02,existing
P156_234,G2,A_batteries,G2-A_batteries-02,A03,existing
P156_234,G2,A_batteries,G2-A_batteries-03,A04,existing
P156_234,G2,A_batteries,G2-A_batteries-04,A05,existing
P156_234,G2,A_batteries,G2-A_batteries-05,A06,existing
P156_234,G1,B_batteries,G1-B_batteries-01,B01,existing
P156_234,G1,B_batteries,G1-B_batteries-02,B02,existing
P156_234,G1,B_batteries,G1-B_batteries-03,B03,existing
P156_234,G1,B_batteries,G1-B_batteries-04,B04,existing
P156_234,G2,B_batteries,G2-B_batteries-01,NEW-B_batteries-01,procurement_required
P156_234,G2,B_batteries,G2-B_batteries-02,NEW-B_batteries-02,procurement_required
P156_234,G2,B_batteries,G2-B_batteries-03,NEW-B_batteries-03,procurement_required
P156_234,G1,C_batteries,G1-C_batteries-01,C01,existing
P156_234,G1,C_batteries,G1-C_batteries-02,C02,existing
P156_234,G2,C_batteries,G2-C_batteries-01,C03,existing
P156_234,G2,C_batteries,G2-C_batteries-02,C04,existing
P156_234,G2,C_batteries,G2-C_batteries-03,NEW-C_batteries-01,procurement_required
P156_234,G2,C_batteries,G2-C_batteries-04,NEW-C_batteries-02,procurement_required
P156_234,G1,relay_aircraft,G1-relay_aircraft-01,R01,existing
P156_234,G2,relay_aircraft,G2-relay_aircraft-01,R02,existing
P156_234,G2,relay_aircraft,G2-relay_aircraft-02,NEW-relay_aircraft-01,procurement_required
P156_234,G1,relay_components,G1-relay_components-01,RE01,existing
P156_234,G2,relay_components,G2-relay_components-01,RE02,existing
P156_234,G2,relay_components,G2-relay_components-02,RE03,existing
P156_23_4,G1,A_aircraft,G1-A_aircraft-01,U01,existing
P156_23_4,G2,A_aircraft,G2-A_aircraft-01,U02,existing
P156_23_4,G2,A_aircraft,G2-A_aircraft-02,U03,existing
P156_23_4,G2,A_aircraft,G2-A_aircraft-03,U04,existing
P156_23_4,G2,A_aircraft,G2-A_aircraft-04,NEW-A_aircraft-01,procurement_required
P156_23_4,G3,A_aircraft,G3-A_aircraft-01,NEW-A_aircraft-02,procurement_required
P156_23_4,G1,B_aircraft,G1-B_aircraft-01,U05,existing
P156_23_4,G1,B_aircraft,G1-B_aircraft-02,U06,existing
P156_23_4,G2,B_aircraft,G2-B_aircraft-01,NEW-B_aircraft-01,procurement_required
P156_23_4,G2,B_aircraft,G2-B_aircraft-02,NEW-B_aircraft-02,procurement_required
P156_23_4,G1,C_aircraft,G1-C_aircraft-01,U07,existing
P156_23_4,G1,C_aircraft,G1-C_aircraft-02,U08,existing
P156_23_4,G2,C_aircraft,G2-C_aircraft-01,NEW-C_aircraft-01,procurement_required
P156_23_4,G2,C_aircraft,G2-C_aircraft-02,NEW-C_aircraft-02,procurement_required
P156_23_4,G3,C_aircraft,G3-C_aircraft-01,NEW-C_aircraft-03,procurement_required
P156_23_4,G1,A_batteries,G1-A_batteries-01,A01,existing
P156_23_4,G2,A_batteries,G2-A_batteries-01,A02,existing
P156_23_4,G2,A_batteries,G2-A_batteries-02,A03,existing
P156_23_4,G2,A_batteries,G2-A_batteries-03,A04,existing
P156_23_4,G2,A_batteries,G2-A_batteries-04,A05,existing
P156_23_4,G2,A_batteries,G2-A_batteries-05,A06,existing
P156_23_4,G3,A_batteries,G3-A_batteries-01,NEW-A_batteries-01,procurement_required
P156_23_4,G1,B_batteries,G1-B_batteries-01,B01,existing
P156_23_4,G1,B_batteries,G1-B_batteries-02,B02,existing
P156_23_4,G1,B_batteries,G1-B_batteries-03,B03,existing
P156_23_4,G1,B_batteries,G1-B_batteries-04,B04,existing
P156_23_4,G2,B_batteries,G2-B_batteries-01,NEW-B_batteries-01,procurement_required
P156_23_4,G2,B_batteries,G2-B_batteries-02,NEW-B_batteries-02,procurement_required
P156_23_4,G2,B_batteries,G2-B_batteries-03,NEW-B_batteries-03,procurement_required
P156_23_4,G1,C_batteries,G1-C_batteries-01,C01,existing
P156_23_4,G1,C_batteries,G1-C_batteries-02,C02,existing
P156_23_4,G2,C_batteries,G2-C_batteries-01,C03,existing
P156_23_4,G2,C_batteries,G2-C_batteries-02,C04,existing
P156_23_4,G2,C_batteries,G2-C_batteries-03,NEW-C_batteries-01,procurement_required
P156_23_4,G2,C_batteries,G2-C_batteries-04,NEW-C_batteries-02,procurement_required
P156_23_4,G3,C_batteries,G3-C_batteries-01,NEW-C_batteries-03,procurement_required
P156_23_4,G1,relay_aircraft,G1-relay_aircraft-01,R01,existing
P156_23_4,G2,relay_aircraft,G2-relay_aircraft-01,R02,existing
P156_23_4,G2,relay_aircraft,G2-relay_aircraft-02,NEW-relay_aircraft-01,procurement_required
P156_23_4,G1,relay_components,G1-relay_components-01,RE01,existing
P156_23_4,G2,relay_components,G2-relay_components-01,RE02,existing
P156_23_4,G2,relay_components,G2-relay_components-02,RE03,existing
P156_24_3,G1,A_aircraft,G1-A_aircraft-01,U01,existing
P156_24_3,G2,A_aircraft,G2-A_aircraft-01,U02,existing
P156_24_3,G3,A_aircraft,G3-A_aircraft-01,U03,existing
P156_24_3,G3,A_aircraft,G3-A_aircraft-02,U04,existing
P156_24_3,G3,A_aircraft,G3-A_aircraft-03,NEW-A_aircraft-01,procurement_required
P156_24_3,G3,A_aircraft,G3-A_aircraft-04,NEW-A_aircraft-02,procurement_required
P156_24_3,G1,B_aircraft,G1-B_aircraft-01,U05,existing
P156_24_3,G1,B_aircraft,G1-B_aircraft-02,U06,existing
P156_24_3,G2,B_aircraft,G2-B_aircraft-01,NEW-B_aircraft-01,procurement_required
P156_24_3,G3,B_aircraft,G3-B_aircraft-01,NEW-B_aircraft-02,procurement_required
P156_24_3,G1,C_aircraft,G1-C_aircraft-01,U07,existing
P156_24_3,G1,C_aircraft,G1-C_aircraft-02,U08,existing
P156_24_3,G2,C_aircraft,G2-C_aircraft-01,NEW-C_aircraft-01,procurement_required
P156_24_3,G2,C_aircraft,G2-C_aircraft-02,NEW-C_aircraft-02,procurement_required
P156_24_3,G3,C_aircraft,G3-C_aircraft-01,NEW-C_aircraft-03,procurement_required
P156_24_3,G1,A_batteries,G1-A_batteries-01,A01,existing
P156_24_3,G2,A_batteries,G2-A_batteries-01,A02,existing
P156_24_3,G2,A_batteries,G2-A_batteries-02,A03,existing
P156_24_3,G3,A_batteries,G3-A_batteries-01,A04,existing
P156_24_3,G3,A_batteries,G3-A_batteries-02,A05,existing
P156_24_3,G3,A_batteries,G3-A_batteries-03,A06,existing
P156_24_3,G3,A_batteries,G3-A_batteries-04,NEW-A_batteries-01,procurement_required
P156_24_3,G1,B_batteries,G1-B_batteries-01,B01,existing
P156_24_3,G1,B_batteries,G1-B_batteries-02,B02,existing
P156_24_3,G1,B_batteries,G1-B_batteries-03,B03,existing
P156_24_3,G1,B_batteries,G1-B_batteries-04,B04,existing
P156_24_3,G2,B_batteries,G2-B_batteries-01,NEW-B_batteries-01,procurement_required
P156_24_3,G2,B_batteries,G2-B_batteries-02,NEW-B_batteries-02,procurement_required
P156_24_3,G3,B_batteries,G3-B_batteries-01,NEW-B_batteries-03,procurement_required
P156_24_3,G1,C_batteries,G1-C_batteries-01,C01,existing
P156_24_3,G1,C_batteries,G1-C_batteries-02,C02,existing
P156_24_3,G2,C_batteries,G2-C_batteries-01,C03,existing
P156_24_3,G2,C_batteries,G2-C_batteries-02,C04,existing
P156_24_3,G2,C_batteries,G2-C_batteries-03,NEW-C_batteries-01,procurement_required
P156_24_3,G3,C_batteries,G3-C_batteries-01,NEW-C_batteries-02,procurement_required
P156_24_3,G1,relay_aircraft,G1-relay_aircraft-01,R01,existing
P156_24_3,G2,relay_aircraft,G2-relay_aircraft-01,R02,existing
P156_24_3,G3,relay_aircraft,G3-relay_aircraft-01,NEW-relay_aircraft-01,procurement_required
P156_24_3,G1,relay_components,G1-relay_components-01,RE01,existing
P156_24_3,G2,relay_components,G2-relay_components-01,RE02,existing
P156_24_3,G3,relay_components,G3-relay_components-01,RE03,existing
P156_2_34,G1,A_aircraft,G1-A_aircraft-01,U01,existing
P156_2_34,G2,A_aircraft,G2-A_aircraft-01,U02,existing
P156_2_34,G3,A_aircraft,G3-A_aircraft-01,U03,existing
P156_2_34,G3,A_aircraft,G3-A_aircraft-02,U04,existing
P156_2_34,G3,A_aircraft,G3-A_aircraft-03,NEW-A_aircraft-01,procurement_required
P156_2_34,G3,A_aircraft,G3-A_aircraft-04,NEW-A_aircraft-02,procurement_required
P156_2_34,G1,B_aircraft,G1-B_aircraft-01,U05,existing
P156_2_34,G1,B_aircraft,G1-B_aircraft-02,U06,existing
P156_2_34,G2,B_aircraft,G2-B_aircraft-01,NEW-B_aircraft-01,procurement_required
P156_2_34,G3,B_aircraft,G3-B_aircraft-01,NEW-B_aircraft-02,procurement_required
P156_2_34,G1,C_aircraft,G1-C_aircraft-01,U07,existing
P156_2_34,G1,C_aircraft,G1-C_aircraft-02,U08,existing
P156_2_34,G2,C_aircraft,G2-C_aircraft-01,NEW-C_aircraft-01,procurement_required
P156_2_34,G2,C_aircraft,G2-C_aircraft-02,NEW-C_aircraft-02,procurement_required
P156_2_34,G3,C_aircraft,G3-C_aircraft-01,NEW-C_aircraft-03,procurement_required
P156_2_34,G1,A_batteries,G1-A_batteries-01,A01,existing
P156_2_34,G2,A_batteries,G2-A_batteries-01,A02,existing
P156_2_34,G3,A_batteries,G3-A_batteries-01,A03,existing
P156_2_34,G3,A_batteries,G3-A_batteries-02,A04,existing
P156_2_34,G3,A_batteries,G3-A_batteries-03,A05,existing
P156_2_34,G3,A_batteries,G3-A_batteries-04,A06,existing
P156_2_34,G1,B_batteries,G1-B_batteries-01,B01,existing
P156_2_34,G1,B_batteries,G1-B_batteries-02,B02,existing
P156_2_34,G1,B_batteries,G1-B_batteries-03,B03,existing
P156_2_34,G1,B_batteries,G1-B_batteries-04,B04,existing
P156_2_34,G2,B_batteries,G2-B_batteries-01,NEW-B_batteries-01,procurement_required
P156_2_34,G2,B_batteries,G2-B_batteries-02,NEW-B_batteries-02,procurement_required
P156_2_34,G3,B_batteries,G3-B_batteries-01,NEW-B_batteries-03,procurement_required
P156_2_34,G1,C_batteries,G1-C_batteries-01,C01,existing
P156_2_34,G1,C_batteries,G1-C_batteries-02,C02,existing
P156_2_34,G2,C_batteries,G2-C_batteries-01,C03,existing
P156_2_34,G2,C_batteries,G2-C_batteries-02,C04,existing
P156_2_34,G2,C_batteries,G2-C_batteries-03,NEW-C_batteries-01,procurement_required
P156_2_34,G3,C_batteries,G3-C_batteries-01,NEW-C_batteries-02,procurement_required
P156_2_34,G1,relay_aircraft,G1-relay_aircraft-01,R01,existing
P156_2_34,G2,relay_aircraft,G2-relay_aircraft-01,R02,existing
P156_2_34,G3,relay_aircraft,G3-relay_aircraft-01,NEW-relay_aircraft-01,procurement_required
P156_2_34,G1,relay_components,G1-relay_components-01,RE01,existing
P156_2_34,G2,relay_components,G2-relay_components-01,RE02,existing
P156_2_34,G3,relay_components,G3-relay_components-01,RE03,existing
P15_2346,G1,A_aircraft,G1-A_aircraft-01,U01,existing
P15_2346,G2,A_aircraft,G2-A_aircraft-01,U02,existing
P15_2346,G2,A_aircraft,G2-A_aircraft-02,U03,existing
P15_2346,G2,A_aircraft,G2-A_aircraft-03,U04,existing
P15_2346,G2,A_aircraft,G2-A_aircraft-04,NEW-A_aircraft-01,procurement_required
P15_2346,G1,B_aircraft,G1-B_aircraft-01,U05,existing
P15_2346,G1,B_aircraft,G1-B_aircraft-02,U06,existing
P15_2346,G2,B_aircraft,G2-B_aircraft-01,NEW-B_aircraft-01,procurement_required
P15_2346,G2,B_aircraft,G2-B_aircraft-02,NEW-B_aircraft-02,procurement_required
P15_2346,G1,C_aircraft,G1-C_aircraft-01,U07,existing
P15_2346,G1,C_aircraft,G1-C_aircraft-02,U08,existing
P15_2346,G2,C_aircraft,G2-C_aircraft-01,NEW-C_aircraft-01,procurement_required
P15_2346,G2,C_aircraft,G2-C_aircraft-02,NEW-C_aircraft-02,procurement_required
P15_2346,G1,A_batteries,G1-A_batteries-01,A01,existing
P15_2346,G2,A_batteries,G2-A_batteries-01,A02,existing
P15_2346,G2,A_batteries,G2-A_batteries-02,A03,existing
P15_2346,G2,A_batteries,G2-A_batteries-03,A04,existing
P15_2346,G2,A_batteries,G2-A_batteries-04,A05,existing
P15_2346,G2,A_batteries,G2-A_batteries-05,A06,existing
P15_2346,G1,B_batteries,G1-B_batteries-01,B01,existing
P15_2346,G1,B_batteries,G1-B_batteries-02,B02,existing
P15_2346,G1,B_batteries,G1-B_batteries-03,B03,existing
P15_2346,G1,B_batteries,G1-B_batteries-04,B04,existing
P15_2346,G2,B_batteries,G2-B_batteries-01,NEW-B_batteries-01,procurement_required
P15_2346,G2,B_batteries,G2-B_batteries-02,NEW-B_batteries-02,procurement_required
P15_2346,G2,B_batteries,G2-B_batteries-03,NEW-B_batteries-03,procurement_required
P15_2346,G2,B_batteries,G2-B_batteries-04,NEW-B_batteries-04,procurement_required
P15_2346,G1,C_batteries,G1-C_batteries-01,C01,existing
P15_2346,G1,C_batteries,G1-C_batteries-02,C02,existing
P15_2346,G2,C_batteries,G2-C_batteries-01,C03,existing
P15_2346,G2,C_batteries,G2-C_batteries-02,C04,existing
P15_2346,G2,C_batteries,G2-C_batteries-03,NEW-C_batteries-01,procurement_required
P15_2346,G2,C_batteries,G2-C_batteries-04,NEW-C_batteries-02,procurement_required
P15_2346,G1,relay_aircraft,G1-relay_aircraft-01,R01,existing
P15_2346,G2,relay_aircraft,G2-relay_aircraft-01,R02,existing
P15_2346,G2,relay_aircraft,G2-relay_aircraft-02,NEW-relay_aircraft-01,procurement_required
P15_2346,G1,relay_components,G1-relay_components-01,RE01,existing
P15_2346,G2,relay_components,G2-relay_components-01,RE02,existing
P15_2346,G2,relay_components,G2-relay_components-02,RE03,existing
P15_234_6,G1,A_aircraft,G1-A_aircraft-01,U01,existing
P15_234_6,G2,A_aircraft,G2-A_aircraft-01,U02,existing
P15_234_6,G2,A_aircraft,G2-A_aircraft-02,U03,existing
P15_234_6,G2,A_aircraft,G2-A_aircraft-03,U04,existing
P15_234_6,G2,A_aircraft,G2-A_aircraft-04,NEW-A_aircraft-01,procurement_required
P15_234_6,G1,B_aircraft,G1-B_aircraft-01,U05,existing
P15_234_6,G1,B_aircraft,G1-B_aircraft-02,U06,existing
P15_234_6,G2,B_aircraft,G2-B_aircraft-01,NEW-B_aircraft-01,procurement_required
P15_234_6,G2,B_aircraft,G2-B_aircraft-02,NEW-B_aircraft-02,procurement_required
P15_234_6,G3,B_aircraft,G3-B_aircraft-01,NEW-B_aircraft-03,procurement_required
P15_234_6,G1,C_aircraft,G1-C_aircraft-01,U07,existing
P15_234_6,G1,C_aircraft,G1-C_aircraft-02,U08,existing
P15_234_6,G2,C_aircraft,G2-C_aircraft-01,NEW-C_aircraft-01,procurement_required
P15_234_6,G2,C_aircraft,G2-C_aircraft-02,NEW-C_aircraft-02,procurement_required
P15_234_6,G1,A_batteries,G1-A_batteries-01,A01,existing
P15_234_6,G2,A_batteries,G2-A_batteries-01,A02,existing
P15_234_6,G2,A_batteries,G2-A_batteries-02,A03,existing
P15_234_6,G2,A_batteries,G2-A_batteries-03,A04,existing
P15_234_6,G2,A_batteries,G2-A_batteries-04,A05,existing
P15_234_6,G2,A_batteries,G2-A_batteries-05,A06,existing
P15_234_6,G1,B_batteries,G1-B_batteries-01,B01,existing
P15_234_6,G1,B_batteries,G1-B_batteries-02,B02,existing
P15_234_6,G1,B_batteries,G1-B_batteries-03,B03,existing
P15_234_6,G1,B_batteries,G1-B_batteries-04,B04,existing
P15_234_6,G2,B_batteries,G2-B_batteries-01,NEW-B_batteries-01,procurement_required
P15_234_6,G2,B_batteries,G2-B_batteries-02,NEW-B_batteries-02,procurement_required
P15_234_6,G2,B_batteries,G2-B_batteries-03,NEW-B_batteries-03,procurement_required
P15_234_6,G3,B_batteries,G3-B_batteries-01,NEW-B_batteries-04,procurement_required
P15_234_6,G1,C_batteries,G1-C_batteries-01,C01,existing
P15_234_6,G1,C_batteries,G1-C_batteries-02,C02,existing
P15_234_6,G2,C_batteries,G2-C_batteries-01,C03,existing
P15_234_6,G2,C_batteries,G2-C_batteries-02,C04,existing
P15_234_6,G2,C_batteries,G2-C_batteries-03,NEW-C_batteries-01,procurement_required
P15_234_6,G2,C_batteries,G2-C_batteries-04,NEW-C_batteries-02,procurement_required
P15_234_6,G1,relay_aircraft,G1-relay_aircraft-01,R01,existing
P15_234_6,G2,relay_aircraft,G2-relay_aircraft-01,R02,existing
P15_234_6,G2,relay_aircraft,G2-relay_aircraft-02,NEW-relay_aircraft-01,procurement_required
P15_234_6,G1,relay_components,G1-relay_components-01,RE01,existing
P15_234_6,G2,relay_components,G2-relay_components-01,RE02,existing
P15_234_6,G2,relay_components,G2-relay_components-02,RE03,existing
P15_236_4,G1,A_aircraft,G1-A_aircraft-01,U01,existing
P15_236_4,G2,A_aircraft,G2-A_aircraft-01,U02,existing
P15_236_4,G2,A_aircraft,G2-A_aircraft-02,U03,existing
P15_236_4,G2,A_aircraft,G2-A_aircraft-03,U04,existing
P15_236_4,G2,A_aircraft,G2-A_aircraft-04,NEW-A_aircraft-01,procurement_required
P15_236_4,G3,A_aircraft,G3-A_aircraft-01,NEW-A_aircraft-02,procurement_required
P15_236_4,G1,B_aircraft,G1-B_aircraft-01,U05,existing
P15_236_4,G1,B_aircraft,G1-B_aircraft-02,U06,existing
P15_236_4,G2,B_aircraft,G2-B_aircraft-01,NEW-B_aircraft-01,procurement_required
P15_236_4,G2,B_aircraft,G2-B_aircraft-02,NEW-B_aircraft-02,procurement_required
P15_236_4,G1,C_aircraft,G1-C_aircraft-01,U07,existing
P15_236_4,G1,C_aircraft,G1-C_aircraft-02,U08,existing
P15_236_4,G2,C_aircraft,G2-C_aircraft-01,NEW-C_aircraft-01,procurement_required
P15_236_4,G2,C_aircraft,G2-C_aircraft-02,NEW-C_aircraft-02,procurement_required
P15_236_4,G3,C_aircraft,G3-C_aircraft-01,NEW-C_aircraft-03,procurement_required
P15_236_4,G1,A_batteries,G1-A_batteries-01,A01,existing
P15_236_4,G2,A_batteries,G2-A_batteries-01,A02,existing
P15_236_4,G2,A_batteries,G2-A_batteries-02,A03,existing
P15_236_4,G2,A_batteries,G2-A_batteries-03,A04,existing
P15_236_4,G2,A_batteries,G2-A_batteries-04,A05,existing
P15_236_4,G2,A_batteries,G2-A_batteries-05,A06,existing
P15_236_4,G3,A_batteries,G3-A_batteries-01,NEW-A_batteries-01,procurement_required
P15_236_4,G1,B_batteries,G1-B_batteries-01,B01,existing
P15_236_4,G1,B_batteries,G1-B_batteries-02,B02,existing
P15_236_4,G1,B_batteries,G1-B_batteries-03,B03,existing
P15_236_4,G1,B_batteries,G1-B_batteries-04,B04,existing
P15_236_4,G2,B_batteries,G2-B_batteries-01,NEW-B_batteries-01,procurement_required
P15_236_4,G2,B_batteries,G2-B_batteries-02,NEW-B_batteries-02,procurement_required
P15_236_4,G2,B_batteries,G2-B_batteries-03,NEW-B_batteries-03,procurement_required
P15_236_4,G2,B_batteries,G2-B_batteries-04,NEW-B_batteries-04,procurement_required
P15_236_4,G1,C_batteries,G1-C_batteries-01,C01,existing
P15_236_4,G1,C_batteries,G1-C_batteries-02,C02,existing
P15_236_4,G2,C_batteries,G2-C_batteries-01,C03,existing
P15_236_4,G2,C_batteries,G2-C_batteries-02,C04,existing
P15_236_4,G2,C_batteries,G2-C_batteries-03,NEW-C_batteries-01,procurement_required
P15_236_4,G2,C_batteries,G2-C_batteries-04,NEW-C_batteries-02,procurement_required
P15_236_4,G3,C_batteries,G3-C_batteries-01,NEW-C_batteries-03,procurement_required
P15_236_4,G1,relay_aircraft,G1-relay_aircraft-01,R01,existing
P15_236_4,G2,relay_aircraft,G2-relay_aircraft-01,R02,existing
P15_236_4,G2,relay_aircraft,G2-relay_aircraft-02,NEW-relay_aircraft-01,procurement_required
P15_236_4,G1,relay_components,G1-relay_components-01,RE01,existing
P15_236_4,G2,relay_components,G2-relay_components-01,RE02,existing
P15_236_4,G2,relay_components,G2-relay_components-02,RE03,existing
P15_23_46,G1,A_aircraft,G1-A_aircraft-01,U01,existing
P15_23_46,G2,A_aircraft,G2-A_aircraft-01,U02,existing
P15_23_46,G2,A_aircraft,G2-A_aircraft-02,U03,existing
P15_23_46,G2,A_aircraft,G2-A_aircraft-03,U04,existing
P15_23_46,G2,A_aircraft,G2-A_aircraft-04,NEW-A_aircraft-01,procurement_required
P15_23_46,G3,A_aircraft,G3-A_aircraft-01,NEW-A_aircraft-02,procurement_required
P15_23_46,G1,B_aircraft,G1-B_aircraft-01,U05,existing
P15_23_46,G1,B_aircraft,G1-B_aircraft-02,U06,existing
P15_23_46,G2,B_aircraft,G2-B_aircraft-01,NEW-B_aircraft-01,procurement_required
P15_23_46,G2,B_aircraft,G2-B_aircraft-02,NEW-B_aircraft-02,procurement_required
P15_23_46,G3,B_aircraft,G3-B_aircraft-01,NEW-B_aircraft-03,procurement_required
P15_23_46,G1,C_aircraft,G1-C_aircraft-01,U07,existing
P15_23_46,G1,C_aircraft,G1-C_aircraft-02,U08,existing
P15_23_46,G2,C_aircraft,G2-C_aircraft-01,NEW-C_aircraft-01,procurement_required
P15_23_46,G2,C_aircraft,G2-C_aircraft-02,NEW-C_aircraft-02,procurement_required
P15_23_46,G3,C_aircraft,G3-C_aircraft-01,NEW-C_aircraft-03,procurement_required
P15_23_46,G1,A_batteries,G1-A_batteries-01,A01,existing
P15_23_46,G2,A_batteries,G2-A_batteries-01,A02,existing
P15_23_46,G2,A_batteries,G2-A_batteries-02,A03,existing
P15_23_46,G2,A_batteries,G2-A_batteries-03,A04,existing
P15_23_46,G2,A_batteries,G2-A_batteries-04,A05,existing
P15_23_46,G2,A_batteries,G2-A_batteries-05,A06,existing
P15_23_46,G3,A_batteries,G3-A_batteries-01,NEW-A_batteries-01,procurement_required
P15_23_46,G1,B_batteries,G1-B_batteries-01,B01,existing
P15_23_46,G1,B_batteries,G1-B_batteries-02,B02,existing
P15_23_46,G1,B_batteries,G1-B_batteries-03,B03,existing
P15_23_46,G1,B_batteries,G1-B_batteries-04,B04,existing
P15_23_46,G2,B_batteries,G2-B_batteries-01,NEW-B_batteries-01,procurement_required
P15_23_46,G2,B_batteries,G2-B_batteries-02,NEW-B_batteries-02,procurement_required
P15_23_46,G2,B_batteries,G2-B_batteries-03,NEW-B_batteries-03,procurement_required
P15_23_46,G3,B_batteries,G3-B_batteries-01,NEW-B_batteries-04,procurement_required
P15_23_46,G1,C_batteries,G1-C_batteries-01,C01,existing
P15_23_46,G1,C_batteries,G1-C_batteries-02,C02,existing
P15_23_46,G2,C_batteries,G2-C_batteries-01,C03,existing
P15_23_46,G2,C_batteries,G2-C_batteries-02,C04,existing
P15_23_46,G2,C_batteries,G2-C_batteries-03,NEW-C_batteries-01,procurement_required
P15_23_46,G2,C_batteries,G2-C_batteries-04,NEW-C_batteries-02,procurement_required
P15_23_46,G3,C_batteries,G3-C_batteries-01,NEW-C_batteries-03,procurement_required
P15_23_46,G1,relay_aircraft,G1-relay_aircraft-01,R01,existing
P15_23_46,G2,relay_aircraft,G2-relay_aircraft-01,R02,existing
P15_23_46,G2,relay_aircraft,G2-relay_aircraft-02,NEW-relay_aircraft-01,procurement_required
P15_23_46,G1,relay_components,G1-relay_components-01,RE01,existing
P15_23_46,G2,relay_components,G2-relay_components-01,RE02,existing
P15_23_46,G2,relay_components,G2-relay_components-02,RE03,existing
P15_246_3,G1,A_aircraft,G1-A_aircraft-01,U01,existing
P15_246_3,G2,A_aircraft,G2-A_aircraft-01,U02,existing
P15_246_3,G3,A_aircraft,G3-A_aircraft-01,U03,existing
P15_246_3,G3,A_aircraft,G3-A_aircraft-02,U04,existing
P15_246_3,G3,A_aircraft,G3-A_aircraft-03,NEW-A_aircraft-01,procurement_required
P15_246_3,G3,A_aircraft,G3-A_aircraft-04,NEW-A_aircraft-02,procurement_required
P15_246_3,G1,B_aircraft,G1-B_aircraft-01,U05,existing
P15_246_3,G1,B_aircraft,G1-B_aircraft-02,U06,existing
P15_246_3,G2,B_aircraft,G2-B_aircraft-01,NEW-B_aircraft-01,procurement_required
P15_246_3,G2,B_aircraft,G2-B_aircraft-02,NEW-B_aircraft-02,procurement_required
P15_246_3,G3,B_aircraft,G3-B_aircraft-01,NEW-B_aircraft-03,procurement_required
P15_246_3,G1,C_aircraft,G1-C_aircraft-01,U07,existing
P15_246_3,G1,C_aircraft,G1-C_aircraft-02,U08,existing
P15_246_3,G2,C_aircraft,G2-C_aircraft-01,NEW-C_aircraft-01,procurement_required
P15_246_3,G2,C_aircraft,G2-C_aircraft-02,NEW-C_aircraft-02,procurement_required
P15_246_3,G3,C_aircraft,G3-C_aircraft-01,NEW-C_aircraft-03,procurement_required
P15_246_3,G1,A_batteries,G1-A_batteries-01,A01,existing
P15_246_3,G2,A_batteries,G2-A_batteries-01,A02,existing
P15_246_3,G2,A_batteries,G2-A_batteries-02,A03,existing
P15_246_3,G3,A_batteries,G3-A_batteries-01,A04,existing
P15_246_3,G3,A_batteries,G3-A_batteries-02,A05,existing
P15_246_3,G3,A_batteries,G3-A_batteries-03,A06,existing
P15_246_3,G3,A_batteries,G3-A_batteries-04,NEW-A_batteries-01,procurement_required
P15_246_3,G1,B_batteries,G1-B_batteries-01,B01,existing
P15_246_3,G1,B_batteries,G1-B_batteries-02,B02,existing
P15_246_3,G1,B_batteries,G1-B_batteries-03,B03,existing
P15_246_3,G1,B_batteries,G1-B_batteries-04,B04,existing
P15_246_3,G2,B_batteries,G2-B_batteries-01,NEW-B_batteries-01,procurement_required
P15_246_3,G2,B_batteries,G2-B_batteries-02,NEW-B_batteries-02,procurement_required
P15_246_3,G2,B_batteries,G2-B_batteries-03,NEW-B_batteries-03,procurement_required
P15_246_3,G3,B_batteries,G3-B_batteries-01,NEW-B_batteries-04,procurement_required
P15_246_3,G1,C_batteries,G1-C_batteries-01,C01,existing
P15_246_3,G1,C_batteries,G1-C_batteries-02,C02,existing
P15_246_3,G2,C_batteries,G2-C_batteries-01,C03,existing
P15_246_3,G2,C_batteries,G2-C_batteries-02,C04,existing
P15_246_3,G2,C_batteries,G2-C_batteries-03,NEW-C_batteries-01,procurement_required
P15_246_3,G3,C_batteries,G3-C_batteries-01,NEW-C_batteries-02,procurement_required
P15_246_3,G1,relay_aircraft,G1-relay_aircraft-01,R01,existing
P15_246_3,G2,relay_aircraft,G2-relay_aircraft-01,R02,existing
P15_246_3,G3,relay_aircraft,G3-relay_aircraft-01,NEW-relay_aircraft-01,procurement_required
P15_246_3,G1,relay_components,G1-relay_components-01,RE01,existing
P15_246_3,G2,relay_components,G2-relay_components-01,RE02,existing
P15_246_3,G3,relay_components,G3-relay_components-01,RE03,existing
P15_24_36,G1,A_aircraft,G1-A_aircraft-01,U01,existing
P15_24_36,G2,A_aircraft,G2-A_aircraft-01,U02,existing
P15_24_36,G3,A_aircraft,G3-A_aircraft-01,U03,existing
P15_24_36,G3,A_aircraft,G3-A_aircraft-02,U04,existing
P15_24_36,G3,A_aircraft,G3-A_aircraft-03,NEW-A_aircraft-01,procurement_required
P15_24_36,G3,A_aircraft,G3-A_aircraft-04,NEW-A_aircraft-02,procurement_required
P15_24_36,G1,B_aircraft,G1-B_aircraft-01,U05,existing
P15_24_36,G1,B_aircraft,G1-B_aircraft-02,U06,existing
P15_24_36,G2,B_aircraft,G2-B_aircraft-01,NEW-B_aircraft-01,procurement_required
P15_24_36,G3,B_aircraft,G3-B_aircraft-01,NEW-B_aircraft-02,procurement_required
P15_24_36,G1,C_aircraft,G1-C_aircraft-01,U07,existing
P15_24_36,G1,C_aircraft,G1-C_aircraft-02,U08,existing
P15_24_36,G2,C_aircraft,G2-C_aircraft-01,NEW-C_aircraft-01,procurement_required
P15_24_36,G2,C_aircraft,G2-C_aircraft-02,NEW-C_aircraft-02,procurement_required
P15_24_36,G3,C_aircraft,G3-C_aircraft-01,NEW-C_aircraft-03,procurement_required
P15_24_36,G1,A_batteries,G1-A_batteries-01,A01,existing
P15_24_36,G2,A_batteries,G2-A_batteries-01,A02,existing
P15_24_36,G2,A_batteries,G2-A_batteries-02,A03,existing
P15_24_36,G3,A_batteries,G3-A_batteries-01,A04,existing
P15_24_36,G3,A_batteries,G3-A_batteries-02,A05,existing
P15_24_36,G3,A_batteries,G3-A_batteries-03,A06,existing
P15_24_36,G3,A_batteries,G3-A_batteries-04,NEW-A_batteries-01,procurement_required
P15_24_36,G1,B_batteries,G1-B_batteries-01,B01,existing
P15_24_36,G1,B_batteries,G1-B_batteries-02,B02,existing
P15_24_36,G1,B_batteries,G1-B_batteries-03,B03,existing
P15_24_36,G1,B_batteries,G1-B_batteries-04,B04,existing
P15_24_36,G2,B_batteries,G2-B_batteries-01,NEW-B_batteries-01,procurement_required
P15_24_36,G2,B_batteries,G2-B_batteries-02,NEW-B_batteries-02,procurement_required
P15_24_36,G3,B_batteries,G3-B_batteries-01,NEW-B_batteries-03,procurement_required
P15_24_36,G3,B_batteries,G3-B_batteries-02,NEW-B_batteries-04,procurement_required
P15_24_36,G1,C_batteries,G1-C_batteries-01,C01,existing
P15_24_36,G1,C_batteries,G1-C_batteries-02,C02,existing
P15_24_36,G2,C_batteries,G2-C_batteries-01,C03,existing
P15_24_36,G2,C_batteries,G2-C_batteries-02,C04,existing
P15_24_36,G2,C_batteries,G2-C_batteries-03,NEW-C_batteries-01,procurement_required
P15_24_36,G3,C_batteries,G3-C_batteries-01,NEW-C_batteries-02,procurement_required
P15_24_36,G1,relay_aircraft,G1-relay_aircraft-01,R01,existing
P15_24_36,G2,relay_aircraft,G2-relay_aircraft-01,R02,existing
P15_24_36,G3,relay_aircraft,G3-relay_aircraft-01,NEW-relay_aircraft-01,procurement_required
P15_24_36,G1,relay_components,G1-relay_components-01,RE01,existing
P15_24_36,G2,relay_components,G2-relay_components-01,RE02,existing
P15_24_36,G3,relay_components,G3-relay_components-01,RE03,existing
P15_26_34,G1,A_aircraft,G1-A_aircraft-01,U01,existing
P15_26_34,G2,A_aircraft,G2-A_aircraft-01,U02,existing
P15_26_34,G3,A_aircraft,G3-A_aircraft-01,U03,existing
P15_26_34,G3,A_aircraft,G3-A_aircraft-02,U04,existing
P15_26_34,G3,A_aircraft,G3-A_aircraft-03,NEW-A_aircraft-01,procurement_required
P15_26_34,G3,A_aircraft,G3-A_aircraft-04,NEW-A_aircraft-02,procurement_required
P15_26_34,G1,B_aircraft,G1-B_aircraft-01,U05,existing
P15_26_34,G1,B_aircraft,G1-B_aircraft-02,U06,existing
P15_26_34,G2,B_aircraft,G2-B_aircraft-01,NEW-B_aircraft-01,procurement_required
P15_26_34,G2,B_aircraft,G2-B_aircraft-02,NEW-B_aircraft-02,procurement_required
P15_26_34,G3,B_aircraft,G3-B_aircraft-01,NEW-B_aircraft-03,procurement_required
P15_26_34,G1,C_aircraft,G1-C_aircraft-01,U07,existing
P15_26_34,G1,C_aircraft,G1-C_aircraft-02,U08,existing
P15_26_34,G2,C_aircraft,G2-C_aircraft-01,NEW-C_aircraft-01,procurement_required
P15_26_34,G2,C_aircraft,G2-C_aircraft-02,NEW-C_aircraft-02,procurement_required
P15_26_34,G3,C_aircraft,G3-C_aircraft-01,NEW-C_aircraft-03,procurement_required
P15_26_34,G1,A_batteries,G1-A_batteries-01,A01,existing
P15_26_34,G2,A_batteries,G2-A_batteries-01,A02,existing
P15_26_34,G3,A_batteries,G3-A_batteries-01,A03,existing
P15_26_34,G3,A_batteries,G3-A_batteries-02,A04,existing
P15_26_34,G3,A_batteries,G3-A_batteries-03,A05,existing
P15_26_34,G3,A_batteries,G3-A_batteries-04,A06,existing
P15_26_34,G1,B_batteries,G1-B_batteries-01,B01,existing
P15_26_34,G1,B_batteries,G1-B_batteries-02,B02,existing
P15_26_34,G1,B_batteries,G1-B_batteries-03,B03,existing
P15_26_34,G1,B_batteries,G1-B_batteries-04,B04,existing
P15_26_34,G2,B_batteries,G2-B_batteries-01,NEW-B_batteries-01,procurement_required
P15_26_34,G2,B_batteries,G2-B_batteries-02,NEW-B_batteries-02,procurement_required
P15_26_34,G2,B_batteries,G2-B_batteries-03,NEW-B_batteries-03,procurement_required
P15_26_34,G3,B_batteries,G3-B_batteries-01,NEW-B_batteries-04,procurement_required
P15_26_34,G1,C_batteries,G1-C_batteries-01,C01,existing
P15_26_34,G1,C_batteries,G1-C_batteries-02,C02,existing
P15_26_34,G2,C_batteries,G2-C_batteries-01,C03,existing
P15_26_34,G2,C_batteries,G2-C_batteries-02,C04,existing
P15_26_34,G2,C_batteries,G2-C_batteries-03,NEW-C_batteries-01,procurement_required
P15_26_34,G3,C_batteries,G3-C_batteries-01,NEW-C_batteries-02,procurement_required
P15_26_34,G1,relay_aircraft,G1-relay_aircraft-01,R01,existing
P15_26_34,G2,relay_aircraft,G2-relay_aircraft-01,R02,existing
P15_26_34,G3,relay_aircraft,G3-relay_aircraft-01,NEW-relay_aircraft-01,procurement_required
P15_26_34,G1,relay_components,G1-relay_components-01,RE01,existing
P15_26_34,G2,relay_components,G2-relay_components-01,RE02,existing
P15_26_34,G3,relay_components,G3-relay_components-01,RE03,existing
P15_2_346,G1,A_aircraft,G1-A_aircraft-01,U01,existing
P15_2_346,G2,A_aircraft,G2-A_aircraft-01,U02,existing
P15_2_346,G3,A_aircraft,G3-A_aircraft-01,U03,existing
P15_2_346,G3,A_aircraft,G3-A_aircraft-02,U04,existing
P15_2_346,G3,A_aircraft,G3-A_aircraft-03,NEW-A_aircraft-01,procurement_required
P15_2_346,G3,A_aircraft,G3-A_aircraft-04,NEW-A_aircraft-02,procurement_required
P15_2_346,G1,B_aircraft,G1-B_aircraft-01,U05,existing
P15_2_346,G1,B_aircraft,G1-B_aircraft-02,U06,existing
P15_2_346,G2,B_aircraft,G2-B_aircraft-01,NEW-B_aircraft-01,procurement_required
P15_2_346,G3,B_aircraft,G3-B_aircraft-01,NEW-B_aircraft-02,procurement_required
P15_2_346,G1,C_aircraft,G1-C_aircraft-01,U07,existing
P15_2_346,G1,C_aircraft,G1-C_aircraft-02,U08,existing
P15_2_346,G2,C_aircraft,G2-C_aircraft-01,NEW-C_aircraft-01,procurement_required
P15_2_346,G2,C_aircraft,G2-C_aircraft-02,NEW-C_aircraft-02,procurement_required
P15_2_346,G3,C_aircraft,G3-C_aircraft-01,NEW-C_aircraft-03,procurement_required
P15_2_346,G1,A_batteries,G1-A_batteries-01,A01,existing
P15_2_346,G2,A_batteries,G2-A_batteries-01,A02,existing
P15_2_346,G3,A_batteries,G3-A_batteries-01,A03,existing
P15_2_346,G3,A_batteries,G3-A_batteries-02,A04,existing
P15_2_346,G3,A_batteries,G3-A_batteries-03,A05,existing
P15_2_346,G3,A_batteries,G3-A_batteries-04,A06,existing
P15_2_346,G1,B_batteries,G1-B_batteries-01,B01,existing
P15_2_346,G1,B_batteries,G1-B_batteries-02,B02,existing
P15_2_346,G1,B_batteries,G1-B_batteries-03,B03,existing
P15_2_346,G1,B_batteries,G1-B_batteries-04,B04,existing
P15_2_346,G2,B_batteries,G2-B_batteries-01,NEW-B_batteries-01,procurement_required
P15_2_346,G2,B_batteries,G2-B_batteries-02,NEW-B_batteries-02,procurement_required
P15_2_346,G3,B_batteries,G3-B_batteries-01,NEW-B_batteries-03,procurement_required
P15_2_346,G3,B_batteries,G3-B_batteries-02,NEW-B_batteries-04,procurement_required
P15_2_346,G1,C_batteries,G1-C_batteries-01,C01,existing
P15_2_346,G1,C_batteries,G1-C_batteries-02,C02,existing
P15_2_346,G2,C_batteries,G2-C_batteries-01,C03,existing
P15_2_346,G2,C_batteries,G2-C_batteries-02,C04,existing
P15_2_346,G2,C_batteries,G2-C_batteries-03,NEW-C_batteries-01,procurement_required
P15_2_346,G3,C_batteries,G3-C_batteries-01,NEW-C_batteries-02,procurement_required
P15_2_346,G1,relay_aircraft,G1-relay_aircraft-01,R01,existing
P15_2_346,G2,relay_aircraft,G2-relay_aircraft-01,R02,existing
P15_2_346,G3,relay_aircraft,G3-relay_aircraft-01,NEW-relay_aircraft-01,procurement_required
P15_2_346,G1,relay_components,G1-relay_components-01,RE01,existing
P15_2_346,G2,relay_components,G2-relay_components-01,RE02,existing
P15_2_346,G3,relay_components,G3-relay_components-01,RE03,existing
P16_2345,G1,A_aircraft,G1-A_aircraft-01,U01,existing
P16_2345,G2,A_aircraft,G2-A_aircraft-01,U02,existing
P16_2345,G2,A_aircraft,G2-A_aircraft-02,U03,existing
P16_2345,G2,A_aircraft,G2-A_aircraft-03,U04,existing
P16_2345,G2,A_aircraft,G2-A_aircraft-04,NEW-A_aircraft-01,procurement_required
P16_2345,G1,B_aircraft,G1-B_aircraft-01,U05,existing
P16_2345,G2,B_aircraft,G2-B_aircraft-01,U06,existing
P16_2345,G2,B_aircraft,G2-B_aircraft-02,NEW-B_aircraft-01,procurement_required
P16_2345,G1,C_aircraft,G1-C_aircraft-01,U07,existing
P16_2345,G1,C_aircraft,G1-C_aircraft-02,U08,existing
P16_2345,G2,C_aircraft,G2-C_aircraft-01,NEW-C_aircraft-01,procurement_required
P16_2345,G2,C_aircraft,G2-C_aircraft-02,NEW-C_aircraft-02,procurement_required
P16_2345,G1,A_batteries,G1-A_batteries-01,A01,existing
P16_2345,G2,A_batteries,G2-A_batteries-01,A02,existing
P16_2345,G2,A_batteries,G2-A_batteries-02,A03,existing
P16_2345,G2,A_batteries,G2-A_batteries-03,A04,existing
P16_2345,G2,A_batteries,G2-A_batteries-04,A05,existing
P16_2345,G2,A_batteries,G2-A_batteries-05,A06,existing
P16_2345,G1,B_batteries,G1-B_batteries-01,B01,existing
P16_2345,G2,B_batteries,G2-B_batteries-01,B02,existing
P16_2345,G2,B_batteries,G2-B_batteries-02,B03,existing
P16_2345,G2,B_batteries,G2-B_batteries-03,B04,existing
P16_2345,G2,B_batteries,G2-B_batteries-04,NEW-B_batteries-01,procurement_required
P16_2345,G1,C_batteries,G1-C_batteries-01,C01,existing
P16_2345,G1,C_batteries,G1-C_batteries-02,C02,existing
P16_2345,G2,C_batteries,G2-C_batteries-01,C03,existing
P16_2345,G2,C_batteries,G2-C_batteries-02,C04,existing
P16_2345,G2,C_batteries,G2-C_batteries-03,NEW-C_batteries-01,procurement_required
P16_2345,G2,C_batteries,G2-C_batteries-04,NEW-C_batteries-02,procurement_required
P16_2345,G2,relay_aircraft,G2-relay_aircraft-01,R01,existing
P16_2345,G2,relay_aircraft,G2-relay_aircraft-02,R02,existing
P16_2345,G2,relay_components,G2-relay_components-01,RE01,existing
P16_2345,G2,relay_components,G2-relay_components-02,RE02,existing
P16_2345,G2,relay_components,G2-relay_components-03,RE03,existing
P16_234_5,G1,A_aircraft,G1-A_aircraft-01,U01,existing
P16_234_5,G2,A_aircraft,G2-A_aircraft-01,U02,existing
P16_234_5,G2,A_aircraft,G2-A_aircraft-02,U03,existing
P16_234_5,G2,A_aircraft,G2-A_aircraft-03,U04,existing
P16_234_5,G2,A_aircraft,G2-A_aircraft-04,NEW-A_aircraft-01,procurement_required
P16_234_5,G1,B_aircraft,G1-B_aircraft-01,U05,existing
P16_234_5,G2,B_aircraft,G2-B_aircraft-01,U06,existing
P16_234_5,G2,B_aircraft,G2-B_aircraft-02,NEW-B_aircraft-01,procurement_required
P16_234_5,G3,B_aircraft,G3-B_aircraft-01,NEW-B_aircraft-02,procurement_required
P16_234_5,G3,B_aircraft,G3-B_aircraft-02,NEW-B_aircraft-03,procurement_required
P16_234_5,G1,C_aircraft,G1-C_aircraft-01,U07,existing
P16_234_5,G1,C_aircraft,G1-C_aircraft-02,U08,existing
P16_234_5,G2,C_aircraft,G2-C_aircraft-01,NEW-C_aircraft-01,procurement_required
P16_234_5,G2,C_aircraft,G2-C_aircraft-02,NEW-C_aircraft-02,procurement_required
P16_234_5,G1,A_batteries,G1-A_batteries-01,A01,existing
P16_234_5,G2,A_batteries,G2-A_batteries-01,A02,existing
P16_234_5,G2,A_batteries,G2-A_batteries-02,A03,existing
P16_234_5,G2,A_batteries,G2-A_batteries-03,A04,existing
P16_234_5,G2,A_batteries,G2-A_batteries-04,A05,existing
P16_234_5,G2,A_batteries,G2-A_batteries-05,A06,existing
P16_234_5,G1,B_batteries,G1-B_batteries-01,B01,existing
P16_234_5,G2,B_batteries,G2-B_batteries-01,B02,existing
P16_234_5,G2,B_batteries,G2-B_batteries-02,B03,existing
P16_234_5,G2,B_batteries,G2-B_batteries-03,B04,existing
P16_234_5,G3,B_batteries,G3-B_batteries-01,NEW-B_batteries-01,procurement_required
P16_234_5,G3,B_batteries,G3-B_batteries-02,NEW-B_batteries-02,procurement_required
P16_234_5,G3,B_batteries,G3-B_batteries-03,NEW-B_batteries-03,procurement_required
P16_234_5,G3,B_batteries,G3-B_batteries-04,NEW-B_batteries-04,procurement_required
P16_234_5,G1,C_batteries,G1-C_batteries-01,C01,existing
P16_234_5,G1,C_batteries,G1-C_batteries-02,C02,existing
P16_234_5,G2,C_batteries,G2-C_batteries-01,C03,existing
P16_234_5,G2,C_batteries,G2-C_batteries-02,C04,existing
P16_234_5,G2,C_batteries,G2-C_batteries-03,NEW-C_batteries-01,procurement_required
P16_234_5,G2,C_batteries,G2-C_batteries-04,NEW-C_batteries-02,procurement_required
P16_234_5,G2,relay_aircraft,G2-relay_aircraft-01,R01,existing
P16_234_5,G2,relay_aircraft,G2-relay_aircraft-02,R02,existing
P16_234_5,G3,relay_aircraft,G3-relay_aircraft-01,NEW-relay_aircraft-01,procurement_required
P16_234_5,G2,relay_components,G2-relay_components-01,RE01,existing
P16_234_5,G2,relay_components,G2-relay_components-02,RE02,existing
P16_234_5,G3,relay_components,G3-relay_components-01,RE03,existing
P16_235_4,G1,A_aircraft,G1-A_aircraft-01,U01,existing
P16_235_4,G2,A_aircraft,G2-A_aircraft-01,U02,existing
P16_235_4,G2,A_aircraft,G2-A_aircraft-02,U03,existing
P16_235_4,G2,A_aircraft,G2-A_aircraft-03,U04,existing
P16_235_4,G2,A_aircraft,G2-A_aircraft-04,NEW-A_aircraft-01,procurement_required
P16_235_4,G3,A_aircraft,G3-A_aircraft-01,NEW-A_aircraft-02,procurement_required
P16_235_4,G1,B_aircraft,G1-B_aircraft-01,U05,existing
P16_235_4,G2,B_aircraft,G2-B_aircraft-01,U06,existing
P16_235_4,G2,B_aircraft,G2-B_aircraft-02,NEW-B_aircraft-01,procurement_required
P16_235_4,G1,C_aircraft,G1-C_aircraft-01,U07,existing
P16_235_4,G1,C_aircraft,G1-C_aircraft-02,U08,existing
P16_235_4,G2,C_aircraft,G2-C_aircraft-01,NEW-C_aircraft-01,procurement_required
P16_235_4,G2,C_aircraft,G2-C_aircraft-02,NEW-C_aircraft-02,procurement_required
P16_235_4,G3,C_aircraft,G3-C_aircraft-01,NEW-C_aircraft-03,procurement_required
P16_235_4,G1,A_batteries,G1-A_batteries-01,A01,existing
P16_235_4,G2,A_batteries,G2-A_batteries-01,A02,existing
P16_235_4,G2,A_batteries,G2-A_batteries-02,A03,existing
P16_235_4,G2,A_batteries,G2-A_batteries-03,A04,existing
P16_235_4,G2,A_batteries,G2-A_batteries-04,A05,existing
P16_235_4,G2,A_batteries,G2-A_batteries-05,A06,existing
P16_235_4,G3,A_batteries,G3-A_batteries-01,NEW-A_batteries-01,procurement_required
P16_235_4,G1,B_batteries,G1-B_batteries-01,B01,existing
P16_235_4,G2,B_batteries,G2-B_batteries-01,B02,existing
P16_235_4,G2,B_batteries,G2-B_batteries-02,B03,existing
P16_235_4,G2,B_batteries,G2-B_batteries-03,B04,existing
P16_235_4,G2,B_batteries,G2-B_batteries-04,NEW-B_batteries-01,procurement_required
P16_235_4,G1,C_batteries,G1-C_batteries-01,C01,existing
P16_235_4,G1,C_batteries,G1-C_batteries-02,C02,existing
P16_235_4,G2,C_batteries,G2-C_batteries-01,C03,existing
P16_235_4,G2,C_batteries,G2-C_batteries-02,C04,existing
P16_235_4,G2,C_batteries,G2-C_batteries-03,NEW-C_batteries-01,procurement_required
P16_235_4,G2,C_batteries,G2-C_batteries-04,NEW-C_batteries-02,procurement_required
P16_235_4,G3,C_batteries,G3-C_batteries-01,NEW-C_batteries-03,procurement_required
P16_235_4,G2,relay_aircraft,G2-relay_aircraft-01,R01,existing
P16_235_4,G2,relay_aircraft,G2-relay_aircraft-02,R02,existing
P16_235_4,G2,relay_components,G2-relay_components-01,RE01,existing
P16_235_4,G2,relay_components,G2-relay_components-02,RE02,existing
P16_235_4,G2,relay_components,G2-relay_components-03,RE03,existing
P16_23_45,G1,A_aircraft,G1-A_aircraft-01,U01,existing
P16_23_45,G2,A_aircraft,G2-A_aircraft-01,U02,existing
P16_23_45,G2,A_aircraft,G2-A_aircraft-02,U03,existing
P16_23_45,G2,A_aircraft,G2-A_aircraft-03,U04,existing
P16_23_45,G2,A_aircraft,G2-A_aircraft-04,NEW-A_aircraft-01,procurement_required
P16_23_45,G3,A_aircraft,G3-A_aircraft-01,NEW-A_aircraft-02,procurement_required
P16_23_45,G1,B_aircraft,G1-B_aircraft-01,U05,existing
P16_23_45,G2,B_aircraft,G2-B_aircraft-01,U06,existing
P16_23_45,G2,B_aircraft,G2-B_aircraft-02,NEW-B_aircraft-01,procurement_required
P16_23_45,G3,B_aircraft,G3-B_aircraft-01,NEW-B_aircraft-02,procurement_required
P16_23_45,G3,B_aircraft,G3-B_aircraft-02,NEW-B_aircraft-03,procurement_required
P16_23_45,G1,C_aircraft,G1-C_aircraft-01,U07,existing
P16_23_45,G1,C_aircraft,G1-C_aircraft-02,U08,existing
P16_23_45,G2,C_aircraft,G2-C_aircraft-01,NEW-C_aircraft-01,procurement_required
P16_23_45,G2,C_aircraft,G2-C_aircraft-02,NEW-C_aircraft-02,procurement_required
P16_23_45,G3,C_aircraft,G3-C_aircraft-01,NEW-C_aircraft-03,procurement_required
P16_23_45,G1,A_batteries,G1-A_batteries-01,A01,existing
P16_23_45,G2,A_batteries,G2-A_batteries-01,A02,existing
P16_23_45,G2,A_batteries,G2-A_batteries-02,A03,existing
P16_23_45,G2,A_batteries,G2-A_batteries-03,A04,existing
P16_23_45,G2,A_batteries,G2-A_batteries-04,A05,existing
P16_23_45,G2,A_batteries,G2-A_batteries-05,A06,existing
P16_23_45,G3,A_batteries,G3-A_batteries-01,NEW-A_batteries-01,procurement_required
P16_23_45,G1,B_batteries,G1-B_batteries-01,B01,existing
P16_23_45,G2,B_batteries,G2-B_batteries-01,B02,existing
P16_23_45,G2,B_batteries,G2-B_batteries-02,B03,existing
P16_23_45,G2,B_batteries,G2-B_batteries-03,B04,existing
P16_23_45,G3,B_batteries,G3-B_batteries-01,NEW-B_batteries-01,procurement_required
P16_23_45,G3,B_batteries,G3-B_batteries-02,NEW-B_batteries-02,procurement_required
P16_23_45,G3,B_batteries,G3-B_batteries-03,NEW-B_batteries-03,procurement_required
P16_23_45,G3,B_batteries,G3-B_batteries-04,NEW-B_batteries-04,procurement_required
P16_23_45,G1,C_batteries,G1-C_batteries-01,C01,existing
P16_23_45,G1,C_batteries,G1-C_batteries-02,C02,existing
P16_23_45,G2,C_batteries,G2-C_batteries-01,C03,existing
P16_23_45,G2,C_batteries,G2-C_batteries-02,C04,existing
P16_23_45,G2,C_batteries,G2-C_batteries-03,NEW-C_batteries-01,procurement_required
P16_23_45,G2,C_batteries,G2-C_batteries-04,NEW-C_batteries-02,procurement_required
P16_23_45,G3,C_batteries,G3-C_batteries-01,NEW-C_batteries-03,procurement_required
P16_23_45,G2,relay_aircraft,G2-relay_aircraft-01,R01,existing
P16_23_45,G2,relay_aircraft,G2-relay_aircraft-02,R02,existing
P16_23_45,G3,relay_aircraft,G3-relay_aircraft-01,NEW-relay_aircraft-01,procurement_required
P16_23_45,G2,relay_components,G2-relay_components-01,RE01,existing
P16_23_45,G2,relay_components,G2-relay_components-02,RE02,existing
P16_23_45,G3,relay_components,G3-relay_components-01,RE03,existing
P16_245_3,G1,A_aircraft,G1-A_aircraft-01,U01,existing
P16_245_3,G2,A_aircraft,G2-A_aircraft-01,U02,existing
P16_245_3,G3,A_aircraft,G3-A_aircraft-01,U03,existing
P16_245_3,G3,A_aircraft,G3-A_aircraft-02,U04,existing
P16_245_3,G3,A_aircraft,G3-A_aircraft-03,NEW-A_aircraft-01,procurement_required
P16_245_3,G3,A_aircraft,G3-A_aircraft-04,NEW-A_aircraft-02,procurement_required
P16_245_3,G1,B_aircraft,G1-B_aircraft-01,U05,existing
P16_245_3,G2,B_aircraft,G2-B_aircraft-01,U06,existing
P16_245_3,G2,B_aircraft,G2-B_aircraft-02,NEW-B_aircraft-01,procurement_required
P16_245_3,G3,B_aircraft,G3-B_aircraft-01,NEW-B_aircraft-02,procurement_required
P16_245_3,G1,C_aircraft,G1-C_aircraft-01,U07,existing
P16_245_3,G1,C_aircraft,G1-C_aircraft-02,U08,existing
P16_245_3,G2,C_aircraft,G2-C_aircraft-01,NEW-C_aircraft-01,procurement_required
P16_245_3,G2,C_aircraft,G2-C_aircraft-02,NEW-C_aircraft-02,procurement_required
P16_245_3,G3,C_aircraft,G3-C_aircraft-01,NEW-C_aircraft-03,procurement_required
P16_245_3,G1,A_batteries,G1-A_batteries-01,A01,existing
P16_245_3,G2,A_batteries,G2-A_batteries-01,A02,existing
P16_245_3,G2,A_batteries,G2-A_batteries-02,A03,existing
P16_245_3,G3,A_batteries,G3-A_batteries-01,A04,existing
P16_245_3,G3,A_batteries,G3-A_batteries-02,A05,existing
P16_245_3,G3,A_batteries,G3-A_batteries-03,A06,existing
P16_245_3,G3,A_batteries,G3-A_batteries-04,NEW-A_batteries-01,procurement_required
P16_245_3,G1,B_batteries,G1-B_batteries-01,B01,existing
P16_245_3,G2,B_batteries,G2-B_batteries-01,B02,existing
P16_245_3,G2,B_batteries,G2-B_batteries-02,B03,existing
P16_245_3,G2,B_batteries,G2-B_batteries-03,B04,existing
P16_245_3,G2,B_batteries,G2-B_batteries-04,NEW-B_batteries-01,procurement_required
P16_245_3,G3,B_batteries,G3-B_batteries-01,NEW-B_batteries-02,procurement_required
P16_245_3,G1,C_batteries,G1-C_batteries-01,C01,existing
P16_245_3,G1,C_batteries,G1-C_batteries-02,C02,existing
P16_245_3,G2,C_batteries,G2-C_batteries-01,C03,existing
P16_245_3,G2,C_batteries,G2-C_batteries-02,C04,existing
P16_245_3,G2,C_batteries,G2-C_batteries-03,NEW-C_batteries-01,procurement_required
P16_245_3,G3,C_batteries,G3-C_batteries-01,NEW-C_batteries-02,procurement_required
P16_245_3,G2,relay_aircraft,G2-relay_aircraft-01,R01,existing
P16_245_3,G2,relay_aircraft,G2-relay_aircraft-02,R02,existing
P16_245_3,G3,relay_aircraft,G3-relay_aircraft-01,NEW-relay_aircraft-01,procurement_required
P16_245_3,G2,relay_components,G2-relay_components-01,RE01,existing
P16_245_3,G2,relay_components,G2-relay_components-02,RE02,existing
P16_245_3,G3,relay_components,G3-relay_components-01,RE03,existing
P16_24_35,G1,A_aircraft,G1-A_aircraft-01,U01,existing
P16_24_35,G2,A_aircraft,G2-A_aircraft-01,U02,existing
P16_24_35,G3,A_aircraft,G3-A_aircraft-01,U03,existing
P16_24_35,G3,A_aircraft,G3-A_aircraft-02,U04,existing
P16_24_35,G3,A_aircraft,G3-A_aircraft-03,NEW-A_aircraft-01,procurement_required
P16_24_35,G3,A_aircraft,G3-A_aircraft-04,NEW-A_aircraft-02,procurement_required
P16_24_35,G1,B_aircraft,G1-B_aircraft-01,U05,existing
P16_24_35,G2,B_aircraft,G2-B_aircraft-01,U06,existing
P16_24_35,G3,B_aircraft,G3-B_aircraft-01,NEW-B_aircraft-01,procurement_required
P16_24_35,G3,B_aircraft,G3-B_aircraft-02,NEW-B_aircraft-02,procurement_required
P16_24_35,G1,C_aircraft,G1-C_aircraft-01,U07,existing
P16_24_35,G1,C_aircraft,G1-C_aircraft-02,U08,existing
P16_24_35,G2,C_aircraft,G2-C_aircraft-01,NEW-C_aircraft-01,procurement_required
P16_24_35,G2,C_aircraft,G2-C_aircraft-02,NEW-C_aircraft-02,procurement_required
P16_24_35,G3,C_aircraft,G3-C_aircraft-01,NEW-C_aircraft-03,procurement_required
P16_24_35,G1,A_batteries,G1-A_batteries-01,A01,existing
P16_24_35,G2,A_batteries,G2-A_batteries-01,A02,existing
P16_24_35,G2,A_batteries,G2-A_batteries-02,A03,existing
P16_24_35,G3,A_batteries,G3-A_batteries-01,A04,existing
P16_24_35,G3,A_batteries,G3-A_batteries-02,A05,existing
P16_24_35,G3,A_batteries,G3-A_batteries-03,A06,existing
P16_24_35,G3,A_batteries,G3-A_batteries-04,NEW-A_batteries-01,procurement_required
P16_24_35,G1,B_batteries,G1-B_batteries-01,B01,existing
P16_24_35,G2,B_batteries,G2-B_batteries-01,B02,existing
P16_24_35,G2,B_batteries,G2-B_batteries-02,B03,existing
P16_24_35,G3,B_batteries,G3-B_batteries-01,B04,existing
P16_24_35,G3,B_batteries,G3-B_batteries-02,NEW-B_batteries-01,procurement_required
P16_24_35,G3,B_batteries,G3-B_batteries-03,NEW-B_batteries-02,procurement_required
P16_24_35,G3,B_batteries,G3-B_batteries-04,NEW-B_batteries-03,procurement_required
P16_24_35,G1,C_batteries,G1-C_batteries-01,C01,existing
P16_24_35,G1,C_batteries,G1-C_batteries-02,C02,existing
P16_24_35,G2,C_batteries,G2-C_batteries-01,C03,existing
P16_24_35,G2,C_batteries,G2-C_batteries-02,C04,existing
P16_24_35,G2,C_batteries,G2-C_batteries-03,NEW-C_batteries-01,procurement_required
P16_24_35,G3,C_batteries,G3-C_batteries-01,NEW-C_batteries-02,procurement_required
P16_24_35,G2,relay_aircraft,G2-relay_aircraft-01,R01,existing
P16_24_35,G3,relay_aircraft,G3-relay_aircraft-01,R02,existing
P16_24_35,G3,relay_aircraft,G3-relay_aircraft-02,NEW-relay_aircraft-01,procurement_required
P16_24_35,G2,relay_components,G2-relay_components-01,RE01,existing
P16_24_35,G3,relay_components,G3-relay_components-01,RE02,existing
P16_24_35,G3,relay_components,G3-relay_components-02,RE03,existing
P16_25_34,G1,A_aircraft,G1-A_aircraft-01,U01,existing
P16_25_34,G2,A_aircraft,G2-A_aircraft-01,U02,existing
P16_25_34,G3,A_aircraft,G3-A_aircraft-01,U03,existing
P16_25_34,G3,A_aircraft,G3-A_aircraft-02,U04,existing
P16_25_34,G3,A_aircraft,G3-A_aircraft-03,NEW-A_aircraft-01,procurement_required
P16_25_34,G3,A_aircraft,G3-A_aircraft-04,NEW-A_aircraft-02,procurement_required
P16_25_34,G1,B_aircraft,G1-B_aircraft-01,U05,existing
P16_25_34,G2,B_aircraft,G2-B_aircraft-01,U06,existing
P16_25_34,G2,B_aircraft,G2-B_aircraft-02,NEW-B_aircraft-01,procurement_required
P16_25_34,G3,B_aircraft,G3-B_aircraft-01,NEW-B_aircraft-02,procurement_required
P16_25_34,G1,C_aircraft,G1-C_aircraft-01,U07,existing
P16_25_34,G1,C_aircraft,G1-C_aircraft-02,U08,existing
P16_25_34,G2,C_aircraft,G2-C_aircraft-01,NEW-C_aircraft-01,procurement_required
P16_25_34,G2,C_aircraft,G2-C_aircraft-02,NEW-C_aircraft-02,procurement_required
P16_25_34,G3,C_aircraft,G3-C_aircraft-01,NEW-C_aircraft-03,procurement_required
P16_25_34,G1,A_batteries,G1-A_batteries-01,A01,existing
P16_25_34,G2,A_batteries,G2-A_batteries-01,A02,existing
P16_25_34,G3,A_batteries,G3-A_batteries-01,A03,existing
P16_25_34,G3,A_batteries,G3-A_batteries-02,A04,existing
P16_25_34,G3,A_batteries,G3-A_batteries-03,A05,existing
P16_25_34,G3,A_batteries,G3-A_batteries-04,A06,existing
P16_25_34,G1,B_batteries,G1-B_batteries-01,B01,existing
P16_25_34,G2,B_batteries,G2-B_batteries-01,B02,existing
P16_25_34,G2,B_batteries,G2-B_batteries-02,B03,existing
P16_25_34,G2,B_batteries,G2-B_batteries-03,B04,existing
P16_25_34,G2,B_batteries,G2-B_batteries-04,NEW-B_batteries-01,procurement_required
P16_25_34,G3,B_batteries,G3-B_batteries-01,NEW-B_batteries-02,procurement_required
P16_25_34,G1,C_batteries,G1-C_batteries-01,C01,existing
P16_25_34,G1,C_batteries,G1-C_batteries-02,C02,existing
P16_25_34,G2,C_batteries,G2-C_batteries-01,C03,existing
P16_25_34,G2,C_batteries,G2-C_batteries-02,C04,existing
P16_25_34,G2,C_batteries,G2-C_batteries-03,NEW-C_batteries-01,procurement_required
P16_25_34,G3,C_batteries,G3-C_batteries-01,NEW-C_batteries-02,procurement_required
P16_25_34,G2,relay_aircraft,G2-relay_aircraft-01,R01,existing
P16_25_34,G2,relay_aircraft,G2-relay_aircraft-02,R02,existing
P16_25_34,G3,relay_aircraft,G3-relay_aircraft-01,NEW-relay_aircraft-01,procurement_required
P16_25_34,G2,relay_components,G2-relay_components-01,RE01,existing
P16_25_34,G2,relay_components,G2-relay_components-02,RE02,existing
P16_25_34,G3,relay_components,G3-relay_components-01,RE03,existing
P16_2_345,G1,A_aircraft,G1-A_aircraft-01,U01,existing
P16_2_345,G2,A_aircraft,G2-A_aircraft-01,U02,existing
P16_2_345,G3,A_aircraft,G3-A_aircraft-01,U03,existing
P16_2_345,G3,A_aircraft,G3-A_aircraft-02,U04,existing
P16_2_345,G3,A_aircraft,G3-A_aircraft-03,NEW-A_aircraft-01,procurement_required
P16_2_345,G3,A_aircraft,G3-A_aircraft-04,NEW-A_aircraft-02,procurement_required
P16_2_345,G1,B_aircraft,G1-B_aircraft-01,U05,existing
P16_2_345,G2,B_aircraft,G2-B_aircraft-01,U06,existing
P16_2_345,G3,B_aircraft,G3-B_aircraft-01,NEW-B_aircraft-01,procurement_required
P16_2_345,G3,B_aircraft,G3-B_aircraft-02,NEW-B_aircraft-02,procurement_required
P16_2_345,G1,C_aircraft,G1-C_aircraft-01,U07,existing
P16_2_345,G1,C_aircraft,G1-C_aircraft-02,U08,existing
P16_2_345,G2,C_aircraft,G2-C_aircraft-01,NEW-C_aircraft-01,procurement_required
P16_2_345,G2,C_aircraft,G2-C_aircraft-02,NEW-C_aircraft-02,procurement_required
P16_2_345,G3,C_aircraft,G3-C_aircraft-01,NEW-C_aircraft-03,procurement_required
P16_2_345,G1,A_batteries,G1-A_batteries-01,A01,existing
P16_2_345,G2,A_batteries,G2-A_batteries-01,A02,existing
P16_2_345,G3,A_batteries,G3-A_batteries-01,A03,existing
P16_2_345,G3,A_batteries,G3-A_batteries-02,A04,existing
P16_2_345,G3,A_batteries,G3-A_batteries-03,A05,existing
P16_2_345,G3,A_batteries,G3-A_batteries-04,A06,existing
P16_2_345,G1,B_batteries,G1-B_batteries-01,B01,existing
P16_2_345,G2,B_batteries,G2-B_batteries-01,B02,existing
P16_2_345,G2,B_batteries,G2-B_batteries-02,B03,existing
P16_2_345,G3,B_batteries,G3-B_batteries-01,B04,existing
P16_2_345,G3,B_batteries,G3-B_batteries-02,NEW-B_batteries-01,procurement_required
P16_2_345,G3,B_batteries,G3-B_batteries-03,NEW-B_batteries-02,procurement_required
P16_2_345,G3,B_batteries,G3-B_batteries-04,NEW-B_batteries-03,procurement_required
P16_2_345,G1,C_batteries,G1-C_batteries-01,C01,existing
P16_2_345,G1,C_batteries,G1-C_batteries-02,C02,existing
P16_2_345,G2,C_batteries,G2-C_batteries-01,C03,existing
P16_2_345,G2,C_batteries,G2-C_batteries-02,C04,existing
P16_2_345,G2,C_batteries,G2-C_batteries-03,NEW-C_batteries-01,procurement_required
P16_2_345,G3,C_batteries,G3-C_batteries-01,NEW-C_batteries-02,procurement_required
P16_2_345,G2,relay_aircraft,G2-relay_aircraft-01,R01,existing
P16_2_345,G3,relay_aircraft,G3-relay_aircraft-01,R02,existing
P16_2_345,G3,relay_aircraft,G3-relay_aircraft-02,NEW-relay_aircraft-01,procurement_required
P16_2_345,G2,relay_components,G2-relay_components-01,RE01,existing
P16_2_345,G3,relay_components,G3-relay_components-01,RE02,existing
P16_2_345,G3,relay_components,G3-relay_components-02,RE03,existing
P1_23456,G1,A_aircraft,G1-A_aircraft-01,U01,existing
P1_23456,G2,A_aircraft,G2-A_aircraft-01,U02,existing
P1_23456,G2,A_aircraft,G2-A_aircraft-02,U03,existing
P1_23456,G2,A_aircraft,G2-A_aircraft-03,U04,existing
P1_23456,G2,A_aircraft,G2-A_aircraft-04,NEW-A_aircraft-01,procurement_required
P1_23456,G2,B_aircraft,G2-B_aircraft-01,U05,existing
P1_23456,G2,B_aircraft,G2-B_aircraft-02,U06,existing
P1_23456,G1,C_aircraft,G1-C_aircraft-01,U07,existing
P1_23456,G1,C_aircraft,G1-C_aircraft-02,U08,existing
P1_23456,G2,C_aircraft,G2-C_aircraft-01,NEW-C_aircraft-01,procurement_required
P1_23456,G2,C_aircraft,G2-C_aircraft-02,NEW-C_aircraft-02,procurement_required
P1_23456,G1,A_batteries,G1-A_batteries-01,A01,existing
P1_23456,G2,A_batteries,G2-A_batteries-01,A02,existing
P1_23456,G2,A_batteries,G2-A_batteries-02,A03,existing
P1_23456,G2,A_batteries,G2-A_batteries-03,A04,existing
P1_23456,G2,A_batteries,G2-A_batteries-04,A05,existing
P1_23456,G2,A_batteries,G2-A_batteries-05,A06,existing
P1_23456,G2,B_batteries,G2-B_batteries-01,B01,existing
P1_23456,G2,B_batteries,G2-B_batteries-02,B02,existing
P1_23456,G2,B_batteries,G2-B_batteries-03,B03,existing
P1_23456,G2,B_batteries,G2-B_batteries-04,B04,existing
P1_23456,G1,C_batteries,G1-C_batteries-01,C01,existing
P1_23456,G1,C_batteries,G1-C_batteries-02,C02,existing
P1_23456,G2,C_batteries,G2-C_batteries-01,C03,existing
P1_23456,G2,C_batteries,G2-C_batteries-02,C04,existing
P1_23456,G2,C_batteries,G2-C_batteries-03,NEW-C_batteries-01,procurement_required
P1_23456,G2,C_batteries,G2-C_batteries-04,NEW-C_batteries-02,procurement_required
P1_23456,G2,relay_aircraft,G2-relay_aircraft-01,R01,existing
P1_23456,G2,relay_aircraft,G2-relay_aircraft-02,R02,existing
P1_23456,G2,relay_components,G2-relay_components-01,RE01,existing
P1_23456,G2,relay_components,G2-relay_components-02,RE02,existing
P1_23456,G2,relay_components,G2-relay_components-03,RE03,existing
P1_2345_6,G1,A_aircraft,G1-A_aircraft-01,U01,existing
P1_2345_6,G2,A_aircraft,G2-A_aircraft-01,U02,existing
P1_2345_6,G2,A_aircraft,G2-A_aircraft-02,U03,existing
P1_2345_6,G2,A_aircraft,G2-A_aircraft-03,U04,existing
P1_2345_6,G2,A_aircraft,G2-A_aircraft-04,NEW-A_aircraft-01,procurement_required
P1_2345_6,G2,B_aircraft,G2-B_aircraft-01,U05,existing
P1_2345_6,G2,B_aircraft,G2-B_aircraft-02,U06,existing
P1_2345_6,G3,B_aircraft,G3-B_aircraft-01,NEW-B_aircraft-01,procurement_required
P1_2345_6,G1,C_aircraft,G1-C_aircraft-01,U07,existing
P1_2345_6,G1,C_aircraft,G1-C_aircraft-02,U08,existing
P1_2345_6,G2,C_aircraft,G2-C_aircraft-01,NEW-C_aircraft-01,procurement_required
P1_2345_6,G2,C_aircraft,G2-C_aircraft-02,NEW-C_aircraft-02,procurement_required
P1_2345_6,G1,A_batteries,G1-A_batteries-01,A01,existing
P1_2345_6,G2,A_batteries,G2-A_batteries-01,A02,existing
P1_2345_6,G2,A_batteries,G2-A_batteries-02,A03,existing
P1_2345_6,G2,A_batteries,G2-A_batteries-03,A04,existing
P1_2345_6,G2,A_batteries,G2-A_batteries-04,A05,existing
P1_2345_6,G2,A_batteries,G2-A_batteries-05,A06,existing
P1_2345_6,G2,B_batteries,G2-B_batteries-01,B01,existing
P1_2345_6,G2,B_batteries,G2-B_batteries-02,B02,existing
P1_2345_6,G2,B_batteries,G2-B_batteries-03,B03,existing
P1_2345_6,G2,B_batteries,G2-B_batteries-04,B04,existing
P1_2345_6,G3,B_batteries,G3-B_batteries-01,NEW-B_batteries-01,procurement_required
P1_2345_6,G1,C_batteries,G1-C_batteries-01,C01,existing
P1_2345_6,G1,C_batteries,G1-C_batteries-02,C02,existing
P1_2345_6,G2,C_batteries,G2-C_batteries-01,C03,existing
P1_2345_6,G2,C_batteries,G2-C_batteries-02,C04,existing
P1_2345_6,G2,C_batteries,G2-C_batteries-03,NEW-C_batteries-01,procurement_required
P1_2345_6,G2,C_batteries,G2-C_batteries-04,NEW-C_batteries-02,procurement_required
P1_2345_6,G2,relay_aircraft,G2-relay_aircraft-01,R01,existing
P1_2345_6,G2,relay_aircraft,G2-relay_aircraft-02,R02,existing
P1_2345_6,G2,relay_components,G2-relay_components-01,RE01,existing
P1_2345_6,G2,relay_components,G2-relay_components-02,RE02,existing
P1_2345_6,G2,relay_components,G2-relay_components-03,RE03,existing
P1_2346_5,G1,A_aircraft,G1-A_aircraft-01,U01,existing
P1_2346_5,G2,A_aircraft,G2-A_aircraft-01,U02,existing
P1_2346_5,G2,A_aircraft,G2-A_aircraft-02,U03,existing
P1_2346_5,G2,A_aircraft,G2-A_aircraft-03,U04,existing
P1_2346_5,G2,A_aircraft,G2-A_aircraft-04,NEW-A_aircraft-01,procurement_required
P1_2346_5,G2,B_aircraft,G2-B_aircraft-01,U05,existing
P1_2346_5,G2,B_aircraft,G2-B_aircraft-02,U06,existing
P1_2346_5,G3,B_aircraft,G3-B_aircraft-01,NEW-B_aircraft-01,procurement_required
P1_2346_5,G3,B_aircraft,G3-B_aircraft-02,NEW-B_aircraft-02,procurement_required
P1_2346_5,G1,C_aircraft,G1-C_aircraft-01,U07,existing
P1_2346_5,G1,C_aircraft,G1-C_aircraft-02,U08,existing
P1_2346_5,G2,C_aircraft,G2-C_aircraft-01,NEW-C_aircraft-01,procurement_required
P1_2346_5,G2,C_aircraft,G2-C_aircraft-02,NEW-C_aircraft-02,procurement_required
P1_2346_5,G1,A_batteries,G1-A_batteries-01,A01,existing
P1_2346_5,G2,A_batteries,G2-A_batteries-01,A02,existing
P1_2346_5,G2,A_batteries,G2-A_batteries-02,A03,existing
P1_2346_5,G2,A_batteries,G2-A_batteries-03,A04,existing
P1_2346_5,G2,A_batteries,G2-A_batteries-04,A05,existing
P1_2346_5,G2,A_batteries,G2-A_batteries-05,A06,existing
P1_2346_5,G2,B_batteries,G2-B_batteries-01,B01,existing
P1_2346_5,G2,B_batteries,G2-B_batteries-02,B02,existing
P1_2346_5,G2,B_batteries,G2-B_batteries-03,B03,existing
P1_2346_5,G2,B_batteries,G2-B_batteries-04,B04,existing
P1_2346_5,G3,B_batteries,G3-B_batteries-01,NEW-B_batteries-01,procurement_required
P1_2346_5,G3,B_batteries,G3-B_batteries-02,NEW-B_batteries-02,procurement_required
P1_2346_5,G3,B_batteries,G3-B_batteries-03,NEW-B_batteries-03,procurement_required
P1_2346_5,G3,B_batteries,G3-B_batteries-04,NEW-B_batteries-04,procurement_required
P1_2346_5,G1,C_batteries,G1-C_batteries-01,C01,existing
P1_2346_5,G1,C_batteries,G1-C_batteries-02,C02,existing
P1_2346_5,G2,C_batteries,G2-C_batteries-01,C03,existing
P1_2346_5,G2,C_batteries,G2-C_batteries-02,C04,existing
P1_2346_5,G2,C_batteries,G2-C_batteries-03,NEW-C_batteries-01,procurement_required
P1_2346_5,G2,C_batteries,G2-C_batteries-04,NEW-C_batteries-02,procurement_required
P1_2346_5,G2,relay_aircraft,G2-relay_aircraft-01,R01,existing
P1_2346_5,G2,relay_aircraft,G2-relay_aircraft-02,R02,existing
P1_2346_5,G3,relay_aircraft,G3-relay_aircraft-01,NEW-relay_aircraft-01,procurement_required
P1_2346_5,G2,relay_components,G2-relay_components-01,RE01,existing
P1_2346_5,G2,relay_components,G2-relay_components-02,RE02,existing
P1_2346_5,G3,relay_components,G3-relay_components-01,RE03,existing
P1_234_56,G1,A_aircraft,G1-A_aircraft-01,U01,existing
P1_234_56,G2,A_aircraft,G2-A_aircraft-01,U02,existing
P1_234_56,G2,A_aircraft,G2-A_aircraft-02,U03,existing
P1_234_56,G2,A_aircraft,G2-A_aircraft-03,U04,existing
P1_234_56,G2,A_aircraft,G2-A_aircraft-04,NEW-A_aircraft-01,procurement_required
P1_234_56,G2,B_aircraft,G2-B_aircraft-01,U05,existing
P1_234_56,G2,B_aircraft,G2-B_aircraft-02,U06,existing
P1_234_56,G3,B_aircraft,G3-B_aircraft-01,NEW-B_aircraft-01,procurement_required
P1_234_56,G3,B_aircraft,G3-B_aircraft-02,NEW-B_aircraft-02,procurement_required
P1_234_56,G1,C_aircraft,G1-C_aircraft-01,U07,existing
P1_234_56,G1,C_aircraft,G1-C_aircraft-02,U08,existing
P1_234_56,G2,C_aircraft,G2-C_aircraft-01,NEW-C_aircraft-01,procurement_required
P1_234_56,G2,C_aircraft,G2-C_aircraft-02,NEW-C_aircraft-02,procurement_required
P1_234_56,G1,A_batteries,G1-A_batteries-01,A01,existing
P1_234_56,G2,A_batteries,G2-A_batteries-01,A02,existing
P1_234_56,G2,A_batteries,G2-A_batteries-02,A03,existing
P1_234_56,G2,A_batteries,G2-A_batteries-03,A04,existing
P1_234_56,G2,A_batteries,G2-A_batteries-04,A05,existing
P1_234_56,G2,A_batteries,G2-A_batteries-05,A06,existing
P1_234_56,G2,B_batteries,G2-B_batteries-01,B01,existing
P1_234_56,G2,B_batteries,G2-B_batteries-02,B02,existing
P1_234_56,G2,B_batteries,G2-B_batteries-03,B03,existing
P1_234_56,G3,B_batteries,G3-B_batteries-01,B04,existing
P1_234_56,G3,B_batteries,G3-B_batteries-02,NEW-B_batteries-01,procurement_required
P1_234_56,G3,B_batteries,G3-B_batteries-03,NEW-B_batteries-02,procurement_required
P1_234_56,G3,B_batteries,G3-B_batteries-04,NEW-B_batteries-03,procurement_required
P1_234_56,G1,C_batteries,G1-C_batteries-01,C01,existing
P1_234_56,G1,C_batteries,G1-C_batteries-02,C02,existing
P1_234_56,G2,C_batteries,G2-C_batteries-01,C03,existing
P1_234_56,G2,C_batteries,G2-C_batteries-02,C04,existing
P1_234_56,G2,C_batteries,G2-C_batteries-03,NEW-C_batteries-01,procurement_required
P1_234_56,G2,C_batteries,G2-C_batteries-04,NEW-C_batteries-02,procurement_required
P1_234_56,G2,relay_aircraft,G2-relay_aircraft-01,R01,existing
P1_234_56,G2,relay_aircraft,G2-relay_aircraft-02,R02,existing
P1_234_56,G3,relay_aircraft,G3-relay_aircraft-01,NEW-relay_aircraft-01,procurement_required
P1_234_56,G2,relay_components,G2-relay_components-01,RE01,existing
P1_234_56,G2,relay_components,G2-relay_components-02,RE02,existing
P1_234_56,G3,relay_components,G3-relay_components-01,RE03,existing
P1_2356_4,G1,A_aircraft,G1-A_aircraft-01,U01,existing
P1_2356_4,G2,A_aircraft,G2-A_aircraft-01,U02,existing
P1_2356_4,G2,A_aircraft,G2-A_aircraft-02,U03,existing
P1_2356_4,G2,A_aircraft,G2-A_aircraft-03,U04,existing
P1_2356_4,G2,A_aircraft,G2-A_aircraft-04,NEW-A_aircraft-01,procurement_required
P1_2356_4,G3,A_aircraft,G3-A_aircraft-01,NEW-A_aircraft-02,procurement_required
P1_2356_4,G2,B_aircraft,G2-B_aircraft-01,U05,existing
P1_2356_4,G2,B_aircraft,G2-B_aircraft-02,U06,existing
P1_2356_4,G1,C_aircraft,G1-C_aircraft-01,U07,existing
P1_2356_4,G1,C_aircraft,G1-C_aircraft-02,U08,existing
P1_2356_4,G2,C_aircraft,G2-C_aircraft-01,NEW-C_aircraft-01,procurement_required
P1_2356_4,G2,C_aircraft,G2-C_aircraft-02,NEW-C_aircraft-02,procurement_required
P1_2356_4,G3,C_aircraft,G3-C_aircraft-01,NEW-C_aircraft-03,procurement_required
P1_2356_4,G1,A_batteries,G1-A_batteries-01,A01,existing
P1_2356_4,G2,A_batteries,G2-A_batteries-01,A02,existing
P1_2356_4,G2,A_batteries,G2-A_batteries-02,A03,existing
P1_2356_4,G2,A_batteries,G2-A_batteries-03,A04,existing
P1_2356_4,G2,A_batteries,G2-A_batteries-04,A05,existing
P1_2356_4,G2,A_batteries,G2-A_batteries-05,A06,existing
P1_2356_4,G3,A_batteries,G3-A_batteries-01,NEW-A_batteries-01,procurement_required
P1_2356_4,G2,B_batteries,G2-B_batteries-01,B01,existing
P1_2356_4,G2,B_batteries,G2-B_batteries-02,B02,existing
P1_2356_4,G2,B_batteries,G2-B_batteries-03,B03,existing
P1_2356_4,G2,B_batteries,G2-B_batteries-04,B04,existing
P1_2356_4,G1,C_batteries,G1-C_batteries-01,C01,existing
P1_2356_4,G1,C_batteries,G1-C_batteries-02,C02,existing
P1_2356_4,G2,C_batteries,G2-C_batteries-01,C03,existing
P1_2356_4,G2,C_batteries,G2-C_batteries-02,C04,existing
P1_2356_4,G2,C_batteries,G2-C_batteries-03,NEW-C_batteries-01,procurement_required
P1_2356_4,G2,C_batteries,G2-C_batteries-04,NEW-C_batteries-02,procurement_required
P1_2356_4,G3,C_batteries,G3-C_batteries-01,NEW-C_batteries-03,procurement_required
P1_2356_4,G2,relay_aircraft,G2-relay_aircraft-01,R01,existing
P1_2356_4,G2,relay_aircraft,G2-relay_aircraft-02,R02,existing
P1_2356_4,G2,relay_components,G2-relay_components-01,RE01,existing
P1_2356_4,G2,relay_components,G2-relay_components-02,RE02,existing
P1_2356_4,G2,relay_components,G2-relay_components-03,RE03,existing
P1_235_46,G1,A_aircraft,G1-A_aircraft-01,U01,existing
P1_235_46,G2,A_aircraft,G2-A_aircraft-01,U02,existing
P1_235_46,G2,A_aircraft,G2-A_aircraft-02,U03,existing
P1_235_46,G2,A_aircraft,G2-A_aircraft-03,U04,existing
P1_235_46,G2,A_aircraft,G2-A_aircraft-04,NEW-A_aircraft-01,procurement_required
P1_235_46,G3,A_aircraft,G3-A_aircraft-01,NEW-A_aircraft-02,procurement_required
P1_235_46,G2,B_aircraft,G2-B_aircraft-01,U05,existing
P1_235_46,G2,B_aircraft,G2-B_aircraft-02,U06,existing
P1_235_46,G3,B_aircraft,G3-B_aircraft-01,NEW-B_aircraft-01,procurement_required
P1_235_46,G1,C_aircraft,G1-C_aircraft-01,U07,existing
P1_235_46,G1,C_aircraft,G1-C_aircraft-02,U08,existing
P1_235_46,G2,C_aircraft,G2-C_aircraft-01,NEW-C_aircraft-01,procurement_required
P1_235_46,G2,C_aircraft,G2-C_aircraft-02,NEW-C_aircraft-02,procurement_required
P1_235_46,G3,C_aircraft,G3-C_aircraft-01,NEW-C_aircraft-03,procurement_required
P1_235_46,G1,A_batteries,G1-A_batteries-01,A01,existing
P1_235_46,G2,A_batteries,G2-A_batteries-01,A02,existing
P1_235_46,G2,A_batteries,G2-A_batteries-02,A03,existing
P1_235_46,G2,A_batteries,G2-A_batteries-03,A04,existing
P1_235_46,G2,A_batteries,G2-A_batteries-04,A05,existing
P1_235_46,G2,A_batteries,G2-A_batteries-05,A06,existing
P1_235_46,G3,A_batteries,G3-A_batteries-01,NEW-A_batteries-01,procurement_required
P1_235_46,G2,B_batteries,G2-B_batteries-01,B01,existing
P1_235_46,G2,B_batteries,G2-B_batteries-02,B02,existing
P1_235_46,G2,B_batteries,G2-B_batteries-03,B03,existing
P1_235_46,G2,B_batteries,G2-B_batteries-04,B04,existing
P1_235_46,G3,B_batteries,G3-B_batteries-01,NEW-B_batteries-01,procurement_required
P1_235_46,G1,C_batteries,G1-C_batteries-01,C01,existing
P1_235_46,G1,C_batteries,G1-C_batteries-02,C02,existing
P1_235_46,G2,C_batteries,G2-C_batteries-01,C03,existing
P1_235_46,G2,C_batteries,G2-C_batteries-02,C04,existing
P1_235_46,G2,C_batteries,G2-C_batteries-03,NEW-C_batteries-01,procurement_required
P1_235_46,G2,C_batteries,G2-C_batteries-04,NEW-C_batteries-02,procurement_required
P1_235_46,G3,C_batteries,G3-C_batteries-01,NEW-C_batteries-03,procurement_required
P1_235_46,G2,relay_aircraft,G2-relay_aircraft-01,R01,existing
P1_235_46,G2,relay_aircraft,G2-relay_aircraft-02,R02,existing
P1_235_46,G2,relay_components,G2-relay_components-01,RE01,existing
P1_235_46,G2,relay_components,G2-relay_components-02,RE02,existing
P1_235_46,G2,relay_components,G2-relay_components-03,RE03,existing
P1_236_45,G1,A_aircraft,G1-A_aircraft-01,U01,existing
P1_236_45,G2,A_aircraft,G2-A_aircraft-01,U02,existing
P1_236_45,G2,A_aircraft,G2-A_aircraft-02,U03,existing
P1_236_45,G2,A_aircraft,G2-A_aircraft-03,U04,existing
P1_236_45,G2,A_aircraft,G2-A_aircraft-04,NEW-A_aircraft-01,procurement_required
P1_236_45,G3,A_aircraft,G3-A_aircraft-01,NEW-A_aircraft-02,procurement_required
P1_236_45,G2,B_aircraft,G2-B_aircraft-01,U05,existing
P1_236_45,G2,B_aircraft,G2-B_aircraft-02,U06,existing
P1_236_45,G3,B_aircraft,G3-B_aircraft-01,NEW-B_aircraft-01,procurement_required
P1_236_45,G3,B_aircraft,G3-B_aircraft-02,NEW-B_aircraft-02,procurement_required
P1_236_45,G1,C_aircraft,G1-C_aircraft-01,U07,existing
P1_236_45,G1,C_aircraft,G1-C_aircraft-02,U08,existing
P1_236_45,G2,C_aircraft,G2-C_aircraft-01,NEW-C_aircraft-01,procurement_required
P1_236_45,G2,C_aircraft,G2-C_aircraft-02,NEW-C_aircraft-02,procurement_required
P1_236_45,G3,C_aircraft,G3-C_aircraft-01,NEW-C_aircraft-03,procurement_required
P1_236_45,G1,A_batteries,G1-A_batteries-01,A01,existing
P1_236_45,G2,A_batteries,G2-A_batteries-01,A02,existing
P1_236_45,G2,A_batteries,G2-A_batteries-02,A03,existing
P1_236_45,G2,A_batteries,G2-A_batteries-03,A04,existing
P1_236_45,G2,A_batteries,G2-A_batteries-04,A05,existing
P1_236_45,G2,A_batteries,G2-A_batteries-05,A06,existing
P1_236_45,G3,A_batteries,G3-A_batteries-01,NEW-A_batteries-01,procurement_required
P1_236_45,G2,B_batteries,G2-B_batteries-01,B01,existing
P1_236_45,G2,B_batteries,G2-B_batteries-02,B02,existing
P1_236_45,G2,B_batteries,G2-B_batteries-03,B03,existing
P1_236_45,G2,B_batteries,G2-B_batteries-04,B04,existing
P1_236_45,G3,B_batteries,G3-B_batteries-01,NEW-B_batteries-01,procurement_required
P1_236_45,G3,B_batteries,G3-B_batteries-02,NEW-B_batteries-02,procurement_required
P1_236_45,G3,B_batteries,G3-B_batteries-03,NEW-B_batteries-03,procurement_required
P1_236_45,G3,B_batteries,G3-B_batteries-04,NEW-B_batteries-04,procurement_required
P1_236_45,G1,C_batteries,G1-C_batteries-01,C01,existing
P1_236_45,G1,C_batteries,G1-C_batteries-02,C02,existing
P1_236_45,G2,C_batteries,G2-C_batteries-01,C03,existing
P1_236_45,G2,C_batteries,G2-C_batteries-02,C04,existing
P1_236_45,G2,C_batteries,G2-C_batteries-03,NEW-C_batteries-01,procurement_required
P1_236_45,G2,C_batteries,G2-C_batteries-04,NEW-C_batteries-02,procurement_required
P1_236_45,G3,C_batteries,G3-C_batteries-01,NEW-C_batteries-03,procurement_required
P1_236_45,G2,relay_aircraft,G2-relay_aircraft-01,R01,existing
P1_236_45,G2,relay_aircraft,G2-relay_aircraft-02,R02,existing
P1_236_45,G3,relay_aircraft,G3-relay_aircraft-01,NEW-relay_aircraft-01,procurement_required
P1_236_45,G2,relay_components,G2-relay_components-01,RE01,existing
P1_236_45,G2,relay_components,G2-relay_components-02,RE02,existing
P1_236_45,G3,relay_components,G3-relay_components-01,RE03,existing
P1_23_456,G1,A_aircraft,G1-A_aircraft-01,U01,existing
P1_23_456,G2,A_aircraft,G2-A_aircraft-01,U02,existing
P1_23_456,G2,A_aircraft,G2-A_aircraft-02,U03,existing
P1_23_456,G2,A_aircraft,G2-A_aircraft-03,U04,existing
P1_23_456,G2,A_aircraft,G2-A_aircraft-04,NEW-A_aircraft-01,procurement_required
P1_23_456,G3,A_aircraft,G3-A_aircraft-01,NEW-A_aircraft-02,procurement_required
P1_23_456,G2,B_aircraft,G2-B_aircraft-01,U05,existing
P1_23_456,G2,B_aircraft,G2-B_aircraft-02,U06,existing
P1_23_456,G3,B_aircraft,G3-B_aircraft-01,NEW-B_aircraft-01,procurement_required
P1_23_456,G3,B_aircraft,G3-B_aircraft-02,NEW-B_aircraft-02,procurement_required
P1_23_456,G1,C_aircraft,G1-C_aircraft-01,U07,existing
P1_23_456,G1,C_aircraft,G1-C_aircraft-02,U08,existing
P1_23_456,G2,C_aircraft,G2-C_aircraft-01,NEW-C_aircraft-01,procurement_required
P1_23_456,G2,C_aircraft,G2-C_aircraft-02,NEW-C_aircraft-02,procurement_required
P1_23_456,G3,C_aircraft,G3-C_aircraft-01,NEW-C_aircraft-03,procurement_required
P1_23_456,G1,A_batteries,G1-A_batteries-01,A01,existing
P1_23_456,G2,A_batteries,G2-A_batteries-01,A02,existing
P1_23_456,G2,A_batteries,G2-A_batteries-02,A03,existing
P1_23_456,G2,A_batteries,G2-A_batteries-03,A04,existing
P1_23_456,G2,A_batteries,G2-A_batteries-04,A05,existing
P1_23_456,G2,A_batteries,G2-A_batteries-05,A06,existing
P1_23_456,G3,A_batteries,G3-A_batteries-01,NEW-A_batteries-01,procurement_required
P1_23_456,G2,B_batteries,G2-B_batteries-01,B01,existing
P1_23_456,G2,B_batteries,G2-B_batteries-02,B02,existing
P1_23_456,G2,B_batteries,G2-B_batteries-03,B03,existing
P1_23_456,G3,B_batteries,G3-B_batteries-01,B04,existing
P1_23_456,G3,B_batteries,G3-B_batteries-02,NEW-B_batteries-01,procurement_required
P1_23_456,G3,B_batteries,G3-B_batteries-03,NEW-B_batteries-02,procurement_required
P1_23_456,G3,B_batteries,G3-B_batteries-04,NEW-B_batteries-03,procurement_required
P1_23_456,G1,C_batteries,G1-C_batteries-01,C01,existing
P1_23_456,G1,C_batteries,G1-C_batteries-02,C02,existing
P1_23_456,G2,C_batteries,G2-C_batteries-01,C03,existing
P1_23_456,G2,C_batteries,G2-C_batteries-02,C04,existing
P1_23_456,G2,C_batteries,G2-C_batteries-03,NEW-C_batteries-01,procurement_required
P1_23_456,G2,C_batteries,G2-C_batteries-04,NEW-C_batteries-02,procurement_required
P1_23_456,G3,C_batteries,G3-C_batteries-01,NEW-C_batteries-03,procurement_required
P1_23_456,G2,relay_aircraft,G2-relay_aircraft-01,R01,existing
P1_23_456,G2,relay_aircraft,G2-relay_aircraft-02,R02,existing
P1_23_456,G3,relay_aircraft,G3-relay_aircraft-01,NEW-relay_aircraft-01,procurement_required
P1_23_456,G2,relay_components,G2-relay_components-01,RE01,existing
P1_23_456,G2,relay_components,G2-relay_components-02,RE02,existing
P1_23_456,G3,relay_components,G3-relay_components-01,RE03,existing
P1_2456_3,G1,A_aircraft,G1-A_aircraft-01,U01,existing
P1_2456_3,G2,A_aircraft,G2-A_aircraft-01,U02,existing
P1_2456_3,G3,A_aircraft,G3-A_aircraft-01,U03,existing
P1_2456_3,G3,A_aircraft,G3-A_aircraft-02,U04,existing
P1_2456_3,G3,A_aircraft,G3-A_aircraft-03,NEW-A_aircraft-01,procurement_required
P1_2456_3,G3,A_aircraft,G3-A_aircraft-04,NEW-A_aircraft-02,procurement_required
P1_2456_3,G2,B_aircraft,G2-B_aircraft-01,U05,existing
P1_2456_3,G2,B_aircraft,G2-B_aircraft-02,U06,existing
P1_2456_3,G3,B_aircraft,G3-B_aircraft-01,NEW-B_aircraft-01,procurement_required
P1_2456_3,G1,C_aircraft,G1-C_aircraft-01,U07,existing
P1_2456_3,G1,C_aircraft,G1-C_aircraft-02,U08,existing
P1_2456_3,G2,C_aircraft,G2-C_aircraft-01,NEW-C_aircraft-01,procurement_required
P1_2456_3,G2,C_aircraft,G2-C_aircraft-02,NEW-C_aircraft-02,procurement_required
P1_2456_3,G3,C_aircraft,G3-C_aircraft-01,NEW-C_aircraft-03,procurement_required
P1_2456_3,G1,A_batteries,G1-A_batteries-01,A01,existing
P1_2456_3,G2,A_batteries,G2-A_batteries-01,A02,existing
P1_2456_3,G2,A_batteries,G2-A_batteries-02,A03,existing
P1_2456_3,G3,A_batteries,G3-A_batteries-01,A04,existing
P1_2456_3,G3,A_batteries,G3-A_batteries-02,A05,existing
P1_2456_3,G3,A_batteries,G3-A_batteries-03,A06,existing
P1_2456_3,G3,A_batteries,G3-A_batteries-04,NEW-A_batteries-01,procurement_required
P1_2456_3,G2,B_batteries,G2-B_batteries-01,B01,existing
P1_2456_3,G2,B_batteries,G2-B_batteries-02,B02,existing
P1_2456_3,G2,B_batteries,G2-B_batteries-03,B03,existing
P1_2456_3,G2,B_batteries,G2-B_batteries-04,B04,existing
P1_2456_3,G3,B_batteries,G3-B_batteries-01,NEW-B_batteries-01,procurement_required
P1_2456_3,G1,C_batteries,G1-C_batteries-01,C01,existing
P1_2456_3,G1,C_batteries,G1-C_batteries-02,C02,existing
P1_2456_3,G2,C_batteries,G2-C_batteries-01,C03,existing
P1_2456_3,G2,C_batteries,G2-C_batteries-02,C04,existing
P1_2456_3,G2,C_batteries,G2-C_batteries-03,NEW-C_batteries-01,procurement_required
P1_2456_3,G3,C_batteries,G3-C_batteries-01,NEW-C_batteries-02,procurement_required
P1_2456_3,G2,relay_aircraft,G2-relay_aircraft-01,R01,existing
P1_2456_3,G2,relay_aircraft,G2-relay_aircraft-02,R02,existing
P1_2456_3,G3,relay_aircraft,G3-relay_aircraft-01,NEW-relay_aircraft-01,procurement_required
P1_2456_3,G2,relay_components,G2-relay_components-01,RE01,existing
P1_2456_3,G2,relay_components,G2-relay_components-02,RE02,existing
P1_2456_3,G3,relay_components,G3-relay_components-01,RE03,existing
P1_245_36,G1,A_aircraft,G1-A_aircraft-01,U01,existing
P1_245_36,G2,A_aircraft,G2-A_aircraft-01,U02,existing
P1_245_36,G3,A_aircraft,G3-A_aircraft-01,U03,existing
P1_245_36,G3,A_aircraft,G3-A_aircraft-02,U04,existing
P1_245_36,G3,A_aircraft,G3-A_aircraft-03,NEW-A_aircraft-01,procurement_required
P1_245_36,G3,A_aircraft,G3-A_aircraft-04,NEW-A_aircraft-02,procurement_required
P1_245_36,G2,B_aircraft,G2-B_aircraft-01,U05,existing
P1_245_36,G2,B_aircraft,G2-B_aircraft-02,U06,existing
P1_245_36,G3,B_aircraft,G3-B_aircraft-01,NEW-B_aircraft-01,procurement_required
P1_245_36,G1,C_aircraft,G1-C_aircraft-01,U07,existing
P1_245_36,G1,C_aircraft,G1-C_aircraft-02,U08,existing
P1_245_36,G2,C_aircraft,G2-C_aircraft-01,NEW-C_aircraft-01,procurement_required
P1_245_36,G2,C_aircraft,G2-C_aircraft-02,NEW-C_aircraft-02,procurement_required
P1_245_36,G3,C_aircraft,G3-C_aircraft-01,NEW-C_aircraft-03,procurement_required
P1_245_36,G1,A_batteries,G1-A_batteries-01,A01,existing
P1_245_36,G2,A_batteries,G2-A_batteries-01,A02,existing
P1_245_36,G2,A_batteries,G2-A_batteries-02,A03,existing
P1_245_36,G3,A_batteries,G3-A_batteries-01,A04,existing
P1_245_36,G3,A_batteries,G3-A_batteries-02,A05,existing
P1_245_36,G3,A_batteries,G3-A_batteries-03,A06,existing
P1_245_36,G3,A_batteries,G3-A_batteries-04,NEW-A_batteries-01,procurement_required
P1_245_36,G2,B_batteries,G2-B_batteries-01,B01,existing
P1_245_36,G2,B_batteries,G2-B_batteries-02,B02,existing
P1_245_36,G2,B_batteries,G2-B_batteries-03,B03,existing
P1_245_36,G2,B_batteries,G2-B_batteries-04,B04,existing
P1_245_36,G3,B_batteries,G3-B_batteries-01,NEW-B_batteries-01,procurement_required
P1_245_36,G3,B_batteries,G3-B_batteries-02,NEW-B_batteries-02,procurement_required
P1_245_36,G1,C_batteries,G1-C_batteries-01,C01,existing
P1_245_36,G1,C_batteries,G1-C_batteries-02,C02,existing
P1_245_36,G2,C_batteries,G2-C_batteries-01,C03,existing
P1_245_36,G2,C_batteries,G2-C_batteries-02,C04,existing
P1_245_36,G2,C_batteries,G2-C_batteries-03,NEW-C_batteries-01,procurement_required
P1_245_36,G3,C_batteries,G3-C_batteries-01,NEW-C_batteries-02,procurement_required
P1_245_36,G2,relay_aircraft,G2-relay_aircraft-01,R01,existing
P1_245_36,G2,relay_aircraft,G2-relay_aircraft-02,R02,existing
P1_245_36,G3,relay_aircraft,G3-relay_aircraft-01,NEW-relay_aircraft-01,procurement_required
P1_245_36,G2,relay_components,G2-relay_components-01,RE01,existing
P1_245_36,G2,relay_components,G2-relay_components-02,RE02,existing
P1_245_36,G3,relay_components,G3-relay_components-01,RE03,existing
P1_246_35,G1,A_aircraft,G1-A_aircraft-01,U01,existing
P1_246_35,G2,A_aircraft,G2-A_aircraft-01,U02,existing
P1_246_35,G3,A_aircraft,G3-A_aircraft-01,U03,existing
P1_246_35,G3,A_aircraft,G3-A_aircraft-02,U04,existing
P1_246_35,G3,A_aircraft,G3-A_aircraft-03,NEW-A_aircraft-01,procurement_required
P1_246_35,G3,A_aircraft,G3-A_aircraft-04,NEW-A_aircraft-02,procurement_required
P1_246_35,G2,B_aircraft,G2-B_aircraft-01,U05,existing
P1_246_35,G2,B_aircraft,G2-B_aircraft-02,U06,existing
P1_246_35,G3,B_aircraft,G3-B_aircraft-01,NEW-B_aircraft-01,procurement_required
P1_246_35,G3,B_aircraft,G3-B_aircraft-02,NEW-B_aircraft-02,procurement_required
P1_246_35,G1,C_aircraft,G1-C_aircraft-01,U07,existing
P1_246_35,G1,C_aircraft,G1-C_aircraft-02,U08,existing
P1_246_35,G2,C_aircraft,G2-C_aircraft-01,NEW-C_aircraft-01,procurement_required
P1_246_35,G2,C_aircraft,G2-C_aircraft-02,NEW-C_aircraft-02,procurement_required
P1_246_35,G3,C_aircraft,G3-C_aircraft-01,NEW-C_aircraft-03,procurement_required
P1_246_35,G1,A_batteries,G1-A_batteries-01,A01,existing
P1_246_35,G2,A_batteries,G2-A_batteries-01,A02,existing
P1_246_35,G2,A_batteries,G2-A_batteries-02,A03,existing
P1_246_35,G3,A_batteries,G3-A_batteries-01,A04,existing
P1_246_35,G3,A_batteries,G3-A_batteries-02,A05,existing
P1_246_35,G3,A_batteries,G3-A_batteries-03,A06,existing
P1_246_35,G3,A_batteries,G3-A_batteries-04,NEW-A_batteries-01,procurement_required
P1_246_35,G2,B_batteries,G2-B_batteries-01,B01,existing
P1_246_35,G2,B_batteries,G2-B_batteries-02,B02,existing
P1_246_35,G2,B_batteries,G2-B_batteries-03,B03,existing
P1_246_35,G3,B_batteries,G3-B_batteries-01,B04,existing
P1_246_35,G3,B_batteries,G3-B_batteries-02,NEW-B_batteries-01,procurement_required
P1_246_35,G3,B_batteries,G3-B_batteries-03,NEW-B_batteries-02,procurement_required
P1_246_35,G3,B_batteries,G3-B_batteries-04,NEW-B_batteries-03,procurement_required
P1_246_35,G1,C_batteries,G1-C_batteries-01,C01,existing
P1_246_35,G1,C_batteries,G1-C_batteries-02,C02,existing
P1_246_35,G2,C_batteries,G2-C_batteries-01,C03,existing
P1_246_35,G2,C_batteries,G2-C_batteries-02,C04,existing
P1_246_35,G2,C_batteries,G2-C_batteries-03,NEW-C_batteries-01,procurement_required
P1_246_35,G3,C_batteries,G3-C_batteries-01,NEW-C_batteries-02,procurement_required
P1_246_35,G2,relay_aircraft,G2-relay_aircraft-01,R01,existing
P1_246_35,G3,relay_aircraft,G3-relay_aircraft-01,R02,existing
P1_246_35,G3,relay_aircraft,G3-relay_aircraft-02,NEW-relay_aircraft-01,procurement_required
P1_246_35,G2,relay_components,G2-relay_components-01,RE01,existing
P1_246_35,G3,relay_components,G3-relay_components-01,RE02,existing
P1_246_35,G3,relay_components,G3-relay_components-02,RE03,existing
P1_24_356,G1,A_aircraft,G1-A_aircraft-01,U01,existing
P1_24_356,G2,A_aircraft,G2-A_aircraft-01,U02,existing
P1_24_356,G3,A_aircraft,G3-A_aircraft-01,U03,existing
P1_24_356,G3,A_aircraft,G3-A_aircraft-02,U04,existing
P1_24_356,G3,A_aircraft,G3-A_aircraft-03,NEW-A_aircraft-01,procurement_required
P1_24_356,G3,A_aircraft,G3-A_aircraft-04,NEW-A_aircraft-02,procurement_required
P1_24_356,G2,B_aircraft,G2-B_aircraft-01,U05,existing
P1_24_356,G3,B_aircraft,G3-B_aircraft-01,U06,existing
P1_24_356,G3,B_aircraft,G3-B_aircraft-02,NEW-B_aircraft-01,procurement_required
P1_24_356,G1,C_aircraft,G1-C_aircraft-01,U07,existing
P1_24_356,G1,C_aircraft,G1-C_aircraft-02,U08,existing
P1_24_356,G2,C_aircraft,G2-C_aircraft-01,NEW-C_aircraft-01,procurement_required
P1_24_356,G2,C_aircraft,G2-C_aircraft-02,NEW-C_aircraft-02,procurement_required
P1_24_356,G3,C_aircraft,G3-C_aircraft-01,NEW-C_aircraft-03,procurement_required
P1_24_356,G1,A_batteries,G1-A_batteries-01,A01,existing
P1_24_356,G2,A_batteries,G2-A_batteries-01,A02,existing
P1_24_356,G2,A_batteries,G2-A_batteries-02,A03,existing
P1_24_356,G3,A_batteries,G3-A_batteries-01,A04,existing
P1_24_356,G3,A_batteries,G3-A_batteries-02,A05,existing
P1_24_356,G3,A_batteries,G3-A_batteries-03,A06,existing
P1_24_356,G3,A_batteries,G3-A_batteries-04,NEW-A_batteries-01,procurement_required
P1_24_356,G2,B_batteries,G2-B_batteries-01,B01,existing
P1_24_356,G2,B_batteries,G2-B_batteries-02,B02,existing
P1_24_356,G3,B_batteries,G3-B_batteries-01,B03,existing
P1_24_356,G3,B_batteries,G3-B_batteries-02,B04,existing
P1_24_356,G3,B_batteries,G3-B_batteries-03,NEW-B_batteries-01,procurement_required
P1_24_356,G3,B_batteries,G3-B_batteries-04,NEW-B_batteries-02,procurement_required
P1_24_356,G1,C_batteries,G1-C_batteries-01,C01,existing
P1_24_356,G1,C_batteries,G1-C_batteries-02,C02,existing
P1_24_356,G2,C_batteries,G2-C_batteries-01,C03,existing
P1_24_356,G2,C_batteries,G2-C_batteries-02,C04,existing
P1_24_356,G2,C_batteries,G2-C_batteries-03,NEW-C_batteries-01,procurement_required
P1_24_356,G3,C_batteries,G3-C_batteries-01,NEW-C_batteries-02,procurement_required
P1_24_356,G2,relay_aircraft,G2-relay_aircraft-01,R01,existing
P1_24_356,G3,relay_aircraft,G3-relay_aircraft-01,R02,existing
P1_24_356,G3,relay_aircraft,G3-relay_aircraft-02,NEW-relay_aircraft-01,procurement_required
P1_24_356,G2,relay_components,G2-relay_components-01,RE01,existing
P1_24_356,G3,relay_components,G3-relay_components-01,RE02,existing
P1_24_356,G3,relay_components,G3-relay_components-02,RE03,existing
P1_256_34,G1,A_aircraft,G1-A_aircraft-01,U01,existing
P1_256_34,G2,A_aircraft,G2-A_aircraft-01,U02,existing
P1_256_34,G3,A_aircraft,G3-A_aircraft-01,U03,existing
P1_256_34,G3,A_aircraft,G3-A_aircraft-02,U04,existing
P1_256_34,G3,A_aircraft,G3-A_aircraft-03,NEW-A_aircraft-01,procurement_required
P1_256_34,G3,A_aircraft,G3-A_aircraft-04,NEW-A_aircraft-02,procurement_required
P1_256_34,G2,B_aircraft,G2-B_aircraft-01,U05,existing
P1_256_34,G2,B_aircraft,G2-B_aircraft-02,U06,existing
P1_256_34,G3,B_aircraft,G3-B_aircraft-01,NEW-B_aircraft-01,procurement_required
P1_256_34,G1,C_aircraft,G1-C_aircraft-01,U07,existing
P1_256_34,G1,C_aircraft,G1-C_aircraft-02,U08,existing
P1_256_34,G2,C_aircraft,G2-C_aircraft-01,NEW-C_aircraft-01,procurement_required
P1_256_34,G2,C_aircraft,G2-C_aircraft-02,NEW-C_aircraft-02,procurement_required
P1_256_34,G3,C_aircraft,G3-C_aircraft-01,NEW-C_aircraft-03,procurement_required
P1_256_34,G1,A_batteries,G1-A_batteries-01,A01,existing
P1_256_34,G2,A_batteries,G2-A_batteries-01,A02,existing
P1_256_34,G3,A_batteries,G3-A_batteries-01,A03,existing
P1_256_34,G3,A_batteries,G3-A_batteries-02,A04,existing
P1_256_34,G3,A_batteries,G3-A_batteries-03,A05,existing
P1_256_34,G3,A_batteries,G3-A_batteries-04,A06,existing
P1_256_34,G2,B_batteries,G2-B_batteries-01,B01,existing
P1_256_34,G2,B_batteries,G2-B_batteries-02,B02,existing
P1_256_34,G2,B_batteries,G2-B_batteries-03,B03,existing
P1_256_34,G2,B_batteries,G2-B_batteries-04,B04,existing
P1_256_34,G3,B_batteries,G3-B_batteries-01,NEW-B_batteries-01,procurement_required
P1_256_34,G1,C_batteries,G1-C_batteries-01,C01,existing
P1_256_34,G1,C_batteries,G1-C_batteries-02,C02,existing
P1_256_34,G2,C_batteries,G2-C_batteries-01,C03,existing
P1_256_34,G2,C_batteries,G2-C_batteries-02,C04,existing
P1_256_34,G2,C_batteries,G2-C_batteries-03,NEW-C_batteries-01,procurement_required
P1_256_34,G3,C_batteries,G3-C_batteries-01,NEW-C_batteries-02,procurement_required
P1_256_34,G2,relay_aircraft,G2-relay_aircraft-01,R01,existing
P1_256_34,G2,relay_aircraft,G2-relay_aircraft-02,R02,existing
P1_256_34,G3,relay_aircraft,G3-relay_aircraft-01,NEW-relay_aircraft-01,procurement_required
P1_256_34,G2,relay_components,G2-relay_components-01,RE01,existing
P1_256_34,G2,relay_components,G2-relay_components-02,RE02,existing
P1_256_34,G3,relay_components,G3-relay_components-01,RE03,existing
P1_25_346,G1,A_aircraft,G1-A_aircraft-01,U01,existing
P1_25_346,G2,A_aircraft,G2-A_aircraft-01,U02,existing
P1_25_346,G3,A_aircraft,G3-A_aircraft-01,U03,existing
P1_25_346,G3,A_aircraft,G3-A_aircraft-02,U04,existing
P1_25_346,G3,A_aircraft,G3-A_aircraft-03,NEW-A_aircraft-01,procurement_required
P1_25_346,G3,A_aircraft,G3-A_aircraft-04,NEW-A_aircraft-02,procurement_required
P1_25_346,G2,B_aircraft,G2-B_aircraft-01,U05,existing
P1_25_346,G2,B_aircraft,G2-B_aircraft-02,U06,existing
P1_25_346,G3,B_aircraft,G3-B_aircraft-01,NEW-B_aircraft-01,procurement_required
P1_25_346,G1,C_aircraft,G1-C_aircraft-01,U07,existing
P1_25_346,G1,C_aircraft,G1-C_aircraft-02,U08,existing
P1_25_346,G2,C_aircraft,G2-C_aircraft-01,NEW-C_aircraft-01,procurement_required
P1_25_346,G2,C_aircraft,G2-C_aircraft-02,NEW-C_aircraft-02,procurement_required
P1_25_346,G3,C_aircraft,G3-C_aircraft-01,NEW-C_aircraft-03,procurement_required
P1_25_346,G1,A_batteries,G1-A_batteries-01,A01,existing
P1_25_346,G2,A_batteries,G2-A_batteries-01,A02,existing
P1_25_346,G3,A_batteries,G3-A_batteries-01,A03,existing
P1_25_346,G3,A_batteries,G3-A_batteries-02,A04,existing
P1_25_346,G3,A_batteries,G3-A_batteries-03,A05,existing
P1_25_346,G3,A_batteries,G3-A_batteries-04,A06,existing
P1_25_346,G2,B_batteries,G2-B_batteries-01,B01,existing
P1_25_346,G2,B_batteries,G2-B_batteries-02,B02,existing
P1_25_346,G2,B_batteries,G2-B_batteries-03,B03,existing
P1_25_346,G2,B_batteries,G2-B_batteries-04,B04,existing
P1_25_346,G3,B_batteries,G3-B_batteries-01,NEW-B_batteries-01,procurement_required
P1_25_346,G3,B_batteries,G3-B_batteries-02,NEW-B_batteries-02,procurement_required
P1_25_346,G1,C_batteries,G1-C_batteries-01,C01,existing
P1_25_346,G1,C_batteries,G1-C_batteries-02,C02,existing
P1_25_346,G2,C_batteries,G2-C_batteries-01,C03,existing
P1_25_346,G2,C_batteries,G2-C_batteries-02,C04,existing
P1_25_346,G2,C_batteries,G2-C_batteries-03,NEW-C_batteries-01,procurement_required
P1_25_346,G3,C_batteries,G3-C_batteries-01,NEW-C_batteries-02,procurement_required
P1_25_346,G2,relay_aircraft,G2-relay_aircraft-01,R01,existing
P1_25_346,G2,relay_aircraft,G2-relay_aircraft-02,R02,existing
P1_25_346,G3,relay_aircraft,G3-relay_aircraft-01,NEW-relay_aircraft-01,procurement_required
P1_25_346,G2,relay_components,G2-relay_components-01,RE01,existing
P1_25_346,G2,relay_components,G2-relay_components-02,RE02,existing
P1_25_346,G3,relay_components,G3-relay_components-01,RE03,existing
P1_26_345,G1,A_aircraft,G1-A_aircraft-01,U01,existing
P1_26_345,G2,A_aircraft,G2-A_aircraft-01,U02,existing
P1_26_345,G3,A_aircraft,G3-A_aircraft-01,U03,existing
P1_26_345,G3,A_aircraft,G3-A_aircraft-02,U04,existing
P1_26_345,G3,A_aircraft,G3-A_aircraft-03,NEW-A_aircraft-01,procurement_required
P1_26_345,G3,A_aircraft,G3-A_aircraft-04,NEW-A_aircraft-02,procurement_required
P1_26_345,G2,B_aircraft,G2-B_aircraft-01,U05,existing
P1_26_345,G2,B_aircraft,G2-B_aircraft-02,U06,existing
P1_26_345,G3,B_aircraft,G3-B_aircraft-01,NEW-B_aircraft-01,procurement_required
P1_26_345,G3,B_aircraft,G3-B_aircraft-02,NEW-B_aircraft-02,procurement_required
P1_26_345,G1,C_aircraft,G1-C_aircraft-01,U07,existing
P1_26_345,G1,C_aircraft,G1-C_aircraft-02,U08,existing
P1_26_345,G2,C_aircraft,G2-C_aircraft-01,NEW-C_aircraft-01,procurement_required
P1_26_345,G2,C_aircraft,G2-C_aircraft-02,NEW-C_aircraft-02,procurement_required
P1_26_345,G3,C_aircraft,G3-C_aircraft-01,NEW-C_aircraft-03,procurement_required
P1_26_345,G1,A_batteries,G1-A_batteries-01,A01,existing
P1_26_345,G2,A_batteries,G2-A_batteries-01,A02,existing
P1_26_345,G3,A_batteries,G3-A_batteries-01,A03,existing
P1_26_345,G3,A_batteries,G3-A_batteries-02,A04,existing
P1_26_345,G3,A_batteries,G3-A_batteries-03,A05,existing
P1_26_345,G3,A_batteries,G3-A_batteries-04,A06,existing
P1_26_345,G2,B_batteries,G2-B_batteries-01,B01,existing
P1_26_345,G2,B_batteries,G2-B_batteries-02,B02,existing
P1_26_345,G2,B_batteries,G2-B_batteries-03,B03,existing
P1_26_345,G3,B_batteries,G3-B_batteries-01,B04,existing
P1_26_345,G3,B_batteries,G3-B_batteries-02,NEW-B_batteries-01,procurement_required
P1_26_345,G3,B_batteries,G3-B_batteries-03,NEW-B_batteries-02,procurement_required
P1_26_345,G3,B_batteries,G3-B_batteries-04,NEW-B_batteries-03,procurement_required
P1_26_345,G1,C_batteries,G1-C_batteries-01,C01,existing
P1_26_345,G1,C_batteries,G1-C_batteries-02,C02,existing
P1_26_345,G2,C_batteries,G2-C_batteries-01,C03,existing
P1_26_345,G2,C_batteries,G2-C_batteries-02,C04,existing
P1_26_345,G2,C_batteries,G2-C_batteries-03,NEW-C_batteries-01,procurement_required
P1_26_345,G3,C_batteries,G3-C_batteries-01,NEW-C_batteries-02,procurement_required
P1_26_345,G2,relay_aircraft,G2-relay_aircraft-01,R01,existing
P1_26_345,G3,relay_aircraft,G3-relay_aircraft-01,R02,existing
P1_26_345,G3,relay_aircraft,G3-relay_aircraft-02,NEW-relay_aircraft-01,procurement_required
P1_26_345,G2,relay_components,G2-relay_components-01,RE01,existing
P1_26_345,G3,relay_components,G3-relay_components-01,RE02,existing
P1_26_345,G3,relay_components,G3-relay_components-02,RE03,existing
P1_2_3456,G1,A_aircraft,G1-A_aircraft-01,U01,existing
P1_2_3456,G2,A_aircraft,G2-A_aircraft-01,U02,existing
P1_2_3456,G3,A_aircraft,G3-A_aircraft-01,U03,existing
P1_2_3456,G3,A_aircraft,G3-A_aircraft-02,U04,existing
P1_2_3456,G3,A_aircraft,G3-A_aircraft-03,NEW-A_aircraft-01,procurement_required
P1_2_3456,G3,A_aircraft,G3-A_aircraft-04,NEW-A_aircraft-02,procurement_required
P1_2_3456,G2,B_aircraft,G2-B_aircraft-01,U05,existing
P1_2_3456,G3,B_aircraft,G3-B_aircraft-01,U06,existing
P1_2_3456,G3,B_aircraft,G3-B_aircraft-02,NEW-B_aircraft-01,procurement_required
P1_2_3456,G1,C_aircraft,G1-C_aircraft-01,U07,existing
P1_2_3456,G1,C_aircraft,G1-C_aircraft-02,U08,existing
P1_2_3456,G2,C_aircraft,G2-C_aircraft-01,NEW-C_aircraft-01,procurement_required
P1_2_3456,G2,C_aircraft,G2-C_aircraft-02,NEW-C_aircraft-02,procurement_required
P1_2_3456,G3,C_aircraft,G3-C_aircraft-01,NEW-C_aircraft-03,procurement_required
P1_2_3456,G1,A_batteries,G1-A_batteries-01,A01,existing
P1_2_3456,G2,A_batteries,G2-A_batteries-01,A02,existing
P1_2_3456,G3,A_batteries,G3-A_batteries-01,A03,existing
P1_2_3456,G3,A_batteries,G3-A_batteries-02,A04,existing
P1_2_3456,G3,A_batteries,G3-A_batteries-03,A05,existing
P1_2_3456,G3,A_batteries,G3-A_batteries-04,A06,existing
P1_2_3456,G2,B_batteries,G2-B_batteries-01,B01,existing
P1_2_3456,G2,B_batteries,G2-B_batteries-02,B02,existing
P1_2_3456,G3,B_batteries,G3-B_batteries-01,B03,existing
P1_2_3456,G3,B_batteries,G3-B_batteries-02,B04,existing
P1_2_3456,G3,B_batteries,G3-B_batteries-03,NEW-B_batteries-01,procurement_required
P1_2_3456,G3,B_batteries,G3-B_batteries-04,NEW-B_batteries-02,procurement_required
P1_2_3456,G1,C_batteries,G1-C_batteries-01,C01,existing
P1_2_3456,G1,C_batteries,G1-C_batteries-02,C02,existing
P1_2_3456,G2,C_batteries,G2-C_batteries-01,C03,existing
P1_2_3456,G2,C_batteries,G2-C_batteries-02,C04,existing
P1_2_3456,G2,C_batteries,G2-C_batteries-03,NEW-C_batteries-01,procurement_required
P1_2_3456,G3,C_batteries,G3-C_batteries-01,NEW-C_batteries-02,procurement_required
P1_2_3456,G2,relay_aircraft,G2-relay_aircraft-01,R01,existing
P1_2_3456,G3,relay_aircraft,G3-relay_aircraft-01,R02,existing
P1_2_3456,G3,relay_aircraft,G3-relay_aircraft-02,NEW-relay_aircraft-01,procurement_required
P1_2_3456,G2,relay_components,G2-relay_components-01,RE01,existing
P1_2_3456,G3,relay_components,G3-relay_components-01,RE02,existing
P1_2_3456,G3,relay_components,G3-relay_components-02,RE03,existing
